{
  "scenario": "azoarcus_4species",
  "description": "4-species: Cooperative A, Cooperative B, Selfish, Parasitic",
  "species": [
    "Coop-A",
    "Coop-B",
    "Selfish",
    "Parasitic"
  ],
  "fixed_points": [
    {
      "x": [
        5.889656545257413e-13,
        6.664673118790493e-13,
        1.2770312442914504e-05,
        0.9999872296863016
      ],
      "count": 7,
      "sigma": 8.433700107236606e-14,
      "f_mean": 0.10000510853562956,
      "f": [
        0.05000063851851972,
        0.050000638518248465,
        0.10003703390633553,
        0.10000510812799018
      ],
      "eigenvalues": [
        -0.10000510853562956,
        -0.05000447001946216,
        -0.05000447001741425,
        6.385033640913661e-05
      ],
      "max_eigenvalue": 6.385033640913661e-05,
      "stable": false,
      "n_positive_eigs": 1,
      "dominant": 3
    },
    {
      "x": [
        0.0,
        0.0,
        1.0,
        0.0
      ],
      "count": 193,
      "sigma": -1.9091861183340304e-15,
      "f_mean": 3.0,
      "f": [
        0.1,
        0.1,
        3.0,
        0.5
      ],
      "eigenvalues": [
        -3.0,
        -2.9,
        -2.9,
        -2.5
      ],
      "max_eigenvalue": -2.5,
      "stable": true,
      "n_positive_eigs": 0,
      "dominant": 2
    },
    {
      "x": [
        0.5,
        0.5,
        0.0,
        0.0
      ],
      "count": 297,
      "sigma": -3.395830835675872e-15,
      "f_mean": 3.0,
      "f": [
        3.0,
        3.0,
        0.3,
        1.5
      ],
      "eigenvalues": [
        -3.0,
        -2.7,
        -2.5,
        -1.5
      ],
      "max_eigenvalue": -1.5,
      "stable": true,
      "n_positive_eigs": 0,
      "dominant": 0
    }
  ],
  "dynamics": {
    "x_final": [
      0.5000000000004418,
      0.5000000000004418,
      -5.0145516111258e-13,
      -2.6298339713861116e-13
    ],
    "sigma_final": 2.9324404046875037e-15,
    "sigma_trajectory": [
      0.015828527433117467,
      0.0778610488556653,
      0.0052914402455637045,
      0.00024866637301932434,
      1.2253313643410125e-05,
      6.085573453387259e-07,
      3.0250135222323315e-08,
      1.5038166801253906e-09,
      7.479859872722527e-11,
      3.722057494734971e-12,
      1.8675296799994225e-13,
      1.1153416208422985e-14,
      2.9324404046875037e-15,
      2.9324404046875037e-15,
      2.9324404046875037e-15,
      2.9324404046875037e-15,
      2.9324404046875037e-15,
      2.9324404046875037e-15,
      2.9324404046875037e-15,
      2.9324404046875037e-15,
      2.9324404046875037e-15,
      2.9324404046875037e-15,
      2.9324404046875037e-15,
      2.9324404046875037e-15,
      2.9324404046875037e-15,
      2.9324404046875037e-15,
      2.9324404046875037e-15,
      2.9324404046875037e-15,
      2.9324404046875037e-15,
      2.9324404046875037e-15,
      2.9324404046875037e-15,
      2.9324404046875037e-15,
      2.9324404046875037e-15,
      2.9324404046875037e-15,
      2.9324404046875037e-15,
      2.9324404046875037e-15,
      2.9324404046875037e-15,
      2.9324404046875037e-15,
      2.9324404046875037e-15,
      2.9324404046875037e-15,
      2.9324404046875037e-15,
      2.9324404046875037e-15,
      2.9324404046875037e-15,
      2.9324404046875037e-15,
      2.9324404046875037e-15,
      2.9324404046875037e-15,
      2.9324404046875037e-15,
      2.9324404046875037e-15,
      2.9324404046875037e-15,
      2.9324404046875037e-15,
      2.9324404046875037e-15,
      2.9324404046875037e-15,
      2.9324404046875037e-15,
      2.9324404046875037e-15,
      2.9324404046875037e-15,
      2.9324404046875037e-15,
      2.9324404046875037e-15,
      2.9324404046875037e-15,
      2.9324404046875037e-15,
      2.9324404046875037e-15,
      2.9324404046875037e-15,
      2.9324404046875037e-15,
      2.9324404046875037e-15,
      2.9324404046875037e-15,
      2.9324404046875037e-15,
      2.9324404046875037e-15,
      2.9324404046875037e-15,
      2.9324404046875037e-15,
      2.9324404046875037e-15,
      2.9324404046875037e-15,
      2.9324404046875037e-15,
      2.9324404046875037e-15,
      2.9324404046875037e-15,
      2.9324404046875037e-15,
      2.9324404046875037e-15,
      2.9324404046875037e-15,
      2.9324404046875037e-15,
      2.9324404046875037e-15,
      2.9324404046875037e-15,
      2.9324404046875037e-15,
      2.9324404046875037e-15,
      2.9324404046875037e-15,
      2.9324404046875037e-15,
      2.9324404046875037e-15,
      2.9324404046875037e-15,
      2.9324404046875037e-15,
      2.9324404046875037e-15,
      2.9324404046875037e-15,
      2.9324404046875037e-15,
      2.9324404046875037e-15,
      2.9324404046875037e-15,
      2.9324404046875037e-15,
      2.9324404046875037e-15,
      2.9324404046875037e-15,
      2.9324404046875037e-15,
      2.9324404046875037e-15,
      2.9324404046875037e-15,
      2.9324404046875037e-15,
      2.9324404046875037e-15,
      2.9324404046875037e-15
    ],
    "t_subsample": [
      0.0,
      2.0010005002501248,
      4.0020010005002495,
      6.003001500750375,
      8.004002001000499,
      10.005002501250624,
      12.00600300150075,
      14.007003501750875,
      16.008004002000998,
      18.009004502251123,
      20.01000500250125,
      22.011005502751374,
      24.0120060030015,
      26.013006503251624,
      28.01400700350175,
      30.015007503751875,
      32.016008004001996,
      34.017008504252125,
      36.01800900450225,
      38.019009504752376,
      40.0200100050025,
      42.021010505252626,
      44.02201100550275,
      46.023011505752876,
      48.024012006003,
      50.02501250625313,
      52.02601300650325,
      54.02701350675337,
      56.0280140070035,
      58.02901450725362,
      60.03001500750375,
      62.03101550775387,
      64.03201600800399,
      66.03301650825412,
      68.03401700850425,
      70.03501750875438,
      72.0360180090045,
      74.03701850925462,
      76.03801900950475,
      78.03901950975487,
      80.040020010005,
      82.04102051025512,
      84.04202101050525,
      86.04302151075537,
      88.0440220110055,
      90.04502251125562,
      92.04602301150575,
      94.04702351175587,
      96.048024012006,
      98.04902451225612,
      100.05002501250625,
      102.05102551275637,
      104.0520260130065,
      106.05302651325663,
      108.05402701350674,
      110.05502751375687,
      112.056028014007,
      114.05702851425713,
      116.05802901450724,
      118.05902951475737,
      120.0600300150075,
      122.06103051525763,
      124.06203101550774,
      126.06303151575787,
      128.06403201600799,
      130.06503251625813,
      132.06603301650824,
      134.06703351675836,
      136.0680340170085,
      138.06903451725861,
      140.07003501750876,
      142.07103551775887,
      144.072036018009,
      146.07303651825913,
      148.07403701850924,
      150.07503751875936,
      152.0760380190095,
      154.07703851925962,
      156.07803901950973,
      158.07903951975987,
      160.08004002001,
      162.08104052026013,
      164.08204102051025,
      166.08304152076036,
      168.0840420210105,
      170.08504252126062,
      172.08604302151073,
      174.08704352176088,
      176.088044022011,
      178.08904452226113,
      180.09004502251125,
      182.09104552276136,
      184.0920460230115,
      186.09304652326162,
      188.09404702351173,
      190.09504752376188,
      192.096048024012,
      194.0970485242621,
      196.09804902451225,
      198.09904952476236
    ]
  },
  "p3_test": {
    "n_stable": 2,
    "n_unstable": 1,
    "cooperative_dominates": true,
    "max_sigma_stable": -1.9091861183340304e-15
  }
}