rank,A,x,B,y,C,z,rel_gap,nontrivial_tests,passed,failed,fail_rate,verifier_bits,first_fail_q,failed_qs,passed_qs
1,175,7,243,7,380429,3,3.330031867394e-10,25,10,15,0.60000000,37.6973,7,7 13 31 37 79 97 109 127 139 151 157 163 193 199 223,19 43 61 67 73 103 181 211 229 241
2,116,7,193,7,217276,3,4.044769914497e-10,25,11,14,0.56000000,37.6973,19,19 31 61 67 73 97 127 157 163 181 193 199 223 241,7 13 37 43 79 103 109 139 151 211 229
3,123,7,233,7,335332,3,8.225748152338e-10,25,7,18,0.72000000,37.6973,13,13 31 37 61 97 103 109 127 139 157 163 181 193 199 211 223 229 241,7 19 43 67 73 79 151
4,166,7,247,7,390533,3,1.705499484360e-09,25,3,22,0.88000000,37.6973,13,13 19 31 37 43 61 67 73 79 97 103 109 127 139 151 157 181 193 199 211,7 163 223
5,198,5,227,6,3422,4,1.734177933523e-09,53,20,33,0.62264151,73.5585,5,5 7 13 19 41 59 61 73 79 89 97 103 107 109 127 131 149 151 157 163,3 11 17 23 29 31 37 43 47 53 67 71 83 101 113 137 139 199 223 239
6,185,6,218,6,52827,3,2.027039275217e-09,25,9,16,0.64000000,38.6325,7,7 13 43 61 67 73 79 97 139 157 163 181 193 199 223 229,19 31 37 103 109 127 151 211 241
7,162,6,85,7,36873,3,2.148436596248e-09,25,5,20,0.80000000,38.2373,7,7 19 43 61 73 97 103 109 127 139 151 157 163 181 193 199 211 223 229 241,13 31 37 67 79
8,244,3,27,6,738,3,2.487888510909e-09,25,14,11,0.44000000,36.5126,37,37 67 73 79 97 109 151 199 211 223 241,7 13 19 31 43 61 103 127 139 157 163 181 193 229
9,192,7,205,7,291752,3,3.201835310969e-09,25,10,15,0.60000000,37.6973,7,7 13 31 37 43 61 67 79 109 127 163 181 193 223 241,19 73 97 103 139 151 157 199 211 229
10,121,7,232,7,331882,3,3.717806347490e-09,25,7,18,0.72000000,37.6973,7,7 13 19 31 37 43 61 67 73 97 109 127 151 157 193 199 211 229,79 103 139 163 181 223 241
11,243,6,121,7,83665,3,4.393929322086e-09,25,10,15,0.60000000,38.2373,7,7 37 43 67 97 103 109 139 151 157 163 199 211 223 241,13 19 31 61 73 79 127 181 193 229
12,153,5,137,6,18848,3,4.419255853534e-09,25,11,14,0.56000000,38.2373,13,13 37 43 61 67 73 79 97 139 151 157 163 223 229,7 19 31 103 109 127 181 193 199 211 241
13,169,7,231,7,339224,3,4.660492070144e-09,25,9,16,0.64000000,37.6973,13,13 31 37 43 67 73 79 109 127 151 181 193 199 211 229 241,7 19 61 97 103 139 157 163 223
14,249,6,233,7,334775,3,4.686309295724e-09,25,8,17,0.68000000,38.2373,7,7 13 19 31 37 67 73 97 109 139 157 181 193 199 211 223 241,43 61 79 103 127 151 163 229
15,158,7,243,7,374419,3,5.033869043479e-09,25,6,19,0.76000000,37.6973,7,7 13 19 31 37 43 61 67 73 79 97 103 109 127 163 181 199 229 241,139 151 157 193 211 223
16,233,7,236,7,427367,3,5.072733096471e-09,25,8,17,0.68000000,37.6973,13,13 19 37 61 73 79 97 109 127 151 157 163 181 193 199 229 241,7 31 43 67 103 139 211 223
17,162,6,197,7,225934,3,5.389086779832e-09,25,5,20,0.80000000,38.2373,7,7 13 31 43 61 67 73 97 103 109 127 139 151 181 193 199 211 223 229 241,19 37 79 157 163
18,195,7,197,7,281203,3,5.525105164009e-09,25,10,15,0.60000000,37.6973,13,13 19 37 61 67 73 79 97 103 157 181 193 211 229 241,7 31 43 109 127 139 151 163 199 223
19,139,7,245,7,377950,3,5.558892368194e-09,25,7,18,0.72000000,37.6973,13,13 19 31 37 43 61 73 79 97 103 127 151 163 181 199 211 229 241,7 67 109 139 157 193 223
20,157,6,161,7,141264,3,5.987086357130e-09,25,7,18,0.72000000,38.2373,13,13 37 43 67 73 79 103 109 127 139 151 163 181 193 199 223 229 241,7 19 31 61 97 157 211
21,145,7,231,7,331550,3,6.245632387374e-09,25,12,13,0.52000000,37.6973,7,7 19 37 67 97 103 139 151 157 163 193 229 241,13 31 43 61 73 79 109 127 181 199 211 223
22,181,7,216,7,304744,3,6.398421263921e-09,25,4,21,0.84000000,37.6973,7,7 13 19 31 37 43 61 67 73 79 97 109 139 157 163 193 199 211 223 229,103 127 151 181
23,250,6,243,7,369079,3,6.808068845620e-09,25,9,16,0.64000000,38.2373,13,13 31 37 43 61 73 97 103 109 139 151 157 163 181 211 241,7 19 67 79 127 193 199 223 229
24,75,7,167,6,2433,4,7.052526582955e-09,53,20,33,0.62264151,73.5585,5,5 7 11 17 19 23 29 31 41 53 59 67 79 89 97 101 103 109 113 137,3 13 37 43 47 61 71 73 83 107 127 131 151 157 167 179 191 223 233 239
25,103,7,178,7,179511,3,7.737852550403e-09,25,9,16,0.64000000,37.6973,19,19 31 61 67 73 79 97 103 109 151 157 181 193 199 211 229,7 13 37 43 127 139 163 223 241
26,226,6,151,7,124358,3,7.864459580852e-09,25,6,19,0.76000000,38.2373,7,7 13 19 37 43 61 67 73 97 109 139 157 163 181 193 199 211 229 241,31 79 103 127 151 223
27,171,7,172,7,205898,3,8.090495090924e-09,25,12,13,0.52000000,37.6973,31,31 37 61 97 109 127 139 157 163 193 199 211 223,7 13 19 43 67 73 79 103 151 181 229 241
28,89,6,170,6,29097,3,8.309954753831e-09,25,9,16,0.64000000,38.6325,7,7 31 37 43 61 67 79 139 151 157 181 199 211 223 229 241,13 19 73 97 103 109 127 163 193
29,21,7,100,6,10006,3,8.310032964034e-09,25,13,12,0.48000000,38.2373,13,13 19 67 73 97 127 151 157 181 193 199 241,7 31 37 43 61 79 103 109 139 163 211 223 229
30,214,7,233,7,386721,3,8.367896646325e-09,25,7,18,0.72000000,37.6973,13,13 19 31 37 43 67 73 79 109 127 139 151 157 181 193 199 211 241,7 61 97 103 163 223 229
31,103,6,148,6,22704,3,8.384752328005e-09,25,12,13,0.52000000,38.6325,7,7 31 43 67 73 79 97 109 139 193 211 223 241,13 19 37 61 103 127 151 157 163 181 199 229
32,90,7,239,6,3912,4,8.390207384060e-09,53,19,34,0.64150943,73.5585,11,11 13 17 29 31 37 41 43 47 53 61 67 73 79 89 97 101 109 113 127,3 5 7 19 23 59 71 83 103 107 151 157 163 167 211 227 229 233 239
33,206,5,93,7,39266,3,8.400299560454e-09,25,9,16,0.64000000,38.2373,19,19 31 37 43 61 67 79 97 109 157 163 181 193 199 223 241,7 13 73 103 127 139 151 211 229
34,217,7,218,7,358452,3,8.458537363029e-09,25,12,13,0.52000000,37.6973,13,13 43 67 97 103 127 139 157 163 181 199 211 223,7 19 31 37 61 73 79 109 151 193 229 241
35,91,7,148,7,117132,3,9.183863094788e-09,25,10,15,0.60000000,37.6973,37,37 43 67 73 79 97 103 109 127 139 151 193 211 223 229,7 13 19 31 61 157 163 181 199 241
36,108,7,149,7,121685,3,9.330917747875e-09,25,7,18,0.72000000,37.6973,7,7 13 31 37 43 67 79 97 103 109 127 139 151 181 193 199 223 241,19 61 73 157 163 211 229
37,118,5,79,7,2094,4,9.526760888923e-09,53,23,30,0.56603774,73.5585,3,3 5 11 13 17 29 31 37 43 53 61 67 71 73 79 89 97 109 113 127,7 19 23 41 47 59 83 101 103 107 137 149 151 167 179 181 191 199 211 223
38,245,6,134,7,99734,3,1.006201649661e-08,25,10,15,0.60000000,38.2373,13,13 31 37 43 61 73 79 97 103 127 139 151 181 193 223,7 19 67 109 157 163 199 211 229 241
39,99,7,182,7,188593,3,1.013759236649e-08,25,9,16,0.64000000,37.6973,19,19 31 37 67 79 97 103 109 127 139 151 157 181 211 229 241,7 13 43 61 73 163 193 199 223
40,121,7,214,7,275602,3,1.045966595228e-08,25,11,14,0.56000000,37.6973,13,13 19 31 37 79 97 103 109 127 139 157 223 229 241,7 43 61 67 73 151 163 181 193 199 211
41,105,7,206,7,251369,3,1.049999642966e-08,25,6,19,0.76000000,37.6973,7,7 13 19 31 61 67 73 103 127 151 157 163 181 193 199 211 223 229 241,37 43 79 97 109 139
42,221,6,198,7,229241,3,1.077885599879e-08,25,10,15,0.60000000,38.2373,7,7 13 19 31 37 61 67 79 103 127 139 163 193 199 241,43 73 97 109 151 157 181 211 223 229
43,235,6,249,7,390429,3,1.086964011873e-08,25,8,17,0.68000000,38.2373,7,7 19 31 61 67 73 97 103 109 151 157 181 193 211 223 229 241,13 37 43 79 127 139 163 199
44,241,6,177,7,177988,3,1.089801602990e-08,25,8,17,0.68000000,38.2373,7,7 13 31 37 43 61 73 97 103 109 139 157 193 199 211 223 229,19 67 79 127 151 163 181 241
45,182,5,141,6,20048,3,1.108487222019e-08,25,5,20,0.80000000,38.2373,31,31 37 43 61 67 73 79 97 103 109 127 139 151 157 163 181 211 223 229 241,7 13 19 193 199
46,106,7,141,7,107961,3,1.143798554400e-08,25,7,18,0.72000000,37.6973,7,7 31 37 43 67 73 79 97 103 109 127 139 151 163 181 193 199 229,13 19 61 157 211 223 241
47,68,5,71,6,5060,3,1.149325777248e-08,25,8,17,0.68000000,38.2373,7,7 19 31 37 61 67 73 97 127 139 151 163 181 193 211 223 241,13 43 79 103 109 157 199 229
48,187,5,103,7,49761,3,1.163901088898e-08,25,9,16,0.64000000,38.2373,13,13 31 37 43 61 67 73 97 103 139 151 157 181 193 199 229,7 19 79 109 127 163 211 223 241
49,154,7,171,7,184980,3,1.165612433834e-08,25,4,21,0.84000000,37.6973,7,7 19 31 61 67 73 79 97 103 109 127 139 151 157 163 193 199 211 223 229,13 37 43 181
50,149,7,204,7,11305,4,1.174487785776e-08,53,18,35,0.66037736,72.1671,3,3 5 7 23 31 37 41 47 53 61 67 71 73 79 83 89 97 101 103 113,11 13 17 19 29 43 59 107 109 127 131 151 163 179 191 211 239 251
51,173,6,138,7,5595,4,1.177329293094e-08,53,22,31,0.58490566,73.5585,7,7 13 17 41 43 53 59 83 89 97 101 103 107 113 137 139 149 151 157 167,3 5 11 19 23 29 31 37 47 61 67 71 73 79 109 127 131 163 173 191
52,39,7,179,5,6847,3,1.197830481620e-08,25,10,15,0.60000000,38.2373,13,13 19 31 43 61 103 109 127 151 157 163 193 199 211 229,7 37 67 73 79 97 139 181 223 241
53,206,7,247,7,415692,3,1.212344698753e-08,25,7,18,0.72000000,37.6973,7,7 13 19 31 37 43 67 73 79 97 103 109 127 139 157 163 181 193,61 151 199 211 223 229 241
54,208,6,119,7,74824,3,1.237978726758e-08,25,7,18,0.72000000,38.2373,13,13 19 31 37 43 61 67 79 97 109 127 139 163 181 211 223 229 241,7 73 103 151 157 193 199
55,89,7,151,7,122409,3,1.280149925737e-08,25,7,18,0.72000000,37.6973,7,7 13 19 37 43 61 79 103 127 139 151 157 163 181 193 199 211 241,31 67 73 97 109 223 229
56,250,6,237,7,348272,3,1.291785031364e-08,25,13,12,0.48000000,38.2373,13,13 31 43 73 103 157 163 181 199 211 223 229,7 19 37 61 67 79 97 109 127 139 151 193 241
57,163,5,84,7,30942,3,1.296582908559e-08,25,9,16,0.64000000,38.2373,7,7 19 31 37 43 61 73 103 151 157 163 181 193 211 229 241,13 67 79 97 109 127 139 199 223
58,197,6,194,7,218283,3,1.301493893799e-08,25,9,16,0.64000000,38.2373,13,13 31 43 61 67 109 127 139 151 157 163 193 199 211 229 241,7 19 37 73 79 97 103 181 223
59,188,5,213,6,45407,3,1.315354188699e-08,25,9,16,0.64000000,38.2373,19,19 31 61 67 73 79 109 127 139 157 163 181 193 199 223 229,7 13 37 43 97 103 151 211 241
60,204,7,227,7,14626,4,1.330748275028e-08,53,17,36,0.67924528,72.1671,3,3 5 17 19 23 29 31 37 47 61 67 71 73 79 83 97 101 113 131 137,7 11 13 41 43 53 59 89 103 107 109 127 139 151 163 199 239
61,185,6,188,7,202799,3,1.339447804575e-08,25,9,16,0.64000000,38.2373,31,31 37 43 61 67 73 79 97 103 127 139 151 157 163 193 229,7 13 19 109 181 199 211 223 241
62,179,7,246,7,2271,5,1.348643566587e-08,13,2,11,0.84615385,28.4377,11,11 41 61 71 101 131 181 191 211 241 251,31 151
63,108,7,217,7,283681,3,1.374480684698e-08,25,12,13,0.52000000,37.6973,7,7 37 61 67 79 97 139 163 181 199 223 229 241,13 19 31 43 73 103 109 127 151 157 193 211
64,240,6,179,7,8830,4,1.391134448121e-08,53,19,34,0.64150943,73.5585,3,3 5 7 11 17 29 31 37 41 43 71 73 79 89 97 101 103 109 113 127,13 19 23 47 53 59 61 67 83 107 131 137 139 163 173 179 191 193 227
65,100,7,169,7,159233,3,1.441454728992e-08,25,13,12,0.48000000,37.6973,7,7 13 19 67 97 139 151 163 181 193 211 241,31 37 43 61 73 79 103 109 127 157 199 223 229
66,160,6,199,7,231306,3,1.444480066849e-08,25,8,17,0.68000000,38.2373,7,7 19 37 43 61 67 73 97 103 109 151 157 181 193 211 229 241,13 31 79 127 139 163 199 223
67,91,6,248,6,61554,3,1.481577367639e-08,25,14,11,0.44000000,38.6325,37,37 67 73 79 97 103 127 139 199 223 241,7 13 19 31 43 61 109 151 157 163 181 193 211 229
68,118,7,249,7,390757,3,1.513855066644e-08,25,6,19,0.76000000,37.6973,7,7 31 37 43 67 73 79 97 109 127 139 157 163 181 193 199 223 229 241,13 19 61 103 151 211
69,71,7,177,7,176000,3,1.514047092177e-08,25,12,13,0.52000000,37.6973,7,7 37 61 67 73 79 97 103 127 139 163 193 211,13 19 31 43 109 151 157 181 199 223 229 241
70,188,4,101,6,10205,3,1.523190311201e-08,25,6,19,0.76000000,40.2466,7,7 13 31 43 61 67 97 103 109 127 139 151 157 163 181 193 199 223 241,19 37 73 79 211 229
71,203,7,206,7,310545,3,1.560859677435e-08,25,11,14,0.56000000,37.6973,7,7 13 43 61 73 97 109 127 157 163 193 211 223 229,19 31 37 67 79 103 139 151 181 199 241
72,241,6,205,7,248854,3,1.562777254357e-08,25,10,15,0.60000000,38.2373,7,7 13 19 31 37 43 67 97 103 109 157 163 181 193 199,61 73 79 127 139 151 211 223 229 241
73,191,5,206,6,42483,3,1.581745085832e-08,25,9,16,0.64000000,38.2373,7,7 13 37 43 61 73 79 97 103 127 139 157 193 211 223 229,19 31 67 109 151 163 181 199 241
74,92,7,171,7,163005,3,1.604388151872e-08,25,8,17,0.68000000,37.6973,7,7 19 31 43 67 73 79 97 103 109 151 163 181 193 199 211 241,13 37 61 127 139 157 223 229
75,187,6,190,6,44782,3,1.665170953080e-08,25,5,20,0.80000000,38.6325,7,7 13 31 43 67 73 97 103 109 127 139 157 163 181 193 199 211 223 229 241,19 37 61 79 151
76,127,7,210,7,264687,3,1.669160804672e-08,25,6,19,0.76000000,37.6973,31,31 37 43 61 67 73 79 97 103 109 127 151 163 181 193 199 211 223 229,7 13 19 139 157 241
77,89,7,206,7,250859,3,1.696019443075e-08,25,13,12,0.48000000,37.6973,13,13 67 79 97 109 139 151 163 199 211 229 241,7 19 31 37 43 61 73 103 127 157 181 193 223
78,199,6,145,7,112128,3,1.710818734054e-08,25,8,17,0.68000000,38.2373,19,19 37 43 61 67 73 79 109 139 151 157 163 181 193 199 229 241,7 13 31 97 103 127 211 223
79,143,5,168,6,28249,3,1.729513472209e-08,25,7,18,0.72000000,38.2373,7,7 19 31 43 61 67 79 97 103 127 157 163 181 199 211 223 229 241,13 37 73 109 139 151 193
80,220,6,103,7,3921,4,1.783836530654e-08,53,22,31,0.58490566,73.5585,3,3 5 7 17 37 41 53 59 61 79 89 107 109 113 127 131 137 149 151 167,11 13 19 23 29 31 43 47 67 71 73 83 97 101 103 139 157 163 179 199
81,184,7,185,7,244169,3,1.831671562349e-08,25,7,18,0.72000000,37.6973,7,7 19 31 43 61 67 73 79 97 103 127 151 181 193 199 211 229 241,13 37 109 139 157 163 223
82,124,7,215,7,278867,3,1.927405529962e-08,25,6,19,0.76000000,37.6973,7,7 19 37 43 61 67 73 79 103 109 127 139 151 163 181 193 223 229 241,13 31 97 157 199 211
83,97,6,250,6,62571,3,1.955509477303e-08,25,7,18,0.72000000,38.6325,7,7 19 31 37 43 67 73 79 103 109 127 139 163 181 199 211 229 241,13 61 97 151 157 193 223
84,223,6,227,7,314750,3,1.957218198633e-08,25,2,23,0.92000000,38.2373,7,7 13 19 31 37 43 61 67 73 79 97 103 109 127 139 151 157 163 181 193,211 223
85,97,7,241,7,361649,3,2.003195780687e-08,25,9,16,0.64000000,37.6973,7,7 19 31 73 79 103 109 127 139 151 181 193 199 211 229 241,13 37 43 61 67 97 157 163 223
86,183,7,202,7,274114,3,2.005942256411e-08,25,8,17,0.68000000,37.6973,13,13 19 31 37 61 73 79 97 103 109 127 139 151 181 193 199 229,7 43 67 157 163 211 223 241
87,106,6,207,6,43105,3,2.017308882221e-08,25,13,12,0.48000000,38.6325,7,7 31 43 73 79 109 139 157 181 211 223 229,13 19 37 61 67 97 103 127 151 163 193 199 241
88,121,4,76,5,1401,3,2.036449388656e-08,25,8,17,0.68000000,38.2373,13,13 31 37 43 61 67 73 97 109 127 139 157 163 181 199 229 241,7 19 79 103 151 193 211 223
89,121,7,246,7,15307,4,2.089822583473e-08,53,23,30,0.56603774,72.1671,5,5 7 17 23 29 37 41 43 47 61 67 73 89 97 101 103 109 131 137 149,3 11 13 19 31 53 59 71 79 83 107 113 127 139 173 179 199 211 223 227
90,158,7,193,7,231663,3,2.135618502688e-08,25,12,13,0.52000000,37.6973,31,31 37 61 73 79 97 103 109 151 157 223 229 241,7 13 19 43 67 127 139 163 181 193 199 211
91,214,6,151,7,123551,3,2.157292423425e-08,25,6,19,0.76000000,38.2373,7,7 13 19 37 61 67 73 97 103 127 139 157 163 181 193 199 223 229 241,31 43 79 109 151 211
92,63,6,230,5,8905,3,2.183081404076e-08,25,7,18,0.72000000,38.2373,13,13 19 31 37 61 67 73 79 97 103 109 127 139 157 163 181 193 211,7 43 151 199 223 229 241
93,67,7,129,7,84368,3,2.233417923015e-08,25,9,16,0.64000000,37.6973,13,13 19 31 37 43 73 79 97 103 151 157 163 181 193 199 211,7 61 67 109 127 139 223 229 241
94,228,6,239,7,354855,3,2.268789437087e-08,25,9,16,0.64000000,38.2373,7,7 13 31 61 97 103 127 139 151 163 181 199 211 223 229 241,19 37 43 67 73 79 109 157 193
95,92,7,177,7,176501,3,2.270755324947e-08,25,9,16,0.64000000,37.6973,7,7 13 31 37 61 67 73 79 103 127 163 181 199 223 229 241,19 43 97 109 139 151 157 193 211
96,145,5,239,5,9450,3,2.272283921734e-08,25,5,20,0.80000000,37.5296,7,7 13 19 31 37 43 61 67 73 79 97 103 139 151 157 181 193 199 211 229,109 127 163 223 241
97,207,6,100,7,56323,3,2.285870261948e-08,25,8,17,0.68000000,38.2373,7,7 13 19 37 43 61 67 73 109 139 151 157 163 181 199 211 229,31 79 97 103 127 193 223 241
98,95,6,239,6,57196,3,2.347469545226e-08,25,8,17,0.68000000,38.6325,7,7 31 43 61 67 79 97 103 109 139 151 163 181 193 199 211 241,13 19 37 73 127 157 223 229
99,209,7,214,7,336118,3,2.349432311131e-08,25,4,21,0.84000000,37.6973,7,7 19 31 37 43 61 67 73 97 103 109 127 151 157 163 181 193 199 211 223,13 79 139 241
100,197,5,114,7,63040,3,2.373214106841e-08,25,9,16,0.64000000,38.2373,7,7 13 31 43 61 67 73 97 103 127 139 157 193 199 229 241,19 37 79 109 151 163 181 211 223
101,216,6,205,7,248345,3,2.402325706439e-08,25,10,15,0.60000000,38.2373,7,7 13 19 37 43 61 73 79 103 109 157 199 211 229 241,31 67 97 127 139 151 163 181 193 223
102,138,7,197,7,231882,3,2.407989872073e-08,25,10,15,0.60000000,37.6973,13,13 19 43 61 73 97 109 127 139 151 163 181 193 229 241,7 31 37 67 79 103 157 199 211 223
103,86,7,173,7,167182,3,2.429438120511e-08,25,6,19,0.76000000,37.6973,13,13 19 31 61 67 73 79 103 109 127 139 151 163 181 199 211 223 229 241,7 37 43 97 157 193
104,229,5,90,7,36458,3,2.459299243528e-08,25,8,17,0.68000000,38.2373,7,7 13 19 31 37 43 61 67 73 97 127 139 151 163 193 199 229,79 103 109 157 181 211 223 241
105,28,7,61,6,4021,3,2.479492609564e-08,25,9,16,0.64000000,38.2373,19,19 37 43 79 103 109 127 139 151 157 163 181 193 199 211 241,7 13 31 61 67 73 97 223 229
106,195,7,224,7,339173,3,2.485075170555e-08,25,11,14,0.56000000,37.6973,13,13 19 31 67 73 109 127 139 151 157 163 199 211 241,7 37 43 61 79 97 103 181 193 223 229
107,169,5,125,6,15811,3,2.511210558378e-08,25,10,15,0.60000000,38.2373,7,7 31 37 43 61 67 73 79 97 103 109 127 163 181 193,13 19 139 151 157 199 211 223 229 241
108,210,7,223,7,356832,3,2.522340565542e-08,25,6,19,0.76000000,37.6973,13,13 19 31 43 67 73 79 97 103 109 127 139 151 163 181 193 199 211 241,7 37 61 157 223 229
109,84,6,211,6,44580,3,2.536899571852e-08,25,9,16,0.64000000,38.6325,31,31 37 61 73 79 97 103 109 139 157 163 193 199 223 229 241,7 13 19 43 67 127 151 181 211
110,73,6,71,7,20989,3,2.563025610320e-08,25,7,18,0.72000000,38.2373,7,7 13 19 31 37 43 67 73 79 109 157 163 181 193 199 211 229 241,61 97 103 127 139 151 223
111,127,6,212,6,45626,3,2.606100621232e-08,25,10,15,0.60000000,38.6325,7,7 13 31 43 67 73 79 97 139 163 193 199 211 223 229,19 37 61 103 109 127 151 157 181 241
112,233,6,243,7,368873,3,2.617541541913e-08,25,10,15,0.60000000,38.2373,13,13 31 43 61 67 97 109 151 157 163 181 199 211 223 229,7 19 37 73 79 103 127 139 193 241
113,81,7,131,7,88149,3,2.630331405743e-08,25,8,17,0.68000000,37.6973,7,7 13 19 37 43 61 67 73 79 97 103 127 139 151 163 181 241,31 109 157 193 199 211 223 229
114,137,7,237,7,350081,3,2.634947487976e-08,25,8,17,0.68000000,37.6973,7,7 13 19 31 37 61 73 97 103 109 163 181 199 211 223 229 241,43 67 79 127 139 151 157 193
115,103,7,231,7,327794,3,2.654282894474e-08,25,8,17,0.68000000,37.6973,7,7 13 19 37 43 61 67 73 97 103 127 151 157 163 181 193 229,31 79 109 139 199 211 223 241
116,86,7,227,7,314453,3,2.667137418113e-08,25,6,19,0.76000000,37.6973,7,7 19 43 61 67 73 79 97 109 127 139 151 157 163 181 193 211 223 241,13 31 37 103 199 229
117,74,7,177,7,8594,4,2.683102119217e-08,53,19,34,0.64150943,72.1671,3,3 5 7 17 19 29 37 41 61 71 73 79 83 89 97 101 103 107 109 131,11 13 23 31 43 47 53 59 67 113 127 139 151 163 179 199 211 227 251
118,171,6,179,7,180830,3,2.724510341505e-08,25,5,20,0.80000000,38.2373,7,7 13 31 37 61 67 73 79 97 109 127 139 163 181 193 199 211 223 229 241,19 43 103 151 157
119,216,6,191,7,210857,3,2.747245011478e-08,25,6,19,0.76000000,38.2373,7,7 19 31 37 43 61 73 79 97 103 109 127 139 151 157 181 211 223 241,13 67 163 193 199 229
120,71,7,174,7,169130,3,2.771782236296e-08,25,4,21,0.84000000,37.6973,13,13 19 31 37 43 61 73 79 97 109 139 151 157 163 181 193 199 211 223 229,7 67 103 127
121,59,6,178,6,31698,3,2.779514093377e-08,25,9,16,0.64000000,38.6325,7,7 31 37 43 61 67 73 79 97 103 139 157 193 211 223 241,13 19 109 127 151 163 181 199 229
122,199,5,105,7,52051,3,2.820814961197e-08,25,11,14,0.56000000,38.2373,7,7 13 37 61 67 79 103 109 127 139 181 199 223 229,19 31 43 73 97 151 157 163 193 211 241
123,141,6,161,7,141145,3,2.825511394198e-08,25,6,19,0.76000000,38.2373,13,13 19 31 37 43 61 73 79 97 109 127 151 157 163 181 193 199 211 229,7 67 103 139 223 241
124,64,7,157,6,2098,4,2.940711967796e-08,53,22,31,0.58490566,73.5585,3,3 5 11 17 19 29 31 41 43 47 59 61 73 83 89 97 101 103 107 109,7 13 23 37 53 67 71 79 113 127 131 139 151 163 179 191 199 211 223 227
125,128,6,157,6,2098,4,2.940711967796e-08,53,22,31,0.58490566,72.9271,3,3 5 11 17 19 29 31 41 43 47 59 61 73 83 89 97 101 103 107 109,7 13 23 37 53 67 71 79 113 127 131 139 151 163 179 191 199 211 223 227
126,217,7,246,7,425757,3,2.941704499342e-08,25,12,13,0.52000000,37.6973,37,37 43 103 127 139 151 157 163 193 199 223 229 241,7 13 19 31 61 67 73 79 97 109 181 211
127,197,5,81,7,28510,3,2.954745588477e-08,25,6,19,0.76000000,38.2373,7,7 13 31 37 43 61 79 97 103 139 151 157 163 181 193 199 211 229 241,19 67 73 109 127 223
128,127,6,244,6,59928,3,2.996611435057e-08,25,8,17,0.68000000,38.6325,7,7 13 31 67 73 79 97 109 139 163 181 193 199 211 223 229 241,19 37 43 61 103 127 151 157
129,167,6,198,7,228638,3,3.020514567575e-08,25,9,16,0.64000000,38.2373,7,7 13 31 43 61 67 73 109 127 139 151 157 199 223 229 241,19 37 79 97 103 163 181 193 211
130,103,7,238,7,351364,3,3.052992215988e-08,25,7,18,0.72000000,37.6973,7,7 13 19 37 73 79 97 103 109 127 139 151 157 163 181 193 211 241,31 43 61 67 199 223 229
131,227,6,192,7,213672,3,3.066492930176e-08,25,14,11,0.44000000,38.2373,7,7 13 19 43 73 79 97 109 139 211 223,31 37 61 67 103 127 151 157 163 181 193 199 229 241
132,172,5,149,6,1825,4,3.079474112499e-08,53,20,33,0.62264151,73.5585,3,3 5 7 13 17 19 23 29 31 37 41 47 59 61 67 71 89 101 103 113,11 43 53 73 79 83 97 107 109 131 139 151 167 179 191 199 211 223 229 251
133,233,6,225,7,308473,3,3.081499362710e-08,25,10,15,0.60000000,38.2373,7,7 19 31 37 61 67 73 97 103 139 151 157 193 229 241,13 43 79 109 127 163 181 199 211 223
134,241,6,229,7,321469,3,3.098087197059e-08,25,11,14,0.56000000,38.2373,13,13 31 43 61 79 97 103 109 127 163 181 199 211 241,7 19 37 67 73 139 151 157 193 223 229
135,187,6,230,7,324250,3,3.284589012696e-08,25,11,14,0.56000000,38.2373,19,19 37 61 67 73 79 97 139 151 157 193 223 229 241,7 13 31 43 103 109 127 163 181 199 211
136,207,5,164,6,27070,3,3.297242056962e-08,25,6,19,0.76000000,38.2373,7,7 13 31 43 61 73 79 97 103 109 127 151 157 163 181 193 199 211 229,19 37 67 139 223 241
137,222,6,125,7,84181,3,3.325772949685e-08,25,7,18,0.72000000,38.2373,13,13 19 61 67 73 79 97 103 109 127 139 151 157 163 199 211 223 229,7 31 37 43 181 193 241
138,243,6,188,7,204134,3,3.358853424529e-08,25,7,18,0.72000000,38.2373,19,19 31 43 61 67 73 79 97 127 139 157 163 181 193 199 223 229 241,7 13 37 103 109 151 211
139,208,6,203,7,242650,3,3.448601595824e-08,25,7,18,0.72000000,38.2373,31,31 37 43 61 73 97 103 109 127 139 151 157 181 193 199 211 223 229,7 13 19 67 79 163 241
140,121,7,160,7,145245,3,3.491978944573e-08,25,9,16,0.64000000,37.6973,19,19 31 37 43 73 97 109 139 151 157 181 193 199 211 223 241,7 13 61 67 79 103 127 163 229
141,158,6,165,6,2445,4,3.549127529266e-08,53,25,28,0.52830189,72.9271,5,5 19 37 43 53 59 89 97 101 107 109 127 131 137 139 149 151 157 167 173,3 7 11 13 17 23 29 31 41 47 61 67 71 73 79 83 103 113 163 179
142,91,6,125,7,78156,3,3.568196736142e-08,25,6,19,0.76000000,38.2373,19,19 31 37 43 61 79 97 109 127 139 151 157 163 181 193 199 211 223 241,7 13 67 73 103 229
143,203,6,211,6,54087,3,3.595222095203e-08,25,15,10,0.40000000,38.6325,31,31 37 79 127 151 163 181 199 223 241,7 13 19 43 61 67 73 97 103 109 139 157 193 211 229
144,53,7,131,7,87208,3,3.597846796723e-08,25,7,18,0.72000000,37.6973,7,7 13 31 37 43 61 67 79 103 127 139 151 157 163 193 199 211 241,19 73 97 109 181 223 229
145,107,6,108,7,55708,3,3.600761853032e-08,25,9,16,0.64000000,38.2373,7,7 37 43 67 73 79 97 127 139 151 157 163 181 199 229 241,13 19 31 61 103 109 193 211 223
146,232,6,245,7,375964,3,3.618322713328e-08,25,8,17,0.68000000,38.2373,19,19 37 61 67 73 97 103 109 127 139 157 163 181 193 223 229 241,7 13 31 43 79 151 199 211
147,171,7,214,7,291735,3,3.632607575179e-08,25,13,12,0.48000000,37.6973,19,19 31 37 67 97 103 109 127 151 181 193 211,7 13 43 61 73 79 139 157 163 199 223 229 241
148,180,6,139,7,101204,3,3.637841281763e-08,25,13,12,0.48000000,38.2373,31,31 37 73 103 127 163 181 193 199 211 223 241,7 13 19 43 61 67 79 97 109 139 151 157 229
149,241,6,201,7,237820,3,3.663607753306e-08,25,11,14,0.56000000,38.2373,13,13 19 61 79 97 103 109 127 151 157 163 199 223 229,7 31 37 43 67 73 139 181 193 211 241
150,161,7,185,7,217016,3,3.664625593152e-08,25,12,13,0.52000000,37.6973,7,7 13 31 37 73 103 127 139 151 163 181 211 223,19 43 61 67 79 97 109 157 193 199 229 241
151,203,6,178,7,178961,3,3.765138846397e-08,25,8,17,0.68000000,38.2373,7,7 31 61 67 73 79 97 109 127 139 151 157 163 181 193 199 223,13 19 37 43 103 211 229 241
152,201,6,128,7,85676,3,3.780169279892e-08,25,8,17,0.68000000,38.2373,7,7 19 37 43 67 79 97 103 109 127 151 157 181 193 211 223 241,13 31 61 73 139 163 199 229
153,74,6,203,6,2894,4,3.810973098844e-08,53,20,33,0.62264151,72.9271,3,3 11 17 19 23 37 41 43 47 61 67 71 101 103 107 109 127 137 139 149,5 7 13 29 31 53 59 73 79 83 89 97 113 131 179 181 211 223 239 251
154,153,6,250,6,63576,3,3.875982323499e-08,25,10,15,0.60000000,38.6325,7,7 13 37 61 67 79 97 151 157 163 181 193 199 211 223,19 31 43 73 103 109 127 139 229 241
155,65,6,93,7,39202,3,3.915687768531e-08,25,13,12,0.48000000,38.2373,7,7 13 19 37 43 127 139 163 181 193 199 211,31 61 67 73 79 97 103 109 151 157 223 229 241
156,123,6,193,6,38063,3,3.944318535977e-08,25,9,16,0.64000000,38.6325,7,7 13 31 37 67 73 79 97 103 109 139 151 157 181 199 229,19 43 61 127 163 193 211 223 241
157,182,7,229,7,340966,3,3.973037613025e-08,25,8,17,0.68000000,37.6973,7,7 37 67 73 79 103 109 127 151 157 163 193 199 211 223 229 241,13 19 31 43 61 97 139 181
158,188,6,165,7,149981,3,4.116450927296e-08,25,7,18,0.72000000,38.2373,7,7 19 31 37 43 67 79 97 103 109 139 151 181 193 199 223 229 241,13 61 73 127 157 163 211
159,149,6,129,7,84596,3,4.139860927036e-08,25,6,19,0.76000000,38.2373,7,7 13 31 61 67 73 79 97 103 109 139 151 157 163 181 199 223 229 241,19 37 43 127 193 211
160,204,6,229,7,321069,3,4.140334768573e-08,25,15,10,0.40000000,38.2373,13,13 31 43 73 97 127 157 163 223 241,7 19 37 61 67 79 103 109 139 151 181 193 199 211 229
161,159,7,218,7,296128,3,4.181347065971e-08,25,10,15,0.60000000,37.6973,31,31 37 61 67 103 109 127 151 157 163 181 193 199 223 229,7 13 19 43 73 79 97 139 211 241
162,131,7,162,7,153124,3,4.215668147685e-08,25,14,11,0.44000000,37.6973,31,31 43 73 127 151 163 181 193 223 229 241,7 13 19 37 61 67 79 97 103 109 139 157 199 211
163,217,6,184,7,193498,3,4.243414953867e-08,25,14,11,0.44000000,38.2373,7,7 43 61 97 103 109 127 139 151 193 223,13 19 31 37 67 73 79 157 163 181 199 211 229 241
164,185,7,199,7,270421,3,4.249503765516e-08,25,10,15,0.60000000,37.6973,13,13 31 61 67 73 79 97 127 157 181 199 211 223 229 241,7 19 37 43 103 109 139 151 163 193
165,81,7,199,7,231344,3,4.263921578384e-08,25,9,16,0.64000000,37.6973,13,13 37 43 61 67 73 79 97 103 109 139 181 193 199 211 229,7 19 31 127 151 157 163 223 241
166,221,6,161,7,142940,3,4.307370786393e-08,25,6,19,0.76000000,38.2373,19,19 31 37 61 67 73 79 97 103 109 151 157 181 193 199 211 223 229 241,7 13 43 127 139 163
167,127,6,91,7,2734,4,4.311850265848e-08,53,22,31,0.58490566,73.5585,3,3 29 31 37 41 53 59 61 73 89 97 101 107 109 113 127 137 157 163 167,5 7 11 13 17 19 23 43 47 67 71 79 83 103 131 139 149 151 179 227
168,193,7,250,7,414101,3,4.341180163520e-08,25,11,14,0.56000000,37.6973,7,7 19 37 67 79 97 103 139 151 181 193 199 211 223,13 31 43 61 73 109 127 157 163 229 241
169,229,7,237,7,421762,3,4.370037114017e-08,25,9,16,0.64000000,37.6973,7,7 19 31 37 61 73 97 109 127 139 151 157 181 193 199 223,13 43 67 79 103 163 211 229 241
170,194,4,235,5,8955,3,4.385899049020e-08,25,11,14,0.56000000,38.2373,7,7 13 43 67 73 79 97 103 109 139 163 181 199 241,19 31 37 61 127 151 157 193 211 223 229
171,87,7,218,7,286175,3,4.455983026172e-08,25,8,17,0.68000000,37.6973,7,7 13 19 31 37 43 67 79 103 109 127 139 151 181 193 229 241,61 73 97 157 163 199 211 223
172,157,7,199,7,245021,3,4.470148149192e-08,25,9,16,0.64000000,37.6973,31,31 37 43 61 67 73 79 109 127 139 151 157 181 211 223 229,7 13 19 97 103 163 193 199 241
173,79,5,219,5,7973,3,4.502267720321e-08,25,11,14,0.56000000,37.5296,37,37 61 67 73 103 109 127 139 151 193 211 223 229 241,7 13 19 31 43 79 97 157 163 181 199
174,111,7,217,7,283831,3,4.552548068476e-08,25,11,14,0.56000000,37.6973,13,13 19 31 37 67 73 97 103 109 127 157 181 199 241,7 43 61 79 139 151 163 193 211 223 229
175,120,6,157,7,133030,3,4.570052026829e-08,25,14,11,0.44000000,38.2373,7,7 13 61 67 73 109 127 151 199 223 229,19 31 37 43 79 97 103 139 157 163 181 193 211 241
176,107,5,211,5,7561,3,4.598467522323e-08,25,5,20,0.80000000,37.5296,7,7 19 31 37 43 61 67 73 79 97 103 109 127 157 163 193 199 223 229 241,13 139 151 181 211
177,195,5,226,6,51112,3,4.607255165699e-08,25,13,12,0.48000000,38.2373,19,19 37 61 79 109 127 157 163 181 211 229 241,7 13 31 43 67 73 97 103 139 151 193 199 223
178,43,7,178,6,31774,3,4.613000844183e-08,25,10,15,0.60000000,38.2373,7,7 19 37 67 79 97 103 109 127 151 157 163 181 211 241,13 31 43 61 73 139 193 199 223 229
179,101,6,187,6,35256,3,4.635511025240e-08,25,12,13,0.52000000,38.6325,7,7 31 37 67 73 97 103 109 139 151 157 211 229,13 19 43 61 79 127 163 181 193 199 223 241
180,212,6,151,7,123436,3,4.640384768539e-08,25,8,17,0.68000000,38.2373,7,7 13 19 37 43 61 73 79 97 103 127 157 193 199 211 229 241,31 67 109 139 151 163 181 223
181,152,6,165,7,149508,3,4.688876950582e-08,25,6,19,0.76000000,38.2373,7,7 13 19 31 37 43 61 73 97 103 109 127 139 151 163 181 193 229 241,67 79 157 199 211 223
182,203,7,227,7,356385,3,4.739483380487e-08,25,10,15,0.60000000,37.6973,7,7 19 61 67 73 79 103 151 157 163 181 193 199 211 223,13 31 37 43 97 109 127 139 229 241
183,106,6,135,7,93547,3,4.749583883589e-08,25,9,16,0.64000000,38.2373,7,7 13 19 37 43 67 73 79 127 139 151 157 163 211 223 229,31 61 97 103 109 181 193 199 241
184,169,6,203,7,242323,3,4.762795186909e-08,25,10,15,0.60000000,38.2373,19,19 31 61 67 79 97 109 127 139 151 157 163 211 223 241,7 13 37 43 73 103 181 193 199 229
185,109,7,153,7,128975,3,4.769068971944e-08,25,9,16,0.64000000,37.6973,7,7 19 43 67 73 79 109 127 139 157 163 193 199 211 229 241,13 31 37 61 97 103 151 181 223
186,130,7,131,7,108846,3,4.840540103559e-08,25,9,16,0.64000000,37.6973,7,7 19 31 37 67 97 103 109 127 139 157 163 181 199 229 241,13 43 61 73 79 151 193 211 223
187,65,6,152,6,23151,3,4.896256738509e-08,25,14,11,0.44000000,38.6325,7,7 67 79 109 139 181 193 199 211 223 241,13 19 31 37 43 61 73 97 103 127 151 157 163 229
188,59,7,130,7,85725,3,4.925870642599e-08,25,13,12,0.48000000,37.6973,13,13 31 67 79 97 103 127 151 157 163 199 229,7 19 37 43 61 73 109 139 181 193 211 223 241
189,147,7,197,7,235123,3,4.957687612975e-08,25,12,13,0.52000000,37.6973,13,13 19 31 61 67 79 97 103 109 139 151 163 229,7 37 43 73 127 157 181 193 199 211 223 241
190,230,6,247,6,72120,3,4.983968055314e-08,25,10,15,0.60000000,38.6325,7,7 31 37 43 61 79 103 139 151 157 163 181 199 211 241,13 19 67 73 97 109 127 193 223 229
191,228,6,161,7,143330,3,4.992145072569e-08,25,10,15,0.60000000,38.2373,13,13 19 31 43 61 67 73 103 109 127 157 163 211 223 241,7 37 79 97 139 151 181 193 199 229
192,79,7,134,7,92637,3,4.999987705783e-08,25,8,17,0.68000000,37.6973,7,7 19 37 43 61 67 73 79 97 103 109 151 157 181 193 211 241,13 31 127 139 163 199 223 229
193,196,7,229,7,353402,3,5.019873347370e-08,25,8,17,0.68000000,37.6973,7,7 13 19 31 73 79 97 109 127 139 151 157 163 181 199 211 229,37 43 61 67 103 193 223 241
194,110,6,119,7,69775,3,5.028195209709e-08,25,7,18,0.72000000,38.2373,13,13 31 37 43 61 67 73 79 109 127 151 157 163 181 193 199 211 241,7 19 97 103 139 223 229
195,216,6,247,7,383020,3,5.040832532061e-08,25,12,13,0.52000000,38.2373,7,7 61 67 79 97 103 109 127 163 181 193 211 229,13 19 31 37 43 73 139 151 157 199 223 241
196,228,6,223,7,302077,3,5.133349421065e-08,25,7,18,0.72000000,38.2373,13,13 19 31 43 67 73 79 97 109 127 139 151 157 163 181 193 199 229,7 37 61 103 211 223 241
197,165,7,167,7,190856,3,5.141303275853e-08,25,8,17,0.68000000,37.6973,7,7 13 19 31 37 61 67 79 103 127 151 157 163 181 199 229 241,43 73 97 109 139 193 211 223
198,221,6,245,7,375871,3,5.168692085499e-08,25,11,14,0.56000000,38.2373,13,13 19 31 37 73 79 109 127 139 181 193 199 211 223,7 43 61 67 97 103 151 157 163 229 241
199,83,7,201,7,236821,3,5.199436495590e-08,25,5,20,0.80000000,37.6973,7,7 13 31 37 43 61 67 73 79 97 103 109 127 139 151 157 163 181 199 223,19 193 211 229 241
200,179,7,226,7,330197,3,5.200292280078e-08,25,14,11,0.44000000,37.6973,19,19 31 79 97 103 127 139 151 193 199 211,7 13 37 43 61 67 73 109 157 163 181 223 229 241
201,71,7,175,6,33566,3,5.244907256484e-08,25,9,16,0.64000000,38.2373,13,13 19 31 37 43 67 73 79 97 109 127 139 151 181 193 211,7 61 103 157 163 199 223 229 241
202,53,7,190,6,36398,3,5.261144158434e-08,25,12,13,0.52000000,38.2373,7,7 19 31 97 103 109 139 151 163 181 199 211 223,13 37 43 61 67 73 79 127 157 193 229 241
203,198,5,139,6,19589,3,5.263629932549e-08,25,12,13,0.52000000,38.2373,7,7 13 19 31 43 67 97 103 109 151 163 193 229,37 61 73 79 127 139 157 181 199 211 223 241
204,204,6,199,7,231650,3,5.284234082442e-08,25,10,15,0.60000000,38.2373,7,7 31 37 43 61 67 73 103 127 139 151 157 163 193 223,13 19 79 97 109 181 199 211 229 241
205,207,6,113,7,67964,3,5.285691134049e-08,25,3,22,0.88000000,38.2373,7,7 13 19 31 37 43 61 67 73 79 97 103 109 127 139 151 157 181 199 211,163 193 241
206,203,6,244,7,372197,3,5.298167553298e-08,25,13,12,0.48000000,38.2373,13,13 19 37 43 67 97 127 157 163 199 223 241,7 31 61 73 79 103 109 139 151 181 193 211 229
207,221,6,191,7,210969,3,5.304468808337e-08,25,6,19,0.76000000,38.2373,7,7 13 19 31 37 43 67 73 79 97 109 127 139 151 157 163 181 193 199,61 103 211 223 229 241
208,89,7,196,7,223446,3,5.332738797520e-08,25,11,14,0.56000000,37.6973,7,7 13 37 61 67 73 103 127 139 151 181 193 199 223,19 31 43 79 97 109 157 163 211 229 241
209,223,6,248,6,70849,3,5.334300921989e-08,25,9,16,0.64000000,38.6325,7,7 37 67 73 79 97 103 109 127 139 151 181 193 199 211 241,13 19 31 43 61 157 163 223 229
210,129,7,226,7,313148,3,5.357365054338e-08,25,11,14,0.56000000,37.6973,7,7 13 61 67 103 109 127 139 151 181 193 211 223 229,19 31 37 43 73 79 97 157 163 199 241
211,222,5,209,6,43775,3,5.375886854483e-08,25,13,12,0.48000000,38.2373,7,7 13 19 43 61 79 97 103 127 157 193 229,31 37 67 73 109 139 151 163 181 199 211 223 241
212,72,7,245,6,60939,3,5.389335502434e-08,25,8,17,0.68000000,38.2373,7,7 31 37 43 61 73 79 97 103 109 163 193 199 211 223 229 241,13 19 67 127 139 151 157 181
213,37,6,173,5,630,4,5.397080586945e-08,53,25,28,0.52830189,73.5585,5,5 17 19 23 29 31 37 41 43 59 67 71 73 83 97 101 103 113 127 137,3 7 11 13 47 53 61 79 89 107 109 131 139 157 163 167 173 179 191 197
214,69,7,146,7,112439,3,5.405259782671e-08,25,7,18,0.72000000,37.6973,7,7 13 19 31 37 73 79 97 103 109 127 151 163 181 193 211 223 229,43 61 67 139 157 199 241
215,211,6,241,6,65745,3,5.422537051429e-08,25,8,17,0.68000000,38.6325,7,7 31 37 43 67 73 97 109 127 139 151 157 163 181 193 199 223,13 19 61 79 103 211 229 241
216,149,6,168,7,155886,3,5.441373465248e-08,25,10,15,0.60000000,38.2373,13,13 19 43 61 67 79 97 103 151 181 199 211 223 229 241,7 31 37 73 109 127 139 157 163 193
217,243,5,92,7,38402,3,5.452252484198e-08,25,10,15,0.60000000,38.2373,7,7 13 31 37 67 73 79 97 103 109 127 139 199 211 241,19 43 61 151 157 163 181 193 223 229
218,203,6,199,7,231637,3,5.465906437146e-08,25,10,15,0.60000000,38.2373,7,7 13 19 37 43 61 79 103 151 163 181 193 211 223 229,31 67 73 97 109 127 139 157 199 241
219,140,6,103,7,3380,4,5.503108145169e-08,53,23,30,0.56603774,73.5585,3,3 5 7 11 47 59 61 67 71 83 101 109 113 131 137 139 149 157 163 167,13 17 19 23 29 31 37 41 43 53 73 79 89 97 103 107 127 151 173 179
220,143,7,236,7,347594,3,5.576156687078e-08,25,7,18,0.72000000,37.6973,13,13 19 31 37 43 61 67 73 79 97 109 127 163 181 193 199 211 223,7 103 139 151 157 229 241
221,200,6,171,7,163108,3,5.607798419669e-08,25,9,16,0.64000000,38.2373,7,7 13 37 43 61 67 73 79 103 127 139 193 211 223 229 241,19 31 97 109 151 157 163 181 199
222,95,7,164,7,148287,3,5.722725616914e-08,25,7,18,0.72000000,37.6973,13,13 31 43 61 67 73 97 103 127 151 157 163 181 199 211 223 229 241,7 19 37 79 109 139 193
223,244,6,149,7,122571,3,5.735154471881e-08,25,8,17,0.68000000,38.2373,7,7 19 37 43 67 73 79 103 109 127 151 157 163 193 211 229 241,13 31 61 97 139 181 199 223
224,71,7,106,7,54227,3,5.855803346567e-08,25,11,14,0.56000000,37.6973,7,7 19 37 67 73 103 109 151 157 193 211 223 229 241,13 31 43 61 79 97 127 139 163 181 199
225,169,6,185,6,39872,3,5.868252013923e-08,25,8,17,0.68000000,38.6325,7,7 19 31 43 61 67 73 79 109 139 151 163 199 211 223 229 241,13 37 97 103 127 157 181 193
226,118,7,175,7,174844,3,5.878094069679e-08,25,9,16,0.64000000,37.6973,31,31 37 43 67 73 103 127 139 151 157 181 193 199 223 229 241,7 13 19 61 79 97 109 163 211
227,93,7,212,7,268268,3,5.906804880660e-08,25,8,17,0.68000000,37.6973,7,7 13 31 43 73 79 103 127 139 151 163 181 199 211 223 229 241,19 37 61 67 97 109 157 193
228,110,7,183,7,191911,3,5.922240271000e-08,25,10,15,0.60000000,37.6973,19,19 31 37 43 61 79 97 103 109 127 139 151 181 199 241,7 13 67 73 157 163 193 211 223 229
229,187,6,222,7,298577,3,5.929731070556e-08,25,9,16,0.64000000,38.2373,19,19 31 43 61 67 73 97 103 109 127 139 163 193 211 223 229,7 13 37 79 151 157 181 199 241
230,157,7,180,7,203870,3,5.936966138293e-08,25,13,12,0.48000000,37.6973,13,13 37 43 67 73 79 97 109 139 181 223 241,7 19 31 61 103 127 151 157 163 193 199 211 229
231,185,7,216,7,308475,3,5.984708805398e-08,25,8,17,0.68000000,37.6973,7,7 19 43 61 67 79 109 127 139 151 157 163 181 193 199 223 241,13 31 37 73 97 103 211 229
232,137,7,235,7,343374,3,6.001586963776e-08,25,6,19,0.76000000,37.6973,13,13 19 37 43 61 67 79 103 109 139 151 163 181 193 199 211 223 229 241,7 31 73 97 127 157
233,155,6,243,6,60346,3,6.002711424072e-08,25,10,15,0.60000000,38.6325,7,7 13 43 61 67 97 109 127 139 157 163 181 199 211 229,19 31 37 73 79 103 151 193 223 241
234,149,7,229,7,326031,3,6.056114308477e-08,25,8,17,0.68000000,37.6973,31,31 37 43 61 73 79 103 109 127 139 157 163 181 193 199 223 229,7 13 19 67 97 151 211 241
235,123,7,163,7,151584,3,6.067995146604e-08,25,9,16,0.64000000,37.6973,19,19 37 79 97 103 127 139 151 157 181 193 199 211 223 229 241,7 13 31 43 61 67 73 109 163
236,181,6,169,7,158376,3,6.125932035921e-08,25,10,15,0.60000000,38.2373,7,7 19 31 43 67 79 97 109 127 139 157 163 181 211 223,13 37 61 73 103 151 193 199 229 241
237,142,7,197,7,233183,3,6.161549039869e-08,25,7,18,0.72000000,37.6973,7,7 13 31 37 43 61 67 73 79 97 109 127 139 151 193 199 211 241,19 103 157 163 181 223 229
238,182,7,235,7,358809,3,6.199608625997e-08,25,12,13,0.52000000,37.6973,7,7 31 37 61 73 79 103 127 151 157 163 211 223,13 19 43 67 97 109 139 181 193 199 229 241
239,94,7,213,7,271242,3,6.248205077393e-08,25,8,17,0.68000000,37.6973,13,13 19 61 73 79 97 109 127 139 151 157 163 181 199 223 229 241,7 31 37 43 67 103 193 211
240,124,7,245,7,376658,3,6.257170379083e-08,25,9,16,0.64000000,37.6973,7,7 31 37 43 61 73 79 97 103 151 181 193 199 211 223 229,13 19 67 109 127 139 157 163 241
241,198,6,215,7,277183,3,6.264961115910e-08,25,8,17,0.68000000,38.2373,13,13 19 61 67 73 97 103 109 151 157 163 193 199 211 223 229 241,7 31 37 43 79 127 139 181
242,163,7,225,7,318305,3,6.301954617928e-08,25,7,18,0.72000000,37.6973,7,7 13 19 37 43 67 73 103 109 127 139 157 163 181 193 199 229 241,31 61 79 97 151 211 223
243,160,7,167,7,184759,3,6.332160991450e-08,25,9,16,0.64000000,37.6973,7,7 13 19 37 43 67 79 103 139 151 157 163 181 193 199 241,31 61 73 97 109 127 211 223 229
244,219,6,203,7,242816,3,6.351575795571e-08,25,12,13,0.52000000,38.2373,13,13 19 31 37 43 61 73 97 109 139 211 223 241,7 67 79 103 127 151 157 163 181 193 199 229
245,122,7,209,7,261204,3,6.356698867346e-08,25,8,17,0.68000000,37.6973,7,7 13 31 37 43 61 73 79 103 127 157 163 181 193 199 211 223,19 67 97 109 139 151 229 241
246,218,4,243,5,9471,3,6.367156571755e-08,25,11,14,0.56000000,38.2373,7,7 13 31 73 79 109 127 163 193 199 211 223 229 241,19 37 43 61 67 97 103 139 151 157 181
247,226,6,173,7,168348,3,6.372836980917e-08,25,9,16,0.64000000,38.2373,13,13 19 31 37 43 73 97 103 139 151 157 193 199 211 223 229,7 61 67 79 109 127 163 181 241
248,143,7,168,7,170997,3,6.378193222903e-08,25,7,18,0.72000000,37.6973,7,7 19 37 61 67 73 79 97 127 151 157 163 193 199 211 223 229 241,13 31 43 103 109 139 181
249,173,5,202,6,40835,3,6.384988089207e-08,25,5,20,0.80000000,38.2373,7,7 13 19 31 37 43 67 79 97 103 109 127 139 151 163 181 193 199 211 229,61 73 157 223 241
250,177,6,193,6,43521,3,6.385587860265e-08,25,11,14,0.56000000,38.6325,7,7 13 31 37 43 61 67 79 97 109 139 163 199 223,19 73 103 127 151 157 181 193 211 229 241
251,129,7,184,7,197766,3,6.387498816287e-08,25,7,18,0.72000000,37.6973,7,7 13 19 37 43 61 67 79 97 109 139 157 181 193 211 223 229 241,31 73 103 127 151 163 199
252,191,6,243,6,63367,3,6.400102586010e-08,25,9,16,0.64000000,38.6325,7,7 13 37 67 73 79 103 109 151 157 181 193 199 211 223 241,19 31 43 61 97 127 139 163 229
253,212,6,125,7,82798,3,6.441973016469e-08,25,9,16,0.64000000,38.2373,13,13 37 43 61 67 79 103 109 127 151 157 163 181 193 211 229,7 19 31 73 97 139 199 223 241
254,209,5,147,6,21890,3,6.477423919910e-08,25,10,15,0.60000000,38.2373,13,13 31 37 43 73 79 97 103 127 151 157 181 199 229 241,7 19 61 67 109 139 163 193 211 223
255,230,6,239,7,354875,3,6.499561678263e-08,25,5,20,0.80000000,38.2373,7,7 13 31 43 61 67 73 97 109 127 139 157 163 181 193 199 211 223 229 241,19 37 79 103 151
256,173,6,133,7,91376,3,6.543281950414e-08,25,11,14,0.56000000,38.2373,13,13 31 37 61 67 73 79 103 127 139 157 199 211 241,7 19 43 97 109 151 163 181 193 223 229
257,154,5,127,6,336,5,6.595765100693e-08,13,3,10,0.76923077,28.9853,11,11 31 41 61 101 151 181 191 241 251,71 131 211
258,127,6,166,7,151505,3,6.598621144260e-08,25,6,19,0.76000000,38.2373,13,13 19 43 61 67 79 103 127 139 151 157 163 181 193 199 211 223 229 241,7 31 37 73 97 109
259,146,5,123,6,15225,3,6.600995758871e-08,25,9,16,0.64000000,38.2373,19,19 31 37 61 79 103 109 127 139 157 163 181 211 223 229 241,7 13 43 67 73 97 151 193 199
260,140,5,173,6,29949,3,6.606748279287e-08,25,8,17,0.68000000,38.2373,31,31 37 43 61 67 73 79 103 109 127 139 163 193 199 223 229 241,7 13 19 97 151 157 181 211
261,187,7,250,7,410219,3,6.611285180756e-08,25,8,17,0.68000000,37.6973,7,7 13 31 43 61 67 79 103 109 139 151 157 163 181 199 223 229,19 37 73 97 127 193 211 241
262,209,6,151,7,123273,3,6.688323637859e-08,25,9,16,0.64000000,38.2373,7,7 13 37 61 73 79 97 103 157 163 181 193 199 211 223 229,19 31 43 67 109 127 139 151 241
263,197,5,213,6,45417,3,6.690248792089e-08,25,10,15,0.60000000,38.2373,7,7 19 31 37 73 97 103 109 127 139 151 157 181 193 241,13 43 61 67 79 163 199 211 223 229
264,90,7,151,7,122489,3,6.712895895829e-08,25,8,17,0.68000000,37.6973,7,7 13 19 37 67 73 79 97 103 151 157 163 181 199 211 223 229,31 43 61 109 127 139 193 241
265,183,7,242,7,381401,3,6.737438454846e-08,25,9,16,0.64000000,37.6973,7,7 13 19 37 61 67 73 79 97 109 139 157 193 199 229 241,31 43 103 127 151 163 181 211 223
266,221,6,200,7,234629,3,6.769997196077e-08,25,13,12,0.48000000,38.2373,7,7 19 61 73 79 97 127 139 163 199 211 223,13 31 37 43 67 103 109 151 157 181 193 229 241
267,97,7,179,7,181397,3,6.770804088916e-08,25,6,19,0.76000000,37.6973,7,7 13 19 31 37 61 67 73 97 103 109 139 181 193 199 211 223 229 241,43 79 127 151 157 163
268,181,7,248,7,400130,3,6.795117190116e-08,25,12,13,0.52000000,37.6973,7,7 19 31 37 43 61 97 103 109 157 199 223 229,13 67 73 79 127 139 151 163 181 193 211 241
269,56,7,109,7,56932,3,6.796493478772e-08,25,10,15,0.60000000,37.6973,7,7 19 37 67 79 103 109 127 139 151 157 193 211 223 229,13 31 43 61 73 97 163 181 199 241
270,219,5,89,7,35499,3,6.848920392530e-08,25,6,19,0.76000000,38.2373,7,7 13 19 43 61 67 73 79 97 109 127 139 151 157 163 181 193 223 241,31 37 103 199 211 229
271,155,7,206,7,261548,3,6.864938814979e-08,25,6,19,0.76000000,37.6973,7,7 31 37 43 61 67 73 79 97 103 109 151 157 181 199 211 223 229 241,13 19 127 139 163 193
272,155,7,228,7,324527,3,6.878439591946e-08,25,8,17,0.68000000,37.6973,7,7 19 31 37 67 73 79 97 103 109 127 139 151 163 181 193 211,13 43 61 157 199 223 229 241
273,148,6,247,6,61936,3,6.902148131948e-08,25,7,18,0.72000000,38.6325,7,7 31 43 67 73 79 97 109 139 151 157 163 181 193 199 211 223 241,13 19 37 61 103 127 229
274,98,6,93,7,39377,3,6.934644587525e-08,25,9,16,0.64000000,38.2373,7,7 13 37 43 67 79 97 103 127 139 151 163 181 193 223 229,19 31 61 73 109 157 199 211 241
275,138,6,91,7,38838,3,6.958422616052e-08,25,14,11,0.44000000,38.2373,37,37 61 67 73 103 139 163 181 199 229 241,7 13 19 31 43 79 97 109 127 151 157 193 211 223
276,247,6,210,7,263224,3,6.997926979783e-08,25,11,14,0.56000000,38.2373,13,13 43 73 97 109 151 157 163 181 193 199 211 229 241,7 19 31 37 61 67 79 103 127 139 223
277,247,6,250,7,394213,3,7.005951123568e-08,25,6,19,0.76000000,38.2373,13,13 19 31 43 61 67 73 79 97 103 109 127 151 157 163 193 199 229 241,7 37 139 181 211 223
278,187,5,213,6,45406,3,7.033901118643e-08,25,12,13,0.52000000,38.2373,7,7 13 19 31 37 67 103 127 139 157 163 211 241,43 61 73 79 97 109 151 181 193 199 223 229
279,119,6,131,6,19911,3,7.036887524657e-08,25,7,18,0.72000000,38.6325,19,19 31 43 61 73 79 109 127 139 151 157 163 181 193 199 223 229 241,7 13 37 67 97 103 211
280,145,6,166,7,151579,3,7.057304663614e-08,25,8,17,0.68000000,38.2373,13,13 19 37 43 61 67 79 103 109 157 163 181 193 199 223 229 241,7 31 73 97 127 139 151 211
281,106,6,185,6,34624,3,7.059500849425e-08,25,9,16,0.64000000,38.6325,7,7 31 43 67 79 97 109 127 139 151 157 163 181 193 199 241,13 19 37 61 73 103 211 223 229
282,213,7,215,7,345177,3,7.116820398929e-08,25,6,19,0.76000000,37.6973,19,19 31 37 61 73 97 103 109 127 139 151 157 163 181 199 211 223 229 241,7 13 43 67 79 193
283,67,7,168,7,155819,3,7.118870122160e-08,25,8,17,0.68000000,37.6973,7,7 13 19 37 43 61 67 73 79 109 139 163 181 193 211 223 241,31 97 103 127 151 157 199 229
284,41,7,100,7,46446,3,7.135448918409e-08,25,12,13,0.52000000,37.6973,13,13 31 37 43 61 79 97 139 151 157 163 211 223,7 19 67 73 103 109 127 181 193 199 229 241
285,59,6,185,6,34237,3,7.165881261581e-08,25,8,17,0.68000000,38.6325,7,7 19 31 61 67 73 79 97 139 151 157 163 193 199 211 223 241,13 37 43 103 109 127 181 229
286,95,7,176,7,174361,3,7.178740123548e-08,25,8,17,0.68000000,37.6973,7,7 13 19 37 43 61 67 97 109 127 139 163 181 199 211 229 241,31 73 79 103 151 157 193 223
287,222,6,227,7,314739,3,7.182281193623e-08,25,11,14,0.56000000,38.2373,7,7 19 31 37 43 67 103 109 127 157 193 199 223 241,13 61 73 79 97 139 151 163 181 211 229
288,222,6,239,7,354800,3,7.206745126762e-08,25,6,19,0.76000000,38.2373,7,7 13 19 31 37 43 61 73 79 97 103 109 127 139 151 157 199 223 229,67 163 181 193 211 241
289,63,7,110,7,3755,4,7.223684459021e-08,53,22,31,0.58490566,72.1671,3,3 5 7 11 17 19 31 37 41 53 59 79 83 89 97 101 103 107 109 113,13 23 29 43 47 61 67 71 73 127 139 167 173 179 191 193 197 199 211 227
290,39,7,133,6,17834,3,7.241440076665e-08,25,8,17,0.68000000,38.2373,7,7 31 37 43 61 67 73 79 103 151 163 181 193 199 211 229 241,13 19 97 109 127 139 157 223
291,211,6,233,7,334328,3,7.265543258729e-08,25,4,21,0.84000000,38.2373,7,7 19 31 37 43 61 67 73 79 97 109 127 139 157 181 193 199 211 223 229,13 103 151 163
292,151,4,174,5,5429,3,7.271837872392e-08,25,6,19,0.76000000,38.2373,7,7 13 19 31 37 43 61 73 79 97 103 151 157 163 193 199 223 229 241,67 109 127 139 181 211
293,129,6,169,6,30332,3,7.277316841734e-08,25,9,16,0.64000000,38.6325,7,7 31 37 61 67 73 79 103 127 139 163 181 193 223 229 241,13 19 43 97 109 151 157 199 211
294,172,7,183,7,224578,3,7.285527320158e-08,25,6,19,0.76000000,37.6973,7,7 13 19 31 37 67 79 97 109 127 139 151 157 181 199 211 223 229 241,43 61 73 103 163 193
295,135,5,86,7,32660,3,7.290763916888e-08,25,9,16,0.64000000,38.2373,13,13 19 31 43 61 67 73 97 103 109 139 151 157 193 211 241,7 37 79 127 163 181 199 223 229
296,238,4,47,7,845,4,7.340853845322e-08,53,19,34,0.64150943,73.5585,5,5 7 19 29 31 37 53 67 73 79 83 89 97 101 107 113 127 131 137 149,3 11 13 17 23 41 43 47 59 61 71 103 109 139 151 197 199 223 241
297,136,5,169,6,28580,3,7.347918002162e-08,25,9,16,0.64000000,38.2373,13,13 19 31 37 61 67 73 79 97 109 127 151 193 223 229 241,7 43 103 139 157 163 181 199 211
298,172,7,227,7,328694,3,7.368729733039e-08,25,10,15,0.60000000,37.6973,13,13 43 61 67 97 109 127 157 163 181 193 199 211 223 229,7 19 31 37 73 79 103 139 151 241
299,183,3,190,4,1094,3,7.408320596775e-08,25,9,16,0.64000000,38.2373,7,7 13 31 37 61 67 73 103 127 163 181 193 199 211 229 241,19 43 79 97 109 139 151 157 223
300,198,7,229,7,355573,3,7.413098537275e-08,25,12,13,0.52000000,37.6973,19,19 31 73 79 97 103 109 163 181 193 211 223 229,7 13 37 43 61 67 127 139 151 157 199 241
301,147,7,227,7,319262,3,7.421055936579e-08,25,7,18,0.72000000,37.6973,7,7 13 19 31 37 61 67 79 97 127 139 157 163 193 199 211 223 241,43 73 103 109 151 181 229
302,131,7,185,7,200653,3,7.438509662890e-08,25,13,12,0.48000000,37.6973,13,13 37 61 73 97 103 127 157 181 223 229 241,7 19 31 43 67 79 109 139 151 163 193 199 211
303,188,6,179,7,181025,3,7.446854456661e-08,25,5,20,0.80000000,38.2373,7,7 13 19 31 37 67 73 97 103 109 139 151 157 163 181 199 211 223 229 241,43 61 79 127 193
304,177,6,140,7,102753,3,7.495038128481e-08,25,12,13,0.52000000,38.2373,13,13 37 43 73 97 103 109 139 157 163 193 199 241,7 19 31 61 67 79 127 151 181 211 223 229
305,36,7,53,7,10781,3,7.532827980419e-08,25,8,17,0.68000000,37.6973,7,7 13 31 61 67 97 103 109 127 139 163 181 193 199 211 229 241,19 37 43 73 79 151 157 223
306,151,6,97,7,45250,3,7.618260291638e-08,25,9,16,0.64000000,38.2373,13,13 19 31 37 61 79 127 139 151 157 163 193 199 211 223 241,7 43 67 73 97 103 109 181 229
307,163,6,137,7,97420,3,7.633366215092e-08,25,11,14,0.56000000,38.2373,7,7 37 43 61 67 73 127 139 157 163 199 223 229 241,13 19 31 79 97 103 109 151 181 193 211
308,53,7,229,6,52583,3,7.636447851872e-08,25,12,13,0.52000000,38.2373,7,7 19 67 73 79 97 127 151 181 193 211 223 241,13 31 37 43 61 103 109 139 157 163 199 229
309,237,6,250,7,394106,3,7.637234726845e-08,25,6,19,0.76000000,38.2373,13,13 19 61 67 73 79 97 103 109 127 139 151 181 193 199 211 223 229 241,7 31 37 43 157 163
310,179,7,248,7,399136,3,7.650287603409e-08,25,8,17,0.68000000,37.6973,13,13 19 31 37 67 73 97 103 109 127 139 157 163 199 223 229 241,7 43 61 79 151 181 193 211
311,213,5,206,6,42517,3,7.666450883458e-08,25,6,19,0.76000000,38.2373,13,13 19 31 37 43 61 73 97 103 109 139 151 157 163 193 199 211 223 241,7 67 79 127 181 229
312,240,4,229,5,892,4,7.699960120599e-08,53,23,30,0.56603774,73.5585,5,5 7 11 13 17 19 23 31 41 47 53 61 89 97 101 107 113 127 137 149,3 29 37 43 59 67 71 73 79 83 103 109 131 139 151 157 167 179 191 197
313,177,4,146,5,4068,3,7.746606216303e-08,25,9,16,0.64000000,38.2373,13,13 31 43 61 73 79 103 127 139 151 157 163 193 211 229 241,7 19 37 67 97 109 181 199 223
314,195,6,176,7,174198,3,7.783722647709e-08,25,7,18,0.72000000,38.2373,7,7 13 19 31 37 43 73 79 103 127 139 151 157 163 181 199 211 241,61 67 97 109 193 223 229
315,80,7,173,7,167017,3,7.784211165128e-08,25,8,17,0.68000000,37.6973,13,13 31 37 43 61 67 79 97 109 127 139 157 163 181 193 223 229,7 19 73 103 151 199 211 241
316,167,6,178,7,178457,3,7.802049899459e-08,25,13,12,0.48000000,38.2373,7,7 61 79 97 103 127 139 151 157 181 211 223,13 19 31 37 43 67 73 109 163 193 199 229 241
317,87,7,200,7,234151,3,7.803118330952e-08,25,9,16,0.64000000,37.6973,13,13 31 37 61 73 79 97 109 139 151 157 163 193 223 229 241,7 19 43 67 103 127 181 199 211
318,109,7,239,7,354967,3,7.840480588013e-08,25,7,18,0.72000000,37.6973,7,7 13 19 37 43 67 73 109 127 139 151 163 193 199 211 223 229 241,31 61 79 97 103 157 181
319,234,6,197,7,226884,3,7.841630044565e-08,25,6,19,0.76000000,38.2373,7,7 13 31 37 73 79 97 103 109 127 139 157 163 181 193 211 223 229 241,19 43 61 67 151 199
320,229,6,156,7,133749,3,7.842574850943e-08,25,10,15,0.60000000,38.2373,7,7 31 37 43 61 67 73 127 157 163 181 193 223 229 241,13 19 79 97 103 109 139 151 199 211
321,198,6,175,7,171981,3,7.856705424643e-08,25,8,17,0.68000000,38.2373,31,31 43 67 73 79 103 127 139 151 157 163 181 193 211 223 229 241,7 13 19 37 61 97 109 199
322,196,6,159,7,137960,3,7.888574162304e-08,25,5,20,0.80000000,38.2373,7,7 13 31 37 43 61 67 73 79 97 103 109 139 151 157 181 193 199 211 241,19 127 163 223 229
323,42,5,209,4,1268,3,7.897108690554e-08,25,9,16,0.64000000,38.2373,13,13 19 31 43 67 73 109 127 139 151 157 193 199 223 229 241,7 37 61 79 97 103 163 181 211
324,101,5,115,6,13245,3,7.961926938690e-08,25,10,15,0.60000000,38.2373,13,13 19 31 61 79 97 103 127 151 157 163 199 211 229 241,7 37 43 67 73 109 139 181 193 223
325,146,5,105,6,11204,3,8.101127729511e-08,25,13,12,0.48000000,38.2373,13,13 19 37 79 103 109 139 151 193 211 223 229,7 31 43 61 67 73 97 127 157 163 181 199 241
326,107,7,225,7,308475,3,8.136564456671e-08,25,4,21,0.84000000,37.6973,7,7 13 19 31 43 61 67 73 79 103 109 127 151 157 163 181 193 211 223 229,37 97 139 199
327,97,7,250,7,393899,3,8.204196781066e-08,25,7,18,0.72000000,37.6973,7,7 13 19 31 37 61 67 73 79 97 103 109 127 151 163 211 223 229,43 139 157 181 193 199 241
328,241,6,243,7,368961,3,8.269462345469e-08,25,10,15,0.60000000,38.2373,19,19 61 97 103 109 139 151 157 163 181 193 199 211 229 241,7 13 31 37 43 67 73 79 127 223
329,163,7,237,7,355837,3,8.270991918169e-08,25,7,18,0.72000000,37.6973,13,13 19 31 37 43 61 73 79 97 103 109 151 163 181 199 211 223 229,7 67 127 139 157 193 241
330,235,6,218,7,286706,3,8.282714799644e-08,25,10,15,0.60000000,38.2373,7,7 13 19 31 37 79 97 127 157 193 199 211 223 229 241,43 61 67 73 103 109 139 151 163 181
331,199,6,243,7,368633,3,8.283099359949e-08,25,9,16,0.64000000,38.2373,13,13 19 31 37 61 67 97 103 109 127 139 151 163 199 223 241,7 43 73 79 157 181 193 211 229
332,179,5,50,7,9882,3,8.297167468087e-08,25,10,15,0.60000000,38.2373,7,7 13 19 67 73 97 103 109 139 157 163 181 211 229 241,31 37 43 61 79 127 151 193 199 223
333,229,6,204,7,245782,3,8.322261108085e-08,25,5,20,0.80000000,38.2373,7,7 19 31 37 43 61 67 73 79 103 109 127 139 151 181 193 199 211 223 229,13 97 157 163 241
334,179,7,180,7,229008,3,8.337277331969e-08,25,9,16,0.64000000,37.6973,7,7 31 37 43 67 73 79 109 127 151 163 181 193 223 229 241,13 19 61 97 103 139 157 199 211
335,206,7,231,7,370456,3,8.343214811066e-08,25,8,17,0.68000000,37.6973,7,7 31 37 67 79 97 103 109 127 157 163 181 193 199 211 229 241,13 19 43 61 73 139 151 223
336,241,7,250,7,476594,3,8.362097138142e-08,25,8,17,0.68000000,37.6973,13,13 31 61 67 73 97 103 127 139 151 157 181 199 211 223 229 241,7 19 37 43 79 109 163 193
337,203,7,229,7,361474,3,8.383771176924e-08,25,11,14,0.56000000,37.6973,7,7 13 31 61 73 79 97 103 109 157 181 193 199 211,19 37 43 67 127 139 151 163 223 229 241
338,181,7,185,7,239750,3,8.389599587767e-08,25,11,14,0.56000000,37.6973,7,7 13 31 37 43 79 97 127 157 181 193 199 211 223,19 61 67 73 103 109 139 151 163 229 241
339,103,5,101,6,10238,3,8.393525815109e-08,25,9,16,0.64000000,38.2373,7,7 19 37 61 67 73 79 97 127 151 157 163 181 193 199 241,13 31 43 103 109 139 211 223 229
340,180,4,167,5,5078,3,8.442686388586e-08,25,11,14,0.56000000,38.2373,13,13 31 37 43 73 97 103 139 163 181 199 211 223 241,7 19 61 67 79 109 127 151 157 193 229
341,211,6,250,7,393915,3,8.457812378829e-08,25,8,17,0.68000000,38.2373,13,13 19 31 37 43 61 73 79 103 127 139 151 163 199 211 229 241,7 67 97 109 157 181 193 223
342,134,6,165,6,29613,3,8.568235282368e-08,25,10,15,0.60000000,38.6325,7,7 13 43 79 97 103 109 139 151 157 181 193 199 223 229,19 31 37 61 67 73 127 163 211 241
343,151,7,189,7,218310,3,8.568262659367e-08,25,7,18,0.72000000,37.6973,7,7 13 19 37 61 67 97 103 109 139 151 163 193 199 211 223 229 241,31 43 73 79 127 157 181
344,143,7,223,7,305980,3,8.598550285040e-08,25,10,15,0.60000000,37.6973,7,7 13 31 37 67 73 79 127 151 181 193 211 223 229 241,19 43 61 97 103 109 139 157 163 199
345,119,7,205,7,249616,3,8.658366626643e-08,25,8,17,0.68000000,37.6973,7,7 19 43 61 67 79 97 103 139 151 157 181 193 199 211 229 241,13 31 37 73 109 127 163 223
346,224,6,241,7,361765,3,8.660717996737e-08,25,6,19,0.76000000,38.2373,7,7 13 19 31 61 73 79 97 103 109 127 139 151 157 181 193 199 211 223,37 43 67 163 229 241
347,73,7,177,7,176021,3,8.708923754729e-08,25,9,16,0.64000000,37.6973,7,7 13 31 37 61 73 79 97 109 157 163 193 199 223 229 241,19 43 67 103 127 139 151 181 211
348,242,7,243,7,17722,4,8.764623270556e-08,53,19,34,0.64150943,72.1671,3,3 17 41 53 59 61 67 71 73 79 83 89 101 107 109 113 131 137 149 151,5 7 11 13 19 23 29 31 37 43 47 97 103 127 139 167 191 211 233
349,137,7,212,7,272129,3,8.772102578395e-08,25,8,17,0.68000000,37.6973,13,13 31 37 43 61 67 73 97 103 127 139 151 157 163 193 229 241,7 19 79 109 181 199 211 223
350,130,7,229,7,322855,3,8.803131258855e-08,25,8,17,0.68000000,37.6973,7,7 37 43 67 73 79 103 109 127 139 157 163 181 199 211 223 229,13 19 31 61 97 151 193 241
351,167,7,168,7,194867,3,8.808672165328e-08,25,12,13,0.52000000,37.6973,37,37 43 97 109 127 139 151 181 199 211 223 229 241,7 13 19 31 61 67 73 79 103 157 163 193
352,117,7,235,7,341653,3,8.836314389235e-08,25,8,17,0.68000000,37.6973,7,7 19 31 61 73 79 97 103 109 127 139 151 157 163 193 199 241,13 37 43 67 181 211 223 229
353,215,6,201,7,237246,3,8.876149186772e-08,25,13,12,0.48000000,38.2373,13,13 19 31 43 79 97 127 151 163 193 211 229,7 37 61 67 73 103 109 139 157 181 199 223 241
354,211,6,128,7,86677,3,8.888776136725e-08,25,7,18,0.72000000,38.2373,7,7 13 19 31 37 43 61 79 97 103 127 139 163 193 211 223 229 241,67 73 109 151 157 181 199
355,89,6,47,7,10012,3,8.937386782628e-08,25,10,15,0.60000000,38.2373,13,13 19 31 67 73 79 97 103 109 127 157 181 199 211 223,7 37 43 61 139 151 163 193 229 241
356,116,7,219,7,290215,3,8.963511265315e-08,25,12,13,0.52000000,37.6973,19,19 61 79 97 103 109 127 139 157 193 223 229 241,7 13 31 37 43 67 73 151 163 181 199 211
357,236,6,211,7,265866,3,8.972520193838e-08,25,8,17,0.68000000,38.2373,7,7 13 19 37 43 67 73 103 127 139 163 181 193 199 223 229 241,31 61 79 97 109 151 157 211
358,167,4,192,4,215,4,8.985606357316e-08,53,21,32,0.60377358,76.4269,5,5 7 13 17 23 29 31 37 41 43 53 59 71 73 83 89 101 109 137 149,3 11 19 47 61 67 79 97 103 107 113 127 131 139 151 167 191 199 227 233
359,123,7,160,7,145971,3,9.023109388748e-08,25,9,16,0.64000000,37.6973,7,7 13 37 61 67 103 109 139 157 163 193 199 211 223 229 241,19 31 43 73 79 97 127 151 181
360,163,7,184,7,216853,3,9.039023651799e-08,25,9,16,0.64000000,37.6973,7,7 13 19 37 73 79 103 109 127 151 157 193 199 211 223 241,31 43 61 67 97 139 163 181 229
361,237,5,203,6,2900,4,9.052574577855e-08,53,21,32,0.60377358,73.5585,7,7 13 19 23 29 37 41 47 53 59 61 67 73 89 97 109 113 131 137 149,3 5 11 17 31 43 71 79 83 101 103 107 127 139 151 163 191 199 223 227
362,227,6,188,7,203580,3,9.082693212469e-08,25,7,18,0.72000000,38.2373,13,13 19 31 37 61 67 73 97 103 109 139 157 181 193 199 211 223 229,7 43 79 127 151 163 241
363,151,6,137,7,97177,3,9.084054715399e-08,25,8,17,0.68000000,38.2373,7,7 31 37 43 61 73 97 109 139 151 157 181 193 199 211 229 241,13 19 67 79 103 127 163 223
364,87,7,212,7,268164,3,9.115146410062e-08,25,3,22,0.88000000,37.6973,7,7 19 31 37 43 61 67 73 97 103 109 127 139 151 157 163 181 193 211 223,13 79 199
365,98,6,177,6,31627,3,9.218361487825e-08,25,9,16,0.64000000,38.6325,13,13 31 43 61 67 73 79 97 103 139 157 181 193 199 211 241,7 19 37 109 127 151 163 223 229
366,102,7,193,7,216085,3,9.220940848840e-08,25,8,17,0.68000000,37.6973,13,13 19 31 37 67 73 97 109 139 151 157 163 193 211 223 229 241,7 43 61 79 103 127 181 199
367,99,7,224,7,305062,3,9.221261543589e-08,25,11,14,0.56000000,37.6973,31,31 43 61 67 79 97 109 139 157 163 193 199 223 229,7 13 19 37 73 103 127 151 181 211 241
368,212,5,171,6,29407,3,9.229959217526e-08,25,10,15,0.60000000,38.2373,7,7 13 19 31 61 67 97 103 127 151 157 199 211 223 229,37 43 73 79 109 139 163 181 193 241
369,159,6,80,7,33361,3,9.259955567791e-08,25,10,15,0.60000000,38.2373,7,7 31 37 43 61 73 79 97 103 109 127 139 157 193 199,13 19 67 151 163 181 211 223 229 241
370,75,7,194,7,217967,3,9.325456811839e-08,25,8,17,0.68000000,37.6973,7,7 13 19 31 37 67 79 103 109 127 157 163 181 193 199 211 241,43 61 73 97 139 151 223 229
371,209,6,194,7,218457,3,9.347239562221e-08,25,8,17,0.68000000,38.2373,19,19 31 67 73 103 109 127 139 151 157 163 181 193 211 223 229 241,7 13 37 43 61 79 97 199
372,115,7,202,7,240953,3,9.428708355182e-08,25,10,15,0.60000000,37.6973,7,7 19 43 61 73 97 103 109 151 181 193 199 211 223 241,13 31 37 67 79 127 139 157 163 229
373,44,7,223,6,49772,3,9.481512526046e-08,25,7,18,0.72000000,38.2373,7,7 13 19 37 43 61 73 97 103 109 139 151 157 181 193 211 223 241,31 67 79 127 163 199 229
374,169,7,245,7,384678,3,9.520849359783e-08,25,10,15,0.60000000,37.6973,13,13 19 37 43 61 67 127 139 151 157 163 181 199 211 223,7 31 73 79 97 103 109 193 229 241
375,202,6,213,7,271256,3,9.567156638833e-08,25,12,13,0.52000000,38.2373,7,7 13 43 61 109 127 139 151 157 163 181 199 241,19 31 37 67 73 79 97 103 193 211 223 229
376,113,7,234,7,338107,3,9.570803844180e-08,25,10,15,0.60000000,37.6973,7,7 13 43 61 67 73 97 103 109 139 157 181 211 223 229,19 31 37 79 127 151 163 193 199 241
377,97,5,131,6,1500,4,9.571120987654e-08,53,22,31,0.58490566,73.5585,3,3 5 11 17 29 37 43 53 67 71 83 89 97 101 107 113 127 131 137 139,7 13 19 23 31 41 47 59 61 73 79 103 109 163 167 179 191 193 199 211
378,132,7,247,7,384371,3,9.577302757541e-08,25,7,18,0.72000000,37.6973,13,13 37 43 61 67 73 79 97 109 127 139 151 157 163 193 199 223 229,7 19 31 103 181 211 241
379,236,6,169,7,160184,3,9.595356982091e-08,25,11,14,0.56000000,38.2373,7,7 19 31 37 61 67 79 97 109 127 139 151 199 223,13 43 73 103 157 163 181 193 211 229 241
380,249,6,146,7,118224,3,9.617063816769e-08,25,7,18,0.72000000,38.2373,13,13 19 31 37 43 61 67 79 97 103 109 127 151 163 181 211 223 229,7 73 139 157 193 199 241
381,33,7,170,6,28917,3,9.628692007917e-08,25,7,18,0.72000000,38.2373,13,13 19 31 37 43 61 67 73 109 127 151 163 181 193 199 211 229 241,7 79 97 103 139 157 223
382,57,7,232,6,54048,3,9.630582129128e-08,25,4,21,0.84000000,38.2373,7,7 13 31 43 61 73 79 97 103 109 127 151 157 163 181 193 199 211 223 229,19 37 67 139
383,88,7,199,7,231456,3,9.707368986216e-08,25,10,15,0.60000000,37.6973,19,19 31 37 61 67 73 79 97 103 109 127 157 163 181 241,7 13 43 139 151 193 199 211 223 229
384,99,7,247,7,383001,3,9.748800106404e-08,25,7,18,0.72000000,37.6973,7,7 19 31 37 61 67 73 79 103 109 127 157 163 181 193 199 229 241,13 43 97 139 151 211 223
385,223,6,175,7,172685,3,9.769669862936e-08,25,7,18,0.72000000,38.2373,13,13 19 31 37 43 67 73 97 109 127 139 151 163 193 199 223 229 241,7 61 79 103 157 181 211
386,149,7,197,7,236007,3,9.795115450919e-08,25,7,18,0.72000000,37.6973,7,7 19 31 43 61 67 73 79 103 109 127 139 151 157 181 211 223 229,13 37 97 163 193 199 241
387,208,7,229,7,368082,3,9.837590705052e-08,25,12,13,0.52000000,37.6973,7,7 31 43 61 73 103 109 127 139 151 163 181 241,13 19 37 67 79 97 157 193 199 211 223 229
388,97,7,104,7,59664,3,9.861622824954e-08,25,9,16,0.64000000,37.6973,7,7 13 37 61 73 79 97 103 139 157 163 193 199 211 223 241,19 31 43 67 109 127 151 181 229
389,54,7,241,6,58213,3,9.877770264983e-08,25,9,16,0.64000000,38.2373,13,13 19 43 61 73 79 103 127 139 157 163 181 193 211 229 241,7 31 37 67 97 109 151 199 223
390,201,6,242,7,2175,5,9.907044405843e-08,13,3,10,0.76923077,28.9853,11,11 31 41 71 131 151 181 191 211 241,61 101 251
391,129,6,71,7,23930,3,9.954556904653e-08,25,8,17,0.68000000,38.2373,7,7 19 31 37 43 61 67 97 103 127 139 151 163 211 223 229 241,13 73 79 109 157 181 193 199
392,148,4,115,5,2741,3,1.005178611202e-07,25,8,17,0.68000000,38.2373,19,19 31 37 61 73 97 109 139 151 157 163 181 193 199 211 223 229,7 13 43 67 79 103 127 241
393,109,7,250,7,394118,3,1.005958258033e-07,25,7,18,0.72000000,37.6973,7,7 13 19 31 37 43 61 67 73 79 127 139 151 181 193 223 229 241,97 103 109 157 163 199 211
394,113,6,245,6,60217,3,1.006176738610e-07,25,10,15,0.60000000,38.6325,31,31 61 67 79 97 103 139 151 163 181 193 199 211 229 241,7 13 19 37 43 73 109 127 157 223
395,154,7,207,7,263711,3,1.008253563481e-07,25,8,17,0.68000000,37.6973,7,7 31 37 43 67 73 79 97 103 109 139 163 181 193 199 223 229,13 19 61 127 151 157 211 241
396,195,6,224,7,304925,3,1.010383988386e-07,25,9,16,0.64000000,38.2373,13,13 31 37 43 67 73 79 103 109 151 157 163 193 211 229 241,7 19 61 97 127 139 181 199 223
397,97,7,246,7,379370,3,1.010690502786e-07,25,6,19,0.76000000,37.6973,13,13 19 31 37 43 61 67 79 103 127 139 151 157 181 193 199 223 229 241,7 73 97 109 163 211
398,83,7,185,6,40661,3,1.012334462917e-07,25,9,16,0.64000000,38.2373,13,13 19 31 37 61 67 97 103 109 127 139 181 211 223 229 241,7 43 73 79 151 157 163 193 199
399,249,6,157,7,137323,3,1.020217407431e-07,25,10,15,0.60000000,38.2373,7,7 19 31 37 67 73 79 97 127 139 151 163 181 193 211,13 43 61 103 109 157 199 223 229 241
400,89,7,223,7,301725,3,1.020310270723e-07,25,8,17,0.68000000,37.6973,7,7 19 31 43 61 67 73 97 103 109 127 157 163 193 211 223 241,13 37 79 139 151 181 199 229
401,192,7,227,7,343914,3,1.029245036351e-07,25,6,19,0.76000000,37.6973,13,13 19 31 37 43 61 73 103 109 139 151 157 163 181 193 199 223 229 241,7 67 79 97 127 211
402,151,5,56,7,12177,3,1.030429048632e-07,25,12,13,0.52000000,38.2373,7,7 19 31 79 103 127 151 163 181 193 211 223 229,13 37 43 61 67 73 97 109 139 157 199 241
403,113,7,195,7,222104,3,1.033421142365e-07,25,9,16,0.64000000,37.6973,13,13 19 31 43 61 73 97 103 127 151 163 193 199 211 229 241,7 37 67 79 109 139 157 181 223
404,206,5,179,6,32161,3,1.034292875692e-07,25,11,14,0.56000000,38.2373,19,19 37 43 61 73 97 127 157 181 193 199 223 229 241,7 13 31 67 79 103 109 139 151 163 211
405,176,6,159,7,137486,3,1.034969862379e-07,25,10,15,0.60000000,38.2373,13,13 19 31 37 43 67 79 103 109 151 157 181 193 223 229,7 61 73 97 127 139 163 199 211 241
406,175,7,193,7,246628,3,1.035048287496e-07,25,9,16,0.64000000,37.6973,7,7 13 37 43 61 73 97 109 127 139 151 157 181 193 199 241,19 31 67 79 103 163 211 223 229
407,98,7,139,7,102894,3,1.037502736422e-07,25,11,14,0.56000000,37.6973,13,13 31 61 67 103 109 127 139 157 181 193 199 223 229,7 19 37 43 73 79 97 151 163 211 241
408,77,7,149,7,6370,4,1.038943090067e-07,53,22,31,0.58490566,72.1671,5,5 11 13 17 19 23 29 31 37 41 53 61 67 71 73 79 89 101 103 107,3 7 43 47 59 83 97 113 127 139 151 157 163 179 191 193 199 211 223 227
409,209,6,206,7,251066,3,1.040756565015e-07,25,14,11,0.44000000,38.2373,7,7 13 19 31 61 139 157 163 193 211 229,37 43 67 73 79 97 103 109 127 151 181 199 223 241
410,184,6,203,7,242411,3,1.043997930246e-07,25,10,15,0.60000000,38.2373,13,13 19 31 61 97 103 127 139 157 193 199 211 223 229 241,7 37 43 67 73 79 109 151 163 181
411,92,7,149,7,119025,3,1.047391752167e-07,25,9,16,0.64000000,37.6973,7,7 19 31 61 67 79 97 103 139 151 157 163 181 193 199 229,13 37 43 73 109 127 211 223 241
412,37,7,197,6,38830,3,1.059110344390e-07,25,8,17,0.68000000,38.2373,7,7 31 61 67 73 79 97 103 109 127 139 151 157 181 193 199 229,13 19 37 43 163 211 223 241
413,190,6,173,7,167328,3,1.059944750107e-07,25,8,17,0.68000000,38.2373,13,13 19 31 37 61 67 79 103 109 127 151 157 163 181 193 199 241,7 43 73 97 139 211 223 229
414,238,5,209,6,43814,3,1.061044860705e-07,25,7,18,0.72000000,38.2373,13,13 19 31 37 43 61 67 73 97 109 127 151 157 163 193 211 229 241,7 79 103 139 181 199 223
415,205,6,217,6,56319,3,1.064847965744e-07,25,5,20,0.80000000,38.6325,13,13 43 61 67 73 79 97 103 109 127 139 157 163 181 193 199 211 223 229 241,7 19 31 37 151
416,204,6,247,7,382953,3,1.065458454818e-07,25,11,14,0.56000000,38.2373,7,7 37 43 61 79 109 127 157 163 181 193 211 223 241,13 19 31 67 73 97 103 139 151 199 229
417,98,7,211,7,265460,3,1.067265116443e-07,25,8,17,0.68000000,37.6973,13,13 19 43 61 67 73 97 127 139 151 157 163 181 193 199 223 229,7 31 37 79 103 109 211 241
418,201,6,185,7,195591,3,1.068083492794e-07,25,7,18,0.72000000,38.2373,7,7 13 19 43 67 103 109 127 139 151 163 181 193 199 211 223 229 241,31 37 61 73 79 97 157
419,236,5,199,6,39756,3,1.068216706921e-07,25,9,16,0.64000000,38.2373,7,7 13 19 31 37 67 73 97 103 127 163 181 193 199 211 229,43 61 79 109 139 151 157 223 241
420,199,6,237,7,347771,3,1.071046420934e-07,25,8,17,0.68000000,38.2373,13,13 19 31 37 43 67 97 103 109 127 139 163 181 199 211 223 241,7 61 73 79 151 157 193 229
421,124,7,133,7,105878,3,1.077166138645e-07,25,7,18,0.72000000,37.6973,7,7 13 19 31 37 43 61 67 79 103 139 163 193 199 211 223 229 241,73 97 109 127 151 157 181
422,167,7,232,7,341419,3,1.080025281551e-07,25,11,14,0.56000000,37.6973,13,13 37 61 67 73 97 127 139 151 157 163 199 223 241,7 19 31 43 79 103 109 181 193 211 229
423,172,4,189,5,6232,3,1.080949007778e-07,25,12,13,0.52000000,38.2373,7,7 37 43 61 67 79 103 109 127 151 181 199 211,13 19 31 73 97 139 157 163 193 223 229 241
424,233,6,169,7,160018,3,1.081878413823e-07,25,13,12,0.48000000,38.2373,7,7 61 67 73 97 103 127 151 163 193 199 241,13 19 31 37 43 79 109 139 157 181 211 223 229
425,105,7,232,7,331157,3,1.082739341302e-07,25,9,16,0.64000000,37.6973,13,13 19 37 43 79 97 103 109 127 139 151 163 181 193 223 229,7 31 61 67 73 157 199 211 241
426,87,6,233,6,54338,3,1.084639885120e-07,25,7,18,0.72000000,38.6325,7,7 13 31 37 61 67 73 97 103 127 151 163 181 193 199 211 223 229,19 43 79 109 139 157 241
427,95,7,233,6,61255,3,1.088038959807e-07,25,9,16,0.64000000,38.2373,7,7 31 43 61 67 73 97 103 109 127 181 193 199 211 229 241,13 19 37 79 139 151 157 163 223
428,177,7,214,7,296237,3,1.088153914121e-07,25,9,16,0.64000000,37.6973,19,19 37 43 61 67 73 103 109 139 151 181 193 199 223 229 241,7 13 31 79 97 127 157 163 211
429,191,7,234,7,362638,3,1.094946519002e-07,25,4,21,0.84000000,37.6973,7,7 13 19 31 37 43 61 67 79 97 103 109 139 151 157 163 181 199 211 223,73 127 193 241
430,137,6,77,7,28298,3,1.095361057922e-07,25,7,18,0.72000000,38.2373,13,13 37 43 61 67 73 97 103 109 127 139 151 157 181 193 199 223 241,7 19 31 79 163 211 229
431,72,7,143,7,107226,3,1.096342373466e-07,25,8,17,0.68000000,37.6973,7,7 13 19 37 61 73 79 109 127 151 157 163 181 193 199 211 229,31 43 67 97 103 139 223 241
432,93,7,148,7,117338,3,1.100251562251e-07,25,12,13,0.52000000,37.6973,7,7 13 31 37 61 67 97 103 109 127 199 211 223,19 43 73 79 139 151 157 163 181 193 229 241
433,205,6,112,7,66591,3,1.102543182678e-07,25,8,17,0.68000000,38.2373,13,13 19 31 37 61 73 79 97 103 109 139 151 163 181 193 199 211,7 43 67 127 157 223 229 241
434,115,7,212,7,269218,3,1.103443996743e-07,25,8,17,0.68000000,37.6973,7,7 13 19 37 43 67 73 79 97 103 127 163 193 211 223 229 241,31 61 109 139 151 157 181 199
435,135,6,224,6,50965,3,1.103677870014e-07,25,14,11,0.44000000,38.6325,43,43 61 67 79 109 139 163 193 199 211 241,7 13 19 31 37 73 97 103 127 151 157 181 223 229
436,231,6,148,7,119519,3,1.104919852330e-07,25,10,15,0.60000000,38.2373,13,13 31 43 61 67 73 79 97 103 127 157 181 193 223 229,7 19 37 109 139 151 163 199 211 241
437,182,6,187,7,200272,3,1.107635873052e-07,25,12,13,0.52000000,38.2373,7,7 31 43 67 73 79 151 157 163 181 199 211 223,13 19 37 61 97 103 109 127 139 193 229 241
438,113,6,241,6,58286,3,1.111020690938e-07,25,14,11,0.44000000,38.6325,7,7 61 67 97 103 127 139 151 163 181 193,13 19 31 37 43 73 79 109 157 199 211 223 229 241
439,134,6,175,6,32558,3,1.111394370188e-07,25,8,17,0.68000000,38.6325,31,31 43 73 79 103 109 127 139 151 157 163 181 193 211 223 229 241,7 13 19 37 61 67 97 199
440,150,7,163,7,168284,3,1.112769718411e-07,25,13,12,0.48000000,37.6973,7,7 19 31 37 73 79 127 139 151 157 211 223,13 43 61 67 97 103 109 163 181 193 199 229 241
441,199,7,226,7,348900,3,1.116052902062e-07,25,10,15,0.60000000,37.6973,7,7 19 37 61 73 97 109 127 139 151 157 163 211 223 229,13 31 43 67 79 103 181 193 199 241
442,186,7,209,7,292872,3,1.118475916721e-07,25,11,14,0.56000000,37.6973,7,7 19 43 67 73 97 109 127 151 163 199 223 229 241,13 31 37 61 79 103 139 157 181 193 211
443,173,7,174,7,211544,3,1.119271732934e-07,25,7,18,0.72000000,37.6973,7,7 19 37 61 67 73 79 97 103 109 151 157 163 181 211 223 229 241,13 31 43 127 139 193 199
444,151,6,171,7,162452,3,1.122202101783e-07,25,10,15,0.60000000,38.2373,7,7 13 31 37 43 61 79 97 103 127 157 163 223 229 241,19 67 73 109 139 151 181 193 199 211
445,39,7,58,7,13286,3,1.123244354315e-07,25,9,16,0.64000000,37.6973,13,13 19 31 37 61 67 73 79 103 109 127 139 151 163 193 223,7 43 97 157 181 199 211 229 241
446,84,7,185,7,195273,3,1.129268134243e-07,25,7,18,0.72000000,37.6973,7,7 13 31 43 61 67 79 97 109 127 151 157 181 193 199 223 229 241,19 37 73 103 139 163 211
447,166,7,203,7,260509,3,1.129427309563e-07,25,5,20,0.80000000,37.6973,7,7 13 19 31 61 67 73 79 97 103 109 127 139 151 157 163 181 193 229 241,37 43 199 211 223
448,143,6,191,6,38508,3,1.131125819483e-07,25,10,15,0.60000000,38.6325,7,7 31 61 73 79 97 103 139 157 163 181 193 199 211 223,13 19 37 43 67 109 127 151 229 241
449,234,5,205,6,42157,3,1.133600445120e-07,25,8,17,0.68000000,38.2373,19,19 31 37 67 73 97 103 109 127 139 157 163 181 199 211 223 229,7 13 43 61 79 151 193 241
450,209,6,224,6,59408,3,1.134963855880e-07,25,6,19,0.76000000,38.6325,13,13 31 43 67 79 97 103 109 127 151 157 163 181 193 199 211 223 229 241,7 19 37 61 73 139
451,227,7,228,7,398090,3,1.139251809717e-07,25,8,17,0.68000000,37.6973,37,37 43 61 67 97 103 109 127 139 151 157 163 181 199 223 229 241,7 13 19 31 73 79 193 211
452,209,6,156,7,132605,3,1.140463375796e-07,25,8,17,0.68000000,38.2373,7,7 19 31 37 67 73 79 97 151 157 163 181 193 199 211 223 229,13 43 61 103 109 127 139 241
453,88,7,203,6,48037,3,1.141864419357e-07,25,5,20,0.80000000,38.2373,7,7 13 19 31 37 43 67 73 103 109 127 139 151 157 163 181 193 211 229 241,61 79 97 199 223
454,194,6,115,7,68350,3,1.143478552990e-07,25,9,16,0.64000000,38.2373,7,7 13 37 43 61 67 73 79 109 151 157 163 199 211 229 241,19 31 97 103 127 139 181 193 223
455,121,6,78,7,27459,3,1.143766705703e-07,25,13,12,0.48000000,38.2373,7,7 19 31 43 61 79 103 151 157 193 199 241,13 37 67 73 97 109 127 139 163 181 211 223 229
456,127,7,141,7,117948,3,1.148527081019e-07,25,7,18,0.72000000,37.6973,7,7 37 43 61 73 79 97 103 109 127 139 151 157 181 211 223 229 241,13 19 31 67 163 193 199
457,191,6,175,7,171849,3,1.152221201842e-07,25,9,16,0.64000000,38.2373,31,31 43 61 67 73 97 109 127 139 151 157 163 193 211 223 241,7 13 19 37 79 103 181 199 229
458,136,7,209,7,263424,3,1.154967224613e-07,25,10,15,0.60000000,37.6973,7,7 19 31 37 61 67 73 79 97 103 127 163 181 223 229,13 43 109 139 151 157 193 199 211 241
459,169,6,193,6,42168,3,1.161113145280e-07,25,7,18,0.72000000,38.6325,7,7 19 31 37 67 73 79 97 127 139 151 157 181 199 211 223 229 241,13 43 61 103 109 163 193
460,75,7,134,7,92409,3,1.163584252111e-07,25,10,15,0.60000000,37.6973,31,31 37 43 61 73 79 97 103 109 127 139 163 193 199 229,7 13 19 67 151 157 181 211 223 241
461,166,7,245,7,383630,3,1.168066205732e-07,25,9,16,0.64000000,37.6973,7,7 61 67 73 79 97 103 109 127 139 157 163 181 199 223 241,13 19 31 37 43 151 193 211 229
462,209,6,199,7,231720,3,1.171270811525e-07,25,11,14,0.56000000,38.2373,7,7 19 37 61 67 73 79 103 109 127 181 193 229 241,13 31 43 97 139 151 157 163 199 211 223
463,126,7,187,7,204087,3,1.174525583670e-07,25,9,16,0.64000000,37.6973,7,7 13 19 31 37 67 73 79 97 103 157 163 181 193 199 241,43 61 109 127 139 151 211 223 229
464,231,6,205,7,248617,3,1.177490109406e-07,25,8,17,0.68000000,38.2373,7,7 13 37 43 61 67 97 103 109 139 151 181 199 211 223 229 241,19 31 73 79 127 157 163 193
465,237,5,146,6,21851,3,1.178365351843e-07,25,12,13,0.52000000,38.2373,13,13 43 67 73 97 109 181 193 199 211 223 229 241,7 19 31 37 61 79 103 127 139 151 157 163
466,178,5,151,6,22915,3,1.180215129277e-07,25,10,15,0.60000000,38.2373,13,13 31 37 43 61 73 79 97 127 139 157 163 193 211 229,7 19 67 103 109 151 181 199 223 241
467,163,6,231,6,55472,3,1.180398416872e-07,25,13,12,0.48000000,38.6325,61,61 67 73 79 103 139 151 157 193 211 223 229,7 13 19 31 37 43 97 109 127 163 181 199 241
468,147,6,149,7,117940,3,1.185051678085e-07,25,9,16,0.64000000,38.2373,7,7 19 37 67 73 79 103 109 151 157 163 181 193 211 229 241,13 31 43 61 97 127 139 199 223
469,118,7,243,7,369261,3,1.191987746182e-07,25,9,16,0.64000000,37.6973,7,7 13 31 37 43 67 73 79 97 109 127 139 157 193 199 223,19 61 103 151 163 181 211 229 241
470,207,6,197,7,226329,3,1.192699287237e-07,25,9,16,0.64000000,38.2373,7,7 19 43 61 67 73 79 103 109 151 163 181 193 211 223 229,13 31 37 97 127 139 157 199 241
471,237,6,200,7,234996,3,1.199182913612e-07,25,8,17,0.68000000,38.2373,7,7 13 37 43 61 67 73 79 97 109 157 163 181 199 211 223 241,19 31 103 127 139 151 193 229
472,199,6,233,7,334250,3,1.200664465177e-07,25,11,14,0.56000000,38.2373,7,7 31 61 67 73 79 97 103 127 163 193 199 229 241,13 19 37 43 109 139 151 157 181 211 223
473,206,6,199,7,231677,3,1.203969625585e-07,25,9,16,0.64000000,38.2373,7,7 13 31 37 43 61 67 97 103 109 127 151 157 163 181 223,19 73 79 139 193 199 211 229 241
474,205,7,231,7,369171,3,1.205203076134e-07,25,8,17,0.68000000,37.6973,7,7 13 19 31 43 61 73 79 97 103 139 163 181 193 199 223 241,37 67 109 127 151 157 211 229
475,158,6,143,7,107386,3,1.205635292070e-07,25,10,15,0.60000000,38.2373,7,7 37 43 67 73 97 103 109 163 181 199 211 223 229 241,13 19 31 61 79 127 139 151 157 193
476,249,6,143,7,113474,3,1.209330590050e-07,25,10,15,0.60000000,38.2373,7,7 19 37 43 61 79 103 109 139 151 157 163 181 223 229,13 31 67 73 97 127 193 199 211 241
477,231,6,178,7,179810,3,1.213420761062e-07,25,6,19,0.76000000,38.2373,7,7 13 19 31 37 61 67 73 97 103 109 127 139 151 157 163 193 223 241,43 79 181 199 211 229
478,107,7,178,7,179899,3,1.213917892502e-07,25,8,17,0.68000000,37.6973,7,7 31 43 61 73 79 97 109 127 139 151 163 181 193 199 229 241,13 19 37 67 103 157 211 223
479,162,6,185,7,195173,3,1.214193573759e-07,25,6,19,0.76000000,38.2373,7,7 13 19 31 43 61 67 79 97 103 109 127 139 151 181 193 199 211 229,37 73 157 163 223 241
480,97,5,180,5,5824,3,1.216589006010e-07,25,6,19,0.76000000,37.5296,7,7 13 19 31 37 43 61 67 79 97 103 139 163 181 199 211 223 229 241,73 109 127 151 157 193
481,61,7,144,7,108776,3,1.219271243402e-07,25,7,18,0.72000000,37.6973,7,7 13 19 31 37 61 67 73 103 109 139 151 181 199 211 223 229 241,43 79 97 127 157 163 193
482,210,6,223,7,301877,3,1.219622277874e-07,25,8,17,0.68000000,38.2373,13,13 19 31 43 61 67 73 79 97 109 127 139 151 163 181 193 229,7 37 103 157 199 211 223 241
483,124,6,121,7,72646,3,1.221187077612e-07,25,11,14,0.56000000,38.2373,7,7 13 31 37 43 61 67 97 109 157 163 181 193 199,19 73 79 103 127 139 151 211 223 229 241
484,242,6,237,7,348153,3,1.229925712695e-07,25,7,18,0.72000000,38.2373,13,13 31 37 43 61 67 97 103 109 127 151 157 181 193 199 211 223 229,7 19 73 79 139 163 241
485,173,6,216,7,280050,3,1.232218343407e-07,25,9,16,0.64000000,38.2373,13,13 19 37 61 67 73 97 103 109 127 139 163 181 193 199 223,7 31 43 79 151 157 211 229 241
486,139,5,169,5,660,4,1.235959224940e-07,53,25,28,0.52830189,71.8756,3,3 5 23 29 53 59 71 73 79 89 97 101 107 113 131 137 149 173 179 191,7 11 13 17 19 31 37 41 43 47 61 67 83 103 109 127 139 151 157 163
487,206,7,241,7,397825,3,1.237959769194e-07,25,12,13,0.52000000,37.6973,31,31 37 43 61 97 103 109 163 181 193 199 211 241,7 13 19 67 73 79 127 139 151 157 223 229
488,105,6,109,6,14450,3,1.238016968486e-07,25,13,12,0.48000000,38.6325,31,31 43 67 73 79 97 139 151 199 223 229 241,7 13 19 37 61 103 109 127 157 163 181 193 211
489,143,7,174,7,182232,3,1.240686840016e-07,25,13,12,0.48000000,37.6973,7,7 19 31 73 97 103 109 151 157 163 199 229,13 37 43 61 67 79 127 139 181 193 211 223 241
490,119,7,142,7,114525,3,1.240927740446e-07,25,6,19,0.76000000,37.6973,7,7 13 37 43 61 67 73 79 103 109 139 151 157 163 181 199 211 229 241,19 31 97 127 193 223
491,137,6,146,7,112417,3,1.242509269373e-07,25,8,17,0.68000000,38.2373,13,13 19 31 37 43 61 79 97 103 109 127 139 151 181 211 223 229,7 67 73 157 163 193 199 241
492,110,6,141,6,21275,3,1.243076281007e-07,25,10,15,0.60000000,38.6325,7,7 13 61 67 73 97 109 127 151 157 181 193 199 211 223,19 31 37 43 79 103 139 163 229 241
493,207,6,101,7,57071,3,1.251959458948e-07,25,9,16,0.64000000,38.2373,7,7 13 19 37 43 67 97 127 139 151 163 193 199 211 229 241,31 61 73 79 103 109 157 181 223
494,135,6,227,6,52278,3,1.255601830735e-07,25,7,18,0.72000000,38.6325,7,7 13 31 37 67 73 79 97 103 139 151 157 181 193 199 211 229 241,19 43 61 109 127 163 223
495,182,6,219,7,289237,3,1.260718504741e-07,25,9,16,0.64000000,38.2373,7,7 13 19 37 43 67 79 97 103 127 163 181 193 199 211 229,31 61 73 109 139 151 157 223 241
496,151,6,123,7,75931,3,1.265166822343e-07,25,9,16,0.64000000,38.2373,7,7 13 19 31 37 73 79 103 109 127 157 163 181 193 199 229,43 61 67 97 139 151 211 223 241
497,136,7,219,7,12577,4,1.266637015054e-07,53,19,34,0.64150943,72.1671,7,7 17 29 37 41 43 53 59 61 73 79 89 97 101 107 109 113 127 131 137,3 5 11 13 19 23 31 47 67 71 83 103 139 191 199 223 229 233 241
498,235,6,234,7,337912,3,1.267217800522e-07,25,9,16,0.64000000,38.2373,7,7 19 31 37 61 67 73 97 109 151 157 163 199 223 229 241,13 43 79 103 127 139 181 193 211
499,166,6,163,7,145465,3,1.272531573562e-07,25,11,14,0.56000000,38.2373,7,7 13 31 37 61 67 79 97 103 151 181 193 211 229,19 43 73 109 127 139 157 163 199 223 241
500,95,5,232,5,8793,3,1.273080461044e-07,25,10,15,0.60000000,37.5296,7,7 13 19 37 43 61 79 97 127 151 157 163 223 229 241,31 67 73 103 109 139 181 193 199 211
501,183,6,200,7,234150,3,1.281759019010e-07,25,9,16,0.64000000,38.2373,7,7 13 19 37 61 79 97 103 127 181 193 199 211 223 229 241,31 43 67 73 109 139 151 157 163
502,237,6,212,7,268809,3,1.281922712166e-07,25,6,19,0.76000000,38.2373,7,7 19 37 61 67 73 79 97 103 109 157 163 181 193 199 211 223 229 241,13 31 43 127 139 151
503,68,7,129,7,84399,3,1.283058841969e-07,25,6,19,0.76000000,37.6973,13,13 19 31 37 43 61 67 73 97 103 109 127 139 151 163 193 199 211 229,7 79 157 181 223 241
504,171,4,83,6,6895,3,1.283575187073e-07,25,8,17,0.68000000,40.2466,7,7 13 37 61 67 73 79 97 103 109 127 163 181 193 199 211 223,19 31 43 139 151 157 229 241
505,204,7,245,7,407543,3,1.288313079634e-07,25,10,15,0.60000000,37.6973,13,13 43 67 73 79 103 109 127 139 151 157 163 181 211 229,7 19 31 37 61 97 193 199 223 241
506,145,6,122,7,74384,3,1.301038481987e-07,25,8,17,0.68000000,38.2373,7,7 13 19 43 67 73 79 97 103 109 139 151 163 181 211 229 241,31 37 61 127 157 193 199 223
507,57,7,67,7,20013,3,1.302060581147e-07,25,8,17,0.68000000,37.6973,7,7 13 19 37 61 67 79 109 127 139 151 157 193 199 211 223 229,31 43 73 97 103 163 181 241
508,246,5,131,7,87196,3,1.303024000178e-07,25,12,13,0.52000000,38.2373,19,19 37 67 79 97 139 151 157 181 193 199 211 223,7 13 31 43 61 73 103 109 127 163 229 241
509,189,6,226,7,311271,3,1.303265099276e-07,25,4,21,0.84000000,38.2373,7,7 13 19 31 37 43 61 67 73 79 97 103 109 127 139 151 157 181 193 223,163 199 211 241
510,113,7,245,7,376151,3,1.303346424051e-07,25,12,13,0.52000000,37.6973,13,13 19 43 61 73 79 103 109 127 181 193 211 223,7 31 37 67 97 139 151 157 163 199 229 241
511,209,6,240,6,64986,3,1.303454157946e-07,25,11,14,0.56000000,38.6325,7,7 37 61 67 79 103 139 151 157 181 193 211 223 241,13 19 31 43 73 97 109 127 163 199 229
512,115,7,236,7,344934,3,1.305346174706e-07,25,9,16,0.64000000,37.6973,19,19 31 37 61 67 79 103 109 139 151 163 181 193 199 211 241,7 13 43 73 97 127 157 223 229
513,77,7,243,6,60545,3,1.305890141067e-07,25,13,12,0.48000000,38.2373,31,31 43 61 67 73 79 103 109 139 151 163 241,7 13 19 37 97 127 157 181 193 199 211 223 229
514,82,7,213,7,271061,3,1.308025686104e-07,25,9,16,0.64000000,37.6973,19,19 37 67 73 79 103 109 151 157 181 193 199 211 223 229 241,7 13 31 43 61 97 127 139 163
515,187,6,148,7,116915,3,1.316927192950e-07,25,13,12,0.48000000,38.2373,7,7 13 43 61 109 127 139 157 181 199 211 229,19 31 37 67 73 79 97 103 151 163 193 223 241
516,208,5,245,6,60061,3,1.318317080674e-07,25,7,18,0.72000000,38.2373,7,7 19 31 37 61 67 73 97 127 139 151 163 181 199 211 223 229 241,13 43 79 103 109 157 193
517,217,6,188,7,203319,3,1.318656463648e-07,25,13,12,0.48000000,38.2373,19,19 37 61 67 73 79 97 103 151 157 181 199,7 13 31 43 109 127 139 163 193 211 223 229 241
518,103,7,130,7,5234,4,1.329256278195e-07,53,22,31,0.58490566,72.1671,3,3 5 13 29 31 37 41 43 47 53 59 61 71 73 79 97 101 103 109 113,7 11 17 19 23 67 83 89 107 127 137 149 163 179 191 197 199 223 227 233
519,97,7,227,7,314608,3,1.330520598057e-07,25,7,18,0.72000000,37.6973,7,7 19 31 37 43 61 67 73 79 103 109 139 157 163 193 199 229 241,13 97 127 151 181 211 223
520,219,6,242,7,365228,3,1.331062820378e-07,25,11,14,0.56000000,38.2373,7,7 13 19 43 61 67 73 79 103 163 193 199 229 241,31 37 97 109 127 139 151 157 181 211 223
521,78,6,239,6,57144,3,1.332192038285e-07,25,16,9,0.36000000,38.6325,7,7 31 37 97 127 157 193 211 229,13 19 43 61 67 73 79 103 109 139 151 163 181 199 223 241
522,236,7,239,7,440230,3,1.332261151519e-07,25,10,15,0.60000000,37.6973,13,13 31 43 61 79 97 127 139 151 181 193 199 211 229 241,7 19 37 67 73 103 109 157 163 223
523,201,4,248,5,9795,3,1.339651119992e-07,25,11,14,0.56000000,38.2373,13,13 37 61 67 103 109 127 151 157 163 181 193 229 241,7 19 31 43 73 79 97 139 199 211 223
524,215,7,249,7,431930,3,1.340616637564e-07,25,10,15,0.60000000,37.6973,7,7 13 19 31 37 43 61 73 79 97 127 151 163 223 229,67 103 109 139 157 181 193 199 211 241
525,53,7,93,7,39439,3,1.343076568551e-07,25,9,16,0.64000000,37.6973,31,31 43 61 67 79 103 109 127 139 151 163 193 199 223 229 241,7 13 19 37 73 97 157 181 211
526,239,6,196,7,224391,3,1.350518796427e-07,25,8,17,0.68000000,38.2373,19,19 31 43 61 67 73 79 97 139 151 157 163 193 211 223 229 241,7 13 37 103 109 127 181 199
527,114,6,127,7,81184,3,1.353989990688e-07,25,9,16,0.64000000,38.2373,7,7 13 19 31 43 67 97 103 109 139 151 181 193 211 229 241,37 61 73 79 127 157 163 199 223
528,97,7,234,7,337656,3,1.357564494490e-07,25,5,20,0.80000000,37.6973,7,7 13 19 31 43 67 73 79 97 103 127 151 157 163 181 193 211 223 229 241,37 61 109 139 199
529,227,6,178,7,179654,3,1.358783671277e-07,25,9,16,0.64000000,38.2373,7,7 61 67 73 97 103 109 127 139 151 157 163 181 199 223 241,13 19 31 37 43 79 193 211 229
530,229,4,134,5,463,4,1.361359342133e-07,53,21,32,0.60377358,73.5585,7,7 13 19 29 31 37 41 43 47 59 61 73 89 101 103 107 109 113 131 137,3 5 11 17 23 53 67 71 79 83 97 127 149 163 167 179 193 211 227 229
531,221,6,241,7,361740,3,1.362961470914e-07,25,10,15,0.60000000,38.2373,7,7 13 31 37 97 103 139 151 157 163 181 193 211 223 229,19 43 61 67 73 79 109 127 199 241
532,107,7,116,7,76243,3,1.363411174441e-07,25,11,14,0.56000000,37.6973,13,13 31 37 61 67 73 79 109 127 157 163 199 229 241,7 19 43 97 103 139 151 181 193 211 223
533,232,6,243,7,368863,3,1.366864799429e-07,25,10,15,0.60000000,38.2373,19,19 31 67 73 97 103 127 139 151 181 193 211 223 229 241,7 13 37 43 61 79 109 157 163 199
534,239,6,210,7,263028,3,1.367120603745e-07,25,7,18,0.72000000,38.2373,13,13 19 31 37 43 61 67 73 79 97 103 109 127 151 181 193 223 241,7 139 157 163 199 211 229
535,207,6,247,7,382968,3,1.367544268250e-07,25,5,20,0.80000000,38.2373,7,7 37 43 61 67 79 97 109 127 139 151 157 163 181 193 199 211 223 229 241,13 19 31 73 103
536,220,6,241,7,361732,3,1.370604979488e-07,25,6,19,0.76000000,38.2373,7,7 13 31 43 67 73 79 97 127 139 151 157 163 181 193 199 211 223 229,19 37 61 103 109 241
537,199,4,85,6,7235,3,1.371760538407e-07,25,7,18,0.72000000,40.2466,7,7 19 31 43 61 79 97 109 127 139 151 157 163 181 193 211 223 241,13 37 67 73 103 199 229
538,82,7,189,7,205193,3,1.372083743980e-07,25,8,17,0.68000000,37.6973,7,7 13 37 61 67 73 79 97 109 139 151 157 181 193 199 211 223,19 31 43 103 127 163 229 241
539,89,7,161,7,141751,3,1.372749027260e-07,25,9,16,0.64000000,37.6973,7,7 13 19 31 37 43 79 97 103 109 127 151 157 223 229 241,61 67 73 139 163 181 193 199 211
540,223,7,228,7,390294,3,1.373157491682e-07,25,8,17,0.68000000,37.6973,7,7 13 19 31 37 61 73 79 103 109 127 151 163 211 223 229 241,43 67 97 139 157 181 193 199
541,233,7,244,7,446093,3,1.377469528510e-07,25,7,18,0.72000000,37.6973,13,13 19 37 43 67 73 79 103 109 127 151 157 163 181 199 211 223 229,7 31 61 97 139 193 241
542,151,7,194,7,229780,3,1.382854027158e-07,25,6,19,0.76000000,37.6973,7,7 13 19 31 37 61 97 109 127 139 151 157 163 193 199 211 223 229 241,43 67 73 79 103 181
543,184,6,183,7,190488,3,1.382859128016e-07,25,8,17,0.68000000,38.2373,7,7 19 37 67 73 97 109 127 139 151 163 193 199 211 223 229 241,13 31 43 61 79 103 157 181
544,148,6,135,7,93892,3,1.384913211183e-07,25,8,17,0.68000000,38.2373,7,7 13 19 31 37 43 61 67 79 97 103 109 127 157 211 229 241,73 139 151 163 181 193 199 223
545,206,6,235,7,341013,3,1.386597257628e-07,25,8,17,0.68000000,38.2373,7,7 19 31 37 61 97 103 109 127 139 157 193 199 211 223 229 241,13 43 67 73 79 151 163 181
546,137,7,194,7,224057,3,1.386895826011e-07,25,10,15,0.60000000,37.6973,7,7 31 37 73 97 103 109 139 151 157 163 181 193 223 229,13 19 43 61 67 79 127 199 211 241
547,213,7,236,7,392928,3,1.386940241411e-07,25,7,18,0.72000000,37.6973,13,13 19 31 37 67 73 79 97 103 109 127 139 157 163 193 199 223 229,7 43 61 151 181 211 241
548,243,6,209,7,260241,3,1.387170824461e-07,25,8,17,0.68000000,38.2373,13,13 37 43 61 67 73 79 103 109 127 151 157 193 199 211 229 241,7 19 31 97 139 163 181 223
549,170,7,247,7,391905,3,1.390192769885e-07,25,11,14,0.56000000,37.6973,7,7 31 37 61 67 73 79 109 151 157 163 193 223 229,13 19 43 97 103 127 139 181 199 211 241
550,166,6,165,7,149636,3,1.392340655183e-07,25,8,17,0.68000000,38.2373,7,7 13 19 31 43 61 97 103 109 139 151 163 181 199 211 223 241,37 67 73 79 127 157 193 229
551,232,6,201,7,237584,3,1.392551018884e-07,25,8,17,0.68000000,38.2373,13,13 19 37 61 79 97 103 109 139 151 157 163 193 199 211 223 229,7 31 43 67 73 127 181 241
552,94,5,167,5,39,7,1.395602966376e-07,8,1,7,0.87500000,21.0841,43,43 71 113 127 197 211 239,29
553,243,6,232,7,331355,3,1.396507271600e-07,25,9,16,0.64000000,38.2373,7,7 13 19 31 37 67 97 109 139 151 163 181 199 223 229 241,43 61 73 79 103 127 157 193 211
554,119,7,184,7,195555,3,1.400073718392e-07,25,7,18,0.72000000,37.6973,7,7 13 31 37 43 61 67 73 103 109 127 139 157 163 181 193 199 229,19 79 97 151 211 223 241
555,117,7,209,7,260704,3,1.404031898035e-07,25,10,15,0.60000000,37.6973,7,7 19 67 79 97 103 109 127 139 151 181 193 199 229 241,13 31 37 43 61 73 157 163 211 223
556,104,7,227,7,314779,3,1.404325360041e-07,25,15,10,0.40000000,37.6973,7,7 13 19 37 73 103 151 157 199 241,31 43 61 67 79 97 109 127 139 163 181 193 211 223 229
557,215,4,212,5,7550,3,1.404771662449e-07,25,6,19,0.76000000,38.2373,13,13 31 37 43 61 73 79 97 103 109 139 157 181 193 199 211 223 229 241,7 19 67 127 151 163
558,247,6,134,7,100095,3,1.406510655299e-07,25,7,18,0.72000000,38.2373,7,7 13 31 37 61 73 79 97 109 139 163 181 193 199 211 223 229 241,19 43 67 103 127 151 157
559,18,7,227,5,8450,3,1.407787215115e-07,25,3,22,0.88000000,38.2373,7,7 13 19 31 37 67 73 79 97 103 109 127 139 151 157 163 181 199 211 223,43 61 193
560,131,7,219,7,291709,3,1.410299490293e-07,25,12,13,0.52000000,37.6973,13,13 37 73 97 103 109 139 151 157 181 199 223 229,7 19 31 43 61 67 79 127 163 193 211 241
561,197,6,213,7,271213,3,1.414097067467e-07,25,9,16,0.64000000,38.2373,7,7 13 31 67 79 103 109 127 139 151 163 181 193 199 223 229,19 37 43 61 73 97 157 211 241
562,187,6,193,7,215569,3,1.414341561578e-07,25,10,15,0.60000000,38.2373,7,7 19 37 43 61 73 79 97 127 139 151 181 199 211 223,13 31 67 103 109 157 163 193 229 241
563,239,6,228,7,318191,3,1.415165810410e-07,25,9,16,0.64000000,38.2373,7,7 31 37 61 67 73 103 109 151 157 163 181 193 199 211 223,13 19 43 79 97 127 139 229 241
564,69,6,179,6,32076,3,1.415981512047e-07,25,8,17,0.68000000,38.6325,7,7 13 19 43 61 73 79 97 127 139 151 157 181 199 211 223 241,31 37 67 103 109 163 193 229
565,109,7,234,7,337954,3,1.418636184357e-07,25,9,16,0.64000000,37.6973,31,31 61 67 79 97 127 139 151 157 163 181 199 211 223 229 241,7 13 19 37 43 73 103 109 193
566,217,6,169,7,159291,3,1.424581993116e-07,25,13,12,0.48000000,38.2373,19,19 31 67 73 79 109 151 157 163 211 223 241,7 13 37 43 61 97 103 127 139 181 193 199 229
567,183,6,223,6,54349,3,1.425598694809e-07,25,9,16,0.64000000,38.6325,7,7 31 37 43 67 73 79 97 109 127 139 157 181 199 211 241,13 19 61 103 151 163 193 223 229
568,250,6,189,7,206914,3,1.430709676181e-07,25,7,18,0.72000000,38.2373,13,13 19 31 37 43 61 67 73 79 97 103 109 139 157 193 211 223 241,7 127 151 163 181 199 229
569,158,6,111,7,60657,3,1.435197747900e-07,25,8,17,0.68000000,38.2373,19,19 31 43 61 67 73 79 97 103 127 157 163 193 211 223 229 241,7 13 37 109 139 151 181 199
570,144,7,169,7,173484,3,1.436416951695e-07,25,8,17,0.68000000,37.6973,7,7 19 31 37 61 73 97 109 127 151 163 181 193 199 211 223 241,13 43 67 79 103 139 157 229
571,237,6,238,6,71069,3,1.437746901653e-07,25,9,16,0.64000000,38.6325,13,13 19 31 61 67 103 109 127 139 151 157 163 181 193 223 229,7 37 43 73 79 97 199 211 241
572,166,6,207,7,253581,3,1.437875411653e-07,25,13,12,0.48000000,38.2373,7,7 37 67 73 79 127 139 181 199 211 229 241,13 19 31 43 61 97 103 109 151 157 163 193 223
573,247,6,219,7,289995,3,1.443897305139e-07,25,6,19,0.76000000,38.2373,7,7 13 19 31 43 61 79 97 103 127 139 151 157 163 181 193 211 223 229,37 67 73 109 199 241
574,49,7,227,6,51614,3,1.448596413332e-07,25,8,17,0.68000000,38.2373,13,13 31 37 61 67 73 103 109 127 139 157 181 193 199 211 229 241,7 19 43 79 97 151 163 223
575,180,5,49,7,965,4,1.473465715398e-07,53,26,27,0.50943396,73.5585,5,5 7 13 17 19 29 37 41 43 53 67 73 83 101 103 109 113 127 137 163,3 11 23 31 47 59 61 71 79 89 97 107 131 139 149 151 157 167 173 181
576,107,7,247,6,72915,3,1.475245040118e-07,25,11,14,0.56000000,38.2373,7,7 13 31 37 43 61 67 73 79 109 139 157 163 211,19 97 103 127 151 181 193 199 223 229 241
577,155,7,157,7,1351,5,1.475843080561e-07,13,4,9,0.69230769,28.4377,31,31 41 101 131 151 181 191 211 241,11 61 71 251
578,218,6,151,7,123797,3,1.478120715926e-07,25,5,20,0.80000000,38.2373,7,7 13 19 37 43 61 67 73 79 97 103 109 127 139 157 163 199 211 223 241,31 151 181 193 229
579,143,7,161,7,7966,4,1.480739583209e-07,53,15,38,0.71698113,72.1671,5,5 7 11 13 17 23 29 31 37 41 47 53 59 61 67 73 89 97 101 109,3 19 43 71 79 83 103 107 149 179 181 199 233 239 251
580,68,7,161,7,141126,3,1.481347871984e-07,25,10,15,0.60000000,37.6973,7,7 13 19 31 61 67 73 79 97 109 127 139 157 181 193,37 43 103 151 163 199 211 223 229 241
581,127,6,163,7,145201,3,1.491430026688e-07,25,6,19,0.76000000,38.2373,7,7 13 19 31 43 61 67 73 97 103 109 127 151 157 181 193 211 229 241,37 79 139 163 199 223
582,167,7,210,7,278639,3,1.494000290958e-07,25,10,15,0.60000000,37.6973,19,19 37 43 61 67 73 79 97 103 109 127 151 181 199 241,7 13 31 139 157 163 193 211 223 229
583,98,6,233,6,54389,3,1.495079435035e-07,25,8,17,0.68000000,38.6325,19,19 31 37 43 61 67 73 79 97 139 151 157 163 193 199 211 241,7 13 103 109 127 181 223 229
584,109,7,242,7,365409,3,1.495082531634e-07,25,13,12,0.48000000,37.6973,19,19 37 43 61 73 79 109 139 157 163 199 241,7 13 31 67 97 103 127 151 181 193 211 223 229
585,80,7,183,7,190324,3,1.496987797147e-07,25,9,16,0.64000000,37.6973,7,7 43 61 67 73 79 97 103 139 157 163 181 193 199 211 229,13 19 31 37 109 127 151 223 241
586,155,7,224,7,312256,3,1.497152705449e-07,25,11,14,0.56000000,37.6973,13,13 19 31 61 79 109 127 139 181 193 199 211 223 241,7 37 43 67 73 97 103 151 157 163 229
587,186,7,205,7,284044,3,1.505796724899e-07,25,8,17,0.68000000,37.6973,31,31 43 61 67 79 97 103 109 127 139 151 157 181 193 211 223 229,7 13 19 37 73 163 199 241
588,212,7,219,7,351442,3,1.507981054339e-07,25,8,17,0.68000000,37.6973,7,7 13 19 43 67 79 97 103 127 139 151 163 181 193 199 211 223,31 37 61 73 109 157 229 241
589,107,6,188,6,35740,3,1.508040434634e-07,25,8,17,0.68000000,38.6325,7,7 31 37 43 61 67 79 97 103 127 139 157 181 211 223 229 241,13 19 73 109 151 163 193 199
590,230,6,151,7,124676,3,1.512604382888e-07,25,7,18,0.72000000,38.2373,7,7 13 19 37 43 67 73 79 97 103 109 157 181 193 199 211 223 241,31 61 127 139 151 163 229
591,167,5,116,6,13691,3,1.519501684466e-07,25,10,15,0.60000000,38.2373,19,19 31 37 43 61 67 79 127 151 157 193 199 223 229 241,7 13 73 97 103 109 139 163 181 211
592,176,6,217,7,283093,3,1.520466395858e-07,25,11,14,0.56000000,38.2373,19,19 43 67 73 79 97 109 127 151 163 181 193 199 211,7 13 31 37 61 103 139 157 223 229 241
593,115,7,164,7,151203,3,1.522397318248e-07,25,14,11,0.44000000,37.6973,13,13 19 37 61 73 79 109 193 199 211 223,7 31 43 67 97 103 127 139 151 157 163 181 229 241
594,110,7,221,7,296033,3,1.525432036961e-07,25,6,19,0.76000000,37.6973,7,7 13 19 31 37 43 61 67 73 79 97 103 127 157 163 193 199 211 223,109 139 151 181 229 241
595,91,6,240,6,57657,3,1.529723911649e-07,25,11,14,0.56000000,38.6325,31,31 43 67 73 79 97 109 139 157 163 181 193 199 241,7 13 19 37 61 103 127 151 211 223 229
596,236,7,247,7,459254,3,1.531973181435e-07,25,9,16,0.64000000,37.6973,13,13 31 61 67 103 127 139 151 163 181 193 199 211 223 229 241,7 19 37 43 73 79 97 109 157
597,142,7,207,7,259374,3,1.532595215164e-07,25,8,17,0.68000000,37.6973,13,13 19 31 43 61 79 103 127 139 151 163 181 193 199 211 223 229,7 37 67 73 97 109 157 241
598,117,7,154,7,133032,3,1.541176280492e-07,25,8,17,0.68000000,37.6973,7,7 13 19 37 61 67 73 79 103 109 127 139 151 163 181 193 241,31 43 97 157 199 211 223 229
599,222,6,235,7,341137,3,1.542395121738e-07,25,7,18,0.72000000,38.2373,7,7 13 31 37 43 67 79 97 109 127 139 151 157 163 181 193 199 229,19 61 73 103 211 223 241
600,104,7,189,7,206034,3,1.544298044689e-07,25,13,12,0.48000000,37.6973,13,13 19 37 67 79 103 127 139 157 163 229 241,7 31 43 61 73 97 109 151 181 193 199 211 223
601,134,6,249,6,62499,3,1.548062560534e-07,25,10,15,0.60000000,38.6325,7,7 31 43 61 73 97 139 151 157 163 181 193 199 229 241,13 19 37 67 79 103 109 127 211 223
602,191,6,126,7,82068,3,1.551041822037e-07,25,10,15,0.60000000,38.2373,13,13 19 31 37 43 61 73 79 97 163 181 199 211 229 241,7 67 103 109 127 139 151 157 193 223
603,240,6,139,7,106078,3,1.551906068509e-07,25,10,15,0.60000000,38.2373,19,19 37 61 79 97 103 109 127 157 163 181 193 199 223 241,7 13 31 43 67 73 139 151 211 229
604,39,7,97,7,43256,3,1.552294796046e-07,25,9,16,0.64000000,37.6973,7,7 13 19 31 61 67 73 79 97 103 109 151 181 199 211 241,37 43 127 139 157 163 193 223 229
605,55,7,92,7,38554,3,1.553483094437e-07,25,9,16,0.64000000,37.6973,13,13 19 61 67 73 97 103 109 139 157 163 181 193 199 211 223,7 31 37 43 79 127 151 229 241
606,65,5,49,7,8791,3,1.557338936533e-07,25,4,21,0.84000000,38.2373,7,7 13 19 37 61 67 73 79 97 103 109 127 139 151 163 181 193 211 223 229,31 43 157 199
607,119,6,156,7,131061,3,1.560460314916e-07,25,5,20,0.80000000,38.2373,7,7 19 37 43 61 67 79 97 103 109 127 139 157 163 181 199 211 223 229 241,13 31 73 151 193
608,235,6,119,7,79705,3,1.560827297745e-07,25,9,16,0.64000000,38.2373,19,19 31 37 61 73 79 97 103 139 151 157 181 199 211 229 241,7 13 43 67 109 127 163 193 223
609,103,7,211,7,265631,3,1.565832372033e-07,25,8,17,0.68000000,37.6973,13,13 19 31 37 61 79 103 109 139 163 181 193 199 211 223 229 241,7 43 67 73 97 127 151 157
610,122,6,241,6,58405,3,1.572291090913e-07,25,8,17,0.68000000,38.6325,7,7 13 31 37 43 67 73 79 97 103 139 157 181 193 199 211 223,19 61 109 127 151 163 229 241
611,179,6,146,7,113106,3,1.577828451698e-07,25,9,16,0.64000000,38.2373,13,13 31 37 43 61 67 79 97 109 139 157 163 181 193 223 241,7 19 73 103 127 151 199 211 229
612,164,6,169,7,158167,3,1.578603621067e-07,25,8,17,0.68000000,38.2373,7,7 19 37 61 73 79 97 109 139 151 157 163 181 193 199 223 241,13 31 43 67 103 127 211 229
613,103,7,197,7,226617,3,1.585682754580e-07,25,10,15,0.60000000,37.6973,13,13 19 37 43 61 79 127 139 151 157 163 211 223 229 241,7 31 67 73 97 103 109 181 193 199
614,63,5,142,5,3887,3,1.588345275348e-07,25,7,18,0.72000000,37.5296,7,7 13 19 31 37 43 97 103 109 151 157 163 181 199 211 223 229 241,61 67 73 79 127 139 193
615,129,6,166,7,151511,3,1.592602457151e-07,25,8,17,0.68000000,38.2373,13,13 19 31 37 43 67 73 79 97 109 157 163 193 199 211 223 241,7 61 103 127 139 151 181 229
616,197,6,245,7,375734,3,1.593244861144e-07,25,8,17,0.68000000,38.2373,19,19 31 37 43 61 79 127 139 151 157 163 181 193 199 211 223 229,7 13 67 73 97 103 109 241
617,46,6,85,6,7285,3,1.593383236858e-07,25,9,16,0.64000000,38.6325,7,7 13 31 61 67 79 97 109 127 139 157 181 193 199 223 229,19 37 43 73 103 151 163 211 241
618,197,7,202,7,293328,3,1.598265767847e-07,25,6,19,0.76000000,37.6973,13,13 31 37 61 67 73 79 97 103 139 151 157 163 181 193 199 211 229 241,7 19 43 109 127 223
619,197,6,247,7,382922,3,1.598418051139e-07,25,12,13,0.52000000,38.2373,7,7 31 43 67 73 79 97 109 139 163 181 199 229,13 19 37 61 103 127 151 157 193 211 223 241
620,220,6,223,7,301978,3,1.600468112543e-07,25,11,14,0.56000000,38.2373,19,19 31 37 43 67 73 79 97 109 157 181 211 229 241,7 13 61 103 127 139 151 163 193 199 223
621,149,7,184,7,206228,3,1.601589306867e-07,25,6,19,0.76000000,37.6973,7,7 31 43 61 73 79 97 103 109 139 151 157 163 181 193 199 211 223 229,13 19 37 67 127 241
622,105,7,244,7,15074,4,1.602859920747e-07,53,16,37,0.69811321,72.1671,5,5 7 13 17 19 23 29 37 47 53 61 67 71 73 79 83 97 101 103 107,3 11 31 41 43 59 89 109 127 139 151 163 179 191 197 241
623,201,7,203,7,301697,3,1.620801458156e-07,25,11,14,0.56000000,37.6973,7,7 19 37 43 61 67 73 97 103 109 181 211 229 241,13 31 79 127 139 151 157 163 193 199 223
624,140,7,201,7,242774,3,1.621353924929e-07,25,8,17,0.68000000,37.6973,7,7 13 37 61 67 73 79 97 103 127 139 151 157 181 193 199 211,19 31 43 109 163 223 229 241
625,133,5,81,7,28405,3,1.623467722244e-07,25,15,10,0.40000000,38.2373,7,7 19 61 79 103 139 157 163 193 211,13 31 37 43 67 73 97 109 127 151 181 199 223 229 241
626,173,6,219,7,289199,3,1.627144294509e-07,25,10,15,0.60000000,38.2373,7,7 13 19 31 61 79 139 151 163 181 199 211 223 229 241,37 43 67 73 97 103 109 127 157 193
627,111,7,197,7,227165,3,1.627222181239e-07,25,11,14,0.56000000,37.6973,13,13 19 31 37 43 61 79 97 103 109 151 193 211 241,7 67 73 127 139 157 163 181 199 223 229
628,68,5,181,5,5806,3,1.627493441500e-07,25,12,13,0.52000000,37.5296,7,7 19 43 67 73 79 97 127 139 151 163 193 229,13 31 37 61 103 109 157 181 199 211 223 241
629,149,7,228,7,322876,3,1.628201525227e-07,25,14,11,0.44000000,37.6973,19,19 31 37 43 61 73 103 151 163 193 229,7 13 67 79 97 109 127 139 157 181 199 211 223 241
630,242,6,181,7,187247,3,1.634682682517e-07,25,9,16,0.64000000,38.2373,13,13 19 37 43 67 73 79 97 103 109 127 139 163 199 223 229,7 31 61 151 157 181 193 211 241
631,214,6,197,7,226442,3,1.636610180547e-07,25,13,12,0.48000000,38.2373,7,7 13 19 43 61 67 79 97 103 151 163 193,31 37 73 109 127 139 157 181 199 211 223 229 241
632,100,7,227,7,13286,4,1.638787134473e-07,53,19,34,0.64150943,72.1671,5,5 7 11 17 19 23 31 41 43 47 53 61 67 71 73 89 101 107 113 137,3 13 29 37 59 79 83 97 103 109 127 131 157 163 211 227 233 239 251
633,169,7,228,7,330090,3,1.638874781742e-07,25,8,17,0.68000000,37.6973,7,7 13 19 37 61 67 73 79 97 103 127 157 193 199 223 229 241,31 43 109 139 151 163 181 211
634,81,7,187,7,200160,3,1.642334049160e-07,25,8,17,0.68000000,37.6973,7,7 13 19 73 79 97 103 109 127 151 163 181 193 199 223 229 241,31 37 43 61 67 139 157 211
635,77,7,174,7,169211,3,1.644690489131e-07,25,5,20,0.80000000,37.6973,13,13 19 37 43 61 67 79 97 103 127 151 157 163 181 193 199 211 223 229 241,7 31 73 109 139
636,157,7,220,7,301088,3,1.648655269170e-07,25,8,17,0.68000000,37.6973,31,31 61 67 73 79 97 103 127 151 157 163 181 193 199 211 223 241,7 13 19 37 43 109 139 229
637,199,6,231,7,327605,3,1.649089922192e-07,25,8,17,0.68000000,38.2373,13,13 19 37 43 61 79 97 103 109 151 157 163 181 199 211 229 241,7 31 67 73 127 139 193 223
638,160,7,229,7,329303,3,1.650916391902e-07,25,9,16,0.64000000,37.6973,7,7 13 19 61 67 79 97 109 139 163 181 193 199 211 229 241,31 37 43 73 103 127 151 157 223
639,174,6,221,7,295396,3,1.656158153344e-07,25,12,13,0.52000000,38.2373,7,7 31 67 73 97 109 127 139 151 193 211 223 241,13 19 37 43 61 79 103 157 163 181 199 229
640,185,7,237,7,366962,3,1.657383231043e-07,25,10,15,0.60000000,37.6973,7,7 13 31 37 67 73 103 109 127 139 151 199 223 229 241,19 43 61 79 97 157 163 181 193 211
641,244,6,227,7,315046,3,1.658294907399e-07,25,9,16,0.64000000,38.2373,7,7 19 31 43 61 79 97 109 127 139 151 157 193 211 223 229,13 37 67 73 103 163 181 199 241
642,174,6,173,7,167098,3,1.661561335890e-07,25,14,11,0.44000000,38.2373,13,13 19 31 61 109 127 157 181 199 223 229,7 37 43 67 73 79 97 103 139 151 163 193 211 241
643,221,6,239,6,67157,3,1.662394691618e-07,25,8,17,0.68000000,38.6325,7,7 19 31 37 43 67 73 79 97 103 109 127 139 157 193 199 241,13 61 151 163 181 211 223 229
644,31,7,113,6,12825,3,1.664380133529e-07,25,8,17,0.68000000,38.2373,7,7 13 19 37 73 79 127 139 151 157 163 193 199 211 223 229 241,31 43 61 67 97 103 109 181
645,109,6,68,7,20328,3,1.664599957233e-07,25,8,17,0.68000000,38.2373,13,13 31 37 43 61 67 79 97 103 139 157 163 193 199 211 223 241,7 19 73 109 127 151 181 229
646,163,7,238,7,359114,3,1.665066554577e-07,25,10,15,0.60000000,37.6973,7,7 13 31 43 73 79 97 109 127 151 163 193 211 229 241,19 37 61 67 103 139 157 181 199 223
647,142,7,217,7,287735,3,1.665393438435e-07,25,12,13,0.52000000,37.6973,7,7 31 37 61 73 97 103 139 151 157 163 181 211,13 19 43 67 79 109 127 193 199 223 229 241
648,125,6,117,7,67235,3,1.667102498825e-07,25,9,16,0.64000000,38.2373,19,19 37 43 61 67 79 103 109 127 151 157 163 193 199 223 241,7 13 31 73 97 139 181 211 229
649,145,7,199,7,239317,3,1.669060062604e-07,25,12,13,0.52000000,37.6973,13,13 19 37 67 97 109 127 151 163 193 199 211 241,7 31 43 61 73 79 103 139 157 181 223 229
650,103,6,214,6,45985,3,1.669233300843e-07,25,9,16,0.64000000,38.6325,7,7 31 37 43 67 79 109 127 139 157 163 199 211 223 229 241,13 19 61 73 97 103 151 181 193
651,171,7,241,7,372038,3,1.673787397254e-07,25,10,15,0.60000000,37.6973,13,13 19 31 43 73 97 139 157 163 181 199 211 223 229 241,7 37 61 67 79 103 109 127 151 193
652,121,7,194,7,220508,3,1.684915366012e-07,25,9,16,0.64000000,37.6973,13,13 19 61 67 73 79 97 103 139 151 163 181 193 211 223 229,7 31 37 43 109 127 157 199 241
653,151,7,199,7,241864,3,1.685374780111e-07,25,10,15,0.60000000,37.6973,13,13 19 31 61 67 103 139 151 157 163 193 199 211 223 229,7 37 43 73 79 97 109 127 181 241
654,163,6,206,7,250724,3,1.690541728178e-07,25,8,17,0.68000000,38.2373,7,7 31 37 61 67 79 109 127 151 157 163 181 193 199 223 229 241,13 19 43 73 97 103 139 211
655,220,7,223,7,374129,3,1.691467970755e-07,25,3,22,0.88000000,37.6973,7,7 13 19 37 43 61 67 73 79 97 103 109 127 139 151 163 181 193 199 211,31 157 241
656,183,7,250,7,407982,3,1.692253201624e-07,25,8,17,0.68000000,37.6973,13,13 19 31 37 61 67 97 103 109 127 139 151 163 181 199 229 241,7 43 73 79 157 193 211 223
657,198,7,233,7,366457,3,1.696893934504e-07,25,7,18,0.72000000,37.6973,7,7 13 19 43 67 73 79 103 109 151 157 163 193 199 211 223 229 241,31 37 61 97 127 139 181
658,249,5,187,6,35228,3,1.697431530669e-07,25,13,12,0.48000000,38.2373,7,7 67 73 97 103 109 127 139 163 181 211 223,13 19 31 37 43 61 79 151 157 193 199 229 241
659,235,5,129,7,84117,3,1.706895862406e-07,25,8,17,0.68000000,38.2373,7,7 19 43 61 67 73 79 103 109 127 139 151 157 163 181 223 241,13 31 37 97 193 199 211 229
660,137,6,97,7,44380,3,1.709558561602e-07,25,9,16,0.64000000,38.2373,13,13 19 37 43 61 73 79 109 139 151 181 193 199 211 223 241,7 31 67 97 103 127 157 163 229
661,149,7,182,7,202021,3,1.710226500042e-07,25,11,14,0.56000000,37.6973,7,7 13 19 31 37 61 67 79 109 127 163 181 199 229,43 73 97 103 139 151 157 193 211 223 241
662,158,5,93,7,39207,3,1.715192374045e-07,25,6,19,0.76000000,38.2373,7,7 13 19 31 37 61 97 103 109 139 151 157 163 193 199 211 223 229 241,43 67 73 79 127 181
663,144,6,91,7,2790,4,1.720685302036e-07,53,20,33,0.62264151,73.5585,5,5 11 19 23 37 43 47 53 59 61 67 71 73 79 89 97 101 107 109 127,3 7 13 17 29 31 41 83 103 113 139 151 163 181 191 199 211 233 239 241
664,187,6,157,7,133775,3,1.727454591197e-07,25,9,16,0.64000000,38.2373,7,7 19 31 43 67 73 79 97 103 139 163 181 199 211 223 229,13 37 61 109 127 151 157 193 241
665,94,7,197,7,226239,3,1.729409395423e-07,25,11,14,0.56000000,37.6973,7,7 19 31 103 109 127 139 151 157 163 181 199 223 229,13 37 43 61 67 73 79 97 193 211 241
666,184,6,135,7,94950,3,1.732486028612e-07,25,12,13,0.52000000,38.2373,7,7 13 19 61 67 73 97 103 109 139 151 157 211,31 37 43 79 127 163 181 193 199 223 229 241
667,171,6,233,6,56981,3,1.737226163495e-07,25,6,19,0.76000000,38.6325,7,7 67 73 79 97 103 109 127 139 151 157 163 181 193 199 211 223 229 241,13 19 31 37 43 61
668,147,6,188,6,37854,3,1.741317954957e-07,25,5,20,0.80000000,38.6325,19,19 31 43 61 67 73 79 97 103 109 127 139 151 157 181 199 211 223 229 241,7 13 37 163 193
669,89,5,83,6,6928,3,1.742247612168e-07,25,7,18,0.72000000,38.2373,7,7 13 19 37 43 67 73 79 97 103 109 127 163 181 211 223 229 241,31 61 139 151 157 193 199
670,157,6,105,7,53796,3,1.747442757102e-07,25,5,20,0.80000000,38.2373,13,13 19 31 37 43 67 73 79 97 127 139 151 157 163 181 199 211 223 229 241,7 61 103 109 193
671,85,6,196,6,38501,3,1.747747093923e-07,25,9,16,0.64000000,38.6325,19,19 31 37 43 61 67 73 79 103 109 151 163 181 199 223 241,7 13 97 127 139 157 193 211 229
672,208,7,243,7,405903,3,1.748020738843e-07,25,11,14,0.56000000,37.6973,7,7 13 37 67 97 103 139 151 157 163 181 211 223 229,19 31 43 61 73 79 109 127 193 199 241
673,167,7,239,7,363843,3,1.750359895384e-07,25,7,18,0.72000000,37.6973,13,13 19 31 37 43 73 79 103 139 151 163 181 193 199 211 223 229 241,7 61 67 97 109 127 157
674,205,7,219,7,340207,3,1.750659805981e-07,25,9,16,0.64000000,37.6973,7,7 19 31 37 43 61 73 97 103 109 127 151 157 163 193 211,13 67 79 139 181 199 223 229 241
675,179,6,165,7,149814,3,1.756874429153e-07,25,8,17,0.68000000,38.2373,7,7 13 31 43 73 79 97 103 109 139 157 163 181 193 199 211 241,19 37 61 67 127 151 223 229
676,115,7,192,7,214611,3,1.759972957333e-07,25,10,15,0.60000000,37.6973,19,19 67 73 97 103 109 139 151 157 163 193 211 223 229 241,7 13 31 37 43 61 79 127 181 199
677,190,7,201,7,281023,3,1.764428342381e-07,25,10,15,0.60000000,37.6973,37,37 43 67 73 109 127 139 151 157 163 181 199 211 223 229,7 13 19 31 61 79 97 103 193 241
678,105,7,197,7,226732,3,1.765428652992e-07,25,9,16,0.64000000,37.6973,19,19 31 37 43 61 67 79 97 103 163 181 193 199 211 223 229,7 13 73 109 127 139 151 157 241
679,139,6,149,7,117871,3,1.770529263281e-07,25,9,16,0.64000000,38.2373,7,7 19 31 43 61 79 103 109 127 151 163 181 211 223 229 241,13 37 67 73 97 139 157 193 199
680,24,6,145,5,4006,3,1.770925127206e-07,25,9,16,0.64000000,38.2373,7,7 19 31 61 67 73 103 109 127 139 157 163 181 211 229 241,13 37 43 79 97 151 193 199 223
681,203,6,167,7,154564,3,1.777292700231e-07,25,12,13,0.52000000,38.2373,19,19 37 61 73 97 109 127 139 151 181 199 229 241,7 13 31 43 67 79 103 157 163 193 211 223
682,245,6,169,7,8028,4,1.779487950759e-07,53,17,36,0.67924528,73.5585,3,3 5 11 13 17 19 29 37 41 43 47 53 59 61 67 83 97 103 109 113,7 23 31 71 73 79 89 101 107 131 151 191 199 211 223 227 239
683,199,6,215,7,277191,3,1.781231545064e-07,25,10,15,0.60000000,38.2373,13,13 31 37 61 67 79 103 109 127 151 157 163 199 211 229,7 19 43 73 97 139 181 193 223 241
684,113,7,126,7,90428,3,1.782073866172e-07,25,8,17,0.68000000,37.6973,31,31 37 43 61 67 73 79 97 103 139 157 163 199 211 223 229 241,7 13 19 109 127 151 181 193
685,229,7,247,7,446666,3,1.782333753488e-07,25,10,15,0.60000000,37.6973,37,37 61 67 73 79 97 103 109 139 151 181 193 199 229 241,7 13 19 31 43 127 157 163 211 223
686,159,6,193,7,215378,3,1.782702636258e-07,25,7,18,0.72000000,38.2373,7,7 13 19 37 43 61 67 73 79 103 109 127 151 157 163 181 223 241,31 97 139 193 199 211 229
687,99,7,245,7,375816,3,1.784079106766e-07,25,9,16,0.64000000,37.6973,13,13 31 37 61 67 103 109 127 139 157 163 181 193 199 223 241,7 19 43 73 79 97 151 211 229
688,205,6,139,7,102496,3,1.785674195175e-07,25,13,12,0.48000000,38.2373,13,13 31 67 73 103 109 127 157 163 211 223 229,7 19 37 43 61 79 97 139 151 181 193 199 241
689,199,5,191,6,36559,3,1.790963029664e-07,25,6,19,0.76000000,38.2373,13,13 19 31 37 43 61 67 73 97 103 109 139 151 157 163 181 193 211 241,7 79 127 199 223 229
690,244,5,219,6,48086,3,1.791284939328e-07,25,10,15,0.60000000,38.2373,13,13 19 37 43 73 97 109 157 163 181 193 199 211 223 241,7 31 61 67 79 103 127 139 151 229
691,85,7,193,6,43750,3,1.791537140058e-07,25,7,18,0.72000000,38.2373,7,7 43 61 73 79 97 103 109 127 139 151 163 181 193 211 223 229 241,13 19 31 37 67 157 199
692,245,6,188,7,204217,3,1.792348784004e-07,25,6,19,0.76000000,38.2373,13,13 31 37 43 61 67 73 79 97 103 127 151 157 181 193 199 211 223 229,7 19 109 139 163 241
693,127,7,189,7,209138,3,1.793737234275e-07,25,9,16,0.64000000,37.6973,13,13 19 31 37 43 73 97 103 127 139 151 157 199 223 229 241,7 61 67 79 109 163 181 193 211
694,238,4,29,7,2735,3,1.793882826568e-07,25,12,13,0.52000000,38.2373,19,19 31 37 61 73 79 97 139 157 163 199 211 229,7 13 43 67 103 109 127 151 181 193 223 241
695,217,7,236,7,15870,4,1.795235611122e-07,53,19,34,0.64150943,72.1671,5,5 7 13 17 23 29 37 53 59 67 71 73 79 89 97 101 103 107 109 113,3 11 19 31 41 43 47 61 83 127 131 139 151 163 167 191 199 223 227
696,170,6,171,7,162607,3,1.797304283897e-07,25,7,18,0.72000000,38.2373,7,7 31 37 43 67 73 79 97 103 127 151 157 163 181 193 199 211 223,13 19 61 109 139 229 241
697,199,7,239,7,384630,3,1.799532686451e-07,25,8,17,0.68000000,37.6973,7,7 19 31 43 61 67 79 97 103 127 157 163 181 193 211 229 241,13 37 73 109 139 151 199 223
698,85,6,199,6,39681,3,1.801537876917e-07,25,7,18,0.72000000,38.6325,7,7 19 31 43 67 73 79 97 109 127 139 151 157 163 193 223 229 241,13 37 61 103 181 199 211
699,201,6,227,7,314558,3,1.802796002734e-07,25,7,18,0.72000000,38.2373,7,7 13 31 37 43 67 79 97 127 139 151 157 163 181 199 211 229 241,19 61 73 103 109 193 223
700,171,4,143,5,3929,3,1.802904409588e-07,25,6,19,0.76000000,38.2373,7,7 13 19 31 37 43 61 97 103 109 127 139 151 157 181 199 223 229 241,67 73 79 163 193 211
701,158,7,217,7,292853,3,1.803999122701e-07,25,5,20,0.80000000,37.6973,7,7 13 19 31 43 61 67 73 79 97 103 109 127 139 151 163 181 193 211 223,37 157 199 229 241
702,217,6,219,7,289508,3,1.811143259147e-07,25,11,14,0.56000000,38.2373,7,7 13 19 37 61 79 97 103 127 151 199 211 229 241,31 43 67 73 109 139 157 163 181 193 223
703,233,5,235,5,11196,3,1.811769889338e-07,25,10,15,0.60000000,37.5296,31,31 37 61 73 79 103 109 127 163 181 193 199 211 229 241,7 13 19 43 67 97 139 151 157 223
704,191,7,207,7,294563,3,1.812462913435e-07,25,9,16,0.64000000,37.6973,19,19 37 43 67 73 79 97 109 127 139 151 163 193 223 229 241,7 13 31 61 103 157 181 199 211
705,161,7,221,7,305642,3,1.815299113933e-07,25,7,18,0.72000000,37.6973,7,7 19 31 43 61 67 97 103 109 139 151 157 163 199 211 223 229 241,13 37 73 79 127 181 193
706,193,6,226,7,311292,3,1.817310235679e-07,25,9,16,0.64000000,38.2373,7,7 13 31 61 67 79 97 103 127 151 157 163 211 223 229 241,19 37 43 73 109 139 181 193 199
707,225,7,242,7,426902,3,1.818521942396e-07,25,8,17,0.68000000,37.6973,7,7 13 43 61 67 73 103 127 139 151 157 181 199 211 223 229 241,19 31 37 79 97 109 163 193
708,91,6,235,6,55287,3,1.820028735277e-07,25,12,13,0.52000000,38.6325,31,31 43 67 73 79 103 109 157 163 193 199 223 241,7 13 19 37 61 97 127 139 151 181 211 229
709,98,5,65,7,16998,3,1.821528222748e-07,25,9,16,0.64000000,38.2373,7,7 13 19 31 43 61 67 73 109 127 151 163 181 199 223 229,37 79 97 103 139 157 193 211 241
710,187,6,152,7,124232,3,1.825687268277e-07,25,6,19,0.76000000,38.2373,37,37 43 61 67 73 79 97 109 127 139 151 157 163 181 193 199 211 223 229,7 13 19 31 103 241
711,243,6,122,7,84724,3,1.829280586454e-07,25,7,18,0.72000000,38.2373,7,7 13 31 37 67 73 79 97 103 109 127 139 157 163 193 199 211 223,19 43 61 151 181 229 241
712,115,6,136,7,95202,3,1.829477061038e-07,25,11,14,0.56000000,38.2373,7,7 13 19 37 43 61 67 79 103 109 127 139 157 199,31 73 97 151 163 181 193 211 223 229 241
713,203,6,124,7,80453,3,1.831355464685e-07,25,17,8,0.32000000,38.2373,7,7 61 73 97 139 181 199 241,13 19 31 37 43 67 79 103 109 127 151 157 163 193 211 223 229
714,202,7,245,7,405567,3,1.835288424331e-07,25,9,16,0.64000000,37.6973,19,19 31 43 61 67 73 79 103 109 139 151 157 163 193 211 241,7 13 37 97 127 181 199 223 229
715,208,5,233,6,54333,3,1.837693468617e-07,25,8,17,0.68000000,38.2373,7,7 19 31 37 61 73 79 97 103 109 127 139 151 157 199 211 241,13 43 67 163 181 193 223 229
716,116,7,211,7,266383,3,1.839943487154e-07,25,5,20,0.80000000,37.6973,7,7 13 19 37 43 61 67 73 79 97 103 127 139 151 157 199 211 223 229 241,31 109 163 181 193
717,239,6,127,7,89597,3,1.841236650044e-07,25,8,17,0.68000000,38.2373,7,7 13 31 37 43 61 79 103 139 151 163 181 193 199 211 223 241,19 67 73 97 109 127 157 229
718,211,6,241,7,361668,3,1.841987097483e-07,25,6,19,0.76000000,38.2373,7,7 13 19 37 43 61 67 73 79 97 103 109 127 151 157 193 199 211 223,31 139 163 181 229 241
719,177,6,128,7,84047,3,1.847294577887e-07,25,10,15,0.60000000,38.2373,7,7 19 31 43 61 79 97 103 127 139 163 181 193 211 223,13 37 67 73 109 151 157 199 229 241
720,220,5,223,5,10218,3,1.847622176006e-07,25,10,15,0.60000000,37.5296,7,7 19 31 43 61 67 97 103 139 163 181 193 211 223 241,13 37 73 79 109 127 151 157 199 229
721,154,6,183,6,2671,4,1.849056531369e-07,53,27,26,0.49056604,72.9271,19,19 23 29 31 43 53 59 61 71 83 101 109 113 131 139 149 151 157 163 167,3 5 7 11 13 17 37 41 47 67 73 79 89 97 103 107 127 137 173 179
722,233,6,208,7,257148,3,1.850434826548e-07,25,8,17,0.68000000,38.2373,19,19 31 37 43 67 73 97 109 151 157 163 181 193 199 211 229 241,7 13 61 79 103 127 139 223
723,217,6,249,7,390289,3,1.851749036086e-07,25,12,13,0.52000000,38.2373,7,7 19 43 61 67 73 103 109 139 163 193 223 241,13 31 37 79 97 127 151 157 181 199 211 229
724,123,6,155,7,129124,3,1.853303195707e-07,25,9,16,0.64000000,38.2373,7,7 13 19 37 61 67 79 97 103 109 139 157 181 211 229 241,31 43 73 127 151 163 193 199 223
725,139,7,186,7,205705,3,1.857043150505e-07,25,9,16,0.64000000,37.6973,7,7 19 37 61 79 97 103 109 127 139 151 163 181 223 229 241,13 31 43 67 73 157 193 199 211
726,183,6,196,6,45509,3,1.859134174590e-07,25,12,13,0.52000000,38.6325,13,13 31 37 43 67 79 97 151 163 181 199 223 229,7 19 61 73 103 109 127 139 157 193 211 241
727,143,7,237,7,350941,3,1.863594795969e-07,25,11,14,0.56000000,37.6973,7,7 13 31 37 67 73 97 109 127 151 157 181 199 223,19 43 61 79 103 139 163 193 211 229 241
728,41,6,244,5,9545,3,1.872549450918e-07,25,10,15,0.60000000,38.2373,13,13 37 67 73 79 97 109 139 151 157 181 193 199 211 229,7 19 31 43 61 103 127 163 223 241
729,213,6,169,7,159146,3,1.875988687293e-07,25,8,17,0.68000000,38.2373,7,7 19 37 73 79 97 103 127 139 151 157 181 193 199 211 229 241,13 31 43 61 67 109 163 223
730,137,5,139,6,19364,3,1.877098465079e-07,25,8,17,0.68000000,38.2373,7,7 19 31 37 43 67 73 109 127 139 163 181 193 199 211 223 241,13 61 79 97 103 151 157 229
731,116,7,217,7,284141,3,1.877403834827e-07,25,13,12,0.48000000,37.6973,7,7 19 43 61 73 97 109 127 151 181 199 241,13 31 37 67 79 103 139 157 163 193 211 223 229
732,224,7,237,7,412708,3,1.878589206481e-07,25,11,14,0.56000000,37.6973,13,13 19 37 61 67 79 103 127 163 193 199 223 229 241,7 31 43 73 97 109 139 151 157 181 211
733,165,6,116,7,67151,3,1.883029135346e-07,25,9,16,0.64000000,38.2373,7,7 19 67 73 79 97 103 109 151 157 163 181 193 199 211 229,13 31 37 43 61 127 139 223 241
734,120,6,139,7,100184,3,1.883582233171e-07,25,10,15,0.60000000,38.2373,13,13 43 67 73 79 97 103 127 151 157 163 199 211 223 229,7 19 31 37 61 109 139 181 193 241
735,139,7,229,7,324050,3,1.884922720498e-07,25,6,19,0.76000000,37.6973,7,7 19 37 67 79 97 103 109 127 139 151 157 163 181 193 199 211 229 241,13 31 43 61 73 223
736,142,5,67,7,18290,3,1.888641396607e-07,25,13,12,0.48000000,38.2373,13,13 37 43 79 103 109 139 151 157 163 199 211,7 19 31 61 67 73 97 127 181 193 223 229 241
737,173,7,225,7,323423,3,1.889682667229e-07,25,15,10,0.40000000,37.6973,31,31 37 43 61 67 79 109 139 163 181,7 13 19 73 97 103 127 151 157 193 199 211 223 229 241
738,188,6,163,7,145830,3,1.889814601462e-07,25,10,15,0.60000000,38.2373,7,7 37 61 73 79 97 103 109 127 151 157 199 223 229 241,13 19 31 43 67 139 163 181 193 211
739,232,5,93,7,39331,3,1.891861324066e-07,25,7,18,0.72000000,38.2373,7,7 19 37 61 67 73 79 97 109 127 139 151 157 163 193 199 211 241,13 31 43 103 181 223 229
740,187,7,247,7,400178,3,1.892365474905e-07,25,10,15,0.60000000,37.6973,19,19 73 79 97 109 127 139 151 181 193 199 211 223 229 241,7 13 31 37 43 61 67 103 157 163
741,111,7,143,7,112673,3,1.895265432662e-07,25,9,16,0.64000000,37.6973,7,7 13 19 37 43 61 67 79 103 139 157 163 193 199 223 229,31 73 97 109 127 151 181 211 241
742,211,6,217,6,57756,3,1.896527851348e-07,25,11,14,0.56000000,38.6325,13,13 37 67 79 97 103 109 127 139 157 163 181 199 223,7 19 31 43 61 73 151 193 211 229 241
743,153,7,230,7,330226,3,1.901002156274e-07,25,10,15,0.60000000,37.6973,7,7 13 19 31 97 109 127 139 151 157 163 181 199 223 241,37 43 61 67 73 79 103 193 211 229
744,207,5,82,7,29360,3,1.903927774208e-07,25,5,20,0.80000000,38.2373,13,13 19 31 37 43 61 73 79 97 103 109 127 139 151 157 163 193 223 229 241,7 67 181 199 211
745,196,6,247,7,382918,3,1.904240382920e-07,25,11,14,0.56000000,38.2373,7,7 43 67 79 103 109 139 151 163 193 199 223 229 241,13 19 31 37 61 73 97 127 157 181 211
746,218,6,229,7,321183,3,1.904536605882e-07,25,9,16,0.64000000,38.2373,13,13 31 43 61 67 73 79 97 109 127 139 151 181 199 223 241,7 19 37 103 157 163 193 211 229
747,242,6,163,7,148246,3,1.907113933451e-07,25,10,15,0.60000000,38.2373,7,7 31 37 61 67 73 79 103 109 127 139 181 211 229 241,13 19 43 97 151 157 163 193 199 223
748,49,7,111,7,3799,4,1.907778481703e-07,53,26,27,0.50943396,72.1671,7,7 17 23 29 41 43 61 73 83 97 101 103 109 137 149 151 157 173 179 181,3 5 11 13 19 31 37 47 53 59 67 71 79 89 107 113 127 131 139 163
749,179,6,225,7,13075,4,1.909374651251e-07,53,23,30,0.56603774,73.5585,11,11 13 19 23 29 31 37 41 43 61 67 83 97 107 109 113 131 137 149 151,3 5 7 17 47 53 59 71 73 79 89 101 103 127 139 157 163 167 179 211
750,175,7,218,7,305189,3,1.916717509192e-07,25,10,15,0.60000000,37.6973,13,13 19 31 37 43 73 103 127 139 151 157 163 181 193 229,7 61 67 79 97 109 199 211 223 241
751,227,5,139,6,1672,4,1.916740158030e-07,53,23,30,0.56603774,73.5585,5,5 7 17 19 23 29 37 41 43 59 61 67 97 101 103 109 137 139 151 157,3 11 13 31 47 53 71 73 79 83 89 107 113 127 131 149 167 179 197 227
752,92,7,97,7,51499,3,1.918048194168e-07,25,9,16,0.64000000,37.6973,43,43 61 67 79 97 103 109 127 139 163 181 193 199 211 223 241,7 13 19 31 37 73 151 157 229
753,197,6,227,6,58016,3,1.921923600467e-07,25,9,16,0.64000000,38.6325,7,7 13 19 31 37 43 73 79 127 139 157 199 211 223 229 241,61 67 97 103 109 151 163 181 193
754,171,6,217,6,50582,3,1.921950987305e-07,25,12,13,0.52000000,38.6325,61,61 79 97 109 127 139 157 163 193 199 211 223 229,7 13 19 31 37 43 67 73 103 151 181 241
755,221,7,229,7,388801,3,1.926597531054e-07,25,9,16,0.64000000,37.6973,7,7 19 31 37 61 73 79 97 109 127 151 163 181 199 211 223,13 43 67 103 139 157 193 229 241
756,211,6,222,7,298747,3,1.929311397843e-07,25,9,16,0.64000000,38.2373,13,13 19 31 43 67 73 79 103 109 127 139 151 163 181 193 241,7 37 61 97 157 199 211 223 229
757,173,6,197,7,225991,3,1.929780285026e-07,25,8,17,0.68000000,38.2373,7,7 19 37 43 67 73 79 97 127 139 157 163 181 193 211 223 241,13 31 61 103 109 151 199 229
758,158,7,249,7,395373,3,1.936712850969e-07,25,10,15,0.60000000,37.6973,13,13 19 31 43 73 103 109 127 151 157 163 181 199 223 241,7 37 61 67 79 97 139 193 211 229
759,89,7,216,7,280124,3,1.936896564720e-07,25,9,16,0.64000000,37.6973,7,7 13 19 31 37 43 73 109 151 157 181 193 199 211 223 229,61 67 79 97 103 127 139 163 241
760,50,7,211,6,44652,3,1.939075435693e-07,25,9,16,0.64000000,38.2373,7,7 13 37 43 61 67 73 79 97 127 193 199 211 223 229 241,19 31 103 109 139 151 157 163 181
761,169,6,90,7,41433,3,1.939150585108e-07,25,13,12,0.48000000,38.2373,19,19 31 37 73 109 127 139 151 193 223 229 241,7 13 43 61 67 79 97 103 157 163 181 199 211
762,149,7,236,7,348715,3,1.939476541828e-07,25,9,16,0.64000000,37.6973,19,19 37 43 61 79 97 103 109 127 139 157 163 193 211 223 241,7 13 31 67 73 151 181 199 229
763,199,7,217,7,327158,3,1.941271464638e-07,25,12,13,0.52000000,37.6973,7,7 31 37 61 67 79 97 103 109 127 151 193 241,13 19 43 73 139 157 163 181 199 211 223 229
764,116,7,235,7,341603,3,1.941510559095e-07,25,10,15,0.60000000,37.6973,19,19 31 37 67 73 97 103 127 151 163 181 193 199 223 229,7 13 43 61 79 109 139 157 211 241
765,41,7,209,6,43715,3,1.949588982365e-07,25,12,13,0.52000000,38.2373,19,19 31 37 61 79 109 127 139 151 157 193 211 223,7 13 43 67 73 97 103 163 181 199 229 241
766,6,7,215,3,217,3,1.957270246077e-07,25,6,19,0.76000000,38.2373,7,7 19 37 43 61 67 79 97 109 127 139 151 157 163 181 211 223 229 241,13 31 73 103 193 199
767,137,7,188,7,209586,3,1.958952210846e-07,25,8,17,0.68000000,37.6973,7,7 31 37 61 67 73 79 103 109 151 157 181 193 211 223 229 241,13 19 43 97 127 139 163 199
768,180,6,211,7,265210,3,1.966211469662e-07,25,8,17,0.68000000,38.2373,7,7 13 19 31 43 67 73 97 109 127 139 151 157 163 181 193 241,37 61 79 103 199 211 223 229
769,245,6,176,7,175952,3,1.970968933089e-07,25,12,13,0.52000000,38.2373,19,19 37 43 61 67 73 79 97 127 139 163 181 199,7 13 31 103 109 151 157 193 211 223 229 241
770,159,5,74,7,23054,3,1.972071204306e-07,25,7,18,0.72000000,38.2373,19,19 31 43 67 73 79 97 103 109 127 151 157 163 181 199 211 223 241,7 13 37 61 139 193 229
771,210,5,221,6,48898,3,1.972404465115e-07,25,8,17,0.68000000,38.2373,13,13 19 43 61 79 103 109 127 139 151 157 163 181 193 199 211 241,7 31 37 67 73 97 223 229
772,145,5,88,7,34463,3,1.975676577693e-07,25,12,13,0.52000000,38.2373,13,13 37 43 67 97 109 127 157 163 181 199 223 241,7 19 31 61 73 79 103 139 151 193 211 229
773,85,6,231,5,10115,3,1.981827642118e-07,25,6,19,0.76000000,38.2373,13,13 31 37 61 67 73 97 103 109 127 139 151 157 163 193 199 211 223 241,7 19 43 79 181 229
774,164,6,211,7,265141,3,1.988420349802e-07,25,13,12,0.48000000,38.2373,7,7 13 19 43 67 103 151 157 163 181 193 223,31 37 61 73 79 97 109 127 139 199 211 229 241
775,81,7,205,7,247919,3,1.988807784990e-07,25,8,17,0.68000000,37.6973,19,19 31 37 61 67 73 79 97 103 109 157 163 181 199 211 223 241,7 13 43 127 139 151 193 229
776,55,5,111,5,2589,3,1.992063730006e-07,25,5,20,0.80000000,37.5296,7,7 13 19 31 37 43 61 67 79 103 109 127 139 151 157 181 193 211 229 241,73 97 163 199 223
777,113,7,159,7,141019,3,1.992763571666e-07,25,12,13,0.52000000,37.6973,19,19 31 37 43 67 109 127 151 163 193 199 211 229,7 13 61 73 79 97 103 139 157 181 223 241
778,118,7,229,7,321864,3,1.992901095268e-07,25,9,16,0.64000000,37.6973,7,7 13 31 73 79 109 127 139 151 163 193 199 211 223 229 241,19 37 43 61 67 97 103 157 181
779,139,5,146,6,21354,3,1.995083582532e-07,25,9,16,0.64000000,38.2373,13,13 19 31 37 43 67 79 103 151 157 163 181 193 211 223 229,7 61 73 97 109 127 139 199 241
780,181,6,191,7,210358,3,1.995176382058e-07,25,9,16,0.64000000,38.2373,7,7 13 31 37 61 67 73 79 97 103 127 139 151 181 193 199,19 43 109 157 163 211 223 229 241
781,225,6,157,7,135376,3,1.995208509367e-07,25,9,16,0.64000000,38.2373,7,7 13 19 31 37 67 79 97 103 139 151 163 199 211 223 229,43 61 73 109 127 157 181 193 241
782,183,5,178,6,31752,3,1.996636381651e-07,25,9,16,0.64000000,38.2373,7,7 13 19 31 43 79 97 127 139 151 157 181 211 223 229 241,37 61 67 73 103 109 163 193 199
783,123,7,239,7,355609,3,1.998526717399e-07,25,6,19,0.76000000,37.6973,7,7 13 19 31 37 61 67 97 103 109 127 151 157 163 193 199 211 223 229,43 73 79 139 181 241
784,91,7,118,7,71805,3,1.998591359335e-07,25,10,15,0.60000000,37.6973,31,31 37 43 61 67 79 97 103 109 127 139 151 163 223 229,7 13 19 73 157 181 193 199 211 241
785,183,6,245,6,63316,3,2.005830658211e-07,25,10,15,0.60000000,38.6325,43,43 73 79 97 103 109 139 151 157 181 193 199 211 229 241,7 13 19 31 37 61 67 127 163 223
786,186,7,227,7,338425,3,2.006129377195e-07,25,4,21,0.84000000,37.6973,13,13 31 37 43 61 67 73 79 97 103 109 127 139 151 157 181 193 211 223 229,7 19 163 199
787,139,7,142,7,129400,3,2.009011482952e-07,25,8,17,0.68000000,37.6973,19,19 67 73 79 97 103 109 139 151 157 163 181 199 211 223 229 241,7 13 31 37 43 61 127 193
788,209,6,178,7,179100,3,2.012864697200e-07,25,12,13,0.52000000,38.2373,7,7 13 31 43 61 67 79 109 139 151 181 193 211,19 37 73 97 103 127 157 163 199 223 229 241
789,182,4,85,6,7232,3,2.013685291680e-07,25,9,16,0.64000000,40.2466,19,19 43 61 97 103 109 127 139 151 157 181 193 211 223 229 241,7 13 31 37 67 73 79 163 199
790,156,6,179,7,180722,3,2.013806241266e-07,25,10,15,0.60000000,38.2373,7,7 13 37 61 67 79 97 109 157 163 199 211 223 229 241,19 31 43 73 103 127 139 151 181 193
791,133,6,157,7,133078,3,2.018005760510e-07,25,9,16,0.64000000,38.2373,7,7 13 19 31 43 61 67 73 79 103 109 127 163 193 229 241,37 97 139 151 157 181 199 211 223
792,126,7,209,7,261701,3,2.021221873860e-07,25,12,13,0.52000000,37.6973,13,13 37 79 97 109 127 151 181 193 199 211 229 241,7 19 31 43 61 67 73 103 139 157 163 223
793,190,7,191,7,263099,3,2.021258264339e-07,25,10,15,0.60000000,37.6973,7,7 31 37 61 67 73 79 97 109 139 157 163 199 223 241,13 19 43 103 127 151 181 193 211 229
794,182,7,215,7,303117,3,2.023889256261e-07,25,11,14,0.56000000,37.6973,7,7 13 31 43 73 97 103 127 139 151 157 181 193 241,19 37 61 67 79 109 163 199 211 223 229
795,119,7,208,7,11449,4,2.026743114847e-07,53,20,33,0.62264151,72.1671,7,7 13 19 29 37 41 43 53 61 67 71 73 83 89 97 101 103 113 127 137,3 5 11 17 23 31 47 59 79 107 109 131 139 151 157 167 227 239 241 251
796,187,6,232,7,330859,3,2.026877002022e-07,25,9,16,0.64000000,38.2373,7,7 19 31 73 79 97 109 127 139 151 157 163 199 211 229 241,13 37 43 61 67 103 181 193 223
797,221,6,240,7,358256,3,2.027098814436e-07,25,6,19,0.76000000,38.2373,7,7 13 19 43 61 67 73 79 97 103 127 139 157 163 181 199 223 229 241,31 37 109 151 193 211
798,88,7,191,7,210401,3,2.030672721530e-07,25,10,15,0.60000000,37.6973,13,13 19 37 43 61 79 97 109 139 151 163 181 193 199 223,7 31 67 73 103 127 157 211 229 241
799,158,5,185,6,34253,3,2.032172375152e-07,25,10,15,0.60000000,38.2373,7,7 13 43 61 67 97 103 139 163 181 193 199 211 223 241,19 31 37 73 79 109 127 151 157 229
800,159,7,238,7,14631,4,2.034986122750e-07,53,15,38,0.71698113,72.1671,7,7 13 17 19 23 29 31 37 41 47 53 61 67 71 73 83 89 97 103 107,3 5 11 43 59 79 101 127 137 151 157 179 199 211 239
801,81,7,185,7,195215,3,2.039010492471e-07,25,5,20,0.80000000,37.6973,13,13 31 37 61 67 73 79 103 109 139 151 157 163 181 193 199 211 223 229 241,7 19 43 97 127
802,220,6,149,7,120365,3,2.040217672254e-07,25,8,17,0.68000000,38.2373,7,7 31 37 43 61 67 73 79 97 109 127 151 157 181 193 223 229,13 19 103 139 163 199 211 241
803,109,7,214,7,274735,3,2.040337732464e-07,25,9,16,0.64000000,37.6973,13,13 31 37 43 67 73 79 97 103 127 157 181 211 223 229 241,7 19 61 109 139 151 163 193 199
804,89,6,97,7,43320,3,2.041806795733e-07,25,8,17,0.68000000,38.2373,13,13 19 31 37 67 73 79 103 109 127 139 151 157 163 193 211 229,7 43 61 97 181 199 223 241
805,145,6,204,6,43333,3,2.042127544411e-07,25,10,15,0.60000000,38.6325,7,7 31 61 67 73 97 103 109 139 157 163 181 199 211 223,13 19 37 43 79 127 151 193 229 241
806,41,7,177,6,31395,3,2.049903641317e-07,25,9,16,0.64000000,38.2373,13,13 19 31 43 61 73 103 109 139 151 181 193 199 211 223 241,7 37 67 79 97 127 157 163 229
807,109,7,182,7,189429,3,2.055721863459e-07,25,9,16,0.64000000,37.6973,7,7 19 37 43 61 103 109 127 139 151 157 181 193 199 211 241,13 31 67 73 79 97 163 223 229
808,177,6,149,7,118433,3,2.059607755916e-07,25,12,13,0.52000000,38.2373,7,7 13 19 43 61 67 79 103 109 127 193 211 229,31 37 73 97 139 151 157 163 181 199 223 241
809,181,6,209,7,259398,3,2.061776529446e-07,25,10,15,0.60000000,38.2373,13,13 67 79 103 109 127 139 151 163 181 193 199 223 229 241,7 19 31 37 43 61 73 97 157 211
810,167,5,72,7,21659,3,2.062610504447e-07,25,10,15,0.60000000,38.2373,19,19 37 67 73 79 97 103 109 127 151 157 163 181 193 229,7 13 31 43 61 139 199 211 223 241
811,65,7,137,7,96931,3,2.063170306040e-07,25,12,13,0.52000000,37.6973,13,13 19 67 97 103 109 127 139 151 163 181 199 211,7 31 37 43 61 73 79 157 193 223 229 241
812,225,6,247,7,383084,3,2.065572804569e-07,25,9,16,0.64000000,38.2373,7,7 31 37 43 61 67 73 79 103 139 151 157 181 193 199 223,13 19 97 109 127 163 211 229 241
813,188,6,217,7,283153,3,2.070296432513e-07,25,7,18,0.72000000,38.2373,19,19 43 61 67 73 79 97 103 109 127 139 151 181 193 199 211 223 241,7 13 31 37 157 163 229
814,83,6,172,6,29708,3,2.075131529682e-07,25,7,18,0.72000000,38.6325,7,7 19 31 37 61 79 97 103 139 151 157 163 181 193 199 211 223 229,13 43 67 73 109 127 241
815,171,6,212,7,268105,3,2.075543408732e-07,25,6,19,0.76000000,38.2373,7,7 13 19 31 43 61 67 79 97 109 151 157 163 181 193 199 211 223 229,37 73 103 127 139 241
816,229,6,131,7,93074,3,2.077523708431e-07,25,9,16,0.64000000,38.2373,19,19 43 61 73 79 97 103 127 139 163 181 193 199 211 223 229,7 13 31 37 67 109 151 157 241
817,211,6,212,7,268398,3,2.079750412498e-07,25,10,15,0.60000000,38.2373,7,7 19 37 43 61 73 97 103 109 127 139 151 181 223 229,13 31 67 79 157 163 193 199 211 241
818,85,7,222,7,298537,3,2.080214453380e-07,25,13,12,0.48000000,37.6973,13,13 19 31 43 61 67 73 79 127 157 181 241,7 37 97 103 109 139 151 163 193 199 211 223 229
819,136,7,179,7,188975,3,2.080374066113e-07,25,6,19,0.76000000,37.6973,13,13 19 37 43 61 67 73 79 97 103 109 157 163 181 193 199 211 223 229,7 31 127 139 151 241
820,140,7,233,7,337184,3,2.086559627177e-07,25,10,15,0.60000000,37.6973,7,7 13 19 37 67 79 97 103 109 127 139 181 193 199 211,31 43 61 73 151 157 163 223 229 241
821,239,6,163,7,148026,3,2.092071460120e-07,25,6,19,0.76000000,38.2373,7,7 31 37 43 61 67 97 103 109 127 139 151 157 181 199 211 223 229 241,13 19 73 79 163 193
822,218,5,175,6,30799,3,2.093496586308e-07,25,10,15,0.60000000,38.2373,13,13 31 37 43 61 73 103 139 151 163 181 193 199 211 241,7 19 67 79 97 109 127 157 223 229
823,183,6,148,7,116788,3,2.096521444327e-07,25,11,14,0.56000000,38.2373,7,7 13 19 31 61 79 103 109 127 157 163 181 223 241,37 43 67 73 97 139 151 193 199 211 229
824,225,4,67,6,4531,3,2.096617634143e-07,25,6,19,0.76000000,40.2466,7,7 19 31 37 61 79 97 103 127 139 151 157 163 181 193 199 211 229 241,13 43 67 73 109 223
825,149,7,202,7,248545,3,2.097273105574e-07,25,11,14,0.56000000,37.6973,19,19 37 61 67 73 109 151 157 163 181 193 223 229 241,7 13 31 43 79 97 103 127 139 199 211
826,153,7,227,7,320822,3,2.105112021982e-07,25,11,14,0.56000000,37.6973,7,7 13 61 67 73 79 103 109 151 157 181 193 223 241,19 31 37 43 97 127 139 163 199 211 229
827,179,6,220,7,292310,3,2.106003930239e-07,25,5,20,0.80000000,38.2373,7,7 31 37 43 67 73 79 97 103 109 127 151 157 163 181 193 199 211 223 241,13 19 61 139 229
828,123,7,140,7,113962,3,2.113527543161e-07,25,9,16,0.64000000,37.6973,7,7 13 31 37 43 67 73 79 103 109 157 163 193 199 211 229,19 61 97 127 139 151 181 223 241
829,219,5,175,6,30803,3,2.120016106729e-07,25,9,16,0.64000000,38.2373,7,7 13 19 31 37 43 61 67 97 139 151 157 181 193 223 229,73 79 103 109 127 163 199 211 241
830,224,7,239,7,417629,3,2.120325080510e-07,25,8,17,0.68000000,37.6973,13,13 19 31 37 61 67 73 79 103 127 139 157 163 193 211 223 241,7 43 97 109 151 181 199 229
831,97,7,207,7,253891,3,2.121557948701e-07,25,9,16,0.64000000,37.6973,7,7 13 37 61 79 97 103 109 139 151 163 181 199 223 229 241,19 31 43 67 73 127 157 193 211
832,175,7,221,7,313375,3,2.125856563361e-07,25,10,15,0.60000000,37.6973,7,7 13 31 73 79 97 103 151 157 181 193 199 211 223 241,19 37 43 61 67 109 127 139 163 229
833,226,6,247,7,383092,3,2.128562688713e-07,25,10,15,0.60000000,38.2373,7,7 31 37 43 61 73 97 103 109 151 157 181 199 223 229,13 19 67 79 127 139 163 193 211 241
834,216,6,199,7,231833,3,2.129772139699e-07,25,10,15,0.60000000,38.2373,7,7 13 19 37 61 67 97 103 109 127 139 163 181 229 241,31 43 73 79 151 157 193 199 211 223
835,149,7,248,7,390021,3,2.131597155999e-07,25,6,19,0.76000000,37.6973,7,7 31 43 61 67 73 79 97 103 109 127 139 157 163 181 193 199 229 241,13 19 37 151 211 223
836,122,7,237,7,348706,3,2.133113746893e-07,25,7,18,0.72000000,37.6973,7,7 13 31 37 61 67 79 97 103 127 139 157 181 193 199 223 229 241,19 43 73 109 151 163 211
837,227,7,244,7,435416,3,2.140998814002e-07,25,8,17,0.68000000,37.6973,7,7 13 19 37 61 67 73 79 97 103 109 139 163 193 199 223 241,31 43 127 151 157 181 211 229
838,76,7,185,7,195143,3,2.146358424495e-07,25,5,20,0.80000000,37.6973,7,7 19 31 37 43 67 73 79 97 103 127 151 157 163 181 193 199 211 223 229,13 61 109 139 241
839,249,6,206,7,251883,3,2.148624239619e-07,25,9,16,0.64000000,38.2373,7,7 19 31 61 73 127 139 151 157 163 181 193 199 223 229 241,13 37 43 67 79 97 103 109 211
840,134,6,119,7,70049,3,2.150280258554e-07,25,7,18,0.72000000,38.2373,19,19 31 37 43 61 73 79 97 103 109 127 151 157 163 193 211 223 241,7 13 67 139 181 199 229
841,221,6,201,7,237351,3,2.153888339981e-07,25,13,12,0.48000000,38.2373,13,13 37 79 127 151 157 181 193 199 211 223 241,7 19 31 43 61 67 73 97 103 109 139 163 229
842,189,7,200,7,277696,3,2.156949152515e-07,25,12,13,0.52000000,37.6973,7,7 19 31 37 73 79 103 127 139 157 199 223 241,13 43 61 67 97 109 151 163 181 193 211 229
843,155,5,184,6,33882,3,2.165270172451e-07,25,9,16,0.64000000,38.2373,7,7 13 43 61 73 79 97 103 109 127 151 157 163 181 199 211,19 31 37 67 139 193 223 229 241
844,229,6,219,7,12486,4,2.166326585134e-07,53,19,34,0.64150943,73.5585,7,7 11 17 23 29 31 37 41 43 53 71 73 89 97 101 109 113 127 137 149,3 5 13 19 47 59 61 67 79 83 103 107 131 139 151 167 179 191 239
845,187,6,166,7,152063,3,2.171582084570e-07,25,6,19,0.76000000,38.2373,13,13 19 31 37 43 61 73 79 103 127 151 157 163 181 193 211 223 229 241,7 67 97 109 139 199
846,213,6,250,7,393926,3,2.171940344380e-07,25,7,18,0.72000000,38.2373,13,13 19 61 67 73 79 103 127 139 151 157 163 193 199 211 223 229 241,7 31 37 43 97 109 181
847,190,5,117,6,14116,3,2.172683781599e-07,25,7,18,0.72000000,38.2373,7,7 31 37 43 67 73 79 97 103 139 151 163 181 193 199 211 229 241,13 19 61 109 127 157 223
848,146,6,245,6,60908,3,2.174551168852e-07,25,11,14,0.56000000,38.6325,31,31 61 67 79 97 103 109 127 139 151 163 199 223 241,7 13 19 37 43 73 157 181 193 211 229
849,241,6,242,6,73483,3,2.174601540704e-07,25,8,17,0.68000000,38.6325,7,7 13 31 67 73 79 103 109 127 139 151 157 163 181 199 211 223,19 37 43 61 97 193 229 241
850,193,6,244,7,372153,3,2.176481871547e-07,25,9,16,0.64000000,38.2373,13,13 19 31 43 103 109 127 151 157 163 181 193 199 211 223 241,7 37 61 67 73 79 97 139 229
851,192,6,149,7,118891,3,2.182177980237e-07,25,9,16,0.64000000,38.2373,7,7 19 31 61 73 79 109 127 139 163 193 199 211 223 229 241,13 37 43 67 97 103 151 157 181
852,227,6,166,7,153407,3,2.182879771509e-07,25,8,17,0.68000000,38.2373,13,13 19 37 43 61 67 79 97 139 157 181 193 199 211 223 229 241,7 31 73 103 109 127 151 163
853,164,6,179,7,8767,4,2.186289709662e-07,53,23,30,0.56603774,73.5585,7,7 11 17 23 29 31 41 47 53 73 79 89 101 103 107 131 137 139 151 157,3 5 13 19 37 43 59 61 67 71 83 97 109 113 127 149 179 181 223 227
854,78,7,115,7,65698,3,2.188311288400e-07,25,9,16,0.64000000,37.6973,7,7 13 19 61 67 73 79 97 109 127 139 157 163 223 229 241,31 37 43 103 151 181 193 199 211
855,224,5,151,6,23157,3,2.193507737383e-07,25,9,16,0.64000000,38.2373,19,19 31 37 61 73 79 103 109 139 163 181 193 199 211 223 229,7 13 43 67 97 127 151 157 241
856,117,5,248,5,9865,3,2.194690414567e-07,25,11,14,0.56000000,37.5296,19,19 31 37 67 79 97 103 109 139 163 181 223 229 241,7 13 43 61 73 127 151 157 193 199 211
857,95,7,231,7,327629,3,2.194764974377e-07,25,5,20,0.80000000,37.6973,7,7 19 37 43 61 67 73 79 97 103 109 139 151 157 181 193 199 211 223 229,13 31 127 163 241
858,141,7,187,7,208809,3,2.196206803155e-07,25,7,18,0.72000000,37.6973,13,13 19 31 37 43 61 67 79 97 103 109 157 163 181 193 199 211 223,7 73 127 139 151 229 241
859,62,7,115,7,64595,3,2.196773136893e-07,25,3,22,0.88000000,37.6973,7,7 19 31 37 61 67 73 79 97 103 109 127 151 157 163 181 193 199 211 223,13 43 139
860,244,6,237,7,348181,3,2.197181828541e-07,25,10,15,0.60000000,38.2373,13,13 31 37 43 61 67 97 103 139 157 181 199 211 229 241,7 19 73 79 109 127 151 163 193 223
861,100,6,177,6,31665,3,2.198557613731e-07,25,9,16,0.64000000,38.6325,7,7 31 43 61 67 73 109 127 139 157 181 193 199 211 223 241,13 19 37 79 97 103 151 163 229
862,221,6,142,7,108596,3,2.200925097239e-07,25,6,19,0.76000000,38.2373,7,7 19 31 37 43 61 67 73 109 127 139 151 163 181 193 199 211 223 229,13 79 97 103 157 241
863,47,6,113,6,12791,3,2.206365295869e-07,25,8,17,0.68000000,38.6325,7,7 31 37 43 61 67 79 97 103 109 151 157 163 181 211 223 241,13 19 73 127 139 193 199 229
864,209,6,128,7,86459,3,2.212442964125e-07,25,6,19,0.76000000,38.2373,7,7 13 19 31 61 67 73 97 109 127 139 151 157 193 199 211 223 229 241,37 43 79 103 163 181
865,249,6,214,7,274980,3,2.212891086429e-07,25,10,15,0.60000000,38.2373,7,7 13 19 37 43 73 79 97 103 163 199 211 223 229 241,31 61 67 109 127 139 151 157 181 193
866,191,6,204,7,245253,3,2.213723829176e-07,25,4,21,0.84000000,38.2373,7,7 13 19 31 43 61 73 79 97 103 109 127 139 151 163 181 193 199 211 223,37 67 157 241
867,232,6,217,7,283617,3,2.214177620650e-07,25,8,17,0.68000000,38.2373,37,37 43 61 67 73 79 97 127 139 151 157 163 193 199 211 223 241,7 13 19 31 103 109 181 229
868,58,6,107,6,11545,3,2.214506674572e-07,25,10,15,0.60000000,38.6325,7,7 19 31 43 61 67 79 97 103 139 151 157 163 223 241,13 37 73 109 127 181 193 199 211 229
869,199,6,178,7,178879,3,2.219220749257e-07,25,6,19,0.76000000,38.2373,7,7 13 31 37 61 67 73 79 97 103 109 127 151 157 163 181 199 211 223,19 43 139 193 229 241
870,229,6,126,7,917,5,2.220043844026e-07,13,2,11,0.84615385,28.9853,41,41 61 71 101 131 151 181 191 211 241 251,11 31
871,100,7,217,7,283385,3,2.226805821744e-07,25,9,16,0.64000000,37.6973,7,7 19 31 61 67 103 109 127 139 151 163 181 199 223 229 241,13 37 43 73 79 97 157 193 211
872,224,5,111,7,59267,3,2.230826700501e-07,25,7,18,0.72000000,38.2373,13,13 31 37 43 61 67 73 97 103 109 127 139 151 163 193 199 223 241,7 19 79 157 181 211 229
873,149,5,94,7,40191,3,2.234577521921e-07,25,10,15,0.60000000,38.2373,19,19 31 43 79 103 109 127 139 151 163 181 193 199 211 229,7 13 37 61 67 73 97 157 223 241
874,93,7,232,7,330912,3,2.236221604141e-07,25,9,16,0.64000000,37.6973,7,7 37 61 97 103 109 127 139 157 163 181 193 199 211 229 241,13 19 31 43 67 73 79 151 223
875,181,7,192,7,251894,3,2.236300213772e-07,25,9,16,0.64000000,37.6973,7,7 13 19 37 43 61 73 79 97 109 127 139 181 199 223 241,31 67 103 151 157 163 193 211 229
876,204,6,113,7,4187,4,2.238559883781e-07,53,24,29,0.54716981,73.5585,3,3 5 13 17 29 31 37 41 43 53 61 71 73 83 97 107 109 137 139 149,7 11 19 23 47 59 67 79 89 101 103 113 127 131 163 167 173 179 191 211
877,183,4,211,5,7485,3,2.240449906035e-07,25,10,15,0.60000000,38.2373,7,7 13 31 43 67 73 79 97 103 127 151 157 163 193 229,19 37 61 109 139 181 199 211 223 241
878,156,6,199,6,42454,3,2.241186851614e-07,25,8,17,0.68000000,38.6325,7,7 19 31 37 61 79 97 103 109 151 157 163 181 211 223 229 241,13 43 67 73 127 139 193 199
879,219,5,235,6,55280,3,2.247141310774e-07,25,9,16,0.64000000,38.2373,7,7 19 31 61 67 97 103 109 139 151 157 181 193 199 211 241,13 37 43 73 79 127 163 223 229
880,122,7,215,7,278659,3,2.250104678057e-07,25,10,15,0.60000000,37.6973,19,19 43 61 97 109 127 139 151 181 193 199 211 223 229 241,7 13 31 37 67 73 79 103 157 163
881,166,6,237,6,58298,3,2.251538435175e-07,25,10,15,0.60000000,38.6325,7,7 13 61 67 73 97 103 127 163 181 193 199 211 223 229,19 31 37 43 79 109 139 151 157 241
882,181,7,229,7,340247,3,2.251694461837e-07,25,7,18,0.72000000,37.6973,7,7 13 19 31 37 43 67 73 79 103 139 151 157 163 193 223 229 241,61 97 109 127 181 199 211
883,188,6,193,7,215579,3,2.253301706826e-07,25,5,20,0.80000000,38.2373,7,7 19 37 43 61 67 73 79 97 109 127 139 151 157 163 181 199 211 229 241,13 31 103 193 223
884,155,5,129,6,16748,3,2.253433124700e-07,25,8,17,0.68000000,38.2373,7,7 37 43 61 67 73 79 97 103 109 151 157 181 199 211 223 241,13 19 31 127 139 163 193 229
885,117,7,199,7,233058,3,2.253879117376e-07,25,10,15,0.60000000,37.6973,13,13 19 31 37 43 61 67 97 103 109 163 211 223 229 241,7 73 79 127 139 151 157 181 193 199
886,246,6,145,7,116207,3,2.254472669626e-07,25,9,16,0.64000000,38.2373,19,19 31 37 61 73 79 97 103 139 157 163 193 199 223 229 241,7 13 43 67 109 127 151 181 211
887,43,7,145,6,21228,3,2.255274510241e-07,25,6,19,0.76000000,38.2373,7,7 13 19 31 37 61 67 73 79 97 103 109 139 151 163 193 199 211 229,43 127 157 181 223 241
888,223,6,231,7,327794,3,2.258710159502e-07,25,5,20,0.80000000,38.2373,13,13 19 31 37 43 61 67 73 79 97 103 109 127 139 151 157 163 181 211 241,7 193 199 223 229
889,214,6,169,7,159181,3,2.261828380866e-07,25,8,17,0.68000000,38.2373,7,7 37 43 73 79 97 103 109 139 151 157 181 193 199 211 223 241,13 19 31 61 67 127 163 229
890,116,6,243,6,59281,3,2.262419902995e-07,25,11,14,0.56000000,38.6325,7,7 13 31 37 67 73 79 109 139 151 157 199 229 241,19 43 61 97 103 127 163 181 193 211 223
891,160,6,203,7,242286,3,2.262668341037e-07,25,14,11,0.44000000,38.2373,13,13 31 61 97 109 127 139 157 199 211 223,7 19 37 43 67 73 79 103 151 163 181 193 229 241
892,37,7,202,6,40823,3,2.264539679581e-07,25,9,16,0.64000000,38.2373,7,7 31 43 67 73 79 97 103 127 139 151 157 211 223 229 241,13 19 37 61 109 163 181 193 199
893,161,6,199,7,231310,3,2.265356946221e-07,25,4,21,0.84000000,38.2373,7,7 13 19 37 43 61 67 73 79 103 109 127 139 151 163 181 193 211 223 229,31 97 157 199
894,185,7,186,7,247268,3,2.270119043432e-07,25,8,17,0.68000000,37.6973,13,13 19 43 67 73 103 109 127 139 151 157 163 193 199 223 229 241,7 31 37 61 79 97 181 211
895,203,5,220,6,48449,3,2.270255682808e-07,25,10,15,0.60000000,38.2373,13,13 19 31 37 43 61 67 103 139 151 157 163 211 223 241,7 73 79 97 109 127 181 193 199 229
896,93,7,167,7,154427,3,2.270593938062e-07,25,8,17,0.68000000,37.6973,31,31 43 61 67 73 79 103 109 139 157 163 181 193 211 223 229 241,7 13 19 37 97 127 151 199
897,229,6,130,7,91724,3,2.270966861466e-07,25,9,16,0.64000000,38.2373,7,7 37 61 67 73 79 103 109 127 139 157 193 199 223 229 241,13 19 31 43 97 151 163 181 211
898,140,4,67,6,549,4,2.271182071910e-07,53,20,33,0.62264151,73.4715,3,3 5 13 17 19 23 29 31 37 41 43 53 59 71 79 83 97 101 103 107,7 11 47 61 67 73 89 109 131 137 139 151 167 173 191 199 211 223 227 241
899,228,6,221,7,295826,3,2.271804548200e-07,25,10,15,0.60000000,38.2373,7,7 31 37 61 67 79 103 127 157 163 181 193 223 229 241,13 19 43 73 97 109 139 151 199 211
900,173,7,186,7,231083,3,2.274434102157e-07,25,10,15,0.60000000,37.6973,7,7 31 43 61 73 103 109 139 157 163 181 193 211 223 229,13 19 37 67 79 97 127 151 199 241
901,139,7,210,7,266903,3,2.283509126988e-07,25,9,16,0.64000000,37.6973,13,13 19 31 37 43 73 79 97 109 127 139 151 163 211 229 241,7 61 67 103 157 181 193 199 223
902,190,7,197,7,273479,3,2.284093559705e-07,25,10,15,0.60000000,37.6973,7,7 13 61 67 73 79 97 103 109 139 151 157 163 181 193,19 31 37 43 127 199 211 223 229 241
903,244,6,249,6,76595,3,2.287132739929e-07,25,10,15,0.60000000,38.6325,7,7 19 31 37 43 67 73 79 127 139 157 163 211 223 241,13 61 97 103 109 151 181 193 199 229
904,92,7,189,7,205437,3,2.291037252950e-07,25,8,17,0.68000000,37.6973,13,13 19 67 73 79 97 103 109 139 151 157 163 181 199 211 223 229,7 31 37 43 61 127 193 241
905,197,5,56,7,12649,3,2.298423479451e-07,25,9,16,0.64000000,38.2373,13,13 19 43 67 97 103 109 127 157 163 181 193 199 211 223 241,7 31 37 61 73 79 139 151 229
906,55,6,41,7,6059,3,2.298515584443e-07,25,9,16,0.64000000,38.2373,19,19 31 37 61 67 103 109 127 139 151 157 163 199 223 229 241,7 13 43 73 79 97 181 193 211
907,151,7,208,7,265115,3,2.298863845744e-07,25,7,18,0.72000000,37.6973,7,7 19 31 37 61 67 73 97 103 109 139 157 181 193 211 223 229 241,13 43 79 127 151 163 199
908,142,7,175,7,183617,3,2.299443170459e-07,25,8,17,0.68000000,37.6973,7,7 13 19 37 43 73 79 97 103 109 163 181 193 199 223 229 241,31 61 67 127 139 151 157 211
909,99,5,200,5,6907,3,2.302086139076e-07,25,12,13,0.52000000,37.5296,7,7 37 43 61 97 103 109 127 139 157 211 223 241,13 19 31 67 73 79 151 163 181 193 199 229
910,83,6,200,6,40068,3,2.304020601504e-07,25,5,20,0.80000000,38.6325,7,7 13 31 43 61 73 79 97 103 109 127 139 151 157 163 181 193 199 211 241,19 37 67 223 229
911,162,7,217,7,294669,3,2.307182476610e-07,25,6,19,0.76000000,37.6973,13,13 19 31 37 43 61 67 73 79 97 109 127 139 151 193 211 223 229 241,7 103 157 163 181 199
912,125,6,136,6,21646,3,2.307754463536e-07,25,11,14,0.56000000,38.6325,7,7 13 31 37 43 61 67 79 97 157 193 199 223 241,19 73 103 109 127 139 151 163 181 211 229
913,244,6,203,7,243384,3,2.315647713091e-07,25,10,15,0.60000000,38.2373,13,13 19 37 79 103 109 127 139 151 163 181 199 211 229 241,7 31 43 61 67 73 97 157 193 223
914,139,5,110,6,12217,3,2.316411932414e-07,25,10,15,0.60000000,38.2373,13,13 19 31 37 43 61 103 127 151 181 193 199 223 229 241,7 67 73 79 97 109 139 157 163 211
915,181,5,59,7,306,5,2.318581418270e-07,13,3,10,0.76923077,28.9853,11,11 31 41 61 131 151 181 211 241 251,71 101 191
916,201,6,164,7,148228,3,2.318594169642e-07,25,7,18,0.72000000,38.2373,7,7 13 19 31 37 67 73 103 109 127 139 151 181 193 211 223 229 241,43 61 79 97 157 163 199
917,200,7,223,7,342633,3,2.320333739971e-07,25,7,18,0.72000000,37.6973,7,7 13 31 43 61 67 79 97 109 139 163 181 193 199 211 223 229 241,19 37 73 103 127 151 157
918,95,6,204,6,41757,3,2.320910733260e-07,25,11,14,0.56000000,38.6325,7,7 13 31 37 67 79 97 127 139 151 181 211 229 241,19 43 61 73 103 109 157 163 193 199 223
919,247,5,132,6,18380,3,2.327137308501e-07,25,8,17,0.68000000,38.2373,7,7 31 37 43 61 73 97 103 109 127 163 181 193 211 223 229 241,13 19 67 79 139 151 157 199
920,93,7,115,7,68836,3,2.328629950562e-07,25,8,17,0.68000000,37.6973,7,7 19 31 37 43 61 67 79 103 109 139 151 157 163 181 199 241,13 73 97 127 193 211 223 229
921,123,7,176,7,178181,3,2.330236982591e-07,25,8,17,0.68000000,37.6973,7,7 31 37 43 61 67 73 97 109 127 139 157 193 199 211 223 229,13 19 79 103 151 163 181 241
922,197,7,242,7,391754,3,2.337813264329e-07,25,7,18,0.72000000,37.6973,7,7 13 19 31 73 79 103 109 127 139 151 157 163 181 193 199 223 241,37 43 61 67 97 211 229
923,164,6,197,7,225943,3,2.338415873084e-07,25,10,15,0.60000000,38.2373,7,7 13 31 37 43 67 73 79 109 139 157 181 193 223 229,19 61 97 103 127 151 163 199 211 241
924,169,5,205,6,42051,3,2.339865455773e-07,25,11,14,0.56000000,38.2373,7,7 19 31 43 61 67 97 151 181 193 199 211 223 241,13 37 73 79 103 109 127 139 157 163 229
925,83,5,223,5,8220,3,2.340855832189e-07,25,5,20,0.80000000,37.5296,7,7 13 19 37 43 61 67 79 103 109 127 151 157 163 181 193 199 211 223 241,31 73 97 139 229
926,213,7,220,7,355253,3,2.343195375804e-07,25,10,15,0.60000000,37.6973,13,13 19 37 43 61 67 73 97 109 127 139 151 193 199 211,7 31 79 103 157 163 181 223 229 241
927,67,6,74,7,23047,3,2.344135427285e-07,25,10,15,0.60000000,38.2373,7,7 19 31 43 61 67 103 109 127 157 181 193 211 223 229,13 37 73 79 97 139 151 163 199 241
928,220,6,131,7,91872,3,2.347227546121e-07,25,9,16,0.64000000,38.2373,13,13 19 31 37 43 67 79 97 109 127 139 163 181 199 223 241,7 61 73 103 151 157 193 211 229
929,181,7,223,7,323288,3,2.349252182461e-07,25,10,15,0.60000000,37.6973,7,7 13 61 73 79 97 127 139 151 157 163 199 211 223 229,19 31 37 43 67 103 109 181 193 241
930,147,6,191,7,210169,3,2.350236255532e-07,25,9,16,0.64000000,38.2373,7,7 13 31 37 67 79 97 103 109 139 157 193 199 211 229 241,19 43 61 73 127 151 163 181 223
931,223,6,238,7,351364,3,2.354782523661e-07,25,8,17,0.68000000,38.2373,13,13 19 31 37 73 79 97 109 127 139 151 157 163 181 193 199 211,7 43 61 67 103 223 229 241
932,188,7,243,7,387825,3,2.355046657022e-07,25,11,14,0.56000000,37.6973,7,7 13 61 67 79 109 127 139 163 181 199 211 229 241,19 31 37 43 73 97 103 151 157 193 223
933,40,6,43,6,2184,3,2.356641896703e-07,25,8,17,0.68000000,38.6325,7,7 13 19 31 37 61 67 79 109 139 151 157 181 199 211 223 229,43 73 97 103 127 163 193 241
934,46,7,247,6,61048,3,2.361946358159e-07,25,10,15,0.60000000,38.2373,7,7 13 31 61 67 79 103 109 127 151 157 163 193 223 229,19 37 43 73 97 139 181 199 211 241
935,226,6,237,7,347967,3,2.367781042662e-07,25,7,18,0.72000000,38.2373,13,13 31 37 43 61 67 97 103 127 139 151 157 163 181 199 211 223 229,7 19 73 79 109 193 241
936,229,6,240,7,358328,3,2.369039844083e-07,25,8,17,0.68000000,38.2373,7,7 13 19 37 43 61 73 79 97 103 127 139 151 157 181 223 241,31 67 109 163 193 199 211 229
937,243,6,200,7,235169,3,2.370646038598e-07,25,8,17,0.68000000,38.2373,7,7 13 31 43 61 67 73 97 103 127 139 157 193 199 211 229 241,19 37 79 109 151 163 181 223
938,130,7,187,7,205069,3,2.370965235617e-07,25,10,15,0.60000000,37.6973,7,7 19 31 37 43 67 73 97 103 139 157 163 199 223 229,13 61 79 109 127 151 181 193 211 241
939,115,7,203,7,243693,3,2.371572056000e-07,25,13,12,0.48000000,37.6973,7,7 13 43 73 97 103 127 139 151 181 223 241,19 31 37 61 67 79 109 157 163 193 199 211 229
940,208,5,171,6,29392,3,2.375209051309e-07,25,5,20,0.80000000,38.2373,7,7 31 37 43 61 73 79 97 103 109 127 139 157 163 193 199 211 223 229 241,13 19 67 151 181
941,207,6,199,7,231691,3,2.377698948097e-07,25,9,16,0.64000000,38.2373,7,7 31 37 43 61 67 73 97 103 139 163 181 193 223 229 241,13 19 79 109 127 151 157 199 211
942,83,5,187,5,6150,3,2.379535990482e-07,25,8,17,0.68000000,37.5296,7,7 13 19 31 43 67 79 97 103 139 157 181 193 199 211 223 241,37 61 73 109 127 151 163 229
943,146,6,139,7,100406,3,2.382744770598e-07,25,11,14,0.56000000,38.2373,13,13 61 67 97 103 109 127 151 163 181 193 199 223 229,7 19 31 37 43 73 79 139 157 211 241
944,224,6,235,7,341156,3,2.384888296043e-07,25,11,14,0.56000000,38.2373,7,7 13 31 37 73 103 127 139 151 163 181 199 211 229,19 43 61 67 79 97 109 157 193 223 241
945,241,5,231,6,53456,3,2.386813833608e-07,25,8,17,0.68000000,38.2373,7,7 19 31 37 43 61 79 97 103 109 127 139 151 157 163 181 193,13 67 73 199 211 223 229 241
946,106,7,125,7,85599,3,2.390393077653e-07,25,9,16,0.64000000,37.6973,13,13 19 37 43 67 97 103 109 127 139 151 193 199 211 223 241,7 31 61 73 79 157 163 181 229
947,207,7,209,7,323019,3,2.406062138776e-07,25,8,17,0.68000000,37.6973,7,7 19 31 37 43 61 97 103 109 127 139 157 193 199 211 229 241,13 67 73 79 151 163 181 223
948,83,7,190,7,207745,3,2.406941506214e-07,25,14,11,0.44000000,37.6973,37,37 43 73 79 97 103 109 199 211 223 241,7 13 19 31 61 67 127 139 151 157 163 181 193 229
949,188,6,145,7,111650,3,2.410574156434e-07,25,7,18,0.72000000,38.2373,13,13 31 37 43 61 73 79 97 103 109 127 139 151 157 193 211 223 229,7 19 67 163 181 199 241
950,218,6,229,6,63126,3,2.411781449783e-07,25,9,16,0.64000000,38.6325,7,7 31 37 43 67 73 79 97 139 151 157 163 193 199 211 241,13 19 61 103 109 127 181 223 229
951,199,7,248,7,412240,3,2.412349284814e-07,25,11,14,0.56000000,37.6973,19,19 31 37 43 61 67 109 127 151 157 181 193 199 223,7 13 73 79 97 103 139 163 211 229 241
952,155,7,242,7,370254,3,2.412836790217e-07,25,4,21,0.84000000,37.6973,7,7 13 19 31 37 43 61 67 73 79 103 109 139 157 163 181 193 211 223 229,97 127 151 199
953,95,7,243,7,368652,3,2.416574570049e-07,25,10,15,0.60000000,37.6973,7,7 19 37 61 67 73 97 139 157 163 193 211 223 229 241,13 31 43 79 103 109 127 151 181 199
954,96,7,239,7,354682,3,2.417741086176e-07,25,6,19,0.76000000,37.6973,13,13 31 37 43 73 79 103 109 127 151 157 163 181 193 199 211 223 229 241,7 19 61 67 97 139
955,124,6,241,6,58438,3,2.422216355449e-07,25,9,16,0.64000000,38.6325,7,7 13 19 37 67 73 97 109 127 151 181 193 199 211 223 229,31 43 61 79 103 139 157 163 241
956,225,6,152,7,126083,3,2.422432509891e-07,25,11,14,0.56000000,38.2373,13,13 31 37 61 109 127 139 151 157 181 193 223 229 241,7 19 43 67 73 79 97 103 163 199 211
957,135,6,199,6,40848,3,2.426851628018e-07,25,11,14,0.56000000,38.6325,7,7 31 43 61 67 79 97 109 127 139 151 163 181 223,13 19 37 73 103 157 193 199 211 229 241
958,119,6,80,7,2209,4,2.438541050923e-07,53,21,32,0.60377358,73.5585,7,7 11 13 17 19 29 37 41 43 47 53 73 83 97 101 103 109 113 137 139,3 5 23 31 59 61 67 71 79 89 107 127 131 151 167 181 199 223 233 239
959,98,6,121,7,4417,4,2.438767546585e-07,53,20,33,0.62264151,73.5585,3,3 17 19 23 29 31 37 41 43 53 61 67 71 73 79 89 97 101 107 109,5 7 11 13 47 59 83 103 113 127 139 151 163 179 191 197 211 227 229 239
960,122,7,245,7,376544,3,2.442577962867e-07,25,7,18,0.72000000,37.6973,7,7 13 19 31 37 73 79 103 109 127 139 151 157 163 193 199 211 229,43 61 67 97 181 223 241
961,239,6,156,7,134530,3,2.444317135673e-07,25,13,12,0.48000000,38.2373,7,7 31 37 43 61 97 103 127 151 181 211 229,13 19 67 73 79 109 139 157 163 193 199 223 241
962,221,5,198,6,39318,3,2.445026162527e-07,25,10,15,0.60000000,38.2373,7,7 19 31 43 61 73 97 103 109 127 157 199 211 229 241,13 37 67 79 139 151 163 181 193 223
963,141,6,244,6,60266,3,2.446191527997e-07,25,9,16,0.64000000,38.6325,7,7 31 37 67 73 79 103 109 139 151 163 181 193 199 211 223,13 19 43 61 97 127 157 229 241
964,122,7,139,7,111997,3,2.451682732325e-07,25,9,16,0.64000000,37.6973,7,7 13 19 31 37 61 67 73 79 103 139 163 181 211 223 241,43 97 109 127 151 157 193 199 229
965,168,6,215,7,277019,3,2.452575351392e-07,25,7,18,0.72000000,38.2373,7,7 13 19 31 37 61 73 79 97 127 139 157 163 193 211 223 229 241,43 67 103 109 151 181 199
966,121,6,161,7,141066,3,2.455863686456e-07,25,4,21,0.84000000,38.2373,13,13 19 31 37 43 61 73 79 97 103 109 127 139 151 163 181 199 211 223 229,7 67 157 193
967,115,7,239,7,355187,3,2.456179531708e-07,25,13,12,0.48000000,37.6973,7,7 13 31 43 97 139 157 181 199 211 229 241,19 37 61 67 73 79 103 109 127 151 163 193 223
968,61,7,186,6,35450,3,2.458301128138e-07,25,10,15,0.60000000,38.2373,13,13 19 43 67 73 79 97 109 139 151 157 199 211 223 229,7 31 37 61 103 127 163 181 193 241
969,241,6,209,7,260192,3,2.462049594147e-07,25,11,14,0.56000000,38.2373,37,37 43 61 73 79 103 109 127 151 163 199 223 229 241,7 13 19 31 67 97 139 157 181 193 211
970,165,6,142,7,105802,3,2.466998862929e-07,25,6,19,0.76000000,38.2373,7,7 19 31 37 43 73 79 103 127 139 157 163 181 193 199 211 223 229 241,13 61 67 97 109 151
971,239,5,250,6,3956,4,2.471777486570e-07,53,26,27,0.50943396,73.5585,5,5 11 13 17 19 37 43 53 61 73 97 101 103 107 113 131 149 157 163 173,3 7 23 29 31 41 47 59 67 71 79 83 89 109 127 137 139 151 167 179
972,81,7,244,6,61614,3,2.475624692374e-07,25,6,19,0.76000000,38.2373,7,7 13 19 31 37 67 97 103 109 127 151 157 163 181 193 211 223 229 241,43 61 73 79 139 199
973,77,7,205,7,247882,3,2.476223525223e-07,25,8,17,0.68000000,37.6973,7,7 13 19 61 67 73 79 97 103 109 127 157 193 211 223 229 241,31 37 43 139 151 163 181 199
974,219,5,103,7,49798,3,2.476453035053e-07,25,10,15,0.60000000,38.2373,7,7 13 31 37 43 61 127 151 157 163 181 199 211 229 241,19 67 73 79 97 103 109 139 193 223
975,173,6,104,7,54107,3,2.480565699882e-07,25,12,13,0.52000000,38.2373,37,37 61 67 73 97 103 109 127 151 157 193 229 241,7 13 19 31 43 79 139 163 181 199 211 223
976,37,6,249,5,9864,3,2.480994148039e-07,25,8,17,0.68000000,38.2373,7,7 19 43 61 67 73 79 103 127 139 151 157 163 193 199 211 229,13 31 37 97 109 181 223 241
977,84,7,205,7,247955,3,2.482766058330e-07,25,4,21,0.84000000,37.6973,7,7 13 19 31 37 43 61 67 73 79 97 109 127 151 157 163 181 193 199 211,103 139 223 229
978,145,7,234,7,341320,3,2.483589481601e-07,25,12,13,0.52000000,37.6973,13,13 19 37 43 79 103 109 139 163 193 199 211 241,7 31 61 67 73 97 127 151 157 181 223 229
979,171,7,224,7,319361,3,2.485204890310e-07,25,7,18,0.72000000,37.6973,7,7 19 31 61 67 97 109 127 139 151 157 163 181 193 199 211 229 241,13 37 43 73 79 103 223
980,199,6,167,7,154454,3,2.486046563105e-07,25,9,16,0.64000000,38.2373,13,13 19 31 61 79 97 103 109 127 139 151 181 193 199 229 241,7 37 43 67 73 157 163 211 223
981,185,7,241,7,379454,3,2.489319298514e-07,25,8,17,0.68000000,37.6973,13,13 19 37 61 79 97 103 127 139 151 157 163 181 193 211 223 241,7 31 43 67 73 109 199 229
982,155,6,129,7,84732,3,2.492633443533e-07,25,8,17,0.68000000,38.2373,7,7 31 37 61 67 79 97 109 139 151 163 181 193 199 211 223 229,13 19 43 73 103 127 157 241
983,117,7,181,7,188186,3,2.503190693922e-07,25,7,18,0.72000000,37.6973,7,7 19 61 67 79 97 103 109 127 139 151 157 163 193 199 211 223 241,13 31 37 43 73 181 229
984,171,7,206,7,271522,3,2.506438018850e-07,25,6,19,0.76000000,37.6973,19,19 31 37 43 61 73 79 103 109 127 139 151 163 181 193 199 211 223 229,7 13 67 97 157 241
985,175,4,239,5,940,4,2.508155758542e-07,53,19,34,0.64150943,73.5585,5,5 17 23 29 31 37 41 43 47 53 59 67 71 73 83 97 101 103 107 113,3 7 11 13 19 61 79 89 109 131 173 181 191 197 199 211 227 239 251
986,215,6,123,7,80656,3,2.509591508508e-07,25,8,17,0.68000000,38.2373,7,7 13 19 37 43 67 97 109 127 139 151 157 163 181 199 229 241,31 61 73 79 103 193 211 223
987,151,7,178,7,195321,3,2.510328787616e-07,25,6,19,0.76000000,37.6973,19,19 31 37 43 61 67 79 97 103 109 127 139 163 181 193 199 223 229 241,7 13 73 151 157 211
988,205,6,217,7,283278,3,2.516280249124e-07,25,8,17,0.68000000,38.2373,13,13 37 43 61 67 73 97 103 109 127 139 151 163 181 193 211 241,7 19 31 79 157 199 223 229
989,237,6,182,7,189377,3,2.519413583967e-07,25,8,17,0.68000000,38.2373,19,19 31 61 73 79 97 103 139 151 157 181 193 199 211 223 229 241,7 13 37 43 67 109 127 163
990,177,6,161,7,141527,3,2.520864303989e-07,25,5,20,0.80000000,38.2373,13,13 19 31 43 61 67 73 79 97 103 109 127 139 157 163 181 199 223 229 241,7 37 151 193 211
991,247,5,122,7,73876,3,2.521670511987e-07,25,12,13,0.52000000,38.2373,31,31 37 43 67 73 79 97 103 157 163 181 193 229,7 13 19 61 109 127 139 151 199 211 223 241
992,230,7,237,7,423670,3,2.521837846257e-07,25,14,11,0.44000000,37.6973,7,7 31 61 79 109 139 151 181 193 223 229,13 19 37 43 67 73 97 103 127 157 163 199 211 241
993,135,7,242,7,366986,3,2.526070192369e-07,25,10,15,0.60000000,37.6973,19,19 31 43 61 67 73 79 97 103 157 163 181 199 211 229,7 13 37 109 127 139 151 193 223 241
994,183,7,217,7,13109,4,2.530043424318e-07,53,23,30,0.56603774,72.1671,11,11 13 17 29 37 41 47 53 59 71 73 89 97 101 103 127 137 149 151 163,3 5 7 19 23 31 43 61 67 79 83 107 109 113 131 139 157 179 197 211
995,163,7,198,7,246553,3,2.531613613957e-07,25,5,20,0.80000000,37.6973,7,7 13 31 37 43 61 73 79 97 103 109 127 139 157 163 199 211 223 229 241,19 67 151 181 193
996,224,7,225,7,385949,3,2.536740734665e-07,25,11,14,0.56000000,37.6973,13,13 37 73 97 103 109 127 139 151 163 193 211 223 241,7 19 31 43 61 67 79 157 181 199 229
997,77,7,104,7,52853,3,2.542369075971e-07,25,6,19,0.76000000,37.6973,19,19 31 37 43 61 67 73 79 97 103 127 139 151 163 193 199 211 223 241,7 13 109 157 181 229
998,229,6,107,7,67298,3,2.546559882650e-07,25,9,16,0.64000000,38.2373,7,7 13 19 31 37 61 73 109 139 157 163 181 199 211 223 241,43 67 79 97 103 127 151 193 229
999,161,4,151,5,4294,3,2.550311429638e-07,25,10,15,0.60000000,38.2373,7,7 13 19 31 37 43 67 97 103 151 199 211 223 229 241,61 73 79 109 127 139 157 163 181 193
1000,109,7,195,7,221749,3,2.551338535979e-07,25,7,18,0.72000000,37.6973,7,7 31 37 43 61 67 73 79 97 139 151 157 163 193 199 223 229 241,13 19 103 109 127 181 211
1001,136,6,229,6,53197,3,2.551670163666e-07,25,11,14,0.56000000,38.6325,7,7 13 61 67 73 79 97 103 109 151 157 181 199 241,19 31 37 43 127 139 163 193 211 223 229
1002,190,5,229,6,52471,3,2.559885320286e-07,25,6,19,0.76000000,38.2373,7,7 13 31 43 61 67 79 97 109 127 139 151 157 163 181 193 199 211 229,19 37 73 103 223 241
1003,173,6,191,6,42239,3,2.560136582026e-07,25,6,19,0.76000000,38.6325,7,7 13 31 37 43 61 67 73 79 97 103 127 139 151 163 199 211 223 241,19 109 157 181 193 229
1004,249,6,149,7,123174,3,2.560379896519e-07,25,6,19,0.76000000,38.2373,7,7 13 19 31 37 61 67 79 109 127 139 151 157 163 193 199 223 229 241,43 73 97 103 181 211
1005,154,6,103,7,3417,4,2.562076466085e-07,53,23,30,0.56603774,73.5585,3,3 5 7 13 17 19 23 29 31 41 43 53 79 89 107 109 131 137 149 173,11 37 47 59 61 67 71 73 83 97 101 103 113 127 139 151 157 163 167 179
1006,96,7,227,7,314589,3,2.562237182671e-07,25,9,16,0.64000000,37.6973,13,13 31 37 61 67 79 97 103 139 151 193 199 211 223 229 241,7 19 43 73 109 127 157 163 181
1007,177,6,199,7,231393,3,2.562938871423e-07,25,11,14,0.56000000,38.2373,7,7 13 19 37 43 61 67 97 109 127 151 193 229 241,31 73 79 103 139 157 163 181 199 211 223
1008,214,4,81,5,89,5,2.564442612187e-07,13,4,9,0.69230769,28.9853,31,31 61 71 131 151 191 211 241 251,11 41 101 181
1009,214,4,243,4,89,5,2.564442612187e-07,13,4,9,0.69230769,29.5674,31,31 61 71 131 151 191 211 241 251,11 41 101 181
1010,203,7,244,7,403504,3,2.567730745898e-07,25,12,13,0.52000000,37.6973,13,13 37 43 67 73 97 103 139 151 163 193 223 241,7 19 31 61 79 109 127 157 181 199 211 229
1011,224,6,155,7,131535,3,2.569346524689e-07,25,11,14,0.56000000,38.2373,19,19 37 73 79 97 109 127 139 151 181 199 211 223 241,7 13 31 43 61 67 103 157 163 193 229
1012,187,7,207,7,12483,4,2.569796749622e-07,53,20,33,0.62264151,72.1671,13,13 17 19 29 31 37 41 43 47 53 59 61 67 73 83 89 97 109 113 131,3 5 7 11 23 71 79 101 103 107 127 137 139 163 167 197 199 223 227 239
1013,68,6,199,6,39622,3,2.574097111749e-07,25,12,13,0.52000000,38.6325,7,7 13 31 37 43 67 79 97 127 139 157 163 193,19 61 73 103 109 151 181 199 211 223 229 241
1014,104,7,137,7,101232,3,2.574642531299e-07,25,8,17,0.68000000,37.6973,7,7 13 19 43 67 73 79 109 139 151 163 181 193 199 211 223 229,31 37 61 97 103 127 157 241
1015,183,6,142,7,106317,3,2.578160829833e-07,25,5,20,0.80000000,38.2373,7,7 19 31 37 43 67 79 97 103 109 127 151 157 163 181 193 199 211 229 241,13 61 73 139 223
1016,185,7,207,7,287250,3,2.579430408265e-07,25,6,19,0.76000000,37.6973,13,13 31 37 43 61 67 97 103 109 127 139 151 163 193 199 211 223 229 241,7 19 73 79 157 181
1017,63,7,64,7,20277,3,2.586459800192e-07,25,8,17,0.68000000,37.6973,19,19 31 37 43 67 73 79 97 103 109 139 151 163 199 211 223 229,7 13 61 127 157 181 193 241
1018,63,7,128,6,20277,3,2.586459800192e-07,25,8,17,0.68000000,38.2373,19,19 31 37 43 67 73 79 97 103 109 139 151 163 199 211 223 229,7 13 61 127 157 181 193 241
1019,166,7,227,7,325642,3,2.588013829124e-07,25,11,14,0.56000000,37.6973,13,13 19 43 67 73 79 109 127 151 157 199 211 223 241,7 31 37 61 97 103 139 163 181 193 229
1020,208,6,237,7,347823,3,2.588403947530e-07,25,6,19,0.76000000,38.2373,13,13 19 31 37 67 73 97 103 109 139 157 163 181 193 199 211 223 229 241,7 43 61 79 127 151
1021,242,6,159,7,140440,3,2.593005130448e-07,25,10,15,0.60000000,38.2373,13,13 19 31 61 73 79 103 109 127 139 163 181 193 229 241,7 37 43 67 97 151 157 199 211 223
1022,157,7,249,7,395145,3,2.593153352455e-07,25,15,10,0.40000000,37.6973,31,31 43 73 97 103 163 181 199 223 241,7 13 19 37 61 67 79 109 127 139 151 157 193 211 229
1023,245,6,206,7,251767,3,2.596634536429e-07,25,9,16,0.64000000,38.2373,7,7 19 31 37 43 79 97 109 127 139 151 157 163 181 193 223,13 61 67 73 103 199 211 229 241
1024,179,6,207,7,253643,3,2.599706830422e-07,25,8,17,0.68000000,38.2373,7,7 19 61 67 73 79 97 103 109 139 151 157 163 181 193 211 223,13 31 37 43 127 199 229 241
1025,127,7,164,7,154998,3,2.600693292632e-07,25,8,17,0.68000000,37.6973,7,7 13 19 37 67 73 79 127 139 151 157 163 193 199 211 223 241,31 43 61 97 103 109 181 229
1026,49,6,192,5,724,4,2.600701537074e-07,53,20,33,0.62264151,73.5585,5,5 7 11 13 17 19 29 31 37 41 43 59 61 73 83 97 101 109 127 131,3 23 47 53 67 71 79 89 103 107 113 151 167 179 191 197 199 211 227 241
1027,223,5,249,6,751,5,2.600960596757e-07,13,1,12,0.92307692,28.9853,11,11 31 41 61 71 101 151 181 191 211 241 251,131
1028,104,6,121,7,72496,3,2.601519286303e-07,25,7,18,0.72000000,38.2373,7,7 13 31 61 79 103 109 139 151 157 163 181 193 199 211 223 229 241,19 37 43 67 73 97 127
1029,93,7,176,7,174255,3,2.606272044369e-07,25,10,15,0.60000000,37.6973,7,7 13 19 31 61 67 97 103 127 139 151 193 199 223 229,37 43 73 79 109 157 163 181 211 241
1030,170,4,61,6,3741,3,2.609081075632e-07,25,6,19,0.76000000,40.2466,7,7 13 31 37 43 61 67 79 97 103 109 127 139 151 163 199 211 223 241,19 73 157 181 193 229
1031,75,7,97,7,45492,3,2.611403330266e-07,25,10,15,0.60000000,37.6973,7,7 13 19 31 37 61 73 109 127 163 193 199 211 229 241,43 67 79 97 103 139 151 157 181 223
1032,203,6,219,7,289371,3,2.611838749251e-07,25,9,16,0.64000000,38.2373,7,7 31 37 79 97 103 127 139 151 157 163 181 193 199 211 223,13 19 43 61 67 73 109 229 241
1033,65,7,137,6,22581,3,2.612197529073e-07,25,11,14,0.56000000,38.2373,7,7 37 43 67 79 97 103 109 127 151 181 193 211 241,13 19 31 61 73 139 157 163 199 223 229
1034,166,6,211,7,265148,3,2.612821216894e-07,25,11,14,0.56000000,38.2373,7,7 13 19 61 67 73 79 109 127 139 181 193 223 241,31 37 43 97 103 151 157 163 199 211 229
1035,158,7,233,7,341251,3,2.623309990002e-07,25,7,18,0.72000000,37.6973,13,13 19 31 37 43 67 79 103 109 127 151 181 193 199 211 223 229 241,7 61 73 97 139 157 163
1036,164,7,245,7,382989,3,2.636741193903e-07,25,10,15,0.60000000,37.6973,7,7 13 19 31 67 97 103 109 127 139 157 193 199 211 241,37 43 61 73 79 151 163 181 223 229
1037,190,6,197,7,226123,3,2.641901701773e-07,25,9,16,0.64000000,38.2373,7,7 13 31 37 43 61 73 79 109 127 151 157 163 211 223 229,19 67 97 103 139 181 193 199 241
1038,206,5,213,6,45429,3,2.645844284832e-07,25,12,13,0.52000000,38.2373,13,13 19 61 67 73 79 97 109 127 139 151 229 241,7 31 37 43 103 157 163 181 193 199 211 223
1039,180,6,197,7,226038,3,2.647685198285e-07,25,7,18,0.72000000,38.2373,7,7 13 31 37 43 67 73 79 97 127 139 157 181 193 199 223 229 241,19 61 103 109 151 163 211
1040,179,3,98,4,461,3,2.653814555787e-07,25,7,18,0.72000000,38.2373,19,19 31 37 43 61 67 73 79 97 109 127 139 151 157 193 199 211 241,7 13 103 163 181 223 229
1041,213,5,53,7,11728,3,2.654587858014e-07,25,9,16,0.64000000,38.2373,7,7 13 31 37 43 61 67 79 97 127 151 163 193 211 223 229,19 73 103 109 139 157 181 199 241
1042,165,7,196,7,243522,3,2.654790841199e-07,25,10,15,0.60000000,37.6973,7,7 13 31 61 67 97 103 127 139 157 193 211 223 229 241,19 37 43 73 79 109 151 163 181 199
1043,36,6,193,5,6463,3,2.655263626766e-07,25,10,15,0.60000000,38.2373,7,7 19 31 37 43 67 73 79 109 127 151 163 181 223 229,13 61 97 103 139 157 193 199 211 241
1044,216,4,193,5,6463,3,2.655263626766e-07,25,10,15,0.60000000,38.2373,7,7 19 31 37 43 67 73 79 109 127 151 163 181 223 229,13 61 97 103 139 157 193 199 211 241
1045,151,6,192,7,1573,5,2.659298105704e-07,13,2,11,0.84615385,28.9853,11,11 31 41 61 71 101 131 151 191 211 241,181 251
1046,247,6,240,7,358543,3,2.660365434629e-07,25,10,15,0.60000000,38.2373,7,7 13 43 61 73 79 103 127 139 151 157 199 211 223 241,19 31 37 67 97 109 163 181 193 229
1047,209,7,212,7,332215,3,2.668717546897e-07,25,10,15,0.60000000,37.6973,19,19 31 37 61 97 103 109 139 151 157 181 199 211 229 241,7 13 43 67 73 79 127 163 193 223
1048,167,7,181,7,215349,3,2.668867511077e-07,25,10,15,0.60000000,37.6973,7,7 19 31 61 73 79 97 109 151 163 181 193 199 223 241,13 37 43 67 103 127 139 157 211 229
1049,162,6,133,7,91026,3,2.669264384422e-07,25,11,14,0.56000000,38.2373,13,13 31 43 61 67 73 79 103 109 151 199 211 223 241,7 19 37 97 127 139 157 163 181 193 229
1050,82,7,193,7,215441,3,2.672142571991e-07,25,5,20,0.80000000,37.6973,7,7 13 37 61 67 73 79 97 103 109 127 139 151 157 163 181 193 199 211 241,19 31 43 223 229
1051,157,5,107,6,1124,4,2.675427221313e-07,53,22,31,0.58490566,73.5585,3,3 7 13 17 19 29 37 41 43 53 59 61 67 83 97 107 127 137 149 157,5 11 23 31 47 71 73 79 89 101 103 109 113 131 139 151 163 179 199 211
1052,201,6,178,7,178919,3,2.675655194356e-07,25,7,18,0.72000000,38.2373,7,7 31 37 61 67 73 79 97 103 109 157 163 181 193 211 223 229 241,13 19 43 127 139 151 199
1053,101,7,201,7,237296,3,2.676889689152e-07,25,10,15,0.60000000,37.6973,13,13 31 37 61 67 97 109 127 139 157 163 181 193 199 211,7 19 43 73 79 103 151 223 229 241
1054,108,7,235,7,341285,3,2.681237535243e-07,25,8,17,0.68000000,37.6973,19,19 37 43 67 73 79 97 109 157 163 181 193 199 211 223 229 241,7 13 31 61 103 127 139 151
1055,191,6,202,7,239698,3,2.682208940572e-07,25,6,19,0.76000000,38.2373,13,13 19 31 43 61 67 79 97 103 109 127 139 151 157 163 193 211 229 241,7 37 73 181 199 223
1056,230,6,217,7,1869,5,2.686986734591e-07,13,5,8,0.61538462,28.9853,11,11 31 61 101 191 211 241 251,41 71 131 151 181
1057,206,6,175,7,172163,3,2.693742568774e-07,25,12,13,0.52000000,38.2373,13,13 19 31 61 67 109 127 151 163 193 199 229 241,7 37 43 73 79 97 103 139 157 181 211 223
1058,179,7,243,7,382403,3,2.700928143194e-07,25,8,17,0.68000000,37.6973,7,7 13 19 43 67 73 79 97 103 109 139 151 157 199 223 229 241,31 37 61 127 163 181 193 211
1059,158,7,181,7,206631,3,2.703696603423e-07,25,7,18,0.72000000,37.6973,7,7 13 19 31 37 61 67 73 79 97 109 151 157 163 181 211 223 241,43 103 127 139 193 199 229
1060,211,5,97,7,43306,3,2.706783817193e-07,25,12,13,0.52000000,38.2373,13,13 31 37 43 73 79 97 103 127 151 157 199 229,7 19 61 67 109 139 163 181 193 211 223 241
1061,173,6,176,7,173888,3,2.707749160009e-07,25,10,15,0.60000000,38.2373,7,7 13 19 61 67 73 97 103 109 163 181 199 211 223 241,31 37 43 79 127 139 151 157 193 229
1062,79,7,149,7,118158,3,2.708532665664e-07,25,7,18,0.72000000,37.6973,7,7 31 37 43 67 79 97 109 127 139 151 157 163 181 193 199 211 241,13 19 61 73 103 223 229
1063,83,7,153,7,125777,3,2.708964629970e-07,25,8,17,0.68000000,37.6973,7,7 31 37 43 61 67 79 97 103 139 157 163 181 193 199 223 229,13 19 73 109 127 151 211 241
1064,107,7,196,7,10304,4,2.709165322434e-07,53,24,29,0.54716981,72.1671,5,5 11 13 17 19 37 43 53 61 73 89 97 103 109 113 151 157 173 181 193,3 7 23 29 31 41 47 59 67 71 79 83 101 107 127 131 137 139 149 163
1065,93,7,194,7,218295,3,2.711154186296e-07,25,8,17,0.68000000,37.6973,13,13 37 43 61 73 79 97 109 127 151 157 163 181 193 199 229 241,7 19 31 67 103 139 211 223
1066,197,5,246,6,60543,3,2.711553525847e-07,25,14,11,0.44000000,38.2373,7,7 13 37 61 67 79 151 193 211 223 229,19 31 43 73 97 103 109 127 139 157 163 181 199 241
1067,191,7,250,7,412733,3,2.712470523609e-07,25,7,18,0.72000000,37.6973,19,19 31 37 43 61 67 73 79 97 103 109 139 157 181 199 223 229 241,7 13 127 151 163 193 211
1068,219,6,155,7,131226,3,2.717228193484e-07,25,12,13,0.52000000,38.2373,7,7 13 19 43 67 79 103 109 127 139 157 163 181,31 37 61 73 97 151 193 199 211 223 229 241
1069,125,7,246,7,380285,3,2.718711670317e-07,25,9,16,0.64000000,37.6973,13,13 19 31 37 43 67 97 103 139 151 157 193 199 211 223 229,7 61 73 79 109 127 163 181 241
1070,243,5,104,7,50973,3,2.719389378253e-07,25,9,16,0.64000000,38.2373,7,7 13 19 31 37 43 73 79 97 103 127 151 157 163 223 229,61 67 109 139 181 193 199 211 241
1071,224,6,225,7,308355,3,2.719917501563e-07,25,7,18,0.72000000,38.2373,19,19 31 43 61 67 73 97 103 109 127 139 151 157 163 181 193 223 229,7 13 37 79 199 211 241
1072,98,6,213,6,45512,3,2.726349122590e-07,25,9,16,0.64000000,38.6325,13,13 31 37 61 67 73 79 97 109 127 139 151 157 193 199 229,7 19 43 103 163 181 211 223 241
1073,193,7,226,7,342246,3,2.728851457188e-07,25,9,16,0.64000000,37.6973,13,13 31 37 73 79 103 109 127 139 151 163 181 199 211 229 241,7 19 43 61 67 97 157 193 223
1074,162,5,239,5,9624,3,2.730651147600e-07,25,6,19,0.76000000,37.5296,7,7 13 19 31 43 61 67 79 97 103 109 139 181 193 199 211 223 229 241,37 73 127 151 157 163
1075,71,6,86,7,32686,3,2.731671054607e-07,25,9,16,0.64000000,38.2373,7,7 13 19 31 37 61 73 97 109 127 151 157 193 199 211 223,43 67 79 103 139 163 181 229 241
1076,199,7,240,7,387584,3,2.736706001882e-07,25,5,20,0.80000000,37.6973,7,7 13 19 31 61 73 79 103 109 127 139 151 157 163 181 193 199 211 229 241,37 43 67 97 223
1077,249,6,175,7,173965,3,2.737284897279e-07,25,9,16,0.64000000,38.2373,13,13 19 31 37 67 73 79 97 103 139 163 193 199 211 223 241,7 43 61 109 127 151 157 181 229
1078,149,4,188,5,6174,3,2.738777411524e-07,25,11,14,0.56000000,38.2373,13,13 31 37 43 67 97 109 127 139 163 181 199 211 229,7 19 61 73 79 103 151 157 193 223 241
1079,185,7,243,7,385856,3,2.739391367306e-07,25,10,15,0.60000000,37.6973,19,19 31 37 61 67 73 79 97 103 127 139 157 211 223 241,7 13 43 109 151 163 181 193 199 229
1080,239,6,164,7,150033,3,2.740599481933e-07,25,5,20,0.80000000,38.2373,7,7 13 19 31 37 43 61 67 79 103 109 139 151 157 181 193 199 211 223 229,73 97 127 163 241
1081,96,7,247,7,382960,3,2.741967391446e-07,25,12,13,0.52000000,37.6973,37,37 43 61 67 79 97 103 109 157 163 199 211 229,7 13 19 31 73 127 139 151 181 193 223 241
1082,154,6,181,7,185447,3,2.742055900973e-07,25,8,17,0.68000000,38.2373,13,13 19 43 61 67 73 79 103 127 151 163 193 199 211 223 229 241,7 31 37 97 109 139 157 181
1083,163,6,139,7,100705,3,2.742631074878e-07,25,11,14,0.56000000,38.2373,19,19 43 67 73 79 97 103 109 127 151 163 181 193 241,7 13 31 37 61 139 157 199 211 223 229
1084,219,7,221,7,368179,3,2.743557542192e-07,25,11,14,0.56000000,37.6973,13,13 31 37 43 61 67 73 139 157 163 199 211 223 241,7 19 79 97 103 109 127 151 181 193 229
1085,119,7,225,7,309095,3,2.748020067009e-07,25,10,15,0.60000000,37.6973,13,13 19 31 37 61 67 79 109 127 139 151 157 193 229 241,7 43 73 97 103 163 181 199 211 223
1086,134,6,175,7,171365,3,2.748712128778e-07,25,11,14,0.56000000,38.2373,31,31 43 67 73 79 97 127 139 157 181 199 211 223 241,7 13 19 37 61 103 109 151 163 193 229
1087,188,6,159,7,137740,3,2.755243837578e-07,25,8,17,0.68000000,38.2373,13,13 19 31 67 73 79 97 103 109 127 139 151 163 181 199 211 241,7 37 43 61 157 193 223 229
1088,241,6,204,7,246067,3,2.759141576475e-07,25,8,17,0.68000000,38.2373,7,7 19 31 37 43 79 103 109 127 139 157 163 181 193 211 229 241,13 61 67 73 97 151 199 223
1089,158,7,205,7,11530,4,2.770073083022e-07,53,18,35,0.66037736,72.1671,5,5 7 13 17 19 29 31 37 41 53 59 61 67 71 73 79 83 97 101 107,3 11 23 43 47 89 103 109 127 131 137 151 163 167 179 223 239 251
1090,243,6,248,7,386874,3,2.779111713495e-07,25,9,16,0.64000000,38.2373,7,7 13 43 67 73 79 97 109 151 163 181 193 211 223 229 241,19 31 37 61 103 127 139 157 199
1091,179,7,204,7,11979,4,2.781337119270e-07,53,19,34,0.64150943,72.1671,3,3 5 7 11 13 17 31 37 41 53 61 89 97 101 109 113 137 139 149 151,19 23 29 43 47 59 67 71 73 79 83 103 107 127 131 179 191 211 227
1092,221,7,224,7,378081,3,2.782763067598e-07,25,10,15,0.60000000,37.6973,7,7 13 19 31 37 61 103 109 127 139 151 193 223 229 241,43 67 73 79 97 157 163 181 199 211
1093,231,7,241,7,435008,3,2.783112334992e-07,25,12,13,0.52000000,37.6973,7,7 13 31 37 61 73 97 151 157 199 223 229 241,19 43 67 79 103 109 127 139 163 181 193 211
1094,239,6,222,7,299113,3,2.785841182848e-07,25,10,15,0.60000000,38.2373,31,31 43 61 67 79 97 103 109 127 157 193 199 211 229 241,7 13 19 37 73 139 151 163 181 223
1095,84,7,209,7,259370,3,2.789537347899e-07,25,6,19,0.76000000,37.6973,31,31 37 43 61 67 73 97 103 109 127 139 157 163 193 199 211 223 229 241,7 13 19 79 151 181
1096,235,6,239,7,354929,3,2.801115809792e-07,25,9,16,0.64000000,38.2373,7,7 13 31 43 61 67 73 79 97 109 139 151 157 163 193 241,19 37 103 127 181 199 211 223 229
1097,218,6,245,6,798,5,2.804210106721e-07,13,6,7,0.53846154,28.9779,31,31 61 71 131 151 181 241,11 41 101 191 211 251
1098,175,6,158,7,135482,3,2.804457471654e-07,25,12,13,0.52000000,38.2373,7,7 13 31 43 61 73 103 109 139 199 211 223 229,19 37 67 79 97 127 151 157 163 181 193 241
1099,175,6,157,7,133513,3,2.804626445522e-07,25,10,15,0.60000000,38.2373,7,7 37 43 61 67 73 79 97 103 127 151 181 211 229 241,13 19 31 109 139 157 163 193 199 223
1100,117,6,137,7,96848,3,2.804778013453e-07,25,7,18,0.72000000,38.2373,7,7 13 19 31 37 43 61 73 97 103 127 139 151 157 181 193 229 241,67 79 109 163 199 211 223
1101,87,7,230,7,324234,3,2.805213631960e-07,25,6,19,0.76000000,37.6973,7,7 19 37 43 73 79 97 109 127 139 151 163 181 193 199 211 223 229 241,13 31 61 67 103 157
1102,94,6,191,6,2649,4,2.806740959993e-07,53,19,34,0.64150943,72.9271,3,3 5 13 17 19 23 43 59 61 71 73 79 83 89 97 103 109 113 131 149,7 11 29 31 37 41 47 53 67 101 107 127 137 139 179 191 223 233 239
1103,97,7,244,7,372223,3,2.812638290322e-07,25,15,10,0.40000000,37.6973,7,7 13 37 61 73 79 127 193 199 211,19 31 43 67 97 103 109 139 151 157 163 181 223 229 241
1104,133,7,160,7,150671,3,2.815351141903e-07,25,11,14,0.56000000,37.6973,13,13 43 61 67 79 97 109 127 163 181 211 223 229 241,7 19 31 37 73 103 139 151 157 193 199
1105,216,6,235,7,341085,3,2.821480235313e-07,25,6,19,0.76000000,38.2373,7,7 31 43 61 67 97 109 127 139 151 157 163 181 193 199 211 223 229 241,13 19 37 73 79 103
1106,148,6,223,6,51107,3,2.823984334465e-07,25,10,15,0.60000000,38.6325,7,7 13 31 61 67 97 103 109 139 151 157 181 193 199 211,19 37 43 73 79 127 163 223 229 241
1107,226,6,197,7,1634,5,2.823996078536e-07,13,0,13,1.00000000,28.9853,11,11 31 41 61 71 101 131 151 181 191 211 241 251,
1108,225,7,232,7,402831,3,2.824622670992e-07,25,11,14,0.56000000,37.6973,7,7 13 19 31 61 73 79 97 109 139 157 163 199 241,37 43 67 103 127 151 181 193 211 223 229
1109,211,6,205,7,248273,3,2.836401067792e-07,25,7,18,0.72000000,38.2373,7,7 13 43 61 67 97 103 109 127 139 151 163 181 193 199 211 223 241,19 31 37 73 79 157 229
1110,219,6,223,6,61561,3,2.841361603101e-07,25,8,17,0.68000000,38.6325,7,7 13 31 61 67 79 97 103 109 127 139 151 157 193 199 211 229,19 37 43 73 163 181 223 241
1111,132,7,193,7,220172,3,2.843427292055e-07,25,11,14,0.56000000,37.6973,7,7 37 43 67 73 103 109 151 157 163 181 193 229 241,13 19 31 61 79 97 127 139 199 211 223
1112,67,6,98,7,44294,3,2.847158407823e-07,25,9,16,0.64000000,38.2373,19,19 31 43 61 67 73 79 97 139 151 163 181 199 211 223 241,7 13 37 103 109 127 157 193 229
1113,151,7,203,7,251963,3,2.848170402468e-07,25,8,17,0.68000000,37.6973,7,7 13 19 37 43 61 67 73 79 103 109 151 199 211 223 229 241,31 97 127 139 157 163 181 193
1114,133,6,211,6,45433,3,2.848257624200e-07,25,6,19,0.76000000,38.6325,13,13 31 37 61 67 73 79 97 103 109 127 139 151 157 181 199 223 229 241,7 19 43 163 193 211
1115,244,6,197,7,227187,3,2.849094925237e-07,25,8,17,0.68000000,38.2373,7,7 19 31 43 61 67 79 103 127 139 151 157 181 199 211 223 241,13 37 73 97 109 163 193 229
1116,233,6,209,7,260015,3,2.855106317450e-07,25,10,15,0.60000000,38.2373,13,13 31 61 67 73 79 97 103 127 139 151 163 181 193 211,7 19 37 43 109 157 199 223 229 241
1117,146,7,155,7,152742,3,2.857210480113e-07,25,14,11,0.44000000,37.6973,13,13 31 37 61 151 157 181 193 211 223 241,7 19 43 67 73 79 97 103 109 127 139 163 199 229
1118,164,7,171,7,195449,3,2.864605699483e-07,25,13,12,0.48000000,37.6973,13,13 31 61 103 127 139 151 181 193 199 223 241,7 19 37 43 67 73 79 97 109 157 163 211 229
1119,157,5,205,6,42043,3,2.865518252745e-07,25,9,16,0.64000000,38.2373,13,13 31 37 43 61 73 79 97 109 127 151 163 199 211 229 241,7 19 67 103 139 157 181 193 223
1120,64,7,151,6,25330,3,2.868888972685e-07,25,14,11,0.44000000,38.2373,7,7 13 37 61 67 73 79 103 157 199 211,19 31 43 97 109 127 139 151 163 181 193 223 229 241
1121,128,6,151,6,25330,3,2.868888972685e-07,25,14,11,0.44000000,38.6325,7,7 13 37 61 67 73 79 103 157 199 211,19 31 43 97 109 127 139 151 163 181 193 223 229 241
1122,218,6,209,7,259755,3,2.871252266257e-07,25,12,13,0.52000000,38.2373,13,13 79 97 103 109 127 139 151 163 199 211 223 229,7 19 31 37 43 61 67 73 157 181 193 241
1123,132,6,131,7,87388,3,2.872442812516e-07,25,9,16,0.64000000,38.2373,19,19 31 37 43 61 67 73 79 97 109 139 151 157 181 211 229,7 13 103 127 163 193 199 223 241
1124,226,6,171,7,163971,3,2.876267233775e-07,25,7,18,0.72000000,38.2373,7,7 13 37 43 61 67 97 103 109 127 151 163 181 193 199 211 223 241,19 31 73 79 139 157 229
1125,183,7,187,7,245904,3,2.877376281837e-07,25,10,15,0.60000000,37.6973,13,13 19 43 61 67 73 109 139 151 181 193 199 211 223 229,7 31 37 79 97 103 127 157 163 241
1126,173,7,212,7,287986,3,2.880459110290e-07,25,10,15,0.60000000,37.6973,19,19 37 43 61 67 73 79 97 109 127 139 181 193 211 229,7 13 31 103 151 157 163 199 223 241
1127,240,6,187,7,201550,3,2.881498260435e-07,25,7,18,0.72000000,38.2373,13,13 31 37 43 61 67 97 103 109 127 151 163 181 199 211 223 229 241,7 19 73 79 139 157 193
1128,141,7,236,7,347277,3,2.885105234877e-07,25,4,21,0.84000000,37.6973,19,19 31 43 61 67 73 79 97 103 109 127 139 151 157 163 193 199 211 223 229,7 13 37 181
1129,205,6,224,7,304994,3,2.886535758137e-07,25,6,19,0.76000000,38.2373,13,13 19 37 43 67 73 79 97 103 109 139 151 157 163 181 199 223 229 241,7 31 61 127 193 211
1130,113,7,194,7,219513,3,2.888027969109e-07,25,10,15,0.60000000,37.6973,19,19 31 37 61 73 97 103 139 157 163 181 193 199 211 241,7 13 43 67 79 109 127 151 223 229
1131,136,7,239,7,356751,3,2.893224503450e-07,25,5,20,0.80000000,37.6973,7,7 13 19 31 43 61 67 73 79 109 127 139 151 163 181 193 199 223 229 241,37 97 103 157 211
1132,228,6,241,7,361801,3,2.894056943876e-07,25,7,18,0.72000000,38.2373,7,7 19 31 43 61 67 73 79 97 103 157 163 181 193 199 211 223 229,13 37 109 127 139 151 241
1133,141,7,170,7,173374,3,2.894622644458e-07,25,10,15,0.60000000,37.6973,7,7 13 37 43 67 73 97 103 109 127 151 157 163 181 229,19 31 61 79 139 193 199 211 223 241
1134,96,7,167,7,154636,3,2.899079473773e-07,25,9,16,0.64000000,37.6973,7,7 13 19 31 43 61 67 73 79 97 109 127 151 157 163 211,37 103 139 181 193 199 223 229 241
1135,151,6,132,7,89216,3,2.902263483343e-07,25,12,13,0.52000000,38.2373,13,13 31 61 67 73 97 109 139 157 193 211 223 229,7 19 37 43 79 103 127 151 163 181 199 241
1136,63,7,151,7,121506,3,2.909145323627e-07,25,10,15,0.60000000,37.6973,7,7 13 37 43 67 79 151 157 163 181 193 199 211 223 229,19 31 61 73 97 103 109 127 139 241
1137,210,6,199,7,231735,3,2.910677276358e-07,25,5,20,0.80000000,38.2373,7,7 13 19 31 37 43 61 73 97 103 109 139 151 157 163 193 211 223 229 241,67 79 127 181 199
1138,216,5,239,6,57169,3,2.911002897871e-07,25,10,15,0.60000000,38.2373,13,13 31 37 43 61 67 79 97 103 139 151 181 211 223 229,7 19 73 109 127 157 163 193 199 241
1139,83,7,213,7,271071,3,2.914777472778e-07,25,8,17,0.68000000,37.6973,7,7 13 19 31 43 61 67 73 79 97 109 127 151 157 163 181 229,37 103 139 193 199 211 223 241
1140,197,5,188,6,35423,3,2.916557048671e-07,25,12,13,0.52000000,38.2373,7,7 37 61 73 79 97 103 127 163 193 199 223 241,13 19 31 43 67 109 139 151 157 181 211 229
1141,122,7,247,7,383702,3,2.917564974430e-07,25,12,13,0.52000000,37.6973,7,7 31 37 73 79 103 139 157 181 199 211 223 229,13 19 43 61 67 97 109 127 151 163 193 241
1142,169,7,248,7,395012,3,2.924154383702e-07,25,12,13,0.52000000,37.6973,7,7 19 31 61 67 73 97 103 151 157 181 193 211,13 37 43 79 109 127 139 163 199 223 229 241
1143,231,7,235,7,421112,3,2.925934509859e-07,25,5,20,0.80000000,37.6973,7,7 13 19 31 43 67 79 97 103 109 127 139 151 157 193 199 211 223 229 241,37 61 73 163 181
1144,157,7,175,7,194674,3,2.926479249502e-07,25,10,15,0.60000000,37.6973,7,7 19 31 67 79 97 103 109 139 157 193 199 211 229 241,13 37 43 61 73 127 151 163 181 223
1145,162,7,181,7,210238,3,2.946201557718e-07,25,10,15,0.60000000,37.6973,13,13 37 43 61 67 73 79 127 139 151 157 163 193 199 223,7 19 31 97 103 109 181 211 229 241
1146,224,7,233,7,403261,3,2.946800587909e-07,25,9,16,0.64000000,37.6973,7,7 13 19 31 37 67 73 97 103 127 151 163 199 223 229 241,43 61 79 109 139 157 181 193 211
1147,215,6,204,7,245531,3,2.954005538038e-07,25,6,19,0.76000000,38.2373,7,7 19 31 37 61 73 79 97 109 127 139 151 157 181 193 199 211 223 229,13 43 67 103 163 241
1148,91,7,229,7,321003,3,2.954297035285e-07,25,5,20,0.80000000,37.6973,7,7 19 31 37 43 61 67 73 79 97 103 127 139 151 157 193 211 223 229 241,13 109 163 181 199
1149,184,7,221,7,320392,3,2.954415045590e-07,25,11,14,0.56000000,37.6973,13,13 19 31 37 61 67 79 97 157 163 181 193 199 229,7 43 73 103 109 127 139 151 211 223 241
1150,157,6,216,6,48845,3,2.956274575232e-07,25,11,14,0.56000000,38.6325,7,7 31 37 43 61 73 79 109 139 151 193 199 223 241,13 19 67 97 103 127 157 163 181 211 229
1151,190,7,203,7,284982,3,2.960444420392e-07,25,8,17,0.68000000,37.6973,13,13 19 31 43 61 67 73 79 97 127 139 163 181 211 223 229 241,7 37 103 109 151 157 193 199
1152,159,7,209,7,271388,3,2.960809310127e-07,25,8,17,0.68000000,37.6973,7,7 13 31 37 67 73 79 97 127 139 151 157 181 193 199 211 229,19 43 61 103 109 163 223 241
1153,73,3,12,6,150,3,2.962962962963e-07,25,11,14,0.56000000,36.5126,13,13 37 43 61 67 79 97 127 139 181 193 199 211 241,7 19 31 73 103 109 151 157 163 223 229
1154,73,3,144,3,150,3,2.962962962963e-07,25,11,14,0.56000000,36.5126,13,13 37 43 61 67 79 97 127 139 181 193 199 211 241,7 19 31 73 103 109 151 157 163 223 229
1155,159,6,170,7,160306,3,2.972826719755e-07,25,11,14,0.56000000,38.2373,7,7 13 37 43 67 73 79 97 109 139 157 163 181 199,19 31 61 103 127 151 193 211 223 229 241
1156,93,7,245,7,375738,3,2.974181447031e-07,25,8,17,0.68000000,37.6973,7,7 19 31 43 61 67 73 79 97 109 127 151 157 163 193 223 241,13 37 103 139 181 199 211 229
1157,197,6,241,7,361592,3,2.974207817471e-07,25,8,17,0.68000000,38.2373,7,7 31 37 43 61 67 73 97 103 127 139 151 157 163 181 199 211,13 19 79 109 193 223 229 241
1158,184,5,107,6,11962,3,2.980452743008e-07,25,5,20,0.80000000,38.2373,7,7 13 19 31 37 61 67 79 103 109 139 151 157 181 193 199 211 223 229 241,43 73 97 127 163
1159,247,7,248,7,484579,3,2.980777775811e-07,25,9,16,0.64000000,37.6973,7,7 37 43 73 79 103 127 139 151 163 193 199 211 223 229 241,13 19 31 61 67 97 109 157 181
1160,227,6,235,7,341186,3,2.981296438578e-07,25,10,15,0.60000000,38.2373,7,7 31 43 61 67 79 97 103 127 151 181 193 199 211 229,13 19 37 73 109 139 157 163 223 241
1161,239,7,243,7,455609,3,2.984400274086e-07,25,5,20,0.80000000,37.6973,13,13 19 37 43 61 67 73 79 97 103 109 139 151 157 163 181 193 199 223 229,7 31 127 211 241
1162,97,6,133,7,90327,3,2.988426680253e-07,25,9,16,0.64000000,38.2373,13,13 31 43 73 79 97 103 109 139 181 193 199 211 223 229 241,7 19 37 61 67 127 151 157 163
1163,217,5,173,6,30107,3,2.990882171914e-07,25,10,15,0.60000000,38.2373,13,13 37 43 73 79 97 103 127 151 157 163 181 193 199 229,7 19 31 61 67 109 139 211 223 241
1164,133,7,243,7,370279,3,2.991534342406e-07,25,10,15,0.60000000,37.6973,7,7 19 31 61 67 73 79 97 103 109 127 163 181 193 223,13 37 43 139 151 157 199 211 229 241
1165,221,6,179,7,181758,3,3.004648284664e-07,25,12,13,0.52000000,38.2373,7,7 13 19 31 37 61 79 151 157 199 211 229 241,43 67 73 97 103 109 127 139 163 181 193 223
1166,226,6,201,7,237450,3,3.006878577880e-07,25,15,10,0.40000000,38.2373,13,13 61 73 79 103 127 139 199 223 229,7 19 31 37 43 67 97 109 151 157 163 181 193 211 241
1167,107,6,126,7,79670,3,3.007814963770e-07,25,6,19,0.76000000,38.2373,13,13 19 31 37 67 73 79 103 109 139 151 157 163 193 199 211 223 229 241,7 43 61 97 127 181
1168,118,6,167,6,29001,3,3.008261507011e-07,25,10,15,0.60000000,38.6325,7,7 19 31 43 61 67 79 109 139 157 181 199 223 229 241,13 37 73 97 103 127 151 163 193 211
1169,163,7,217,7,295163,3,3.009480430871e-07,25,9,16,0.64000000,37.6973,7,7 13 37 43 97 103 109 127 139 151 163 193 199 223 229 241,19 31 61 67 73 79 157 181 211
1170,152,6,101,7,49262,3,3.010284601839e-07,25,7,18,0.72000000,38.2373,7,7 13 19 31 37 43 67 73 79 97 103 109 151 157 193 223 229 241,61 127 139 163 181 199 211
1171,150,7,233,7,14052,4,3.014018514441e-07,53,16,37,0.69811321,72.1671,3,3 5 7 11 13 19 31 37 41 43 53 59 71 73 79 97 101 103 109 113,17 23 29 47 61 67 83 89 107 151 157 163 197 199 227 239
1172,169,6,149,7,6377,4,3.015487222084e-07,53,21,32,0.60377358,73.5585,7,7 13 17 23 29 37 41 59 61 67 73 89 97 101 107 109 113 137 151 157,3 5 11 19 31 43 47 53 71 79 83 103 127 131 139 149 167 191 197 229
1173,64,7,71,7,23807,3,3.015931598831e-07,25,9,16,0.64000000,37.6973,7,7 13 19 31 61 67 103 127 139 151 163 181 199 211 223 229,37 43 73 79 97 109 157 193 241
1174,128,6,71,7,23807,3,3.015931598831e-07,25,9,16,0.64000000,38.2373,7,7 13 19 31 61 67 103 127 139 151 163 181 199 211 223 229,37 43 73 79 97 109 157 193 241
1175,169,4,185,5,6014,3,3.015968550642e-07,25,11,14,0.56000000,38.2373,13,13 31 37 43 61 79 103 109 127 139 157 193 199 223,7 19 67 73 97 151 163 181 211 229 241
1176,177,7,248,7,398202,3,3.016559381854e-07,25,9,16,0.64000000,37.6973,7,7 13 19 31 37 43 61 73 127 139 151 157 199 211 223 241,67 79 97 103 109 163 181 193 229
1177,117,7,166,7,155686,3,3.016560304075e-07,25,9,16,0.64000000,37.6973,7,7 13 19 37 61 79 97 103 127 139 151 157 193 223 229 241,31 43 67 73 109 163 181 199 211
1178,162,6,205,7,247893,3,3.016782837000e-07,25,7,18,0.72000000,38.2373,7,7 13 19 31 37 43 61 73 109 127 139 157 163 193 199 211 229 241,67 79 97 103 151 181 223
1179,203,5,113,7,61763,3,3.021828110573e-07,25,11,14,0.56000000,38.2373,13,13 19 31 37 61 97 103 109 139 163 181 193 223 229,7 43 67 73 79 127 151 157 199 211 241
1180,85,6,246,6,3860,4,3.025984682011e-07,53,21,32,0.60377358,72.9271,11,11 19 29 41 43 61 67 79 83 89 97 101 103 107 109 113 127 137 139 149,3 5 7 13 17 23 31 37 47 53 59 71 73 131 163 167 181 199 223 227
1181,193,6,203,7,242484,3,3.026054845156e-07,25,11,14,0.56000000,38.2373,13,13 19 37 67 73 97 109 139 157 193 199 211 229 241,7 31 43 61 79 103 127 151 163 181 223
1182,233,6,108,7,69201,3,3.039035896584e-07,25,9,16,0.64000000,38.2373,7,7 19 37 43 61 67 73 97 103 109 127 151 157 163 223 241,13 31 79 139 181 193 199 211 229
1183,163,7,169,7,191243,3,3.043089572712e-07,25,7,18,0.72000000,37.6973,7,7 13 19 31 43 61 67 73 79 103 127 139 151 157 181 199 223 241,37 97 109 163 193 211 229
1184,133,7,192,7,217961,3,3.045329438620e-07,25,9,16,0.64000000,37.6973,7,7 19 43 67 73 97 109 127 139 151 163 181 193 223 229 241,13 31 37 61 79 103 157 199 211
1185,91,5,116,5,3009,3,3.045838467252e-07,25,8,17,0.68000000,37.5296,7,7 19 73 79 97 103 139 151 157 163 181 193 199 211 223 229 241,13 31 37 43 61 67 109 127
1186,159,7,191,7,227936,3,3.046260937685e-07,25,8,17,0.68000000,37.6973,31,31 37 61 73 79 97 103 109 139 157 163 181 193 199 223 229 241,7 13 19 43 67 127 151 211
1187,128,7,215,7,279347,3,3.046520543013e-07,25,10,15,0.60000000,37.6973,31,31 37 61 67 73 103 109 139 151 157 163 181 211 223 229,7 13 19 43 79 97 127 193 199 241
1188,103,7,227,7,314750,3,3.046864528406e-07,25,7,18,0.72000000,37.6973,13,13 31 43 67 73 79 97 103 109 127 139 151 163 181 193 199 229 241,7 19 37 61 157 211 223
1189,201,6,226,7,311341,3,3.047624528419e-07,25,7,18,0.72000000,38.2373,7,7 13 19 31 37 61 97 103 109 139 151 157 163 181 193 199 223 229,43 67 73 79 127 211 241
1190,231,5,155,6,24399,3,3.048140180173e-07,25,8,17,0.68000000,38.2373,19,19 31 43 61 79 97 103 109 127 157 163 181 193 211 223 229 241,7 13 37 67 73 139 151 199
1191,106,7,179,7,182099,3,3.060037233011e-07,25,9,16,0.64000000,37.6973,7,7 31 37 61 97 103 109 127 151 157 163 181 199 211 229 241,13 19 43 67 73 79 139 193 223
1192,140,6,87,7,35636,3,3.060803009561e-07,25,6,19,0.76000000,38.2373,7,7 13 31 43 61 67 73 79 97 103 109 151 157 163 193 199 211 229 241,19 37 127 139 181 223
1193,119,6,149,7,117766,3,3.064711931598e-07,25,7,18,0.72000000,38.2373,7,7 13 19 31 43 67 73 79 97 103 109 127 157 163 181 193 223 241,37 61 139 151 199 211 229
1194,182,7,225,7,329603,3,3.072774827786e-07,25,9,16,0.64000000,37.6973,13,13 19 31 43 61 73 79 97 127 139 151 163 193 199 211 241,7 37 67 103 109 157 181 223 229
1195,171,5,196,6,38449,3,3.076646482966e-07,25,6,19,0.76000000,38.2373,7,7 13 31 37 43 61 73 79 97 109 127 139 151 157 163 193 199 223 229,19 67 103 181 211 241
1196,169,7,239,7,364634,3,3.077012362304e-07,25,9,16,0.64000000,37.6973,7,7 19 31 37 43 61 73 79 97 109 139 151 157 163 211 223,13 67 103 127 181 193 199 229 241
1197,189,6,151,7,122439,3,3.081041588087e-07,25,11,14,0.56000000,38.2373,7,7 13 37 43 67 73 97 103 109 139 157 199 211 241,19 31 61 79 127 151 163 181 193 223 229
1198,107,7,213,7,271675,3,3.081238983564e-07,25,7,18,0.72000000,37.6973,7,7 13 31 37 61 67 73 79 103 109 127 139 151 157 163 199 223 229,19 43 97 181 193 211 241
1199,243,6,157,7,136747,3,3.085984293790e-07,25,7,18,0.72000000,38.2373,7,7 13 31 43 61 67 73 79 97 103 109 127 139 193 199 223 229 241,19 37 151 157 163 181 211
1200,233,7,245,7,448584,3,3.086782279451e-07,25,7,18,0.72000000,37.6973,7,7 19 31 37 43 61 67 73 79 97 103 127 151 193 199 211 223 229,13 109 139 157 163 181 241
1201,146,7,233,7,338236,3,3.087374771947e-07,25,13,12,0.48000000,37.6973,13,13 61 73 109 127 139 157 163 181 211 223 241,7 19 31 37 43 67 79 97 103 151 193 199 229
1202,167,6,230,6,55367,3,3.092039523436e-07,25,8,17,0.68000000,38.6325,7,7 31 61 67 79 97 103 109 127 139 151 157 163 181 193 199 229,13 19 37 43 73 211 223 241
1203,223,7,241,7,421047,3,3.092189472713e-07,25,4,21,0.84000000,37.6973,7,7 13 19 31 37 43 61 67 73 79 97 109 127 151 181 193 199 211 223 229,103 139 157 163
1204,229,7,240,7,428885,3,3.094637718726e-07,25,11,14,0.56000000,37.6973,19,19 31 43 73 79 97 139 163 181 193 199 211 223 241,7 13 37 61 67 103 109 127 151 157 229
1205,233,7,242,7,441211,3,3.096858597146e-07,25,9,16,0.64000000,37.6973,13,13 37 43 61 73 79 127 139 151 157 163 181 193 199 211 241,7 19 31 67 97 103 109 223 229
1206,81,7,202,7,239549,3,3.097261251144e-07,25,9,16,0.64000000,37.6973,7,7 13 19 37 43 67 73 103 151 157 181 193 199 211 223 241,31 61 79 97 109 127 139 163 229
1207,179,6,96,7,3224,4,3.097332593696e-07,53,16,37,0.69811321,73.5585,5,5 7 17 19 29 31 41 43 47 59 61 71 73 79 83 89 97 103 107 109,3 11 13 23 37 53 67 101 127 167 197 211 223 227 229 239
1208,247,6,223,7,302393,3,3.123733186165e-07,25,7,18,0.72000000,38.2373,13,13 19 31 43 61 67 73 79 103 109 127 157 163 181 193 211 229 241,7 37 97 139 151 199 223
1209,126,5,187,5,6386,3,3.124593931328e-07,25,10,15,0.60000000,37.5296,7,7 37 43 61 67 109 127 151 157 163 181 193 199 211 223,13 19 31 73 79 97 103 139 229 241
1210,223,6,220,7,292661,3,3.124740680554e-07,25,9,16,0.64000000,38.2373,7,7 13 31 37 43 67 79 97 109 139 151 157 181 199 223 229,19 61 73 103 127 163 193 211 241
1211,75,6,161,6,26009,3,3.124964349391e-07,25,8,17,0.68000000,38.6325,31,31 37 61 73 79 97 109 127 139 151 157 163 181 199 211 229 241,7 13 19 43 67 103 193 223
1212,118,7,199,7,233171,3,3.129836722280e-07,25,7,18,0.72000000,37.6973,7,7 19 37 61 67 73 79 103 139 151 157 163 181 199 211 223 229 241,13 31 43 97 109 127 193
1213,94,6,193,6,37414,3,3.134544704406e-07,25,12,13,0.52000000,38.6325,7,7 31 43 61 79 103 127 139 157 181 211 223 229,13 19 37 67 73 97 109 151 163 193 199 241
1214,92,7,221,7,295503,3,3.136497530467e-07,25,10,15,0.60000000,37.6973,7,7 19 37 43 61 67 79 97 103 109 139 163 193 223 229,13 31 73 127 151 157 181 199 211 241
1215,140,7,179,7,190765,3,3.139223067000e-07,25,9,16,0.64000000,37.6973,7,7 13 19 31 67 73 79 97 103 127 139 163 193 211 229 241,37 43 61 109 151 157 181 199 223
1216,240,6,239,7,354989,3,3.140386874162e-07,25,9,16,0.64000000,38.2373,7,7 13 61 67 73 103 127 139 151 157 163 199 211 223 229 241,19 31 37 43 79 97 109 181 193
1217,124,7,179,7,185070,3,3.145079208787e-07,25,9,16,0.64000000,37.6973,7,7 13 19 31 43 61 67 73 97 127 163 181 193 199 211 223,37 79 103 109 139 151 157 229 241
1218,114,7,193,7,217047,3,3.147174003952e-07,25,6,19,0.76000000,37.6973,19,19 37 61 67 73 79 97 103 109 127 139 151 181 193 199 211 223 229 241,7 13 31 43 157 163
1219,116,6,215,6,46602,3,3.157443437224e-07,25,10,15,0.60000000,38.6325,7,7 31 61 67 73 79 97 103 127 151 181 193 199 211 229,13 19 37 43 109 139 157 163 223 241
1220,169,7,202,7,260417,3,3.163371926487e-07,25,12,13,0.52000000,37.6973,13,13 19 37 43 61 79 97 109 127 139 157 199 211,7 31 67 73 103 151 163 181 193 223 229 241
1221,188,5,71,7,21052,3,3.165017797588e-07,25,6,19,0.76000000,38.2373,13,13 19 31 37 43 61 67 79 97 109 139 151 157 163 181 193 199 211 241,7 73 103 127 223 229
1222,211,4,249,5,9862,3,3.166929889980e-07,25,6,19,0.76000000,38.2373,7,7 13 19 31 43 67 73 97 103 127 139 151 157 163 193 211 223 229 241,37 61 79 109 181 199
1223,181,5,109,7,3678,4,3.173652805405e-07,53,21,32,0.60377358,73.5585,3,3 7 13 17 23 29 37 41 53 67 73 79 89 97 103 109 127 137 139 149,5 11 19 31 43 47 59 61 71 83 101 107 113 131 151 157 163 179 199 239
1224,72,7,125,7,78669,3,3.173657452302e-07,25,10,15,0.60000000,37.6973,13,13 19 31 43 67 73 79 97 103 127 151 163 199 211 229,7 37 61 109 139 157 181 193 223 241
1225,223,6,211,7,265631,3,3.177460058056e-07,25,9,16,0.64000000,38.2373,7,7 13 19 31 43 61 67 97 103 109 151 157 163 181 193 223,37 73 79 127 139 199 211 229 241
1226,73,6,85,7,31817,3,3.178891169644e-07,25,12,13,0.52000000,38.2373,7,7 37 43 61 73 79 109 139 181 193 199 223 241,13 19 31 67 97 103 127 151 157 163 211 229
1227,178,7,247,7,395258,3,3.179165544741e-07,25,6,19,0.76000000,37.6973,7,7 13 31 43 61 73 79 109 139 151 157 163 181 193 199 211 223 229 241,19 37 67 97 103 127
1228,203,6,236,7,344384,3,3.184563067652e-07,25,13,12,0.48000000,38.2373,7,7 13 37 61 97 103 139 151 163 199 229 241,19 31 43 67 73 79 109 127 157 181 193 211 223
1229,69,6,173,5,6406,3,3.186144700180e-07,25,11,14,0.56000000,38.2373,7,7 13 19 37 43 61 73 79 97 103 151 193 199 223,31 67 109 127 139 157 163 181 211 229 241
1230,166,7,185,7,221654,3,3.186185175038e-07,25,10,15,0.60000000,37.6973,19,19 31 37 43 73 79 97 103 127 139 151 163 181 229 241,7 13 61 67 109 157 193 199 211 223
1231,197,6,168,7,156535,3,3.186419394852e-07,25,8,17,0.68000000,38.2373,13,13 31 37 43 61 67 73 79 97 109 127 139 157 181 223 229 241,7 19 103 151 163 193 199 211
1232,121,7,247,7,383651,3,3.188270764026e-07,25,10,15,0.60000000,37.6973,7,7 13 31 61 67 73 97 103 109 127 151 157 163 211 223,19 37 43 79 139 181 193 199 229 241
1233,230,6,131,7,5335,4,3.196528141821e-07,53,27,26,0.49056604,73.5585,7,7 13 17 19 31 37 47 61 73 89 97 101 113 127 137 149 157 163 167 181,3 5 11 23 29 41 43 53 59 67 71 79 83 103 107 109 131 139 151 173
1234,149,7,180,7,197917,3,3.206535019258e-07,25,9,16,0.64000000,37.6973,13,13 19 31 37 43 61 79 97 109 127 139 163 181 193 199 211,7 67 73 103 151 157 223 229 241
1235,231,5,191,6,36645,3,3.208087980160e-07,25,8,17,0.68000000,38.2373,19,19 31 37 67 79 97 103 109 139 151 157 163 193 199 223 229 241,7 13 43 61 73 127 181 211
1236,188,6,95,7,48486,3,3.209333489497e-07,25,9,16,0.64000000,38.2373,7,7 13 31 43 61 73 97 103 109 127 139 151 157 199 229 241,19 37 67 79 163 181 193 211 223
1237,136,6,193,6,38711,3,3.209401982314e-07,25,7,18,0.72000000,38.6325,7,7 13 19 31 37 67 97 103 109 127 139 151 157 163 181 199 223 229,43 61 73 79 193 211 241
1238,196,7,225,7,342862,3,3.211345101952e-07,25,8,17,0.68000000,37.6973,31,31 37 43 73 79 103 109 127 151 157 163 181 193 199 223 229 241,7 13 19 61 67 97 139 211
1239,131,7,234,7,339347,3,3.211819907782e-07,25,11,14,0.56000000,37.6973,19,19 31 43 61 67 103 139 157 163 193 211 223 229 241,7 13 37 73 79 97 109 127 151 181 199
1240,101,5,113,5,3070,3,3.212088789820e-07,25,6,19,0.76000000,37.5296,13,13 19 31 43 61 73 79 97 103 109 127 139 151 157 163 193 199 211 229,7 37 67 181 223 241
1241,183,6,103,7,54350,3,3.212584323047e-07,25,7,18,0.72000000,38.2373,19,19 31 37 43 61 73 79 97 109 139 151 157 163 181 211 223 229 241,7 13 67 103 127 193 199
1242,168,7,197,7,248212,3,3.217972681406e-07,25,11,14,0.56000000,37.6973,13,13 19 79 97 103 109 127 139 151 163 181 193 229 241,7 31 37 43 61 67 73 157 199 211 223
1243,171,6,154,7,127634,3,3.221767826411e-07,25,10,15,0.60000000,38.2373,19,19 37 43 61 79 97 103 109 151 163 181 199 211 229 241,7 13 31 67 73 127 139 157 193 223
1244,221,7,242,7,420506,3,3.222632606942e-07,25,10,15,0.60000000,37.6973,19,19 31 37 43 61 79 97 109 127 139 157 181 193 211 229,7 13 67 73 103 151 163 199 223 241
1245,178,7,241,7,375347,3,3.228240738378e-07,25,10,15,0.60000000,37.6973,13,13 19 43 61 73 79 97 139 181 193 199 211 223 229 241,7 31 37 67 103 109 127 151 157 163
1246,155,7,208,7,266809,3,3.229724908682e-07,25,16,9,0.36000000,37.6973,31,31 73 79 97 103 151 181 199 229,7 13 19 37 43 61 67 109 127 139 157 163 193 211 223 241
1247,140,7,211,7,269959,3,3.232193404859e-07,25,12,13,0.52000000,37.6973,19,19 37 61 73 103 109 127 139 151 157 163 193 241,7 13 31 43 67 79 97 181 199 211 223 229
1248,156,7,161,7,171593,3,3.232243950430e-07,25,7,18,0.72000000,37.6973,7,7 19 31 37 61 73 79 97 103 109 127 139 157 163 193 199 223 241,13 43 67 151 181 211 229
1249,168,7,227,7,326594,3,3.234709764518e-07,25,8,17,0.68000000,37.6973,7,7 13 19 31 37 43 73 97 103 163 181 193 199 211 223 229 241,61 67 79 109 127 139 151 157
1250,128,7,205,7,250814,3,3.241210288121e-07,25,10,15,0.60000000,37.6973,7,7 19 43 61 67 73 103 127 139 151 163 181 193 199 229,13 31 37 79 97 109 157 211 223 241
1251,147,7,220,7,297862,3,3.244281754157e-07,25,6,19,0.76000000,37.6973,7,7 13 19 37 61 67 73 79 97 109 139 151 157 163 181 193 199 223 241,31 43 103 127 211 229
1252,157,6,190,7,207651,3,3.248399060344e-07,25,4,21,0.84000000,38.2373,7,7 13 31 37 43 61 67 73 79 103 127 151 157 163 181 193 199 211 223 229,19 97 109 139
1253,117,7,197,7,227761,3,3.250586683102e-07,25,11,14,0.56000000,37.6973,13,13 19 37 61 67 73 97 103 127 139 193 199 223 241,7 31 43 79 109 151 157 163 181 211 229
1254,235,7,249,7,462492,3,3.251233097290e-07,25,13,12,0.48000000,37.6973,19,19 31 37 61 79 127 139 151 157 211 223 229,7 13 43 67 73 97 103 109 163 181 193 199 241
1255,161,5,150,6,22571,3,3.253723011666e-07,25,9,16,0.64000000,38.2373,13,13 19 37 43 61 73 79 97 103 127 151 157 181 199 229 241,7 31 67 109 139 163 193 211 223
1256,112,7,169,7,160809,3,3.255820253417e-07,25,13,12,0.48000000,37.6973,19,19 31 43 61 67 97 103 139 151 163 181 229,7 13 37 73 79 109 127 157 193 199 211 223 241
1257,193,7,227,7,344915,3,3.257194564015e-07,25,10,15,0.60000000,37.6973,13,13 31 43 61 73 97 103 109 127 139 181 193 199 211 241,7 19 37 67 79 151 157 163 223 229
1258,241,6,206,7,251660,3,3.264278673683e-07,25,10,15,0.60000000,38.2373,7,7 19 31 73 109 139 151 157 163 181 199 211 223 229 241,13 37 43 61 67 79 97 103 127 193
1259,209,6,186,7,198193,3,3.266069482413e-07,25,11,14,0.56000000,38.2373,7,7 19 37 43 61 73 79 103 109 139 163 193 211 223,13 31 67 97 127 151 157 181 199 229 241
1260,215,6,202,7,239989,3,3.268310833370e-07,25,7,18,0.72000000,38.2373,19,19 31 37 43 67 73 97 103 109 127 151 157 163 181 193 211 229 241,7 13 61 79 139 199 223
1261,215,6,221,7,295667,3,3.268334162374e-07,25,9,16,0.64000000,38.2373,7,7 19 31 37 43 67 79 97 103 139 193 199 211 223 229 241,13 61 73 109 127 151 157 163 181
1262,186,5,121,6,1354,4,3.269935880809e-07,53,22,31,0.58490566,73.5585,5,5 7 11 13 17 19 23 29 37 43 53 59 73 89 101 109 113 131 149 157,3 31 41 47 61 67 71 79 83 97 103 107 127 137 139 151 167 191 211 227
1263,179,7,211,7,12512,4,3.271292823575e-07,53,22,31,0.58490566,72.1671,7,7 17 19 23 37 41 47 53 59 61 79 89 97 101 107 109 113 137 139 151,3 5 11 13 29 31 43 67 71 73 83 103 127 131 149 163 167 193 199 211
1264,112,6,131,7,87243,3,3.274641941408e-07,25,12,13,0.52000000,38.2373,7,7 43 61 67 73 79 103 139 163 181 193 229 241,13 19 31 37 97 109 127 151 157 199 211 223
1265,75,7,113,7,62879,3,3.284705741287e-07,25,6,19,0.76000000,37.6973,13,13 19 31 37 61 67 73 79 97 103 109 139 157 163 181 193 211 223 241,7 43 127 151 199 229
1266,189,6,218,7,286207,3,3.288511875640e-07,25,8,17,0.68000000,38.2373,13,13 19 31 37 43 61 67 73 79 97 103 127 139 151 181 211 223,7 109 157 163 193 199 229 241
1267,233,5,116,7,65678,3,3.291721359145e-07,25,6,19,0.76000000,38.2373,13,13 19 43 61 73 79 97 103 109 127 151 157 163 181 199 211 223 229 241,7 31 37 67 139 193
1268,201,6,103,7,57381,3,3.297827625377e-07,25,9,16,0.64000000,38.2373,13,13 19 31 37 43 67 73 79 109 127 181 199 211 223 229 241,7 61 97 103 139 151 157 163 193
1269,84,4,209,4,1251,3,3.299594635963e-07,25,12,13,0.52000000,39.1639,13,13 31 37 61 67 73 79 103 109 139 157 181 211,7 19 43 97 127 151 163 193 199 223 229 241
1270,164,3,43,5,533,3,3.302085979886e-07,25,12,13,0.52000000,38.2373,13,13 31 37 61 67 73 97 127 139 157 193 229 241,7 19 43 79 103 109 151 163 181 199 211 223
1271,185,7,211,7,296388,3,3.303811887402e-07,25,7,18,0.72000000,37.6973,7,7 13 19 31 61 67 79 97 103 109 127 139 157 163 193 199 211 241,37 43 73 151 181 223 229
1272,73,7,162,6,493,5,3.307298552282e-07,13,2,11,0.84615385,28.9853,11,11 31 61 71 101 131 151 181 191 211 241,41 251
1273,191,7,240,7,380613,3,3.310071926008e-07,25,9,16,0.64000000,37.6973,7,7 13 19 31 37 43 67 73 97 127 139 151 157 163 193 229,61 79 103 109 181 199 211 223 241
1274,224,6,179,7,181857,3,3.312505190796e-07,25,6,19,0.76000000,38.2373,7,7 13 31 37 61 73 79 97 103 109 127 139 151 157 163 181 193 223 229,19 43 67 199 211 241
1275,142,6,129,7,84468,3,3.316750992277e-07,25,5,20,0.80000000,38.2373,7,7 19 31 37 61 67 73 97 109 139 151 157 163 181 193 199 211 223 229 241,13 43 79 103 127
1276,93,7,136,7,97284,3,3.323318598676e-07,25,8,17,0.68000000,37.6973,7,7 31 37 43 61 67 73 79 97 103 109 151 157 181 199 211 223,13 19 127 139 163 193 229 241
1277,36,5,43,5,592,3,3.325706892978e-07,25,4,21,0.84000000,37.5296,7,7 19 31 37 43 61 67 73 97 103 109 127 139 151 157 163 181 193 211 223,13 79 199 229
1278,230,6,189,7,206163,3,3.331078601843e-07,25,14,11,0.44000000,38.2373,13,13 19 67 97 127 157 181 193 199 211 241,7 31 37 43 61 73 79 103 109 139 151 163 223 229
1279,81,7,155,7,6827,4,3.333831023145e-07,53,19,34,0.64150943,72.1671,3,3 7 11 13 19 29 37 41 53 61 67 73 79 83 89 101 107 113 127 131,5 17 23 31 43 47 59 71 97 103 109 149 151 179 191 211 223 239 251
1280,123,7,238,7,352180,3,3.334249627636e-07,25,8,17,0.68000000,37.6973,7,7 13 31 37 61 67 97 109 139 151 157 163 181 193 199 211 229,19 43 73 79 103 127 223 241
1281,97,7,219,7,289414,3,3.338271042587e-07,25,13,12,0.48000000,37.6973,13,13 19 31 97 127 139 151 157 181 211 223 241,7 37 43 61 67 73 79 103 109 163 193 199 229
1282,91,6,162,6,26516,3,3.342064531520e-07,25,7,18,0.72000000,38.6325,19,19 31 61 67 73 79 97 109 139 151 157 163 181 199 211 223 229 241,7 13 37 43 103 127 193
1283,166,6,121,7,73722,3,3.346464713956e-07,25,9,16,0.64000000,38.2373,7,7 19 31 37 61 67 73 97 109 127 181 199 211 223 229 241,13 43 79 103 139 151 157 163 193
1284,117,7,244,7,372750,3,3.347097653846e-07,25,6,19,0.76000000,37.6973,7,7 13 31 37 43 61 67 73 97 109 139 151 157 181 193 199 211 223 229,19 79 103 127 163 241
1285,107,7,245,7,375975,3,3.347523703453e-07,25,10,15,0.60000000,37.6973,7,7 19 37 61 79 109 127 139 151 157 163 193 199 211 241,13 31 43 67 73 97 103 181 223 229
1286,71,3,138,3,144,3,3.348979766804e-07,25,13,12,0.48000000,36.5126,37,37 43 67 79 97 109 127 139 151 163 193 241,7 13 19 31 61 73 103 157 181 199 211 223 229
1287,150,5,169,6,28592,3,3.349104475805e-07,25,9,16,0.64000000,38.2373,13,13 19 31 37 61 67 73 79 97 103 151 193 199 211 223 229,7 43 109 127 139 157 163 181 241
1288,92,7,197,7,226180,3,3.349826260301e-07,25,7,18,0.72000000,37.6973,7,7 19 31 37 61 73 79 97 103 109 139 151 157 181 193 199 223 241,13 43 67 127 163 211 229
1289,112,6,137,7,96827,3,3.350332572627e-07,25,6,19,0.76000000,38.2373,7,7 19 31 43 61 73 79 97 109 127 139 151 157 163 181 199 211 223 229,13 37 67 103 193 241
1290,184,6,159,7,137646,3,3.353072195786e-07,25,10,15,0.60000000,38.2373,13,13 31 37 43 61 73 79 103 109 139 157 193 199 223 241,7 19 67 97 127 151 163 181 211 229
1291,183,5,215,6,46257,3,3.353806437130e-07,25,9,16,0.64000000,38.2373,7,7 31 79 97 103 127 139 151 157 163 181 193 211 223 229 241,13 19 37 43 61 67 73 109 199
1292,81,6,103,6,11387,3,3.355321786893e-07,25,13,12,0.48000000,38.6325,7,7 13 37 61 67 73 97 139 163 181 199 223,19 31 43 79 103 109 127 151 157 193 211 229 241
1293,177,7,238,7,365177,3,3.359310876258e-07,25,6,19,0.76000000,37.6973,7,7 13 19 37 61 67 73 97 109 127 151 163 181 193 199 211 223 229 241,31 43 79 103 139 157
1294,210,7,229,7,370931,3,3.361131294725e-07,25,4,21,0.84000000,37.6973,7,7 13 19 37 61 67 73 79 103 109 127 139 151 163 181 193 199 211 223 229,31 43 97 157
1295,184,6,195,6,45434,3,3.363485012227e-07,25,11,14,0.56000000,38.6325,7,7 31 37 43 61 67 79 103 127 139 151 193 199 211,13 19 73 97 109 157 163 181 223 229 241
1296,114,7,151,7,126830,3,3.367417155196e-07,25,9,16,0.64000000,37.6973,13,13 31 43 67 79 97 103 127 139 151 157 163 199 211 223 229,7 19 37 61 73 109 181 193 241
1297,121,5,87,6,7717,3,3.368348657611e-07,25,8,17,0.68000000,38.2373,7,7 13 31 61 67 73 79 109 127 139 157 163 193 199 211 223 229,19 37 43 97 103 151 181 241
1298,206,6,163,7,146334,3,3.374472409943e-07,25,12,13,0.52000000,38.2373,7,7 31 61 73 97 103 109 127 139 181 193 223 241,13 19 37 43 67 79 151 157 163 199 211 229
1299,119,7,198,7,230637,3,3.377870262671e-07,25,8,17,0.68000000,37.6973,7,7 19 31 37 61 67 73 97 151 157 163 181 193 199 211 223 229,13 43 79 103 109 127 139 241
1300,193,6,137,7,98563,3,3.379017553547e-07,25,4,21,0.84000000,38.2373,7,7 19 31 37 43 61 67 73 97 103 109 127 139 151 157 163 181 193 199 223,13 79 211 229
1301,134,4,115,5,2734,3,3.379822753056e-07,25,7,18,0.72000000,38.2373,13,13 19 31 37 61 67 79 97 103 109 157 163 181 193 211 223 229 241,7 43 73 127 139 151 199
1302,179,7,183,7,233685,3,3.381864920514e-07,25,13,12,0.48000000,37.6973,7,7 13 31 61 103 109 151 157 163 193 229 241,19 37 43 67 73 79 97 127 139 181 199 211 223
1303,87,7,161,7,141643,3,3.382385332046e-07,25,9,16,0.64000000,37.6973,7,7 13 19 61 67 79 97 103 139 151 157 163 181 193 199 229,31 37 43 73 109 127 211 223 241
1304,117,7,188,7,204885,3,3.383958052956e-07,25,10,15,0.60000000,37.6973,7,7 13 31 37 43 67 73 79 103 109 151 181 193 199 241,19 61 97 127 139 157 163 211 223 229
1305,87,7,143,7,108023,3,3.388649111967e-07,25,11,14,0.56000000,37.6973,13,13 43 61 73 79 103 109 139 157 163 211 223 229 241,7 19 31 37 67 97 127 151 181 193 199
1306,127,5,85,7,31778,3,3.388697563858e-07,25,8,17,0.68000000,38.2373,7,7 13 31 37 43 61 67 73 97 127 139 151 157 163 199 211 241,19 79 103 109 181 193 223 229
1307,147,7,209,7,266382,3,3.391749440112e-07,25,9,16,0.64000000,37.6973,19,19 37 61 67 79 109 127 139 151 163 181 193 211 223 229 241,7 13 31 43 73 97 103 157 199
1308,84,7,209,6,48325,3,3.395358672564e-07,25,14,11,0.44000000,38.2373,37,37 61 73 103 127 139 151 163 199 211 229,7 13 19 31 43 67 79 97 109 157 181 193 223 241
1309,151,5,85,7,31793,3,3.397918479623e-07,25,4,21,0.84000000,38.2373,7,7 19 31 37 43 61 67 73 79 97 109 127 139 151 163 181 199 211 223 229,13 103 157 193
1310,48,7,223,6,49808,3,3.404481132063e-07,25,7,18,0.72000000,38.2373,19,19 31 37 43 61 73 79 97 103 127 139 157 163 181 211 223 229 241,7 13 67 109 151 193 199
1311,199,7,231,7,362048,3,3.408254538085e-07,25,6,19,0.76000000,37.6973,7,7 19 31 37 61 67 79 97 103 139 151 157 163 181 193 199 223 229 241,13 43 73 109 127 211
1312,185,6,102,7,53712,3,3.411597254680e-07,25,6,19,0.76000000,38.2373,7,7 13 19 31 37 43 61 67 73 79 109 127 139 157 193 199 211 223 229,97 103 151 163 181 241
1313,198,7,223,7,340146,3,3.412311141366e-07,25,11,14,0.56000000,37.6973,37,37 43 61 67 109 139 151 163 181 193 211 223 229 241,7 13 19 31 73 79 97 103 127 157 199
1314,68,6,213,6,45385,3,3.425123840920e-07,25,9,16,0.64000000,38.6325,7,7 31 37 43 61 67 73 79 97 109 139 151 157 193 223 241,13 19 103 127 163 181 199 211 229
1315,91,7,244,7,372153,3,3.425669815721e-07,25,11,14,0.56000000,37.6973,13,13 31 37 61 97 103 127 139 151 181 193 211 223 229,7 19 43 67 73 79 109 157 163 199 241
1316,203,6,207,7,253835,3,3.430935717480e-07,25,8,17,0.68000000,38.2373,7,7 13 19 31 37 67 73 79 97 109 127 151 157 193 199 229 241,43 61 103 139 163 181 211 223
1317,158,7,231,7,13921,4,3.432207488914e-07,53,22,31,0.58490566,72.1671,3,3 5 13 17 23 29 41 43 47 53 59 61 73 89 97 101 103 107 127 137,7 11 19 31 37 67 71 79 83 109 113 131 157 163 167 173 191 197 211 223
1318,211,7,212,7,335803,3,3.432656317609e-07,25,6,19,0.76000000,37.6973,7,7 13 19 31 37 43 61 67 73 79 97 103 109 151 163 193 223 229 241,127 139 157 181 199 211
1319,117,7,124,7,90892,3,3.433396368735e-07,25,6,19,0.76000000,37.6973,7,7 13 19 31 43 61 67 73 79 97 109 127 139 157 181 193 211 223 229,37 103 151 163 199 241
1320,197,6,201,7,237007,3,3.436196869687e-07,25,13,12,0.48000000,38.2373,13,13 37 43 109 127 139 151 157 193 199 223 241,7 19 31 61 67 73 79 97 103 163 181 211 229
1321,167,7,224,7,317213,3,3.438302104723e-07,25,14,11,0.44000000,37.6973,31,31 37 61 67 73 79 139 151 163 229 241,7 13 19 43 97 103 109 127 157 181 193 199 211 223
1322,232,6,213,7,271654,3,3.440038005450e-07,25,6,19,0.76000000,38.2373,7,7 13 19 37 43 61 67 73 97 103 109 127 139 157 163 181 199 211 223,31 79 151 193 229 241
1323,218,5,59,7,14392,3,3.442118467293e-07,25,8,17,0.68000000,38.2373,7,7 13 43 61 73 79 97 109 127 139 151 157 163 181 193 211 229,19 31 37 67 103 199 223 241
1324,181,6,176,7,173980,3,3.442838144477e-07,25,12,13,0.52000000,38.2373,7,7 13 31 43 61 67 79 103 127 139 151 163 193,19 37 73 97 109 157 181 199 211 223 229 241
1325,142,7,215,7,281892,3,3.445299865833e-07,25,9,16,0.64000000,37.6973,19,19 31 37 43 61 67 79 97 109 151 163 181 193 199 223 241,7 13 73 103 127 139 157 211 229
1326,130,7,241,7,363037,3,3.446593929003e-07,25,12,13,0.52000000,37.6973,13,13 31 61 79 97 103 127 139 157 163 193 211 223,7 19 37 43 67 73 109 151 181 199 229 241
1327,233,6,240,7,358369,3,3.447845501348e-07,25,12,13,0.52000000,38.2373,7,7 31 43 67 79 109 139 151 163 199 211 223 241,13 19 37 61 73 97 103 127 157 181 193 229
1328,141,7,197,7,232838,3,3.450096305558e-07,25,11,14,0.56000000,37.6973,7,7 19 31 37 43 61 67 73 79 139 181 193 223 229,13 97 103 109 127 151 157 163 199 211 241
1329,183,7,229,7,341706,3,3.453718978415e-07,25,6,19,0.76000000,37.6973,13,13 19 31 37 43 61 67 73 109 127 139 151 157 163 199 211 223 229 241,7 79 97 103 181 193
1330,176,6,197,7,226010,3,3.456693290793e-07,25,9,16,0.64000000,38.2373,7,7 13 19 37 61 67 97 103 127 139 151 157 163 211 223 241,31 43 73 79 109 181 193 199 229
1331,148,5,131,6,17241,3,3.458143577095e-07,25,9,16,0.64000000,38.2373,7,7 13 19 61 67 73 97 103 109 127 157 163 181 193 223 241,31 37 43 79 139 151 199 211 229
1332,117,6,151,7,121475,3,3.458824711721e-07,25,11,14,0.56000000,38.2373,7,7 19 31 37 43 67 97 109 127 157 163 193 199 241,13 61 73 79 103 139 151 181 211 223 229
1333,120,7,127,7,96233,3,3.459227657958e-07,25,10,15,0.60000000,37.6973,7,7 37 61 67 73 79 103 127 139 157 163 193 199 223 241,13 19 31 43 97 109 151 181 211 229
1334,83,7,237,6,58901,3,3.461871603103e-07,25,9,16,0.64000000,38.2373,13,13 61 67 73 79 97 127 139 157 163 193 199 211 223 229 241,7 19 31 37 43 103 109 151 181
1335,191,7,248,7,406097,3,3.462539748655e-07,25,12,13,0.52000000,37.6973,7,7 13 19 31 37 43 67 73 97 103 139 211 223,61 79 109 127 151 157 163 181 193 199 229 241
1336,133,7,162,7,154170,3,3.462875865411e-07,25,11,14,0.56000000,37.6973,13,13 19 31 37 43 61 67 79 103 139 163 193 223 229,7 73 97 109 127 151 157 181 199 211 241
1337,193,5,90,7,36367,3,3.463521560422e-07,25,7,18,0.72000000,38.2373,13,13 31 37 43 67 79 97 103 109 127 139 163 181 193 199 211 223 241,7 19 61 73 151 157 229
1338,200,6,191,7,210575,3,3.463765374086e-07,25,8,17,0.68000000,38.2373,7,7 31 37 43 67 73 97 127 139 151 157 163 181 193 199 211 241,13 19 61 79 103 109 223 229
1339,193,7,194,7,272868,3,3.467431716716e-07,25,14,11,0.44000000,37.6973,7,7 61 67 79 103 109 151 181 211 223 229,13 19 31 37 43 73 97 127 139 157 163 193 199 241
1340,192,5,53,7,11281,3,3.468663147602e-07,25,11,14,0.56000000,38.2373,7,7 37 61 73 79 97 127 151 163 181 193 211 229 241,13 19 31 43 67 103 109 139 157 199 223
1341,201,6,169,7,158784,3,3.470785444693e-07,25,8,17,0.68000000,38.2373,7,7 19 37 61 67 73 79 97 109 127 139 151 157 199 211 229 241,13 31 43 103 163 181 193 223
1342,229,7,234,7,414938,3,3.471681992299e-07,25,8,17,0.68000000,37.6973,19,19 31 43 61 67 73 79 103 127 139 151 163 181 193 199 211 229,7 13 37 97 109 157 223 241
1343,215,6,159,7,138693,3,3.480558660861e-07,25,10,15,0.60000000,38.2373,13,13 31 43 67 73 79 97 103 127 139 151 163 193 211 229,7 19 37 61 109 157 181 199 223 241
1344,107,7,247,7,383154,3,3.482112440499e-07,25,10,15,0.60000000,37.6973,7,7 13 31 37 61 67 109 139 151 163 193 199 211 223 241,19 43 73 79 97 103 127 157 181 229
1345,101,6,162,6,26748,3,3.482464163324e-07,25,7,18,0.72000000,38.6325,7,7 19 31 43 61 73 79 109 127 139 151 157 163 181 199 211 223 241,13 37 67 97 103 193 229
1346,115,6,167,6,28847,3,3.482843625713e-07,25,10,15,0.60000000,38.6325,7,7 13 31 43 67 79 97 127 139 157 163 199 211 223 241,19 37 61 73 103 109 151 181 193 229
1347,158,7,239,7,360887,3,3.484707594310e-07,25,9,16,0.64000000,37.6973,7,7 13 31 37 43 61 67 73 79 97 109 163 193 199 211 241,19 103 127 139 151 157 181 223 229
1348,109,6,240,6,57768,3,3.486980283249e-07,25,8,17,0.68000000,38.6325,7,7 13 31 61 67 73 79 97 127 139 157 163 181 199 223 229 241,19 37 43 103 109 151 193 211
1349,182,6,205,7,247992,3,3.493074575604e-07,25,6,19,0.76000000,38.2373,7,7 13 19 31 43 61 73 79 103 109 127 157 181 193 199 211 223 229 241,37 67 97 139 151 163
1350,155,6,187,7,200085,3,3.493126349548e-07,25,7,18,0.72000000,38.2373,13,13 19 43 61 67 73 97 103 109 139 157 163 181 193 199 211 223 241,7 31 37 79 127 151 229
1351,200,7,211,7,315550,3,3.495760255723e-07,25,9,16,0.64000000,37.6973,7,7 13 19 31 37 43 67 73 79 139 157 163 181 199 223 241,61 97 103 109 127 151 193 211 229
1352,127,7,208,7,259014,3,3.498970303302e-07,25,9,16,0.64000000,37.6973,13,13 19 31 43 61 97 103 127 139 151 157 163 181 193 223 229,7 37 67 73 79 109 199 211 241
1353,93,6,133,6,18353,3,3.500938053838e-07,25,9,16,0.64000000,38.6325,43,43 61 67 79 97 109 127 139 151 157 181 193 199 211 223 241,7 13 19 31 37 73 103 163 229
1354,97,7,203,7,242649,3,3.502294554540e-07,25,11,14,0.56000000,37.6973,19,19 31 43 61 73 97 103 109 157 181 193 199 223 241,7 13 37 67 79 127 139 151 163 211 229
1355,65,5,96,5,2104,3,3.503320475276e-07,25,10,15,0.60000000,37.5296,19,19 31 37 73 79 103 109 127 139 151 157 163 193 211 241,7 13 43 61 67 97 181 199 223 229
1356,117,4,124,5,3090,3,3.506348320744e-07,25,10,15,0.60000000,38.2373,7,7 13 31 43 61 73 97 103 109 127 151 181 199 211 223,19 37 67 79 139 157 163 193 229 241
1357,72,7,193,7,215334,3,3.507213795313e-07,25,8,17,0.68000000,37.6973,19,19 31 37 61 67 73 79 97 127 139 151 157 163 181 199 211 241,7 13 43 103 109 193 223 229
1358,195,6,217,7,283198,3,3.511731230294e-07,25,12,13,0.52000000,38.2373,13,13 19 37 43 61 67 79 103 127 181 193 199 241,7 31 73 97 109 139 151 157 163 211 223 229
1359,235,6,171,7,164406,3,3.517032164875e-07,25,7,18,0.72000000,38.2373,7,7 31 37 43 79 97 103 109 139 151 157 163 181 199 211 223 229 241,13 19 61 67 73 127 193
1360,138,7,209,7,263868,3,3.518793853793e-07,25,8,17,0.68000000,37.6973,7,7 13 19 31 37 43 61 67 79 97 103 127 157 211 223 229 241,73 109 139 151 163 181 193 199
1361,241,5,160,6,26007,3,3.521766701099e-07,25,9,16,0.64000000,38.2373,19,19 37 43 67 73 97 109 127 139 151 157 163 181 193 211 229,7 13 31 61 79 103 199 223 241
1362,151,6,173,7,166908,3,3.521992609922e-07,25,14,11,0.44000000,38.2373,13,13 19 31 37 67 139 151 163 199 211 223,7 43 61 73 79 97 103 109 127 157 181 193 229 241
1363,229,7,244,7,438847,3,3.524297212208e-07,25,9,16,0.64000000,37.6973,7,7 13 61 67 73 79 97 103 109 127 151 157 181 199 223 241,19 31 37 43 139 163 193 211 229
1364,46,7,209,6,43757,3,3.524493947253e-07,25,8,17,0.68000000,38.2373,7,7 13 43 61 79 103 109 127 151 157 163 181 199 211 223 229 241,19 31 37 67 73 97 139 193
1365,53,6,226,5,8489,3,3.525397199842e-07,25,9,16,0.64000000,38.2373,7,7 13 19 37 61 67 73 97 109 127 151 163 193 211 229 241,31 43 79 103 139 157 181 199 223
1366,187,7,194,7,11637,4,3.525830524665e-07,53,27,26,0.49056604,72.1671,5,5 7 11 13 17 31 53 73 83 89 97 101 107 113 149 151 157 163 179 181,3 19 23 29 37 41 43 47 59 61 67 71 79 103 109 127 131 137 139 167
1367,200,6,153,7,126549,3,3.525972861847e-07,25,8,17,0.68000000,38.2373,13,13 43 61 67 73 79 97 103 127 139 151 157 163 193 211 223 229,7 19 31 37 109 181 199 241
1368,239,7,245,7,460305,3,3.531526561069e-07,25,5,20,0.80000000,37.6973,13,13 19 43 61 67 73 97 109 127 139 151 157 163 181 193 199 211 223 229 241,7 31 37 79 103
1369,123,4,71,6,5044,3,3.536064002224e-07,25,9,16,0.64000000,40.2466,7,7 19 31 37 43 67 73 79 139 151 181 193 199 211 223 229,13 61 97 103 109 127 157 163 241
1370,116,6,61,7,17736,3,3.539222884808e-07,25,10,15,0.60000000,38.2373,13,13 19 31 37 43 73 109 127 151 157 181 199 211 229 241,7 61 67 79 97 103 139 163 193 223
1371,147,5,79,7,26811,3,3.539716979754e-07,25,9,16,0.64000000,38.2373,7,7 13 31 37 43 73 79 97 103 139 181 193 199 211 229 241,19 61 67 109 127 151 157 163 223
1372,111,7,167,7,156461,3,3.540528273858e-07,25,15,10,0.40000000,37.6973,7,7 37 61 67 73 79 157 163 199 223,13 19 31 43 97 103 109 127 139 151 181 193 211 229 241
1373,119,6,243,6,731,5,3.540572925730e-07,13,2,11,0.84615385,28.9779,31,31 41 61 71 101 131 151 181 191 211 241,11 251
1374,163,7,247,7,389621,3,3.541416986476e-07,25,9,16,0.64000000,37.6973,7,7 13 43 61 67 79 103 109 127 151 157 163 181 199 229 241,19 31 37 73 97 139 193 211 223
1375,221,7,236,7,405187,3,3.548725594306e-07,25,10,15,0.60000000,37.6973,7,7 13 37 43 73 127 139 151 157 163 181 199 223 229 241,19 31 61 67 79 97 103 109 193 211
1376,87,7,226,7,311244,3,3.550250331467e-07,25,9,16,0.64000000,37.6973,7,7 13 19 37 61 67 97 139 157 163 181 193 211 223 229 241,31 43 73 79 103 109 127 151 199
1377,82,7,171,7,162617,3,3.555734464908e-07,25,8,17,0.68000000,37.6973,13,13 19 31 61 67 73 79 127 139 151 157 163 181 211 223 229 241,7 37 43 97 103 109 193 199
1378,158,7,161,7,173935,3,3.557211643867e-07,25,7,18,0.72000000,37.6973,7,7 13 19 37 43 61 73 79 97 109 127 139 151 157 181 193 211 241,31 67 103 163 199 223 229
1379,162,7,229,7,330051,3,3.558247035992e-07,25,9,16,0.64000000,37.6973,19,19 31 37 43 67 79 103 109 127 139 193 199 211 223 229 241,7 13 61 73 97 151 157 163 181
1380,102,6,245,6,60129,3,3.560697053613e-07,25,10,15,0.60000000,38.6325,13,13 31 37 61 67 79 97 103 109 139 157 181 193 199 223,7 19 43 73 127 151 163 211 229 241
1381,145,6,191,7,210163,3,3.566179989990e-07,25,10,15,0.60000000,38.2373,7,7 19 31 37 43 67 97 103 127 139 151 181 199 229 241,13 61 73 79 109 157 163 193 211 223
1382,192,7,193,7,269589,3,3.567149737333e-07,25,10,15,0.60000000,37.6973,19,19 31 43 61 73 97 103 109 127 139 151 163 199 223 229,7 13 37 67 79 157 181 193 211 241
1383,33,7,139,5,4555,3,3.576550858700e-07,25,10,15,0.60000000,38.2373,7,7 13 31 43 61 67 79 109 127 151 181 193 199 211 229,19 37 73 97 103 139 157 163 223 241
1384,113,6,117,7,67107,3,3.577505538606e-07,25,11,14,0.56000000,38.2373,19,19 31 37 61 67 73 103 127 139 157 181 211 223 241,7 13 43 79 97 109 151 163 193 199 229
1385,215,6,237,7,347872,3,3.582991388779e-07,25,11,14,0.56000000,38.2373,13,13 19 31 37 61 103 127 151 157 181 193 223 229 241,7 43 67 73 79 97 109 139 163 199 211
1386,104,7,219,7,289616,3,3.585132545884e-07,25,10,15,0.60000000,37.6973,13,13 31 61 67 73 79 97 109 151 157 181 193 211 223 241,7 19 37 43 103 127 139 163 199 229
1387,187,5,192,6,36920,3,3.585136068179e-07,25,11,14,0.56000000,38.2373,7,7 13 37 61 67 79 97 103 151 157 163 193 211 223,19 31 43 73 109 127 139 181 199 229 241
1388,236,4,235,5,8962,3,3.586568917750e-07,25,10,15,0.60000000,38.2373,7,7 13 19 31 43 73 79 97 103 151 163 181 193 211 223,37 61 67 109 127 139 157 199 229 241
1389,224,6,187,7,201017,3,3.589025470333e-07,25,5,20,0.80000000,38.2373,7,7 13 19 31 37 43 61 73 97 103 109 127 139 151 157 163 181 211 223 241,67 79 193 199 229
1390,151,6,138,7,98819,3,3.594168757516e-07,25,5,20,0.80000000,38.2373,13,13 19 37 43 61 67 73 97 103 127 139 151 157 163 181 193 199 211 223 229,7 31 79 109 241
1391,179,7,224,7,324547,3,3.594984791598e-07,25,12,13,0.52000000,37.6973,7,7 19 73 97 109 157 163 181 193 199 211 223 241,13 31 37 43 61 67 79 103 127 139 151 229
1392,132,7,223,7,304101,3,3.598337969619e-07,25,6,19,0.76000000,37.6973,7,7 13 19 43 61 67 73 79 97 103 109 127 139 151 157 163 193 211 241,31 37 181 199 223 229
1393,183,6,182,7,188070,3,3.602983744193e-07,25,13,12,0.48000000,38.2373,43,43 67 73 79 139 157 163 181 199 211 229 241,7 13 19 31 37 61 97 103 109 127 151 193 223
1394,167,7,178,7,210175,3,3.603862694916e-07,25,9,16,0.64000000,37.6973,7,7 13 31 43 67 73 79 103 139 157 163 181 193 199 211 229,19 37 61 97 109 127 151 223 241
1395,121,6,222,6,49711,3,3.605959099120e-07,25,6,19,0.76000000,38.6325,7,7 13 31 43 61 67 79 97 139 151 157 163 181 193 199 211 223 229 241,19 37 73 103 109 127
1396,164,6,175,7,171520,3,3.607787994316e-07,25,12,13,0.52000000,38.2373,13,13 31 43 61 67 73 109 139 151 181 193 229 241,7 19 37 79 97 103 127 157 163 199 211 223
1397,223,6,226,7,311537,3,3.608856411666e-07,25,7,18,0.72000000,38.2373,7,7 13 31 43 67 73 79 97 103 109 139 151 163 181 199 211 223 241,19 37 61 127 157 193 229
1398,209,7,234,7,382210,3,3.609246152446e-07,25,10,15,0.60000000,37.6973,7,7 19 31 43 67 73 103 127 139 157 163 199 211 229 241,13 37 61 79 97 109 151 181 193 223
1399,145,4,74,6,637,4,3.610115289778e-07,53,27,26,0.49056604,73.4715,3,3 7 11 13 17 19 23 41 59 61 67 97 101 103 107 109 127 157 167 173,5 29 31 37 43 47 53 71 73 79 83 89 113 131 137 139 149 151 163 179
1400,246,7,247,7,480023,3,3.610787301769e-07,25,11,14,0.56000000,37.6973,7,7 31 37 43 67 73 97 139 181 199 211 223 229 241,13 19 61 79 103 109 127 151 157 163 193
1401,151,7,183,7,205380,3,3.611452536017e-07,25,5,20,0.80000000,37.6973,7,7 13 37 61 67 73 79 97 103 109 127 151 157 163 181 199 211 223 229 241,19 31 43 139 193
1402,208,6,197,7,226344,3,3.612951537166e-07,25,7,18,0.72000000,38.2373,7,7 13 31 43 67 73 79 97 109 127 151 157 163 181 193 223 229 241,19 37 61 103 139 199 211
1403,177,5,82,7,29280,3,3.621413673733e-07,25,9,16,0.64000000,38.2373,7,7 19 31 43 73 79 97 103 127 139 151 157 163 181 223 241,13 37 61 67 109 193 199 211 229
1404,113,6,133,7,90378,3,3.622020608373e-07,25,6,19,0.76000000,38.2373,13,13 31 43 61 67 73 97 103 109 127 139 151 157 163 181 193 211 229 241,7 19 37 79 199 223
1405,235,6,199,7,232247,3,3.626264939625e-07,25,11,14,0.56000000,38.2373,7,7 19 31 37 43 67 109 127 163 181 193 211 229 241,13 61 73 79 97 103 139 151 157 199 223
1406,149,6,134,7,92315,3,3.626323762156e-07,25,10,15,0.60000000,38.2373,7,7 13 31 37 61 79 97 103 151 157 163 193 199 229 241,19 43 67 73 109 127 139 181 211 223
1407,75,6,188,5,7446,3,3.627249537734e-07,25,8,17,0.68000000,38.2373,13,13 31 37 43 61 67 73 97 103 109 127 151 181 199 223 229 241,7 19 79 139 157 163 193 211
1408,142,7,227,7,318215,3,3.631788484717e-07,25,8,17,0.68000000,37.6973,7,7 13 19 37 43 61 79 97 103 127 139 151 163 193 199 223 241,31 67 73 109 157 181 211 229
1409,157,6,152,7,123629,3,3.632421345645e-07,25,10,15,0.60000000,38.2373,13,13 37 43 61 67 103 109 139 151 157 181 193 199 211 223,7 19 31 73 79 97 127 163 229 241
1410,148,5,231,5,8999,3,3.634681933576e-07,25,12,13,0.52000000,37.5296,13,13 19 37 61 79 97 127 139 151 163 181 193 211,7 31 43 67 73 103 109 157 199 223 229 241
1411,191,6,123,7,77996,3,3.635430641762e-07,25,12,13,0.52000000,38.2373,7,7 19 43 73 79 103 109 157 193 199 223 229 241,13 31 37 61 67 97 127 139 151 163 181 211
1412,142,6,231,6,54304,3,3.636269757644e-07,25,9,16,0.64000000,38.6325,13,13 31 37 61 67 79 97 103 109 127 139 157 181 193 211 229,7 19 43 73 151 163 199 223 241
1413,242,6,149,7,122345,3,3.640589690985e-07,25,5,20,0.80000000,38.2373,7,7 13 19 31 37 43 61 67 73 97 103 109 127 139 157 163 193 199 229 241,79 151 181 211 223
1414,146,7,197,7,234705,3,3.646521087421e-07,25,11,14,0.56000000,37.6973,19,19 31 43 61 67 109 139 157 181 193 199 223 229 241,7 13 37 73 79 97 103 127 151 163 211
1415,148,6,171,7,162435,3,3.656951893314e-07,25,9,16,0.64000000,38.2373,7,7 13 31 43 61 67 79 97 103 157 163 181 199 211 223 241,19 37 73 109 127 139 151 193 229
1416,132,6,161,7,141102,3,3.659072538507e-07,25,8,17,0.68000000,38.2373,13,13 19 31 37 43 61 79 97 103 109 127 139 163 193 199 211 229,7 67 73 151 157 181 223 241
1417,123,7,242,7,366015,3,3.665099428331e-07,25,11,14,0.56000000,37.6973,31,31 43 61 79 97 103 127 139 157 163 181 193 211 223,7 13 19 37 67 73 109 151 199 229 241
1418,98,7,219,7,289438,3,3.667261556691e-07,25,13,12,0.48000000,37.6973,7,7 19 31 43 73 97 157 181 193 211 229 241,13 37 61 67 79 103 109 127 139 151 163 199 223
1419,181,7,245,7,390069,3,3.669248328645e-07,25,11,14,0.56000000,37.6973,31,31 37 61 97 103 109 127 139 151 157 199 211 223 241,7 13 19 43 67 73 79 163 181 193 229
1420,100,7,233,7,334363,3,3.670108284798e-07,25,12,13,0.52000000,37.6973,7,7 19 31 61 103 127 139 157 163 181 199 229 241,13 37 43 67 73 79 97 109 151 193 211 223
1421,187,6,173,7,167277,3,3.672879469470e-07,25,6,19,0.76000000,38.2373,13,13 19 31 37 43 61 67 73 79 109 127 139 151 157 163 181 193 229 241,7 97 103 199 211 223
1422,114,5,89,6,8022,3,3.677836053912e-07,25,9,16,0.64000000,38.2373,7,7 13 31 43 67 79 97 103 109 139 193 199 211 223 229 241,19 37 61 73 127 151 157 163 181
1423,212,6,237,7,347850,3,3.680064775991e-07,25,10,15,0.60000000,38.2373,13,13 31 43 61 67 97 109 127 139 157 163 181 193 211 229,7 19 37 73 79 103 151 199 223 241
1424,85,6,213,6,45430,3,3.680900458951e-07,25,8,17,0.68000000,38.6325,7,7 13 19 31 61 67 79 97 109 139 157 163 199 211 223 229 241,37 43 73 103 127 151 181 193
1425,141,7,227,7,318030,3,3.681856618168e-07,25,8,17,0.68000000,37.6973,7,7 13 37 43 61 67 79 103 109 139 151 157 163 193 199 229 241,19 31 73 97 127 181 211 223
1426,241,6,202,7,240550,3,3.688946768142e-07,25,13,12,0.48000000,38.2373,19,19 31 73 109 127 139 163 193 199 211 223 241,7 13 37 43 61 67 79 97 103 151 157 181 229
1427,209,6,188,7,203149,3,3.689303693916e-07,25,9,16,0.64000000,38.2373,19,19 31 37 61 67 73 79 103 109 127 139 151 181 193 199 241,7 13 43 97 157 163 211 223 229
1428,151,6,163,7,145322,3,3.692178751347e-07,25,14,11,0.44000000,38.2373,7,7 31 37 43 61 67 73 109 151 193 241,13 19 79 97 103 127 139 157 163 181 199 211 223 229
1429,196,6,187,7,200441,3,3.692180757779e-07,25,12,13,0.52000000,38.2373,7,7 13 19 31 37 73 79 103 109 157 181 199 241,43 61 67 97 127 139 151 163 193 211 223 229
1430,239,6,202,7,240495,3,3.695213018589e-07,25,9,16,0.64000000,38.2373,19,19 37 43 61 67 73 79 109 139 157 163 181 193 199 211 241,7 13 31 97 103 127 151 223 229
1431,170,7,217,7,299113,3,3.699914125033e-07,25,8,17,0.68000000,37.6973,7,7 13 37 61 67 73 79 103 127 139 151 157 163 181 199 223 229,19 31 43 97 109 193 211 241
1432,92,7,173,7,167432,3,3.700002674647e-07,25,10,15,0.60000000,37.6973,37,37 43 61 67 73 79 127 139 151 163 181 193 223 229 241,7 13 19 31 97 103 109 157 199 211
1433,195,6,124,7,79673,3,3.700148169713e-07,25,10,15,0.60000000,38.2373,13,13 19 37 43 61 73 97 127 139 157 163 193 199 223 241,7 31 67 79 103 109 151 181 211 229
1434,155,7,173,7,189336,3,3.704090043268e-07,25,8,17,0.68000000,37.6973,13,13 19 31 37 61 67 73 103 127 139 151 157 163 181 193 223 241,7 43 79 97 109 199 211 229
1435,216,6,185,7,1497,5,3.704948617748e-07,13,2,11,0.84615385,28.9853,11,11 41 61 71 101 131 151 181 191 211 251,31 241
1436,32,7,81,7,28402,3,3.706720673093e-07,25,9,16,0.64000000,37.6973,13,13 37 43 61 67 73 79 97 103 109 127 151 181 199 223 241,7 19 31 139 157 163 193 211 229
1437,128,5,81,7,28402,3,3.706720673093e-07,25,9,16,0.64000000,38.2373,13,13 37 43 61 67 73 79 97 103 109 127 151 181 199 223 241,7 19 31 139 157 163 193 211 229
1438,101,6,131,6,18287,3,3.713588305406e-07,25,13,12,0.48000000,38.6325,7,7 13 31 37 97 109 151 163 181 193 223 229,19 43 61 67 73 79 103 127 139 157 199 211 241
1439,199,7,242,7,393578,3,3.717821872907e-07,25,13,12,0.48000000,37.6973,13,13 67 97 103 109 127 139 163 193 199 211 229,7 19 31 37 43 61 73 79 151 157 181 223 241
1440,155,6,137,7,97248,3,3.723337384112e-07,25,10,15,0.60000000,38.2373,7,7 13 19 31 37 43 61 97 103 139 157 199 211 223 229,67 73 79 109 127 151 163 181 193 241
1441,153,7,211,7,274052,3,3.723474661214e-07,25,9,16,0.64000000,37.6973,19,19 31 37 43 61 67 79 103 109 127 139 163 181 223 229 241,7 13 73 97 151 157 193 199 211
1442,75,7,92,7,41042,3,3.724621586826e-07,25,8,17,0.68000000,37.6973,13,13 19 31 43 61 67 79 109 127 139 151 181 193 199 211 223 229,7 37 73 97 103 157 163 241
1443,187,6,203,6,48309,3,3.725341482604e-07,25,11,14,0.56000000,38.6325,13,13 31 61 67 79 103 139 151 163 181 193 199 223 229,7 19 37 43 73 97 109 127 157 211 241
1444,125,7,234,7,338810,3,3.726387323196e-07,25,9,16,0.64000000,37.6973,7,7 31 37 43 61 67 73 97 103 127 139 151 163 199 229 241,13 19 79 109 157 181 193 211 223
1445,126,5,137,6,18799,3,3.738306960946e-07,25,8,17,0.68000000,38.2373,13,13 31 37 43 61 67 73 79 97 103 139 157 163 199 223 229 241,7 19 109 127 151 181 193 211
1446,134,7,189,7,210973,3,3.745448263457e-07,25,7,18,0.72000000,37.6973,13,13 31 37 43 61 67 73 103 109 151 157 181 193 199 211 223 229 241,7 19 79 97 127 139 163
1447,159,6,247,6,62423,3,3.757376470472e-07,25,11,14,0.56000000,38.6325,7,7 31 43 67 79 109 139 151 157 199 211 223 229 241,13 19 37 61 73 97 103 127 163 181 193
1448,130,6,163,7,145211,3,3.758429304580e-07,25,8,17,0.68000000,38.2373,7,7 13 31 37 61 67 97 103 109 127 139 151 157 181 199 211 223,19 43 73 79 163 193 229 241
1449,230,6,169,7,159862,3,3.760227451615e-07,25,10,15,0.60000000,38.2373,7,7 37 43 61 73 127 139 151 157 163 181 193 211 229 241,13 19 31 67 79 97 103 109 199 223
1450,79,5,110,6,12107,3,3.760520341341e-07,25,7,18,0.72000000,38.2373,7,7 31 37 43 61 97 103 109 127 139 151 163 193 199 211 223 229 241,13 19 67 73 79 157 181
1451,155,6,189,6,39028,3,3.764039950930e-07,25,9,16,0.64000000,38.6325,37,37 61 67 73 79 97 127 139 157 163 181 199 211 223 229 241,7 13 19 31 43 103 109 151 193
1452,181,6,189,7,205274,3,3.764430659926e-07,25,9,16,0.64000000,38.2373,13,13 19 31 37 43 61 73 97 103 109 127 139 151 193 229 241,7 67 79 157 163 181 199 211 223
1453,218,5,161,6,26163,3,3.764784892469e-07,25,9,16,0.64000000,38.2373,13,13 61 67 73 79 97 103 127 139 157 163 181 193 211 223 241,7 19 31 37 43 109 151 199 229
1454,58,6,119,6,14224,3,3.765332775904e-07,25,5,20,0.80000000,38.6325,13,13 31 37 43 61 67 73 79 97 127 139 151 157 163 181 193 199 211 229 241,7 19 103 109 223
1455,203,6,188,7,203041,3,3.770672041944e-07,25,6,19,0.76000000,38.2373,13,13 19 31 37 61 73 79 97 103 127 139 151 163 193 199 211 223 229 241,7 43 67 109 157 181
1456,62,7,137,7,96882,3,3.775254163347e-07,25,10,15,0.60000000,37.6973,7,7 13 19 31 37 43 79 97 103 109 139 157 163 193 229,61 67 73 127 151 181 199 211 223 241
1457,67,6,213,5,8087,3,3.782306225639e-07,25,9,16,0.64000000,38.2373,13,13 19 61 67 73 79 109 127 139 151 163 193 199 211 229 241,7 31 37 43 97 103 157 181 223
1458,199,6,130,7,88348,3,3.784844360517e-07,25,10,15,0.60000000,38.2373,7,7 19 31 43 67 97 103 109 127 157 163 181 199 223 241,13 37 61 73 79 139 151 193 211 229
1459,88,7,219,7,289255,3,3.785979620454e-07,25,10,15,0.60000000,37.6973,37,37 67 73 79 103 139 151 157 181 193 199 211 223 229 241,7 13 19 31 43 61 97 109 127 163
1460,162,7,169,7,190061,3,3.788830536808e-07,25,9,16,0.64000000,37.6973,7,7 13 61 73 79 97 109 127 139 151 181 193 199 223 229 241,19 31 37 43 67 103 157 163 211
1461,177,6,194,7,218089,3,3.791778472379e-07,25,8,17,0.68000000,38.2373,13,13 19 31 37 43 67 103 127 139 151 163 181 193 199 211 229 241,7 61 73 79 97 109 157 223
1462,146,6,143,7,107216,3,3.792328913761e-07,25,11,14,0.56000000,38.2373,7,7 37 43 67 79 103 109 139 157 163 181 211 223 229,13 19 31 61 73 97 127 151 193 199 241
1463,134,7,185,7,201590,3,3.792353857509e-07,25,7,18,0.72000000,37.6973,7,7 13 19 31 43 61 67 79 97 103 139 151 157 163 181 199 223 229,37 73 109 127 193 211 241
1464,89,5,177,5,5639,3,3.793024499775e-07,25,11,14,0.56000000,37.5296,13,13 31 43 61 67 73 103 109 151 157 181 193 199 223,7 19 37 79 97 127 139 163 211 229 241
1465,17,7,129,5,3306,3,3.793168888050e-07,25,7,18,0.72000000,38.2373,13,13 31 37 43 67 73 79 97 109 139 151 157 163 193 211 223 229 241,7 19 61 103 127 181 199
1466,147,6,118,7,69009,3,3.793194867039e-07,25,9,16,0.64000000,38.2373,13,13 19 37 43 61 67 97 109 127 151 157 199 211 223 229 241,7 31 73 79 103 139 163 181 193
1467,77,6,193,6,37299,3,3.794002916506e-07,25,8,17,0.68000000,38.6325,31,31 37 61 67 73 79 97 103 109 139 163 181 199 211 223 229 241,7 13 19 43 127 151 157 193
1468,208,6,163,7,146405,3,3.795221039829e-07,25,6,19,0.76000000,38.2373,7,7 13 31 37 61 67 79 97 103 109 127 139 151 157 181 199 211 229 241,19 43 73 163 193 223
1469,68,7,133,7,90567,3,3.795366883615e-07,25,12,13,0.52000000,37.6973,7,7 13 43 61 73 79 103 109 151 163 211 223 241,19 31 37 67 97 127 139 157 181 193 199 229
1470,116,7,247,7,383431,3,3.798451689783e-07,25,6,19,0.76000000,37.6973,19,19 31 37 43 61 67 73 79 97 127 151 157 163 181 193 199 211 223 229,7 13 103 109 139 241
1471,136,6,155,6,27232,3,3.799200600480e-07,25,7,18,0.72000000,38.6325,7,7 19 43 61 67 73 79 97 103 127 139 157 163 193 199 223 229 241,13 31 37 109 151 181 211
1472,173,6,170,7,160444,3,3.802542297420e-07,25,5,20,0.80000000,38.2373,7,7 13 19 37 61 67 73 79 97 103 109 151 157 163 181 193 211 223 229 241,31 43 127 139 199
1473,228,6,229,7,321290,3,3.802982369618e-07,25,10,15,0.60000000,38.2373,13,13 31 37 43 61 73 103 127 157 163 181 193 199 223 241,7 19 67 79 97 109 139 151 211 229
1474,163,6,180,7,183124,3,3.807629290155e-07,25,10,15,0.60000000,38.2373,19,19 37 43 61 67 73 97 109 127 157 199 211 223 229 241,7 13 31 79 103 139 151 163 181 193
1475,145,7,159,7,157631,3,3.810837419790e-07,25,13,12,0.48000000,37.6973,7,7 37 61 67 97 109 127 139 151 163 181 199,13 19 31 43 73 79 103 157 193 211 223 229 241
1476,159,5,77,7,25277,3,3.812522265021e-07,25,9,16,0.64000000,38.2373,7,7 31 43 61 73 79 109 127 139 151 157 181 193 211 223 241,13 19 37 67 97 103 163 199 229
1477,167,6,207,7,253585,3,3.813709845315e-07,25,7,18,0.72000000,38.2373,7,7 13 19 31 37 43 67 73 79 97 103 127 157 163 181 193 199 229,61 109 139 151 211 223 241
1478,206,7,245,7,409618,3,3.813989157596e-07,25,9,16,0.64000000,37.6973,7,7 13 19 37 43 73 79 139 157 163 181 199 211 223 229 241,31 61 67 97 103 109 127 151 193
1479,195,6,212,7,268244,3,3.814798279263e-07,25,3,22,0.88000000,38.2373,7,7 13 19 31 37 43 61 67 73 79 97 103 109 127 139 151 163 199 211 223,157 181 193
1480,81,4,25,7,280,4,3.816769054561e-07,53,21,32,0.60377358,73.5585,13,13 29 31 37 41 67 71 73 83 89 97 101 107 113 127 137 139 149 163 167,3 5 7 11 17 19 23 43 47 53 59 61 79 103 109 131 151 157 199 211
1481,207,7,239,7,393281,3,3.817049823108e-07,25,11,14,0.56000000,37.6973,7,7 13 19 37 43 67 103 151 157 163 193 199 211 229,31 61 73 79 97 109 127 139 181 223 241
1482,48,6,235,5,924,4,3.829746005877e-07,53,17,36,0.67924528,73.5585,5,5 7 13 17 19 23 29 37 41 43 67 71 73 83 89 97 101 103 109 113,3 11 31 47 53 59 61 79 107 131 173 181 197 223 227 241 251
1483,90,7,241,7,361565,3,3.832893872576e-07,25,8,17,0.68000000,37.6973,7,7 19 31 67 73 79 103 109 127 139 157 163 181 199 211 229 241,13 37 43 61 97 151 193 223
1484,163,6,208,7,256434,3,3.835306392791e-07,25,7,18,0.72000000,38.2373,37,37 43 61 67 73 79 97 127 139 151 157 163 181 193 211 223 229 241,7 13 19 31 103 109 199
1485,226,6,209,7,259883,3,3.836361921075e-07,25,9,16,0.64000000,38.2373,31,31 61 67 79 103 109 127 151 157 163 181 193 199 211 223 241,7 13 19 37 43 73 97 139 229
1486,197,6,208,7,256635,3,3.839508443588e-07,25,11,14,0.56000000,38.2373,31,31 37 43 61 67 73 79 97 109 127 139 181 199 241,7 13 19 103 151 157 163 193 211 223 229
1487,206,7,249,7,421883,3,3.842498368626e-07,25,7,18,0.72000000,37.6973,31,31 37 43 61 67 79 97 103 127 139 151 157 181 193 211 223 229 241,7 13 19 73 109 163 199
1488,113,6,249,6,62181,3,3.845866976830e-07,25,8,17,0.68000000,38.6325,7,7 31 37 61 67 79 97 103 109 127 139 151 157 181 199 223 241,13 19 43 73 163 193 211 229
1489,196,7,197,7,282841,3,3.846771813063e-07,25,9,16,0.64000000,37.6973,19,19 37 67 73 97 109 127 139 151 157 163 199 211 223 229 241,7 13 31 43 61 79 103 181 193
1490,173,7,248,7,396503,3,3.851925774261e-07,25,9,16,0.64000000,37.6973,19,19 31 37 43 61 79 97 103 139 151 157 163 181 193 199 223,7 13 67 73 109 127 211 229 241
1491,98,5,61,6,3927,3,3.855047888733e-07,25,10,15,0.60000000,38.2373,31,31 37 73 79 97 109 127 151 163 181 193 199 211 223 229,7 13 19 43 61 67 103 139 157 241
1492,76,7,167,7,153788,3,3.856166818951e-07,25,7,18,0.72000000,37.6973,7,7 13 19 31 37 61 67 73 103 109 127 139 163 181 193 199 211 229,43 79 97 151 157 223 241
1493,185,6,212,7,268175,3,3.856378592957e-07,25,10,15,0.60000000,38.2373,7,7 19 61 67 73 79 97 103 109 157 181 199 211 229 241,13 31 37 43 127 139 151 163 193 223
1494,206,6,173,7,167677,3,3.857783314405e-07,25,6,19,0.76000000,38.2373,13,13 19 31 43 61 67 79 97 103 109 127 139 151 163 181 193 199 223 229,7 37 73 157 211 241
1495,211,6,244,7,372241,3,3.858044243935e-07,25,11,14,0.56000000,38.2373,13,13 19 37 43 97 103 109 157 163 193 211 223 229 241,7 31 61 67 73 79 127 139 151 181 199
1496,229,4,171,5,5301,3,3.864695424170e-07,25,15,10,0.40000000,38.2373,13,13 37 61 79 127 139 163 193 229 241,7 19 31 43 67 73 97 103 109 151 157 181 199 211 223
1497,195,5,172,6,29691,3,3.864785685115e-07,25,13,12,0.48000000,38.2373,19,19 43 61 73 103 127 157 163 181 193 211 223,7 13 31 37 67 79 97 109 139 151 199 229 241
1498,86,7,149,7,118529,3,3.866588383701e-07,25,7,18,0.72000000,37.6973,7,7 19 31 43 61 67 73 79 97 103 127 151 157 181 193 199 211 229,13 37 109 139 163 223 241
1499,129,7,131,7,107909,3,3.866986465435e-07,25,13,12,0.48000000,37.6973,37,37 61 67 79 97 103 139 157 181 199 223 229,7 13 19 31 43 73 109 127 151 163 193 211 241
1500,77,7,138,7,98962,3,3.871459009253e-07,25,7,18,0.72000000,37.6973,7,7 13 19 31 61 67 97 103 109 127 139 157 163 193 199 223 229 241,37 43 73 79 151 181 211
1501,135,7,176,7,182198,3,3.871568150915e-07,25,9,16,0.64000000,37.6973,7,7 31 43 61 73 79 97 103 109 139 151 163 181 193 211 241,13 19 37 67 127 157 199 223 229
1502,198,6,227,6,58194,3,3.871857181512e-07,25,6,19,0.76000000,38.6325,7,7 19 37 43 61 67 73 79 109 127 139 151 157 181 193 211 223 229 241,13 31 97 103 163 199
1503,111,4,19,7,1015,3,3.873083824651e-07,25,4,21,0.84000000,38.2373,13,13 19 31 37 43 61 67 73 79 97 103 127 139 151 157 163 193 199 211 223,7 109 181 229
1504,163,5,154,6,23784,3,3.873588387830e-07,25,9,16,0.64000000,38.2373,7,7 13 19 43 61 67 79 97 103 109 127 151 181 211 223 241,31 37 73 139 157 163 193 199 229
1505,205,5,92,7,38292,3,3.875328250020e-07,25,12,13,0.52000000,38.2373,7,7 43 67 79 97 103 109 139 151 163 211 223 229,13 19 31 37 61 73 127 157 181 193 199 241
1506,197,6,237,6,61768,3,3.878125072959e-07,25,10,15,0.60000000,38.6325,7,7 61 67 73 97 109 127 139 163 181 193 211 223 229 241,13 19 31 37 43 79 103 151 157 199
1507,244,6,243,7,368998,3,3.878391786414e-07,25,6,19,0.76000000,38.2373,13,13 37 43 67 73 97 103 109 127 151 157 163 181 193 199 211 223 229 241,7 19 31 61 79 139
1508,163,5,88,6,8337,3,3.881595319417e-07,25,13,12,0.48000000,38.2373,7,7 67 73 97 103 127 139 157 181 193 199 241,13 19 31 37 43 61 79 109 151 163 211 223 229
1509,171,6,215,7,277030,3,3.882795013416e-07,25,11,14,0.56000000,38.2373,19,19 31 37 61 67 73 79 127 139 157 163 199 211 223,7 13 43 97 103 109 151 181 193 229 241
1510,183,7,227,7,335996,3,3.883075976856e-07,25,11,14,0.56000000,37.6973,7,7 31 43 61 73 97 109 151 157 163 181 223 229 241,13 19 37 67 79 103 127 139 193 199 211
1511,219,6,130,7,90361,3,3.893275507141e-07,25,11,14,0.56000000,38.2373,7,7 19 37 43 73 79 97 103 109 139 163 199 229 241,13 31 61 67 127 151 157 181 193 211 223
1512,154,7,157,7,8147,4,3.895147778185e-07,53,24,29,0.54716981,72.1671,3,3 5 7 17 23 31 41 67 73 79 89 97 101 107 109 113 127 137 139 149,11 13 19 29 37 43 47 53 59 61 71 83 103 131 151 157 163 173 179 191
1513,112,7,127,7,91015,3,3.905831874306e-07,25,9,16,0.64000000,37.6973,13,13 19 31 37 61 67 73 79 97 103 127 139 181 199 223 241,7 43 109 151 157 163 193 211 229
1514,209,6,218,6,3716,4,3.910117874251e-07,53,29,24,0.45283019,72.9271,3,3 13 41 43 53 61 73 79 83 89 97 101 103 113 131 149 151 157 173 181,5 7 11 17 19 23 29 31 37 47 59 67 71 107 109 127 137 139 163 167
1515,160,7,237,7,354853,3,3.910335749150e-07,25,7,18,0.72000000,37.6973,7,7 13 37 43 61 67 73 79 97 109 139 151 157 163 193 223 229 241,19 31 103 127 181 199 211
1516,176,6,191,7,210317,3,3.912396688600e-07,25,7,18,0.72000000,38.2373,7,7 31 37 43 61 67 73 97 103 139 151 157 163 181 199 211 229 241,13 19 79 109 127 193 223
1517,127,7,206,7,253421,3,3.913957962997e-07,25,10,15,0.60000000,37.6973,7,7 61 73 97 109 127 139 151 157 181 193 199 211 229 241,13 19 31 37 43 67 79 103 163 223
1518,201,6,235,7,340983,3,3.914117865289e-07,25,8,17,0.68000000,38.2373,7,7 31 37 43 61 67 79 97 109 139 151 163 181 199 211 229 241,13 19 73 103 127 157 193 223
1519,211,7,230,7,374843,3,3.914839490618e-07,25,8,17,0.68000000,37.6973,19,19 37 67 73 79 97 103 109 139 151 157 181 193 199 211 229 241,7 13 31 43 61 127 163 223
1520,229,6,226,7,311610,3,3.919594083535e-07,25,6,19,0.76000000,38.2373,7,7 13 19 31 37 61 67 97 103 109 127 151 157 163 193 199 211 223 229,43 73 79 139 181 241
1521,132,7,205,7,251529,3,3.920345851912e-07,25,9,16,0.64000000,37.6973,31,31 43 61 73 79 97 109 127 139 151 157 163 193 199 211 223,7 13 19 37 67 103 181 229 241
1522,218,6,185,7,195951,3,3.922918596808e-07,25,11,14,0.56000000,38.2373,7,7 13 19 43 73 79 127 139 151 157 163 199 223 241,31 37 61 67 97 103 109 181 193 211 229
1523,114,7,229,7,321644,3,3.923878864424e-07,25,11,14,0.56000000,37.6973,13,13 61 67 73 79 97 103 109 151 157 193 199 211 223,7 19 31 37 43 127 139 163 181 229 241
1524,151,6,195,7,220584,3,3.924568993030e-07,25,15,10,0.40000000,38.2373,19,19 31 79 97 157 181 199 223 229 241,7 13 37 43 61 67 73 103 109 127 139 151 163 193 211
1525,163,7,209,7,273579,3,3.927346124759e-07,25,7,18,0.72000000,37.6973,13,13 37 61 97 103 109 127 139 151 157 163 181 193 199 211 223 229 241,7 19 31 43 67 73 79
1526,141,6,104,7,51857,3,3.928158620693e-07,25,12,13,0.52000000,38.2373,19,19 31 43 67 73 79 109 157 181 193 199 211 223,7 13 37 61 97 103 127 139 151 163 229 241
1527,124,6,87,7,34583,3,3.933232208115e-07,25,9,16,0.64000000,38.2373,7,7 19 31 43 73 79 103 127 139 157 163 181 193 199 223 229,13 37 61 67 97 109 151 211 241
1528,175,6,226,6,54510,3,3.933289278386e-07,25,7,18,0.72000000,38.6325,13,13 31 61 67 79 97 103 109 127 139 151 157 163 181 193 211 223 241,7 19 37 43 73 199 229
1529,247,6,181,7,187496,3,3.944510124898e-07,25,6,19,0.76000000,38.2373,19,19 37 43 67 73 97 103 109 127 139 151 157 163 193 199 211 223 229 241,7 13 31 61 79 181
1530,191,6,224,7,304902,3,3.949739283088e-07,25,11,14,0.56000000,38.2373,13,13 19 37 61 73 97 103 109 139 163 193 199 223 229,7 31 43 67 79 127 151 157 181 211 241
1531,171,6,146,7,112900,3,3.950545740388e-07,25,8,17,0.68000000,38.2373,13,13 19 31 37 43 61 97 103 127 139 151 157 163 193 211 223 241,7 67 73 79 109 181 199 229
1532,135,7,187,7,206562,3,3.951239313600e-07,25,7,18,0.72000000,37.6973,13,13 31 37 61 73 79 97 103 109 127 139 151 157 181 193 211 223 229,7 19 43 67 163 199 241
1533,91,7,226,7,311292,3,3.951772483412e-07,25,5,20,0.80000000,37.6973,7,7 31 43 61 67 73 79 97 103 109 127 139 151 157 181 193 199 211 223 241,13 19 37 163 229
1534,119,7,201,7,238654,3,3.953831987867e-07,25,12,13,0.52000000,37.6973,7,7 31 37 61 79 97 103 109 127 181 193 199 241,13 19 43 67 73 139 151 157 163 211 223 229
1535,91,5,36,7,4390,3,3.954044109630e-07,25,11,14,0.56000000,38.2373,13,13 37 73 79 109 127 139 157 181 193 199 211 223 241,7 19 31 43 61 67 97 103 151 163 229
1536,97,7,228,7,317843,3,3.956943296906e-07,25,11,14,0.56000000,37.6973,7,7 19 43 73 79 103 109 127 157 181 199 211 223 229,13 31 37 61 67 97 139 151 163 193 241
1537,101,7,225,7,308288,3,3.958867816961e-07,25,13,12,0.48000000,37.6973,7,7 61 67 79 97 103 109 139 151 157 199 229,13 19 31 37 43 73 127 163 181 193 211 223 241
1538,139,7,205,7,253122,3,3.960243734242e-07,25,11,14,0.56000000,37.6973,13,13 19 61 67 79 97 109 127 139 151 181 223 229 241,7 31 37 43 73 103 157 163 193 199 211
1539,227,7,250,7,451589,3,3.962759636774e-07,25,14,11,0.44000000,37.6973,13,13 31 37 43 73 79 109 127 139 199 211,7 19 61 67 97 103 151 157 163 181 193 223 229 241
1540,95,7,234,7,337624,3,3.963754238897e-07,25,3,22,0.88000000,37.6973,13,13 19 37 43 61 67 73 97 103 109 127 139 151 157 163 181 193 199 211 223,7 31 79
1541,106,7,127,7,88076,3,3.969888641493e-07,25,13,12,0.48000000,37.6973,7,7 19 43 61 109 127 139 157 181 193 223 229,13 31 37 67 73 79 97 103 151 163 199 211 241
1542,115,7,228,7,318453,3,3.982598741300e-07,25,9,16,0.64000000,37.6973,31,31 37 67 73 97 103 109 139 151 157 163 181 193 199 211 229,7 13 19 43 61 79 127 223 241
1543,195,6,227,7,314521,3,3.983910045778e-07,25,10,15,0.60000000,38.2373,7,7 13 19 31 37 61 67 79 109 151 157 193 199 211 229,43 73 97 103 127 139 163 181 223 241
1544,121,7,208,7,258251,3,3.984504981016e-07,25,8,17,0.68000000,37.6973,13,13 19 37 43 67 79 103 109 127 139 151 157 181 199 211 223 229,7 31 61 73 97 163 193 241
1545,240,5,221,6,3291,4,3.986539176892e-07,53,20,33,0.62264151,73.5585,7,7 11 13 17 23 31 41 53 59 61 67 73 79 97 101 103 107 113 131 137,3 5 19 29 37 43 47 71 83 89 109 127 139 167 179 199 211 229 239 251
1546,79,7,89,7,39882,3,3.997031983152e-07,25,11,14,0.56000000,37.6973,13,13 37 43 61 67 97 103 109 139 151 157 199 211 241,7 19 31 73 79 127 163 181 193 223 229
1547,91,7,235,7,340942,3,3.997046320772e-07,25,8,17,0.68000000,37.6973,7,7 31 43 61 67 73 79 97 109 127 139 157 181 199 211 223 229,13 19 37 103 151 163 193 241
1548,154,7,237,7,353177,3,4.002224196246e-07,25,11,14,0.56000000,37.6973,31,31 61 67 79 103 109 127 151 163 199 211 223 229 241,7 13 19 37 43 73 97 139 157 181 193
1549,103,5,173,5,5502,3,4.012330561426e-07,25,9,16,0.64000000,37.5296,13,13 19 31 37 73 79 97 103 109 127 139 157 163 181 193 223,7 43 61 67 151 199 211 229 241
1550,71,7,201,6,42179,3,4.016794215985e-07,25,6,19,0.76000000,38.2373,7,7 13 19 31 43 67 79 97 103 139 151 157 163 181 199 211 223 229 241,37 61 73 109 127 193
1551,163,6,202,7,239525,3,4.026842129125e-07,25,9,16,0.64000000,38.2373,19,19 37 67 73 79 97 103 109 127 139 151 157 163 181 193 211,7 13 31 43 61 199 223 229 241
1552,145,6,144,7,108949,3,4.032943684819e-07,25,6,19,0.76000000,38.2373,7,7 31 37 43 61 67 73 79 97 103 109 139 157 163 181 193 199 211 229,13 19 127 151 223 241
1553,125,6,163,7,145195,3,4.034082045663e-07,25,8,17,0.68000000,38.2373,7,7 31 37 43 67 73 97 103 109 127 139 151 157 181 199 211 241,13 19 61 79 163 193 223 229
1554,144,6,131,7,87546,3,4.034377704890e-07,25,8,17,0.68000000,38.2373,13,13 19 43 61 67 73 79 97 103 109 139 181 193 199 223 229 241,7 31 37 127 151 157 163 211
1555,127,6,108,7,55996,3,4.037814835747e-07,25,13,12,0.48000000,38.2373,7,7 19 43 61 97 103 109 151 157 163 211 229,13 31 37 67 73 79 127 139 181 193 199 223 241
1556,145,5,121,6,14740,3,4.038520331984e-07,25,5,20,0.80000000,38.2373,7,7 13 19 31 37 43 61 79 103 109 127 139 151 157 163 181 199 223 229 241,67 73 97 193 211
1557,153,6,236,6,3691,4,4.038642518045e-07,53,25,28,0.52830189,72.9271,11,11 19 41 61 73 79 83 101 103 107 109 113 131 137 149 157 167 173 181 193,3 5 7 13 17 23 29 31 37 43 47 53 59 67 71 89 97 127 139 151
1558,157,5,151,6,22862,3,4.039540237040e-07,25,10,15,0.60000000,38.2373,19,19 31 43 73 97 109 139 151 163 181 193 199 211 229 241,7 13 37 61 67 79 103 127 157 223
1559,106,7,229,7,321322,3,4.043156160424e-07,25,12,13,0.52000000,37.6973,13,13 37 43 73 97 109 139 163 181 199 211 223 241,7 19 31 61 67 79 103 127 151 157 193 229
1560,173,4,245,5,9596,3,4.045016367387e-07,25,7,18,0.72000000,38.2373,7,7 13 19 37 43 67 79 103 109 139 151 181 193 199 211 223 229 241,31 61 73 97 127 157 163
1561,115,7,168,7,159309,3,4.048710655346e-07,25,10,15,0.60000000,37.6973,7,7 31 37 43 61 79 97 103 109 139 151 163 181 211 223,13 19 67 73 127 157 193 199 229 241
1562,94,7,217,7,283239,3,4.048757448446e-07,25,14,11,0.44000000,37.6973,7,7 37 61 79 103 127 157 181 199 211 223,13 19 31 43 67 73 97 109 139 151 163 193 229 241
1563,192,6,203,7,242475,3,4.049325680905e-07,25,7,18,0.72000000,38.2373,13,13 19 31 37 43 61 97 103 109 139 151 157 163 181 193 211 223 229,7 67 73 79 127 199 241
1564,215,6,193,7,215970,3,4.050701024656e-07,25,10,15,0.60000000,38.2373,7,7 19 37 61 73 79 103 127 139 151 157 181 199 211 223,13 31 43 67 97 109 163 193 229 241
1565,183,6,173,7,167215,3,4.051573330482e-07,25,6,19,0.76000000,38.2373,19,19 31 37 43 61 67 73 79 97 103 109 127 139 151 157 163 211 229 241,7 13 181 193 199 223
1566,64,7,117,7,67278,3,4.053917953878e-07,25,10,15,0.60000000,37.6973,19,19 31 37 43 61 67 79 109 139 151 163 193 223 229 241,7 13 73 97 103 127 157 181 199 211
1567,128,6,117,7,67278,3,4.053917953878e-07,25,10,15,0.60000000,38.2373,19,19 31 37 43 61 67 79 109 139 151 163 193 223 229 241,7 13 73 97 103 127 157 181 199 211
1568,110,5,229,5,8644,3,4.053997013865e-07,25,9,16,0.64000000,37.5296,13,13 19 31 43 67 73 79 97 103 109 127 157 163 193 211 229,7 37 61 139 151 181 199 223 241
1569,120,3,119,4,587,3,4.054147530617e-07,25,5,20,0.80000000,38.2373,13,13 19 31 37 43 61 73 97 109 127 139 151 157 163 181 193 199 223 229 241,7 67 79 103 211
1570,247,6,184,7,194584,3,4.055798476697e-07,25,8,17,0.68000000,38.2373,7,7 13 19 31 37 61 67 79 97 127 139 151 163 193 199 223 229,43 73 103 109 157 181 211 241
1571,169,6,218,6,50740,3,4.057770971936e-07,25,11,14,0.56000000,38.6325,7,7 31 61 79 103 151 163 181 193 199 211 223 229 241,13 19 37 43 67 73 97 109 127 139 157
1572,137,7,215,7,280804,3,4.060181447446e-07,25,10,15,0.60000000,37.6973,7,7 19 31 61 67 73 79 97 103 109 127 163 193 229 241,13 37 43 139 151 157 181 199 211 223
1573,217,6,234,7,337725,3,4.061055199186e-07,25,8,17,0.68000000,38.2373,7,7 19 31 37 43 73 97 103 109 151 157 163 181 193 223 229 241,13 61 67 79 127 139 199 211
1574,92,6,175,6,30839,3,4.061560608693e-07,25,9,16,0.64000000,38.6325,31,31 37 61 67 73 79 97 139 151 157 163 181 193 211 223 241,7 13 19 43 103 109 127 199 229
1575,184,7,245,7,391762,3,4.065038104106e-07,25,8,17,0.68000000,37.6973,7,7 19 31 37 61 67 79 97 103 139 151 157 181 199 211 223 241,13 43 73 109 127 163 193 229
1576,149,5,192,6,36882,3,4.065249824034e-07,25,11,14,0.56000000,38.2373,7,7 13 31 43 67 73 97 103 109 139 151 157 211 223,19 37 61 79 127 163 181 193 199 229 241
1577,211,6,156,7,1185,5,4.065364149998e-07,13,3,10,0.76923077,28.9853,11,11 31 41 71 101 131 151 211 241 251,61 181 191
1578,194,6,155,7,130113,3,4.065926856908e-07,25,8,17,0.68000000,38.2373,7,7 19 37 43 67 73 97 103 109 127 139 151 157 181 193 211 229,13 31 61 79 163 199 223 241
1579,95,7,193,7,215763,3,4.069281778336e-07,25,7,18,0.72000000,37.6973,13,13 19 37 43 67 73 79 97 103 109 151 157 163 181 193 211 223 241,7 31 61 127 139 199 229
1580,177,6,226,7,311220,3,4.070143822338e-07,25,7,18,0.72000000,38.2373,7,7 13 19 31 43 61 73 79 103 109 127 151 157 181 199 211 223 241,37 67 97 139 163 193 229
1581,192,7,221,7,328245,3,4.071917853195e-07,25,11,14,0.56000000,37.6973,13,13 31 37 61 79 97 103 151 157 181 199 223 229 241,7 19 43 67 73 109 127 139 163 193 211
1582,189,7,227,7,341061,3,4.073549136812e-07,25,9,16,0.64000000,37.6973,7,7 19 31 43 67 79 97 127 139 157 163 181 193 223 229 241,13 37 61 73 103 109 151 199 211
1583,211,6,237,7,347843,3,4.074085577942e-07,25,7,18,0.72000000,38.2373,13,13 31 43 61 73 97 103 127 139 151 157 163 181 199 211 223 229 241,7 19 37 67 79 109 193
1584,245,6,211,7,266071,3,4.075163521390e-07,25,6,19,0.76000000,38.2373,13,13 19 31 37 43 67 73 79 103 109 127 151 157 163 193 199 223 229 241,7 61 97 139 181 211
1585,133,6,134,7,92103,3,4.080878547728e-07,25,13,12,0.48000000,38.2373,31,31 37 43 79 151 157 163 181 193 199 211 241,7 13 19 61 67 73 97 103 109 127 139 223 229
1586,215,4,164,5,4943,3,4.086821996942e-07,25,13,12,0.48000000,38.2373,13,13 31 67 79 97 139 151 163 181 193 223 241,7 19 37 43 61 73 103 109 127 157 199 211 229
1587,198,7,221,7,335247,3,4.087840002495e-07,25,7,18,0.72000000,37.6973,13,13 31 43 61 67 79 103 109 139 151 157 163 181 199 211 223 229 241,7 19 37 73 97 127 193
1588,207,7,215,7,334779,3,4.089245194043e-07,25,8,17,0.68000000,37.6973,7,7 19 31 37 67 97 103 109 127 139 157 163 181 193 199 223 241,13 43 61 73 79 151 211 229
1589,209,6,200,7,234428,3,4.090879960964e-07,25,7,18,0.72000000,38.2373,7,7 13 19 37 67 79 97 103 109 127 139 157 163 199 211 223 229 241,31 43 61 73 151 181 193
1590,83,7,192,6,42586,3,4.091004669186e-07,25,6,19,0.76000000,38.2373,13,13 19 31 37 43 61 67 79 97 103 109 127 151 157 163 181 199 211 241,7 73 139 193 223 229
1591,203,6,191,7,210620,3,4.092102540663e-07,25,11,14,0.56000000,38.2373,7,7 31 37 43 73 103 139 151 163 181 193 199 229 241,13 19 61 67 79 97 109 127 157 211 223
1592,201,6,247,7,382939,3,4.092750588914e-07,25,9,16,0.64000000,38.2373,7,7 43 61 67 73 79 97 103 109 151 157 181 199 211 223 229,13 19 31 37 127 139 163 193 241
1593,211,6,213,7,271348,3,4.093071189154e-07,25,9,16,0.64000000,38.2373,7,7 13 19 37 43 61 67 73 79 127 157 193 199 211 223 241,31 97 103 109 139 151 163 181 229
1594,183,7,223,7,324903,3,4.097189717039e-07,25,10,15,0.60000000,37.6973,19,19 31 37 61 73 79 127 139 151 157 163 193 199 211 223,7 13 43 67 97 103 109 181 229 241
1595,107,7,235,7,341254,3,4.100493820575e-07,25,4,21,0.84000000,37.6973,13,13 31 37 43 61 67 73 97 103 109 127 139 151 157 163 181 193 211 223 229,7 19 79 199
1596,219,5,124,7,76703,3,4.101512472896e-07,25,10,15,0.60000000,38.2373,7,7 61 79 97 127 139 151 157 163 181 193 199 223 229 241,13 19 31 37 43 67 73 103 109 211
1597,77,6,145,6,21181,3,4.102035796353e-07,25,14,11,0.44000000,38.6325,19,19 31 37 67 97 109 139 181 223 229 241,7 13 43 61 73 79 103 127 151 157 163 193 199 211
1598,57,6,161,6,25938,3,4.102181549366e-07,25,11,14,0.56000000,38.6325,13,13 43 61 67 73 79 97 103 139 151 157 181 199 229,7 19 31 37 109 127 163 193 211 223 241
1599,185,6,234,7,337537,3,4.107051746259e-07,25,10,15,0.60000000,38.2373,7,7 19 31 37 43 79 103 109 127 139 157 163 193 199 241,13 61 67 73 97 151 181 211 223 229
1600,230,6,203,7,243029,3,4.108966809638e-07,25,7,18,0.72000000,38.2373,13,13 19 31 37 43 61 73 79 97 103 139 151 163 181 199 211 223 229,7 67 109 127 157 193 241
1601,122,6,149,7,117777,3,4.110911570444e-07,25,10,15,0.60000000,38.2373,7,7 13 37 43 67 73 103 127 139 163 181 211 223 229 241,19 31 61 79 97 109 151 157 193 199
1602,146,5,117,6,13806,3,4.112211362055e-07,25,9,16,0.64000000,38.2373,13,13 19 31 37 43 61 97 103 109 127 163 193 199 223 229 241,7 67 73 79 139 151 157 181 211
1603,81,7,235,6,57620,3,4.116912965586e-07,25,9,16,0.64000000,38.2373,7,7 13 19 43 61 79 97 103 109 127 139 163 193 199 211 229,31 37 67 73 151 157 181 223 241
1604,199,6,227,7,314545,3,4.123338322753e-07,25,12,13,0.52000000,38.2373,7,7 19 31 37 43 61 73 79 97 127 139 223 229,13 67 103 109 151 157 163 181 193 199 211 241
1605,232,5,49,7,11053,3,4.127903831210e-07,25,8,17,0.68000000,38.2373,13,13 19 37 43 61 67 73 79 97 103 127 139 151 163 181 199 211,7 31 109 157 193 223 229 241
1606,188,7,225,7,334697,3,4.129832946472e-07,25,13,12,0.48000000,37.6973,13,13 19 31 43 67 73 127 139 181 193 199 223,7 37 61 79 97 103 109 151 157 163 211 229 241
1607,97,7,239,7,354697,3,4.136716695893e-07,25,11,14,0.56000000,37.6973,13,13 19 31 43 61 73 109 127 139 163 181 211 223 241,7 37 67 79 97 103 151 157 193 199 229
1608,132,6,169,7,157978,3,4.142109777132e-07,25,8,17,0.68000000,38.2373,7,7 19 37 61 73 79 109 127 139 157 163 181 193 199 211 223 241,13 31 43 67 97 103 151 229
1609,111,7,242,7,365471,3,4.144460213117e-07,25,7,18,0.72000000,37.6973,7,7 13 31 37 61 73 97 103 109 127 139 157 163 181 193 211 223 241,19 43 67 79 151 199 229
1610,155,6,172,7,164696,3,4.144673447535e-07,25,7,18,0.72000000,38.2373,7,7 13 31 61 73 79 97 103 127 139 157 163 181 193 199 211 223 241,19 37 43 67 109 151 229
1611,157,7,237,7,353969,3,4.149311744078e-07,25,9,16,0.64000000,37.6973,7,7 13 31 43 67 97 127 151 157 163 193 199 211 223 229 241,19 37 61 73 79 103 109 139 181
1612,151,7,201,7,246866,3,4.151425831160e-07,25,6,19,0.76000000,37.6973,7,7 19 31 37 43 61 67 73 97 127 139 157 181 193 199 211 223 229 241,13 79 103 109 151 163
1613,221,6,203,7,242851,3,4.159734110673e-07,25,10,15,0.60000000,38.2373,43,43 61 73 79 97 109 127 139 157 163 181 193 199 211 223,7 13 19 31 37 67 103 151 229 241
1614,119,6,90,7,37004,3,4.160144902589e-07,25,8,17,0.68000000,38.2373,13,13 19 43 61 67 79 97 103 127 139 157 163 181 211 223 229 241,7 31 37 73 109 151 193 199
1615,200,7,219,7,333104,3,4.163064849770e-07,25,11,14,0.56000000,37.6973,13,13 61 73 79 109 127 139 151 157 163 181 199 211 241,7 19 31 37 43 67 97 103 193 223 229
1616,110,6,117,7,67084,3,4.165620482200e-07,25,8,17,0.68000000,38.2373,19,19 31 37 43 67 73 79 109 127 139 163 193 199 211 223 229 241,7 13 61 97 103 151 157 181
1617,97,7,238,7,351250,3,4.166048085164e-07,25,7,18,0.72000000,37.6973,13,13 19 43 61 79 97 103 109 127 139 151 157 163 199 211 223 229 241,7 31 37 67 73 181 193
1618,197,6,234,6,60607,3,4.166422986421e-07,25,11,14,0.56000000,38.6325,7,7 31 37 43 67 79 97 109 139 181 193 211 229 241,13 19 61 73 103 127 151 157 163 199 223
1619,82,6,105,7,52050,3,4.170653489619e-07,25,9,16,0.64000000,38.2373,13,13 31 37 43 61 67 73 79 97 109 181 193 211 223 229 241,7 19 103 127 139 151 157 163 199
1620,193,6,186,7,197924,3,4.171273424221e-07,25,9,16,0.64000000,38.2373,7,7 13 43 61 73 79 97 103 109 127 139 157 163 193 199 223,19 31 37 67 151 181 211 229 241
1621,153,7,169,7,180697,3,4.174043949238e-07,25,11,14,0.56000000,37.6973,13,13 19 43 67 97 103 127 139 151 157 181 211 223 229,7 31 37 61 73 79 109 163 193 199 241
1622,216,6,239,7,354752,3,4.177473894361e-07,25,8,17,0.68000000,38.2373,7,7 13 31 43 61 67 73 109 127 139 151 157 163 181 199 223 229,19 37 79 97 103 193 211 241
1623,241,4,117,6,13695,3,4.177647817617e-07,25,5,20,0.80000000,40.2466,7,7 13 31 43 61 67 73 79 103 109 127 139 157 163 181 193 199 211 223 229,19 37 97 151 241
1624,46,6,63,6,518,4,4.184713002710e-07,53,22,31,0.58490566,72.9271,13,13 19 29 31 37 43 53 59 61 73 89 97 101 103 109 113 131 137 139 149,3 5 7 11 17 23 41 47 67 71 79 83 107 127 157 163 179 197 199 229
1625,219,5,115,7,64353,3,4.184864529133e-07,25,9,16,0.64000000,38.2373,13,13 19 31 37 61 67 73 79 97 103 109 127 157 163 181 199,7 43 139 151 193 211 223 229 241
1626,204,7,233,7,373214,3,4.185114907300e-07,25,10,15,0.60000000,37.6973,7,7 31 37 43 61 67 73 97 109 151 157 163 181 199 223,13 19 79 103 127 139 193 211 229 241
1627,92,6,165,6,27495,3,4.187813643837e-07,25,8,17,0.68000000,38.6325,7,7 13 31 61 67 73 79 97 103 109 157 163 181 193 199 223 241,19 37 43 127 139 151 211 229
1628,74,7,91,7,39964,3,4.188707302963e-07,25,9,16,0.64000000,37.6973,7,7 13 31 37 67 73 127 139 151 157 163 181 199 211 223 229,19 43 61 79 97 103 109 193 241
1629,197,6,243,7,368624,3,4.189507752642e-07,25,12,13,0.52000000,38.2373,19,19 37 43 79 97 103 109 127 163 181 193 199 241,7 13 31 61 67 73 139 151 157 211 223 229
1630,130,5,83,7,30064,3,4.190708504043e-07,25,11,14,0.56000000,38.2373,31,31 43 61 67 73 79 97 103 127 139 151 163 181 193,7 13 19 37 109 157 199 211 223 229 241
1631,199,7,238,7,381705,3,4.196462675256e-07,25,10,15,0.60000000,37.6973,7,7 37 43 97 109 127 151 163 181 193 199 211 223 229 241,13 19 31 61 67 73 79 103 139 157
1632,222,7,241,7,419444,3,4.199970306106e-07,25,10,15,0.60000000,37.6973,13,13 37 43 61 67 79 97 103 127 151 163 181 193 229 241,7 19 31 73 109 139 157 199 211 223
1633,112,7,157,7,137017,3,4.200481458745e-07,25,10,15,0.60000000,37.6973,7,7 13 19 31 37 43 61 97 103 151 193 199 211 229 241,67 73 79 109 127 139 157 163 181 223
1634,229,6,249,7,390376,3,4.213771993996e-07,25,6,19,0.76000000,38.2373,7,7 13 19 31 37 43 61 73 79 103 139 151 157 163 181 193 199 223 229,67 97 109 127 211 241
1635,240,6,199,7,232387,3,4.218388215150e-07,25,8,17,0.68000000,38.2373,7,7 13 19 37 43 67 73 79 103 109 127 151 163 181 211 223 229,31 61 97 139 157 193 199 241
1636,98,7,183,7,190928,3,4.221779676439e-07,25,8,17,0.68000000,37.6973,13,13 19 31 37 43 67 79 109 127 139 151 157 163 181 193 199 211,7 61 73 97 103 223 229 241
1637,95,7,241,7,361621,3,4.230780482686e-07,25,10,15,0.60000000,37.6973,13,13 19 31 37 61 73 79 103 109 127 139 157 181 193 241,7 43 67 97 151 163 199 211 223 229
1638,87,7,202,6,47276,3,4.231794268461e-07,25,10,15,0.60000000,38.2373,7,7 31 37 43 61 79 97 109 139 151 163 181 193 223 241,13 19 67 73 103 127 157 199 211 229
1639,88,7,235,7,340911,3,4.232710703199e-07,25,8,17,0.68000000,37.6973,13,13 37 43 61 67 79 103 109 127 139 151 157 163 181 193 199 223,7 19 31 73 97 211 229 241
1640,119,7,135,7,104925,3,4.235911538141e-07,25,9,16,0.64000000,37.6973,7,7 13 37 61 67 73 103 139 157 163 181 199 211 223 229 241,19 31 43 79 97 109 127 151 193
1641,100,6,209,6,43855,3,4.237243499737e-07,25,8,17,0.68000000,38.6325,7,7 13 31 37 73 79 97 103 127 139 157 163 181 193 199 211 241,19 43 61 67 109 151 223 229
1642,63,7,167,7,153637,3,4.241593455378e-07,25,7,18,0.72000000,37.6973,13,13 19 31 37 67 73 79 103 139 151 157 163 181 193 199 223 229 241,7 43 61 97 109 127 211
1643,238,7,249,7,468150,3,4.242753071534e-07,25,10,15,0.60000000,37.6973,7,7 13 19 31 37 43 67 73 79 127 157 163 199 211 229,61 97 103 109 139 151 181 193 223 241
1644,172,7,219,7,305863,3,4.244658295299e-07,25,13,12,0.48000000,37.6973,19,19 73 79 103 127 139 151 163 181 193 199 241,7 13 31 37 43 61 67 97 109 157 211 223 229
1645,242,6,219,7,289891,3,4.245303541069e-07,25,11,14,0.56000000,38.2373,7,7 19 31 43 97 109 139 151 163 193 199 223 229 241,13 37 61 67 73 79 103 127 157 181 211
1646,137,6,178,7,178299,3,4.248270688570e-07,25,11,14,0.56000000,38.2373,7,7 31 37 73 79 103 109 127 151 157 193 199 223 241,13 19 43 61 67 97 139 163 181 211 229
1647,244,7,247,7,475602,3,4.253401487980e-07,25,13,12,0.48000000,37.6973,13,13 19 31 37 43 67 97 181 211 223 229 241,7 61 73 79 103 109 127 139 151 157 163 193 199
1648,182,7,243,7,384052,3,4.255256932229e-07,25,3,22,0.88000000,37.6973,7,7 13 19 31 37 43 61 73 79 103 109 127 139 151 163 181 193 199 211 223,67 97 157
1649,158,6,185,7,195151,3,4.263738586317e-07,25,10,15,0.60000000,38.2373,7,7 13 19 43 61 97 109 127 163 181 193 199 211 229 241,31 37 67 73 79 103 139 151 157 223
1650,187,5,194,6,2705,4,4.268776025144e-07,53,18,35,0.66037736,73.5585,3,3 5 13 17 19 23 29 37 41 47 71 73 89 97 101 103 107 109 113 131,7 11 31 43 53 59 61 67 79 83 127 163 167 181 193 211 239 251
1651,203,7,228,7,358914,3,4.270951816126e-07,25,8,17,0.68000000,37.6973,7,7 13 19 31 37 61 67 79 97 109 127 139 157 181 199 223 241,43 73 103 151 163 193 211 229
1652,214,7,219,7,354936,3,4.271927635072e-07,25,10,15,0.60000000,37.6973,13,13 31 37 61 67 73 79 97 103 139 163 181 193 211 223,7 19 43 109 127 151 157 199 229 241
1653,226,7,237,7,416233,3,4.272064855863e-07,25,7,18,0.72000000,37.6973,13,13 19 31 37 73 79 97 103 109 127 139 151 157 181 211 223 229 241,7 43 61 67 163 193 199
1654,199,6,244,7,372178,3,4.276196731385e-07,25,8,17,0.68000000,38.2373,13,13 19 67 79 97 103 109 139 151 157 163 193 199 211 223 229 241,7 31 37 43 61 73 127 181
1655,239,6,191,7,211491,3,4.276248226224e-07,25,5,20,0.80000000,38.2373,7,7 19 31 37 43 61 67 73 79 97 139 151 157 163 181 193 199 223 229 241,13 103 109 127 211
1656,224,5,193,6,37384,3,4.278033124529e-07,25,14,11,0.44000000,38.2373,19,19 31 61 67 103 139 157 181 193 223 241,7 13 37 43 73 79 97 109 127 151 163 199 211 229
1657,219,7,236,7,401938,3,4.281695732941e-07,25,8,17,0.68000000,37.6973,19,19 31 37 61 67 79 109 139 151 157 163 193 199 211 223 229 241,7 13 43 73 97 103 127 181
1658,219,6,244,7,372294,3,4.282929577706e-07,25,8,17,0.68000000,38.2373,13,13 19 31 37 43 67 73 79 103 109 127 139 151 157 181 223 229,7 61 97 163 193 199 211 241
1659,181,7,249,7,403533,3,4.286126130449e-07,25,10,15,0.60000000,37.6973,7,7 13 19 37 61 67 73 103 127 151 157 193 211 223 229,31 43 79 97 109 139 163 181 199 241
1660,143,7,213,7,276390,3,4.286736877415e-07,25,9,16,0.64000000,37.6973,19,19 31 37 43 67 79 109 127 139 151 157 163 181 193 211 229,7 13 61 73 97 103 199 223 241
1661,149,6,192,7,212749,3,4.297695320236e-07,25,7,18,0.72000000,38.2373,7,7 13 19 31 37 61 67 73 79 97 103 109 139 157 163 193 211 229,43 127 151 181 199 223 241
1662,199,6,212,7,268277,3,4.298442432383e-07,25,11,14,0.56000000,38.2373,7,7 19 31 67 73 79 103 109 127 193 199 223 229 241,13 37 43 61 97 139 151 157 163 181 211
1663,235,6,226,7,311693,3,4.301309311980e-07,25,6,19,0.76000000,38.2373,7,7 13 19 31 37 43 67 79 97 103 109 127 157 163 181 193 211 223 241,61 73 139 151 199 229
1664,101,7,217,7,283415,3,4.303735305717e-07,25,6,19,0.76000000,37.6973,7,7 13 19 37 61 67 73 79 97 109 127 139 151 157 181 193 199 229 241,31 43 103 163 211 223
1665,188,7,229,7,345733,3,4.304902288001e-07,25,8,17,0.68000000,37.6973,7,7 19 31 43 67 73 97 103 109 127 151 181 193 211 223 229 241,13 37 61 79 139 157 163 199
1666,75,6,104,7,50887,3,4.308596135315e-07,25,6,19,0.76000000,38.2373,19,19 37 67 73 79 103 109 127 139 151 157 163 181 193 199 211 223 229 241,7 13 31 43 61 97
1667,63,7,131,7,87329,3,4.308881333807e-07,25,9,16,0.64000000,37.6973,7,7 13 19 43 61 67 73 79 109 157 181 199 211 223 229 241,31 37 97 103 127 139 151 163 193
1668,217,7,232,7,388933,3,4.309346339436e-07,25,11,14,0.56000000,37.6973,13,13 19 61 67 73 79 97 109 127 139 151 181 193 223,7 31 37 43 103 157 163 199 211 229 241
1669,179,6,207,6,3250,4,4.309627926193e-07,53,26,27,0.50943396,72.9271,13,13 17 19 31 41 53 61 73 89 103 109 113 127 131 137 139 149 151 157 163,3 5 7 11 23 29 37 43 47 59 67 71 79 83 97 101 107 167 179 191
1670,157,6,128,7,83296,3,4.309642701290e-07,25,4,21,0.84000000,38.2373,7,7 13 19 31 37 43 61 67 73 79 97 103 109 127 139 151 163 181 211 229,157 193 199 223
1671,184,6,209,7,259416,3,4.310697732648e-07,25,11,14,0.56000000,38.2373,43,43 61 79 97 109 127 139 157 163 193 199 223 229 241,7 13 19 31 37 67 73 103 151 181 211
1672,199,7,203,7,298379,3,4.311433518242e-07,25,4,21,0.84000000,37.6973,7,7 13 19 31 43 61 73 79 97 103 109 127 139 151 181 193 199 211 223 229,37 67 157 163
1673,60,7,149,7,117765,3,4.314941656630e-07,25,8,17,0.68000000,37.6973,31,31 37 43 61 67 79 97 103 109 139 157 163 181 193 199 223 229,7 13 19 73 127 151 211 241
1674,241,6,221,7,296037,3,4.317334915995e-07,25,8,17,0.68000000,38.2373,7,7 19 31 61 67 79 97 103 109 139 151 157 163 199 211 229 241,13 37 43 73 127 181 193 223
1675,153,6,181,7,185442,3,4.324270973089e-07,25,8,17,0.68000000,38.2373,19,19 31 37 61 67 73 79 97 127 151 157 163 193 199 211 229 241,7 13 43 103 109 139 181 223
1676,116,7,185,7,197461,3,4.324593991171e-07,25,10,15,0.60000000,37.6973,13,13 19 31 37 67 73 97 103 109 127 139 151 157 181 223,7 43 61 79 163 193 199 211 229 241
1677,68,7,143,7,107130,3,4.330955479004e-07,25,6,19,0.76000000,37.6973,13,13 31 37 43 61 67 73 79 97 103 109 127 151 163 181 193 223 229 241,7 19 139 157 199 211
1678,107,6,186,6,35009,3,4.331784242360e-07,25,10,15,0.60000000,38.6325,7,7 13 43 61 67 79 157 163 181 193 199 211 223 229 241,19 31 37 73 97 103 109 127 139 151
1679,111,7,244,6,74808,3,4.331860094068e-07,25,7,18,0.72000000,38.2373,13,13 19 31 43 67 79 97 109 139 151 157 163 193 199 211 223 229 241,7 37 61 73 103 127 181
1680,233,6,216,7,280615,3,4.333034216236e-07,25,10,15,0.60000000,38.2373,13,13 19 37 67 103 109 127 139 151 181 193 199 211 229 241,7 31 43 61 73 79 97 157 163 223
1681,46,7,237,6,56215,3,4.334093373471e-07,25,14,11,0.44000000,38.2373,7,7 13 61 73 103 139 151 157 211 223 229,19 31 37 43 67 79 97 109 127 163 181 193 199 241
1682,61,7,123,7,75424,3,4.335214022038e-07,25,6,19,0.76000000,37.6973,7,7 13 19 67 73 79 97 103 109 127 151 157 181 193 199 211 223 229 241,31 37 43 61 139 163
1683,166,7,239,7,363467,3,4.339367062223e-07,25,9,16,0.64000000,37.6973,19,19 31 37 61 67 73 97 103 151 181 193 199 211 223 229 241,7 13 43 79 109 127 139 157 163
1684,82,7,211,7,265167,3,4.339992999017e-07,25,8,17,0.68000000,37.6973,13,13 19 31 37 61 67 79 97 103 127 139 151 157 181 199 223 241,7 43 73 109 163 193 211 229
1685,226,6,249,7,390352,3,4.340163088025e-07,25,7,18,0.72000000,38.2373,7,7 13 19 31 37 67 73 97 103 109 139 151 157 193 199 223 229 241,43 61 79 127 163 181 211
1686,107,7,121,7,81449,3,4.343090587023e-07,25,10,15,0.60000000,37.6973,7,7 13 37 67 79 127 139 151 157 163 193 199 211 223 241,19 31 43 61 73 97 103 109 181 229
1687,63,7,169,7,157960,3,4.343719396265e-07,25,6,19,0.76000000,37.6973,13,13 19 31 67 73 79 97 103 109 127 139 151 157 163 181 193 211 229 241,7 37 43 61 199 223
1688,207,6,130,7,89050,3,4.343773351284e-07,25,10,15,0.60000000,38.2373,7,7 19 43 61 67 109 127 139 157 163 181 193 223 229 241,13 31 37 73 79 97 103 151 199 211
1689,149,6,214,6,47473,3,4.345495636346e-07,25,5,20,0.80000000,38.6325,7,7 13 19 31 43 61 67 73 79 109 127 139 151 157 163 181 193 211 223 229,37 97 103 199 241
1690,113,7,182,7,189915,3,4.347839515066e-07,25,7,18,0.72000000,37.6973,13,13 19 37 43 61 67 97 103 109 127 139 157 163 181 193 211 223 229,7 31 73 79 151 199 241
1691,192,7,209,7,300139,3,4.348826107526e-07,25,7,18,0.72000000,37.6973,7,7 13 19 37 43 67 73 79 103 109 127 139 157 181 193 199 211 241,31 61 97 151 163 223 229
1692,197,6,99,7,53328,3,4.349008312262e-07,25,7,18,0.72000000,38.2373,7,7 13 31 43 61 79 97 103 109 157 163 181 193 199 211 223 229 241,19 37 67 73 127 139 151
1693,154,6,201,7,236739,3,4.353355145876e-07,25,10,15,0.60000000,38.2373,7,7 13 31 43 79 97 103 109 127 139 193 199 211 223 241,19 37 61 67 73 151 157 163 181 229
1694,96,7,161,7,142262,3,4.353410395444e-07,25,10,15,0.60000000,37.6973,7,7 13 19 37 43 61 67 109 151 157 163 181 193 211 241,31 73 79 97 103 127 139 199 223 229
1695,184,7,215,7,305013,3,4.355375625365e-07,25,6,19,0.76000000,37.6973,13,13 37 43 61 73 79 97 103 109 139 151 157 163 181 193 199 211 223 241,7 19 31 67 127 229
1696,215,5,137,6,19194,3,4.357925424316e-07,25,7,18,0.72000000,38.2373,7,7 13 19 61 67 79 97 103 109 139 157 163 181 193 199 211 223 229,31 37 43 73 127 151 241
1697,98,7,197,7,226382,3,4.359658291657e-07,25,6,19,0.76000000,37.6973,13,13 19 31 43 61 67 73 79 97 109 127 139 163 181 199 211 223 229 241,7 37 103 151 157 193
1698,143,7,204,7,251595,3,4.363804331490e-07,25,8,17,0.68000000,37.6973,7,7 13 61 67 73 79 97 109 127 139 157 163 181 193 199 229 241,19 31 37 43 103 151 211 223
1699,111,7,245,6,75119,3,4.366846896499e-07,25,11,14,0.56000000,38.2373,19,19 31 43 61 73 97 103 127 151 157 163 181 211 241,7 13 37 67 79 109 139 193 199 223 229
1700,236,7,237,7,435809,3,4.370728789424e-07,25,8,17,0.68000000,37.6973,7,7 31 37 61 67 73 97 103 127 139 157 163 181 193 199 229 241,13 19 43 79 109 151 211 223
1701,179,6,186,7,197764,3,4.371302876851e-07,25,9,16,0.64000000,38.2373,7,7 19 43 67 73 79 103 127 139 157 163 181 193 211 229 241,13 31 37 61 97 109 151 199 223
1702,172,6,197,7,225985,3,4.373497934014e-07,25,8,17,0.68000000,38.2373,7,7 31 37 43 61 67 73 79 103 127 139 157 193 199 211 223 229,13 19 97 109 151 163 181 241
1703,187,7,234,7,359372,3,4.376578630954e-07,25,13,12,0.48000000,37.6973,31,31 43 61 103 109 139 151 181 193 199 211 223,7 13 19 37 67 73 79 97 127 157 163 229 241
1704,205,6,219,7,12477,4,4.378237134661e-07,53,21,32,0.60377358,73.5585,5,5 7 17 23 31 37 41 47 53 59 61 71 73 83 89 103 107 109 113 137,3 11 13 19 29 43 67 79 97 101 127 131 139 167 173 179 193 199 229 239
1705,126,7,137,7,112135,3,4.382320817538e-07,25,12,13,0.52000000,37.6973,7,7 13 31 37 43 97 109 151 157 181 211 223 241,19 61 67 73 79 103 127 139 163 193 199 229
1706,85,7,183,7,190426,3,4.384240117258e-07,25,7,18,0.72000000,37.6973,7,7 13 19 31 73 79 97 103 127 151 157 163 181 193 199 211 223 229,37 43 61 67 109 139 241
1707,220,7,227,7,382591,3,4.384919557727e-07,25,11,14,0.56000000,37.6973,13,13 19 31 43 67 79 127 139 151 157 181 199 223 241,7 37 61 73 97 103 109 163 193 211 229
1708,93,7,199,7,231576,3,4.385559391422e-07,25,9,16,0.64000000,37.6973,7,7 13 19 31 43 61 67 79 97 103 109 139 181 211 229 241,37 73 127 151 157 163 193 199 223
1709,195,5,109,7,56783,3,4.385762319268e-07,25,9,16,0.64000000,38.2373,7,7 37 43 67 79 97 127 139 151 157 163 181 193 199 223 229,13 19 31 61 73 103 109 211 241
1710,208,6,243,6,779,5,4.386581712848e-07,13,2,11,0.84615385,28.9779,11,11 31 41 71 131 151 181 191 211 241 251,61 101
1711,157,6,162,7,143309,3,4.390500060845e-07,25,9,16,0.64000000,38.2373,7,7 19 37 43 79 97 109 127 139 151 157 181 193 211 229 241,13 31 61 67 73 103 163 199 223
1712,241,6,203,7,243299,3,4.392622591838e-07,25,7,18,0.72000000,38.2373,13,13 19 37 61 67 73 79 103 109 139 151 163 193 199 211 223 229 241,7 31 43 97 127 157 181
1713,215,7,241,7,409074,3,4.394170878590e-07,25,14,11,0.44000000,37.6973,43,43 79 97 103 109 151 157 163 211 223 229,7 13 19 31 37 61 67 73 127 139 181 193 199 241
1714,202,7,217,7,331354,3,4.396605492920e-07,25,9,16,0.64000000,37.6973,13,13 37 43 73 79 97 109 127 139 151 157 193 199 223 229 241,7 19 31 61 67 103 163 181 211
1715,86,7,221,6,53286,3,4.398631500284e-07,25,12,13,0.52000000,38.2373,7,7 19 31 73 103 127 151 157 163 193 199 211 223,13 37 43 61 67 79 97 109 139 181 229 241
1716,139,7,196,7,229669,3,4.402279827299e-07,25,12,13,0.52000000,37.6973,13,13 31 37 43 61 79 109 127 157 163 181 223 229,7 19 67 73 97 103 139 151 193 199 211 241
1717,157,7,211,7,275766,3,4.402766130127e-07,25,6,19,0.76000000,37.6973,7,7 13 37 43 61 73 79 97 103 109 127 139 151 163 181 193 211 223 241,19 31 67 157 199 229
1718,139,7,162,7,157819,3,4.405954089458e-07,25,9,16,0.64000000,37.6973,13,13 19 31 37 61 67 73 79 109 151 157 163 181 199 211 223,7 43 97 103 127 139 193 229 241
1719,221,6,246,6,69667,3,4.406360550105e-07,25,11,14,0.56000000,38.6325,7,7 19 31 37 61 67 79 97 103 139 157 181 193 223,13 43 73 109 127 151 163 199 211 229 241
1720,39,6,56,6,128,5,4.409521352500e-07,13,3,10,0.76923077,28.9779,11,11 31 41 61 71 101 131 181 211 251,151 191 241
1721,109,6,131,7,87230,3,4.413549040047e-07,25,9,16,0.64000000,38.2373,31,31 37 43 61 67 73 79 109 127 139 151 157 163 211 223 229,7 13 19 97 103 181 193 199 241
1722,77,7,212,6,47450,3,4.415621817717e-07,25,8,17,0.68000000,38.2373,31,31 37 43 61 67 73 79 103 109 127 139 151 163 181 199 223 229,7 13 19 97 157 193 211 241
1723,104,7,139,7,104285,3,4.417489403547e-07,25,5,20,0.80000000,37.6973,7,7 13 19 31 37 43 61 73 79 97 103 109 139 157 181 193 199 211 223 241,67 127 151 163 229
1724,105,7,214,7,274549,3,4.420403221951e-07,25,7,18,0.72000000,37.6973,7,7 31 43 61 79 97 103 127 139 151 157 181 193 199 211 223 229 241,13 19 37 67 73 109 163
1725,175,6,181,7,185596,3,4.425135428178e-07,25,9,16,0.64000000,38.2373,13,13 43 61 67 73 79 97 103 109 127 139 157 199 211 229 241,7 19 31 37 151 163 181 193 223
1726,173,5,184,6,33901,3,4.426506730003e-07,25,11,14,0.56000000,38.2373,7,7 13 19 67 73 79 97 103 127 139 157 163 181 193,31 37 43 61 109 151 199 211 223 229 241
1727,135,7,202,7,244077,3,4.432069962627e-07,25,8,17,0.68000000,37.6973,31,31 37 43 61 67 73 97 103 109 139 157 163 181 199 211 229 241,7 13 19 79 127 151 193 223
1728,91,7,177,7,176457,3,4.432766227741e-07,25,10,15,0.60000000,37.6973,7,7 19 31 43 79 109 127 151 157 163 193 199 223 229 241,13 37 61 67 73 97 103 139 181 211
1729,174,6,179,7,180858,3,4.434427470695e-07,25,5,20,0.80000000,38.2373,7,7 13 19 31 37 43 67 73 79 97 103 109 139 151 157 163 181 193 223 241,61 127 199 211 229
1730,229,6,192,7,213726,3,4.434852427133e-07,25,10,15,0.60000000,38.2373,7,7 13 19 43 61 79 103 127 151 157 181 193 199 223 229,31 37 67 73 97 109 139 163 211 241
1731,241,7,249,7,474103,3,4.435540935493e-07,25,10,15,0.60000000,37.6973,13,13 19 43 61 67 103 109 139 151 181 193 199 211 223 229,7 31 37 73 79 97 127 157 163 241
1732,142,7,167,7,168531,3,4.435586219105e-07,25,12,13,0.52000000,37.6973,19,19 37 61 67 79 127 139 151 163 193 199 223 229,7 13 31 43 73 97 103 109 157 181 211 241
1733,113,7,224,7,305570,3,4.435669591977e-07,25,10,15,0.60000000,37.6973,37,37 61 67 73 79 97 103 109 151 157 163 199 211 223 229,7 13 19 31 43 127 139 181 193 241
1734,206,7,243,7,403662,3,4.435699250540e-07,25,6,19,0.76000000,37.6973,13,13 31 37 43 61 67 73 79 97 127 139 163 181 193 199 211 223 229 241,7 19 103 109 151 157
1735,31,7,137,6,18795,3,4.435894063983e-07,25,5,20,0.80000000,38.2373,7,7 13 19 37 67 73 97 103 109 127 139 151 157 163 181 193 199 211 223 229,31 43 61 79 241
1736,73,6,206,6,42464,3,4.438929284411e-07,25,10,15,0.60000000,38.6325,7,7 13 19 43 61 67 79 97 151 157 193 211 223 229 241,31 37 73 103 109 127 139 163 181 199
1737,213,6,238,7,351284,3,4.440499317976e-07,25,7,18,0.72000000,38.2373,13,13 37 67 73 79 97 103 109 127 139 157 163 181 193 199 211 223 241,7 19 31 43 61 151 229
1738,231,6,229,7,321327,3,4.441035537134e-07,25,8,17,0.68000000,38.2373,7,7 13 37 43 61 67 73 79 103 127 139 157 163 181 193 199 241,19 31 97 109 151 211 223 229
1739,205,6,207,7,253857,3,4.445783488492e-07,25,3,22,0.88000000,38.2373,7,7 19 31 43 61 67 73 79 97 103 109 127 139 151 157 181 193 199 211 223,13 37 163
1740,149,7,219,7,295454,3,4.445889646249e-07,25,8,17,0.68000000,37.6973,7,7 13 19 37 43 67 79 97 103 109 157 181 193 199 211 223 241,31 61 73 127 139 151 163 229
1741,139,6,118,7,68807,3,4.447566075731e-07,25,10,15,0.60000000,38.2373,13,13 19 31 37 43 61 73 127 139 151 157 181 193 199 211,7 67 79 97 103 109 163 223 229 241
1742,75,7,86,7,36378,3,4.447633517338e-07,25,6,19,0.76000000,37.6973,13,13 19 31 61 73 79 97 103 109 127 151 157 163 181 199 211 223 229 241,7 37 43 67 139 193
1743,136,7,185,7,202283,3,4.449414218801e-07,25,8,17,0.68000000,37.6973,13,13 19 37 67 73 97 103 109 127 139 151 163 193 199 211 223 229,7 31 43 61 79 157 181 241
1744,222,6,229,7,321223,3,4.450151989852e-07,25,14,11,0.44000000,38.2373,13,13 31 37 43 61 97 127 157 193 211 223,7 19 67 73 79 103 109 139 151 163 181 199 229 241
1745,231,7,244,7,17154,4,4.452028855705e-07,53,15,38,0.71698113,72.1671,7,7 11 13 17 23 31 37 41 43 47 53 59 61 67 71 73 101 103 109 113,3 5 19 29 79 83 89 97 107 139 151 163 199 227 239
1746,207,5,104,7,50913,3,4.459773878973e-07,25,7,18,0.72000000,38.2373,19,19 31 37 43 67 73 97 103 109 127 139 151 157 163 181 211 229 241,7 13 61 79 193 199 223
1747,17,5,93,4,424,3,4.460477441109e-07,25,11,14,0.56000000,38.2373,19,19 31 43 61 67 103 109 127 139 157 181 223 229 241,7 13 37 73 79 97 151 163 193 199 211
1748,149,7,152,7,151902,3,4.462479977694e-07,25,12,13,0.52000000,37.6973,13,13 19 61 67 79 97 103 109 127 157 199 229 241,7 31 37 43 73 139 151 163 181 193 211 223
1749,127,6,175,6,32049,3,4.463006996232e-07,25,12,13,0.52000000,38.6325,19,19 31 43 61 67 73 109 139 151 157 199 211 223,7 13 37 79 97 103 127 163 181 193 229 241
1750,191,7,243,7,389969,3,4.469662003650e-07,25,10,15,0.60000000,37.6973,19,19 37 61 73 103 109 127 151 163 181 193 199 211 229 241,7 13 31 43 67 79 97 139 157 223
1751,233,6,197,7,226857,3,4.472460147609e-07,25,9,16,0.64000000,38.2373,7,7 19 43 61 67 73 97 109 139 151 157 163 181 211 223 241,13 31 37 79 103 127 193 199 229
1752,235,7,247,7,457359,3,4.475686119079e-07,25,14,11,0.44000000,37.6973,43,43 61 73 97 109 151 157 163 193 211 229,7 13 19 31 37 67 79 103 127 139 181 199 223 241
1753,201,7,215,7,325512,3,4.479780771522e-07,25,11,14,0.56000000,37.6973,7,7 31 37 43 73 97 109 127 139 157 163 193 223 241,13 19 61 67 79 103 151 181 199 211 229
1754,151,7,205,7,257154,3,4.486815693629e-07,25,13,12,0.48000000,37.6973,13,13 31 43 67 73 109 127 151 181 211 223 229,7 19 37 61 79 97 103 139 157 163 193 199 241
1755,99,7,239,6,775,5,4.491037186538e-07,13,2,11,0.84615385,28.9853,11,11 31 41 61 71 101 131 151 211 241 251,181 191
1756,205,6,243,6,65430,3,4.492972465109e-07,25,5,20,0.80000000,38.6325,7,7 13 19 31 43 61 67 73 79 103 109 127 139 151 157 163 181 199 211 223,37 97 193 229 241
1757,237,6,242,7,365395,3,4.493112536043e-07,25,10,15,0.60000000,38.2373,7,7 13 19 37 43 61 73 79 127 139 151 163 181 193 229,31 67 97 103 109 157 199 211 223 241
1758,51,7,97,7,43391,3,4.496015297252e-07,25,10,15,0.60000000,37.6973,13,13 19 31 67 73 103 127 151 157 181 193 211 223 229 241,7 37 43 61 79 97 109 139 163 199
1759,157,6,174,6,34960,3,4.502878529409e-07,25,10,15,0.60000000,38.6325,7,7 19 61 67 79 103 109 127 139 151 181 199 211 223 241,13 31 37 43 73 97 157 163 193 229
1760,140,6,247,6,61676,3,4.505329730851e-07,25,13,12,0.48000000,38.6325,31,31 37 67 73 79 103 157 163 181 199 223 241,7 13 19 43 61 97 109 127 139 151 193 211 229
1761,157,7,223,7,309946,3,4.510095393810e-07,25,7,18,0.72000000,37.6973,7,7 31 37 43 61 67 79 97 103 139 151 157 163 181 193 211 229 241,13 19 73 109 127 199 223
1762,131,6,119,7,69999,3,4.510768272147e-07,25,7,18,0.72000000,38.2373,19,19 37 43 61 79 97 103 109 127 151 157 163 193 199 211 223 229 241,7 13 31 67 73 139 181
1763,188,7,201,7,278303,3,4.515823119790e-07,25,8,17,0.68000000,37.6973,7,7 19 37 61 67 109 127 139 151 157 163 193 199 211 223 229 241,13 31 43 73 79 97 103 181
1764,139,5,220,5,8278,3,4.517443112526e-07,25,12,13,0.52000000,37.5296,7,7 13 31 61 67 73 97 103 139 157 193 199 241,19 37 43 79 109 127 151 163 181 211 223 229
1765,100,7,243,7,368726,3,4.517624819454e-07,25,11,14,0.56000000,37.6973,19,19 61 67 79 103 109 127 139 151 157 163 211 229 241,7 13 31 37 43 73 97 181 193 199 223
1766,129,7,151,7,133596,3,4.518720505906e-07,25,10,15,0.60000000,37.6973,13,13 31 37 61 67 73 97 109 127 151 193 199 211 229 241,7 19 43 79 103 139 157 163 181 223
1767,101,7,198,7,229182,3,4.519325673066e-07,25,8,17,0.68000000,37.6973,7,7 19 31 37 61 67 73 79 103 109 139 157 163 181 199 229 241,13 43 97 127 151 193 211 223
1768,172,7,245,7,385837,3,4.521640371218e-07,25,10,15,0.60000000,37.6973,7,7 19 31 37 43 61 67 79 109 127 163 181 193 199 211,13 73 97 103 139 151 157 223 229 241
1769,243,6,146,7,117445,3,4.522606184116e-07,25,14,11,0.44000000,38.2373,13,13 19 31 37 67 79 103 127 193 199 241,7 43 61 73 97 109 139 151 157 163 181 211 223 229
1770,183,6,214,7,274092,3,4.524985010737e-07,25,9,16,0.64000000,38.2373,7,7 19 37 43 61 67 79 103 109 127 151 163 181 193 211 241,13 31 73 97 139 157 199 223 229
1771,210,6,211,6,55829,3,4.531582005262e-07,25,14,11,0.44000000,38.6325,31,31 73 97 103 109 127 157 163 193 223 241,7 13 19 37 43 61 67 79 139 151 181 199 211 229
1772,134,6,99,7,46260,3,4.532869378711e-07,25,10,15,0.60000000,38.2373,7,7 13 43 67 73 97 103 109 127 139 151 193 211 223 241,19 31 37 61 79 157 163 181 199 229
1773,167,7,229,7,332162,3,4.536951699252e-07,25,5,20,0.80000000,37.6973,7,7 13 19 31 37 67 73 79 97 103 109 139 151 157 163 181 193 199 211 229,43 61 127 223 241
1774,172,7,249,7,399583,3,4.538491362935e-07,25,7,18,0.72000000,37.6973,19,19 31 37 43 61 73 97 103 127 139 151 157 163 181 193 223 229 241,7 13 67 79 109 199 211
1775,152,7,245,7,379974,3,4.538927862015e-07,25,10,15,0.60000000,37.6973,7,7 13 19 31 37 43 67 97 109 127 139 157 163 229 241,61 73 79 103 151 181 193 199 211 223
1776,102,5,167,5,5204,3,4.539399765585e-07,25,10,15,0.60000000,37.5296,19,19 31 37 61 103 109 127 139 151 157 163 193 199 223 229,7 13 43 67 73 79 97 181 211 241
1777,184,6,213,7,271124,3,4.539979185594e-07,25,6,19,0.76000000,38.2373,7,7 13 19 31 37 73 79 97 109 127 139 151 157 163 199 211 223 229 241,43 61 67 103 181 193
1778,74,7,201,6,42744,3,4.546674779807e-07,25,7,18,0.72000000,38.2373,7,7 19 31 61 67 79 97 103 109 127 139 163 181 193 199 223 229 241,13 37 43 73 151 157 211
1779,108,7,187,7,201388,3,4.548514884926e-07,25,11,14,0.56000000,37.6973,31,31 37 61 67 73 109 139 151 157 163 193 199 223 241,7 13 19 43 79 97 103 127 181 211 229
1780,25,6,153,5,4381,3,4.552166439104e-07,25,13,12,0.48000000,38.2373,73,73 97 109 127 139 151 157 163 211 223 229 241,7 13 19 31 37 43 61 67 79 103 181 193 199
1781,125,4,153,5,4381,3,4.552166439104e-07,25,13,12,0.48000000,38.2373,73,73 97 109 127 139 151 157 163 211 223 229 241,7 13 19 31 37 43 61 67 79 103 181 193 199
1782,157,7,215,7,286786,3,4.556615160274e-07,25,11,14,0.56000000,37.6973,13,13 19 37 43 61 79 97 103 139 163 181 193 211 229,7 31 67 73 109 127 151 157 199 223 241
1783,81,7,130,7,86640,3,4.558829097516e-07,25,6,19,0.76000000,37.6973,13,13 19 31 37 43 61 67 73 97 103 109 151 157 163 181 193 223 229 241,7 79 127 139 199 211
1784,166,6,157,7,133367,3,4.561616147263e-07,25,13,12,0.48000000,38.2373,7,7 13 19 61 97 103 109 163 181 193 199 211,31 37 43 67 73 79 127 139 151 157 223 229 241
1785,198,7,203,7,296767,3,4.564312042431e-07,25,6,19,0.76000000,37.6973,7,7 31 43 61 67 73 79 97 103 109 127 139 151 157 181 193 199 211 229,13 19 37 163 223 241
1786,230,5,213,6,45473,3,4.568857116230e-07,25,9,16,0.64000000,38.2373,13,13 19 31 37 61 67 103 127 139 151 157 163 211 223 229 241,7 43 73 79 97 109 181 193 199
1787,250,6,183,7,9185,4,4.569798145788e-07,53,20,33,0.62264151,73.5585,5,5 13 17 23 29 37 41 47 53 59 61 67 71 73 79 89 97 101 107 109,3 7 11 19 31 43 83 103 127 131 139 149 157 163 167 191 193 211 229 251
1788,151,6,178,7,178354,3,4.570202984167e-07,25,10,15,0.60000000,38.2373,7,7 61 67 73 97 103 109 127 163 181 193 199 211 223 241,13 19 31 37 43 79 139 151 157 229
1789,164,6,149,7,118164,3,4.574721738659e-07,25,9,16,0.64000000,38.2373,7,7 13 43 67 73 79 109 127 139 151 157 181 199 211 223 229,19 31 37 61 97 103 163 193 241
1790,94,6,123,7,75280,3,4.575366057441e-07,25,10,15,0.60000000,38.2373,7,7 19 43 61 67 79 109 127 139 151 157 181 193 211 229,13 31 37 73 97 103 163 199 223 241
1791,123,7,148,7,125598,3,4.575692444390e-07,25,6,19,0.76000000,37.6973,7,7 13 19 37 43 61 67 73 79 97 109 127 139 163 181 193 211 223 229,31 103 151 157 199 241
1792,226,6,181,7,186602,3,4.580550659974e-07,25,8,17,0.68000000,38.2373,13,13 19 31 37 43 61 67 73 79 97 127 139 157 163 193 211 229,7 103 109 151 181 199 223 241
1793,62,7,63,7,19540,3,4.582239514499e-07,25,6,19,0.76000000,37.6973,19,19 37 43 61 67 73 97 109 127 139 151 157 163 181 199 211 223 229 241,7 13 31 79 103 193
1794,75,5,194,5,6520,3,4.585633552364e-07,25,9,16,0.64000000,37.5296,13,13 19 31 37 43 61 73 79 103 127 151 163 181 199 211 241,7 67 97 109 139 157 193 223 229
1795,155,6,162,7,143291,3,4.586729220959e-07,25,7,18,0.72000000,38.2373,7,7 19 31 37 43 79 103 109 127 139 151 157 163 181 199 223 229 241,13 61 67 73 97 193 211
1796,170,7,177,7,212133,3,4.589591955695e-07,25,7,18,0.72000000,37.6973,7,7 13 31 43 73 79 97 103 109 127 139 151 157 163 181 193 199 229,19 37 61 67 211 223 241
1797,170,7,181,7,218751,3,4.590306726085e-07,25,11,14,0.56000000,37.6973,19,19 31 37 43 61 73 103 109 139 157 181 193 199 211,7 13 67 79 97 127 151 163 223 229 241
1798,211,7,240,7,401007,3,4.593744148120e-07,25,8,17,0.68000000,37.6973,7,7 13 37 61 73 79 97 109 127 151 157 163 181 199 211 229 241,19 31 43 67 103 139 193 223
1799,203,7,247,7,412707,3,4.594220616736e-07,25,11,14,0.56000000,37.6973,7,7 19 31 37 43 61 67 127 157 163 181 199 211 229,13 73 79 97 103 109 139 151 193 223 241
1800,154,7,223,7,308912,3,4.597483538830e-07,25,8,17,0.68000000,37.6973,19,19 31 37 67 73 79 127 139 157 163 181 193 199 211 223 229 241,7 13 43 61 97 103 109 151
1801,64,7,221,6,49448,3,4.599042210489e-07,25,7,18,0.72000000,38.2373,7,7 37 61 67 73 79 97 109 127 139 151 181 193 199 211 223 229 241,13 19 31 43 103 157 163
1802,128,6,221,6,49448,3,4.599042210489e-07,25,7,18,0.72000000,38.6325,7,7 37 61 67 73 79 97 109 127 139 151 181 193 199 211 223 229 241,13 19 31 43 103 157 163
1803,113,7,125,7,89299,3,4.599787409229e-07,25,9,16,0.64000000,37.6973,19,19 31 37 61 97 103 109 151 157 163 193 199 211 223 229 241,7 13 43 67 73 79 127 139 181
1804,118,6,123,7,75398,3,4.600410151187e-07,25,5,20,0.80000000,38.2373,7,7 19 37 61 67 73 79 97 103 109 127 139 151 157 163 193 199 211 223 229,13 31 43 181 241
1805,197,6,237,7,347761,3,4.605996562495e-07,25,8,17,0.68000000,38.2373,13,13 19 31 43 61 73 97 103 127 139 151 157 193 211 223 229 241,7 37 67 79 109 163 181 199
1806,125,5,67,7,1571,4,4.606243186562e-07,53,14,39,0.73584906,73.5585,5,5 7 11 13 17 19 29 31 37 41 47 61 67 73 79 89 97 101 103 107,3 23 43 53 59 71 83 163 167 191 199 211 223 229
1807,177,7,250,7,405097,3,4.612143797203e-07,25,12,13,0.52000000,37.6973,31,31 43 73 79 103 109 127 157 181 199 211 229 241,7 13 19 37 61 67 97 139 151 163 193 223
1808,245,5,188,6,35578,3,4.614213331451e-07,25,7,18,0.72000000,38.2373,13,13 19 31 37 61 67 73 79 109 127 139 151 163 193 199 211 229 241,7 43 97 103 157 181 223
1809,54,3,161,3,163,3,4.618140935040e-07,25,11,14,0.56000000,36.5126,13,13 31 73 79 97 103 127 139 157 163 193 211 223 229,7 19 37 43 61 67 109 151 181 199 241
1810,146,7,193,7,224988,3,4.619229066534e-07,25,11,14,0.56000000,37.6973,7,7 31 37 43 73 79 97 109 127 151 193 199 211 223,13 19 61 67 103 139 157 163 181 229 241
1811,226,6,199,7,10572,4,4.620623715427e-07,53,24,29,0.54716981,73.5585,3,3 11 17 31 43 47 53 71 83 89 101 109 113 131 137 139 149 151 157 163,5 7 13 19 23 29 37 41 59 61 67 73 79 97 103 107 127 173 181 191
1812,221,6,190,7,208433,3,4.621673743680e-07,25,9,16,0.64000000,38.2373,7,7 31 37 67 79 97 103 109 127 151 181 193 199 211 229 241,13 19 43 61 73 139 157 163 223
1813,122,6,129,6,19921,3,4.623148193002e-07,25,11,14,0.56000000,38.6325,7,7 31 37 73 79 103 109 127 139 151 157 163 211 223,13 19 43 61 67 97 181 193 199 229 241
1814,182,6,193,7,215523,3,4.630994495097e-07,25,7,18,0.72000000,38.2373,7,7 13 19 37 43 67 73 79 97 103 109 127 139 163 181 199 229 241,31 61 151 157 193 211 223
1815,165,6,167,7,153866,3,4.632933892854e-07,25,8,17,0.68000000,38.2373,13,13 19 31 43 61 67 79 97 109 127 139 163 181 193 211 223 241,7 37 73 103 151 157 199 229
1816,31,7,88,6,7894,3,4.633123965487e-07,25,11,14,0.56000000,38.2373,7,7 13 19 37 103 109 127 139 157 199 211 223 229 241,31 43 61 67 73 79 97 151 163 181 193
1817,147,7,247,7,386134,3,4.634745146795e-07,25,9,16,0.64000000,37.6973,7,7 13 19 31 43 67 73 97 109 127 151 163 193 199 223 241,37 61 79 103 139 157 181 211 229
1818,199,6,146,7,113862,3,4.637834475820e-07,25,4,21,0.84000000,38.2373,13,13 19 31 37 43 67 79 97 103 109 127 139 151 163 181 193 199 211 223 229,7 61 73 157
1819,172,5,191,5,7397,3,4.640361945398e-07,25,10,15,0.60000000,37.5296,19,19 31 43 67 79 97 103 109 151 157 163 181 223 229 241,7 13 37 61 73 127 139 193 199 211
1820,169,7,225,7,321175,3,4.644950865856e-07,25,8,17,0.68000000,37.6973,7,7 13 19 31 43 61 67 73 79 103 127 139 163 181 193 199 211,37 97 109 151 157 223 229 241
1821,161,4,44,6,1994,3,4.650478872486e-07,25,10,15,0.60000000,40.2466,19,19 31 61 67 73 97 103 109 127 157 163 193 199 223 241,7 13 37 43 79 139 151 181 211 229
1822,112,7,167,7,156644,3,4.652385658525e-07,25,13,12,0.48000000,37.6973,13,13 37 43 79 97 109 157 181 199 211 223 229,7 19 31 61 67 73 103 127 139 151 163 193 241
1823,105,6,214,6,46008,3,4.654270633797e-07,25,7,18,0.72000000,38.6325,31,31 37 43 61 67 73 79 97 127 151 157 163 181 193 199 211 229 241,7 13 19 103 109 139 223
1824,71,4,27,7,320,4,4.657745361328e-07,53,26,27,0.50943396,73.5585,5,5 13 29 59 61 73 83 89 101 107 109 127 131 137 139 149 151 157 163 173,3 7 11 17 19 23 31 37 41 43 47 53 67 71 79 97 103 113 167 179
1825,208,5,209,6,3025,4,4.660999468457e-07,53,15,38,0.71698113,73.5585,3,3 5 11 17 19 23 29 37 41 43 53 67 73 79 83 97 103 107 109 131,7 13 31 47 59 61 71 89 101 113 127 151 163 167 179
1826,243,6,143,7,6148,4,4.662178506435e-07,53,26,27,0.50943396,73.5585,3,3 17 29 37 53 61 71 79 89 97 101 109 113 127 137 139 149 151 157 167,5 7 11 13 19 23 31 41 43 47 59 67 73 83 103 107 131 163 179 193
1827,138,6,151,7,121573,3,4.665245280112e-07,25,10,15,0.60000000,38.2373,7,7 13 19 37 43 67 73 97 103 109 139 163 181 199 223,31 61 79 127 151 157 193 211 229 241
1828,164,6,171,7,162548,3,4.665449810928e-07,25,10,15,0.60000000,38.2373,7,7 13 37 43 61 67 79 103 109 127 139 181 199 229 241,19 31 73 97 151 157 163 193 211 223
1829,205,6,197,7,226300,3,4.666984343953e-07,25,12,13,0.52000000,38.2373,7,7 43 73 79 97 103 109 127 157 181 199 223 241,13 19 31 37 61 67 139 151 163 193 211 229
1830,173,5,183,6,33535,3,4.667874977793e-07,25,5,20,0.80000000,38.2373,7,7 13 19 31 37 43 61 67 73 97 103 109 127 139 157 163 181 193 211 229,79 151 199 223 241
1831,191,7,233,7,359739,3,4.671696267597e-07,25,6,19,0.76000000,37.6973,7,7 19 31 37 61 73 97 109 127 139 151 157 163 193 199 211 223 229 241,13 43 67 79 103 181
1832,174,7,191,7,241599,3,4.674842575441e-07,25,10,15,0.60000000,37.6973,13,13 19 31 37 43 61 97 139 157 163 181 199 211 223 229,7 67 73 79 103 109 127 151 193 241
1833,108,5,97,6,9464,3,4.675821836938e-07,25,8,17,0.68000000,38.2373,13,13 19 31 37 73 97 103 109 127 139 151 157 163 181 199 223 241,7 43 61 67 79 193 211 229
1834,152,5,97,7,43246,3,4.678473967714e-07,25,7,18,0.72000000,38.2373,7,7 13 19 31 37 43 73 103 109 127 139 151 157 163 193 211 229 241,61 67 79 97 181 199 223
1835,187,6,186,7,197848,3,4.678642245522e-07,25,7,18,0.72000000,38.2373,7,7 13 37 73 79 97 103 109 127 139 151 157 163 181 193 199 211 241,19 31 43 61 67 223 229
1836,205,6,247,6,67040,3,4.682167566790e-07,25,10,15,0.60000000,38.6325,7,7 31 61 67 79 97 109 127 139 157 181 193 211 223 241,13 19 37 43 73 103 151 163 199 229
1837,84,7,221,7,12671,4,4.682321972265e-07,53,24,29,0.54716981,72.1671,3,3 11 13 23 29 31 41 43 53 67 73 79 97 101 109 127 131 137 139 151,5 7 17 19 37 47 59 61 71 83 89 103 107 113 149 163 173 179 197 199
1838,94,7,209,7,259545,3,4.687701202474e-07,25,8,17,0.68000000,37.6973,7,7 13 43 61 67 73 79 127 139 151 163 181 193 199 211 223 229,19 31 37 97 103 109 157 241
1839,28,6,177,5,5585,3,4.687714094340e-07,25,6,19,0.76000000,38.2373,7,7 13 19 31 37 43 61 67 73 79 97 103 127 157 181 193 199 223 229,109 139 151 163 211 241
1840,112,7,179,7,182807,3,4.688288552919e-07,25,9,16,0.64000000,37.6973,7,7 13 19 31 37 43 67 73 79 139 151 157 181 199 229 241,61 97 103 109 127 163 193 211 223
1841,101,7,227,6,62491,3,4.691242591221e-07,25,4,21,0.84000000,38.2373,7,7 13 19 43 61 67 73 79 97 103 109 127 139 151 157 163 181 199 223 229,31 37 193 211
1842,193,5,115,7,64334,3,4.702727664795e-07,25,3,22,0.88000000,38.2373,7,7 13 19 31 37 61 67 73 79 103 109 127 139 151 157 163 181 193 199 223,43 97 211
1843,187,7,210,7,296277,3,4.708716049363e-07,25,10,15,0.60000000,37.6973,7,7 13 61 67 79 97 127 139 151 157 181 199 211 223 229,19 31 37 43 73 103 109 163 193 241
1844,79,6,180,6,32477,3,4.711735178875e-07,25,8,17,0.68000000,38.6325,7,7 31 37 43 67 73 109 139 151 157 163 193 199 211 223 229 241,13 19 61 79 97 103 127 181
1845,209,6,214,7,274295,3,4.713152372041e-07,25,8,17,0.68000000,38.2373,7,7 19 31 37 61 73 79 97 127 163 181 193 199 211 223 229 241,13 43 67 103 109 139 151 157
1846,163,7,212,7,281487,3,4.713885642162e-07,25,4,21,0.84000000,37.6973,7,7 13 19 31 37 43 61 67 79 97 109 127 151 163 181 193 199 211 223 229,73 103 139 157
1847,128,7,143,7,121322,3,4.717823667590e-07,25,10,15,0.60000000,37.6973,7,7 13 37 61 67 73 79 97 109 151 157 163 181 229 241,19 31 43 103 127 139 193 199 211 223
1848,204,6,169,7,158865,3,4.725506207797e-07,25,8,17,0.68000000,38.2373,7,7 43 61 67 73 79 97 139 151 157 163 181 193 199 211 223 229,13 19 31 37 103 109 127 241
1849,179,7,241,7,375882,3,4.727206192814e-07,25,10,15,0.60000000,37.6973,13,13 31 37 43 73 103 109 139 151 163 181 193 211 223 241,7 19 61 67 79 97 127 157 199 229
1850,242,6,243,7,368973,3,4.727852069095e-07,25,14,11,0.44000000,38.2373,37,37 61 67 73 103 139 163 181 193 229 241,7 13 19 31 43 79 97 109 127 151 157 199 211 223
1851,242,6,217,7,283803,3,4.732253929077e-07,25,12,13,0.52000000,38.2373,19,19 37 43 67 79 97 139 157 163 193 199 211 241,7 13 31 61 73 103 109 127 151 181 223 229
1852,200,5,111,6,12987,3,4.732627019727e-07,25,8,17,0.68000000,38.2373,7,7 13 19 31 37 43 73 79 97 109 127 157 163 181 193 211 241,61 67 103 139 151 199 223 229
1853,206,6,241,6,64820,3,4.734914115544e-07,25,12,13,0.52000000,38.6325,7,7 13 37 61 67 109 127 139 157 199 211 223 229,19 31 43 73 79 97 103 151 163 181 193 241
1854,242,6,225,7,308616,3,4.735156855277e-07,25,9,16,0.64000000,38.2373,7,7 13 19 31 79 97 103 127 139 151 181 193 211 223 229 241,37 43 61 67 73 109 157 163 199
1855,180,7,193,7,252492,3,4.735392943037e-07,25,7,18,0.72000000,37.6973,7,7 13 19 31 61 67 73 79 97 103 127 151 157 163 181 199 223 241,37 43 109 139 193 211 229
1856,222,6,205,7,248443,3,4.738281998352e-07,25,5,20,0.80000000,38.2373,7,7 13 19 37 43 67 73 79 97 103 109 139 151 157 163 193 199 211 229 241,31 61 127 181 223
1857,123,6,157,7,133039,3,4.741180251824e-07,25,8,17,0.68000000,38.2373,7,7 31 61 67 73 79 97 103 109 127 163 181 193 199 211 229 241,13 19 37 43 139 151 157 223
1858,154,6,179,7,180711,3,4.741602674747e-07,25,8,17,0.68000000,38.2373,7,7 13 19 37 43 79 97 103 109 139 163 181 199 211 223 229 241,31 61 67 73 127 151 157 193
1859,229,5,150,6,1862,4,4.746755350542e-07,53,24,29,0.54716981,73.5585,5,5 13 17 19 29 31 37 47 53 59 61 79 83 97 101 103 107 109 113 149,3 7 11 23 41 43 67 71 73 89 127 131 137 139 151 163 167 179 191 193
1860,247,6,213,7,271975,3,4.751065264010e-07,25,8,17,0.68000000,38.2373,7,7 19 43 61 67 79 97 103 109 127 139 151 157 181 193 211 241,13 31 37 73 163 199 223 229
1861,67,7,173,6,32033,3,4.758981500166e-07,25,10,15,0.60000000,38.2373,7,7 19 31 37 43 73 79 103 109 127 139 157 223 229 241,13 61 67 97 151 163 181 193 199 211
1862,109,6,123,7,75338,3,4.760803945881e-07,25,10,15,0.60000000,38.2373,7,7 13 61 79 97 103 109 127 139 151 157 163 199 223 229,19 31 37 43 67 73 181 193 211 241
1863,91,7,198,7,228829,3,4.760914324287e-07,25,10,15,0.60000000,37.6973,7,7 13 19 31 61 67 97 109 127 151 163 193 199 211 229,37 43 73 79 103 139 157 181 223 241
1864,53,7,109,6,14181,3,4.765173877598e-07,25,8,17,0.68000000,38.2373,7,7 31 37 43 61 73 79 97 103 109 151 157 181 199 211 223 241,13 19 67 127 139 163 193 229
1865,89,5,96,5,2395,3,4.767873746412e-07,25,9,16,0.64000000,37.5296,19,19 31 43 61 67 79 97 127 139 151 157 163 181 199 223 241,7 13 37 73 103 109 193 211 229
1866,200,6,149,7,119218,3,4.774592114558e-07,25,2,23,0.92000000,38.2373,7,7 13 19 37 43 61 67 73 79 97 103 109 127 139 151 157 163 181 193 199,31 223
1867,103,7,207,7,254109,3,4.776073444457e-07,25,11,14,0.56000000,37.6973,7,7 13 19 43 61 97 151 163 181 193 199 211 223 241,31 37 67 73 79 103 109 127 139 157 229
1868,114,7,187,7,202034,3,4.778692448368e-07,25,10,15,0.60000000,37.6973,19,19 31 37 67 103 109 139 151 157 163 181 193 199 211 229,7 13 43 61 73 79 97 127 223 241
1869,86,6,229,6,52490,3,4.785750662863e-07,25,10,15,0.60000000,38.6325,7,7 13 31 61 79 109 127 139 151 157 181 193 199 223 241,19 37 43 67 73 97 103 163 211 229
1870,217,5,200,6,40100,3,4.785758100256e-07,25,14,11,0.44000000,38.2373,13,13 19 73 97 103 109 139 157 193 211 223,7 31 37 43 61 67 79 127 151 163 181 199 229 241
1871,97,7,164,7,148453,3,4.786540079029e-07,25,11,14,0.56000000,37.6973,7,7 31 61 67 73 103 109 139 151 157 193 199 211 229,13 19 37 43 79 97 127 163 181 223 241
1872,181,6,225,7,308035,3,4.790522598898e-07,25,10,15,0.60000000,38.2373,7,7 19 31 37 43 67 97 103 109 127 181 199 211 223 229,13 61 73 79 139 151 157 163 193 241
1873,139,7,226,7,314529,3,4.791093246512e-07,25,11,14,0.56000000,37.6973,13,13 19 43 61 67 103 109 151 157 193 199 211 223 241,7 31 37 73 79 97 127 139 163 181 229
1874,172,7,181,7,221163,3,4.791195318373e-07,25,7,18,0.72000000,37.6973,7,7 13 19 31 37 43 61 79 97 103 139 151 157 163 181 211 223 241,67 73 109 127 193 199 229
1875,179,5,109,6,12300,3,4.794861749926e-07,25,7,18,0.72000000,38.2373,7,7 13 31 37 61 73 97 103 109 127 139 157 163 181 199 211 223 241,19 43 67 79 151 193 229
1876,123,7,250,7,394639,3,4.806074181515e-07,25,6,19,0.76000000,37.6973,7,7 13 19 31 37 43 67 79 97 103 109 139 151 157 163 181 193 199 241,61 73 127 211 223 229
1877,197,6,229,7,321025,3,4.806235283183e-07,25,9,16,0.64000000,38.2373,13,13 19 31 37 43 61 67 79 109 127 139 151 163 181 199 211,7 73 97 103 157 193 223 229 241
1878,108,7,179,7,182310,3,4.807597117860e-07,25,6,19,0.76000000,37.6973,31,31 37 43 67 73 79 103 109 127 139 151 157 181 193 199 211 223 229 241,7 13 19 61 97 163
1879,156,7,241,7,367091,3,4.808667723145e-07,25,9,16,0.64000000,37.6973,7,7 13 19 37 43 61 67 73 109 127 163 193 199 211 223 229,31 79 97 103 139 151 157 181 241
1880,199,6,235,7,340972,3,4.810860526233e-07,25,7,18,0.72000000,38.2373,7,7 13 31 43 73 79 103 109 127 139 151 163 181 193 199 223 229 241,19 37 61 67 97 157 211
1881,153,7,173,7,187583,3,4.814705609150e-07,25,11,14,0.56000000,37.6973,7,7 19 31 37 43 61 67 79 97 103 139 151 157 223,13 73 109 127 163 181 193 199 211 229 241
1882,133,5,169,6,28578,3,4.815045671780e-07,25,12,13,0.52000000,38.2373,13,13 43 61 73 79 97 103 127 181 193 223 229 241,7 19 31 37 67 109 139 151 157 163 199 211
1883,93,7,128,7,85413,3,4.815408974452e-07,25,8,17,0.68000000,37.6973,7,7 37 43 61 73 79 97 109 127 139 157 163 181 193 211 223 241,13 19 31 67 103 151 199 229
1884,119,7,233,7,335071,3,4.828923617758e-07,25,8,17,0.68000000,37.6973,7,7 13 19 31 37 73 79 97 103 109 127 139 163 193 199 211 229,43 61 67 151 157 181 223 241
1885,109,6,176,6,31548,3,4.832506192161e-07,25,6,19,0.76000000,38.6325,7,7 13 19 31 43 61 67 73 97 127 139 151 157 163 181 193 199 211 223,37 79 103 109 229 241
1886,64,7,141,6,23056,3,4.835416267738e-07,25,7,18,0.72000000,38.2373,7,7 13 31 37 61 67 73 79 97 127 139 151 163 181 199 211 223 229,19 43 103 109 157 193 241
1887,128,6,141,6,23056,3,4.835416267738e-07,25,7,18,0.72000000,38.6325,7,7 13 31 37 61 67 73 79 97 127 139 151 163 181 199 211 223 229,19 43 103 109 157 193 241
1888,225,5,242,6,58620,3,4.836630578153e-07,25,13,12,0.48000000,38.2373,7,7 13 43 61 97 103 139 157 193 199 211 241,19 31 37 67 73 79 109 127 151 163 181 223 229
1889,105,7,163,7,147328,3,4.839681071153e-07,25,8,17,0.68000000,37.6973,7,7 13 31 37 73 79 97 103 109 127 139 151 157 181 223 229 241,19 43 61 67 163 193 199 211
1890,185,7,193,7,259086,3,4.840530275543e-07,25,9,16,0.64000000,37.6973,19,19 43 61 79 97 103 109 127 139 151 157 163 199 223 229 241,7 13 31 37 67 73 181 193 211
1891,152,5,125,6,15735,3,4.844361635141e-07,25,9,16,0.64000000,38.2373,7,7 13 31 37 43 67 79 109 127 139 151 163 181 211 223 241,19 61 73 97 103 157 193 199 229
1892,92,6,107,7,54422,3,4.846013224836e-07,25,6,19,0.76000000,38.2373,7,7 13 31 37 61 67 79 97 103 127 139 151 157 181 193 199 211 223 229,19 43 73 109 163 241
1893,123,7,226,7,312574,3,4.846239781508e-07,25,9,16,0.64000000,37.6973,13,13 19 31 37 43 67 73 103 139 163 181 193 199 211 229 241,7 61 79 97 109 127 151 157 223
1894,131,6,205,6,42958,3,4.847474723779e-07,25,7,18,0.72000000,38.6325,7,7 13 31 37 43 61 97 103 109 127 139 151 181 193 199 211 223 229,19 67 73 79 157 163 241
1895,89,7,204,7,245229,3,4.848083031270e-07,25,6,19,0.76000000,37.6973,13,13 19 31 37 43 61 67 73 79 103 109 139 157 181 193 199 211 223 241,7 97 127 151 163 229
1896,41,7,227,5,945,4,4.850659308658e-07,53,25,28,0.52830189,73.5585,5,5 17 41 53 61 71 73 79 89 97 107 109 113 131 137 149 151 157 173 179,3 7 11 13 19 23 29 31 37 43 47 59 67 83 101 103 127 139 163 167
1897,183,7,220,7,316873,3,4.851140099950e-07,25,10,15,0.60000000,37.6973,7,7 19 37 43 67 73 79 97 103 127 181 193 211 223 241,13 31 61 109 139 151 157 163 199 229
1898,89,7,208,7,256563,3,4.852200374473e-07,25,5,20,0.80000000,37.6973,7,7 13 19 31 37 43 61 67 73 79 97 103 109 127 139 151 157 193 223 241,163 181 199 211 229
1899,227,6,191,7,211121,3,4.863134378802e-07,25,9,16,0.64000000,38.2373,7,7 19 31 37 43 67 79 109 139 151 157 163 181 193 211 241,13 61 73 97 103 127 199 223 229
1900,96,7,203,7,242617,3,4.863850212465e-07,25,5,20,0.80000000,37.6973,7,7 37 43 61 67 73 79 97 103 109 139 157 163 181 193 199 211 223 229 241,13 19 31 127 151
1901,236,6,235,7,341289,3,4.865366228932e-07,25,8,17,0.68000000,38.2373,7,7 31 61 67 73 79 103 109 127 139 151 181 193 211 223 229 241,13 19 37 43 97 157 163 199
1902,161,6,186,7,197632,3,4.868305532676e-07,25,8,17,0.68000000,38.2373,7,7 13 19 37 43 61 67 73 79 103 109 163 181 193 199 211 223,31 97 127 139 151 157 229 241
1903,67,7,247,6,61547,3,4.868907793982e-07,25,4,21,0.84000000,38.2373,7,7 13 19 31 37 43 61 79 103 109 139 151 157 163 181 193 199 211 223 229,67 73 97 127
1904,191,7,235,7,14867,4,4.871823189976e-07,53,29,24,0.45283019,72.1671,7,7 11 13 17 19 23 41 53 59 89 97 101 103 107 109 127 137 157 163 173,3 5 29 31 37 43 47 61 67 71 73 79 83 113 131 139 149 151 167 179
1905,97,7,202,7,239885,3,4.874648107509e-07,25,12,13,0.52000000,37.6973,7,7 31 67 103 127 151 157 181 193 199 211 229 241,13 19 37 43 61 73 79 97 109 139 163 223
1906,101,6,215,6,46390,3,4.875375733792e-07,25,7,18,0.72000000,38.6325,7,7 19 31 61 67 73 79 97 103 109 127 151 157 163 181 193 199 211,13 37 43 139 223 229 241
1907,180,4,181,5,5802,3,4.878966387558e-07,25,13,12,0.48000000,38.2373,13,13 19 61 67 79 109 139 157 163 193 199 241,7 31 37 43 73 97 103 127 151 181 211 223 229
1908,63,6,80,6,6873,3,4.879081572182e-07,25,8,17,0.68000000,38.6325,13,13 19 31 43 67 73 79 97 103 127 139 157 163 181 223 229 241,7 37 61 109 151 193 199 211
1909,233,6,182,7,189217,3,4.880572342994e-07,25,12,13,0.52000000,38.2373,37,37 61 73 103 109 127 139 157 181 193 199 211 241,7 13 19 31 43 67 79 97 151 163 223 229
1910,109,7,185,7,196604,3,4.883384013962e-07,25,9,16,0.64000000,37.6973,13,13 19 31 37 61 67 79 103 127 157 163 181 193 211 223 229,7 43 73 97 109 139 151 199 241
1911,44,7,91,7,37324,3,4.884507725423e-07,25,8,17,0.68000000,37.6973,7,7 19 31 37 43 73 79 97 109 127 139 163 181 193 211 223 241,13 61 67 103 151 157 199 229
1912,101,7,227,7,314697,3,4.896577311077e-07,25,8,17,0.68000000,37.6973,13,13 31 43 73 79 97 103 109 127 139 151 157 163 181 193 223 241,7 19 37 61 67 199 211 229
1913,92,6,237,6,56233,3,4.899705167513e-07,25,11,14,0.56000000,38.6325,7,7 13 31 61 67 139 151 157 163 181 193 199 211 229,19 37 43 73 79 97 103 109 127 223 241
1914,193,6,229,7,321003,3,4.900844882691e-07,25,7,18,0.72000000,38.2373,13,13 31 37 43 61 67 73 97 103 109 127 139 151 181 193 211 223 241,7 19 79 157 163 199 229
1915,237,6,185,7,9335,4,4.901203850156e-07,53,19,34,0.64150943,73.5585,3,3 5 13 17 19 23 29 31 37 41 43 47 53 73 79 89 97 101 127 131,7 11 59 61 67 71 83 103 107 109 113 137 157 163 181 193 227 229 251
1916,233,5,217,6,47192,3,4.902015729721e-07,25,14,11,0.44000000,38.2373,7,7 19 43 79 103 139 151 157 181 193 223,13 31 37 61 67 73 97 109 127 163 199 211 229 241
1917,219,7,247,7,431335,3,4.906900881974e-07,25,9,16,0.64000000,37.6973,7,7 13 19 31 37 61 67 73 79 139 151 163 181 211 223 229,43 97 103 109 127 157 193 199 241
1918,92,6,227,6,51605,3,4.907303403942e-07,25,11,14,0.56000000,38.6325,7,7 31 37 61 67 79 97 109 127 139 151 157 163 181,13 19 43 73 103 193 199 211 223 229 241
1919,173,7,227,7,329262,3,4.914148112350e-07,25,4,21,0.84000000,37.6973,13,13 19 37 43 61 67 73 79 97 103 127 139 151 157 163 193 199 211 223 229,7 31 109 181
1920,179,6,189,7,205256,3,4.914617132635e-07,25,9,16,0.64000000,38.2373,13,13 31 43 61 67 73 109 127 139 151 157 163 193 199 211 241,7 19 37 79 97 103 181 223 229
1921,170,6,107,7,56951,3,4.915957613586e-07,25,9,16,0.64000000,38.2373,7,7 13 19 37 61 73 79 97 103 139 157 163 193 211 223 229,31 43 67 109 127 151 181 199 241
1922,131,7,217,7,285699,3,4.916120047374e-07,25,9,16,0.64000000,37.6973,7,7 13 19 31 37 61 67 79 127 139 151 163 199 223 229 241,43 73 97 103 109 157 181 193 211
1923,243,5,112,6,1296,4,4.917110802148e-07,53,23,30,0.56603774,73.5585,5,5 7 11 13 17 23 29 37 41 53 59 61 67 71 73 103 113 137 139 149,3 19 31 43 47 79 83 89 97 101 107 109 127 131 163 167 179 191 193 223
1924,109,5,230,5,901,4,4.917173611611e-07,53,20,33,0.62264151,71.8756,5,5 13 17 23 29 37 41 43 47 53 61 73 79 89 97 101 103 107 109 131,3 7 11 19 31 59 67 71 83 113 127 157 167 173 181 191 199 211 239 251
1925,190,6,229,7,320988,3,4.918297440694e-07,25,9,16,0.64000000,38.2373,13,13 31 43 61 73 79 97 127 139 151 163 181 193 199 211 241,7 19 37 67 103 109 157 223 229
1926,97,6,105,7,52115,3,4.920745374244e-07,25,9,16,0.64000000,38.2373,19,19 31 37 61 67 73 127 139 157 163 193 199 211 223 229 241,7 13 43 79 97 103 109 151 181
1927,21,6,31,7,3022,3,4.922030413341e-07,25,11,14,0.56000000,38.2373,7,7 13 37 73 97 103 109 127 151 157 163 193 229 241,19 31 43 61 67 79 139 181 199 211 223
1928,189,6,104,7,56165,3,4.925029778320e-07,25,12,13,0.52000000,38.2373,19,19 61 67 73 97 103 109 127 151 163 199 211 229,7 13 31 37 43 79 139 157 181 193 223 241
1929,208,7,235,7,383549,3,4.927381276806e-07,25,5,20,0.80000000,37.6973,7,7 19 37 43 67 73 79 97 103 109 127 139 151 157 163 181 193 199 211 223,13 31 61 229 241
1930,201,6,206,7,250974,3,4.929658745589e-07,25,7,18,0.72000000,38.2373,7,7 31 37 43 73 79 97 109 127 139 151 163 193 199 211 223 229 241,13 19 61 67 103 157 181
1931,188,7,239,7,375260,3,4.935737214383e-07,25,8,17,0.68000000,37.6973,13,13 19 31 37 43 67 97 127 139 151 157 163 181 199 223 229 241,7 61 73 79 103 109 193 211
1932,205,7,227,7,359014,3,4.936882079519e-07,25,9,16,0.64000000,37.6973,7,7 13 37 43 61 73 103 127 139 163 181 199 211 223 229 241,19 31 67 79 97 109 151 157 193
1933,82,7,157,7,133442,3,4.940753614266e-07,25,9,16,0.64000000,37.6973,19,19 31 43 67 79 97 103 109 127 139 151 163 193 199 229 241,7 13 37 61 73 157 181 211 223
1934,145,7,238,7,354640,3,4.942068840581e-07,25,11,14,0.56000000,37.6973,7,7 13 31 43 61 67 103 109 127 163 181 199 211 241,19 37 73 79 97 139 151 157 193 223 229
1935,188,6,105,7,56966,3,4.943340764809e-07,25,9,16,0.64000000,38.2373,19,19 31 37 43 61 67 73 97 109 127 139 163 193 199 211 223,7 13 79 103 151 157 181 229 241
1936,122,7,227,7,315687,3,4.947746817547e-07,25,13,12,0.48000000,37.6973,13,13 43 61 67 73 79 109 139 151 163 181 211,7 19 31 37 97 103 127 157 193 199 223 229 241
1937,115,7,118,7,83613,3,4.956357106092e-07,25,9,16,0.64000000,37.6973,7,7 13 43 61 67 79 97 103 109 139 151 163 181 199 211 241,19 31 37 73 127 157 193 223 229
1938,128,7,181,7,190628,3,4.957343887077e-07,25,9,16,0.64000000,37.6973,31,31 37 67 73 79 97 109 127 139 157 163 181 199 223 229 241,7 13 19 43 61 103 151 193 211
1939,99,7,190,7,208254,3,4.962864940947e-07,25,6,19,0.76000000,37.6973,7,7 13 19 31 37 61 73 79 97 103 109 139 151 181 193 211 223 229 241,43 67 127 157 163 199
1940,163,6,155,7,129429,3,4.968132956625e-07,25,12,13,0.52000000,38.2373,7,7 13 19 37 67 73 103 139 151 181 193 223 229,31 43 61 79 97 109 127 157 163 199 211 241
1941,186,5,181,6,32830,3,4.968774407132e-07,25,8,17,0.68000000,38.2373,7,7 13 19 61 73 97 103 109 127 139 157 163 193 199 211 223 229,31 37 43 67 79 151 181 241
1942,227,6,210,7,262789,3,4.970345963482e-07,25,13,12,0.48000000,38.2373,13,13 19 31 37 61 67 97 103 109 163 181 229,7 43 73 79 127 139 151 157 193 199 211 223 241
1943,203,5,118,7,68320,3,4.972532823421e-07,25,11,14,0.56000000,38.2373,13,13 31 37 61 73 97 103 127 151 193 199 211 229 241,7 19 43 67 79 109 139 157 163 181 223
1944,90,6,119,7,69690,3,4.976333772181e-07,25,13,12,0.48000000,38.2373,19,19 31 37 43 79 127 139 157 193 199 223 241,7 13 61 67 73 97 103 109 151 163 181 211 229
1945,89,7,229,7,320979,3,4.977096106432e-07,25,8,17,0.68000000,37.6973,7,7 13 37 43 79 97 103 109 139 157 163 181 193 199 211 223 229,19 31 61 67 73 127 151 241
1946,213,7,232,7,382738,3,4.978429971558e-07,25,11,14,0.56000000,37.6973,7,7 13 31 43 61 67 97 127 139 151 157 193 211 229,19 37 73 79 103 109 163 181 199 223 241
1947,226,4,225,5,8336,3,4.983173022904e-07,25,11,14,0.56000000,38.2373,7,7 13 31 37 43 79 97 103 109 139 157 199 211 223,19 61 67 73 127 151 163 181 193 229 241
1948,223,4,174,5,5451,3,4.987783097135e-07,25,13,12,0.48000000,38.2373,19,19 61 67 73 79 97 139 151 157 193 211 241,7 13 31 37 43 103 109 127 163 181 199 223 229
1949,225,5,71,7,21306,3,4.992263191103e-07,25,11,14,0.56000000,38.2373,7,7 13 31 37 61 109 151 157 181 199 211 223 229 241,19 43 67 73 79 97 103 127 139 163 193
1950,216,5,119,6,14903,3,4.992435692200e-07,25,9,16,0.64000000,38.2373,13,13 37 43 61 67 73 97 103 127 139 151 163 193 199 211 241,7 19 31 79 109 157 181 223 229
1951,128,7,237,7,349146,3,4.993386814228e-07,25,12,13,0.52000000,37.6973,31,31 37 61 67 79 103 127 139 157 163 193 211 223,7 13 19 43 73 97 109 151 181 199 229 241
1952,163,7,243,7,375838,3,4.995934514357e-07,25,9,16,0.64000000,37.6973,13,13 19 31 43 61 67 73 127 139 151 157 163 193 199 223 241,7 37 79 97 103 109 181 211 229
1953,198,6,217,7,283220,3,4.995962530565e-07,25,8,17,0.68000000,38.2373,13,13 19 37 43 61 73 79 97 109 127 151 157 163 181 193 199 223,7 31 67 103 139 211 229 241
1954,70,7,169,6,31593,3,4.998608007950e-07,25,5,20,0.80000000,38.2373,19,19 31 37 43 61 73 79 97 109 127 151 157 163 181 193 199 211 223 229 241,7 13 67 103 139
1955,206,6,229,7,321083,3,5.000021858662e-07,25,11,14,0.56000000,38.2373,13,13 31 37 43 61 73 97 109 127 163 181 193 211 241,7 19 67 79 103 139 151 157 199 223 229
1956,48,7,97,7,43336,3,5.000488323678e-07,25,9,16,0.64000000,37.6973,7,7 13 19 31 37 43 61 79 97 109 127 151 157 181 193 199,67 73 103 139 163 211 223 229 241
1957,209,6,208,7,256761,3,5.004602122272e-07,25,8,17,0.68000000,38.2373,37,37 43 61 67 73 79 103 109 127 139 157 163 181 193 199 223 229,7 13 19 31 97 151 211 241
1958,231,6,191,7,211234,3,5.005505124168e-07,25,5,20,0.80000000,38.2373,7,7 13 31 37 43 67 73 79 97 103 127 139 151 157 163 181 193 199 211 223,19 61 109 229 241
1959,74,7,155,6,29632,3,5.010012029766e-07,25,8,17,0.68000000,38.2373,7,7 13 31 61 73 79 97 103 109 127 139 151 163 181 193 229 241,19 37 43 67 157 199 211 223
1960,229,6,151,7,124594,3,5.015491720893e-07,25,8,17,0.68000000,38.2373,7,7 13 31 37 43 61 73 79 97 103 127 157 163 181 199 211 229,19 67 109 139 151 193 223 241
1961,227,6,221,7,295812,3,5.020051620987e-07,25,9,16,0.64000000,38.2373,7,7 19 31 61 67 79 97 109 139 157 181 199 211 223 229 241,13 37 43 73 103 127 151 163 193
1962,217,6,207,7,254013,3,5.022213984769e-07,25,7,18,0.72000000,38.2373,7,7 19 31 37 61 73 79 97 103 127 139 151 163 181 199 211 229 241,13 43 67 109 157 193 223
1963,219,6,230,7,324464,3,5.024027756818e-07,25,8,17,0.68000000,38.2373,19,19 31 37 61 67 73 79 97 109 139 151 157 163 181 211 223 241,7 13 43 103 127 193 199 229
1964,152,7,215,7,284841,3,5.024441477990e-07,25,7,18,0.72000000,37.6973,7,7 13 19 31 37 43 61 67 79 97 103 127 181 193 211 223 229 241,73 109 139 151 157 163 199
1965,169,7,250,7,402016,3,5.027512867285e-07,25,7,18,0.72000000,37.6973,13,13 37 43 61 79 97 103 109 127 139 151 163 181 193 199 223 229 241,7 19 31 67 73 157 211
1966,167,7,216,7,294567,3,5.029594297191e-07,25,8,17,0.68000000,37.6973,7,7 13 37 43 67 73 97 109 139 151 157 163 181 211 223 229 241,19 31 61 79 103 127 193 199
1967,83,7,174,7,169340,3,5.031050690190e-07,25,7,18,0.72000000,37.6973,7,7 13 19 31 37 43 61 73 79 97 127 139 151 181 193 199 223 241,67 103 109 157 163 211 229
1968,211,6,172,7,165605,3,5.031551560395e-07,25,7,18,0.72000000,38.2373,7,7 13 31 61 67 73 79 97 127 139 163 181 193 199 211 223 229 241,19 37 43 103 109 151 157
1969,170,6,231,6,56049,3,5.031834538194e-07,25,7,18,0.72000000,38.6325,13,13 31 43 61 67 97 103 109 127 139 151 157 163 181 199 211 223 229,7 19 37 73 79 193 241
1970,185,5,199,6,39647,3,5.033881054016e-07,25,9,16,0.64000000,38.2373,13,13 19 43 67 73 97 103 109 127 139 151 157 181 199 211 223,7 31 37 61 79 163 193 229 241
1971,241,6,210,7,263074,3,5.033928408239e-07,25,13,12,0.48000000,38.2373,13,13 31 37 73 79 97 103 139 151 193 223 241,7 19 43 61 67 109 127 157 163 181 199 211 229
1972,196,6,157,7,134034,3,5.038179987812e-07,25,10,15,0.60000000,38.2373,7,7 13 31 37 43 61 67 73 97 139 151 163 181 211 241,19 79 103 109 127 157 193 199 223 229
1973,59,5,241,4,1599,3,5.041184595960e-07,25,7,18,0.72000000,38.2373,7,7 13 19 31 37 43 61 73 79 97 109 151 157 163 181 193 199 241,67 103 127 139 211 223 229
1974,136,7,235,7,343246,3,5.042697955177e-07,25,15,10,0.40000000,37.6973,19,19 61 73 103 109 127 151 157 163 229,7 13 31 37 43 67 79 97 139 181 193 199 211 223 241
1975,149,7,163,7,167359,3,5.047462239128e-07,25,14,11,0.44000000,37.6973,7,7 19 61 97 103 127 151 163 211 229 241,13 31 37 43 67 73 79 109 139 157 181 193 199 223
1976,113,7,222,7,299295,3,5.047744118227e-07,25,8,17,0.68000000,37.6973,13,13 19 37 43 61 73 79 97 103 139 157 163 181 193 199 211 241,7 31 67 109 127 151 223 229
1977,169,6,242,6,60746,3,5.049652388853e-07,25,9,16,0.64000000,38.6325,7,7 19 31 43 61 73 79 97 109 139 151 181 193 199 223 241,13 37 67 103 127 157 163 211 229
1978,170,7,183,7,222240,3,5.049888663781e-07,25,9,16,0.64000000,37.6973,7,7 13 31 37 61 73 79 103 109 127 157 163 193 211 223 241,19 43 67 97 139 151 181 199 229
1979,82,7,161,7,7293,4,5.051026215555e-07,53,20,33,0.62264151,72.1671,5,5 7 13 19 29 31 37 41 47 53 59 61 79 83 101 109 113 127 131 137,3 11 17 23 43 67 71 73 89 97 103 107 149 151 163 179 211 227 239 251
1980,247,6,192,7,214329,3,5.054763493528e-07,25,7,18,0.72000000,38.2373,7,7 13 19 31 37 61 67 79 97 103 109 127 139 151 193 199 211 241,43 73 157 163 181 223 229
1981,94,6,103,7,49823,3,5.054996323630e-07,25,10,15,0.60000000,38.2373,19,19 31 37 43 67 73 79 97 127 151 157 163 199 229 241,7 13 61 103 109 139 181 193 211 223
1982,103,7,168,7,157408,3,5.061396440693e-07,25,8,17,0.68000000,37.6973,7,7 13 19 31 37 61 67 97 103 109 139 151 157 193 199 211 223,43 73 79 127 163 181 229 241
1983,219,7,242,7,417492,3,5.063337891121e-07,25,12,13,0.52000000,37.6973,13,13 37 61 73 97 103 139 157 163 181 211 223 241,7 19 31 43 67 79 109 127 151 193 199 229
1984,219,7,241,7,414819,3,5.063582657437e-07,25,8,17,0.68000000,37.6973,7,7 19 31 37 67 97 109 127 139 151 157 163 199 211 223 229 241,13 43 61 73 79 103 181 193
1985,208,6,235,7,341026,3,5.066398970757e-07,25,10,15,0.60000000,38.2373,7,7 31 43 79 103 127 139 157 181 193 199 211 223 229 241,13 19 37 61 67 73 97 109 151 163
1986,158,7,241,7,367609,3,5.066782533784e-07,25,9,16,0.64000000,37.6973,13,13 31 37 43 67 73 79 139 151 157 163 181 193 199 223 241,7 19 61 97 103 109 127 211 229
1987,41,6,223,5,8224,3,5.067028245537e-07,25,9,16,0.64000000,38.2373,19,19 31 43 67 79 97 109 139 151 157 163 181 193 199 211 229,7 13 37 61 73 103 127 223 241
1988,206,6,157,7,134399,3,5.067395942765e-07,25,10,15,0.60000000,38.2373,7,7 19 61 67 73 79 97 103 127 139 193 199 211 229 241,13 31 37 43 109 151 157 163 181 223
1989,209,5,250,6,62534,3,5.067927956612e-07,25,9,16,0.64000000,38.2373,13,13 37 43 61 73 79 97 103 127 157 163 193 211 223 229 241,7 19 31 67 109 139 151 181 199
1990,219,6,215,7,277400,3,5.068690938193e-07,25,10,15,0.60000000,38.2373,61,61 73 97 103 109 127 151 157 163 181 193 199 223 229 241,7 13 19 31 37 43 67 79 139 211
1991,21,7,193,5,6460,3,5.071996729090e-07,25,9,16,0.64000000,38.2373,7,7 19 43 67 73 97 103 109 139 151 181 193 199 211 223 229,13 31 37 61 79 127 157 163 241
1992,55,6,79,7,26792,3,5.074099041168e-07,25,8,17,0.68000000,38.2373,7,7 13 19 43 67 73 97 103 127 139 157 163 181 199 211 229 241,31 37 61 79 109 151 193 223
1993,212,7,249,7,428346,3,5.079248317591e-07,25,7,18,0.72000000,37.6973,13,13 19 37 43 61 67 73 109 127 139 151 157 163 181 193 199 229 241,7 31 79 97 103 211 223
1994,159,7,190,7,225769,3,5.079684830564e-07,25,11,14,0.56000000,37.6973,43,43 61 67 73 79 97 103 139 163 181 193 199 211 223,7 13 19 31 37 109 127 151 157 229 241
1995,239,6,238,7,351535,3,5.084290722366e-07,25,11,14,0.56000000,38.2373,13,13 19 31 37 43 61 67 97 127 151 157 211 223 241,7 73 79 103 109 139 163 181 193 199 229
1996,173,6,139,7,100969,3,5.086772598033e-07,25,12,13,0.52000000,38.2373,13,13 19 43 61 73 103 127 157 181 199 211 229 241,7 31 37 67 79 97 109 139 151 163 193 223
1997,95,7,213,6,54650,3,5.087474919622e-07,25,12,13,0.52000000,38.2373,7,7 13 37 43 73 97 103 127 139 151 163 181 193,19 31 61 67 79 109 157 199 211 223 229 241
1998,123,7,227,7,315766,3,5.089503221799e-07,25,11,14,0.56000000,37.6973,19,19 31 43 61 67 79 103 109 127 151 163 181 211 229,7 13 37 73 97 139 157 193 199 223 241
1999,111,6,142,7,105254,3,5.095001885359e-07,25,10,15,0.60000000,38.2373,7,7 13 31 43 67 73 79 103 109 127 163 181 199 223 229,19 37 61 97 139 151 157 193 211 241
2000,186,5,47,7,9001,3,5.096216024558e-07,25,10,15,0.60000000,38.2373,13,13 19 43 61 67 73 79 97 103 109 139 199 211 223 229,7 31 37 127 151 157 163 181 193 241
2001,217,5,104,7,50926,3,5.100029008978e-07,25,13,12,0.48000000,38.2373,13,13 19 31 67 103 139 151 157 163 199 223 229,7 37 43 61 73 79 97 109 127 181 193 211 241
2002,75,7,149,7,118018,3,5.106349657469e-07,25,8,17,0.68000000,37.6973,13,13 19 37 43 61 67 79 103 109 139 151 157 163 193 199 223 241,7 31 73 97 127 181 211 229
2003,206,4,193,5,6460,3,5.108237465149e-07,25,12,13,0.52000000,38.2373,13,13 31 37 43 61 67 97 127 151 181 199 229 241,7 19 73 79 103 109 139 157 163 193 211 223
2004,136,7,177,7,184723,3,5.112116108852e-07,25,12,13,0.52000000,37.6973,7,7 31 61 67 73 97 109 127 139 163 199 223 241,13 19 37 43 79 103 151 157 181 193 211 229
2005,121,7,233,7,335195,3,5.116627217262e-07,25,8,17,0.68000000,37.6973,7,7 13 19 31 37 61 67 73 97 103 109 127 163 193 199 223 241,43 79 139 151 157 181 211 229
2006,111,7,128,7,91679,3,5.119244321149e-07,25,11,14,0.56000000,37.6973,31,31 37 61 73 79 97 103 109 139 163 181 193 199 241,7 13 19 43 67 127 151 157 211 223 229
2007,124,6,239,6,57490,3,5.120201998020e-07,25,14,11,0.44000000,38.6325,7,7 13 61 67 79 97 103 151 193 211 229,19 31 37 43 73 109 127 139 157 163 181 199 223 241
2008,73,6,227,6,51548,3,5.120960669976e-07,25,7,18,0.72000000,38.6325,7,7 13 31 37 43 61 67 97 103 127 139 157 163 193 199 211 223 229,19 73 79 109 151 181 241
2009,188,5,219,6,47995,3,5.124211645580e-07,25,13,12,0.48000000,38.2373,19,19 31 67 73 97 109 127 157 163 181 193 211,7 13 37 43 61 79 103 139 151 199 223 229 241
2010,106,6,111,7,59348,3,5.125947747433e-07,25,10,15,0.60000000,38.2373,31,31 43 61 67 79 97 109 127 151 157 181 193 211 223 229,7 13 19 37 73 103 139 163 199 241
2011,135,6,166,7,151532,3,5.129022557809e-07,25,7,18,0.72000000,38.2373,13,13 19 31 37 43 61 73 79 103 109 127 157 163 181 211 223 229 241,7 67 97 139 151 193 199
2012,138,7,229,7,323893,3,5.130536879074e-07,25,5,20,0.80000000,37.6973,7,7 13 19 31 37 43 61 67 73 97 103 109 127 151 181 193 199 211 223 229,79 139 157 163 241
2013,97,5,108,6,11685,3,5.133789419001e-07,25,9,16,0.64000000,38.2373,13,13 19 31 37 43 61 73 79 103 139 157 163 181 193 223 229,7 67 97 109 127 151 199 211 241
2014,152,7,179,7,198002,3,5.134153763636e-07,25,11,14,0.56000000,37.6973,7,7 13 31 43 61 79 97 103 109 139 151 163 199 229,19 37 67 73 127 157 181 193 211 223 241
2015,67,7,139,7,100286,3,5.134232635967e-07,25,4,21,0.84000000,37.6973,7,7 13 19 31 37 43 73 79 97 109 127 139 151 157 163 193 199 211 223 229,61 67 103 181
2016,230,6,187,7,201196,3,5.135705202052e-07,25,12,13,0.52000000,38.2373,13,13 19 31 37 73 139 151 163 181 193 199 229 241,7 43 61 67 79 97 103 109 127 157 211 223
2017,233,6,167,7,155810,3,5.142526459680e-07,25,11,14,0.56000000,38.2373,13,13 31 37 61 79 97 109 127 139 163 181 193 211 223,7 19 43 67 73 103 151 157 199 229 241
2018,151,6,158,7,135175,3,5.148544598315e-07,25,7,18,0.72000000,38.2373,7,7 13 19 31 43 61 73 97 103 109 127 151 193 199 211 223 229 241,37 67 79 139 157 163 181
2019,229,5,83,7,30281,3,5.148870277121e-07,25,7,18,0.72000000,38.2373,7,7 13 31 37 43 67 73 79 109 127 151 157 163 181 193 223 229 241,19 61 97 103 139 199 211
2020,223,6,198,7,229282,3,5.150446090549e-07,25,2,23,0.92000000,38.2373,7,7 13 19 31 37 43 61 67 73 97 103 109 139 151 157 163 181 193 199 211,79 127
2021,186,5,107,7,3561,4,5.152103547250e-07,53,24,29,0.54716981,73.5585,3,3 5 17 19 23 29 37 53 59 61 71 73 83 89 97 103 149 151 157 167,7 11 13 31 41 43 47 67 79 101 107 109 113 127 131 137 139 163 191 197
2022,115,7,167,7,157252,3,5.154233809635e-07,25,7,18,0.72000000,37.6973,7,7 13 19 31 37 43 79 97 103 139 151 157 163 193 199 211 223 229,61 67 73 109 127 181 241
2023,119,7,235,7,341761,3,5.154718139360e-07,25,10,15,0.60000000,37.6973,7,7 19 37 43 67 73 97 103 109 139 151 163 181 193 229,13 31 61 79 127 157 199 211 223 241
2024,91,7,225,7,308093,3,5.156115206552e-07,25,7,18,0.72000000,37.6973,13,13 37 61 67 73 109 127 139 151 157 163 181 193 199 211 223 229 241,7 19 31 43 79 97 103
2025,197,6,212,7,268260,3,5.156938316379e-07,25,12,13,0.52000000,38.2373,7,7 13 19 67 97 103 127 151 181 193 199 211 241,31 37 43 61 73 79 109 139 157 163 223 229
2026,181,5,183,5,7365,3,5.158455632348e-07,25,8,17,0.68000000,37.5296,31,31 37 43 61 67 79 103 127 151 157 163 181 199 211 223 229 241,7 13 19 73 97 109 139 193
2027,247,6,236,7,344825,3,5.160198633284e-07,25,12,13,0.52000000,38.2373,13,13 37 43 61 67 73 109 139 151 157 181 193 229,7 19 31 79 97 103 127 163 199 211 223 241
2028,73,7,224,6,51598,3,5.160313340889e-07,25,11,14,0.56000000,38.2373,7,7 13 19 31 67 79 97 103 151 157 163 223 229 241,37 43 61 73 109 127 139 181 193 199 211
2029,247,6,174,7,171633,3,5.161909283837e-07,25,11,14,0.56000000,38.2373,19,19 43 67 73 79 97 151 163 181 193 211 223 229 241,7 13 31 37 61 103 109 127 139 157 199
2030,178,7,227,7,332380,3,5.163300690460e-07,25,8,17,0.68000000,37.6973,13,13 19 31 37 61 67 73 79 97 103 139 151 157 181 193 229 241,7 43 109 127 163 199 211 223
2031,240,6,227,7,314979,3,5.166520384087e-07,25,7,18,0.72000000,38.2373,7,7 13 31 61 67 73 79 97 109 127 139 151 163 181 199 211 223 229,19 37 43 103 157 193 241
2032,54,7,233,6,54440,3,5.166926524703e-07,25,10,15,0.60000000,38.2373,19,19 31 37 61 67 79 103 109 127 163 181 193 199 211 241,7 13 43 73 97 139 151 157 223 229
2033,196,6,213,7,271205,3,5.167929336094e-07,25,10,15,0.60000000,38.2373,7,7 13 19 31 37 43 67 73 109 139 163 181 193 199 241,61 79 97 103 127 151 157 211 223 229
2034,227,5,148,6,22315,3,5.169838575071e-07,25,8,17,0.68000000,38.2373,19,19 37 61 67 73 79 103 127 139 157 163 193 199 211 223 229 241,7 13 31 43 97 109 151 181
2035,129,7,224,7,306847,3,5.173830226265e-07,25,10,15,0.60000000,37.6973,7,7 13 37 43 73 79 97 109 151 157 193 199 211 223 229,19 31 61 67 103 127 139 163 181 241
2036,167,5,124,6,15557,3,5.181018644893e-07,25,7,18,0.72000000,38.2373,13,13 19 31 37 43 61 67 97 103 109 127 163 181 193 199 211 223 229,7 73 79 139 151 157 241
2037,162,7,241,7,368765,3,5.186141141876e-07,25,17,8,0.32000000,37.6973,7,7 19 61 73 109 163 193 223,13 31 37 43 67 79 97 103 127 139 151 157 181 199 211 229 241
2038,137,7,248,7,15559,4,5.188616392378e-07,53,23,30,0.56603774,72.1671,13,13 17 23 29 31 37 41 47 53 59 67 71 73 97 101 107 109 113 127 137,3 5 7 11 19 43 61 79 83 89 103 131 139 151 167 179 191 197 199 211
2039,122,7,125,7,95796,3,5.190438360666e-07,25,10,15,0.60000000,37.6973,7,7 31 37 67 73 103 127 151 157 163 181 199 211 229 241,13 19 43 61 79 97 109 139 193 223
2040,85,7,217,6,51485,3,5.194120282232e-07,25,7,18,0.72000000,38.2373,13,13 19 37 43 61 73 79 97 103 109 127 139 157 163 193 223 229 241,7 31 67 151 181 199 211
2041,150,7,193,7,226911,3,5.199280424120e-07,25,7,18,0.72000000,37.6973,37,37 61 67 73 79 97 103 109 127 139 151 157 163 181 211 223 229 241,7 13 19 31 43 193 199
2042,204,4,191,5,6349,3,5.202344348652e-07,25,12,13,0.52000000,38.2373,7,7 37 73 79 97 103 109 181 193 199 211 223 229,13 19 31 43 61 67 127 139 151 157 163 241
2043,211,7,224,7,360669,3,5.203279188824e-07,25,15,10,0.40000000,37.6973,13,13 31 109 151 157 163 181 193 229 241,7 19 37 43 61 67 73 79 97 103 127 139 199 211 223
2044,233,4,39,6,1863,3,5.204110433081e-07,25,7,18,0.72000000,40.2466,7,7 31 37 43 61 73 79 97 127 139 151 157 163 181 193 199 211 229,13 19 67 103 109 223 241
2045,79,6,241,6,58105,3,5.204234803496e-07,25,10,15,0.60000000,38.6325,7,7 31 37 43 67 73 109 127 139 157 163 181 193 199 211,13 19 61 79 97 103 151 223 229 241
2046,133,6,124,7,76987,3,5.206825960699e-07,25,5,20,0.80000000,38.2373,7,7 13 19 37 43 61 67 73 97 103 109 139 151 157 163 181 193 199 223 229,31 79 127 211 241
2047,189,7,221,7,325109,3,5.208001309820e-07,25,8,17,0.68000000,37.6973,7,7 13 61 67 73 79 97 103 109 127 139 163 181 193 223 229 241,19 31 37 43 151 157 199 211
2048,107,7,180,7,184523,3,5.208819469732e-07,25,11,14,0.56000000,37.6973,19,19 31 61 67 73 79 97 103 109 127 151 157 199 229,7 13 37 43 139 163 181 193 211 223 241
2049,185,6,201,7,236898,3,5.209678145532e-07,25,13,12,0.48000000,38.2373,31,31 37 43 73 79 97 127 139 157 211 229 241,7 13 19 61 67 103 109 151 163 181 193 199 223
2050,194,5,71,7,21082,3,5.211626274808e-07,25,4,21,0.84000000,38.2373,7,7 13 31 37 43 67 73 79 97 109 127 139 151 157 163 181 193 199 211 229,19 61 103 223
2051,71,7,122,7,74372,3,5.212930501709e-07,25,8,17,0.68000000,37.6973,7,7 13 31 37 61 67 73 97 103 139 151 157 163 181 211 223 229,19 43 79 109 127 193 199 241
2052,190,6,149,7,1109,5,5.218293120950e-07,13,3,10,0.76923077,28.9853,31,31 41 61 101 131 151 181 191 211 251,11 71 241
2053,203,6,129,7,87261,3,5.222727886427e-07,25,7,18,0.72000000,38.2373,7,7 13 19 31 37 61 67 73 79 103 139 151 157 163 181 199 211 223,43 97 109 127 193 229 241
2054,75,7,188,7,202582,3,5.227965996298e-07,25,8,17,0.68000000,37.6973,7,7 13 19 31 37 61 67 73 79 103 109 151 157 163 181 223 241,43 97 127 139 193 199 211 229
2055,203,7,248,7,415832,3,5.228970050643e-07,25,11,14,0.56000000,37.6973,7,7 13 31 37 67 73 103 109 127 193 211 223 229 241,19 43 61 79 97 139 151 157 163 181 199
2056,205,6,192,7,213214,3,5.233697981648e-07,25,8,17,0.68000000,38.2373,7,7 13 19 37 43 61 67 103 109 127 139 151 157 193 199 211 223,31 73 79 97 163 181 229 241
2057,83,7,176,6,38453,3,5.233773144908e-07,25,8,17,0.68000000,38.2373,13,13 19 31 43 61 67 97 103 127 151 157 163 199 211 223 229 241,7 37 73 79 109 139 181 193
2058,167,7,208,7,273536,3,5.238123204952e-07,25,9,16,0.64000000,37.6973,7,7 13 31 67 73 79 103 139 151 157 181 193 199 211 223 229,19 37 43 61 97 109 127 163 241
2059,85,7,137,7,97885,3,5.240182683078e-07,25,10,15,0.60000000,37.6973,7,7 19 31 61 67 73 79 97 103 109 127 193 199 229 241,13 37 43 139 151 157 163 181 211 223
2060,141,7,200,7,240485,3,5.240422964829e-07,25,12,13,0.52000000,37.6973,7,7 13 19 73 97 151 157 163 193 199 211 223 229,31 37 43 61 67 79 103 109 127 139 181 241
2061,123,7,143,7,118136,3,5.242530824250e-07,25,11,14,0.56000000,37.6973,13,13 31 37 43 67 73 79 97 103 151 157 181 211 241,7 19 61 109 127 139 163 193 199 223 229
2062,209,6,217,6,57262,3,5.243304440167e-07,25,10,15,0.60000000,38.6325,13,13 37 67 73 109 127 139 151 157 163 181 193 199 223 229,7 19 31 43 61 79 97 103 211 241
2063,161,6,78,7,32705,3,5.247653060861e-07,25,11,14,0.56000000,38.2373,19,19 31 37 43 67 73 103 109 139 151 163 211 229 241,7 13 61 79 97 127 157 181 193 199 223
2064,49,6,73,7,22281,3,5.250532537337e-07,25,6,19,0.76000000,38.2373,7,7 13 37 61 67 79 97 103 127 139 151 163 181 193 199 211 223 229 241,19 31 43 73 109 157
2065,90,7,227,7,314497,3,5.253045150963e-07,25,5,20,0.80000000,37.6973,7,7 13 19 31 37 43 61 73 97 103 127 139 157 181 193 199 211 223 229 241,67 79 109 151 163
2066,193,6,228,7,317747,3,5.256539717456e-07,25,12,13,0.52000000,38.2373,7,7 31 37 43 61 67 73 97 109 151 157 163 229,13 19 79 103 127 139 181 193 199 211 223 241
2067,165,7,193,7,236954,3,5.260550203989e-07,25,10,15,0.60000000,37.6973,13,13 31 37 43 67 79 97 109 127 151 163 193 199 211 223,7 19 61 73 103 139 157 181 229 241
2068,167,6,204,7,245104,3,5.267705019576e-07,25,7,18,0.72000000,38.2373,7,7 19 31 37 43 67 79 97 103 109 127 139 157 163 193 199 211 229,13 61 73 151 181 223 241
2069,146,6,173,7,166882,3,5.268642663407e-07,25,8,17,0.68000000,38.2373,19,19 31 37 43 61 79 97 103 139 151 157 163 193 199 211 229 241,7 13 67 73 109 127 181 223
2070,218,6,211,7,265557,3,5.272455743124e-07,25,8,17,0.68000000,38.2373,7,7 13 19 31 37 43 61 79 97 103 109 127 151 157 163 223 229,67 73 139 181 193 199 211 241
2071,205,6,97,7,53719,3,5.273547094300e-07,25,8,17,0.68000000,38.2373,19,19 31 37 43 61 67 79 103 109 163 181 193 199 211 223 229 241,7 13 73 97 127 139 151 157
2072,189,6,223,7,301730,3,5.275399613950e-07,25,9,16,0.64000000,38.2373,13,13 19 31 43 61 73 103 109 139 151 157 181 193 199 211 241,7 37 67 79 97 127 163 223 229
2073,124,7,177,7,180630,3,5.275607528867e-07,25,7,18,0.72000000,37.6973,13,13 19 31 37 67 79 97 103 127 151 157 163 181 193 199 211 229 241,7 43 61 73 109 139 223
2074,219,6,173,7,168078,3,5.276470327729e-07,25,6,19,0.76000000,38.2373,13,13 19 31 37 43 61 67 79 97 103 109 127 151 163 193 199 223 229 241,7 73 139 157 181 211
2075,111,7,220,7,292990,3,5.279032640578e-07,25,9,16,0.64000000,37.6973,7,7 19 31 37 43 73 79 127 139 151 163 193 199 223 229 241,13 61 67 97 103 109 157 181 211
2076,205,6,229,7,321076,3,5.282312775768e-07,25,11,14,0.56000000,38.2373,13,13 31 37 43 61 67 79 103 127 139 151 157 181 211,7 19 73 97 109 163 193 199 223 229 241
2077,249,6,224,7,305581,3,5.289088340888e-07,25,9,16,0.64000000,38.2373,13,13 37 43 61 67 73 79 127 151 157 181 193 199 211 223 229,7 19 31 97 103 109 139 163 241
2078,139,6,100,7,47506,3,5.296299303090e-07,25,7,18,0.72000000,38.2373,7,7 13 31 43 61 73 79 97 103 109 127 157 181 193 199 211 223 241,19 37 67 139 151 163 229
2079,169,6,150,7,120090,3,5.302836755646e-07,25,10,15,0.60000000,38.2373,7,7 13 31 67 79 109 127 139 151 157 193 199 211 223 241,19 37 43 61 73 97 103 163 181 229
2080,127,7,219,7,291202,3,5.307179565355e-07,25,9,16,0.64000000,37.6973,7,7 19 31 67 73 97 103 109 127 139 151 163 181 193 211 223,13 37 43 61 79 157 199 229 241
2081,179,7,231,7,344783,3,5.309263715151e-07,25,6,19,0.76000000,37.6973,7,7 13 19 31 37 61 67 79 97 103 109 127 139 163 199 211 223 229 241,43 73 151 157 181 193
2082,141,7,211,7,270205,3,5.311319128155e-07,25,9,16,0.64000000,37.6973,7,7 19 31 43 67 73 103 109 151 157 181 193 211 223 229 241,13 37 61 79 97 127 139 163 199
2083,77,7,188,7,202604,3,5.312183106577e-07,25,11,14,0.56000000,37.6973,13,13 19 67 109 127 139 151 157 163 181 199 211 223 241,7 31 37 43 61 73 79 97 103 193 229
2084,242,6,201,7,237849,3,5.315604895276e-07,25,13,12,0.48000000,38.2373,13,13 31 37 79 97 109 127 139 157 199 211 229,7 19 43 61 67 73 103 151 163 181 193 223 241
2085,205,6,196,7,223646,3,5.317553952202e-07,25,10,15,0.60000000,38.2373,13,13 31 61 67 73 97 103 109 151 163 193 211 223 229 241,7 19 37 43 79 127 139 157 181 199
2086,227,7,246,7,440676,3,5.317633751979e-07,25,10,15,0.60000000,37.6973,7,7 13 19 67 73 79 97 103 127 151 163 181 193 211 241,31 37 43 61 109 139 157 199 223 229
2087,109,6,117,7,67077,3,5.319140777608e-07,25,7,18,0.72000000,38.2373,19,19 31 37 43 61 73 79 97 103 151 157 163 181 199 211 223 229 241,7 13 67 109 127 139 193
2088,83,7,178,7,178514,3,5.320753125996e-07,25,12,13,0.52000000,37.6973,7,7 13 19 31 37 43 67 73 79 109 127 157 211,61 97 103 139 151 163 181 193 199 223 229 241
2089,241,6,216,7,280767,3,5.322148513780e-07,25,10,15,0.60000000,38.2373,13,13 31 37 43 61 67 103 127 139 157 193 199 211 223 229,7 19 73 79 97 109 151 163 181 241
2090,73,7,189,7,205083,3,5.326092122328e-07,25,7,18,0.72000000,37.6973,7,7 13 19 61 79 97 109 127 139 151 157 163 181 193 199 223 229 241,31 37 43 67 73 103 211
2091,217,6,228,7,317921,3,5.326651633376e-07,25,9,16,0.64000000,38.2373,7,7 13 31 37 43 61 79 103 109 127 139 157 163 199 211 223,19 67 73 97 151 181 193 229 241
2092,135,7,211,7,268871,3,5.331882525501e-07,25,6,19,0.76000000,37.6973,7,7 13 19 31 43 61 67 73 79 97 103 109 127 139 151 193 199 223 229,37 157 163 181 211 241
2093,140,6,191,6,38277,3,5.333865436709e-07,25,9,16,0.64000000,38.6325,13,13 19 31 37 43 61 67 73 79 97 103 127 139 181 193 241,7 109 151 157 163 199 211 223 229
2094,223,6,129,7,89522,3,5.334562506398e-07,25,10,15,0.60000000,38.2373,7,7 13 31 61 73 79 97 109 139 151 157 181 223 229 241,19 37 43 67 103 127 163 193 199 211
2095,152,7,241,7,366164,3,5.337945452021e-07,25,7,18,0.72000000,37.6973,13,13 19 31 37 43 61 67 109 127 139 157 163 193 199 211 223 229 241,7 73 79 97 103 151 181
2096,167,7,190,7,232458,3,5.340844226844e-07,25,11,14,0.56000000,37.6973,13,13 19 31 37 43 67 79 103 139 157 163 193 199 229,7 61 73 97 109 127 151 181 211 223 241
2097,200,7,229,7,357851,3,5.343075124123e-07,25,13,12,0.48000000,37.6973,7,7 19 31 37 67 79 97 157 211 223 229 241,13 43 61 73 103 109 127 139 151 163 181 193 199
2098,181,7,246,7,393398,3,5.352393538504e-07,25,12,13,0.52000000,37.6973,13,13 19 31 37 67 73 79 103 151 163 181 193 223,7 43 61 97 109 127 139 157 199 211 229 241
2099,210,5,191,6,36583,3,5.352443352890e-07,25,9,16,0.64000000,38.2373,13,13 19 43 61 67 73 79 97 103 127 139 157 181 211 229 241,7 31 37 109 151 163 193 199 223
2100,249,6,241,7,362050,3,5.353435292296e-07,25,11,14,0.56000000,38.2373,7,7 19 37 61 67 73 97 103 127 157 163 193 211 229,13 31 43 79 109 139 151 181 199 223 241
2101,115,5,49,7,8872,3,5.353810414945e-07,25,7,18,0.72000000,38.2373,7,7 13 37 43 61 73 79 97 103 109 139 163 181 193 199 223 229 241,19 31 67 127 151 157 211
2102,150,6,151,7,121674,3,5.354256914724e-07,25,8,17,0.68000000,38.2373,7,7 13 19 43 61 73 79 97 103 109 127 157 163 199 211 223 229,31 37 67 139 151 181 193 241
2103,130,6,109,7,57249,3,5.354798682313e-07,25,8,17,0.68000000,38.2373,7,7 19 31 43 61 73 79 97 103 127 139 151 163 193 199 211 241,13 37 67 109 157 181 223 229
2104,177,6,196,7,223356,3,5.356768362147e-07,25,7,18,0.72000000,38.2373,31,31 61 67 73 79 97 103 109 127 139 151 157 163 181 193 199 223 229,7 13 19 37 43 211 241
2105,187,4,95,6,9030,3,5.358934160736e-07,25,5,20,0.80000000,40.2466,7,7 13 19 31 43 61 67 73 79 97 103 127 139 151 163 199 211 223 229 241,37 109 157 181 193
2106,118,6,151,7,121478,3,5.361336514319e-07,25,10,15,0.60000000,38.2373,7,7 13 19 37 43 73 79 97 127 157 163 181 211 223 241,31 61 67 103 109 139 151 193 199 229
2107,132,6,145,7,110601,3,5.366329240945e-07,25,9,16,0.64000000,38.2373,13,13 19 31 67 73 79 97 103 127 151 163 181 193 211 223 241,7 37 43 61 109 139 157 199 229
2108,139,6,245,6,60685,3,5.369108884792e-07,25,14,11,0.44000000,38.6325,37,37 67 79 109 151 157 163 181 193 199 223,7 13 19 31 43 61 73 97 103 127 139 211 229 241
2109,219,6,161,7,142839,3,5.370433828130e-07,25,6,19,0.76000000,38.2373,13,13 19 37 43 61 67 73 79 97 103 109 127 139 151 157 181 193 223 241,7 31 163 199 211 229
2110,162,7,235,7,348999,3,5.381937824568e-07,25,11,14,0.56000000,37.6973,7,7 19 31 37 43 73 97 103 127 139 151 163 181 211,13 61 67 79 109 157 193 199 223 229 241
2111,223,6,247,6,70477,3,5.383362802219e-07,25,13,12,0.48000000,38.6325,7,7 43 61 67 73 127 139 151 157 163 199 241,13 19 31 37 79 97 103 109 181 193 211 223 229
2112,193,7,220,7,326852,3,5.384730089705e-07,25,10,15,0.60000000,37.6973,19,19 31 37 43 61 67 73 97 103 157 163 181 199 223 241,7 13 79 109 127 139 151 193 211 229
2113,192,7,235,7,366424,3,5.385596005750e-07,25,7,18,0.72000000,37.6973,13,13 19 43 67 73 97 103 109 127 139 151 157 181 193 199 211 223 241,7 31 37 61 79 163 229
2114,104,7,235,7,341171,3,5.386991323260e-07,25,6,19,0.76000000,37.6973,7,7 31 37 61 67 73 79 103 109 127 139 151 157 163 181 193 223 229 241,13 19 43 97 199 211
2115,199,7,200,7,293019,3,5.393308129371e-07,25,10,15,0.60000000,37.6973,31,31 37 43 61 73 79 103 127 139 157 163 181 193 211 223,7 13 19 67 97 109 151 199 229 241
2116,155,5,199,6,39620,3,5.397316190597e-07,25,11,14,0.56000000,38.2373,7,7 43 67 73 79 97 103 127 139 199 211 223 229 241,13 19 31 37 61 109 151 157 163 181 193
2117,185,6,207,6,49154,3,5.399247566817e-07,25,9,16,0.64000000,38.6325,7,7 13 19 31 61 67 73 79 103 139 151 193 199 211 229 241,37 43 97 109 127 157 163 181 223
2118,123,6,215,6,46759,3,5.400238477384e-07,25,15,10,0.40000000,38.6325,7,7 13 19 31 67 103 181 193 199 211,37 43 61 73 79 97 109 127 139 151 157 163 223 229 241
2119,221,6,210,7,262691,3,5.404369419863e-07,25,7,18,0.72000000,38.2373,13,13 19 31 43 61 67 73 79 97 103 109 127 151 163 199 211 223 229,7 37 139 157 181 193 241
2120,199,7,220,7,334127,3,5.404464773152e-07,25,8,17,0.68000000,37.6973,13,13 19 43 61 73 79 97 103 139 151 157 181 193 199 211 223 241,7 31 37 67 109 127 163 229
2121,97,7,155,7,130652,3,5.406760255754e-07,25,6,19,0.76000000,37.6973,13,13 19 61 67 73 79 97 103 109 127 139 151 157 163 193 199 211 223 229,7 31 37 43 181 241
2122,89,7,155,7,129934,3,5.407572432329e-07,25,12,13,0.52000000,37.6973,37,37 67 73 79 97 103 127 139 151 163 181 193 223,7 13 19 31 43 61 109 157 199 211 229 241
2123,107,7,112,7,72536,3,5.409771114581e-07,25,11,14,0.56000000,37.6973,7,7 19 31 61 97 103 109 127 139 151 157 163 181 211,13 37 43 67 73 79 193 199 223 229 241
2124,137,7,208,7,260854,3,5.413460974031e-07,25,9,16,0.64000000,37.6973,7,7 13 19 31 37 79 97 103 139 151 163 181 193 199 211 229,43 61 67 73 109 127 157 223 241
2125,145,6,161,7,141169,3,5.418379223228e-07,25,9,16,0.64000000,38.2373,13,13 19 37 43 61 73 79 97 109 151 157 181 193 211 223 241,7 31 67 103 127 139 163 199 229
2126,197,7,216,7,322211,3,5.419298718383e-07,25,9,16,0.64000000,37.6973,13,13 19 31 37 43 67 79 97 109 127 139 157 163 193 211 241,7 61 73 103 151 181 199 223 229
2127,87,7,173,7,167217,3,5.421432924577e-07,25,10,15,0.60000000,37.6973,19,19 31 67 97 103 109 139 151 157 163 181 211 223 229 241,7 13 37 43 61 73 79 127 193 199
2128,140,5,69,6,5448,3,5.422927779737e-07,25,10,15,0.60000000,38.2373,31,31 37 61 79 97 103 127 151 157 193 199 211 223 229 241,7 13 19 43 67 73 109 139 163 181
2129,76,7,163,7,145366,3,5.423257646639e-07,25,11,14,0.56000000,37.6973,31,31 37 61 67 79 109 127 151 157 163 181 193 211 223,7 13 19 43 73 97 103 139 199 229 241
2130,163,6,147,7,114523,3,5.432154927359e-07,25,7,18,0.72000000,38.2373,13,13 19 31 61 73 97 103 109 127 139 151 157 163 181 193 199 211 229,7 37 43 67 79 223 241
2131,119,7,151,7,128622,3,5.434866971917e-07,25,6,19,0.76000000,37.6973,7,7 13 19 31 37 43 73 79 97 103 139 151 163 181 193 199 211 223 241,61 67 109 127 157 229
2132,123,7,184,7,196319,3,5.435737848727e-07,25,8,17,0.68000000,37.6973,19,19 31 43 61 67 73 97 109 127 139 151 157 163 199 211 223 241,7 13 37 79 103 181 193 229
2133,147,7,191,7,10184,4,5.436674371128e-07,53,22,31,0.58490566,72.1671,3,3 5 11 31 37 47 53 61 67 73 79 83 89 97 103 113 131 137 139 149,7 13 17 19 23 29 41 43 59 71 101 107 109 127 157 163 167 179 191 199
2134,178,6,151,7,122132,3,5.439905364238e-07,25,10,15,0.60000000,38.2373,7,7 13 37 67 73 97 103 109 127 139 163 193 223 229 241,19 31 43 61 79 151 157 181 199 211
2135,107,7,246,6,72571,3,5.444562524864e-07,25,7,18,0.72000000,38.2373,7,7 13 19 31 37 61 67 73 79 97 139 151 163 181 193 211 223 241,43 103 109 127 157 199 229
2136,178,5,119,6,14452,3,5.447304023435e-07,25,4,21,0.84000000,38.2373,7,7 13 43 61 67 73 79 97 109 127 139 151 157 163 181 193 199 211 223 229,19 31 37 103
2137,241,6,207,7,254485,3,5.447433023744e-07,25,7,18,0.72000000,38.2373,7,7 13 19 37 43 61 67 73 97 127 151 157 181 199 211 223 229 241,31 79 103 109 139 163 193
2138,89,7,202,7,239673,3,5.456335592453e-07,25,9,16,0.64000000,37.6973,7,7 19 37 73 103 109 139 151 157 163 181 193 199 211 229 241,13 31 43 61 67 79 97 127 223
2139,149,7,241,7,365556,3,5.460558511140e-07,25,12,13,0.52000000,37.6973,7,7 31 37 61 67 103 109 151 157 181 199 229 241,13 19 43 73 79 97 127 139 163 193 211 223
2140,245,6,241,7,361994,3,5.469635821771e-07,25,9,16,0.64000000,38.2373,7,7 19 31 43 61 79 103 109 127 151 157 163 193 211 223 229,13 37 67 73 97 139 181 199 241
2141,107,6,146,7,112282,3,5.469939009103e-07,25,9,16,0.64000000,38.2373,13,13 37 43 61 67 79 97 103 109 139 151 157 163 181 223 241,7 19 31 73 127 193 199 211 229
2142,126,7,157,7,141870,3,5.470794914082e-07,25,9,16,0.64000000,37.6973,7,7 13 19 43 61 67 73 79 97 109 139 157 163 181 199 223,31 37 103 127 151 193 211 229 241
2143,207,7,248,7,419802,3,5.471811075215e-07,25,7,18,0.72000000,37.6973,19,19 31 37 43 61 67 73 97 109 139 151 157 163 181 199 211 223 229,7 13 79 103 127 193 241
2144,250,6,217,7,283982,3,5.473670902851e-07,25,10,15,0.60000000,38.2373,13,13 19 43 61 67 73 79 127 139 151 163 181 199 223 241,7 31 37 97 103 109 157 193 211 229
2145,55,7,118,7,68404,3,5.476556212006e-07,25,7,18,0.72000000,37.6973,7,7 13 31 43 61 67 73 79 97 103 109 127 151 157 181 199 211 229,19 37 139 163 193 223 241
2146,227,6,202,7,240209,3,5.482069904953e-07,25,8,17,0.68000000,38.2373,19,19 31 43 61 67 79 97 103 127 139 151 157 163 211 223 229 241,7 13 37 73 109 181 193 199
2147,231,4,215,5,7732,3,5.484668638173e-07,25,11,14,0.56000000,38.2373,7,7 19 31 37 73 79 97 109 127 151 163 193 211 229,13 43 61 67 103 139 157 181 199 223 241
2148,133,7,232,7,332957,3,5.485695053204e-07,25,9,16,0.64000000,37.6973,19,19 37 43 67 79 97 103 127 139 157 163 181 193 211 223 241,7 13 31 61 73 109 151 199 229
2149,249,6,184,7,194683,3,5.487095914344e-07,25,9,16,0.64000000,38.2373,7,7 13 19 31 61 67 73 79 109 127 151 193 199 211 223 241,37 43 97 103 139 157 163 181 229
2150,190,6,217,7,283165,3,5.492348927986e-07,25,10,15,0.60000000,38.2373,37,37 43 67 73 97 103 109 139 151 157 163 181 199 211 241,7 13 19 31 61 79 127 193 223 229
2151,92,6,123,6,15965,3,5.494740175975e-07,25,12,13,0.52000000,38.6325,7,7 37 61 79 103 109 127 139 151 157 181 199 229,13 19 31 43 67 73 97 163 193 211 223 241
2152,177,5,224,6,50199,3,5.500001548096e-07,25,9,16,0.64000000,38.2373,7,7 13 19 31 37 43 67 73 97 103 109 139 151 157 181 223,61 79 127 163 193 199 211 229 241
2153,203,6,246,7,379345,3,5.500299720381e-07,25,8,17,0.68000000,38.2373,13,13 19 37 61 67 73 97 103 109 127 139 151 157 163 181 199 229,7 31 43 79 193 211 223 241
2154,223,7,244,7,428930,3,5.500529456890e-07,25,6,19,0.76000000,37.6973,7,7 31 37 43 61 67 73 79 103 109 139 157 163 193 199 211 223 229 241,13 19 97 127 151 181
2155,141,5,149,5,5055,3,5.502415585119e-07,25,7,18,0.72000000,37.5296,7,7 13 19 43 61 67 73 79 97 103 109 127 157 163 181 193 211 229,31 37 139 151 199 223 241
2156,208,7,249,7,423936,3,5.503220234970e-07,25,7,18,0.72000000,37.6973,7,7 13 19 31 37 61 67 73 97 103 127 139 151 157 163 181 211 223,43 79 109 193 199 229 241
2157,194,6,205,7,248084,3,5.503481142392e-07,25,7,18,0.72000000,38.2373,7,7 13 19 37 61 67 73 97 127 139 151 163 181 199 211 223 229 241,31 43 79 103 109 157 193
2158,75,7,227,6,53153,3,5.511630538539e-07,25,8,17,0.68000000,38.2373,13,13 31 37 43 61 79 103 109 127 139 151 157 181 193 211 223 229,7 19 67 73 97 163 199 241
2159,103,6,118,6,15732,3,5.512591503594e-07,25,10,15,0.60000000,38.6325,7,7 13 31 37 61 67 109 127 139 151 193 199 223 229 241,19 43 73 79 97 103 157 163 181 211
2160,188,7,223,7,329349,3,5.519491826057e-07,25,8,17,0.68000000,37.6973,7,7 31 37 61 67 79 97 103 109 151 157 163 181 199 211 223 241,13 19 43 73 127 139 193 229
2161,227,6,189,7,206075,3,5.521303042830e-07,25,13,12,0.48000000,38.2373,31,31 37 43 61 73 97 103 127 139 151 157 241,7 13 19 67 79 109 163 181 193 199 211 223 229
2162,239,6,242,7,365418,3,5.524156044504e-07,25,9,16,0.64000000,38.2373,7,7 13 19 37 43 67 73 97 103 109 139 181 193 223 229 241,31 61 79 127 151 157 163 199 211
2163,182,6,183,6,2932,4,5.526568677398e-07,53,23,30,0.56603774,72.9271,5,5 19 23 41 43 53 67 71 79 83 89 97 101 103 107 109 113 137 149 163,3 7 11 13 17 29 31 37 47 59 61 73 127 131 139 151 157 179 181 193
2164,226,7,243,7,431147,3,5.526971196396e-07,25,9,16,0.64000000,37.6973,13,13 31 37 73 79 97 103 109 127 139 151 163 181 193 229 241,7 19 43 61 67 157 199 211 223
2165,197,7,225,7,344001,3,5.528833812492e-07,25,7,18,0.72000000,37.6973,7,7 13 19 37 61 67 73 103 109 127 151 157 163 181 199 223 229 241,31 43 79 97 139 193 211
2166,215,6,243,7,368723,3,5.531601511629e-07,25,9,16,0.64000000,38.2373,19,19 31 43 61 73 97 103 109 139 151 157 163 181 199 211 241,7 13 37 67 79 127 193 223 229
2167,132,5,185,5,6356,3,5.531743771929e-07,25,10,15,0.60000000,37.5296,7,7 13 19 37 73 79 109 127 139 157 163 181 211 223 241,31 43 61 67 97 103 151 193 199 229
2168,239,5,113,7,61801,3,5.532753514125e-07,25,12,13,0.52000000,38.2373,7,7 19 31 43 73 97 103 109 139 193 223 229 241,13 37 61 67 79 127 151 157 163 181 199 211
2169,204,7,241,7,395624,3,5.536190923742e-07,25,6,19,0.76000000,37.6973,7,7 13 19 31 43 61 67 73 97 103 109 139 151 163 181 193 199 223 241,37 79 127 157 211 229
2170,134,7,235,7,343006,3,5.537601208399e-07,25,6,19,0.76000000,37.6973,7,7 37 43 61 67 73 79 97 103 127 139 157 181 193 199 211 223 229 241,13 19 31 109 151 163
2171,186,5,241,6,58103,3,5.538275279052e-07,25,8,17,0.68000000,38.2373,7,7 13 19 37 43 61 79 97 103 109 127 157 163 181 193 211 241,31 67 73 139 151 199 223 229
2172,199,7,244,7,399686,3,5.541118999352e-07,25,7,18,0.72000000,37.6973,7,7 19 31 37 43 61 67 73 97 103 109 157 181 199 211 223 229 241,13 79 127 139 151 163 193
2173,189,7,250,7,411440,3,5.542895452970e-07,25,8,17,0.68000000,37.6973,7,7 13 31 43 61 67 79 109 127 139 151 157 163 199 223 229 241,19 37 73 97 103 181 193 211
2174,181,6,224,7,304854,3,5.544246311727e-07,25,10,15,0.60000000,38.2373,13,13 19 43 61 97 109 139 151 157 163 181 199 223 229 241,7 31 37 67 73 79 103 127 193 211
2175,148,7,205,7,255966,3,5.549097298325e-07,25,7,18,0.72000000,37.6973,7,7 31 37 43 61 67 73 97 103 109 127 157 163 181 193 199 211 223,13 19 79 139 151 229 241
2176,131,4,42,6,1795,3,5.550238858031e-07,25,9,16,0.64000000,40.2466,7,7 13 31 43 61 73 97 109 127 139 151 157 181 199 229 241,19 37 67 79 103 163 193 211 223
2177,107,5,219,5,8030,3,5.550718391945e-07,25,13,12,0.48000000,37.5296,13,13 31 37 67 73 103 109 151 157 193 199 229,7 19 43 61 79 97 127 139 163 181 211 223 241
2178,22,6,241,4,243,4,5.552393774174e-07,53,20,33,0.62264151,73.4715,3,3 7 13 17 23 29 31 47 53 59 61 71 73 79 83 89 97 101 109 127,5 11 19 37 41 43 67 103 107 113 131 137 151 179 199 211 227 233 239 251
2179,173,7,230,7,338209,3,5.559299536076e-07,25,7,18,0.72000000,37.6973,7,7 19 37 43 61 67 73 79 97 109 139 151 181 193 199 211 223 241,13 31 103 127 157 163 229
2180,50,7,101,6,12260,3,5.564440193957e-07,25,8,17,0.68000000,38.2373,7,7 13 19 37 43 61 67 73 103 127 151 157 193 211 223 229 241,31 79 97 109 139 163 181 199
2181,241,6,208,7,257329,3,5.565805283656e-07,25,11,14,0.56000000,38.2373,19,19 31 37 43 73 97 103 127 139 151 163 181 199 223,7 13 61 67 79 109 157 193 211 229 241
2182,248,6,215,7,277929,3,5.568229077286e-07,25,8,17,0.68000000,38.2373,13,13 19 37 67 97 109 127 139 151 157 163 193 199 211 223 229 241,7 31 43 61 73 79 103 181
2183,77,7,171,7,162505,3,5.569397277287e-07,25,8,17,0.68000000,37.6973,7,7 13 37 43 67 73 79 97 109 127 151 157 163 181 193 229 241,19 31 61 103 139 199 211 223
2184,104,7,187,7,9495,4,5.578096588487e-07,53,23,30,0.56603774,72.1671,5,5 13 17 19 29 37 41 47 53 61 67 73 83 89 109 113 127 137 149 151,3 7 11 23 31 43 59 71 79 97 101 103 107 131 139 163 167 199 211 223
2185,169,6,204,7,245113,3,5.588995491537e-07,25,5,20,0.80000000,38.2373,7,7 13 19 31 37 43 73 79 97 103 109 127 157 163 181 193 199 223 229 241,61 67 139 151 211
2186,154,7,233,7,340091,3,5.589215651000e-07,25,14,11,0.44000000,37.6973,7,7 31 37 61 67 103 109 151 193 211 241,13 19 43 73 79 97 127 139 157 163 181 199 223 229
2187,227,6,245,7,375919,3,5.593664383660e-07,25,12,13,0.52000000,38.2373,19,19 37 43 67 73 79 103 127 139 163 193 229 241,7 13 31 61 97 109 151 157 181 199 211 223
2188,101,7,231,7,327745,3,5.599097758517e-07,25,10,15,0.60000000,37.6973,7,7 13 31 43 67 73 97 109 139 157 163 193 199 223 241,19 37 61 79 103 127 151 181 211 229
2189,101,4,148,5,4143,3,5.602124127821e-07,25,10,15,0.60000000,38.2373,7,7 19 67 73 79 103 109 127 139 151 181 193 199 211 223,13 31 37 43 61 97 157 163 229 241
2190,199,6,142,7,107036,3,5.603857671334e-07,25,10,15,0.60000000,38.2373,7,7 19 31 37 43 61 67 79 103 109 163 181 193 199 211,13 73 97 127 139 151 157 223 229 241
2191,206,6,129,7,87542,3,5.606834066437e-07,25,9,16,0.64000000,38.2373,7,7 13 31 67 79 103 109 127 139 151 157 163 181 211 229 241,19 37 43 61 73 97 193 199 223
2192,212,5,135,6,18645,3,5.614802867646e-07,25,10,15,0.60000000,38.2373,7,7 13 19 31 37 61 67 73 79 97 103 127 193 223 229,43 109 139 151 157 163 181 199 211 241
2193,175,6,151,7,122063,3,5.615858427652e-07,25,4,21,0.84000000,38.2373,7,7 13 19 31 37 43 61 67 79 97 127 139 157 163 181 193 199 211 223 229,73 103 109 151
2194,112,6,117,7,67099,3,5.616688208319e-07,25,7,18,0.72000000,38.2373,7,7 19 31 37 61 67 79 97 109 139 151 157 163 181 193 199 229 241,13 43 73 103 127 211 223
2195,193,6,235,7,340942,3,5.621662761002e-07,25,7,18,0.72000000,38.2373,7,7 19 31 61 67 79 97 103 109 127 139 157 163 181 199 211 223 241,13 37 43 73 151 193 229
2196,76,7,217,6,49195,3,5.623432718483e-07,25,12,13,0.52000000,38.2373,13,13 31 37 43 61 67 73 151 157 193 199 229 241,7 19 79 97 103 109 127 139 163 181 211 223
2197,139,7,203,7,247759,3,5.623602709965e-07,25,12,13,0.52000000,37.6973,37,37 43 73 79 97 109 151 157 163 181 211 223 229,7 13 19 31 61 67 103 127 139 193 199 241
2198,177,7,227,7,331718,3,5.624127433918e-07,25,10,15,0.60000000,37.6973,7,7 31 43 67 73 79 103 139 151 157 181 193 199 211 223,13 19 37 61 97 109 127 163 229 241
2199,186,6,185,7,195377,3,5.633294830808e-07,25,8,17,0.68000000,38.2373,7,7 13 19 43 97 109 127 139 151 157 181 193 199 211 223 229 241,31 37 61 67 73 79 103 163
2200,229,6,138,7,103145,3,5.635036964332e-07,25,8,17,0.68000000,38.2373,13,13 19 31 37 43 61 73 79 97 109 127 151 157 193 199 229 241,7 67 103 139 163 181 211 223
2201,201,6,232,6,60539,3,5.638767550401e-07,25,9,16,0.64000000,38.6325,7,7 13 43 73 79 97 109 127 139 157 163 199 211 223 229 241,19 31 37 61 67 103 151 181 193
2202,139,7,181,7,194578,3,5.644696803795e-07,25,7,18,0.72000000,37.6973,7,7 19 31 37 67 73 97 103 109 127 139 151 157 163 193 199 229 241,13 43 61 79 181 211 223
2203,223,6,202,7,240129,3,5.647392249235e-07,25,12,13,0.52000000,38.2373,31,31 37 43 67 73 109 139 151 163 181 193 223 241,7 13 19 61 79 97 103 127 157 199 211 229
2204,173,7,216,7,222,7,5.648094265529e-07,8,1,7,0.87500000,19.1991,29,29 43 113 127 197 211 239,71
2205,233,6,133,7,96411,3,5.652901737384e-07,25,7,18,0.72000000,38.2373,13,13 31 37 61 73 79 97 103 109 139 157 181 193 199 211 223 229 241,7 19 43 67 127 151 163
2206,124,6,99,7,45922,3,5.653621297479e-07,25,8,17,0.68000000,38.2373,7,7 13 19 31 37 43 67 79 97 103 109 139 157 181 193 223 229,61 73 127 151 163 199 211 241
2207,167,7,223,7,314296,3,5.655473055328e-07,25,7,18,0.72000000,37.6973,7,7 19 37 43 61 73 79 103 109 127 139 151 157 163 181 193 199 241,13 31 67 97 211 223 229
2208,190,5,233,6,54317,3,5.655632185557e-07,25,9,16,0.64000000,38.2373,7,7 13 31 37 43 61 73 79 97 109 127 139 157 163 181 241,19 67 103 151 193 199 211 223 229
2209,111,7,223,7,302322,3,5.661370891310e-07,25,13,12,0.48000000,37.6973,7,7 13 61 73 79 103 109 151 181 193 211 241,19 31 37 43 67 97 127 139 157 163 199 223 229
2210,161,7,227,7,323524,3,5.663484076626e-07,25,3,22,0.88000000,37.6973,7,7 13 19 31 37 43 61 67 73 79 103 109 127 139 151 157 163 193 199 223,97 181 211
2211,169,7,190,7,234384,3,5.663960237281e-07,25,8,17,0.68000000,37.6973,7,7 19 43 61 67 79 97 103 109 127 139 151 157 163 193 211 223,13 31 37 73 181 199 229 241
2212,153,7,250,7,397901,3,5.665128050803e-07,25,8,17,0.68000000,37.6973,7,7 19 37 43 67 73 97 103 139 151 157 163 181 193 199 211 229,13 31 61 79 109 127 223 241
2213,67,6,141,6,19957,3,5.665819773090e-07,25,5,20,0.80000000,38.6325,7,7 13 31 37 61 73 79 97 103 109 139 151 157 163 181 193 199 211 223 241,19 43 67 127 229
2214,105,7,247,7,383109,3,5.673646142333e-07,25,10,15,0.60000000,37.6973,7,7 19 37 43 61 73 97 109 127 151 157 193 211 223 229,13 31 67 79 103 139 163 181 199 241
2215,201,6,250,7,393867,3,5.673969089895e-07,25,11,14,0.56000000,38.2373,13,13 19 31 67 73 103 109 127 139 151 157 181 193 211,7 37 43 61 79 97 163 199 223 229 241
2216,183,6,136,7,96481,3,5.674015854637e-07,25,9,16,0.64000000,38.2373,7,7 19 31 37 61 73 103 127 151 157 181 199 211 223 229 241,13 43 67 79 97 109 139 163 193
2217,229,5,112,7,60523,3,5.676966678642e-07,25,9,16,0.64000000,38.2373,7,7 19 43 61 73 79 109 127 151 157 163 199 211 223 229 241,13 31 37 67 97 103 139 181 193
2218,160,6,149,7,118100,3,5.684776020076e-07,25,12,13,0.52000000,38.2373,7,7 31 43 61 67 97 103 109 127 151 193 211 241,13 19 37 73 79 139 157 163 181 199 223 229
2219,222,6,191,7,210993,3,5.685729953275e-07,25,9,16,0.64000000,38.2373,7,7 13 31 43 61 73 79 97 109 151 163 181 199 211 223 241,19 37 67 103 127 139 157 193 229
2220,208,6,217,7,283306,3,5.696162113542e-07,25,10,15,0.60000000,38.2373,13,13 19 37 61 67 73 103 151 163 181 193 199 211 223 241,7 31 43 79 97 109 127 139 157 229
2221,145,6,181,6,35425,3,5.697122562438e-07,25,8,17,0.68000000,38.6325,7,7 31 37 61 67 79 97 103 109 139 163 193 199 211 223 229 241,13 19 43 73 127 151 157 181
2222,193,6,157,7,133941,3,5.697508798092e-07,25,7,18,0.72000000,38.2373,7,7 19 37 43 61 67 73 79 103 109 127 163 181 193 199 211 223 241,13 31 97 139 151 157 229
2223,155,7,191,7,225211,3,5.698676305980e-07,25,7,18,0.72000000,37.6973,7,7 19 31 37 61 73 79 103 109 139 151 157 163 181 193 199 229 241,13 43 67 97 127 211 223
2224,222,6,203,7,242869,3,5.699793119453e-07,25,10,15,0.60000000,38.2373,13,13 19 31 37 43 61 67 97 127 139 157 163 193 199 223,7 73 79 103 109 151 181 211 229 241
2225,152,7,225,7,314366,3,5.701451874789e-07,25,7,18,0.72000000,37.6973,19,19 37 43 61 73 79 97 103 109 127 139 151 157 163 193 199 223 229,7 13 31 67 181 211 241
2226,181,7,197,7,261487,3,5.702534785605e-07,25,7,18,0.72000000,37.6973,13,13 19 37 43 67 73 97 103 109 127 139 157 181 193 199 211 229 241,7 31 61 79 151 163 223
2227,173,6,210,7,262257,3,5.705912595141e-07,25,8,17,0.68000000,38.2373,31,31 43 61 67 79 103 109 127 139 151 157 163 181 199 223 229 241,7 13 19 37 73 97 193 211
2228,209,5,62,7,15768,3,5.710075038307e-07,25,12,13,0.52000000,38.2373,7,7 13 19 37 67 97 103 109 127 181 199 223 241,31 43 61 73 79 139 151 157 163 193 211 229
2229,146,7,159,7,158517,3,5.714293843264e-07,25,10,15,0.60000000,37.6973,7,7 13 19 31 67 73 97 109 139 151 163 181 211 223 241,37 43 61 79 103 127 157 193 199 229
2230,181,6,206,7,250811,3,5.715965215849e-07,25,10,15,0.60000000,38.2373,7,7 13 19 31 61 73 127 139 151 157 163 193 199 211 229,37 43 67 79 97 103 109 181 223 241
2231,151,6,99,7,47186,3,5.719728375445e-07,25,10,15,0.60000000,38.2373,7,7 13 31 37 43 67 73 97 109 151 157 163 193 211 241,19 61 79 103 127 139 181 199 223 229
2232,217,5,142,6,20551,3,5.723373810734e-07,25,9,16,0.64000000,38.2373,13,13 19 37 43 61 79 97 103 127 139 151 181 193 199 223 241,7 31 67 73 109 157 163 211 229
2233,187,6,192,7,212983,3,5.723870588096e-07,25,5,20,0.80000000,38.2373,7,7 13 19 31 37 43 61 67 73 79 97 103 109 139 151 163 181 193 211 223,127 157 199 229 241
2234,212,7,237,7,394177,3,5.728524048278e-07,25,8,17,0.68000000,37.6973,13,13 19 31 37 43 79 103 109 127 139 151 163 181 193 199 211 241,7 61 67 73 97 157 223 229
2235,97,6,214,6,45928,3,5.729222580073e-07,25,6,19,0.76000000,38.6325,7,7 13 19 31 37 43 67 73 79 103 139 151 157 193 199 211 223 229 241,61 97 109 127 163 181
2236,246,5,211,6,44672,3,5.732192320984e-07,25,6,19,0.76000000,38.2373,7,7 19 37 43 61 67 73 97 103 109 127 151 163 181 193 211 223 229 241,13 31 79 139 157 199
2237,115,7,237,7,348332,3,5.736748679416e-07,25,9,16,0.64000000,37.6973,7,7 19 37 43 61 67 73 79 139 157 163 181 193 199 211 223,13 31 97 103 109 127 151 229 241
2238,93,7,247,7,382926,3,5.741118890065e-07,25,9,16,0.64000000,37.6973,7,7 13 19 37 43 67 73 79 127 139 163 181 193 223 229 241,31 61 97 103 109 151 157 199 211
2239,106,7,171,7,164183,3,5.746410956704e-07,25,6,19,0.76000000,37.6973,7,7 13 37 43 61 67 73 79 103 127 157 163 181 193 199 211 223 229 241,19 31 97 109 139 151
2240,166,7,177,7,207360,3,5.747226178909e-07,25,10,15,0.60000000,37.6973,13,13 31 37 43 67 73 79 97 109 127 139 151 199 223 241,7 19 61 103 157 163 181 193 211 229
2241,102,6,227,6,51670,3,5.751069340228e-07,25,9,16,0.64000000,38.6325,7,7 13 19 31 37 43 73 79 97 103 109 151 181 199 229 241,61 67 127 139 157 163 193 211 223
2242,107,7,228,7,318106,3,5.754587460340e-07,25,15,10,0.40000000,37.6973,13,13 43 79 97 103 109 139 151 157 241,7 19 31 37 61 67 73 127 163 181 193 199 211 223 229
2243,124,7,243,7,369584,3,5.754799381528e-07,25,5,20,0.80000000,37.6973,7,7 13 19 31 37 43 61 73 79 97 103 127 139 151 157 163 181 211 223 229,67 109 193 199 241
2244,193,6,182,7,188203,3,5.763508459448e-07,25,12,13,0.52000000,38.2373,31,31 37 61 79 97 103 127 139 163 181 199 223 241,7 13 19 43 67 73 109 151 157 193 211 229
2245,207,7,241,7,398965,3,5.764761192726e-07,25,8,17,0.68000000,37.6973,19,19 31 61 67 73 79 97 103 109 127 181 193 199 211 223 229 241,7 13 37 43 139 151 157 163
2246,95,6,233,6,54372,3,5.769747872153e-07,25,6,19,0.76000000,38.6325,7,7 13 31 67 79 103 109 127 139 151 157 163 181 193 199 211 223 229 241,19 37 43 61 73 97
2247,127,7,177,7,181465,3,5.770597078757e-07,25,5,20,0.80000000,37.6973,7,7 13 31 37 43 67 73 79 97 103 109 139 151 163 181 193 211 223 229 241,19 61 127 157 199
2248,127,7,156,7,140631,3,5.771698508418e-07,25,6,19,0.76000000,37.6973,7,7 13 19 31 37 61 67 97 103 109 127 157 163 181 193 211 223 229 241,43 73 79 139 151 199
2249,84,7,233,6,57440,3,5.782590387057e-07,25,9,16,0.64000000,38.2373,19,19 31 61 67 97 103 109 127 157 163 181 193 211 223 229 241,7 13 37 43 73 79 139 151 199
2250,157,6,182,7,187857,3,5.784289396515e-07,25,9,16,0.64000000,38.2373,31,31 43 61 79 97 109 127 151 157 163 181 193 199 211 229 241,7 13 19 37 67 73 103 139 223
2251,218,5,139,6,19751,3,5.784598536649e-07,25,7,18,0.72000000,38.2373,7,7 31 37 43 61 67 73 79 97 103 163 181 193 199 211 223 229 241,13 19 109 127 139 151 157
2252,193,7,228,7,347613,3,5.784627744837e-07,25,14,11,0.44000000,37.6973,19,19 31 43 67 73 127 139 151 157 199 223,7 13 37 61 79 97 103 109 163 181 193 211 229 241
2253,110,7,239,7,354999,3,5.797385853812e-07,25,9,16,0.64000000,37.6973,13,13 19 43 61 67 103 109 127 139 157 163 181 211 223 229 241,7 31 37 73 79 97 151 193 199
2254,88,6,107,7,54406,3,5.798421854311e-07,25,7,18,0.72000000,38.2373,7,7 13 19 31 61 67 79 97 103 109 139 157 181 193 199 211 223 241,37 43 73 127 151 163 229
2255,214,5,235,6,55274,3,5.800694559176e-07,25,8,17,0.68000000,38.2373,7,7 13 19 31 37 43 61 73 79 97 103 109 127 163 193 199 229,67 139 151 157 181 211 223 241
2256,143,6,103,7,50857,3,5.804282469301e-07,25,13,12,0.48000000,38.2373,31,31 37 43 61 67 73 79 109 139 151 163 193,7 13 19 97 103 127 157 181 199 211 223 229 241
2257,67,7,145,7,110622,3,5.805424534960e-07,25,8,17,0.68000000,37.6973,7,7 13 43 61 67 73 97 103 109 127 139 151 157 181 199 211 241,19 31 37 79 163 193 223 229
2258,149,5,201,6,40416,3,5.806682387966e-07,25,8,17,0.68000000,38.2373,7,7 19 31 61 73 79 97 103 109 127 139 157 163 181 193 199 229,13 37 43 67 151 211 223 241
2259,213,6,188,7,203230,3,5.807051562959e-07,25,8,17,0.68000000,38.2373,13,13 19 61 67 73 79 97 103 109 127 139 151 157 163 193 223 229,7 31 37 43 181 199 211 241
2260,95,7,141,7,105607,3,5.807166500152e-07,25,6,19,0.76000000,37.6973,7,7 13 37 43 73 79 103 109 127 151 157 163 181 193 199 211 223 229 241,19 31 61 67 97 139
2261,69,7,143,7,107151,3,5.807533083984e-07,25,16,9,0.36000000,37.6973,7,7 13 61 67 73 109 139 157 241,19 31 37 43 79 97 103 127 151 163 181 193 199 211 223 229
2262,224,6,221,7,295772,3,5.814387721292e-07,25,5,20,0.80000000,38.2373,7,7 19 31 43 61 67 73 79 97 103 109 127 151 157 163 193 211 223 229 241,13 37 139 181 199
2263,209,6,232,6,3933,4,5.821466918546e-07,53,24,29,0.54716981,72.9271,3,3 17 31 41 59 61 67 71 73 83 89 97 101 109 113 127 131 137 139 149,5 7 11 13 19 23 29 37 43 47 53 79 103 107 151 157 197 199 211 223
2264,155,7,158,7,166401,3,5.824663750941e-07,25,6,19,0.76000000,37.6973,7,7 13 31 37 43 61 67 73 79 97 109 139 157 163 193 199 223 229 241,19 103 127 151 181 211
2265,89,7,200,6,47656,3,5.841113388098e-07,25,8,17,0.68000000,38.2373,19,19 37 43 61 73 79 97 103 109 127 139 157 193 199 211 229 241,7 13 31 67 151 163 181 223
2266,191,7,230,7,14427,4,5.842549408104e-07,53,23,30,0.56603774,72.1671,13,13 17 19 23 31 37 41 43 53 59 61 73 83 89 97 101 109 113 131 149,3 5 7 11 29 47 67 71 79 103 107 127 137 139 181 191 197 199 211 223
2267,120,7,229,7,321992,3,5.846596664388e-07,25,11,14,0.56000000,37.6973,19,19 37 67 79 97 103 109 139 163 181 193 199 223 241,7 13 31 43 61 73 127 151 157 211 229
2268,199,7,212,7,316169,3,5.846643334875e-07,25,7,18,0.72000000,37.6973,7,7 19 31 37 43 61 67 97 127 139 151 157 163 193 199 211 229 241,13 73 79 103 109 181 223
2269,101,7,210,7,262646,3,5.846780498701e-07,25,9,16,0.64000000,37.6973,7,7 19 31 37 67 73 97 103 127 139 157 181 193 199 211 241,13 43 61 79 109 151 163 223 229
2270,203,5,226,6,51120,3,5.847778532860e-07,25,9,16,0.64000000,38.2373,13,13 19 31 37 43 73 97 127 139 151 163 199 211 223 229 241,7 61 67 79 103 109 157 181 193
2271,141,5,67,7,18288,3,5.850057655501e-07,25,9,16,0.64000000,38.2373,7,7 43 61 67 73 79 97 109 139 151 157 163 193 211 229 241,13 19 31 37 103 127 181 199 223
2272,151,6,78,7,494,5,5.850238960563e-07,13,2,11,0.84615385,28.9853,11,11 31 41 101 131 151 181 191 211 241 251,61 71
2273,226,6,217,7,283523,3,5.851058834049e-07,25,15,10,0.40000000,38.2373,19,19 43 67 97 103 127 151 193 223 241,7 13 31 37 61 73 79 109 139 157 163 181 199 211 229
2274,53,7,124,7,76741,3,5.854794811013e-07,25,7,18,0.72000000,37.6973,7,7 13 19 31 37 43 67 79 97 103 109 127 139 157 163 199 223 241,61 73 151 181 193 211 229
2275,83,7,188,7,202694,3,5.856410324824e-07,25,5,20,0.80000000,37.6973,7,7 13 37 43 61 67 73 79 97 103 109 127 139 151 157 193 211 223 229 241,19 31 163 181 199
2276,179,7,216,7,303025,3,5.856644799268e-07,25,9,16,0.64000000,37.6973,7,7 13 19 37 61 67 73 103 109 127 139 181 199 211 223 229,31 43 79 97 151 157 163 193 241
2277,179,6,210,6,49140,3,5.856978002753e-07,25,7,18,0.72000000,38.6325,19,19 37 43 61 73 79 97 127 139 151 157 163 193 199 211 223 229 241,7 13 31 67 103 109 181
2278,193,7,248,7,407510,3,5.859159561958e-07,25,6,19,0.76000000,37.6973,13,13 19 31 37 43 67 73 97 103 109 139 157 163 181 193 199 211 223 229,7 61 79 127 151 241
2279,175,6,211,7,265185,3,5.859575279265e-07,25,9,16,0.64000000,38.2373,13,13 19 43 73 79 97 109 127 139 151 157 181 193 223 229 241,7 31 37 61 67 103 163 199 211
2280,177,6,182,6,2862,4,5.864227066023e-07,53,20,33,0.62264151,72.9271,5,5 11 13 17 19 23 29 31 37 41 43 47 53 61 71 79 83 89 97 101,3 7 59 67 73 103 107 109 113 139 151 163 179 191 197 199 211 223 227 233
2281,151,7,226,7,317160,3,5.870836410160e-07,25,8,17,0.68000000,37.6973,19,19 31 37 67 73 79 97 103 139 151 163 181 193 211 223 229 241,7 13 43 61 109 127 157 199
2282,70,6,169,6,28609,3,5.871282897312e-07,25,10,15,0.60000000,38.6325,43,43 61 67 79 97 103 109 127 139 151 157 163 181 229 241,7 13 19 31 37 73 193 199 211 223
2283,183,6,211,6,50107,3,5.879523583375e-07,25,10,15,0.60000000,38.6325,7,7 13 31 37 43 67 79 103 109 127 139 151 157 181 199,19 61 73 97 163 193 211 223 229 241
2284,137,7,238,7,353465,3,5.891201060901e-07,25,9,16,0.64000000,37.6973,7,7 13 19 43 61 67 73 79 103 109 139 151 163 181 223 229,31 37 97 127 157 193 199 211 241
2285,176,7,201,7,264411,3,5.891825170217e-07,25,9,16,0.64000000,37.6973,31,31 37 61 73 79 97 103 109 127 139 151 163 181 199 211 223,7 13 19 43 67 157 193 229 241
2286,157,6,151,7,6518,4,5.895321019099e-07,53,19,34,0.64150943,73.5585,3,3 7 13 17 23 29 31 37 41 61 67 71 73 79 83 97 101 103 109 113,5 11 19 43 47 53 59 89 107 139 151 167 179 181 211 223 227 239 251
2287,244,5,103,7,3336,4,5.896062452196e-07,53,27,26,0.49056604,73.5585,3,3 17 19 23 29 37 47 53 71 83 89 97 107 127 131 139 157 167 173 197,5 7 11 13 31 41 43 59 61 67 73 79 101 103 109 113 137 149 151 163
2288,175,6,204,7,245143,3,5.897655871035e-07,25,9,16,0.64000000,38.2373,19,19 31 37 43 61 79 97 103 109 127 163 181 193 199 223 229,7 13 67 73 139 151 157 211 241
2289,147,6,233,6,55407,3,5.902843074735e-07,25,5,20,0.80000000,38.6325,13,13 19 31 37 61 67 73 79 97 103 109 127 139 151 157 163 199 211 223 241,7 43 181 193 229
2290,191,7,249,7,409402,3,5.903054780996e-07,25,7,18,0.72000000,37.6973,13,13 19 31 37 61 67 73 79 97 103 139 151 157 193 211 223 229 241,7 43 109 127 163 181 199
2291,121,6,131,7,87294,3,5.906942265563e-07,25,11,14,0.56000000,38.2373,13,13 19 31 43 61 67 73 109 127 163 181 223 229 241,7 37 79 97 103 139 151 157 193 199 211
2292,118,6,153,7,125260,3,5.907192132984e-07,25,9,16,0.64000000,38.2373,13,13 31 37 43 67 73 97 127 139 151 163 181 211 223 229 241,7 19 61 79 103 109 157 193 199
2293,221,6,244,7,372309,3,5.908792308985e-07,25,12,13,0.52000000,38.2373,13,13 31 37 67 103 151 157 163 181 193 199 229 241,7 19 43 61 73 79 97 109 127 139 211 223
2294,139,7,238,7,353723,3,5.909211448846e-07,25,9,16,0.64000000,37.6973,19,19 31 37 43 73 97 103 109 139 157 163 181 199 223 229 241,7 13 61 67 79 127 151 193 211
2295,100,7,241,7,361698,3,5.910262499186e-07,25,10,15,0.60000000,37.6973,7,7 13 37 61 67 103 109 127 139 157 163 193 199 229 241,19 31 43 73 79 97 151 181 211 223
2296,97,7,183,7,190873,3,5.913177774710e-07,25,7,18,0.72000000,37.6973,37,37 61 67 73 79 97 103 127 139 151 163 181 193 199 211 223 229 241,7 13 19 31 43 109 157
2297,177,7,203,7,269843,3,5.914198526699e-07,25,9,16,0.64000000,37.6973,7,7 13 37 67 73 79 97 103 151 157 181 193 211 223 229 241,19 31 43 61 109 127 139 163 199
2298,88,7,229,7,320968,3,5.914559894231e-07,25,5,20,0.80000000,37.6973,7,7 13 19 31 37 61 67 73 79 97 103 127 139 157 163 181 193 199 211 223,43 109 151 229 241
2299,235,6,223,7,302179,3,5.914562708596e-07,25,10,15,0.60000000,38.2373,19,19 31 37 43 61 67 73 103 109 127 151 181 193 229 241,7 13 79 97 139 157 163 199 211 223
2300,163,7,211,7,278826,3,5.918714486530e-07,25,6,19,0.76000000,37.6973,7,7 13 19 37 43 67 73 79 97 103 127 139 151 157 193 199 211 223 229,31 61 109 163 181 241
2301,227,5,228,5,10682,3,5.921110919392e-07,25,8,17,0.68000000,37.5296,61,61 67 97 103 109 127 139 151 157 163 181 193 199 211 223 229 241,7 13 19 31 37 43 73 79
2302,149,6,180,6,35557,3,5.924384727050e-07,25,4,21,0.84000000,38.6325,7,7 13 37 43 61 67 73 79 97 109 127 139 151 157 163 181 193 199 223 229,19 31 103 211
2303,81,4,154,4,846,3,5.929026063364e-07,25,6,19,0.76000000,39.1639,7,7 13 19 37 43 61 67 73 79 97 103 109 127 139 157 163 193 223 241,31 151 181 199 211 229
2304,181,7,191,7,250067,3,5.933292564765e-07,25,14,11,0.44000000,37.6973,19,19 43 67 79 109 127 139 157 181 193 223,7 13 31 37 61 73 97 103 151 163 199 211 229 241
2305,114,7,169,7,161184,3,5.936207128854e-07,25,8,17,0.68000000,37.6973,7,7 13 19 43 61 67 73 97 103 127 139 151 181 193 199 211 241,31 37 79 109 157 163 223 229
2306,125,7,224,7,306430,3,5.937637330161e-07,25,7,18,0.72000000,37.6973,19,19 37 61 67 73 79 97 103 127 151 157 163 181 193 199 211 223 229,7 13 31 43 109 139 241
2307,158,7,229,7,328606,3,5.947311926659e-07,25,10,15,0.60000000,37.6973,7,7 13 19 31 37 67 103 109 151 157 163 181 193 211 229,43 61 73 79 97 127 139 199 223 241
2308,24,6,49,6,2412,3,5.951227784285e-07,25,8,17,0.68000000,38.6325,31,31 37 43 61 73 79 97 103 109 127 157 181 193 199 211 223 241,7 13 19 67 139 151 163 229
2309,157,6,127,7,4838,4,5.953988125907e-07,53,22,31,0.58490566,73.5585,3,3 5 13 17 29 37 43 59 61 67 73 79 83 101 103 107 109 131 137 149,7 11 19 23 31 41 47 53 71 89 97 113 127 139 163 173 191 193 197 199
2310,222,7,239,7,414312,3,5.955003096322e-07,25,8,17,0.68000000,37.6973,13,13 19 31 37 43 61 67 73 97 103 127 163 193 199 211 223 229,7 79 109 139 151 157 181 241
2311,143,7,248,7,15580,4,5.956466559527e-07,53,20,33,0.62264151,72.1671,5,5 7 11 29 37 41 43 47 53 67 71 79 83 101 103 107 109 113 131 137,3 13 17 19 23 31 59 61 73 89 97 127 139 151 163 167 191 211 227 241
2312,249,5,196,6,38631,3,5.956872633606e-07,25,6,19,0.76000000,38.2373,7,7 13 19 31 37 61 67 73 79 97 103 109 151 181 193 199 223 229 241,43 127 139 157 163 211
2313,93,7,118,7,72350,3,5.961100030080e-07,25,10,15,0.60000000,37.6973,31,31 37 43 61 67 73 103 127 151 157 163 193 199 223 229,7 13 19 79 97 109 139 181 211 241
2314,179,7,199,7,263266,3,5.961898500278e-07,25,12,13,0.52000000,37.6973,31,31 43 61 73 79 97 109 139 151 163 199 211 241,7 13 19 37 67 103 127 157 181 193 223 229
2315,227,6,230,7,324548,3,5.962640954065e-07,25,5,20,0.80000000,38.2373,19,19 31 37 43 67 73 79 97 103 127 139 151 157 163 181 193 211 223 229 241,7 13 61 109 199
2316,151,7,223,7,307986,3,5.962846950538e-07,25,10,15,0.60000000,37.6973,7,7 13 19 31 37 73 79 97 127 157 163 181 211 223 229,43 61 67 103 109 139 151 193 199 241
2317,47,7,240,5,10922,3,5.963567208604e-07,25,12,13,0.52000000,38.2373,7,7 13 31 37 43 73 109 139 151 157 193 223 241,19 61 67 79 97 103 127 163 181 199 211 229
2318,127,7,146,7,124868,3,5.963654291521e-07,25,9,16,0.64000000,37.6973,31,31 37 43 67 73 79 97 109 139 151 157 163 181 193 199 223,7 13 19 61 103 127 211 229 241
2319,193,5,228,6,52017,3,5.970131612592e-07,25,6,19,0.76000000,38.2373,7,7 13 19 31 37 43 67 73 79 103 127 139 151 163 181 199 211 223 229,61 97 109 157 193 241
2320,151,6,176,7,173723,3,5.970279613810e-07,25,10,15,0.60000000,38.2373,7,7 19 61 67 79 97 103 127 151 163 181 193 211 223 229,13 31 37 43 73 109 139 157 199 241
2321,215,5,113,7,61773,3,5.970320261924e-07,25,10,15,0.60000000,38.2373,7,7 13 19 31 67 73 79 97 109 127 139 163 193 229 241,37 43 61 103 151 157 181 199 211 223
2322,83,6,77,7,25394,3,5.970666878492e-07,25,7,18,0.72000000,38.2373,13,13 19 31 43 61 67 73 103 109 139 151 157 163 193 199 211 223 241,7 37 79 97 127 181 229
2323,72,7,103,7,51047,3,5.979190840042e-07,25,7,18,0.72000000,37.6973,19,19 31 37 61 67 73 79 97 109 127 139 151 157 163 181 193 223 241,7 13 43 103 199 211 229
2324,117,7,218,7,287239,3,5.987687766808e-07,25,15,10,0.40000000,37.6973,13,13 19 73 79 97 127 151 163 211 241,7 31 37 43 61 67 103 109 139 157 181 193 199 223 229
2325,73,5,89,6,7932,3,5.991608194992e-07,25,8,17,0.68000000,38.2373,13,13 19 31 43 61 67 79 97 103 109 139 151 157 163 181 193 199,7 37 73 127 211 223 229 241
2326,133,6,178,6,2472,4,5.993467981066e-07,53,25,28,0.52830189,72.9271,3,3 5 11 13 17 23 29 41 43 61 101 107 113 131 137 139 157 167 173 181,7 19 31 37 47 53 59 67 71 73 79 83 89 97 103 109 127 149 151 163
2327,193,6,145,7,111851,3,5.995461036969e-07,25,10,15,0.60000000,38.2373,13,13 37 67 73 97 109 127 139 151 157 181 193 199 223 241,7 19 31 43 61 79 103 163 211 229
2328,54,7,143,6,21465,3,5.996806210259e-07,25,10,15,0.60000000,38.2373,13,13 19 61 73 79 103 109 127 139 157 181 199 211 229 241,7 31 37 43 67 97 151 163 193 223
2329,146,7,243,7,371920,3,6.000983190718e-07,25,13,12,0.48000000,37.6973,7,7 19 61 67 79 103 127 139 151 163 193 223,13 31 37 43 73 97 109 157 181 199 211 229 241
2330,37,7,104,6,11080,3,6.001617147753e-07,25,6,19,0.76000000,38.2373,7,7 13 19 31 61 67 73 79 97 103 109 127 151 163 193 199 211 223 229,37 43 139 157 181 241
2331,197,7,215,7,319944,3,6.002677344621e-07,25,6,19,0.76000000,37.6973,13,13 19 31 37 43 61 67 73 79 127 151 157 163 181 193 199 223 229 241,7 97 103 109 139 211
2332,174,7,185,7,230493,3,6.003735717276e-07,25,10,15,0.60000000,37.6973,7,7 13 19 31 61 73 79 97 109 127 157 181 199 211 241,37 43 67 103 139 151 163 193 223 229
2333,202,5,233,6,54327,3,6.005403821012e-07,25,13,12,0.48000000,38.2373,19,19 31 37 43 61 67 109 139 151 181 223 241,7 13 73 79 97 103 127 157 163 193 199 211 229
2334,133,7,244,7,373793,3,6.005959705662e-07,25,9,16,0.64000000,37.6973,19,19 31 37 67 73 79 103 139 157 163 193 199 211 223 229 241,7 13 43 61 97 109 127 151 181
2335,247,5,135,7,93528,3,6.010299078971e-07,25,4,21,0.84000000,38.2373,19,19 31 37 43 61 67 73 79 97 109 127 139 151 157 163 193 199 211 223 229,7 13 103 181
2336,37,6,244,5,9537,3,6.011769336656e-07,25,13,12,0.48000000,38.2373,13,13 19 37 73 103 139 157 163 199 211 223 241,7 31 43 61 67 79 97 109 127 151 181 193 229
2337,194,6,241,7,361579,3,6.016113706600e-07,25,7,18,0.72000000,38.2373,7,7 13 19 31 37 43 67 73 103 127 139 151 157 163 181 193 211 229,61 79 97 109 199 223 241
2338,97,7,144,7,6078,4,6.017626627623e-07,53,21,32,0.60377358,72.1671,5,5 7 13 17 23 31 37 41 43 53 61 67 71 73 83 89 101 103 109 113,3 11 19 29 47 59 79 97 107 131 149 163 167 191 193 199 211 223 229 241
2339,165,5,203,6,41233,3,6.019864778950e-07,25,12,13,0.52000000,38.2373,7,7 13 19 37 61 67 79 97 163 181 199 223 241,31 43 73 103 109 127 139 151 157 193 211 229
2340,131,7,236,7,346040,3,6.025738220842e-07,25,13,12,0.48000000,37.6973,7,7 19 61 67 97 109 127 139 151 163 199 223,13 31 37 43 73 79 103 157 181 193 211 229 241
2341,226,6,189,7,206047,3,6.025789468290e-07,25,9,16,0.64000000,38.2373,19,19 31 37 43 67 73 79 97 103 127 139 151 157 163 193 229,7 13 61 109 181 199 211 223 241
2342,211,5,240,6,57642,3,6.028114144776e-07,25,8,17,0.68000000,38.2373,7,7 19 31 37 43 73 79 97 103 127 157 181 193 199 223 229 241,13 61 67 109 139 151 163 211
2343,146,6,233,6,55363,3,6.028894232881e-07,25,3,22,0.88000000,38.6325,7,7 13 31 37 43 61 67 79 97 103 109 127 139 151 157 163 181 193 199 223,19 73 211
2344,131,7,218,7,288694,3,6.029432808554e-07,25,8,17,0.68000000,37.6973,13,13 19 43 67 73 79 97 103 109 127 139 151 157 163 181 199 211,7 31 37 61 193 223 229 241
2345,146,7,229,7,325351,3,6.030555233776e-07,25,9,16,0.64000000,37.6973,7,7 31 37 43 61 67 97 103 139 157 163 193 199 211 223 229,13 19 73 79 109 127 151 181 241
2346,203,7,205,7,308712,3,6.032758015853e-07,25,5,20,0.80000000,37.6973,7,7 13 19 31 37 61 67 79 97 103 109 127 139 151 157 181 193 199 211 223,43 73 163 229 241
2347,243,5,191,6,36692,3,6.033336445337e-07,25,8,17,0.68000000,38.2373,7,7 13 19 31 37 61 73 79 103 127 157 163 193 199 211 229 241,43 67 97 109 139 151 181 223
2348,127,7,202,7,10927,4,6.033504812920e-07,53,21,32,0.60377358,72.1671,3,3 11 17 19 23 29 37 41 43 53 59 61 71 89 97 101 103 109 113 127,5 7 13 31 47 67 73 79 83 107 131 139 149 151 163 179 199 223 227 239
2349,112,7,229,7,321550,3,6.035092219487e-07,25,10,15,0.60000000,37.6973,7,7 13 19 37 61 67 79 97 109 127 151 157 181 211 229,31 43 73 103 139 163 193 199 223 241
2350,197,7,238,7,379765,3,6.046891679803e-07,25,9,16,0.64000000,37.6973,13,13 19 31 37 61 73 79 109 139 151 157 181 193 211 223 241,7 43 67 97 103 127 163 199 229
2351,223,6,137,7,100951,3,6.047766838586e-07,25,10,15,0.60000000,38.2373,7,7 19 43 61 79 97 109 127 151 157 181 211 223 229 241,13 31 37 67 73 103 139 163 193 199
2352,231,5,146,6,21788,3,6.049206884974e-07,25,9,16,0.64000000,38.2373,31,31 37 43 61 67 73 79 97 103 127 157 163 181 199 211 241,7 13 19 109 139 151 193 223 229
2353,112,7,215,7,277879,3,6.050893341731e-07,25,6,19,0.76000000,37.6973,7,7 13 19 31 37 43 73 79 97 103 127 151 163 181 193 199 211 223 229,61 67 109 139 157 241
2354,250,5,237,6,56272,3,6.053223943064e-07,25,8,17,0.68000000,38.2373,7,7 13 31 37 67 73 79 97 103 127 139 151 157 181 199 211 241,19 43 61 109 163 193 223 229
2355,223,6,197,7,226617,3,6.053356013183e-07,25,5,20,0.80000000,38.2373,7,7 13 19 31 43 61 67 73 79 97 109 127 139 151 157 163 181 193 199 241,37 103 211 223 229
2356,67,7,172,7,164600,3,6.054404627614e-07,25,10,15,0.60000000,37.6973,19,19 31 43 61 67 73 79 97 103 127 157 181 193 199 223,7 13 37 109 139 151 163 211 229 241
2357,178,6,227,7,314443,3,6.054595431162e-07,25,5,20,0.80000000,38.2373,7,7 31 37 43 61 67 73 79 97 103 109 139 151 157 181 199 211 223 229 241,13 19 127 163 193
2358,163,6,169,6,34775,3,6.055657163669e-07,25,11,14,0.56000000,38.6325,7,7 61 67 73 79 97 109 139 151 181 199 211 223 241,13 19 31 37 43 103 127 157 163 193 229
2359,216,6,193,7,215990,3,6.055921038811e-07,25,8,17,0.68000000,38.2373,7,7 19 37 61 67 73 79 97 103 127 139 157 181 199 211 229 241,13 31 43 109 151 163 193 223
2360,218,6,243,7,368744,3,6.058664084149e-07,25,6,19,0.76000000,38.2373,13,13 19 43 61 67 73 79 103 109 127 139 157 163 181 193 211 223 229 241,7 31 37 97 151 199
2361,219,6,248,7,386661,3,6.062741894170e-07,25,13,12,0.48000000,38.2373,7,7 37 43 61 67 73 79 97 151 157 199 241,13 19 31 103 109 127 139 163 181 193 211 223 229
2362,107,7,162,7,7455,4,6.067174187217e-07,53,18,35,0.66037736,72.1671,3,3 7 13 17 19 29 37 41 47 61 67 73 79 97 101 107 113 127 137 139,5 11 23 31 43 53 59 71 83 89 103 109 131 149 151 167 199 227
2363,117,7,223,7,302659,3,6.067605864837e-07,25,7,18,0.72000000,37.6973,7,7 13 19 31 37 43 73 79 97 103 109 157 163 181 193 199 223 229,61 67 127 139 151 211 241
2364,85,6,87,7,33650,3,6.068236910162e-07,25,12,13,0.52000000,38.2373,7,7 19 37 67 73 97 127 151 157 193 199 223 229,13 31 43 61 79 103 109 139 163 181 211 241
2365,199,7,246,7,405907,3,6.070412724123e-07,25,8,17,0.68000000,37.6973,7,7 13 19 31 37 43 61 73 79 97 109 127 139 151 181 199 241,67 103 157 163 193 211 223 229
2366,132,5,179,6,32054,3,6.070865049106e-07,25,6,19,0.76000000,38.2373,13,13 31 37 43 61 67 79 97 103 109 127 139 151 157 163 181 193 199 223,7 19 73 211 229 241
2367,167,6,143,7,107563,3,6.073764465738e-07,25,10,15,0.60000000,38.2373,7,7 31 37 43 79 97 103 127 151 157 181 193 199 211 223,13 19 61 67 73 109 139 163 229 241
2368,201,7,244,7,401547,3,6.078129648186e-07,25,10,15,0.60000000,37.6973,7,7 13 19 31 43 61 103 109 127 139 151 157 181 211 229,37 67 73 79 97 163 193 199 223 241
2369,129,5,244,5,9657,3,6.079131870844e-07,25,10,15,0.60000000,37.5296,7,7 13 19 31 37 43 61 79 139 157 163 181 199 211 229,67 73 97 103 109 127 151 193 223 241
2370,225,6,218,7,286549,3,6.079748552346e-07,25,10,15,0.60000000,38.2373,7,7 13 31 37 43 67 97 103 127 139 181 193 199 223 241,19 61 73 79 109 151 157 163 211 229
2371,58,7,219,6,3257,4,6.083154714077e-07,53,19,34,0.64150943,73.5585,5,5 7 11 13 17 19 31 37 41 47 53 61 71 73 79 83 89 107 113 127,3 23 29 43 59 67 97 101 103 109 131 137 167 173 191 193 211 223 227
2372,113,7,242,7,365540,3,6.083287414620e-07,25,8,17,0.68000000,37.6973,7,7 19 31 37 61 67 79 97 103 109 127 151 157 181 193 223 229,13 43 73 139 163 199 211 241
2373,185,7,194,7,260898,3,6.084358573124e-07,25,9,16,0.64000000,37.6973,13,13 19 37 61 67 73 79 97 103 109 139 151 157 223 229 241,7 31 43 127 163 181 193 199 211
2374,244,6,133,7,98207,3,6.086119566626e-07,25,13,12,0.48000000,38.2373,13,13 31 73 97 103 127 139 157 163 181 199 229,7 19 37 43 61 67 79 109 151 193 211 223 241
2375,131,7,192,7,217440,3,6.086318708138e-07,25,5,20,0.80000000,37.6973,13,13 31 37 43 61 67 79 97 109 127 139 157 163 181 193 199 211 223 229 241,7 19 73 103 151
2376,121,7,245,7,376491,3,6.088939884245e-07,25,8,17,0.68000000,37.6973,7,7 13 31 37 67 73 79 97 103 109 139 163 181 193 199 211 223,19 43 61 127 151 157 229 241
2377,187,7,188,7,253533,3,6.092197940968e-07,25,5,20,0.80000000,37.6973,7,7 13 19 31 37 43 67 73 79 97 103 139 157 163 181 193 199 211 223 229,61 109 127 151 241
2378,176,6,225,7,308016,3,6.098554961667e-07,25,8,17,0.68000000,38.2373,7,7 13 19 43 67 79 97 109 139 157 163 181 193 199 223 229 241,31 37 61 73 103 127 151 211
2379,136,7,143,7,6756,4,6.100569549369e-07,53,19,34,0.64150943,72.1671,5,5 7 13 17 29 41 47 53 61 67 73 101 103 107 109 113 127 131 137 139,3 11 19 23 31 37 43 59 71 79 83 89 97 149 151 163 211 223 227
2380,159,7,205,7,261023,3,6.102828704304e-07,25,13,12,0.48000000,37.6973,37,37 61 79 103 109 127 157 163 181 193 223 229,7 13 19 31 43 67 73 97 139 151 199 211 241
2381,143,7,177,7,188196,3,6.103208546342e-07,25,9,16,0.64000000,37.6973,7,7 19 31 43 73 79 109 139 157 163 181 193 211 223 229 241,13 37 61 67 97 103 127 151 199
2382,148,7,149,7,147143,3,6.107041221715e-07,25,11,14,0.56000000,37.6973,7,7 13 31 43 67 103 109 127 139 181 199 211 229 241,19 37 61 73 79 97 151 157 163 193 223
2383,152,6,191,6,39340,3,6.109571392713e-07,25,6,19,0.76000000,38.6325,7,7 13 31 37 43 61 67 73 79 97 103 127 139 157 181 193 211 223 229,19 109 151 163 199 241
2384,213,6,241,7,361681,3,6.113387869778e-07,25,8,17,0.68000000,38.2373,7,7 19 31 37 43 67 73 79 97 103 109 157 163 181 211 223 229,13 61 127 139 151 193 199 241
2385,113,7,158,7,7204,4,6.119526274515e-07,53,18,35,0.66037736,72.1671,5,5 7 13 19 37 41 47 59 61 67 71 73 79 89 97 101 103 107 113 127,3 11 17 23 29 31 43 53 83 109 131 139 149 151 167 211 239 251
2386,209,6,238,7,351257,3,6.124317797834e-07,25,8,17,0.68000000,38.2373,19,19 31 43 61 67 73 97 109 127 139 163 181 199 211 223 229 241,7 13 37 79 103 151 157 193
2387,201,7,224,7,346361,3,6.125552653668e-07,25,8,17,0.68000000,37.6973,7,7 13 19 31 61 67 73 103 109 157 181 193 199 211 223 229 241,37 43 79 97 127 139 151 163
2388,199,4,103,5,2361,3,6.126447250936e-07,25,11,14,0.56000000,38.2373,37,37 61 67 73 79 97 103 109 127 139 157 211 223 241,7 13 19 31 43 151 163 181 193 199 229
2389,129,6,170,7,160156,3,6.130941850915e-07,25,6,19,0.76000000,38.2373,7,7 13 19 31 37 67 79 97 103 109 139 151 157 163 193 199 223 229 241,43 61 73 127 181 211
2390,149,6,127,7,81624,3,6.130974835298e-07,25,8,17,0.68000000,38.2373,7,7 13 19 31 37 43 61 73 109 157 163 181 193 199 211 223 229,67 79 97 103 127 139 151 241
2391,147,7,244,7,375567,3,6.135711177004e-07,25,12,13,0.52000000,37.6973,31,31 43 61 67 79 97 103 139 151 157 163 181 211,7 13 19 37 73 109 127 193 199 223 229 241
2392,91,7,201,6,48996,3,6.137126269224e-07,25,11,14,0.56000000,38.2373,19,19 31 37 43 73 79 97 103 109 139 163 181 229 241,7 13 61 67 127 151 157 193 199 211 223
2393,113,7,231,7,328142,3,6.140248418266e-07,25,10,15,0.60000000,37.6973,13,13 31 37 79 103 109 127 151 157 181 193 199 211 223 241,7 19 43 61 67 73 97 139 163 229
2394,140,6,151,7,121587,3,6.142189365999e-07,25,7,18,0.72000000,38.2373,7,7 13 37 43 61 67 79 103 127 139 157 163 181 193 199 211 223 241,19 31 73 97 109 151 229
2395,98,7,151,7,123349,3,6.144102381305e-07,25,9,16,0.64000000,37.6973,7,7 13 31 37 43 67 79 97 109 127 163 193 199 211 229 241,19 61 73 103 139 151 157 181 223
2396,131,5,133,6,17730,3,6.147724393635e-07,25,9,16,0.64000000,38.2373,7,7 13 19 31 67 73 79 97 103 109 127 139 181 193 199 211,37 43 61 151 157 163 223 229 241
2397,235,6,203,7,243144,3,6.147810825508e-07,25,9,16,0.64000000,38.2373,13,13 31 37 43 61 67 73 103 109 139 151 157 163 199 229 241,7 19 79 97 127 181 193 211 223
2398,115,6,154,7,127168,3,6.150367955747e-07,25,6,19,0.76000000,38.2373,19,19 31 37 43 67 73 79 103 109 127 139 151 157 163 181 193 199 211 229,7 13 61 97 223 241
2399,131,6,107,7,54918,3,6.151197671713e-07,25,9,16,0.64000000,38.2373,7,7 13 37 61 97 109 127 151 157 163 181 193 211 223 229 241,19 31 43 67 73 79 103 139 199
2400,201,6,208,7,256673,3,6.152304120811e-07,25,8,17,0.68000000,38.2373,31,31 37 43 61 67 79 97 103 109 127 139 151 163 199 211 223 241,7 13 19 73 157 181 193 229
2401,193,7,238,7,376171,3,6.161344573101e-07,25,9,16,0.64000000,37.6973,7,7 13 19 37 43 61 79 97 163 181 193 199 211 223 229 241,31 67 73 103 109 127 139 151 157
2402,101,7,245,7,375849,3,6.161496422562e-07,25,9,16,0.64000000,37.6973,7,7 19 37 61 67 73 79 97 103 109 139 157 193 199 229 241,13 31 43 127 151 163 181 211 223
2403,164,4,43,6,1917,3,6.171961336007e-07,25,10,15,0.60000000,40.2466,7,7 13 19 31 73 97 103 109 151 163 193 199 211 223 229,37 43 61 67 79 127 139 157 181 241
2404,120,7,203,7,244210,3,6.175831988661e-07,25,11,14,0.56000000,37.6973,43,43 67 79 109 127 139 151 163 181 193 199 211 223 241,7 13 19 31 37 61 73 97 103 157 229
2405,139,6,227,6,52419,3,6.175886853870e-07,25,7,18,0.72000000,38.6325,7,7 31 37 43 61 67 73 79 97 127 151 157 163 181 199 211 223 241,13 19 103 109 139 193 229
2406,128,7,189,7,209367,3,6.177227395732e-07,25,12,13,0.52000000,37.6973,7,7 19 61 67 79 97 109 139 151 157 181 193 199,13 31 37 43 73 103 127 163 211 223 229 241
2407,179,7,206,7,278626,3,6.177495302390e-07,25,9,16,0.64000000,37.6973,19,19 31 43 67 109 127 139 157 163 181 193 199 211 223 229 241,7 13 37 61 73 79 97 103 151
2408,227,5,168,6,28474,3,6.180022412321e-07,25,4,21,0.84000000,38.2373,7,7 13 19 31 37 61 67 73 79 97 103 139 151 163 181 193 199 211 223 229,43 109 127 157
2409,163,7,203,7,258448,3,6.184015993403e-07,25,9,16,0.64000000,37.6973,7,7 13 19 31 43 67 73 79 97 103 127 139 151 157 193 241,37 61 109 163 181 199 211 223 229
2410,180,5,169,6,28638,3,6.187419445912e-07,25,11,14,0.56000000,38.2373,7,7 13 19 31 37 61 79 109 127 163 193 223 229 241,43 67 73 97 103 139 151 157 181 199 211
2411,127,7,171,7,168783,3,6.187557833567e-07,25,8,17,0.68000000,37.6973,7,7 19 31 73 79 97 103 109 127 151 157 163 181 193 199 223 241,13 37 43 61 67 139 211 229
2412,183,6,157,7,133678,3,6.190827261212e-07,25,8,17,0.68000000,38.2373,7,7 13 19 31 61 67 73 79 103 109 127 151 181 193 199 223 229,37 43 97 139 157 163 211 241
2413,138,7,181,7,194142,3,6.191762758011e-07,25,7,18,0.72000000,37.6973,7,7 13 31 37 43 73 79 103 109 127 139 157 163 181 211 223 229 241,19 61 67 97 151 193 199
2414,108,6,145,7,110500,3,6.195844612044e-07,25,13,12,0.48000000,38.2373,19,19 37 67 103 127 139 163 193 199 223 229 241,7 13 31 43 61 73 79 97 109 151 157 181 211
2415,206,6,205,7,248209,3,6.198269239352e-07,25,7,18,0.72000000,38.2373,7,7 13 31 37 61 67 73 79 109 139 151 157 163 181 193 211 223 229,19 43 97 103 127 199 241
2416,133,7,213,7,274250,3,6.200882100026e-07,25,8,17,0.68000000,37.6973,7,7 13 19 31 67 73 79 97 103 109 139 157 181 193 199 223 229,37 43 61 127 151 163 211 241
2417,243,6,140,7,108009,3,6.207407526999e-07,25,8,17,0.68000000,38.2373,13,13 31 37 43 73 79 97 103 127 139 151 163 199 211 223 229 241,7 19 61 67 109 157 181 193
2418,143,7,189,7,214269,3,6.209593853817e-07,25,5,20,0.80000000,37.6973,7,7 13 19 31 37 43 61 67 73 97 103 151 163 181 193 199 211 223 229 241,79 109 127 139 157
2419,207,6,223,7,301851,3,6.210727936276e-07,25,10,15,0.60000000,38.2373,19,19 37 43 67 79 97 109 127 139 157 163 181 193 199 229,7 13 31 61 73 103 151 211 223 241
2420,182,7,191,7,251394,3,6.212314579420e-07,25,9,16,0.64000000,37.6973,7,7 13 31 61 67 73 79 97 103 109 127 151 157 199 229 241,19 37 43 139 163 181 193 211 223
2421,155,5,242,5,9724,3,6.213585755289e-07,25,5,20,0.80000000,37.5296,7,7 13 19 31 43 61 67 73 103 109 139 151 157 163 181 193 199 223 229 241,37 79 97 127 211
2422,219,5,229,6,52502,3,6.214137461004e-07,25,2,23,0.92000000,38.2373,7,7 13 19 31 37 43 61 67 79 97 103 109 127 139 151 157 163 181 199 211,73 193
2423,209,6,248,7,386601,3,6.216475656302e-07,25,9,16,0.64000000,38.2373,7,7 13 43 61 79 97 103 109 151 157 181 193 199 223 229 241,19 31 37 67 73 127 139 163 211
2424,231,6,130,7,92029,3,6.221826869625e-07,25,6,19,0.76000000,38.2373,7,7 19 31 37 43 67 79 97 103 109 127 139 157 163 193 199 211 223 241,13 61 73 151 181 229
2425,250,6,149,7,6580,4,6.223034163327e-07,53,17,36,0.67924528,73.5585,5,5 7 13 17 29 31 37 41 47 53 59 61 71 73 79 89 97 107 109 113,3 11 19 23 43 67 83 101 103 127 137 151 163 191 199 223 251
2426,241,6,189,7,206538,3,6.224524667317e-07,25,5,20,0.80000000,38.2373,19,19 31 37 43 61 67 73 79 103 109 139 151 157 163 181 193 199 223 229 241,7 13 97 127 211
2427,171,4,58,6,3389,3,6.228587485280e-07,25,7,18,0.72000000,40.2466,7,7 13 31 37 43 61 67 79 97 127 139 151 181 193 199 211 223 229,19 73 103 109 157 163 241
2428,168,7,193,7,239582,3,6.229181414292e-07,25,8,17,0.68000000,37.6973,7,7 31 61 67 73 79 103 127 151 157 163 181 193 199 211 223 229,13 19 37 43 97 109 139 241
2429,180,7,223,7,322514,3,6.231985317682e-07,25,10,15,0.60000000,37.6973,7,7 37 61 67 73 79 103 109 139 151 181 193 211 223 229,13 19 31 43 97 127 157 163 199 241
2430,107,7,164,7,149650,3,6.232530877313e-07,25,13,12,0.48000000,37.6973,7,7 19 37 61 79 97 103 127 181 193 223 229,13 31 43 67 73 109 139 151 157 163 199 211 241
2431,207,6,112,7,66924,3,6.235735975111e-07,25,11,14,0.56000000,38.2373,13,13 31 37 43 61 67 79 103 109 139 163 193 199 223,7 19 73 97 127 151 157 181 211 229 241
2432,134,7,245,7,377420,3,6.236630780843e-07,25,8,17,0.68000000,37.6973,13,13 19 31 37 61 67 73 79 97 109 127 139 157 181 193 223 241,7 43 103 151 163 199 211 229
2433,172,6,209,7,259352,3,6.236767679304e-07,25,8,17,0.68000000,38.2373,13,13 31 37 43 61 73 79 97 109 127 151 157 181 199 223 229 241,7 19 67 103 139 163 193 211
2434,163,6,175,7,171512,3,6.239218171051e-07,25,9,16,0.64000000,38.2373,13,13 31 37 61 67 79 103 109 127 139 163 193 211 223 229 241,7 19 43 73 97 151 157 181 199
2435,208,6,161,7,142358,3,6.241027780116e-07,25,9,16,0.64000000,38.2373,19,19 31 61 73 103 109 127 139 151 157 181 193 199 211 223 241,7 13 37 43 67 79 97 163 229
2436,97,6,131,7,87193,3,6.241223278903e-07,25,11,14,0.56000000,38.2373,37,37 43 61 73 109 127 139 157 163 199 211 223 229 241,7 13 19 31 67 79 97 103 151 181 193
2437,191,6,151,7,122505,3,6.245250789423e-07,25,10,15,0.60000000,38.2373,7,7 13 37 43 61 67 73 97 127 139 157 181 211 229 241,19 31 79 103 109 151 163 193 199 223
2438,111,6,125,7,78227,3,6.251674448614e-07,25,8,17,0.68000000,38.2373,13,13 31 43 61 67 79 103 109 127 139 157 163 181 193 211 223 241,7 19 37 73 97 151 199 229
2439,109,5,69,7,19541,3,6.252268774667e-07,25,7,18,0.72000000,38.2373,13,13 19 37 43 61 67 73 103 109 139 151 157 163 181 193 223 229 241,7 31 79 97 127 199 211
2440,230,6,209,7,259956,3,6.256609239766e-07,25,8,17,0.68000000,38.2373,13,13 31 37 43 61 73 97 103 109 127 139 151 193 199 211 223 229,7 19 67 79 157 163 181 241
2441,147,5,184,6,2497,4,6.261409864032e-07,53,24,29,0.54716981,73.5585,5,5 17 19 41 53 59 61 67 73 89 97 101 109 113 127 137 139 157 167 181,3 7 11 13 23 29 31 37 43 47 71 79 83 103 107 131 149 151 163 173
2442,183,7,224,7,327635,3,6.264566093233e-07,25,5,20,0.80000000,37.6973,13,13 19 31 43 67 73 79 97 103 109 127 151 157 163 181 193 199 211 223 241,7 37 61 139 229
2443,247,4,124,5,127,5,6.266047741331e-07,13,4,9,0.69230769,28.9853,41,41 61 101 131 151 181 191 241 251,11 31 71 211
2444,79,7,93,7,42976,3,6.268648886134e-07,25,12,13,0.52000000,37.6973,7,7 31 37 73 97 103 109 181 193 211 223 229 241,13 19 43 61 67 79 127 139 151 157 163 199
2445,237,6,220,7,292872,3,6.269052205381e-07,25,14,11,0.44000000,38.2373,7,7 19 31 67 109 139 151 157 193 199 211,13 37 43 61 73 79 97 103 127 163 181 223 229 241
2446,116,7,225,7,308902,3,6.272696924942e-07,25,8,17,0.68000000,37.6973,7,7 13 37 43 73 79 97 109 139 157 181 193 199 211 223 229 241,19 31 61 67 103 127 151 163
2447,220,7,249,7,17039,4,6.281203604821e-07,53,23,30,0.56603774,72.1671,5,5 11 13 17 41 47 53 61 79 83 89 97 101 109 113 127 137 139 149 151,3 7 19 23 29 31 37 43 59 67 71 73 103 107 131 167 181 197 223 227
2448,192,6,209,7,259472,3,6.282977767315e-07,25,10,15,0.60000000,38.2373,13,13 61 67 73 79 103 109 139 157 163 193 199 211 223 229,7 19 31 37 43 97 127 151 181 241
2449,116,6,83,7,30924,3,6.284035433911e-07,25,8,17,0.68000000,38.2373,13,13 19 31 61 67 97 103 109 139 157 163 181 199 211 223 229 241,7 37 43 73 79 127 151 193
2450,83,6,227,6,51570,3,6.284370013624e-07,25,7,18,0.72000000,38.6325,7,7 13 19 37 43 61 67 73 79 97 139 157 163 181 199 211 223 241,31 103 109 127 151 193 229
2451,231,5,178,6,2387,4,6.285530659591e-07,53,19,34,0.64150943,73.5585,13,13 17 29 31 37 41 43 47 53 61 67 71 73 79 89 97 137 139 149 151,3 5 7 11 19 23 59 83 101 103 107 109 113 127 131 167 193 197 251
2452,189,6,226,6,56339,3,6.285983345610e-07,25,8,17,0.68000000,38.6325,13,13 31 37 61 67 79 97 103 109 127 139 157 181 199 211 223 241,7 19 43 73 151 163 193 229
2453,235,6,233,7,334567,3,6.287627091677e-07,25,8,17,0.68000000,38.2373,7,7 19 31 37 67 73 127 139 151 157 163 181 193 211 223 229 241,13 43 61 79 97 103 109 199
2454,179,4,205,5,7134,3,6.287858962694e-07,25,8,17,0.68000000,38.2373,13,13 19 31 37 61 79 103 109 127 139 151 163 181 199 223 229 241,7 43 67 73 97 157 193 211
2455,165,6,137,7,97470,3,6.289107761705e-07,25,4,21,0.84000000,38.2373,7,7 13 19 31 37 61 67 97 103 127 139 151 157 163 181 193 199 211 223 229,43 73 79 109
2456,107,7,229,7,321355,3,6.290745214024e-07,25,12,13,0.52000000,37.6973,19,19 31 37 43 61 73 97 103 127 139 151 157 181,7 13 67 79 109 163 193 199 211 223 229 241
2457,233,6,250,7,394069,3,6.290813200612e-07,25,11,14,0.56000000,38.2373,13,13 19 31 37 61 103 127 151 157 163 199 223 229 241,7 43 67 73 79 97 109 139 181 193 211
2458,189,6,230,7,324259,3,6.297027795109e-07,25,9,16,0.64000000,38.2373,19,19 31 37 43 73 97 103 109 139 151 157 163 181 193 211 223,7 13 61 67 79 127 199 229 241
2459,179,7,187,7,240349,3,6.297662696338e-07,25,8,17,0.68000000,37.6973,7,7 19 67 73 79 103 109 127 139 157 163 181 193 211 223 229 241,13 31 37 43 61 97 151 199
2460,123,7,158,7,142342,3,6.298626741571e-07,25,15,10,0.40000000,37.6973,19,19 37 73 79 97 103 127 157 211 229,7 13 31 43 61 67 109 139 151 163 181 193 199 223 241
2461,242,6,245,7,376070,3,6.299483017935e-07,25,9,16,0.64000000,38.2373,37,37 61 67 73 97 103 109 127 139 151 157 181 199 211 223 241,7 13 19 31 43 79 163 193 229
2462,132,7,163,7,155436,3,6.301801862096e-07,25,14,11,0.44000000,37.6973,13,13 19 67 79 103 127 139 157 181 193 229,7 31 37 43 61 73 97 109 151 163 199 211 223 241
2463,221,6,186,7,198474,3,6.301933153381e-07,25,7,18,0.72000000,38.2373,7,7 13 19 37 43 61 73 109 127 139 151 163 181 193 199 223 229 241,31 67 79 97 103 157 211
2464,177,6,170,7,160495,3,6.302981669458e-07,25,9,16,0.64000000,38.2373,7,7 19 43 61 67 73 79 97 103 127 151 157 163 181 223 241,13 31 37 109 139 193 199 211 229
2465,246,6,217,7,283889,3,6.303402043154e-07,25,9,16,0.64000000,38.2373,13,13 19 37 43 67 79 97 109 127 139 151 163 181 199 211 241,7 31 61 73 103 157 193 223 229
2466,185,4,94,6,8841,3,6.304107026280e-07,25,13,12,0.48000000,40.2466,7,7 13 43 61 67 73 97 151 157 163 181 223,19 31 37 79 103 109 127 139 193 199 211 229 241
2467,46,7,139,6,1663,4,6.306419283736e-07,53,20,33,0.62264151,73.5585,3,3 5 7 13 17 41 43 53 59 61 67 71 79 83 89 97 101 107 113 127,11 19 23 29 31 37 47 73 103 109 131 139 151 157 191 199 223 229 241 251
2468,156,6,191,6,39783,3,6.312172743136e-07,25,12,13,0.52000000,38.6325,7,7 37 43 67 79 103 109 139 157 181 199 211 229,13 19 31 61 73 97 127 151 163 193 223 241
2469,226,6,177,7,177326,3,6.312375394879e-07,25,8,17,0.68000000,38.2373,7,7 13 19 37 67 73 79 97 103 109 139 151 157 193 199 229 241,31 43 61 127 163 181 211 223
2470,43,7,87,6,8902,3,6.312446749202e-07,25,8,17,0.68000000,38.2373,7,7 19 31 37 61 67 79 97 109 139 151 157 181 193 199 211 223,13 43 73 103 127 163 229 241
2471,187,5,216,6,46691,3,6.313004696263e-07,25,11,14,0.56000000,38.2373,7,7 13 19 61 67 103 151 157 163 181 199 211 223 229,31 37 43 73 79 97 109 127 139 193 241
2472,109,5,147,5,4380,3,6.314110427812e-07,25,6,19,0.76000000,37.5296,7,7 13 37 43 67 73 79 97 103 127 139 151 157 163 193 199 211 223 241,19 31 61 109 181 229
2473,233,6,220,7,292805,3,6.315826885376e-07,25,8,17,0.68000000,38.2373,7,7 37 67 73 79 97 103 109 127 139 157 163 181 193 199 211 241,13 19 31 43 61 151 223 229
2474,172,6,137,7,97670,3,6.318654224504e-07,25,10,15,0.60000000,38.2373,7,7 13 61 67 73 79 97 103 127 151 157 163 181 193 223,19 31 37 43 109 139 199 211 229 241
2475,96,7,229,7,321079,3,6.323778806067e-07,25,8,17,0.68000000,37.6973,7,7 19 31 61 67 73 103 109 127 151 157 163 181 211 223 229 241,13 37 43 79 97 139 193 199
2476,108,7,209,7,260071,3,6.324187444298e-07,25,7,18,0.72000000,37.6973,7,7 19 31 43 103 109 127 139 151 157 163 181 193 199 211 223 229 241,13 37 61 67 73 79 97
2477,228,6,173,7,168433,3,6.325864669119e-07,25,11,14,0.56000000,38.2373,13,13 19 31 43 61 73 97 103 109 151 157 163 199 241,7 37 67 79 127 139 181 193 211 223 229
2478,152,6,169,7,158072,3,6.328416529387e-07,25,6,19,0.76000000,38.2373,7,7 19 43 67 73 79 97 103 109 127 151 157 181 193 199 211 223 229 241,13 31 37 61 139 163
2479,191,6,218,7,286219,3,6.328915492896e-07,25,9,16,0.64000000,38.2373,7,7 13 19 43 61 67 73 79 97 139 151 157 163 181 193 223,31 37 103 109 127 199 211 229 241
2480,95,5,134,6,17964,3,6.329314595486e-07,25,8,17,0.68000000,38.2373,7,7 13 31 37 43 61 67 97 103 109 127 151 157 163 181 211 223,19 73 79 139 193 199 229 241
2481,139,7,241,7,363983,3,6.332800889481e-07,25,8,17,0.68000000,37.6973,7,7 13 31 43 61 73 79 97 109 127 139 151 163 181 193 199 229,19 37 67 103 157 211 223 241
2482,115,7,244,7,372668,3,6.336063484807e-07,25,6,19,0.76000000,37.6973,7,7 31 37 43 61 67 73 97 103 109 127 139 151 157 199 211 223 229 241,13 19 79 163 181 193
2483,89,7,234,7,337549,3,6.343120299309e-07,25,11,14,0.56000000,37.6973,13,13 37 43 79 97 109 127 151 157 181 193 199 211 223,7 19 31 61 67 73 103 139 163 229 241
2484,196,6,239,7,354633,3,6.350288125186e-07,25,8,17,0.68000000,38.2373,13,13 19 37 43 61 73 79 127 139 157 163 193 199 211 223 229 241,7 31 67 97 103 109 151 181
2485,129,6,104,7,51451,3,6.350850738158e-07,25,12,13,0.52000000,38.2373,19,19 31 43 61 67 73 109 139 151 163 223 229 241,7 13 37 79 97 103 127 157 181 193 199 211
2486,139,7,246,7,381493,3,6.351119572636e-07,25,11,14,0.56000000,37.6973,31,31 43 61 67 73 97 103 109 139 151 163 181 193 241,7 13 19 37 79 127 157 199 211 223 229
2487,112,7,213,7,271948,3,6.351985192644e-07,25,6,19,0.76000000,37.6973,7,7 31 37 61 67 73 79 97 103 109 127 139 151 163 181 193 199 223 229,13 19 43 157 211 241
2488,69,7,193,6,2773,4,6.352227894681e-07,53,20,33,0.62264151,73.5585,5,5 17 29 37 43 47 53 61 67 71 73 83 89 97 101 103 113 127 131 137,3 7 11 13 19 23 31 41 59 79 107 109 139 167 191 199 211 223 229 251
2489,61,6,181,6,32777,3,6.355537772355e-07,25,8,17,0.68000000,38.6325,7,7 13 19 67 73 79 97 103 109 139 151 157 163 193 199 229 241,31 37 43 61 127 181 211 223
2490,131,6,153,7,125310,3,6.361190573348e-07,25,15,10,0.40000000,38.2373,13,13 97 103 151 163 181 193 199 223 229,7 19 31 37 43 61 67 73 79 109 127 139 157 211 241
2491,97,7,231,7,327663,3,6.361615837164e-07,25,7,18,0.72000000,37.6973,13,13 19 37 61 67 73 79 97 103 109 139 157 163 181 193 211 229 241,7 31 43 127 151 199 223
2492,243,6,239,7,355028,3,6.363550207011e-07,25,6,19,0.76000000,38.2373,7,7 13 19 31 37 43 61 67 73 79 97 103 109 127 139 151 193 199 223,157 163 181 211 229 241
2493,224,6,249,7,390337,3,6.363878825610e-07,25,13,12,0.48000000,38.2373,7,7 19 31 37 61 79 103 109 127 151 181 211,13 43 67 73 97 139 157 163 193 199 223 229 241
2494,79,7,125,7,79160,3,6.368292991547e-07,25,11,14,0.56000000,37.6973,13,13 19 31 37 67 73 97 109 127 157 181 193 211 241,7 43 61 79 103 139 151 163 199 223 229
2495,220,6,233,7,334403,3,6.368689960582e-07,25,8,17,0.68000000,38.2373,7,7 19 31 43 67 73 79 97 103 127 139 157 163 193 211 223 241,13 37 61 109 151 181 199 229
2496,61,7,136,6,21157,3,6.370396439540e-07,25,12,13,0.52000000,38.2373,19,19 37 67 73 97 103 127 151 157 163 181 199 241,7 13 31 43 61 79 109 139 193 211 223 229
2497,201,7,241,7,392515,3,6.374424520516e-07,25,12,13,0.52000000,37.6973,19,19 31 43 61 73 79 109 127 139 151 163 211 229,7 13 37 67 97 103 157 181 193 199 223 241
2498,203,6,218,6,56180,3,6.375428911646e-07,25,9,16,0.64000000,38.6325,19,19 31 43 67 79 97 127 139 157 163 181 193 199 211 223 241,7 13 37 61 73 103 109 151 229
2499,163,6,213,6,48223,3,6.376743313060e-07,25,9,16,0.64000000,38.6325,7,7 13 31 43 67 73 79 109 139 151 157 181 193 199 211 223,19 37 61 97 103 127 163 229 241
2500,83,7,186,6,40925,3,6.378837292961e-07,25,12,13,0.52000000,38.2373,13,13 31 37 73 97 103 109 127 139 163 193 199 223,7 19 43 61 67 79 151 157 181 211 229 241
2501,133,7,233,7,336249,3,6.384653215866e-07,25,11,14,0.56000000,37.6973,7,7 13 19 31 37 97 139 151 157 163 181 223 229 241,43 61 67 73 79 103 109 127 193 199 211
2502,101,7,239,7,354767,3,6.386328237841e-07,25,11,14,0.56000000,37.6973,7,7 37 67 73 97 103 127 157 163 181 193 199 223 241,13 19 31 43 61 79 109 139 151 211 229
2503,112,7,249,7,390544,3,6.387526529887e-07,25,8,17,0.68000000,37.6973,7,7 13 37 43 61 67 73 79 109 127 139 151 157 181 193 199 229,19 31 97 103 163 211 223 241
2504,71,7,243,6,59906,3,6.390933687665e-07,25,10,15,0.60000000,38.2373,7,7 19 31 43 67 79 103 109 127 139 151 157 163 193 199,13 37 61 73 97 181 211 223 229 241
2505,101,6,120,7,4354,4,6.393604645221e-07,53,19,34,0.64150943,73.5585,11,11 13 17 23 29 31 37 41 43 53 59 61 67 71 79 83 97 103 109 113,3 5 7 19 47 73 89 101 107 131 137 139 157 163 193 227 229 241 251
2506,135,6,106,7,53880,3,6.395245613328e-07,25,7,18,0.72000000,38.2373,7,7 13 31 37 43 61 67 73 97 127 139 151 157 193 199 211 223 241,19 79 103 109 163 181 229
2507,105,7,194,7,218857,3,6.398617290295e-07,25,7,18,0.72000000,37.6973,7,7 19 31 37 43 73 79 103 109 139 151 157 163 181 193 199 229 241,13 61 67 97 127 211 223
2508,157,6,98,7,46691,3,6.401619845666e-07,25,10,15,0.60000000,38.2373,13,13 19 31 37 43 61 67 97 127 139 163 199 211 223 229,7 73 79 103 109 151 157 181 193 241
2509,225,7,227,7,392033,3,6.403224852105e-07,25,6,19,0.76000000,37.6973,7,7 13 19 31 37 67 73 79 109 127 139 151 163 181 199 211 223 229 241,43 61 97 103 157 193
2510,126,6,215,6,46841,3,6.404347911681e-07,25,15,10,0.40000000,38.6325,37,37 67 73 79 109 127 151 181 211 229,7 13 19 31 43 61 97 103 139 157 163 193 199 223 241
2511,197,3,212,3,258,3,6.405212865021e-07,25,6,19,0.76000000,36.5126,7,7 13 19 31 37 61 67 73 79 97 103 109 127 139 151 163 193 223 241,43 157 181 199 211 229
2512,219,4,46,6,2275,3,6.405342031474e-07,25,9,16,0.64000000,40.2466,7,7 13 37 61 67 79 97 127 139 157 193 199 211 223 229 241,19 31 43 73 103 109 151 163 181
2513,77,6,237,6,56191,3,6.407373851527e-07,25,11,14,0.56000000,38.6325,13,13 31 37 67 97 103 127 139 151 163 181 193 199 223,7 19 43 61 73 79 109 157 211 229 241
2514,233,6,224,7,305301,3,6.409437988816e-07,25,11,14,0.56000000,38.2373,13,13 31 37 43 61 73 97 109 127 157 199 211 223 229,7 19 67 79 103 139 151 163 181 193 241
2515,173,6,201,7,236819,3,6.410407844346e-07,25,10,15,0.60000000,38.2373,37,37 61 73 97 103 109 139 151 163 181 193 199 223 229 241,7 13 19 31 43 67 79 127 157 211
2516,179,7,223,7,321762,3,6.411688644742e-07,25,8,17,0.68000000,37.6973,7,7 31 37 43 61 73 79 103 109 139 151 157 163 199 223 229 241,13 19 67 97 127 181 193 211
2517,215,7,243,7,414601,3,6.415973783896e-07,25,8,17,0.68000000,37.6973,7,7 13 19 31 37 43 67 97 109 139 151 157 163 181 193 199 223,61 73 79 103 127 211 229 241
2518,131,7,224,7,307086,3,6.416829551412e-07,25,8,17,0.68000000,37.6973,7,7 13 31 37 61 67 73 79 97 103 109 139 157 163 181 193 241,19 43 127 151 199 211 223 229
2519,71,7,147,7,114277,3,6.419941558973e-07,25,9,16,0.64000000,37.6973,13,13 19 37 43 67 73 97 103 127 151 157 163 193 199 211 229,7 31 61 79 109 139 181 223 241
2520,173,6,180,7,183204,3,6.423247900370e-07,25,12,13,0.52000000,38.2373,13,13 31 61 73 79 103 109 139 151 157 181 223 241,7 19 37 43 67 97 127 163 193 199 211 229
2521,239,4,60,7,14099,3,6.435603227364e-07,25,7,18,0.72000000,38.2373,7,7 13 19 43 61 67 73 79 97 103 109 151 157 163 193 199 223 229,31 37 127 139 181 211 241
2522,207,6,244,7,372218,3,6.441201065855e-07,25,8,17,0.68000000,38.2373,13,13 19 31 43 73 79 97 103 109 127 139 151 157 181 193 199 223,7 37 61 67 163 211 229 241
2523,161,7,240,7,365104,3,6.443248308514e-07,25,10,15,0.60000000,37.6973,7,7 13 19 61 73 79 109 127 139 151 163 193 199 211 241,31 37 43 67 97 103 157 181 223 229
2524,163,6,215,6,48983,3,6.444545531989e-07,25,7,18,0.72000000,38.6325,7,7 13 31 37 61 67 73 79 97 109 127 139 151 157 181 193 223 241,19 43 103 163 199 211 229
2525,82,7,185,7,195233,3,6.448499378896e-07,25,10,15,0.60000000,37.6973,13,13 31 61 67 73 127 139 151 157 163 181 193 199 211 223,7 19 37 43 79 97 103 109 229 241
2526,227,5,129,6,17337,3,6.449566315913e-07,25,9,16,0.64000000,38.2373,13,13 19 31 37 43 67 73 79 103 151 157 181 193 199 223 241,7 61 97 109 127 139 163 211 229
2527,187,7,244,7,390368,3,6.452138159714e-07,25,10,15,0.60000000,37.6973,7,7 19 37 61 67 73 103 109 139 151 157 163 181 199 223,13 31 43 79 97 127 193 211 229 241
2528,249,6,223,7,302434,3,6.454614204198e-07,25,6,19,0.76000000,38.2373,13,13 19 31 37 43 61 67 73 79 97 103 139 157 163 181 193 199 229 241,7 109 127 151 211 223
2529,73,7,139,7,100451,3,6.461329595579e-07,25,8,17,0.68000000,37.6973,7,7 31 37 43 67 79 97 103 109 139 151 157 163 181 199 211 241,13 19 61 73 127 193 223 229
2530,193,5,64,7,16710,3,6.463372979952e-07,25,8,17,0.68000000,38.2373,7,7 13 19 31 37 43 61 67 79 103 127 151 157 163 211 229 241,73 97 109 139 181 193 199 223
2531,193,5,128,6,16710,3,6.463372979952e-07,25,8,17,0.68000000,38.2373,7,7 13 19 31 37 43 61 67 79 103 127 151 157 163 211 229 241,73 97 109 139 181 193 199 223
2532,220,6,173,7,168114,3,6.463476452884e-07,25,4,21,0.84000000,38.2373,19,19 31 37 43 61 67 73 79 97 103 127 139 151 157 181 193 199 211 223 229,7 13 109 163
2533,71,7,173,7,166875,3,6.465577870880e-07,25,8,17,0.68000000,37.6973,13,13 19 31 37 67 79 97 103 139 157 181 193 199 211 223 229 241,7 43 61 73 109 127 151 163
2534,115,7,231,7,328237,3,6.465609658202e-07,25,7,18,0.72000000,37.6973,7,7 19 31 37 61 79 97 103 127 139 157 163 181 193 199 211 223 229,13 43 67 73 109 151 241
2535,179,7,186,7,238637,3,6.467255809769e-07,25,7,18,0.72000000,37.6973,19,19 31 37 61 79 97 103 109 127 139 151 157 181 193 199 211 223 241,7 13 43 67 73 163 229
2536,141,7,215,7,281656,3,6.468747030728e-07,25,8,17,0.68000000,37.6973,19,19 43 67 73 97 103 109 127 139 151 157 163 181 193 223 229 241,7 13 31 37 61 79 199 211
2537,69,6,170,6,28943,3,6.469362336120e-07,25,7,18,0.72000000,38.6325,7,7 13 19 31 43 67 79 97 109 127 139 151 157 163 199 211 223 241,37 61 73 103 181 193 229
2538,156,7,157,7,166306,3,6.470973794679e-07,25,11,14,0.56000000,37.6973,7,7 19 31 43 67 73 79 109 127 151 181 211 223 229,13 37 61 97 103 139 157 163 193 199 241
2539,27,7,50,7,9251,3,6.479040349396e-07,25,7,18,0.72000000,37.6973,13,13 31 37 43 61 73 79 97 103 109 139 163 181 193 211 223 229 241,7 19 67 127 151 157 199
2540,206,6,161,7,142283,3,6.479918755426e-07,25,9,16,0.64000000,38.2373,13,13 31 37 43 61 73 79 97 103 109 127 139 157 163 211 241,7 19 67 151 181 193 199 223 229
2541,205,5,194,6,37721,3,6.481419495241e-07,25,8,17,0.68000000,38.2373,7,7 19 31 37 61 67 79 97 109 127 139 157 163 193 199 211 223,13 43 73 103 151 181 229 241
2542,244,6,199,7,232510,3,6.483612991037e-07,25,6,19,0.76000000,38.2373,7,7 31 37 43 61 67 73 79 97 103 109 127 157 163 181 193 211 229 241,13 19 139 151 199 223
2543,187,6,135,7,95096,3,6.483722981894e-07,25,5,20,0.80000000,38.2373,7,7 13 19 31 37 43 61 67 73 79 97 103 139 157 163 181 193 199 223 241,109 127 151 211 229
2544,200,6,211,7,265352,3,6.484315687672e-07,25,7,18,0.72000000,38.2373,7,7 13 19 37 43 61 67 79 97 103 127 157 163 181 193 199 223 229,31 73 109 139 151 211 241
2545,94,7,245,7,375749,3,6.485163055866e-07,25,8,17,0.68000000,37.6973,7,7 19 43 61 67 97 109 127 151 157 163 181 193 199 223 229 241,13 31 37 73 79 103 139 211
2546,80,7,213,7,271043,3,6.485583284138e-07,25,10,15,0.60000000,37.6973,13,13 31 37 43 61 79 97 103 127 151 157 163 199 223 229,7 19 67 73 109 139 181 193 211 241
2547,208,6,173,7,167731,3,6.487023767394e-07,25,5,20,0.80000000,38.2373,13,13 19 31 61 67 79 97 103 109 139 151 157 163 181 193 199 211 223 229 241,7 37 43 73 127
2548,231,6,199,7,232145,3,6.488737711133e-07,25,10,15,0.60000000,38.2373,7,7 37 43 61 67 73 79 97 127 151 163 193 223 229 241,13 19 31 103 109 139 157 181 199 211
2549,103,5,53,7,10586,3,6.495169686975e-07,25,13,12,0.48000000,38.2373,19,19 43 79 103 109 127 151 157 163 181 199 229,7 13 31 37 61 67 73 97 139 193 211 223 241
2550,181,6,194,6,44559,3,6.502201913543e-07,25,9,16,0.64000000,38.6325,7,7 13 19 31 61 67 79 103 127 157 193 199 211 223 229 241,37 43 73 97 109 139 151 163 181
2551,104,6,213,6,45573,3,6.502936603375e-07,25,10,15,0.60000000,38.6325,7,7 19 43 61 67 73 79 97 139 157 163 181 193 223 241,13 31 37 103 109 127 151 199 211 229
2552,236,6,195,7,221681,3,6.507991325646e-07,25,13,12,0.48000000,38.2373,19,19 31 37 97 103 109 157 181 193 211 229 241,7 13 43 61 67 73 79 127 139 151 163 199 223
2553,127,7,236,7,345680,3,6.509565787016e-07,25,9,16,0.64000000,37.6973,31,31 37 61 109 127 139 151 157 163 181 193 199 211 223 229 241,7 13 19 43 67 73 79 97 103
2554,235,5,176,6,31223,3,6.509668604015e-07,25,11,14,0.56000000,38.2373,7,7 43 61 67 73 79 103 127 151 181 193 199 223 241,13 19 31 37 97 109 139 157 163 211 229
2555,181,7,184,7,238138,3,6.511060509685e-07,25,10,15,0.60000000,37.6973,13,13 19 31 43 61 67 79 151 157 163 181 199 211 223 241,7 37 73 97 103 109 127 139 193 229
2556,158,7,159,7,171307,3,6.511351683203e-07,25,13,12,0.48000000,37.6973,7,7 19 37 43 67 97 109 139 199 211 229 241,13 31 61 73 79 103 127 151 157 163 181 193 223
2557,109,7,132,7,95867,3,6.511871258587e-07,25,9,16,0.64000000,37.6973,7,7 13 19 31 61 73 79 97 139 151 157 163 181 211 223 229,37 43 67 103 109 127 193 199 241
2558,169,7,238,7,361375,3,6.513996033967e-07,25,7,18,0.72000000,37.6973,13,13 43 61 67 73 79 109 127 139 157 163 181 193 199 211 223 229 241,7 19 31 37 97 103 151
2559,144,7,161,7,159895,3,6.514757919753e-07,25,7,18,0.72000000,37.6973,7,7 13 19 31 37 79 97 103 127 139 151 157 163 181 199 211 223 241,43 61 67 73 109 193 229
2560,215,7,219,7,356731,3,6.516395296359e-07,25,9,16,0.64000000,37.6973,19,19 61 67 73 79 97 103 109 139 151 181 193 211 223 229 241,7 13 31 37 43 127 157 163 199
2561,115,7,208,7,11437,4,6.518331092538e-07,53,19,34,0.64150943,72.1671,3,3 5 11 13 29 31 41 53 61 67 71 73 89 97 103 109 113 127 131 151,7 17 19 23 37 43 47 59 79 83 101 107 137 139 149 163 167 179 223
2562,209,7,249,7,425000,3,6.520591134639e-07,25,11,14,0.56000000,37.6973,7,7 19 37 67 73 79 103 109 127 151 181 193 199 211,13 31 43 61 97 139 157 163 223 229 241
2563,153,5,82,7,29245,3,6.521427107163e-07,25,9,16,0.64000000,38.2373,7,7 19 31 37 43 73 97 103 109 127 139 163 193 199 223 241,13 61 67 79 151 157 181 211 229
2564,149,5,187,6,34989,3,6.524467842049e-07,25,10,15,0.60000000,38.2373,7,7 31 37 43 67 73 79 97 139 151 157 193 199 223 229,13 19 61 103 109 127 163 181 211 241
2565,197,6,200,7,234277,3,6.526989021248e-07,25,6,19,0.76000000,38.2373,7,7 13 19 43 61 73 79 97 103 127 139 151 157 181 193 199 211 229 241,31 37 67 109 163 223
2566,122,6,137,7,96874,3,6.537929523072e-07,25,13,12,0.48000000,38.2373,7,7 31 61 67 97 103 127 151 181 211 223 241,13 19 37 43 73 79 109 139 157 163 193 199 229
2567,150,7,241,7,365751,3,6.538316414525e-07,25,9,16,0.64000000,37.6973,19,19 37 61 73 79 103 109 127 139 151 157 181 193 199 223 229,7 13 31 43 67 97 163 211 241
2568,160,7,161,7,176393,3,6.542318205345e-07,25,7,18,0.72000000,37.6973,31,31 37 43 61 67 79 97 103 109 127 139 151 163 199 211 223 229 241,7 13 19 73 157 181 193
2569,170,7,173,7,205996,3,6.545287431706e-07,25,13,12,0.48000000,37.6973,19,19 37 61 79 103 127 151 157 181 193 229 241,7 13 31 43 67 73 97 109 139 163 199 211 223
2570,204,6,217,7,283269,3,6.546754262972e-07,25,9,16,0.64000000,38.2373,13,13 19 37 43 61 73 79 97 103 127 139 151 163 193 211 229,7 31 67 109 157 181 199 223 241
2571,103,7,226,7,311537,3,6.549126809726e-07,25,8,17,0.68000000,37.6973,13,13 19 43 61 73 79 97 103 127 139 151 181 193 199 211 223 229,7 31 37 67 109 157 163 241
2572,195,6,118,7,72018,3,6.550174848380e-07,25,7,18,0.72000000,38.2373,19,19 37 43 61 73 97 103 109 127 139 157 163 181 193 199 211 223 229,7 13 31 67 79 151 241
2573,171,6,181,7,185560,3,6.552160075644e-07,25,12,13,0.52000000,38.2373,13,13 19 31 43 79 97 103 151 157 199 211 223 241,7 37 61 67 73 109 127 139 163 181 193 229
2574,203,5,100,7,3165,4,6.559321874593e-07,53,15,38,0.71698113,73.5585,5,5 11 13 17 29 31 37 41 43 53 59 61 73 79 83 89 97 103 107 109,3 7 19 23 47 67 71 101 127 139 179 199 211 223 239
2575,38,6,119,6,14166,3,6.561800808237e-07,25,14,11,0.44000000,38.6325,31,31 61 67 79 97 109 139 163 181 199 241,7 13 19 37 43 73 103 127 151 157 193 211 223 229
2576,150,7,223,7,307700,3,6.562980024621e-07,25,8,17,0.68000000,37.6973,7,7 13 37 61 67 79 97 103 109 127 139 151 181 193 211 223 241,19 31 43 73 157 163 199 229
2577,179,7,235,7,356918,3,6.564175772386e-07,25,10,15,0.60000000,37.6973,13,13 19 31 61 73 79 103 127 139 151 157 193 199 229 241,7 37 43 67 97 109 163 181 211 223
2578,209,7,217,7,342214,3,6.564461809880e-07,25,9,16,0.64000000,37.6973,13,13 37 43 61 73 79 103 109 151 163 181 199 211 223 229 241,7 19 31 67 97 127 139 157 193
2579,227,7,239,7,422842,3,6.565818293897e-07,25,5,20,0.80000000,37.6973,7,7 13 19 31 37 61 67 73 97 103 109 139 151 181 193 199 211 223 229 241,43 79 127 157 163
2580,120,6,127,7,81224,3,6.565903018005e-07,25,8,17,0.68000000,38.2373,7,7 13 19 31 37 43 61 67 73 79 103 139 151 181 193 199 211,97 109 127 157 163 223 229 241
2581,169,6,225,6,53490,3,6.569061843484e-07,25,8,17,0.68000000,38.6325,7,7 19 43 61 79 97 109 127 139 151 157 163 181 199 223 229 241,13 31 37 67 73 103 193 211
2582,185,6,219,7,289252,3,6.575645282012e-07,25,10,15,0.60000000,38.2373,7,7 13 19 31 37 43 79 97 103 139 193 199 211 229 241,61 67 73 109 127 151 157 163 181 223
2583,164,4,209,5,7365,3,6.576698642006e-07,25,9,16,0.64000000,38.2373,7,7 13 31 43 61 73 79 109 127 139 163 181 193 199 223 241,19 37 67 97 103 151 157 211 229
2584,114,5,245,5,9662,3,6.579029164812e-07,25,6,19,0.76000000,37.5296,7,7 13 19 31 43 61 73 79 97 139 151 163 181 193 199 211 223 229 241,37 67 103 109 127 157
2585,159,6,200,6,43117,3,6.584568197949e-07,25,8,17,0.68000000,38.6325,7,7 31 37 61 67 73 79 103 127 139 151 157 163 181 199 223 241,13 19 43 97 109 193 211 229
2586,206,6,235,6,62560,3,6.586937025735e-07,25,9,16,0.64000000,38.6325,7,7 31 37 67 73 79 97 109 127 139 163 181 199 223 229 241,13 19 43 61 103 151 157 193 211
2587,155,7,214,7,283159,3,6.587449415558e-07,25,6,19,0.76000000,37.6973,7,7 13 31 37 43 67 73 79 97 103 109 127 139 151 163 181 199 223 229,19 61 157 193 211 241
2588,79,7,174,6,36077,3,6.588675981468e-07,25,8,17,0.68000000,38.2373,7,7 19 31 37 43 61 67 73 97 109 139 157 163 181 223 229 241,13 79 103 127 151 193 199 211
2589,134,6,139,7,100277,3,6.594391293876e-07,25,12,13,0.52000000,38.2373,13,13 19 31 37 73 109 127 163 199 211 223 229 241,7 43 61 67 79 97 103 139 151 157 181 193
2590,197,6,167,7,154403,3,6.594670826590e-07,25,9,16,0.64000000,38.2373,19,19 31 37 61 67 97 103 109 127 151 157 181 199 211 229 241,7 13 43 73 79 139 163 193 223
2591,163,6,185,7,195179,3,6.595723125253e-07,25,10,15,0.60000000,38.2373,7,7 13 19 31 43 61 73 103 109 127 181 199 211 223 241,37 67 79 97 139 151 157 163 193 229
2592,143,7,232,7,334414,3,6.599155004664e-07,25,9,16,0.64000000,37.6973,7,7 13 19 43 61 67 97 127 139 157 181 193 199 211 223 229,31 37 73 79 103 109 151 163 241
2593,105,6,142,7,105238,3,6.602863068247e-07,25,12,13,0.52000000,38.2373,7,7 19 31 37 61 79 97 109 127 151 163 199 223,13 43 67 73 103 139 157 181 193 211 229 241
2594,176,7,213,7,292877,3,6.605976138349e-07,25,8,17,0.68000000,37.6973,7,7 19 31 37 67 73 79 97 103 127 139 151 163 193 199 223 241,13 43 61 109 157 181 211 229
2595,175,7,178,7,220276,3,6.607517371367e-07,25,7,18,0.72000000,37.6973,7,7 13 19 37 61 73 79 97 109 127 139 151 163 193 199 211 229 241,31 43 67 103 157 181 223
2596,241,6,214,7,274793,3,6.613744974277e-07,25,7,18,0.72000000,38.2373,7,7 13 31 37 43 61 67 73 79 109 139 151 157 181 193 211 223 229,19 97 103 127 163 199 241
2597,69,6,106,6,11514,3,6.620603973724e-07,25,6,19,0.76000000,38.6325,7,7 19 31 37 61 67 73 79 97 103 109 127 139 157 181 199 211 229 241,13 43 151 163 193 223
2598,105,7,124,7,83942,3,6.621940843704e-07,25,8,17,0.68000000,37.6973,7,7 13 31 67 97 103 109 127 139 157 163 181 193 199 211 223 241,19 37 43 61 73 79 151 229
2599,186,5,223,6,49759,3,6.625488649792e-07,25,8,17,0.68000000,38.2373,7,7 13 19 37 61 67 73 97 103 109 151 157 181 193 199 223 241,31 43 79 127 139 163 211 229
2600,175,6,177,7,176211,3,6.628627586858e-07,25,8,17,0.68000000,38.2373,7,7 13 31 37 67 73 103 127 139 151 157 163 181 193 199 211 241,19 43 61 79 97 109 223 229
2601,179,4,79,5,1601,3,6.630626210222e-07,25,8,17,0.68000000,38.2373,13,13 31 37 61 67 97 109 127 139 157 163 181 199 211 223 229 241,7 19 43 73 79 103 151 193
2602,141,7,179,7,191257,3,6.636555819283e-07,25,8,17,0.68000000,37.6973,7,7 19 37 61 67 73 79 97 109 139 151 157 163 181 193 223 241,13 31 43 103 127 199 211 229
2603,210,5,223,6,49784,3,6.643716336270e-07,25,10,15,0.60000000,38.2373,43,43 61 67 73 97 103 109 139 157 163 181 193 199 229 241,7 13 19 31 37 79 127 151 211 223
2604,130,7,207,7,256687,3,6.646491497194e-07,25,13,12,0.48000000,37.6973,19,19 31 67 97 127 139 151 157 181 193 223 241,7 13 37 43 61 73 79 103 109 163 199 211 229
2605,187,6,182,7,188119,3,6.650084994447e-07,25,11,14,0.56000000,38.2373,43,43 67 73 79 103 109 127 157 163 181 199 211 229 241,7 13 19 31 37 61 97 139 151 193 223
2606,39,7,185,6,34264,3,6.651197763415e-07,25,6,19,0.76000000,38.2373,7,7 31 37 43 67 73 97 103 109 127 139 151 157 163 199 211 223 229 241,13 19 61 79 181 193
2607,94,6,115,7,64368,3,6.652470923538e-07,25,7,18,0.72000000,38.2373,7,7 13 19 31 37 43 61 73 79 97 103 109 127 139 151 199 223 229,67 157 163 181 193 211 241
2608,121,7,145,7,119986,3,6.655492402900e-07,25,11,14,0.56000000,37.6973,13,13 31 61 67 109 127 139 151 157 181 199 211 223 229,7 19 37 43 73 79 97 103 163 193 241
2609,119,7,239,7,355377,3,6.656354336110e-07,25,9,16,0.64000000,37.6973,13,13 37 61 73 79 103 109 127 139 163 181 199 211 223 229 241,7 19 31 43 67 97 151 157 193
2610,84,7,173,7,167119,3,6.659427927604e-07,25,8,17,0.68000000,37.6973,7,7 13 19 67 73 97 103 127 139 151 157 163 193 199 211 223 229,31 37 43 61 79 109 181 241
2611,128,7,185,7,199829,3,6.660616312774e-07,25,11,14,0.56000000,37.6973,7,7 19 37 61 67 97 109 127 139 151 157 193 199 211,13 31 43 73 79 103 163 181 223 229 241
2612,199,6,221,7,12675,4,6.662070125231e-07,53,17,36,0.67924528,73.5585,5,5 7 11 17 37 41 47 53 59 61 67 71 73 83 89 97 101 103 109 127,3 13 19 23 29 31 43 79 107 113 131 139 163 181 191 193 227
2613,220,7,247,7,432733,3,6.663250384718e-07,25,10,15,0.60000000,37.6973,7,7 43 61 67 73 79 109 127 151 157 163 181 199 211 223,13 19 31 37 97 103 139 193 229 241
2614,242,6,249,7,390500,3,6.666042042641e-07,25,9,16,0.64000000,38.2373,7,7 13 19 37 61 79 109 127 139 157 163 181 193 199 229 241,31 43 67 73 97 103 151 211 223
2615,210,6,193,7,215877,3,6.668933718840e-07,25,6,19,0.76000000,38.2373,7,7 19 37 43 67 73 79 97 109 127 139 151 157 163 181 199 211 229 241,13 31 61 103 193 223
2616,116,7,153,7,130945,3,6.670725955900e-07,25,7,18,0.72000000,37.6973,7,7 13 19 31 43 61 67 73 97 109 151 157 163 193 199 211 229 241,37 79 103 127 139 181 223
2617,103,7,220,7,292661,3,6.671417490833e-07,25,9,16,0.64000000,37.6973,13,13 31 37 43 61 67 79 97 109 151 163 181 199 223 229 241,7 19 73 103 127 139 157 193 211
2618,32,7,243,5,969,4,6.672619463351e-07,53,23,30,0.56603774,73.5585,3,3 13 17 19 29 37 41 61 73 79 97 101 103 109 113 131 137 149 157 173,5 7 11 23 31 43 47 53 59 67 71 83 89 107 127 139 151 163 167 211
2619,128,5,243,5,969,4,6.672619463351e-07,53,23,30,0.56603774,71.8756,3,3 13 17 19 29 37 41 61 73 79 97 101 103 109 113 131 137 149 157 173,5 7 11 23 31 43 47 53 59 67 71 83 89 107 127 139 151 163 167 211
2620,119,7,122,7,5216,4,6.675025246566e-07,53,15,38,0.71698113,72.1671,5,5 7 13 17 29 31 37 41 43 47 53 59 73 79 89 97 101 103 107 109,3 11 19 23 61 67 71 83 113 173 181 211 223 241 251
2621,185,7,248,7,402309,3,6.677208378736e-07,25,10,15,0.60000000,37.6973,13,13 19 43 61 103 109 127 151 157 181 193 199 211 223 241,7 31 37 67 73 79 97 139 163 229
2622,115,7,142,7,112667,3,6.678356288462e-07,25,9,16,0.64000000,37.6973,7,7 19 67 73 79 97 109 127 139 151 157 163 181 211 223 229,13 31 37 43 61 103 193 199 241
2623,95,7,233,7,334273,3,6.680096642106e-07,25,9,16,0.64000000,37.6973,13,13 19 31 67 73 97 103 109 127 157 163 193 199 211 223 229,7 37 43 61 79 139 151 181 241
2624,221,6,120,7,78015,3,6.683841361927e-07,25,9,16,0.64000000,38.2373,7,7 13 19 31 37 61 73 97 103 127 139 181 193 199 211 241,43 67 79 109 151 157 163 223 229
2625,199,6,239,6,62868,3,6.686505484782e-07,25,11,14,0.56000000,38.6325,7,7 31 43 61 67 73 79 97 103 109 163 193 211 223,13 19 37 127 139 151 157 181 199 229 241
2626,132,7,175,7,178890,3,6.687208642527e-07,25,10,15,0.60000000,37.6973,19,19 31 37 43 61 67 109 127 139 163 199 211 223 229 241,7 13 73 79 97 103 151 157 181 193
2627,153,7,161,7,168295,3,6.690828406075e-07,25,9,16,0.64000000,37.6973,19,19 37 43 61 67 73 79 97 103 139 151 181 193 199 211 229,7 13 31 109 127 157 163 223 241
2628,101,6,242,6,58667,3,6.694012519089e-07,25,8,17,0.68000000,38.6325,7,7 31 37 43 61 67 73 79 151 157 181 193 199 211 223 229 241,13 19 97 103 109 127 139 163
2629,166,5,209,6,43703,3,6.697072056612e-07,25,14,11,0.44000000,38.2373,7,7 19 31 61 73 79 103 109 157 181 193,13 37 43 67 97 127 139 151 163 199 211 223 229 241
2630,211,4,88,6,7755,3,6.697243722464e-07,25,11,14,0.56000000,40.2466,7,7 13 19 31 37 43 61 67 73 79 103 139 199 241,97 109 127 151 157 163 181 193 211 223 229
2631,181,6,180,7,183287,3,6.699120433910e-07,25,10,15,0.60000000,38.2373,13,13 19 31 43 61 73 79 97 103 109 157 163 193 211 229,7 37 67 127 139 151 181 199 223 241
2632,193,5,198,6,39262,3,6.706073591386e-07,25,8,17,0.68000000,38.2373,7,7 19 31 37 61 67 73 97 127 139 157 163 181 199 223 229 241,13 43 79 103 109 151 193 211
2633,215,5,79,7,26991,3,6.707786178451e-07,25,9,16,0.64000000,38.2373,7,7 31 37 43 97 103 109 139 151 157 163 193 211 223 229 241,13 19 61 67 73 79 127 181 199
2634,212,6,231,7,327694,3,6.709681913991e-07,25,9,16,0.64000000,38.2373,13,13 19 31 37 61 67 73 79 127 139 151 181 199 223 229 241,7 43 97 103 109 157 163 193 211
2635,186,6,211,7,265245,3,6.711579666127e-07,25,11,14,0.56000000,38.2373,7,7 13 19 31 43 67 73 79 97 103 193 199 223 241,37 61 109 127 139 151 157 163 181 211 229
2636,216,7,227,7,375618,3,6.717403833530e-07,25,7,18,0.72000000,37.6973,7,7 19 31 37 43 67 73 79 103 109 139 151 157 181 199 211 223 229,13 61 97 127 163 193 241
2637,84,7,197,6,44473,3,6.717416074760e-07,25,7,18,0.72000000,38.2373,13,13 19 31 37 67 73 97 109 127 151 157 163 193 199 211 223 229 241,7 43 61 79 103 139 181
2638,203,7,225,7,351420,3,6.721992372633e-07,25,5,20,0.80000000,37.6973,13,13 31 37 43 61 67 97 103 109 127 139 151 157 163 181 193 199 211 223 229,7 19 73 79 241
2639,220,6,227,6,63013,3,6.723944135219e-07,25,5,20,0.80000000,38.6325,7,7 19 31 43 61 67 73 79 97 109 127 139 151 157 163 181 199 211 223 241,13 37 103 193 229
2640,155,6,223,6,51532,3,6.724535745970e-07,25,12,13,0.52000000,38.6325,7,7 19 61 67 97 109 139 157 181 193 199 229 241,13 31 37 43 73 79 103 127 151 163 211 223
2641,210,6,211,7,265455,3,6.724943183072e-07,25,10,15,0.60000000,38.2373,13,13 19 43 61 67 97 109 127 139 151 157 199 223 229 241,7 31 37 73 79 103 163 181 193 211
2642,50,6,231,5,8765,3,6.727711604966e-07,25,11,14,0.56000000,38.2373,13,13 19 31 61 73 79 97 103 139 163 181 193 199 241,7 37 43 67 109 127 151 157 211 223 229
2643,161,7,190,7,227295,3,6.728919301269e-07,25,8,17,0.68000000,37.6973,19,19 31 37 43 61 73 79 97 103 109 127 151 157 193 199 211 229,7 13 67 139 163 181 223 241
2644,113,4,143,5,3914,3,6.731141086801e-07,25,9,16,0.64000000,38.2373,13,13 19 31 61 67 73 79 103 109 139 163 181 199 223 229 241,7 37 43 97 127 151 157 193 211
2645,125,5,53,7,10642,3,6.731713588857e-07,25,11,14,0.56000000,38.2373,7,7 13 31 37 43 73 79 97 103 109 163 181 199 241,19 61 67 127 139 151 157 193 211 223 229
2646,111,7,241,7,361972,3,6.736903876030e-07,25,10,15,0.60000000,37.6973,7,7 31 37 73 79 103 109 127 139 151 157 163 181 193 223,13 19 43 61 67 97 199 211 229 241
2647,100,7,223,7,301929,3,6.738946568899e-07,25,10,15,0.60000000,37.6973,13,13 31 61 73 79 97 139 151 157 181 193 199 211 223 241,7 19 37 43 67 103 109 127 163 229
2648,124,7,227,7,315849,3,6.739793946820e-07,25,10,15,0.60000000,37.6973,19,19 31 37 67 73 79 97 127 139 157 163 181 193 223 229,7 13 43 61 103 109 151 199 211 241
2649,104,7,213,7,271544,3,6.740064968023e-07,25,7,18,0.72000000,37.6973,7,7 19 31 37 61 67 73 97 103 109 127 139 157 163 193 211 229 241,13 43 79 151 181 199 223
2650,210,7,211,7,332110,3,6.742853720470e-07,25,8,17,0.68000000,37.6973,19,19 31 37 43 61 79 103 109 127 139 151 157 163 199 223 229 241,7 13 67 73 97 181 193 211
2651,99,7,248,7,386623,3,6.744307597881e-07,25,8,17,0.68000000,37.6973,7,7 13 31 37 43 73 79 103 109 127 151 157 163 181 199 223 229,19 61 67 97 139 193 211 241
2652,49,7,138,6,19648,3,6.744581835875e-07,25,10,15,0.60000000,38.2373,13,13 31 43 61 67 73 79 97 127 163 193 199 211 229 241,7 19 37 103 109 139 151 157 181 223
2653,124,7,175,7,176274,3,6.745585800828e-07,25,11,14,0.56000000,37.6973,7,7 19 31 37 67 79 97 103 109 139 157 211 223 229,13 43 61 73 127 151 163 181 193 199 241
2654,237,6,236,7,344685,3,6.749667183999e-07,25,13,12,0.48000000,38.2373,31,31 37 67 97 103 109 139 151 181 193 211 241,7 13 19 43 61 73 79 127 157 163 199 223 229
2655,141,7,244,7,374678,3,6.754680650121e-07,25,14,11,0.44000000,37.6973,19,19 37 61 67 127 157 163 181 199 223 229,7 13 31 43 73 79 97 103 109 139 151 193 211 241
2656,225,6,211,7,265663,3,6.759264580451e-07,25,10,15,0.60000000,38.2373,7,7 13 19 37 43 79 109 127 151 157 163 181 193 199 241,31 61 67 73 97 103 139 211 223 229
2657,76,7,77,7,31310,3,6.759573126198e-07,25,9,16,0.64000000,37.6973,31,31 37 73 79 97 109 139 151 157 163 181 193 199 211 223 241,7 13 19 43 61 67 103 127 229
2658,245,6,204,7,246179,3,6.760009498376e-07,25,9,16,0.64000000,38.2373,19,19 31 43 67 73 79 103 109 139 157 181 193 199 211 223 229,7 13 37 61 97 127 151 163 241
2659,69,7,131,7,87482,3,6.760320694351e-07,25,6,19,0.76000000,37.6973,7,7 19 31 37 43 67 73 79 97 103 109 139 151 163 181 193 199 211 241,13 61 127 157 223 229
2660,155,7,241,7,366846,3,6.760727865408e-07,25,6,19,0.76000000,37.6973,7,7 31 37 43 61 67 73 79 103 109 127 139 151 163 181 193 211 223 241,13 19 97 157 199 229
2661,181,7,205,7,278407,3,6.761741819190e-07,25,13,12,0.48000000,37.6973,13,13 19 43 73 97 109 127 157 181 223 229 241,7 31 37 61 67 79 103 139 151 163 193 199 211
2662,202,7,219,7,335855,3,6.767528648965e-07,25,8,17,0.68000000,37.6973,31,31 67 79 97 103 109 127 139 151 157 181 193 199 211 223 229 241,7 13 19 37 43 61 73 163
2663,137,7,217,7,286691,3,6.769972170262e-07,25,12,13,0.52000000,37.6973,7,7 13 19 31 61 97 127 151 157 181 193 223 241,37 43 67 73 79 103 109 139 163 199 211 229
2664,228,6,217,7,283553,3,6.772959567928e-07,25,12,13,0.52000000,38.2373,37,37 43 61 67 73 79 103 139 163 181 199 211 241,7 13 19 31 97 109 127 151 157 193 223 229
2665,233,6,120,7,80328,3,6.773608512407e-07,25,5,20,0.80000000,38.2373,7,7 13 19 37 43 61 67 73 79 97 103 109 139 163 181 193 199 211 229 241,31 127 151 157 223
2666,193,6,227,7,314510,3,6.774420014879e-07,25,11,14,0.56000000,38.2373,7,7 13 19 31 37 67 73 139 151 157 181 193 211 229,43 61 79 97 103 109 127 163 199 223 241
2667,236,6,179,7,182324,3,6.775440544278e-07,25,6,19,0.76000000,38.2373,7,7 13 19 31 37 43 67 79 97 103 109 139 151 157 163 199 223 229 241,61 73 127 181 193 211
2668,163,7,233,7,342957,3,6.778496850830e-07,25,8,17,0.68000000,37.6973,7,7 31 37 43 73 79 97 103 127 139 157 163 181 193 211 223 229,13 19 61 67 109 151 199 241
2669,172,7,191,7,239436,3,6.780373368613e-07,25,9,16,0.64000000,37.6973,19,19 31 43 61 67 73 79 97 103 109 127 151 157 211 223 241,7 13 37 139 163 181 193 199 229
2670,190,7,207,7,293272,3,6.786170882251e-07,25,6,19,0.76000000,37.6973,7,7 13 19 37 61 67 73 79 97 103 109 139 151 157 181 199 223 229 241,31 43 127 163 193 211
2671,183,6,184,7,192901,3,6.787507352328e-07,25,11,14,0.56000000,38.2373,7,7 31 73 97 109 127 139 151 157 163 181 199 223 241,13 19 37 43 61 67 79 103 193 211 229
2672,242,6,171,7,164805,3,6.799855728241e-07,25,5,20,0.80000000,38.2373,7,7 13 31 37 43 61 73 97 103 109 127 139 151 157 163 181 199 223 229 241,19 67 79 193 211
2673,245,3,184,4,1051,3,6.804856060019e-07,25,5,20,0.80000000,38.2373,7,7 19 31 37 43 61 73 97 103 109 127 139 151 157 163 181 193 199 211 241,13 67 79 223 229
2674,79,6,234,6,54783,3,6.806135783995e-07,25,8,17,0.68000000,38.6325,7,7 37 43 61 67 73 97 103 109 127 139 151 157 163 211 223 241,13 19 31 79 181 193 199 229
2675,124,6,137,7,96886,3,6.806864514684e-07,25,6,19,0.76000000,38.2373,7,7 19 31 43 61 73 97 109 127 139 151 157 163 181 193 199 223 229 241,13 37 67 79 103 211
2676,121,4,65,6,4229,3,6.806922258687e-07,25,11,14,0.56000000,40.2466,7,7 13 37 43 61 67 79 163 181 193 199 223 229 241,19 31 73 97 103 109 127 139 151 157 211
2677,127,4,146,4,894,3,6.815793198836e-07,25,11,14,0.56000000,39.1639,7,7 13 37 43 61 73 79 97 103 109 157 163 199 241,19 31 67 127 139 151 181 193 211 223 229
2678,151,7,249,7,393943,3,6.817542581713e-07,25,8,17,0.68000000,37.6973,13,13 19 43 61 67 79 97 109 139 157 163 181 193 199 211 229 241,7 31 37 73 103 127 151 223
2679,178,7,211,7,12483,4,6.821151544887e-07,53,19,34,0.64150943,72.1671,3,3 5 13 17 19 23 31 37 41 43 47 53 59 61 67 73 89 97 101 103,7 11 29 71 79 83 107 127 137 149 151 167 173 191 211 223 227 239 251
2680,216,7,241,7,410466,3,6.821311339488e-07,25,8,17,0.68000000,37.6973,7,7 13 19 37 61 67 73 109 139 151 157 163 181 193 199 223 229,31 43 79 97 103 127 211 241
2681,211,6,189,7,205693,3,6.821425062698e-07,25,11,14,0.56000000,38.2373,13,13 19 31 61 67 73 79 97 127 163 181 193 211 229,7 37 43 103 109 139 151 157 199 223 241
2682,77,7,135,7,94101,3,6.822098954296e-07,25,9,16,0.64000000,37.6973,7,7 13 19 31 37 43 67 79 103 109 127 139 151 193 211 223,61 73 97 157 163 181 199 229 241
2683,149,6,159,7,137154,3,6.823483086893e-07,25,8,17,0.68000000,38.2373,13,13 19 31 37 61 67 79 97 103 139 151 163 181 193 211 223 229,7 43 73 109 127 157 199 241
2684,41,7,187,6,35022,3,6.825242034985e-07,25,4,21,0.84000000,38.2373,13,13 19 31 37 43 61 67 73 79 97 103 109 127 139 151 163 193 199 211 223,7 157 181 241
2685,197,6,241,6,63362,3,6.828334568713e-07,25,6,19,0.76000000,38.6325,7,7 13 37 43 61 67 73 79 97 109 127 139 151 157 163 181 193 223 229,19 31 103 199 211 241
2686,178,6,219,7,289219,3,6.830966134504e-07,25,8,17,0.68000000,38.2373,7,7 13 19 31 37 67 79 103 109 127 139 157 163 211 223 229 241,43 61 73 97 151 181 193 199
2687,96,6,191,6,36676,3,6.838811969967e-07,25,5,20,0.80000000,38.6325,7,7 19 31 43 61 67 73 103 109 127 139 151 157 163 181 193 199 223 229 241,13 37 79 97 211
2688,41,7,228,6,52008,3,6.840071464124e-07,25,8,17,0.68000000,38.2373,13,13 19 31 43 61 67 73 97 109 127 139 151 157 163 199 223 241,7 37 79 103 181 193 211 229
2689,197,6,189,7,205458,3,6.843350483975e-07,25,9,16,0.64000000,38.2373,31,31 37 43 67 73 79 97 109 139 151 163 181 199 223 229 241,7 13 19 61 103 127 157 193 211
2690,113,6,210,6,44454,3,6.845456246203e-07,25,11,14,0.56000000,38.6325,19,19 61 67 73 97 103 109 139 157 163 181 193 199 223,7 13 31 37 43 79 127 151 211 229 241
2691,140,7,213,7,275652,3,6.845706210790e-07,25,13,12,0.48000000,37.6973,7,7 19 67 73 79 97 109 127 139 199 223 229,13 31 37 43 61 103 151 157 163 181 193 211 241
2692,85,7,219,7,289220,3,6.846416847880e-07,25,9,16,0.64000000,37.6973,7,7 37 61 67 73 79 97 109 127 151 157 181 193 199 223 229,13 19 31 43 103 139 163 211 241
2693,197,6,223,7,301777,3,6.849457115186e-07,25,11,14,0.56000000,38.2373,13,13 19 31 43 61 67 73 79 97 109 151 157 193 241,7 37 103 127 139 163 181 199 211 223 229
2694,96,7,197,7,226306,3,6.853115949323e-07,25,12,13,0.52000000,37.6973,13,13 67 73 103 109 139 151 163 181 193 199 211 223,7 19 31 37 43 61 79 97 127 157 229 241
2695,203,6,184,7,193191,3,6.853617902864e-07,25,10,15,0.60000000,38.2373,7,7 13 19 43 61 67 103 127 139 151 163 199 223 229 241,31 37 73 79 97 109 157 181 193 211
2696,139,5,191,6,36494,3,6.856437302599e-07,25,13,12,0.48000000,38.2373,13,13 19 37 43 61 73 103 109 127 151 157 211,7 31 67 79 97 139 163 181 193 199 223 229 241
2697,193,7,214,7,312538,3,6.857028193411e-07,25,10,15,0.60000000,37.6973,13,13 31 61 67 79 103 151 157 163 181 193 199 223 229 241,7 19 37 43 73 97 109 127 139 211
2698,133,7,212,7,271363,3,6.857773600738e-07,25,7,18,0.72000000,37.6973,7,7 13 19 31 43 61 67 79 97 109 139 151 157 181 193 211 223 241,37 73 103 127 163 199 229
2699,203,7,226,7,353887,3,6.859379610542e-07,25,11,14,0.56000000,37.6973,7,7 19 31 43 61 73 97 109 127 157 181 199 223 229,13 37 67 79 103 139 151 163 193 211 241
2700,149,7,179,7,195904,3,6.860326533466e-07,25,12,13,0.52000000,37.6973,13,13 19 31 37 67 73 109 127 139 151 211 223 241,7 43 61 79 97 103 157 163 181 193 199 229
2701,232,6,229,7,321340,3,6.862210691467e-07,25,10,15,0.60000000,38.2373,13,13 31 37 43 61 67 73 79 97 151 163 181 193 211 241,7 19 103 109 127 139 157 199 223 229
2702,181,6,190,7,207807,3,6.866434772618e-07,25,8,17,0.68000000,38.2373,7,7 13 31 37 61 67 73 79 103 151 157 163 181 193 211 229 241,19 43 97 109 127 139 199 223
2703,76,5,43,6,2069,3,6.869224866366e-07,25,10,15,0.60000000,38.2373,31,31 43 61 67 79 97 109 151 157 163 193 199 211 223 229,7 13 19 37 73 103 127 139 181 241
2704,151,7,232,7,336096,3,6.871379989839e-07,25,10,15,0.60000000,37.6973,7,7 13 19 31 61 67 73 97 109 127 181 193 199 211 223,37 43 79 103 139 151 157 163 229 241
2705,188,6,211,7,265258,3,6.881121176887e-07,25,5,20,0.80000000,38.2373,7,7 13 19 37 43 61 67 73 79 97 109 139 151 157 163 181 193 199 229 241,31 103 127 211 223
2706,224,6,237,7,347948,3,6.882859491626e-07,25,7,18,0.72000000,38.2373,13,13 19 31 37 43 73 97 109 127 139 151 157 163 181 193 199 223 229,7 61 67 79 103 211 241
2707,176,7,177,7,220177,3,6.884336623635e-07,25,7,18,0.72000000,37.6973,7,7 13 19 43 67 79 97 109 127 151 157 163 193 199 211 223 229 241,31 37 61 73 103 139 181
2708,79,7,178,7,178431,3,6.887780326389e-07,25,8,17,0.68000000,37.6973,7,7 13 19 31 37 61 67 73 79 97 103 109 157 163 193 199 241,43 127 139 151 181 211 223 229
2709,183,7,193,7,256359,3,6.890774854008e-07,25,6,19,0.76000000,37.6973,7,7 13 19 31 37 61 67 79 97 109 139 157 163 181 193 199 211 229 241,43 73 103 127 151 223
2710,148,7,207,7,261298,3,6.891960097157e-07,25,3,22,0.88000000,37.6973,7,7 13 31 37 43 61 67 73 79 97 109 127 139 151 163 181 193 199 211 223,19 103 157
2711,161,7,200,7,249888,3,6.893422945806e-07,25,9,16,0.64000000,37.6973,7,7 13 31 37 43 61 67 79 97 109 127 151 163 193 211 223,19 73 103 139 157 181 199 229 241
2712,91,7,125,7,80851,3,6.894736068925e-07,25,8,17,0.68000000,37.6973,19,19 31 43 79 97 103 109 127 139 151 157 163 181 193 223 229 241,7 13 37 61 67 73 199 211
2713,221,6,129,7,89252,3,6.894867481836e-07,25,7,18,0.72000000,38.2373,7,7 19 31 67 73 97 103 109 127 139 151 163 181 193 199 211 223 229,13 37 43 61 79 157 241
2714,103,7,193,7,216143,3,6.897918972044e-07,25,9,16,0.64000000,37.6973,7,7 19 31 43 61 67 73 97 139 157 181 193 199 223 229 241,13 37 79 103 109 127 151 163 211
2715,21,7,88,6,7754,3,6.901227077463e-07,25,10,15,0.60000000,38.2373,13,13 19 31 37 61 73 103 109 127 139 151 157 199 223 241,7 43 67 79 97 163 181 193 211 229
2716,199,6,209,6,52590,3,6.902092258488e-07,25,10,15,0.60000000,38.6325,7,7 13 31 43 67 79 109 139 151 157 163 181 193 211 223,19 37 61 73 97 103 127 199 229 241
2717,115,7,216,7,281063,3,6.912000383552e-07,25,9,16,0.64000000,37.6973,7,7 13 31 61 67 97 109 139 151 163 181 199 211 223 229 241,19 37 43 73 79 103 127 157 193
2718,232,6,167,7,155754,3,6.914552367755e-07,25,13,12,0.48000000,38.2373,19,19 31 37 61 67 73 79 109 127 151 193 211,7 13 43 97 103 139 157 163 181 199 223 229 241
2719,145,7,194,7,226953,3,6.915944524573e-07,25,9,16,0.64000000,37.6973,7,7 13 31 37 61 67 97 109 127 139 163 193 211 223 229 241,19 43 73 79 103 151 157 181 199
2720,123,7,134,7,106316,3,6.917731059050e-07,25,7,18,0.72000000,37.6973,7,7 13 19 31 43 61 67 73 103 109 127 139 151 157 163 199 211 229,37 79 97 181 193 223 241
2721,144,7,151,7,145399,3,6.918200326240e-07,25,9,16,0.64000000,37.6973,13,13 19 67 73 79 97 103 109 139 151 157 163 181 193 211 229,7 31 37 43 61 127 199 223 241
2722,53,5,190,5,6283,3,6.922356147034e-07,25,8,17,0.68000000,37.5296,7,7 13 19 31 37 61 67 73 103 109 127 157 181 193 199 211 241,43 79 97 139 151 163 223 229
2723,87,7,110,7,61499,3,6.924133342716e-07,25,9,16,0.64000000,37.6973,13,13 19 31 43 61 67 73 97 127 151 157 163 193 211 229 241,7 37 79 103 109 139 181 199 223
2724,109,7,150,7,123669,3,6.924272420845e-07,25,10,15,0.60000000,37.6973,31,31 43 61 73 97 103 139 151 157 181 193 211 223 229 241,7 13 19 37 67 79 109 127 163 199
2725,173,5,84,6,7970,3,6.927426822498e-07,25,8,17,0.68000000,38.2373,7,7 13 19 61 67 97 103 109 127 139 151 163 181 193 223 229 241,31 37 43 73 79 157 199 211
2726,89,7,232,6,58496,3,6.931825952123e-07,25,10,15,0.60000000,38.2373,19,19 43 61 67 79 97 109 139 163 181 193 199 211 223 229,7 13 31 37 73 103 127 151 157 241
2727,77,7,194,7,217986,3,6.935269533974e-07,25,10,15,0.60000000,37.6973,7,7 13 31 37 43 61 73 79 103 127 139 157 199 211 223,19 67 97 109 151 163 181 193 229 241
2728,129,3,58,5,870,3,6.939983568792e-07,25,8,17,0.68000000,38.2373,7,7 19 43 61 67 79 103 109 127 151 157 163 193 199 223 229 241,13 31 37 73 97 139 181 211
2729,185,7,188,7,250490,3,6.944069536706e-07,25,7,18,0.72000000,37.6973,7,7 13 31 37 43 61 79 97 103 109 127 151 163 181 193 211 223 241,19 67 73 139 157 199 229
2730,70,6,199,6,39626,3,6.944151494058e-07,25,8,17,0.68000000,38.6325,19,19 31 37 61 67 73 79 97 103 109 139 157 181 193 211 223 241,7 13 43 127 151 163 199 229
2731,158,6,203,7,242279,3,6.947205991565e-07,25,11,14,0.56000000,38.2373,13,13 19 31 61 79 97 103 109 127 139 157 163 199 211,7 37 43 67 73 151 181 193 223 229 241
2732,118,7,241,7,362254,3,6.948074522429e-07,25,9,16,0.64000000,37.6973,7,7 13 19 31 37 43 79 97 103 139 151 157 163 199 223 241,61 67 73 109 127 181 193 211 229
2733,129,7,166,7,159633,3,6.951716427907e-07,25,5,20,0.80000000,37.6973,13,13 19 31 43 61 67 79 97 109 127 139 151 163 181 193 199 211 223 229 241,7 37 73 103 157
2734,181,6,226,7,13177,4,6.952762386806e-07,53,25,28,0.52830189,73.5585,3,3 5 7 11 29 31 37 43 47 53 61 73 89 97 113 127 131 137 149 151,13 17 19 23 41 59 67 71 79 83 101 103 107 109 139 157 163 167 173 179
2735,135,7,233,7,336488,3,6.963951194165e-07,25,5,20,0.80000000,37.6973,7,7 13 31 37 43 73 79 97 103 109 127 139 157 181 193 199 211 223 229 241,19 61 67 151 163
2736,125,6,154,7,127199,3,6.965111313781e-07,25,11,14,0.56000000,38.2373,19,19 37 61 67 73 97 103 127 151 157 163 193 211 223,7 13 31 43 79 109 139 181 199 229 241
2737,75,7,139,7,100527,3,6.968859957732e-07,25,4,21,0.84000000,37.6973,7,7 13 31 37 43 61 67 73 79 97 103 109 127 151 163 193 199 211 223 229,19 139 157 181
2738,165,7,218,7,298991,3,6.974441066401e-07,25,1,24,0.96000000,37.6973,7,7 13 19 31 37 43 61 67 79 97 103 109 127 139 151 157 163 181 193 199,73
2739,250,6,193,7,217004,3,6.974749040263e-07,25,7,18,0.72000000,38.2373,7,7 13 19 37 43 61 73 103 109 127 139 151 157 163 181 199 229 241,31 67 79 97 193 211 223
2740,205,6,177,7,176698,3,6.975450434109e-07,25,10,15,0.60000000,38.2373,7,7 13 37 43 61 67 79 109 127 139 151 157 163 193 223,19 31 73 97 103 181 199 211 229 241
2741,85,7,218,7,286152,3,6.976859558180e-07,25,8,17,0.68000000,37.6973,7,7 13 37 43 79 103 109 127 139 157 163 181 193 211 223 229 241,19 31 61 67 73 97 151 199
2742,133,7,208,7,260020,3,6.982777421831e-07,25,11,14,0.56000000,37.6973,7,7 13 37 43 73 109 151 157 181 193 211 223 229 241,19 31 61 67 79 97 103 127 139 163 199
2743,113,6,176,6,31683,3,6.985896095794e-07,25,10,15,0.60000000,38.6325,7,7 31 43 67 79 109 139 151 157 181 193 199 223 229 241,13 19 37 61 73 97 103 127 163 211
2744,99,5,166,5,5137,3,6.987505491025e-07,25,12,13,0.52000000,37.5296,7,7 43 61 67 73 79 97 109 127 163 181 211 229,13 19 31 37 103 139 151 157 193 199 223 241
2745,149,7,207,7,261664,3,6.989155146972e-07,25,7,18,0.72000000,37.6973,13,13 19 31 37 43 73 79 97 103 109 127 139 151 163 193 211 223 229,7 61 67 157 181 199 241
2746,146,5,77,6,724,4,6.991143730565e-07,53,24,29,0.54716981,73.5585,7,7 13 17 19 31 37 41 59 71 79 89 97 101 103 109 113 131 139 149 173,3 5 11 23 29 43 47 53 61 67 73 83 107 127 137 151 157 163 167 179
2747,125,7,151,7,131362,3,6.995291453531e-07,25,15,10,0.40000000,37.6973,7,7 13 19 73 79 97 157 163 211 223,31 37 43 61 67 103 109 127 139 151 181 193 199 229 241
2748,192,6,139,7,5696,4,7.005137333055e-07,53,23,30,0.56603774,73.5585,5,5 13 23 29 31 41 47 53 61 71 73 89 97 101 103 109 113 127 137 149,3 7 11 17 19 37 43 59 67 79 83 107 131 139 151 163 167 173 179 199
2749,164,6,155,7,129443,3,7.007799639760e-07,25,12,13,0.52000000,38.2373,7,7 13 19 37 43 61 67 97 103 139 157 163 241,31 73 79 109 127 151 181 193 199 211 223 229
2750,237,6,166,7,153977,3,7.008763642502e-07,25,10,15,0.60000000,38.2373,13,13 19 31 37 67 73 103 109 127 151 157 181 199 229 241,7 43 61 79 97 139 163 193 211 223
2751,162,7,193,7,234547,3,7.009352184845e-07,25,7,18,0.72000000,37.6973,7,7 13 19 31 37 43 61 67 97 103 109 139 157 193 199 211 229 241,73 79 127 151 163 181 223
2752,191,6,120,7,74100,3,7.011412181219e-07,25,5,20,0.80000000,38.2373,7,7 13 19 37 43 61 67 97 103 109 139 151 157 163 181 199 211 223 229 241,31 73 79 127 193
2753,55,6,67,7,18260,3,7.013265279466e-07,25,14,11,0.44000000,38.2373,7,7 19 31 61 97 151 157 181 199 211 229,13 37 43 67 73 79 103 109 127 139 163 193 223 241
2754,121,7,186,7,200677,3,7.015604361481e-07,25,10,15,0.60000000,37.6973,31,31 43 61 73 79 103 109 139 151 157 163 181 199 229 241,7 13 19 37 67 97 127 193 211 223
2755,96,7,193,7,215801,3,7.017254810576e-07,25,5,20,0.80000000,37.6973,7,7 13 19 31 43 67 73 97 103 109 127 139 151 157 163 193 211 223 229 241,37 61 79 181 199
2756,166,5,97,7,43254,3,7.022321006880e-07,25,8,17,0.68000000,38.2373,7,7 13 19 31 79 103 109 127 151 157 163 181 193 199 211 223 241,37 43 61 67 73 97 139 229
2757,188,5,209,6,43722,3,7.026316219945e-07,25,8,17,0.68000000,38.2373,13,13 19 31 37 61 67 73 79 97 103 139 151 181 193 199 229 241,7 43 109 127 157 163 211 223
2758,235,5,97,7,43359,3,7.028431507109e-07,25,6,19,0.76000000,38.2373,19,19 31 37 61 67 73 79 97 103 109 151 157 163 181 193 199 223 229 241,7 13 43 127 139 211
2759,97,5,58,6,3600,3,7.030392661180e-07,25,12,13,0.52000000,38.2373,19,19 31 37 61 67 79 103 151 157 163 181 193 241,7 13 43 73 97 109 127 139 199 211 223 229
2760,233,6,238,7,351464,3,7.030798853239e-07,25,13,12,0.48000000,38.2373,19,19 37 79 97 127 163 181 199 211 223 229 241,7 13 31 43 61 67 73 103 109 139 151 157 193
2761,122,7,155,7,136650,3,7.031372621263e-07,25,8,17,0.68000000,37.6973,7,7 13 19 67 73 79 97 103 109 127 157 181 193 211 223 229 241,31 37 43 61 139 151 163 199
2762,143,7,225,7,312152,3,7.031455041285e-07,25,8,17,0.68000000,37.6973,7,7 13 19 31 61 67 73 79 97 103 109 181 193 199 223 229 241,37 43 127 139 151 157 163 211
2763,162,6,217,6,49663,3,7.035419040512e-07,25,14,11,0.44000000,38.6325,43,43 67 73 79 109 151 181 193 199 211 223,7 13 19 31 37 61 97 103 127 139 157 163 229 241
2764,187,5,79,7,26885,3,7.035479468697e-07,25,8,17,0.68000000,38.2373,7,7 13 19 31 37 43 61 79 103 109 163 181 193 211 223 229 241,67 73 97 127 139 151 157 199
2765,167,7,179,7,211870,3,7.037369953628e-07,25,7,18,0.72000000,37.6973,7,7 19 37 43 61 79 97 103 139 151 157 163 181 193 199 211 229 241,13 31 67 73 109 127 223
2766,88,7,149,7,118673,3,7.040286104706e-07,25,7,18,0.72000000,37.6973,13,13 19 31 37 43 61 67 73 103 109 127 151 163 199 211 223 229 241,7 79 97 139 157 181 193
2767,179,6,173,7,8267,4,7.040667915805e-07,53,19,34,0.64150943,73.5585,5,5 7 13 17 19 29 31 37 43 47 53 59 61 67 71 73 89 97 101 103,3 11 23 41 79 83 107 109 127 139 163 173 179 191 211 227 233 239 251
2768,56,5,139,5,3743,3,7.042767404359e-07,25,10,15,0.60000000,37.5296,19,19 37 43 61 67 109 139 151 157 163 181 193 199 223 241,7 13 31 73 79 97 103 127 211 229
2769,63,5,67,5,220,4,7.043576258452e-07,53,28,25,0.47169811,71.8756,17,17 19 29 31 43 47 53 59 67 73 89 97 103 109 137 149 163 167 181 193,3 5 7 11 13 23 37 41 61 71 79 83 101 107 113 127 131 139 151 157
2770,187,5,98,6,10368,3,7.047574257902e-07,25,11,14,0.56000000,38.2373,7,7 13 97 109 139 151 157 163 181 193 199 223 229 241,19 31 37 43 61 67 73 79 103 127 211
2771,124,7,219,7,290879,3,7.047925050420e-07,25,13,12,0.48000000,37.6973,37,37 43 61 67 103 139 157 163 211 223 229 241,7 13 19 31 73 79 97 109 127 151 181 193 199
2772,167,7,233,7,344552,3,7.048622416104e-07,25,10,15,0.60000000,37.6973,19,19 37 43 61 97 103 109 127 139 151 181 199 211 223 241,7 13 31 67 73 79 157 163 193 229
2773,194,7,243,7,392298,3,7.050043549947e-07,25,7,18,0.72000000,37.6973,7,7 31 37 43 61 67 79 97 103 139 151 163 181 193 199 211 223 241,13 19 73 109 127 157 229
2774,53,6,118,6,13962,3,7.058137518250e-07,25,7,18,0.72000000,38.6325,7,7 13 19 31 61 67 79 97 103 109 139 151 157 181 193 211 229 241,37 43 73 127 163 199 223
2775,152,5,145,6,21086,3,7.059656887518e-07,25,7,18,0.72000000,38.2373,7,7 13 31 43 61 67 73 103 109 127 139 151 163 181 199 211 223 229,19 37 79 97 157 193 241
2776,249,6,205,7,249082,3,7.059731020149e-07,25,13,12,0.48000000,38.2373,7,7 13 61 79 109 157 163 193 199 211 223 229,19 31 37 43 67 73 97 103 127 139 151 181 241
2777,112,7,201,7,237968,3,7.060400222019e-07,25,11,14,0.56000000,37.6973,7,7 19 37 43 109 151 157 163 181 193 211 223 229 241,13 31 61 67 73 79 97 103 127 139 199
2778,155,5,59,7,13712,3,7.065493443590e-07,25,11,14,0.56000000,38.2373,7,7 19 31 61 97 103 127 151 163 199 211 223 229 241,13 37 43 67 73 79 109 139 157 181 193
2779,87,6,238,6,56689,3,7.066061115101e-07,25,6,19,0.76000000,38.6325,13,13 31 37 43 61 67 73 79 97 103 109 127 139 151 163 181 193 199 211,7 19 157 223 229 241
2780,125,7,231,7,328888,3,7.066573529599e-07,25,11,14,0.56000000,37.6973,13,13 19 31 37 61 67 73 97 163 181 199 211 223 241,7 43 79 103 109 127 139 151 157 193 229
2781,132,7,151,7,135507,3,7.071036322308e-07,25,5,20,0.80000000,37.6973,7,7 13 19 31 43 67 73 79 97 103 109 127 139 157 163 181 193 199 229 241,37 61 151 211 223
2782,56,7,79,7,27559,3,7.071888977831e-07,25,7,18,0.72000000,37.6973,7,7 31 37 43 61 67 73 79 97 109 139 151 157 163 181 211 223 229,13 19 103 127 193 199 241
2783,133,7,250,7,395302,3,7.072977709436e-07,25,6,19,0.76000000,37.6973,7,7 13 19 31 61 67 73 79 97 103 151 163 181 193 199 211 223 229 241,37 43 109 127 139 157
2784,168,7,235,7,351307,3,7.074276490698e-07,25,8,17,0.68000000,37.6973,7,7 19 37 43 61 73 97 103 109 127 139 151 163 211 223 229 241,13 31 67 79 157 181 193 199
2785,174,7,223,7,318315,3,7.079718688243e-07,25,10,15,0.60000000,37.6973,7,7 13 19 31 67 97 103 109 139 151 157 163 181 193 229,37 43 61 73 79 127 199 211 223 241
2786,161,6,139,7,100661,3,7.082331406992e-07,25,10,15,0.60000000,38.2373,31,31 37 43 73 79 97 103 109 151 157 181 193 199 223 241,7 13 19 61 67 127 139 163 211 229
2787,111,7,175,7,173626,3,7.082955617843e-07,25,12,13,0.52000000,37.6973,19,19 43 61 97 103 151 157 163 181 199 211 223 229,7 13 31 37 67 73 79 109 127 139 193 241
2788,133,6,81,7,30514,3,7.084406945330e-07,25,8,17,0.68000000,38.2373,7,7 13 19 37 43 67 73 97 109 127 139 151 157 163 181 229 241,31 61 79 103 193 199 211 223
2789,157,6,93,7,42199,3,7.090933930623e-07,25,10,15,0.60000000,38.2373,7,7 37 43 61 67 73 79 103 109 127 139 151 163 181 241,13 19 31 97 157 193 199 211 223 229
2790,79,6,81,7,28488,3,7.093366587770e-07,25,12,13,0.52000000,38.2373,7,7 13 19 43 67 79 103 127 151 193 223 229 241,31 37 61 73 97 109 139 157 163 181 199 211
2791,236,6,221,7,295949,3,7.097454334808e-07,25,11,14,0.56000000,38.2373,7,7 19 31 37 61 73 97 109 139 157 163 193 199 223,13 43 67 79 103 127 151 181 211 229 241
2792,239,5,228,6,52080,3,7.099430274401e-07,25,4,21,0.84000000,38.2373,7,7 13 31 37 43 61 67 79 103 109 127 139 151 163 181 193 199 211 223 229,19 73 97 157
2793,227,6,200,7,234752,3,7.107117777176e-07,25,8,17,0.68000000,38.2373,7,7 13 19 31 37 43 61 79 103 109 127 139 157 181 193 223 241,67 73 97 151 163 199 211 229
2794,138,7,143,7,129583,3,7.110037743819e-07,25,11,14,0.56000000,37.6973,31,31 37 43 61 73 79 97 103 139 157 181 199 211 241,7 13 19 67 109 127 151 163 193 223 229
2795,156,6,95,7,43838,3,7.110324526820e-07,25,6,19,0.76000000,38.2373,7,7 13 31 37 43 61 67 79 97 103 109 127 139 151 163 193 199 211 241,19 73 157 181 223 229
2796,197,6,152,7,124570,3,7.110551046159e-07,25,11,14,0.56000000,38.2373,31,31 37 67 97 103 109 127 139 157 163 181 193 223 229,7 13 19 43 61 73 79 151 199 211 241
2797,143,5,185,6,34242,3,7.110739174311e-07,25,9,16,0.64000000,38.2373,19,19 31 37 61 67 97 103 109 127 139 157 163 193 199 211 223,7 13 43 73 79 151 181 229 241
2798,123,4,181,4,1092,3,7.111202920888e-07,25,8,17,0.68000000,39.1639,7,7 13 31 37 43 61 67 73 79 139 157 163 181 193 199 211 229,19 97 103 109 127 151 223 241
2799,234,7,239,7,436136,3,7.112131135389e-07,25,12,13,0.52000000,37.6973,7,7 37 61 79 97 103 127 139 157 163 181 211 241,13 19 31 43 67 73 109 151 193 199 223 229
2800,213,7,229,7,375431,3,7.114597774039e-07,25,12,13,0.52000000,37.6973,37,37 43 61 67 73 79 97 109 157 181 193 211 241,7 13 19 31 103 127 139 151 163 199 223 229
2801,242,6,167,7,156369,3,7.121602746815e-07,25,10,15,0.60000000,38.2373,31,31 61 67 73 79 97 103 109 151 157 163 193 199 229 241,7 13 19 37 43 127 139 181 211 223
2802,208,6,159,7,138384,3,7.126599985419e-07,25,7,18,0.72000000,38.2373,13,13 31 61 67 73 79 103 109 151 157 163 181 193 199 211 223 229 241,7 19 37 43 97 127 139
2803,97,7,161,7,142355,3,7.127621588458e-07,25,11,14,0.56000000,37.6973,13,13 31 37 61 73 109 127 139 151 157 163 223 229 241,7 19 43 67 79 97 103 181 193 199 211
2804,243,6,224,7,305465,3,7.131096098993e-07,25,12,13,0.52000000,38.2373,13,13 19 67 73 79 103 109 127 157 199 211 223 229,7 31 37 43 61 97 139 151 163 181 193 241
2805,119,6,213,6,3132,4,7.131416699449e-07,53,24,29,0.54716981,72.9271,11,11 13 19 23 29 41 59 61 83 97 101 103 107 109 127 149 157 163 173 181,3 5 7 17 31 37 43 47 53 67 71 73 79 89 113 131 137 139 151 167
2806,189,6,221,7,295464,3,7.131488616934e-07,25,12,13,0.52000000,38.2373,7,7 19 37 61 67 79 97 127 151 157 193 223 229,13 31 43 73 103 109 139 163 181 199 211 241
2807,234,6,203,7,243120,3,7.136119012868e-07,25,10,15,0.60000000,38.2373,19,19 31 43 67 73 79 139 157 163 181 199 211 223 229 241,7 13 37 61 97 103 109 127 151 193
2808,203,6,200,7,234347,3,7.145310839319e-07,25,11,14,0.56000000,38.2373,7,7 13 37 43 67 73 103 139 151 157 163 181 193 241,19 31 61 79 97 109 127 199 211 223 229
2809,169,6,216,7,280035,3,7.147673451935e-07,25,8,17,0.68000000,38.2373,19,19 31 37 61 67 73 79 103 127 139 151 157 181 199 223 229 241,7 13 43 97 109 163 193 211
2810,224,6,201,7,237409,3,7.147760959710e-07,25,10,15,0.60000000,38.2373,7,7 19 37 61 73 79 97 103 109 151 181 199 223 229 241,13 31 43 67 127 139 157 163 193 211
2811,175,6,123,7,76894,3,7.149307484869e-07,25,9,16,0.64000000,38.2373,7,7 13 19 31 73 97 103 109 127 157 163 193 211 223 229 241,37 43 61 67 79 139 151 181 199
2812,181,6,229,6,56397,3,7.149526385952e-07,25,9,16,0.64000000,38.6325,7,7 31 37 43 67 73 79 97 127 139 151 157 163 199 223 241,13 19 61 103 109 181 193 211 229
2813,118,7,163,7,150010,3,7.150358576648e-07,25,7,18,0.72000000,37.6973,13,13 19 37 43 67 73 79 103 109 139 157 163 181 193 199 211 223 241,7 31 61 97 127 151 229
2814,71,7,160,7,139135,3,7.154860249902e-07,25,11,14,0.56000000,37.6973,13,13 37 43 73 79 97 103 109 127 139 151 157 211 241,7 19 31 61 67 163 181 193 199 223 229
2815,237,6,232,7,331268,3,7.159888288182e-07,25,5,20,0.80000000,38.2373,7,7 13 19 43 67 73 79 103 109 127 139 151 157 163 181 193 199 223 229 241,31 37 61 97 211
2816,83,6,216,6,46706,3,7.162650290708e-07,25,6,19,0.76000000,38.6325,7,7 13 19 31 37 67 73 79 97 103 109 139 157 163 193 199 211 223 241,43 61 127 151 181 229
2817,58,5,213,4,1395,3,7.168366690320e-07,25,7,18,0.72000000,38.2373,13,13 19 31 37 61 67 73 97 103 109 127 151 157 163 181 193 211 241,7 43 79 139 199 223 229
2818,101,6,216,6,46818,3,7.175531325848e-07,25,6,19,0.76000000,38.6325,7,7 31 43 61 67 73 79 97 127 139 151 157 181 193 199 211 223 229 241,13 19 37 103 109 163
2819,134,7,237,7,349727,3,7.176404766471e-07,25,7,18,0.72000000,37.6973,13,13 19 31 37 43 67 79 97 103 127 139 151 157 181 193 199 223 241,7 61 73 109 163 211 229
2820,156,6,151,7,121742,3,7.177330289393e-07,25,7,18,0.72000000,38.2373,7,7 19 37 43 61 67 73 103 109 127 139 163 181 193 199 211 229 241,13 31 79 97 151 157 223
2821,186,6,191,7,210405,3,7.179668568751e-07,25,7,18,0.72000000,38.2373,7,7 13 31 37 43 61 97 103 109 139 151 157 181 193 199 211 223 229,19 67 73 79 127 163 241
2822,51,7,146,6,21955,3,7.182859570784e-07,25,5,20,0.80000000,38.2373,7,7 19 31 37 43 61 67 97 103 109 127 139 151 163 181 193 199 211 229 241,13 73 79 157 223
2823,82,7,175,7,171582,3,7.192272710059e-07,25,7,18,0.72000000,37.6973,7,7 13 19 31 37 43 61 67 97 109 127 151 163 181 193 199 211 223,73 79 103 139 157 229 241
2824,95,6,189,6,35912,3,7.196519462357e-07,25,8,17,0.68000000,38.6325,31,31 61 67 73 79 97 103 127 139 151 157 181 193 199 211 223 241,7 13 19 37 43 109 163 229
2825,119,5,143,6,20468,3,7.198050531137e-07,25,11,14,0.56000000,38.2373,13,13 37 73 97 127 139 157 163 181 193 199 211 223 241,7 19 31 43 61 67 79 103 109 151 229
2826,227,6,208,7,257031,3,7.200492743927e-07,25,11,14,0.56000000,38.2373,37,37 43 67 73 79 97 109 139 151 157 163 193 223 241,7 13 19 31 61 103 127 181 199 211 229
2827,208,6,225,7,308196,3,7.205503648638e-07,25,9,16,0.64000000,38.2373,7,7 13 31 37 43 61 79 97 103 139 151 163 181 199 211 241,19 67 73 109 127 157 193 223 229
2828,141,7,226,7,314884,3,7.206659738840e-07,25,3,22,0.88000000,37.6973,7,7 13 19 31 37 43 61 67 73 79 97 103 109 139 151 157 163 193 199 223,127 181 211
2829,163,6,188,6,39771,3,7.208316988058e-07,25,8,17,0.68000000,38.6325,7,7 13 31 37 61 67 79 103 109 127 157 193 199 211 223 229 241,19 43 73 97 139 151 163 181
2830,200,7,227,7,352656,3,7.209958665497e-07,25,10,15,0.60000000,37.6973,13,13 19 37 67 79 97 103 109 139 151 157 163 181 199 229,7 31 43 61 73 127 193 211 223 241
2831,107,7,248,7,386773,3,7.212624781770e-07,25,4,21,0.84000000,37.6973,7,7 13 19 31 37 43 61 67 73 79 97 103 109 127 139 151 157 163 193 211,181 199 223 241
2832,124,7,237,7,348839,3,7.215541214331e-07,25,8,17,0.68000000,37.6973,7,7 13 31 37 43 67 73 79 109 139 157 163 181 199 223 229 241,19 61 97 103 127 151 193 211
2833,146,7,249,7,393134,3,7.217547656986e-07,25,13,12,0.48000000,37.6973,7,7 19 31 97 103 109 139 157 193 199 223 229,13 37 43 61 67 73 79 127 151 163 181 211 241
2834,127,6,242,6,58969,3,7.219626951490e-07,25,11,14,0.56000000,38.6325,7,7 31 43 61 67 79 97 109 139 151 157 181 199 223,13 19 37 73 103 127 163 193 211 229 241
2835,122,7,163,7,151240,3,7.219768202678e-07,25,13,12,0.48000000,37.6973,7,7 37 79 103 109 139 157 163 181 199 211 241,13 19 31 43 61 67 73 97 127 151 193 223 229
2836,50,6,127,6,16149,3,7.221320930021e-07,25,9,16,0.64000000,38.6325,7,7 31 37 67 79 97 103 139 157 163 181 193 199 211 223 229,13 19 43 61 73 109 127 151 241
2837,191,7,209,7,298856,3,7.224117595643e-07,25,7,18,0.72000000,37.6973,13,13 31 43 73 79 103 109 127 139 151 157 163 181 193 199 223 229 241,7 19 37 61 67 97 211
2838,191,6,229,7,320993,3,7.229917863386e-07,25,13,12,0.48000000,38.2373,13,13 19 31 37 61 67 73 109 127 151 181 199,7 43 79 97 103 139 157 163 193 211 223 229 241
2839,71,7,157,7,133145,3,7.241870508041e-07,25,8,17,0.68000000,37.6973,7,7 31 37 43 73 79 103 109 127 139 151 157 163 181 193 199 229,13 19 61 67 97 211 223 241
2840,73,7,184,7,9196,4,7.242223869135e-07,53,22,31,0.58490566,72.1671,3,3 7 11 19 29 37 41 47 53 59 61 73 79 89 101 113 127 137 149 151,5 13 17 23 31 43 67 71 83 97 103 107 109 131 139 163 167 173 179 191
2841,113,7,184,7,194656,3,7.242673816729e-07,25,6,19,0.76000000,37.6973,7,7 13 19 31 37 43 61 73 79 97 103 109 139 151 157 193 199 211 223,67 127 163 181 229 241
2842,185,6,206,7,250837,3,7.248204754908e-07,25,4,21,0.84000000,38.2373,7,7 13 19 31 37 43 61 67 73 79 97 109 127 157 163 181 193 199 211 229,103 139 151 223
2843,49,7,114,7,63072,3,7.251648589903e-07,25,5,20,0.80000000,37.6973,7,7 13 31 37 43 61 67 73 79 103 109 139 151 181 193 199 211 223 229 241,19 97 127 157 163
2844,65,7,157,6,27089,3,7.252187388452e-07,25,6,19,0.76000000,38.2373,7,7 19 31 43 61 67 73 79 97 103 109 139 151 181 193 199 211 223 229,13 37 127 157 163 241
2845,125,7,163,7,152319,3,7.255474215219e-07,25,9,16,0.64000000,37.6973,13,13 19 31 37 43 61 67 73 103 127 181 199 211 223 229 241,7 79 97 109 139 151 157 163 193
2846,195,6,244,7,372161,3,7.257125945987e-07,25,13,12,0.48000000,38.2373,13,13 19 37 73 79 103 139 157 163 181 199 229,7 31 43 61 67 97 109 127 151 193 211 223 241
2847,83,5,117,6,13696,3,7.258864972423e-07,25,7,18,0.72000000,38.2373,31,31 37 43 61 67 73 79 97 109 127 151 163 181 193 199 211 223 229,7 13 19 103 139 157 241
2848,149,7,239,7,358756,3,7.261031923722e-07,25,8,17,0.68000000,37.6973,7,7 13 19 37 61 67 73 79 103 109 127 151 181 199 211 229 241,31 43 97 139 157 163 193 223
2849,126,6,211,6,45184,3,7.261413313990e-07,25,5,20,0.80000000,38.6325,13,13 31 37 43 61 67 73 79 97 103 109 127 139 151 181 193 199 223 229 241,7 19 157 163 211
2850,190,6,233,7,334205,3,7.261786880907e-07,25,10,15,0.60000000,38.2373,7,7 13 19 31 37 43 67 73 97 103 109 163 181 229 241,61 79 127 139 151 157 193 199 211 223
2851,219,6,221,7,295711,3,7.262211895321e-07,25,5,20,0.80000000,38.2373,7,7 19 31 37 43 61 67 73 79 103 127 139 151 157 163 181 193 211 223 241,13 97 109 199 229
2852,91,7,228,7,317747,3,7.263542527107e-07,25,9,16,0.64000000,37.6973,7,7 13 19 31 37 43 61 97 103 139 151 181 193 199 223 229,67 73 79 109 127 157 163 211 241
2853,72,7,167,6,31656,3,7.266830653523e-07,25,7,18,0.72000000,38.2373,7,7 19 31 43 73 79 97 103 109 127 151 157 181 199 211 223 229 241,13 37 61 67 139 163 193
2854,143,7,192,7,10204,4,7.270438472145e-07,53,22,31,0.58490566,72.1671,3,3 7 13 17 19 29 31 43 47 59 61 71 73 83 101 107 109 113 127 131,5 11 23 37 41 53 67 79 89 97 103 139 157 163 167 179 193 197 211 229
2855,192,7,199,7,280107,3,7.271435051815e-07,25,10,15,0.60000000,37.6973,31,31 37 43 61 67 73 79 97 109 163 193 199 223 229 241,7 13 19 103 127 139 151 157 181 211
2856,182,7,187,7,244470,3,7.272783665155e-07,25,6,19,0.76000000,37.6973,7,7 19 37 61 73 79 97 103 109 127 139 157 163 181 193 199 223 229 241,13 31 43 67 151 211
2857,229,3,86,5,1677,3,7.276928225350e-07,25,10,15,0.60000000,38.2373,7,7 19 31 37 61 67 103 109 127 139 151 157 193 211 241,13 43 73 79 97 163 181 199 223 229
2858,70,7,111,7,3833,4,7.278076616609e-07,53,24,29,0.54716981,72.1671,7,7 11 17 19 29 31 41 53 59 61 71 79 101 107 109 113 127 131 137 157,3 5 13 23 37 43 47 67 73 83 89 97 103 139 149 151 163 181 191 223
2859,210,4,101,5,2318,3,7.281470712164e-07,25,9,16,0.64000000,38.2373,7,7 13 19 43 67 73 79 103 109 139 157 181 193 199 211 223,31 37 61 97 127 151 163 229 241
2860,191,6,231,7,327563,3,7.282380544878e-07,25,3,22,0.88000000,38.2373,13,13 19 31 37 43 61 67 73 79 97 103 109 127 139 151 157 163 181 199 211,7 193 229
2861,193,5,242,6,58590,3,7.284715483006e-07,25,12,13,0.52000000,38.2373,7,7 13 19 31 37 67 73 79 127 151 199 229 241,43 61 97 103 109 139 157 163 181 193 211 223
2862,57,7,146,7,112294,3,7.288235947356e-07,25,10,15,0.60000000,37.6973,13,13 19 37 43 73 79 103 127 151 163 193 211 223 229 241,7 31 61 67 97 109 139 157 181 199
2863,173,6,87,7,40111,3,7.293450718278e-07,25,11,14,0.56000000,38.2373,7,7 13 31 37 61 79 97 103 151 157 181 193 223 229,19 43 67 73 109 127 139 163 199 211 241
2864,184,7,201,7,273218,3,7.294929025466e-07,25,12,13,0.52000000,37.6973,19,19 31 67 73 103 109 127 139 181 199 211 223 241,7 13 37 43 61 79 97 151 157 163 193 229
2865,245,6,198,7,229872,3,7.296519980827e-07,25,7,18,0.72000000,38.2373,7,7 13 19 31 43 67 73 79 97 139 151 163 181 193 211 223 229 241,37 61 103 109 127 157 199
2866,208,6,233,7,13903,4,7.296635202128e-07,53,24,29,0.54716981,73.5585,7,7 11 13 17 41 43 47 53 61 79 89 97 101 103 109 127 149 151 157 163,3 5 19 23 29 31 37 59 67 71 73 83 107 113 131 137 139 179 211 223
2867,129,5,61,7,14703,3,7.296775833546e-07,25,10,15,0.60000000,38.2373,7,7 31 37 43 61 73 79 97 109 127 151 163 181 193 211,13 19 67 103 139 157 199 223 229 241
2868,117,7,142,7,113556,3,7.301113927531e-07,25,11,14,0.56000000,37.6973,19,19 31 67 97 103 151 157 163 181 193 199 211 229 241,7 13 37 43 61 73 79 109 127 139 223
2869,107,7,126,7,87275,3,7.303900609767e-07,25,5,20,0.80000000,37.6973,7,7 19 37 43 61 67 73 79 97 103 109 127 151 163 181 193 211 223 229 241,13 31 139 157 199
2870,181,5,167,6,27972,3,7.313839226332e-07,25,9,16,0.64000000,38.2373,13,13 19 43 61 79 97 103 109 127 151 157 163 193 199 211 229,7 31 37 67 73 139 181 223 241
2871,105,7,226,7,311598,3,7.318145282927e-07,25,10,15,0.60000000,37.6973,7,7 13 31 43 67 73 109 127 139 157 163 181 199 211 223,19 37 61 79 97 103 151 193 229 241
2872,238,6,241,7,361906,3,7.319832103919e-07,25,9,16,0.64000000,38.2373,7,7 13 19 31 37 67 73 79 109 157 163 193 199 211 223 229,43 61 97 103 127 139 151 181 241
2873,192,6,229,7,320998,3,7.320099300034e-07,25,12,13,0.52000000,38.2373,13,13 31 43 61 79 97 127 139 151 163 193 223 241,7 19 37 67 73 103 109 157 181 199 211 229
2874,221,6,219,7,289556,3,7.322012955531e-07,25,8,17,0.68000000,38.2373,7,7 13 19 37 61 67 79 97 103 139 157 163 181 193 199 211 229,31 43 73 109 127 151 223 241
2875,151,5,157,6,24692,3,7.323142799270e-07,25,9,16,0.64000000,38.2373,7,7 13 19 43 97 103 109 127 139 157 163 181 211 223 229 241,31 37 61 67 73 79 151 193 199
2876,103,6,236,6,55824,3,7.333288570873e-07,25,11,14,0.56000000,38.6325,7,7 19 37 43 67 79 97 139 151 157 181 193 199 211,13 31 61 73 103 109 127 163 223 229 241
2877,121,5,148,6,21922,3,7.333944572255e-07,25,2,23,0.92000000,38.2373,7,7 13 19 31 43 61 67 73 79 97 103 109 127 139 151 157 163 181 193 199,37 211
2878,165,7,226,7,322182,3,7.337733388460e-07,25,10,15,0.60000000,37.6973,13,13 19 43 61 73 79 97 103 109 127 163 199 211 229 241,7 31 37 67 139 151 157 181 193 223
2879,137,6,109,7,57430,3,7.342293680814e-07,25,9,16,0.64000000,38.2373,7,7 13 19 31 37 61 67 79 103 139 151 157 163 211 229 241,43 73 97 109 127 181 193 199 223
2880,169,6,250,6,64428,3,7.343434805270e-07,25,7,18,0.72000000,38.6325,7,7 19 31 37 43 67 73 79 109 127 139 151 157 181 193 211 223 241,13 61 97 103 163 199 229
2881,221,6,197,7,226575,3,7.343566093424e-07,25,11,14,0.56000000,38.2373,7,7 13 31 43 61 67 73 151 157 181 193 211 229 241,19 37 79 97 103 109 127 139 163 199 223
2882,142,5,65,7,17054,3,7.346030917048e-07,25,9,16,0.64000000,38.2373,19,19 31 37 43 67 103 109 127 151 157 163 193 199 211 223 229,7 13 61 73 79 97 139 181 241
2883,194,5,223,6,49766,3,7.346552995678e-07,25,5,20,0.80000000,38.2373,7,7 13 19 37 43 61 67 73 103 139 151 157 163 181 193 199 211 223 229 241,31 79 97 109 127
2884,212,6,189,7,205713,3,7.347959117988e-07,25,7,18,0.72000000,38.2373,13,13 19 31 43 61 67 73 97 109 127 139 151 157 163 199 223 229 241,7 37 79 103 181 193 211
2885,109,7,246,7,379606,3,7.352149233668e-07,25,4,21,0.84000000,37.6973,7,7 13 19 37 43 61 67 73 79 97 103 109 127 139 157 181 193 199 211 223,31 151 163 241
2886,123,7,182,7,191661,3,7.353512390017e-07,25,8,17,0.68000000,37.6973,7,7 13 19 31 37 67 73 97 103 109 127 139 157 163 181 199 223,43 61 79 151 193 211 229 241
2887,193,6,225,7,308093,3,7.357758029316e-07,25,7,18,0.72000000,38.2373,7,7 13 19 31 37 67 79 97 127 139 157 163 181 193 211 223 229 241,43 61 73 103 109 151 199
2888,221,7,235,7,402748,3,7.358494518888e-07,25,12,13,0.52000000,37.6973,31,31 61 73 103 109 127 139 163 181 199 211 223 241,7 13 19 37 43 67 79 97 151 157 193 229
2889,157,4,227,4,239,4,7.358690821856e-07,53,17,36,0.67924528,76.4269,3,3 5 11 13 17 19 23 29 31 37 41 53 61 67 71 73 79 83 89 97,7 43 47 59 113 137 149 151 157 167 179 181 193 211 227 239 251
2890,187,5,141,6,20072,3,7.359357464210e-07,25,3,22,0.88000000,38.2373,7,7 13 19 31 37 61 67 79 97 103 109 127 151 157 163 181 193 199 211 223,43 73 139
2891,65,6,186,6,34617,3,7.360095370550e-07,25,9,16,0.64000000,38.6325,7,7 43 61 67 73 97 139 151 157 163 181 193 199 211 223 241,13 19 31 37 79 103 109 127 229
2892,178,6,173,7,1361,5,7.361494478102e-07,13,3,10,0.76923077,28.9853,31,31 61 71 101 131 181 191 211 241 251,11 41 151
2893,250,6,199,7,232714,3,7.368075736894e-07,25,9,16,0.64000000,38.2373,7,7 31 37 43 61 79 103 109 151 157 163 181 193 211 223 241,13 19 67 73 97 127 139 199 229
2894,100,6,83,7,30415,3,7.369098360229e-07,25,13,12,0.48000000,38.2373,13,13 19 37 79 97 103 109 163 199 211 223 229,7 31 43 61 67 73 127 139 151 157 181 193 241
2895,178,6,141,7,104458,3,7.375337888787e-07,25,13,12,0.48000000,38.2373,7,7 13 19 31 43 61 67 79 97 151 199 229,37 73 103 109 127 139 157 163 181 193 211 223 241
2896,193,6,233,7,334219,3,7.375545473309e-07,25,8,17,0.68000000,38.2373,7,7 13 19 31 43 67 73 103 109 127 139 151 157 163 181 193 223,37 61 79 97 199 211 229 241
2897,249,5,226,6,51198,3,7.382068301434e-07,25,11,14,0.56000000,38.2373,7,7 31 43 73 79 97 103 127 157 163 181 193 199 241,13 19 37 61 67 109 139 151 211 223 229
2898,185,7,242,7,382642,3,7.384470080178e-07,25,8,17,0.68000000,37.6973,19,19 31 37 67 79 97 103 127 139 151 157 163 193 199 223 229 241,7 13 43 61 73 109 181 211
2899,59,7,234,6,3593,4,7.386028144160e-07,53,21,32,0.60377358,73.5585,3,3 11 13 17 23 31 41 43 47 61 71 73 97 107 109 127 131 139 149 151,5 7 19 29 37 53 59 67 79 83 89 101 103 113 137 199 223 227 239 241
2900,143,7,200,7,241145,3,7.386789482093e-07,25,11,14,0.56000000,37.6973,31,31 37 67 79 97 103 109 139 163 181 193 211 223 229,7 13 19 43 61 73 127 151 157 199 241
2901,163,7,210,7,276190,3,7.388657756630e-07,25,7,18,0.72000000,37.6973,7,7 13 31 43 61 67 79 103 109 127 151 163 181 193 199 211 223 241,19 37 73 97 139 157 229
2902,208,6,213,7,271315,3,7.389049083041e-07,25,10,15,0.60000000,38.2373,7,7 37 61 67 73 103 109 151 157 163 193 199 223 229 241,13 19 31 43 79 97 127 139 181 211
2903,215,6,118,7,74729,3,7.389441330158e-07,25,13,12,0.48000000,38.2373,19,19 79 103 109 127 139 151 157 163 223 229 241,7 13 31 37 43 61 67 73 97 181 193 199 211
2904,188,5,153,6,23551,3,7.394461237808e-07,25,10,15,0.60000000,38.2373,13,13 31 37 61 73 103 109 139 151 181 193 199 211 229 241,7 19 43 67 79 97 127 157 163 223
2905,69,7,185,7,195080,3,7.395258994222e-07,25,8,17,0.68000000,37.6973,7,7 13 19 37 61 67 73 79 97 103 157 163 181 193 199 229 241,31 43 109 127 139 151 211 223
2906,157,7,162,7,174126,3,7.397513348620e-07,25,10,15,0.60000000,37.6973,7,7 37 61 67 73 79 97 103 109 127 157 163 181 211 241,13 19 31 43 139 151 193 199 223 229
2907,151,7,222,7,304972,3,7.407200968737e-07,25,6,19,0.76000000,37.6973,7,7 13 19 31 37 43 73 79 97 103 109 151 157 163 193 211 223 229 241,61 67 127 139 181 199
2908,205,6,212,7,268333,3,7.414944978038e-07,25,4,21,0.84000000,38.2373,7,7 19 31 37 61 67 73 79 97 103 109 127 151 157 163 181 193 199 211 229,13 43 139 223
2909,173,7,218,7,303792,3,7.415552939006e-07,25,12,13,0.52000000,37.6973,31,31 37 43 61 67 73 79 97 163 193 211 229 241,7 13 19 103 109 127 139 151 157 181 199 223
2910,232,7,245,7,446745,3,7.416786311824e-07,25,9,16,0.64000000,37.6973,13,13 31 37 67 73 79 97 103 109 127 151 157 163 181 223 229,7 19 43 61 139 193 199 211 241
2911,191,6,235,7,340933,3,7.419289921988e-07,25,7,18,0.72000000,38.2373,7,7 13 31 43 61 67 73 97 127 151 163 181 193 199 211 223 229 241,19 37 79 103 109 139 157
2912,61,7,92,7,38914,3,7.422054993435e-07,25,9,16,0.64000000,37.6973,13,13 19 37 43 61 73 79 97 109 139 151 181 193 199 223 229,7 31 67 103 127 157 163 211 241
2913,96,7,233,7,334289,3,7.423780106386e-07,25,8,17,0.68000000,37.6973,13,13 19 31 37 43 61 73 79 97 103 109 139 151 157 181 199 211,7 67 127 163 193 223 229 241
2914,141,7,212,7,273036,3,7.425361972554e-07,25,8,17,0.68000000,37.6973,7,7 13 19 31 37 61 73 109 127 139 157 163 181 199 211 229 241,43 67 79 97 103 151 193 223
2915,198,7,235,7,372076,3,7.427445559281e-07,25,13,12,0.48000000,37.6973,13,13 19 61 67 73 97 103 109 151 157 229 241,7 31 37 43 79 127 139 163 181 193 199 211 223
2916,67,6,197,6,38829,3,7.429606540675e-07,25,10,15,0.60000000,38.6325,7,7 13 31 43 73 79 109 157 163 193 199 211 223 229 241,19 37 61 67 97 103 127 139 151 181
2917,131,7,189,7,210118,3,7.431590237464e-07,25,9,16,0.64000000,37.6973,7,7 13 19 31 37 67 73 109 139 157 163 181 193 211 223 241,43 61 79 97 103 127 151 199 229
2918,156,4,47,7,7975,3,7.432430263560e-07,25,8,17,0.68000000,38.2373,19,19 31 43 61 67 73 79 97 103 151 157 193 199 211 223 229 241,7 13 37 109 127 139 163 181
2919,182,6,211,7,265221,3,7.440013084800e-07,25,12,13,0.52000000,38.2373,13,13 19 37 43 67 97 103 127 139 157 181 193 199,7 31 61 73 79 109 151 163 211 223 229 241
2920,182,6,193,6,44484,3,7.441879586027e-07,25,14,11,0.44000000,38.6325,37,37 43 73 79 139 157 181 199 211 223 241,7 13 19 31 61 67 97 103 109 127 151 163 193 229
2921,229,5,101,7,47599,3,7.442269506606e-07,25,15,10,0.40000000,38.2373,19,19 31 61 79 103 139 163 181 193 211,7 13 37 43 67 73 97 109 127 151 157 199 223 229 241
2922,83,5,231,5,8714,3,7.442339456708e-07,25,11,14,0.56000000,37.5296,13,13 31 43 73 79 97 103 109 127 139 181 193 223 241,7 19 37 61 67 151 157 163 199 211 229
2923,156,6,185,7,195141,3,7.445497210248e-07,25,7,18,0.72000000,38.2373,7,7 13 19 43 61 67 73 79 97 103 109 127 163 181 193 199 229 241,31 37 139 151 157 211 223
2924,179,6,157,7,133591,3,7.447390999300e-07,25,12,13,0.52000000,38.2373,7,7 13 19 37 79 97 103 109 139 163 181 199 229,31 43 61 67 73 127 151 157 193 211 223 241
2925,230,5,193,6,37403,3,7.453353707556e-07,25,8,17,0.68000000,38.2373,13,13 31 37 43 61 67 79 103 109 127 139 157 181 193 211 223 229,7 19 73 97 151 163 199 241
2926,140,7,237,7,350484,3,7.453455891496e-07,25,10,15,0.60000000,37.6973,31,31 61 97 103 127 139 151 157 163 181 193 211 223 229 241,7 13 19 37 43 67 73 79 109 199
2927,136,7,171,7,172533,3,7.455420237970e-07,25,8,17,0.68000000,37.6973,19,19 37 43 67 73 79 97 103 127 151 157 163 181 211 223 229 241,7 13 31 61 109 139 193 199
2928,201,7,242,7,395497,3,7.455842833060e-07,25,10,15,0.60000000,37.6973,7,7 19 31 37 43 67 79 97 103 139 151 157 199 211 229,13 61 73 109 127 163 181 193 223 241
2929,199,6,220,7,292424,3,7.457260225807e-07,25,7,18,0.72000000,38.2373,7,7 19 37 43 61 67 73 79 97 109 127 151 157 163 181 199 223 229,13 31 103 139 193 211 241
2930,134,7,207,7,257435,3,7.460966918894e-07,25,9,16,0.64000000,37.6973,7,7 13 19 37 43 67 97 103 109 151 157 181 199 211 229 241,31 61 73 79 127 139 163 193 223
2931,120,7,241,7,362355,3,7.461245969074e-07,25,8,17,0.68000000,37.6973,7,7 13 31 37 43 67 73 79 97 109 139 181 199 211 223 229 241,19 61 103 127 151 157 163 193
2932,85,6,112,7,60500,3,7.462626824591e-07,25,12,13,0.52000000,38.2373,13,13 19 37 61 79 139 151 193 199 211 223 229 241,7 31 43 67 73 97 103 109 127 157 163 181
2933,99,7,212,7,268421,3,7.465736850926e-07,25,9,16,0.64000000,37.6973,7,7 13 37 61 67 73 97 103 109 139 163 193 199 211 223 229,19 31 43 79 127 151 157 181 241
2934,119,7,146,7,120553,3,7.466493300615e-07,25,10,15,0.60000000,37.6973,37,37 43 61 67 79 109 127 151 157 163 193 199 211 223 229,7 13 19 31 73 97 103 139 181 241
2935,169,6,210,7,262240,3,7.470419416698e-07,25,10,15,0.60000000,38.2373,13,13 31 61 67 79 97 103 109 127 163 181 193 199 211 223,7 19 37 43 73 139 151 157 229 241
2936,113,7,249,7,390575,3,7.475609993530e-07,25,6,19,0.76000000,37.6973,7,7 13 19 31 37 43 61 67 73 97 103 109 139 163 193 199 211 223 241,79 127 151 157 181 229
2937,169,6,162,7,143444,3,7.479222976823e-07,25,10,15,0.60000000,38.2373,7,7 13 19 31 37 61 67 73 109 127 139 151 157 211 229,43 79 97 103 163 181 193 199 223 241
2938,131,7,159,7,147838,3,7.487593965736e-07,25,6,19,0.76000000,37.6973,7,7 13 31 37 43 61 67 73 79 97 103 139 151 157 163 181 199 223 241,19 109 127 193 211 229
2939,236,6,223,7,302195,3,7.489612526769e-07,25,10,15,0.60000000,38.2373,13,13 19 43 61 67 73 79 97 103 151 181 193 211 229 241,7 31 37 109 127 139 157 163 199 223
2940,235,6,161,7,143782,3,7.490829752347e-07,25,8,17,0.68000000,38.2373,13,13 19 31 43 61 73 79 97 103 127 139 151 157 193 199 211 241,7 37 67 109 163 181 223 229
2941,139,7,242,7,367444,3,7.495354899617e-07,25,11,14,0.56000000,37.6973,7,7 31 43 73 97 109 151 157 193 199 211 223 229 241,13 19 37 61 67 79 103 127 139 163 181
2942,137,7,242,7,14917,4,7.495844699487e-07,53,19,34,0.64150943,72.1671,13,13 17 23 37 41 53 59 73 79 83 89 97 101 103 107 109 113 127 131 137,3 5 7 11 19 29 31 43 47 61 67 71 179 181 191 199 227 239 251
2943,65,7,66,7,21798,3,7.501982531917e-07,25,11,14,0.56000000,37.6973,7,7 43 73 97 103 127 139 157 163 181 199 211 229 241,13 19 31 37 61 67 79 109 151 193 223
2944,186,6,163,7,145787,3,7.503553280996e-07,25,8,17,0.68000000,38.2373,7,7 13 19 43 67 73 97 127 139 151 157 181 193 211 223 229 241,31 37 61 79 103 109 163 199
2945,179,6,176,7,173955,3,7.503927999077e-07,25,6,19,0.76000000,38.2373,7,7 13 19 37 67 79 97 103 109 127 151 157 163 181 193 211 223 229 241,31 43 61 73 139 199
2946,161,7,242,7,371839,3,7.506006581879e-07,25,12,13,0.52000000,37.6973,7,7 37 67 79 97 103 127 151 163 193 223 229 241,13 19 31 43 61 73 109 139 157 181 199 211
2947,82,4,99,5,2122,3,7.506970204567e-07,25,11,14,0.56000000,38.2373,7,7 13 19 37 43 73 79 97 127 151 163 181 211 223,31 61 67 103 109 139 157 193 199 229 241
2948,111,6,170,6,29628,3,7.508839082749e-07,25,10,15,0.60000000,38.6325,7,7 43 67 79 97 103 109 139 157 193 199 211 223 229 241,13 19 31 37 61 73 127 151 163 181
2949,116,6,141,7,103553,3,7.513521739362e-07,25,4,21,0.84000000,38.2373,7,7 13 19 31 43 61 67 73 79 97 103 127 151 163 181 193 199 211 223 229,37 109 139 157
2950,227,5,101,7,47595,3,7.515636623557e-07,25,16,9,0.36000000,38.2373,37,37 73 109 127 163 193 199 229 241,7 13 19 31 43 61 67 79 97 103 139 151 157 181 211 223
2951,201,6,238,7,351210,3,7.517868624236e-07,25,9,16,0.64000000,38.2373,13,13 19 37 67 73 79 97 127 139 151 157 163 181 223 229 241,7 31 43 61 103 109 193 199 211
2952,67,6,178,6,31714,3,7.518309182454e-07,25,11,14,0.56000000,38.6325,7,7 31 37 43 97 103 109 139 157 163 181 199 223 241,13 19 61 67 73 79 127 151 193 211 229
2953,245,6,216,7,280853,3,7.520037223461e-07,25,10,15,0.60000000,38.2373,13,13 19 37 43 61 67 103 109 139 151 181 199 211 223 229,7 31 73 79 97 127 157 163 193 241
2954,215,6,136,7,98625,3,7.520897869243e-07,25,6,19,0.76000000,38.2373,7,7 13 19 31 37 43 61 73 103 109 151 157 163 181 193 199 211 223 241,67 79 97 127 139 229
2955,250,6,143,7,113624,3,7.523583969912e-07,25,9,16,0.64000000,38.2373,7,7 19 31 43 61 67 79 151 157 181 193 199 211 223 229 241,13 37 73 97 103 109 127 139 163
2956,162,6,203,6,44489,3,7.532149994230e-07,25,7,18,0.72000000,38.6325,13,13 19 31 43 61 67 73 97 103 109 127 139 181 199 211 223 229 241,7 37 79 151 157 163 193
2957,181,6,194,7,218120,3,7.533524850087e-07,25,8,17,0.68000000,38.2373,19,19 31 37 43 67 73 109 139 151 157 163 181 193 199 211 229 241,7 13 61 79 97 103 127 223
2958,120,7,169,7,162559,3,7.536054706552e-07,25,8,17,0.68000000,37.6973,7,7 13 19 31 37 43 67 73 103 127 139 163 181 193 211 229 241,61 79 97 109 151 157 199 223
2959,191,6,139,7,101675,3,7.537080945735e-07,25,8,17,0.68000000,38.2373,13,13 19 31 37 43 61 67 79 127 151 157 163 181 211 223 229 241,7 73 97 103 109 139 193 199
2960,197,7,235,7,371073,3,7.544285286592e-07,25,5,20,0.80000000,37.6973,7,7 19 31 37 43 61 79 97 103 109 127 139 151 157 181 193 211 223 229 241,13 67 73 163 199
2961,95,7,181,7,185993,3,7.544968767636e-07,25,8,17,0.68000000,37.6973,7,7 13 19 37 43 67 79 97 103 139 151 163 199 211 223 229 241,31 61 73 109 127 157 181 193
2962,113,5,248,5,9853,3,7.545028508553e-07,25,9,16,0.64000000,37.5296,13,13 31 37 43 61 79 97 139 157 163 193 199 211 223 229 241,7 19 67 73 103 109 127 151 181
2963,209,6,216,7,280290,3,7.547578914548e-07,25,10,15,0.60000000,38.2373,13,13 31 37 67 79 97 103 109 151 157 163 193 211 223 241,7 19 43 61 73 127 139 181 199 229
2964,189,7,199,7,275775,3,7.548161905538e-07,25,7,18,0.72000000,37.6973,7,7 13 19 37 61 79 103 109 127 139 151 157 163 193 199 223 229 241,31 43 67 73 97 181 211
2965,229,7,236,7,419454,3,7.549051507899e-07,25,6,19,0.76000000,37.6973,7,7 13 19 37 43 61 79 97 103 127 139 151 157 181 199 211 223 229 241,31 67 73 109 163 193
2966,133,5,80,7,27595,3,7.554308011186e-07,25,5,20,0.80000000,38.2373,7,7 13 19 31 37 43 61 73 79 97 109 127 151 163 181 199 211 223 229 241,67 103 139 157 193
2967,235,6,133,7,96712,3,7.558850467148e-07,25,10,15,0.60000000,38.2373,13,13 31 37 43 61 67 73 79 127 139 157 181 193 211 241,7 19 97 103 109 151 163 199 223 229
2968,230,6,107,7,67578,3,7.560788067631e-07,25,9,16,0.64000000,38.2373,7,7 13 43 61 67 79 139 151 157 163 181 193 199 211 223 241,19 31 37 73 97 103 109 127 229
2969,129,6,214,6,46517,3,7.561540839104e-07,25,13,12,0.48000000,38.6325,7,7 31 61 79 97 109 139 181 199 223 229 241,13 19 37 43 67 73 103 127 151 157 163 193 211
2970,227,6,247,7,383100,3,7.571273384997e-07,25,7,18,0.72000000,38.2373,7,7 37 43 61 67 73 79 103 109 127 139 151 157 163 181 223 229 241,13 19 31 97 193 199 211
2971,207,6,224,7,305010,3,7.571983172693e-07,25,14,11,0.44000000,38.2373,13,13 37 43 61 67 79 97 103 199 211 223,7 19 31 73 109 127 139 151 157 163 181 193 229 241
2972,67,7,176,7,173659,3,7.572665324834e-07,25,7,18,0.72000000,37.6973,7,7 13 37 43 61 73 79 97 109 127 151 157 163 181 199 223 229 241,19 31 67 103 139 193 211
2973,218,6,175,7,172510,3,7.574823833491e-07,25,11,14,0.56000000,38.2373,19,19 31 37 61 73 127 139 151 163 181 193 199 229 241,7 13 43 67 79 97 103 109 157 211 223
2974,64,7,159,7,137038,3,7.578042964641e-07,25,12,13,0.52000000,37.6973,13,13 19 31 61 67 73 79 139 157 181 193 229 241,7 37 43 97 103 109 127 151 163 199 211 223
2975,128,6,159,7,137038,3,7.578042964641e-07,25,12,13,0.52000000,38.2373,13,13 19 31 61 67 73 79 139 157 181 193 229 241,7 37 43 97 103 109 127 151 163 199 211 223
2976,244,6,139,7,106665,3,7.579418673864e-07,25,10,15,0.60000000,38.2373,13,13 19 61 67 79 97 109 127 151 163 181 193 211 229 241,7 31 37 43 73 103 139 157 199 223
2977,245,5,92,7,38410,3,7.580338808962e-07,25,7,18,0.72000000,38.2373,19,19 37 43 67 73 97 109 127 139 151 157 163 181 193 199 211 223 229,7 13 31 61 79 103 241
2978,117,7,227,7,315345,3,7.580727173285e-07,25,11,14,0.56000000,37.6973,13,13 37 61 73 79 151 157 163 181 193 211 223 229 241,7 19 31 43 67 97 103 109 127 139 199
2979,167,7,230,7,335224,3,7.587174938719e-07,25,11,14,0.56000000,37.6973,7,7 13 37 61 67 73 79 97 103 139 157 193 211 229,19 31 43 109 127 151 163 181 199 223 241
2980,159,6,202,7,239510,3,7.589881479280e-07,25,6,19,0.76000000,38.2373,13,13 19 31 37 43 61 67 97 103 127 139 151 157 163 199 211 223 229 241,7 73 79 109 181 193
2981,242,5,93,7,39365,3,7.590825671561e-07,25,8,17,0.68000000,38.2373,7,7 13 19 31 37 43 67 73 79 139 157 181 199 211 223 229 241,61 97 103 109 127 151 163 193
2982,233,7,237,7,429591,3,7.591745968992e-07,25,2,23,0.92000000,37.6973,13,13 31 37 43 61 67 73 79 97 103 109 127 139 151 157 163 181 193 199 211,7 19
2983,211,7,237,7,392828,3,7.592495668737e-07,25,11,14,0.56000000,37.6973,13,13 31 37 79 103 109 127 139 151 193 211 223 229 241,7 19 43 61 67 73 97 157 163 181 199
2984,114,7,163,7,148991,3,7.592598898556e-07,25,4,21,0.84000000,37.6973,7,7 13 31 37 43 61 67 73 79 97 103 109 127 157 163 181 193 199 223 229,19 139 151 211
2985,209,5,112,7,60502,3,7.597758796019e-07,25,10,15,0.60000000,38.2373,13,13 19 31 37 43 61 79 103 109 127 151 157 181 229 241,7 67 73 97 139 163 193 199 211 223
2986,238,5,131,7,87190,3,7.602092314308e-07,25,9,16,0.64000000,38.2373,7,7 13 31 37 73 79 109 151 157 163 193 199 211 223 229 241,19 43 61 67 97 103 127 139 181
2987,236,5,175,6,30883,3,7.603953167316e-07,25,7,18,0.72000000,38.2373,7,7 19 31 37 61 67 79 97 109 127 139 151 163 181 193 223 229 241,13 43 73 103 157 199 211
2988,173,7,244,7,382879,3,7.618553737701e-07,25,11,14,0.56000000,37.6973,7,7 31 37 61 67 79 97 109 151 157 181 199 211 241,13 19 43 73 103 127 139 163 193 223 229
2989,161,7,181,7,209297,3,7.619794489330e-07,25,8,17,0.68000000,37.6973,13,13 37 67 73 79 97 103 127 139 151 157 163 181 211 223 229 241,7 19 31 43 61 109 193 199
2990,249,6,217,7,283958,3,7.620561890580e-07,25,8,17,0.68000000,38.2373,19,19 37 43 61 73 79 97 109 139 151 157 163 181 193 199 211 229,7 13 31 67 103 127 223 241
2991,201,6,214,7,274218,3,7.623468235812e-07,25,6,19,0.76000000,38.2373,7,7 13 19 37 43 61 67 79 97 103 109 127 139 151 181 193 199 223 229,31 73 157 163 211 241
2992,219,6,247,7,383040,3,7.625876515612e-07,25,11,14,0.56000000,38.2373,7,7 37 43 67 73 79 103 127 139 151 157 163 193 223,13 19 31 61 97 109 181 199 211 229 241
2993,47,7,224,6,50243,3,7.626399265761e-07,25,9,16,0.64000000,38.2373,7,7 13 19 31 43 61 67 97 127 139 151 157 193 199 211 241,37 73 79 103 109 163 181 223 229
2994,131,5,187,5,719,4,7.627240793715e-07,53,19,34,0.64150943,71.8756,5,5 7 11 13 17 19 23 31 37 41 43 47 61 73 101 109 113 127 131 137,3 29 53 59 67 71 79 83 89 97 103 107 139 157 167 191 223 227 239
2995,163,7,201,7,253611,3,7.630212956458e-07,25,10,15,0.60000000,37.6973,19,19 31 43 61 67 73 79 97 103 109 127 139 151 157 181,7 13 37 163 193 199 211 223 229 241
2996,118,7,245,7,376347,3,7.631083756353e-07,25,11,14,0.56000000,37.6973,13,13 43 61 73 79 103 109 127 139 151 157 181 193 223,7 19 31 37 67 97 163 199 211 229 241
2997,243,6,247,7,383257,3,7.635433692509e-07,25,11,14,0.56000000,38.2373,7,7 43 79 103 109 127 139 151 157 163 181 211 223 241,13 19 31 37 61 67 73 97 193 199 229
2998,106,7,149,7,121210,3,7.638463991428e-07,25,8,17,0.68000000,37.6973,7,7 19 37 43 61 73 79 97 103 127 139 151 157 181 193 229 241,13 31 67 109 163 199 211 223
2999,63,6,158,5,5440,3,7.638836159329e-07,25,12,13,0.52000000,38.2373,7,7 19 43 61 67 109 157 163 199 211 223 229 241,13 31 37 73 79 97 103 127 139 151 181 193
3000,127,6,250,6,62856,3,7.642727494757e-07,25,7,18,0.72000000,38.6325,7,7 13 31 37 43 67 73 97 139 157 163 181 193 199 211 223 229 241,19 61 79 103 109 127 151
3001,185,6,189,7,205313,3,7.653230258011e-07,25,7,18,0.72000000,38.2373,13,13 19 31 37 43 61 67 79 97 103 127 151 157 163 211 223 229 241,7 73 109 139 181 193 199
3002,248,5,85,7,32074,3,7.653425464463e-07,25,9,16,0.64000000,38.2373,13,13 19 37 43 61 79 97 103 127 163 181 193 211 223 229 241,7 31 67 73 109 139 151 157 199
3003,241,7,242,7,457611,3,7.657574057987e-07,25,10,15,0.60000000,37.6973,13,13 19 31 37 43 67 73 79 109 139 151 157 163 181 211,7 61 97 103 127 193 199 223 229 241
3004,202,6,241,6,64140,3,7.661407565707e-07,25,10,15,0.60000000,38.6325,7,7 13 31 61 79 97 103 109 139 157 181 199 211 223 229,19 37 43 67 73 127 151 163 193 241
3005,185,6,208,7,256542,3,7.666065360472e-07,25,6,19,0.76000000,38.2373,19,19 31 43 61 67 73 97 109 127 139 151 157 163 181 199 211 223 229 241,7 13 37 79 103 193
3006,186,5,101,7,47539,3,7.673126507541e-07,25,8,17,0.68000000,38.2373,7,7 13 37 79 97 103 127 139 151 163 181 193 199 211 223 229 241,19 31 43 61 67 73 109 157
3007,200,6,107,7,60784,3,7.673156563946e-07,25,8,17,0.68000000,38.2373,7,7 13 19 37 43 61 67 79 103 127 151 157 163 193 199 223 229,31 73 97 109 139 181 211 241
3008,179,6,194,7,218104,3,7.675955111038e-07,25,8,17,0.68000000,38.2373,31,31 37 61 67 79 103 109 127 139 151 157 163 181 193 211 223 241,7 13 19 43 73 97 199 229
3009,129,5,76,7,24486,3,7.683322407139e-07,25,9,16,0.64000000,38.2373,7,7 19 31 37 43 61 103 109 151 157 193 199 211 223 229 241,13 67 73 79 97 127 139 163 181
3010,189,6,181,7,185759,3,7.686402749692e-07,25,8,17,0.68000000,38.2373,13,13 19 31 37 43 61 67 73 97 109 127 151 157 163 193 199 223,7 79 103 139 181 211 229 241
3011,202,6,237,7,347787,3,7.688427537560e-07,25,8,17,0.68000000,38.2373,13,13 19 31 37 43 61 67 97 109 127 151 157 163 193 211 229 241,7 73 79 103 139 181 199 223
3012,238,6,247,7,383202,3,7.691225208281e-07,25,10,15,0.60000000,38.2373,7,7 43 61 67 73 79 97 109 127 151 157 181 193 199 241,13 19 31 37 103 139 163 211 223 229
3013,217,3,218,4,1314,3,7.691469737449e-07,25,8,17,0.68000000,38.2373,13,13 19 37 43 61 67 79 103 151 157 163 181 193 199 211 223 229,7 31 73 97 109 127 139 241
3014,146,7,199,7,239703,3,7.692495946716e-07,25,6,19,0.76000000,37.6973,7,7 13 19 31 67 73 97 103 109 127 139 151 163 193 199 211 223 229 241,37 43 61 79 157 181
3015,191,6,225,7,308082,3,7.692550211514e-07,25,9,16,0.64000000,38.2373,7,7 31 37 43 67 73 79 127 139 157 163 181 193 211 223 229,13 19 61 97 103 109 151 199 241
3016,244,6,201,7,237909,3,7.697756923655e-07,25,7,18,0.72000000,38.2373,37,37 43 61 73 79 97 103 127 139 151 157 163 181 193 199 211 229 241,7 13 19 31 67 109 223
3017,204,6,223,7,301827,3,7.701571905820e-07,25,10,15,0.60000000,38.2373,19,19 31 37 43 67 73 109 127 139 157 181 193 199 229 241,7 13 61 79 97 103 151 163 211 223
3018,200,4,39,7,5178,3,7.701959735982e-07,25,11,14,0.56000000,38.2373,31,31 43 61 67 79 103 109 127 139 151 157 181 193 199,7 13 19 37 73 97 163 211 223 229 241
3019,35,6,71,6,5065,3,7.702019398295e-07,25,10,15,0.60000000,38.6325,19,19 31 37 61 67 79 97 103 139 157 163 181 193 199 223,7 13 43 73 109 127 151 211 229 241
3020,228,4,103,6,10617,3,7.706903854003e-07,25,10,15,0.60000000,40.2466,7,7 13 31 61 67 73 79 109 151 157 181 199 211 229 241,19 37 43 97 103 127 139 163 193 223
3021,197,4,92,6,8471,3,7.710878862147e-07,25,10,15,0.60000000,40.2466,7,7 13 19 31 43 67 79 103 109 139 151 157 181 193 241,37 61 73 97 127 163 199 211 223 229
3022,62,7,233,6,3576,4,7.712453305085e-07,53,23,30,0.56603774,73.5585,5,5 13 17 23 37 41 47 53 79 89 101 109 131 139 149 151 157 173 179 191,3 7 11 19 29 31 43 59 61 67 71 73 83 97 103 107 113 127 137 163
3023,103,7,192,7,213571,3,7.716495425436e-07,25,6,19,0.76000000,37.6973,13,13 19 31 37 43 61 67 73 97 109 157 163 181 193 199 211 223 229 241,7 79 103 127 139 151
3024,187,5,94,7,40223,3,7.720067573566e-07,25,11,14,0.56000000,38.2373,19,19 37 43 61 67 79 103 127 139 163 193 199 211 229,7 13 31 73 97 109 151 157 181 223 241
3025,209,5,227,6,51579,3,7.721255823365e-07,25,7,18,0.72000000,38.2373,37,37 43 61 67 73 79 97 103 109 127 139 151 181 199 211 223 229 241,7 13 19 31 157 163 193
3026,161,6,193,7,215387,3,7.722415095113e-07,25,12,13,0.52000000,38.2373,7,7 19 37 43 67 73 97 103 127 139 163 181 229,13 31 61 79 109 151 157 193 199 211 223 241
3027,197,6,219,7,289325,3,7.722572719920e-07,25,11,14,0.56000000,38.2373,7,7 19 67 79 103 127 151 157 163 181 193 211 229 241,13 31 37 43 61 73 97 109 139 199 223
3028,51,7,125,7,78174,3,7.723342355051e-07,25,10,15,0.60000000,37.6973,13,13 19 31 37 61 67 103 109 157 163 181 199 211 223 229,7 43 73 79 97 127 139 151 193 241
3029,141,7,185,7,204279,3,7.727030604760e-07,25,8,17,0.68000000,37.6973,7,7 31 37 43 61 67 73 79 103 109 139 151 157 193 211 229 241,13 19 97 127 163 181 199 223
3030,91,6,204,6,41725,3,7.727162152921e-07,25,8,17,0.68000000,38.6325,31,31 43 61 67 73 79 97 103 109 127 151 157 181 193 211 229 241,7 13 19 37 139 163 199 223
3031,160,7,249,7,395855,3,7.728454941615e-07,25,9,16,0.64000000,37.6973,7,7 13 19 31 43 67 97 103 109 151 157 163 193 199 223 241,37 61 73 79 127 139 181 211 229
3032,196,6,219,7,289318,3,7.735357515626e-07,25,12,13,0.52000000,38.2373,7,7 13 31 37 43 97 109 139 157 163 211 223 241,19 61 67 73 79 103 127 151 181 193 199 229
3033,215,6,224,7,305082,3,7.744382408397e-07,25,7,18,0.72000000,38.2373,13,13 19 43 61 67 73 79 103 109 127 151 157 163 181 193 199 211 229,7 31 37 97 139 223 241
3034,179,6,206,7,250799,3,7.746258699068e-07,25,6,19,0.76000000,38.2373,7,7 13 31 37 61 67 73 109 127 139 151 157 163 181 193 199 211 223 229,19 43 79 97 103 241
3035,211,6,184,7,193354,3,7.753642331406e-07,25,7,18,0.72000000,38.2373,7,7 19 31 43 61 67 73 97 103 127 139 157 163 193 199 223 229 241,13 37 79 109 151 181 211
3036,107,5,63,6,4246,3,7.762340295391e-07,25,10,15,0.60000000,38.2373,7,7 31 37 61 67 109 127 139 151 181 199 211 223 229 241,13 19 43 73 79 97 103 157 163 193
3037,209,6,173,7,167759,3,7.768305081271e-07,25,10,15,0.60000000,38.2373,19,19 31 37 73 79 97 103 109 127 139 157 193 199 211 229,7 13 43 61 67 151 163 181 223 241
3038,128,7,235,7,342402,3,7.775986771326e-07,25,7,18,0.72000000,37.6973,13,13 19 31 43 61 73 97 103 109 127 139 157 163 181 193 199 229 241,7 37 67 79 151 211 223
3039,216,6,227,7,314678,3,7.776095307202e-07,25,8,17,0.68000000,38.2373,7,7 13 31 37 43 67 97 103 127 139 157 181 193 199 223 229 241,19 61 73 79 109 151 163 211
3040,147,5,38,7,5678,3,7.776105679435e-07,25,8,17,0.68000000,38.2373,7,7 13 19 43 67 73 79 97 103 109 151 157 163 193 211 223 241,31 37 61 127 139 181 199 229
3041,81,6,80,7,27700,3,7.780433390846e-07,25,9,16,0.64000000,38.2373,7,7 19 31 37 43 67 73 97 127 151 163 181 193 199 223 241,13 61 79 103 109 139 157 211 229
3042,211,5,106,7,53225,3,7.781846277003e-07,25,6,19,0.76000000,38.2373,7,7 13 19 61 67 73 79 103 109 127 139 151 157 181 193 211 223 229 241,31 37 43 97 163 199
3043,191,6,148,7,117056,3,7.782887433349e-07,25,6,19,0.76000000,38.2373,7,7 13 19 43 61 67 73 79 103 127 139 157 163 181 193 199 223 229 241,31 37 97 109 151 211
3044,139,7,183,7,198959,3,7.783001053434e-07,25,9,16,0.64000000,37.6973,13,13 19 31 37 43 61 73 79 109 127 151 163 199 211 223 241,7 67 97 103 139 157 181 193 229
3045,227,7,236,7,415694,3,7.784370584440e-07,25,10,15,0.60000000,37.6973,37,37 43 61 73 79 103 127 139 151 157 193 211 223 229 241,7 13 19 31 67 97 109 163 181 199
3046,227,6,231,7,327837,3,7.784382729072e-07,25,14,11,0.44000000,38.2373,13,13 19 31 61 103 151 181 193 199 223 229,7 37 43 67 73 79 97 109 127 139 157 163 211 241
3047,139,6,205,6,3004,4,7.786847506895e-07,53,21,32,0.60377358,72.9271,3,3 11 13 19 23 43 47 53 61 71 73 83 101 103 107 113 127 131 137 149,5 7 17 29 31 37 41 59 67 79 89 97 109 139 151 179 191 199 223 227
3048,227,6,139,7,104445,3,7.786942396900e-07,25,11,14,0.56000000,38.2373,19,19 31 37 61 67 73 79 97 103 109 163 199 223 229,7 13 43 127 139 151 157 181 193 211 241
3049,149,7,181,7,199956,3,7.789002603338e-07,25,7,18,0.72000000,37.6973,13,13 19 31 43 67 79 103 109 127 139 151 157 163 181 193 223 229 241,7 37 61 73 97 199 211
3050,56,5,193,5,6450,3,7.789894111350e-07,25,8,17,0.68000000,37.5296,7,7 13 19 31 61 67 79 97 103 127 151 163 181 193 199 211 241,37 43 73 109 139 157 223 229
3051,153,6,143,7,107307,3,7.791397014163e-07,25,16,9,0.36000000,38.2373,7,7 19 31 37 79 109 127 193 229,13 43 61 67 73 97 103 139 151 157 163 181 199 211 223 241
3052,133,5,86,7,32659,3,7.793896373976e-07,25,7,18,0.72000000,38.2373,7,7 19 31 37 73 79 97 103 109 127 151 157 163 181 193 211 229 241,13 43 61 67 139 199 223
3053,82,6,81,7,28513,3,7.797530105486e-07,25,11,14,0.56000000,38.2373,7,7 13 31 37 43 109 127 157 163 181 199 223 229 241,19 61 67 73 79 97 103 139 151 193 211
3054,188,7,219,7,318998,3,7.802897974331e-07,25,13,12,0.48000000,37.6973,13,13 67 73 79 97 151 157 163 193 211 229 241,7 19 31 37 43 61 103 109 127 139 181 199 223
3055,145,7,169,7,174187,3,7.803209356945e-07,25,8,17,0.68000000,37.6973,13,13 19 37 43 73 79 97 103 127 151 163 181 199 211 223 229 241,7 31 61 67 109 139 157 193
3056,207,6,116,7,71223,3,7.804339754882e-07,25,13,12,0.48000000,38.2373,7,7 19 43 67 73 139 151 163 193 211 223 229,13 31 37 61 79 97 103 109 127 157 181 199 241
3057,243,6,221,7,296075,3,7.807962802303e-07,25,6,19,0.76000000,38.2373,7,7 19 31 37 43 61 67 73 97 103 127 139 157 181 193 199 211 229 241,13 79 109 151 163 223
3058,113,7,163,7,148766,3,7.811529290930e-07,25,4,21,0.84000000,37.6973,7,7 13 19 31 37 43 61 67 73 79 103 109 127 139 157 163 181 199 211 223,97 151 193 229
3059,233,6,242,7,365352,3,7.813882495714e-07,25,7,18,0.72000000,38.2373,7,7 13 19 31 43 61 67 73 97 103 109 127 157 163 193 223 229 241,37 79 139 151 181 199 211
3060,215,6,208,7,256839,3,7.815784673804e-07,25,12,13,0.52000000,38.2373,19,19 37 43 67 73 97 109 163 193 199 211 229 241,7 13 31 61 79 103 127 139 151 157 181 223
3061,97,5,127,6,16140,3,7.822767317590e-07,25,6,19,0.76000000,38.2373,13,13 19 31 37 43 61 67 73 79 103 109 127 139 157 181 193 211 223 241,7 97 151 163 199 229
3062,88,7,221,7,295446,3,7.824563095981e-07,25,8,17,0.68000000,37.6973,13,13 19 31 37 43 79 97 127 139 151 157 163 181 193 199 223 241,7 61 67 73 103 109 211 229
3063,188,7,231,7,351419,3,7.832967091156e-07,25,9,16,0.64000000,37.6973,13,13 37 61 67 79 97 103 109 127 151 157 163 181 199 211 229,7 19 31 43 73 139 193 223 241
3064,155,7,218,7,294524,3,7.832991931152e-07,25,9,16,0.64000000,37.6973,7,7 13 19 37 61 97 103 127 139 151 163 193 211 223 229 241,31 43 67 73 79 109 157 181 199
3065,108,7,169,7,160166,3,7.834177375954e-07,25,5,20,0.80000000,37.6973,7,7 13 19 31 37 43 67 73 97 103 127 139 151 157 163 193 211 223 229 241,61 79 109 181 199
3066,159,7,248,7,392067,3,7.836366464983e-07,25,12,13,0.52000000,37.6973,13,13 67 73 79 97 139 157 163 181 193 223 229 241,7 19 31 37 43 61 103 109 127 151 199 211
3067,181,7,235,7,358160,3,7.836696871407e-07,25,7,18,0.72000000,37.6973,7,7 19 37 43 61 67 73 79 103 109 151 157 163 181 199 211 223 241,13 31 97 127 139 193 229
3068,201,5,250,6,62528,3,7.838254818272e-07,25,11,14,0.56000000,38.2373,7,7 13 19 43 73 103 127 139 151 163 181 199 211 229,31 37 61 67 79 97 109 157 193 223 241
3069,54,7,103,7,49910,3,7.840781734696e-07,25,9,16,0.64000000,37.6973,7,7 13 19 31 43 61 67 73 103 109 139 151 193 199 211 241,37 79 97 127 157 163 181 223 229
3070,61,7,151,7,121488,3,7.842353615718e-07,25,7,18,0.72000000,37.6973,7,7 19 31 37 43 61 67 73 79 103 109 151 157 163 211 223 229 241,13 97 127 139 181 193 199
3071,141,6,143,7,107163,3,7.843248895213e-07,25,8,17,0.68000000,38.2373,7,7 19 43 67 73 79 103 127 139 151 163 193 199 211 223 229 241,13 31 37 61 97 109 157 181
3072,154,7,249,7,394510,3,7.843281763082e-07,25,10,15,0.60000000,37.6973,7,7 19 37 61 73 79 97 103 109 127 157 181 199 229 241,13 31 43 67 139 151 163 193 211 223
3073,173,6,100,7,50240,3,7.847105540455e-07,25,5,20,0.80000000,38.2373,7,7 13 19 31 43 61 67 73 79 97 109 127 139 157 163 181 199 211 229 241,37 103 151 193 223
3074,222,5,113,7,61780,3,7.849770520508e-07,25,7,18,0.72000000,38.2373,7,7 13 19 31 37 43 61 73 103 127 139 151 157 163 181 199 229 241,67 79 97 109 193 211 223
3075,120,6,101,7,3240,4,7.853866481927e-07,53,26,27,0.50943396,73.5585,3,3 11 13 29 31 41 47 53 61 67 89 107 109 137 151 167 173 181 191 197,5 7 17 19 23 37 43 59 71 73 79 83 97 101 103 113 127 131 139 149
3076,101,7,249,7,390295,3,7.855624536138e-07,25,10,15,0.60000000,37.6973,19,19 31 37 61 73 79 103 139 151 157 163 193 199 211 223,7 13 43 67 97 109 127 181 229 241
3077,41,7,199,5,7973,3,7.863786009090e-07,25,5,20,0.80000000,38.2373,7,7 31 37 43 61 67 79 97 103 109 127 139 151 157 163 193 199 223 229 241,13 19 73 181 211
3078,191,6,140,7,103312,3,7.866190331932e-07,25,6,19,0.76000000,38.2373,13,13 31 37 43 61 67 97 109 127 139 151 157 163 181 193 199 211 223 229,7 19 73 79 103 241
3079,120,4,43,6,1869,3,7.872908696077e-07,25,8,17,0.68000000,40.2466,7,7 13 31 43 61 73 79 109 127 157 181 193 199 211 223 229 241,19 37 67 97 103 139 151 163
3080,52,7,111,7,59311,3,7.874428637848e-07,25,11,14,0.56000000,37.6973,7,7 13 31 37 43 67 73 103 109 139 181 193 199 223,19 61 79 97 127 151 157 163 211 229 241
3081,146,7,237,7,351458,3,7.875141148489e-07,25,7,18,0.72000000,37.6973,7,7 13 19 37 61 73 97 103 127 139 151 157 181 199 211 223 229 241,31 43 67 79 109 163 193
3082,19,7,179,4,1243,3,7.878173520106e-07,25,6,19,0.76000000,38.2373,7,7 13 31 37 43 61 73 79 103 109 127 139 151 163 181 193 199 223 241,19 67 97 157 211 229
3083,248,6,233,7,334758,3,7.878673783465e-07,25,8,17,0.68000000,38.2373,7,7 19 37 67 73 79 97 103 109 127 151 163 181 193 199 211 241,13 31 43 61 139 157 223 229
3084,29,7,159,6,25290,3,7.882278487054e-07,25,6,19,0.76000000,38.2373,7,7 13 19 37 43 61 79 97 103 109 139 151 157 163 181 193 199 211 229,31 67 73 127 223 241
3085,181,7,214,7,299697,3,7.885291900855e-07,25,6,19,0.76000000,37.6973,7,7 13 31 37 61 67 97 103 109 127 151 157 163 181 199 211 223 229 241,19 43 73 79 139 193
3086,150,6,227,6,52921,3,7.886184916543e-07,25,8,17,0.68000000,38.6325,7,7 13 31 43 61 67 79 97 103 109 127 139 157 193 199 211 223,19 37 73 151 163 181 229 241
3087,87,7,221,7,295434,3,7.892383047504e-07,25,13,12,0.48000000,37.6973,13,13 19 31 43 73 79 97 109 139 181 223 229,7 37 61 67 103 127 151 157 163 193 199 211 241
3088,139,5,68,7,18922,3,7.896359890623e-07,25,6,19,0.76000000,38.2373,7,7 13 19 31 37 43 67 73 79 97 103 139 151 163 181 211 223 229 241,61 109 127 157 193 199
3089,69,6,191,6,36508,3,7.897228936610e-07,25,6,19,0.76000000,38.6325,7,7 13 19 31 43 61 73 79 103 109 127 139 151 157 181 199 211 223 241,37 67 97 163 193 229
3090,197,7,219,7,329198,3,7.899526596541e-07,25,7,18,0.72000000,37.6973,7,7 19 31 37 43 61 79 97 103 139 151 157 181 193 199 211 229 241,13 67 73 109 127 163 223
3091,151,6,133,7,90775,3,7.899854904870e-07,25,10,15,0.60000000,38.2373,13,13 31 37 61 73 97 103 109 139 151 157 193 223 229 241,7 19 43 67 79 127 163 181 199 211
3092,206,6,225,7,308180,3,7.902822883346e-07,25,9,16,0.64000000,38.2373,7,7 13 19 31 43 61 67 79 97 103 151 163 181 199 223 241,37 73 109 127 139 157 193 211 229
3093,173,6,135,7,5390,4,7.903722280701e-07,53,15,38,0.71698113,73.5585,5,5 7 17 19 23 29 31 37 41 43 47 53 59 61 67 71 79 89 97 103,3 11 13 73 83 101 149 167 173 181 193 199 211 227 251
3094,199,6,204,7,245328,3,7.908411463901e-07,25,8,17,0.68000000,38.2373,7,7 13 19 31 43 73 79 97 103 109 127 139 157 163 181 223 241,37 61 67 151 193 199 211 229
3095,178,5,85,7,31826,3,7.911099930394e-07,25,7,18,0.72000000,38.2373,13,13 19 31 37 61 73 97 103 109 127 151 163 181 193 199 223 229 241,7 43 67 79 139 157 211
3096,147,5,71,6,666,4,7.914327355106e-07,53,19,34,0.64150943,73.5585,5,5 11 17 37 41 43 47 53 61 89 97 101 109 113 137 139 149 151 157 163,3 7 13 19 23 29 31 59 67 71 73 79 83 103 107 127 131 191 239
3097,174,7,193,7,245540,3,7.914961984931e-07,25,7,18,0.72000000,37.6973,7,7 13 19 37 61 67 73 79 97 103 151 157 163 193 199 223 229 241,31 43 109 127 139 181 211
3098,179,7,238,7,366287,3,7.921019338486e-07,25,8,17,0.68000000,37.6973,7,7 19 31 37 43 61 67 79 97 103 151 157 163 193 199 211 241,13 73 109 127 139 181 223 229
3099,158,6,169,7,158115,3,7.924959673566e-07,25,10,15,0.60000000,38.2373,7,7 19 61 67 79 109 157 163 181 193 199 211 223 229 241,13 31 37 43 73 97 103 127 139 151
3100,89,7,221,7,295459,3,7.925202033118e-07,25,5,20,0.80000000,37.6973,7,7 13 19 37 61 67 73 79 103 109 127 139 151 163 181 199 211 223 229 241,31 43 97 157 193
3101,106,7,237,7,348014,3,7.925640308989e-07,25,14,11,0.44000000,37.6973,19,19 31 37 43 109 127 151 157 163 181 193,7 13 61 67 73 79 97 103 139 199 211 223 229 241
3102,169,5,56,7,12309,3,7.926433307881e-07,25,6,19,0.76000000,38.2373,13,13 19 37 61 67 79 97 103 109 127 139 151 163 181 193 199 211 223 229,7 31 43 73 157 241
3103,125,7,128,7,101309,3,7.928338910710e-07,25,12,13,0.52000000,37.6973,13,13 19 31 61 67 73 109 151 157 163 199 229 241,7 37 43 79 97 103 127 139 181 193 211 223
3104,171,7,226,7,325191,3,7.928889350089e-07,25,4,21,0.84000000,37.6973,7,7 13 19 31 37 61 67 73 79 97 103 109 139 151 157 181 199 211 223 229,43 127 163 193
3105,233,6,229,7,321353,3,7.929020033572e-07,25,10,15,0.60000000,38.2373,13,13 31 37 43 67 79 97 109 127 157 181 193 199 211 223,7 19 61 73 103 139 151 163 229 241
3106,167,7,228,7,329124,3,7.933745763751e-07,25,7,18,0.72000000,37.6973,7,7 19 31 37 61 67 103 127 139 151 157 163 181 193 199 223 229 241,13 43 73 79 97 109 211
3107,105,7,242,7,365304,3,7.935118727276e-07,25,4,21,0.84000000,37.6973,7,7 13 31 37 43 61 67 79 97 103 127 139 151 157 181 193 199 211 223 229,19 73 109 163
3108,146,5,85,7,31789,3,7.938896260146e-07,25,12,13,0.52000000,38.2373,13,13 37 73 97 103 127 139 163 181 193 199 211 229,7 19 31 43 61 67 79 109 151 157 223 241
3109,60,7,113,7,3928,4,7.945021605054e-07,53,24,29,0.54716981,72.1671,3,3 5 7 17 37 41 47 53 61 67 73 83 89 97 107 109 137 139 157 163,11 13 19 23 29 31 43 59 71 79 101 103 113 127 131 149 151 173 179 191
3110,113,6,139,7,100154,3,7.945935973039e-07,25,11,14,0.56000000,38.2373,13,13 19 61 79 103 127 151 157 163 181 193 199 211 229,7 31 37 43 67 73 97 109 139 223 241
3111,85,7,167,7,154033,3,7.957801000245e-07,25,4,21,0.84000000,37.6973,19,19 31 37 43 61 67 73 79 97 103 109 127 139 151 157 163 193 199 211 223,7 13 181 241
3112,194,6,133,7,92422,3,7.960815822620e-07,25,9,16,0.64000000,38.2373,13,13 31 37 61 67 73 79 97 109 151 163 181 199 223 229 241,7 19 43 103 127 139 157 193 211
3113,183,6,137,7,98076,3,7.964316157899e-07,25,8,17,0.68000000,38.2373,7,7 13 31 37 43 61 79 103 109 139 157 163 193 199 211 223 229,19 67 73 97 127 151 181 241
3114,131,7,201,7,240536,3,7.972816585638e-07,25,2,23,0.92000000,37.6973,7,7 19 31 37 43 61 73 79 97 103 109 127 139 151 157 163 181 193 199 211,13 67
3115,150,5,191,6,36500,3,7.973459463211e-07,25,12,13,0.52000000,38.2373,31,31 43 67 73 79 97 103 109 127 181 193 223 229,7 13 19 37 61 139 151 157 163 199 211 241
3116,242,5,227,6,51633,3,7.973522301285e-07,25,11,14,0.56000000,38.2373,7,7 13 31 67 103 109 127 139 157 163 181 193 223 229,19 37 43 61 73 79 97 151 199 211 241
3117,186,7,247,7,399564,3,7.975752321352e-07,25,11,14,0.56000000,37.6973,13,13 19 61 67 73 97 103 109 127 151 163 193 229 241,7 31 37 43 79 139 157 181 199 211 223
3118,188,7,247,7,400810,3,7.977172640631e-07,25,7,18,0.72000000,37.6973,13,13 19 31 37 61 67 73 79 97 109 139 151 157 163 181 211 223 241,7 43 103 127 193 199 229
3119,155,6,179,6,2615,4,7.978799589477e-07,53,31,22,0.41509434,72.9271,3,3 13 19 23 37 89 101 109 113 137 149 157 173 181 191 193 199 229 233 239,5 7 11 17 29 31 41 43 47 53 59 61 67 71 73 79 83 97 103 107
3120,185,5,241,5,10098,3,7.979437977605e-07,25,5,20,0.80000000,37.5296,7,7 13 19 31 37 43 67 79 97 103 109 139 151 157 163 193 199 223 229 241,61 73 127 181 211
3121,94,7,211,7,265356,3,7.986038296173e-07,25,8,17,0.68000000,37.6973,7,7 13 19 31 73 97 109 127 139 151 163 181 193 211 223 229 241,37 43 61 67 79 103 157 199
3122,127,7,248,7,387601,3,7.987175325027e-07,25,12,13,0.52000000,37.6973,7,7 13 31 43 67 79 127 139 151 157 199 223 229,19 37 61 73 97 103 109 163 181 193 211 241
3123,181,7,200,7,267607,3,7.987207250238e-07,25,13,12,0.48000000,37.6973,7,7 13 31 37 73 79 109 151 163 193 199 223,19 43 61 67 97 103 127 139 157 181 211 229 241
3124,183,7,241,7,378192,3,7.990650955204e-07,25,7,18,0.72000000,37.6973,7,7 13 19 31 37 67 73 103 127 139 151 157 163 181 193 211 223 241,43 61 79 97 109 199 229
3125,95,7,227,7,314571,3,7.991345108859e-07,25,8,17,0.68000000,37.6973,13,13 31 43 67 73 79 103 109 127 139 151 163 181 193 211 223 229,7 19 37 61 97 157 199 241
3126,213,7,226,7,368414,3,7.992094684675e-07,25,11,14,0.56000000,37.6973,7,7 13 31 61 67 79 97 109 139 151 157 163 229 241,19 37 43 73 103 127 181 193 199 211 223
3127,221,6,103,7,62101,3,7.992392425136e-07,25,9,16,0.64000000,38.2373,19,19 31 37 43 61 73 97 109 127 139 151 163 193 211 229 241,7 13 67 79 103 157 181 199 223
3128,139,7,227,7,317682,3,7.995746771020e-07,25,10,15,0.60000000,37.6973,7,7 13 31 37 103 109 139 151 157 163 181 193 199 223 229,19 43 61 67 73 79 97 127 211 241
3129,82,6,89,6,9287,3,7.996593180959e-07,25,10,15,0.60000000,38.6325,7,7 19 43 61 67 79 97 139 151 157 181 193 199 211 223,13 31 37 73 103 109 127 163 229 241
3130,240,6,241,7,361930,3,7.997400245055e-07,25,12,13,0.52000000,38.2373,7,7 31 37 43 61 73 79 103 157 163 193 199 211,13 19 67 97 109 127 139 151 181 223 229 241
3131,207,6,203,7,242637,3,7.997886617220e-07,25,12,13,0.52000000,38.2373,13,13 19 31 37 61 67 79 151 157 193 199 223 241,7 43 73 97 103 109 127 139 163 181 211 229
3132,127,6,107,7,54823,3,8.000221758934e-07,25,9,16,0.64000000,38.2373,7,7 13 19 37 61 67 79 97 151 157 193 199 211 223 229 241,31 43 73 103 109 127 139 163 181
3133,129,6,140,7,101921,3,8.005619025062e-07,25,11,14,0.56000000,38.2373,13,13 31 37 61 79 97 103 109 139 157 181 199 211 241,7 19 43 67 73 127 151 163 193 223 229
3134,86,7,189,7,205271,3,8.010975645466e-07,25,7,18,0.72000000,37.6973,7,7 13 19 31 37 43 61 79 109 127 151 157 163 181 193 223 229 241,67 73 97 103 139 199 211
3135,216,6,241,7,361702,3,8.016116323795e-07,25,13,12,0.48000000,38.2373,7,7 61 67 79 103 127 151 157 181 193 199 211,13 19 31 37 43 73 97 109 139 163 223 229 241
3136,182,7,183,7,238038,3,8.019821733129e-07,25,8,17,0.68000000,37.6973,19,19 37 43 67 79 97 103 109 127 157 163 181 193 199 211 223 241,7 13 31 61 73 139 151 229
3137,156,6,119,7,70630,3,8.026900533312e-07,25,5,20,0.80000000,38.2373,13,13 37 43 61 67 79 97 103 109 127 139 151 157 163 181 193 199 211 223 241,7 19 31 73 229
3138,121,7,144,7,118492,3,8.028152680699e-07,25,6,19,0.76000000,37.6973,37,37 43 61 67 73 79 97 103 127 139 151 157 163 181 193 199 211 223 229,7 13 19 31 109 241
3139,107,6,206,6,42712,3,8.028530632750e-07,25,10,15,0.60000000,38.6325,7,7 31 61 67 79 97 109 127 139 157 163 193 199 211 223,13 19 37 43 73 103 151 181 229 241
3140,250,5,179,6,32355,3,8.028753902303e-07,25,6,19,0.76000000,38.2373,7,7 13 19 31 37 73 97 109 127 139 157 163 181 193 199 211 223 229 241,43 61 67 79 103 151
3141,181,7,230,7,343167,3,8.030726701302e-07,25,12,13,0.52000000,37.6973,7,7 19 31 43 67 79 97 103 151 211 223 229 241,13 37 61 73 109 127 139 157 163 181 193 199
3142,211,7,228,7,369990,3,8.031762430395e-07,25,9,16,0.64000000,37.6973,7,7 13 19 31 37 97 103 109 127 139 151 163 193 211 223 241,43 61 67 73 79 157 181 199 229
3143,215,7,246,7,423126,3,8.039741540160e-07,25,9,16,0.64000000,37.6973,43,43 61 73 79 97 103 109 127 151 157 181 193 211 223 229 241,7 13 19 31 37 67 139 163 199
3144,213,4,37,6,1666,3,8.057825523388e-07,25,6,19,0.76000000,40.2466,7,7 19 31 37 43 61 67 97 103 109 127 139 151 157 193 199 211 223 229,13 73 79 163 181 241
3145,167,7,244,7,380556,3,8.060688287004e-07,25,13,12,0.48000000,37.6973,7,7 43 61 67 73 79 103 139 157 181 193 199,13 19 31 37 97 109 127 151 163 211 223 229 241
3146,87,7,181,7,185683,3,8.062595111850e-07,25,9,16,0.64000000,37.6973,7,7 31 37 43 103 109 127 151 157 163 181 193 211 223 229 241,13 19 61 67 73 79 97 139 199
3147,143,5,145,6,21070,3,8.064461500386e-07,25,7,18,0.72000000,38.2373,19,19 31 37 43 67 73 79 97 109 127 139 151 181 193 199 211 229 241,7 13 61 103 157 163 223
3148,82,7,217,7,283073,3,8.065237828430e-07,25,11,14,0.56000000,37.6973,7,7 19 31 67 79 97 103 163 181 193 199 211 223 229,13 37 43 61 73 109 127 139 151 157 241
3149,199,6,232,7,330918,3,8.065791434397e-07,25,3,22,0.88000000,38.2373,7,7 13 19 37 43 61 67 73 79 103 109 127 139 151 157 163 181 199 211 223,31 97 193
3150,95,5,104,6,10838,3,8.070337526596e-07,25,11,14,0.56000000,38.2373,7,7 13 31 37 67 97 109 127 151 193 199 211 229 241,19 43 61 73 79 103 139 157 163 181 223
3151,236,4,45,6,2251,3,8.074825488044e-07,25,4,21,0.84000000,40.2466,7,7 13 31 37 43 61 67 73 79 103 109 127 151 157 163 181 199 211 223 229,19 97 139 193
3152,209,6,181,7,186123,3,8.076376494799e-07,25,13,12,0.48000000,38.2373,19,19 31 37 43 73 79 103 151 157 199 211 229,7 13 61 67 97 109 127 139 163 181 193 223 241
3153,165,6,227,6,53947,3,8.077371719653e-07,25,11,14,0.56000000,38.6325,7,7 61 67 79 97 103 109 127 139 157 163 193 199 211,13 19 31 37 43 73 151 181 223 229 241
3154,193,5,211,6,44566,3,8.077446113234e-07,25,7,18,0.72000000,38.2373,7,7 19 31 37 43 67 73 79 97 109 127 139 151 157 181 199 223 241,13 61 103 163 193 211 229
3155,227,4,84,5,1898,3,8.083526014543e-07,25,8,17,0.68000000,38.2373,7,7 13 19 31 37 67 79 103 127 139 151 157 163 181 199 223 229,43 61 73 97 109 193 211 241
3156,237,7,241,7,446839,3,8.085002131048e-07,25,4,21,0.84000000,37.6973,7,7 13 19 31 37 43 67 73 79 97 109 139 151 157 163 181 193 211 223 229,61 103 127 199
3157,235,6,138,7,103898,3,8.085721734201e-07,25,13,12,0.48000000,38.2373,13,13 19 43 79 103 109 157 193 199 211 223 229,7 31 37 61 67 73 97 127 139 151 163 181 241
3158,212,6,193,7,215913,3,8.085882372578e-07,25,8,17,0.68000000,38.2373,7,7 13 19 37 61 67 79 103 127 139 151 157 163 211 223 229 241,31 43 73 97 109 181 193 199
3159,177,6,215,7,277055,3,8.086476497501e-07,25,14,11,0.44000000,38.2373,37,37 67 97 127 151 157 163 181 193 199 229,7 13 19 31 43 61 73 79 103 109 139 211 223 241
3160,216,6,155,7,6888,4,8.091026119376e-07,53,25,28,0.52830189,73.5585,3,3 13 17 19 29 43 47 53 61 67 71 79 83 89 97 101 103 127 139 149,5 7 11 23 31 37 41 59 73 107 109 113 131 137 151 167 173 179 181 191
3161,154,7,241,7,366610,3,8.096537202502e-07,25,8,17,0.68000000,37.6973,7,7 19 37 67 73 103 109 139 151 157 163 181 193 199 211 223 229,13 31 43 61 79 97 127 241
3162,139,7,156,7,148139,3,8.098128264809e-07,25,6,19,0.76000000,37.6973,13,13 19 31 37 43 67 79 97 103 109 127 139 151 163 193 199 223 229 241,7 61 73 157 181 211
3163,237,6,233,7,334593,3,8.103356148635e-07,25,9,16,0.64000000,38.2373,7,7 31 43 67 73 79 97 103 139 157 163 181 199 211 223 241,13 19 37 61 109 127 151 193 229
3164,171,7,188,7,232548,3,8.103720290726e-07,25,6,19,0.76000000,37.6973,7,7 19 31 37 67 73 79 103 109 127 139 151 157 163 181 199 211 223 229,13 43 61 97 193 241
3165,199,5,45,7,910,4,8.106107417254e-07,53,23,30,0.56603774,73.5585,5,5 11 13 17 29 37 41 53 59 61 73 79 83 97 101 103 109 113 137 139,3 7 19 23 31 43 47 67 71 89 107 127 131 149 163 173 179 199 211 227
3166,87,7,247,6,64216,3,8.108473011166e-07,25,6,19,0.76000000,38.2373,7,7 13 31 37 43 61 67 73 79 97 103 109 151 163 193 199 211 223 229,19 127 139 157 181 241
3167,188,7,211,7,299705,3,8.108581713974e-07,25,9,16,0.64000000,37.6973,13,13 37 61 67 73 79 103 109 127 163 181 193 199 223 229 241,7 19 31 43 97 139 151 157 211
3168,117,5,140,6,19619,3,8.113268932138e-07,25,4,21,0.84000000,38.2373,7,7 19 31 37 43 61 67 73 79 103 109 139 151 163 181 193 199 211 223 229,13 97 127 157
3169,153,7,199,7,242844,3,8.118314837691e-07,25,7,18,0.72000000,37.6973,7,7 19 31 37 43 61 73 79 97 103 109 151 157 181 199 223 229 241,13 67 127 139 163 193 211
3170,249,6,148,7,121502,3,8.123841672994e-07,25,14,11,0.44000000,38.2373,7,7 13 61 109 127 163 181 211 223 229 241,19 31 37 43 67 73 79 97 103 139 151 157 193 199
3171,75,6,214,6,3132,4,8.124497597334e-07,53,27,26,0.49056604,72.9271,19,19 29 41 43 47 59 73 79 97 103 109 113 131 137 139 151 163 179 181 191,3 5 7 11 13 17 23 31 37 53 61 67 71 83 89 101 107 127 149 157
3172,57,6,169,6,28575,3,8.126204498631e-07,25,7,18,0.72000000,38.6325,7,7 31 43 61 67 97 103 109 127 139 151 157 163 193 211 223 229 241,13 19 37 73 79 181 199
3173,135,6,86,7,34439,3,8.131920903292e-07,25,5,20,0.80000000,38.2373,7,7 13 19 31 37 61 67 73 79 97 127 139 151 157 181 193 211 223 229 241,43 103 109 163 199
3174,164,6,153,7,125615,3,8.135593631032e-07,25,12,13,0.52000000,38.2373,13,13 19 37 61 67 109 139 151 163 193 199 211 229,7 31 43 73 79 97 103 127 157 181 223 241
3175,181,6,188,7,202759,3,8.138113454467e-07,25,10,15,0.60000000,38.2373,19,19 31 37 43 61 67 73 79 97 103 109 127 157 163 199,7 13 139 151 181 193 211 223 229 241
3176,235,7,238,7,435918,3,8.143331809264e-07,25,10,15,0.60000000,37.6973,7,7 19 31 37 67 79 97 103 151 157 193 199 223 229 241,13 43 61 73 109 127 139 163 181 211
3177,111,7,133,7,98089,3,8.144432517523e-07,25,11,14,0.56000000,37.6973,13,13 19 31 37 43 67 79 109 151 157 163 181 193 199,7 61 73 97 103 127 139 211 223 229 241
3178,159,7,184,7,213337,3,8.145818637872e-07,25,10,15,0.60000000,37.6973,19,19 31 61 73 79 97 139 151 157 163 181 193 211 223 241,7 13 37 43 67 103 109 127 199 229
3179,169,6,212,7,11782,4,8.145833523844e-07,53,19,34,0.64150943,73.5585,5,5 7 11 13 23 29 31 41 61 67 71 73 79 83 89 97 101 103 107 127,3 17 19 37 43 47 53 59 109 113 131 139 163 167 181 191 197 227 239
3180,163,7,240,7,365736,3,8.150666596226e-07,25,9,16,0.64000000,37.6973,7,7 19 67 73 79 103 109 127 139 151 157 181 193 199 229 241,13 31 37 43 61 97 163 211 223
3181,59,7,233,6,54569,3,8.155512128481e-07,25,10,15,0.60000000,38.2373,7,7 13 19 37 61 73 79 97 109 127 139 151 163 211 241,31 43 67 103 157 181 193 199 223 229
3182,170,7,233,7,345897,3,8.155981565191e-07,25,8,17,0.68000000,37.6973,7,7 19 37 61 67 73 79 97 103 127 181 193 199 211 223 229 241,13 31 43 109 139 151 157 163
3183,210,6,247,7,382984,3,8.172576205630e-07,25,8,17,0.68000000,38.2373,7,7 31 43 61 67 73 97 109 139 151 157 163 181 193 223 229 241,13 19 37 79 103 127 199 211
3184,167,6,99,7,3274,4,8.173007846301e-07,53,17,36,0.67924528,73.5585,5,5 13 23 29 37 47 53 61 67 73 79 89 97 101 103 107 109 113 127 131,3 7 11 17 19 31 41 43 59 71 83 167 191 193 197 211 251
3185,77,7,94,7,43249,3,8.173295464941e-07,25,8,17,0.68000000,37.6973,7,7 13 31 43 73 97 103 127 139 151 157 163 181 193 223 229 241,19 37 61 67 79 109 199 211
3186,179,6,226,6,54974,3,8.180523228514e-07,25,10,15,0.60000000,38.6325,7,7 31 37 43 61 67 79 103 139 151 157 181 193 199 211,13 19 73 97 109 127 163 223 229 241
3187,162,6,103,7,52056,3,8.186827895662e-07,25,12,13,0.52000000,38.2373,13,13 31 37 43 61 67 73 109 157 163 199 223 241,7 19 79 97 103 127 139 151 181 193 211 229
3188,92,7,213,7,271201,3,8.187070244831e-07,25,7,18,0.72000000,37.6973,7,7 13 19 31 37 43 67 73 97 103 109 127 151 157 193 199 223 229,61 79 139 163 181 211 241
3189,138,7,155,7,145850,3,8.193664163289e-07,25,8,17,0.68000000,37.6973,13,13 31 37 67 79 97 103 127 151 157 163 181 193 199 211 223 229,7 19 43 61 73 109 139 241
3190,164,4,221,5,8082,3,8.193675758796e-07,25,7,18,0.72000000,38.2373,19,19 31 61 67 73 79 97 109 127 139 151 157 181 193 199 211 223 241,7 13 37 43 103 163 229
3191,131,6,100,7,47185,3,8.194623500351e-07,25,9,16,0.64000000,38.2373,7,7 13 19 37 43 61 67 79 97 139 151 163 181 193 199 241,31 73 103 109 127 157 211 223 229
3192,119,6,95,7,41731,3,8.195035880713e-07,25,8,17,0.68000000,38.2373,7,7 13 31 37 43 61 79 97 103 109 127 139 163 181 193 211 229,19 67 73 151 157 199 223 241
3193,80,7,117,7,68477,3,8.195682152492e-07,25,15,10,0.40000000,37.6973,13,13 31 37 73 79 103 109 151 163 229,7 19 43 61 67 97 127 139 157 181 193 199 211 223 241
3194,231,5,82,7,29467,3,8.201119502969e-07,25,8,17,0.68000000,38.2373,7,7 19 43 61 67 73 79 97 127 139 151 157 181 193 199 211 229,13 31 37 103 109 163 223 241
3195,109,7,232,7,331285,3,8.202033776026e-07,25,8,17,0.68000000,37.6973,7,7 13 19 37 61 79 103 109 127 139 151 181 193 199 223 229 241,31 43 67 73 97 157 163 211
3196,215,7,227,7,373954,3,8.206932350018e-07,25,8,17,0.68000000,37.6973,37,37 43 67 79 97 103 109 127 139 157 163 181 193 199 211 223 241,7 13 19 31 61 73 151 229
3197,111,7,118,7,80731,3,8.208682494238e-07,25,6,19,0.76000000,37.6973,7,7 13 19 31 37 61 73 79 97 103 127 139 151 157 163 193 199 223 241,43 67 109 181 211 229
3198,155,6,222,6,51118,3,8.209771106581e-07,25,11,14,0.56000000,38.6325,7,7 13 43 67 79 97 139 151 157 163 193 211 223 241,19 31 37 61 73 103 109 127 181 199 229
3199,211,6,223,7,301886,3,8.213716487683e-07,25,9,16,0.64000000,38.2373,19,19 31 37 43 67 73 97 103 109 127 139 151 163 181 193 229,7 13 61 79 157 199 211 223 241
3200,175,4,94,6,8840,3,8.217648555044e-07,25,6,19,0.76000000,40.2466,13,13 19 31 61 67 73 79 97 103 127 139 151 157 163 181 199 211 223 229,7 37 43 109 193 241
3201,107,7,109,7,70026,3,8.219644096272e-07,25,9,16,0.64000000,37.6973,13,13 19 43 61 67 97 103 127 139 157 163 193 199 211 223 241,7 31 37 73 79 109 151 181 229
3202,115,7,189,7,207084,3,8.237710779971e-07,25,8,17,0.68000000,37.6973,7,7 31 61 67 79 103 109 127 139 157 163 193 199 211 223 229 241,13 19 37 43 73 97 151 181
3203,61,7,85,7,32773,3,8.241299676767e-07,25,8,17,0.68000000,37.6973,13,13 19 31 37 43 67 79 97 109 127 139 151 157 181 193 223 241,7 61 73 103 163 199 211 229
3204,198,5,61,7,15106,3,8.241735357888e-07,25,13,12,0.48000000,38.2373,7,7 31 37 43 61 73 127 139 163 211 229 241,13 19 67 79 97 103 109 151 157 181 193 199 223
3205,191,6,238,7,351163,3,8.243284632560e-07,25,15,10,0.40000000,38.2373,19,19 31 43 73 103 109 151 163 181 229,7 13 37 61 67 79 97 127 139 157 193 199 211 223 241
3206,187,7,245,7,393612,3,8.244073682869e-07,25,11,14,0.56000000,37.6973,7,7 13 19 73 97 103 127 157 163 181 193 211 223 241,31 37 43 61 67 79 109 139 151 199 229
3207,43,7,167,6,28005,3,8.244193739422e-07,25,10,15,0.60000000,38.2373,7,7 13 31 37 61 73 97 103 139 151 163 193 199 223 229,19 43 67 79 109 127 157 181 211 241
3208,188,7,249,7,407458,3,8.245164360685e-07,25,13,12,0.48000000,37.6973,7,7 31 61 67 97 109 163 181 193 199 211 223,13 19 37 43 73 79 103 127 139 151 157 229 241
3209,95,6,197,6,38971,3,8.249671652574e-07,25,10,15,0.60000000,38.6325,7,7 31 37 61 67 73 79 97 109 127 139 151 193 223 241,13 19 43 103 157 163 181 199 211 229
3210,190,7,219,7,321075,3,8.250605445142e-07,25,7,18,0.72000000,37.6973,7,7 13 19 31 61 73 79 97 103 127 139 151 157 163 193 199 229 241,37 43 67 109 181 211 223
3211,129,7,193,7,219456,3,8.258212069451e-07,25,10,15,0.60000000,37.6973,19,19 37 67 73 79 127 139 151 157 181 199 211 223 229 241,7 13 31 43 61 97 103 109 163 193
3212,137,6,176,7,173665,3,8.259289366458e-07,25,10,15,0.60000000,38.2373,7,7 37 43 67 79 97 103 127 139 151 157 193 199 211 223,13 19 31 61 73 109 163 181 229 241
3213,40,7,191,6,36522,3,8.259451715015e-07,25,5,20,0.80000000,38.2373,13,13 19 31 37 43 61 67 73 79 103 109 127 139 157 163 193 199 211 229 241,7 97 151 181 223
3214,108,7,137,7,102510,3,8.261748583856e-07,25,12,13,0.52000000,37.6973,13,13 19 31 37 67 79 97 151 181 199 223 229 241,7 43 61 73 103 109 127 139 157 163 193 211
3215,113,7,172,7,167373,3,8.262564698471e-07,25,13,12,0.48000000,37.6973,7,7 37 73 79 97 109 157 163 181 199 229 241,13 19 31 43 61 67 103 127 139 151 193 211 223
3216,78,5,77,6,678,4,8.262813516323e-07,53,20,33,0.62264151,73.5585,5,5 17 19 23 29 31 37 41 43 53 61 67 73 79 83 97 101 109 137 139,3 7 11 13 47 59 71 89 103 107 113 127 131 149 163 167 191 197 199 223
3217,71,7,180,7,183028,3,8.262977088923e-07,25,11,14,0.56000000,37.6973,13,13 37 43 61 73 79 103 139 151 163 193 199 211 229,7 19 31 67 97 109 127 157 181 223 241
3218,179,5,156,6,24439,3,8.272202622047e-07,25,9,16,0.64000000,38.2373,7,7 13 19 37 43 61 67 79 97 103 109 127 139 181 193 229,31 73 151 157 163 199 211 223 241
3219,209,7,226,7,362240,3,8.274844260832e-07,25,8,17,0.68000000,37.6973,13,13 19 37 43 61 67 79 97 109 127 139 157 163 181 199 223 229,7 31 73 103 151 193 211 241
3220,243,7,247,7,473442,3,8.278531644272e-07,25,6,19,0.76000000,37.6973,13,13 19 31 37 43 61 67 73 103 127 151 157 163 181 193 211 223 229 241,7 79 97 109 139 199
3221,205,6,249,7,390223,3,8.280085231273e-07,25,8,17,0.68000000,38.2373,7,7 19 31 37 61 67 73 97 103 127 139 151 157 193 199 223 241,13 43 79 109 163 181 211 229
3222,234,6,151,7,125021,3,8.281918042741e-07,25,9,16,0.64000000,38.2373,7,7 19 43 61 73 79 97 103 127 139 157 181 193 211 229 241,13 31 37 67 109 151 163 199 223
3223,215,6,116,7,72520,3,8.283325408756e-07,25,9,16,0.64000000,38.2373,7,7 13 19 37 43 67 79 97 103 109 139 199 211 223 229 241,31 61 73 127 151 157 163 181 193
3224,140,7,229,7,13587,4,8.283629565507e-07,53,23,30,0.56603774,72.1671,5,5 7 11 13 17 19 29 37 43 53 59 61 67 83 89 97 101 109 113 131,3 23 31 41 47 71 73 79 103 107 127 139 163 179 191 197 199 211 223 233
3225,79,7,207,7,253572,3,8.285261697704e-07,25,12,13,0.52000000,37.6973,37,37 43 61 67 73 79 109 151 157 163 193 199 229,7 13 19 31 97 103 127 139 181 211 223 241
3226,217,5,199,6,39703,3,8.285973487309e-07,25,9,16,0.64000000,38.2373,13,13 19 37 43 61 67 79 97 103 139 157 163 181 211 229 241,7 31 73 109 127 151 193 199 223
3227,165,5,223,5,906,4,8.288088795695e-07,53,23,30,0.56603774,71.8756,5,5 29 37 41 43 47 53 59 67 73 83 89 101 107 109 113 139 157 167 173,3 7 11 13 17 19 23 31 61 71 79 97 103 127 131 137 149 151 163 179
3228,143,4,190,5,6283,3,8.288813300663e-07,25,7,18,0.72000000,38.2373,7,7 19 37 43 61 67 73 79 97 103 109 139 163 193 199 211 223 241,13 31 127 151 157 181 229
3229,187,6,215,7,277107,3,8.292034402596e-07,25,13,12,0.48000000,38.2373,19,19 31 37 79 97 103 109 139 181 199 211 229,7 13 43 61 67 73 127 151 157 163 193 223 241
3230,110,7,247,7,383232,3,8.293611911226e-07,25,4,21,0.84000000,37.6973,13,13 19 31 43 61 67 73 79 97 103 127 139 151 157 163 181 193 199 211 229,7 37 109 223
3231,133,6,151,7,121542,3,8.293911139617e-07,25,10,15,0.60000000,38.2373,7,7 13 43 61 67 79 97 103 109 127 163 181 193 199 241,19 31 37 73 139 151 157 211 223 229
3232,211,7,225,7,362951,3,8.306635213614e-07,25,11,14,0.56000000,37.6973,7,7 13 37 43 61 67 79 97 103 127 151 181 211 223,19 31 73 109 139 157 163 193 199 229 241
3233,218,6,233,7,334385,3,8.309383162468e-07,25,6,19,0.76000000,38.2373,7,7 31 43 61 67 73 79 97 103 109 127 151 157 163 181 193 199 229 241,13 19 37 139 211 223
3234,172,6,193,7,215448,3,8.314417037849e-07,25,9,16,0.64000000,38.2373,7,7 13 19 31 37 61 67 73 97 109 127 139 163 181 229 241,43 79 103 151 157 193 199 211 223
3235,236,4,185,5,6035,3,8.318119159310e-07,25,9,16,0.64000000,38.2373,19,19 43 73 79 97 103 109 127 139 157 163 181 193 223 229 241,7 13 31 37 61 67 151 199 211
3236,199,7,224,7,343853,3,8.320502445446e-07,25,8,17,0.68000000,37.6973,7,7 13 19 31 37 61 67 97 103 109 127 139 151 157 193 211 229,43 73 79 163 181 199 223 241
3237,67,5,103,6,10613,3,8.321550585812e-07,25,9,16,0.64000000,38.2373,7,7 13 19 43 61 73 79 103 109 139 151 181 193 199 211 223,31 37 67 97 127 157 163 229 241
3238,147,7,200,7,242629,3,8.325747753207e-07,25,11,14,0.56000000,37.6973,7,7 31 37 43 61 103 127 139 151 163 193 199 211 241,13 19 67 73 79 97 109 157 181 223 229
3239,65,7,248,6,61933,3,8.326895100315e-07,25,7,18,0.72000000,38.2373,7,7 19 31 37 43 61 67 73 79 127 157 163 181 193 199 223 229 241,13 97 103 109 139 151 211
3240,99,6,236,6,55797,3,8.335792966303e-07,25,8,17,0.68000000,38.6325,7,7 13 31 37 43 61 67 79 97 109 139 151 157 163 181 199 223,19 73 103 127 193 211 229 241
3241,182,7,211,7,293313,3,8.340235151003e-07,25,4,21,0.84000000,37.6973,13,13 19 31 37 43 61 67 73 79 103 109 127 157 163 181 193 199 211 223 229,7 97 139 151
3242,245,6,212,7,268989,3,8.345677467144e-07,25,10,15,0.60000000,38.2373,7,7 13 19 31 67 73 97 103 109 139 157 163 181 223 241,37 43 61 79 127 151 193 199 211 229
3243,82,6,101,7,47551,3,8.357431496701e-07,25,7,18,0.72000000,38.2373,7,7 13 31 67 73 79 97 103 109 127 139 157 163 181 193 223 229 241,19 37 43 61 151 199 211
3244,194,7,225,7,340665,3,8.365991675247e-07,25,6,19,0.76000000,37.6973,13,13 19 37 43 61 67 73 79 97 109 127 139 157 163 193 199 211 229 241,7 31 103 151 181 223
3245,141,7,193,7,222954,3,8.370655262449e-07,25,11,14,0.56000000,37.6973,7,7 13 19 31 37 43 61 67 97 103 151 163 193 241,73 79 109 127 139 157 181 199 211 223 229
3246,232,6,187,7,201261,3,8.371181506760e-07,25,10,15,0.60000000,38.2373,13,13 19 31 37 43 67 73 79 97 103 109 127 139 211 241,7 61 151 157 163 181 193 199 223 229
3247,215,6,217,7,283380,3,8.371200795022e-07,25,14,11,0.44000000,38.2373,61,61 67 73 103 109 139 193 199 211 223 229,7 13 19 31 37 43 79 97 127 151 157 163 181 241
3248,173,7,241,7,372909,3,8.382030681865e-07,25,7,18,0.72000000,37.6973,13,13 19 31 37 61 67 79 97 103 127 151 157 163 193 199 211 229 241,7 43 73 109 139 181 223
3249,154,5,235,5,9296,3,8.384745351992e-07,25,6,19,0.76000000,37.5296,7,7 19 31 37 43 61 67 73 79 127 151 157 163 193 199 211 223 229 241,13 97 103 109 139 181
3250,179,5,206,6,42470,3,8.387151464092e-07,25,9,16,0.64000000,38.2373,7,7 13 37 61 73 79 97 109 127 139 151 163 181 193 223 229,19 31 43 67 103 157 199 211 241
3251,159,6,169,7,158123,3,8.387326559710e-07,25,11,14,0.56000000,38.2373,7,7 19 73 79 103 109 127 139 157 181 193 211 223 241,13 31 37 43 61 67 97 151 163 199 229
3252,173,7,194,7,246512,3,8.389246459595e-07,25,9,16,0.64000000,37.6973,7,7 13 31 37 73 97 109 127 139 151 157 163 181 199 211 241,19 43 61 67 79 103 193 223 229
3253,214,6,187,7,200767,3,8.394840546598e-07,25,6,19,0.76000000,38.2373,13,13 19 31 37 43 61 73 79 97 103 109 127 139 151 157 181 193 199 241,7 67 163 211 223 229
3254,232,6,151,7,124845,3,8.396547609522e-07,25,10,15,0.60000000,38.2373,7,7 13 19 37 43 61 109 139 157 163 193 199 211 223 229,31 67 73 79 97 103 127 151 181 241
3255,151,5,116,6,13599,3,8.398866853793e-07,25,10,15,0.60000000,38.2373,7,7 13 19 31 37 43 61 67 73 103 109 181 193 223 241,79 97 127 139 151 157 163 199 211 229
3256,185,6,93,7,46456,3,8.399661327887e-07,25,11,14,0.56000000,38.2373,7,7 37 43 61 67 79 97 109 157 163 199 223 229 241,13 19 31 73 103 127 139 151 181 193 211
3257,201,6,160,7,140107,3,8.401989508337e-07,25,7,18,0.72000000,38.2373,13,13 19 31 37 61 67 73 79 103 109 127 139 163 181 193 211 223 241,7 43 97 151 157 199 229
3258,160,7,187,7,220225,3,8.403216703803e-07,25,10,15,0.60000000,37.6973,7,7 19 31 67 79 97 103 109 127 139 151 181 211 223 241,13 37 43 61 73 157 163 193 199 229
3259,221,4,27,7,2342,3,8.404312715637e-07,25,9,16,0.64000000,38.2373,7,7 19 37 43 67 73 97 103 109 127 151 157 163 181 229 241,13 31 61 79 139 193 199 211 223
3260,234,6,205,7,248683,3,8.405135672879e-07,25,6,19,0.76000000,38.2373,7,7 13 19 37 43 61 73 79 103 109 127 151 157 163 181 193 211 223 241,31 67 97 139 199 229
3261,162,6,187,7,200120,3,8.406447896756e-07,25,7,18,0.72000000,38.2373,13,13 19 31 37 43 61 67 103 109 127 139 151 157 163 181 199 211 223,7 73 79 97 193 229 241
3262,163,7,229,7,330445,3,8.409590428306e-07,25,13,12,0.48000000,37.6973,13,13 31 37 61 67 79 127 151 163 193 199 229,7 19 43 73 97 103 109 139 157 181 211 223 241
3263,103,6,78,7,26571,3,8.413839039184e-07,25,7,18,0.72000000,38.2373,7,7 19 31 43 67 73 97 103 109 127 139 157 163 181 211 223 229 241,13 37 61 79 151 193 199
3264,85,6,179,6,32163,3,8.413920889958e-07,25,8,17,0.68000000,38.6325,7,7 31 67 73 79 109 127 139 157 163 181 193 199 211 223 229 241,13 19 37 43 61 97 103 151
3265,41,6,182,5,5891,3,8.427779570556e-07,25,9,16,0.64000000,38.2373,19,19 37 43 61 67 79 109 127 139 157 181 193 199 211 223 229,7 13 31 73 97 103 151 163 241
3266,144,6,241,6,58949,3,8.428278856423e-07,25,13,12,0.48000000,38.6325,7,7 43 61 67 73 79 97 103 109 139 151 157,13 19 31 37 127 163 181 193 199 211 223 229 241
3267,201,6,248,7,386562,3,8.428750112386e-07,25,8,17,0.68000000,38.2373,7,7 19 43 61 67 73 79 103 127 139 151 181 193 199 211 229 241,13 31 37 97 109 157 163 223
3268,191,6,195,6,46956,3,8.437276964257e-07,25,10,15,0.60000000,38.6325,7,7 31 43 67 73 79 109 127 157 163 181 193 199 223 229,13 19 37 61 97 103 139 151 211 241
3269,122,7,135,7,106838,3,8.438607669483e-07,25,5,20,0.80000000,37.6973,7,7 13 19 31 37 61 67 73 79 97 109 151 157 163 181 193 199 211 223 241,43 103 127 139 229
3270,193,7,236,7,370233,3,8.449437151779e-07,25,9,16,0.64000000,37.6973,7,7 19 37 61 67 73 103 139 151 157 163 181 211 223 229 241,13 31 43 79 97 109 127 193 199
3271,174,3,83,5,1580,3,8.450142889305e-07,25,10,15,0.60000000,38.2373,7,7 31 37 43 67 73 97 109 127 157 163 193 199 223 229,13 19 61 79 103 139 151 181 211 241
3272,55,7,199,6,39922,3,8.451261031942e-07,25,5,20,0.80000000,38.2373,13,13 19 31 37 43 61 67 73 97 103 109 127 139 151 163 181 193 211 229 241,7 79 157 199 223
3273,237,6,211,7,265887,3,8.451630783838e-07,25,12,13,0.52000000,38.2373,7,7 13 19 37 43 79 97 127 139 157 193 199 241,31 61 67 73 103 109 151 163 181 211 223 229
3274,166,6,153,7,125646,3,8.453123858119e-07,25,9,16,0.64000000,38.2373,13,13 43 61 67 73 79 97 103 109 139 157 193 211 223 229 241,7 19 31 37 127 151 163 181 199
3275,122,6,167,6,29236,3,8.459938555656e-07,25,7,18,0.72000000,38.6325,7,7 13 37 43 67 73 79 97 127 139 151 157 163 193 199 211 223 229,19 31 61 103 109 181 241
3276,126,6,137,7,96899,3,8.463320701858e-07,25,4,21,0.84000000,38.2373,7,7 13 31 37 43 61 67 73 79 97 103 109 127 151 157 163 181 199 223 229,19 139 193 211
3277,149,6,211,6,46290,3,8.465658368834e-07,25,9,16,0.64000000,38.6325,7,7 19 37 43 67 79 97 127 139 157 163 181 199 223 229 241,13 31 61 73 103 109 151 193 211
3278,99,7,235,7,341061,3,8.466983677007e-07,25,7,18,0.72000000,37.6973,7,7 13 19 43 61 67 79 103 109 151 157 163 181 193 199 223 229 241,31 37 73 97 127 139 211
3279,93,7,211,7,265334,3,8.471434316932e-07,25,8,17,0.68000000,37.6973,7,7 31 37 43 67 73 79 103 109 127 157 163 181 193 199 211 223,13 19 61 97 139 151 229 241
3280,163,7,242,7,372448,3,8.471545523734e-07,25,6,19,0.76000000,37.6973,13,13 19 37 43 61 67 73 97 109 127 151 157 163 181 193 199 211 223 241,7 31 79 103 139 229
3281,98,7,237,7,347839,3,8.478101063071e-07,25,9,16,0.64000000,37.6973,13,13 19 37 43 61 79 97 109 127 157 163 193 211 223 229 241,7 31 67 73 103 139 151 181 199
3282,197,6,125,7,81195,3,8.481826832837e-07,25,11,14,0.56000000,38.2373,13,13 31 37 43 67 73 79 103 127 157 181 211 223 229,7 19 61 97 109 139 151 163 193 199 241
3283,148,6,149,7,117950,3,8.482310007899e-07,25,10,15,0.60000000,38.2373,7,7 13 19 43 61 67 73 79 103 109 157 181 193 199 223,31 37 97 127 139 151 163 211 229 241
3284,163,6,188,7,202626,3,8.485025482274e-07,25,9,16,0.64000000,38.2373,13,13 19 31 43 61 73 97 103 127 139 151 193 199 211 223 229,7 37 67 79 109 157 163 181 241
3285,82,6,201,6,40463,3,8.492336699731e-07,25,12,13,0.52000000,38.6325,7,7 31 37 61 103 151 157 181 193 199 223 229 241,13 19 43 67 73 79 97 109 127 139 163 211
3286,149,7,171,7,180756,3,8.495888784797e-07,25,7,18,0.72000000,37.6973,7,7 19 37 43 61 67 79 97 103 127 151 157 163 193 199 211 223 241,13 31 73 109 139 181 229
3287,82,6,219,6,48005,3,8.500307425250e-07,25,9,16,0.64000000,38.6325,7,7 19 31 37 61 67 79 97 127 139 151 163 193 211 223 229,13 43 73 103 109 157 181 199 241
3288,156,5,97,7,43248,3,8.503941436864e-07,25,13,12,0.48000000,38.2373,7,7 13 31 43 73 79 97 109 139 193 211 223,19 37 61 67 103 127 151 157 163 181 199 229 241
3289,200,6,231,7,327611,3,8.511536511160e-07,25,10,15,0.60000000,38.2373,13,13 19 43 61 67 73 109 127 151 181 193 199 211 223 229,7 31 37 79 97 103 139 157 163 241
3290,106,7,231,7,327879,3,8.511696774412e-07,25,13,12,0.48000000,37.6973,19,19 31 37 43 67 103 109 127 151 223 229 241,7 13 61 73 79 97 139 157 163 181 193 199 211
3291,173,7,175,7,213006,3,8.515577707317e-07,25,7,18,0.72000000,37.6973,7,7 13 37 43 61 67 79 97 103 109 127 139 163 181 193 199 211 223,19 31 73 151 157 229 241
3292,232,6,239,7,354896,3,8.517716306574e-07,25,8,17,0.68000000,38.2373,7,7 13 19 31 37 67 73 79 97 139 157 163 181 193 223 229 241,43 61 103 109 127 151 199 211
3293,130,7,199,7,235050,3,8.519426192402e-07,25,7,18,0.72000000,37.6973,13,13 19 31 61 67 73 97 103 139 151 157 163 181 193 199 223 229 241,7 37 43 79 109 127 211
3294,201,7,247,7,410837,3,8.522002869124e-07,25,7,18,0.72000000,37.6973,13,13 31 37 43 67 79 97 103 109 127 151 157 181 193 211 223 229 241,7 19 61 73 139 163 199
3295,91,7,193,7,215633,3,8.522587955890e-07,25,9,16,0.64000000,37.6973,7,7 13 19 31 37 43 61 73 79 97 103 109 157 163 181 193,67 127 139 151 199 211 223 229 241
3296,153,6,155,7,129311,3,8.522956569487e-07,25,10,15,0.60000000,38.2373,7,7 19 43 61 67 73 97 103 127 151 157 181 211 223 229,13 31 37 79 109 139 163 193 199 241
3297,207,5,247,6,61043,3,8.528703060006e-07,25,9,16,0.64000000,38.2373,7,7 19 31 61 67 73 79 97 127 139 157 163 181 193 199 229,13 37 43 103 109 151 211 223 241
3298,148,7,221,7,301120,3,8.530575597989e-07,25,9,16,0.64000000,37.6973,7,7 19 31 67 73 79 97 109 127 151 157 163 181 199 211 229,13 37 43 61 103 139 193 223 241
3299,117,6,139,7,100170,3,8.533586162454e-07,25,8,17,0.68000000,38.2373,13,13 19 37 61 67 73 79 103 127 151 157 163 181 193 223 229 241,7 31 43 97 109 139 199 211
3300,86,7,195,7,220741,3,8.533587855621e-07,25,10,15,0.60000000,37.6973,31,31 37 43 61 67 73 79 103 127 139 157 181 199 223 241,7 13 19 97 109 151 163 193 211 229
3301,234,6,173,7,168711,3,8.535128928939e-07,25,9,16,0.64000000,38.2373,13,13 19 31 43 67 97 103 139 151 163 181 193 211 223 229 241,7 37 61 73 79 109 127 157 199
3302,129,7,214,7,276541,3,8.537365461631e-07,25,9,16,0.64000000,37.6973,13,13 19 31 37 73 79 97 103 109 139 151 157 163 193 199 211,7 43 61 67 127 181 223 229 241
3303,190,6,189,7,205368,3,8.539686018893e-07,25,11,14,0.56000000,38.2373,31,31 37 43 61 67 73 103 127 139 181 193 211 223 241,7 13 19 79 97 109 151 157 163 199 229
3304,127,5,226,5,8539,3,8.543999264181e-07,25,7,18,0.72000000,37.5296,7,7 13 31 37 61 67 73 79 97 109 127 139 163 181 193 199 211 229,19 43 103 151 157 223 241
3305,167,5,202,6,40830,3,8.544922518088e-07,25,12,13,0.52000000,38.2373,13,13 19 31 37 43 73 97 109 127 151 163 181 241,7 61 67 79 103 139 157 193 199 211 223 229
3306,117,6,79,7,27922,3,8.547215466057e-07,25,10,15,0.60000000,38.2373,7,7 19 37 43 61 97 103 127 139 157 163 181 193 199 241,13 31 67 73 79 109 151 211 223 229
3307,173,6,203,7,242343,3,8.551389824122e-07,25,10,15,0.60000000,38.2373,13,13 19 31 43 67 109 127 139 151 157 163 181 223 229 241,7 37 61 73 79 97 103 193 199 211
3308,67,7,217,6,47983,3,8.559456961285e-07,25,11,14,0.56000000,38.2373,7,7 19 31 79 103 109 139 151 157 181 199 211 229 241,13 37 43 61 67 73 97 127 163 193 223
3309,164,6,131,7,88002,3,8.566399429134e-07,25,7,18,0.72000000,38.2373,19,19 31 37 43 61 73 79 97 103 109 139 157 163 199 211 223 229 241,7 13 67 127 151 181 193
3310,151,4,215,5,7719,3,8.567060566199e-07,25,5,20,0.80000000,38.2373,19,19 31 37 61 67 73 79 97 103 109 127 139 157 163 181 193 211 223 229 241,7 13 43 151 199
3311,203,6,96,7,52551,3,8.567565856142e-07,25,8,17,0.68000000,38.2373,7,7 13 31 37 67 73 79 97 103 109 127 151 163 193 199 211 223,19 43 61 139 157 181 229 241
3312,39,6,94,6,8851,3,8.569993149204e-07,25,11,14,0.56000000,38.6325,7,7 19 31 37 79 97 127 139 151 157 193 223 229 241,13 43 61 67 73 103 109 163 181 199 211
3313,169,6,206,7,250748,3,8.573090636254e-07,25,4,21,0.84000000,38.2373,7,7 13 19 31 37 43 67 73 79 97 109 127 139 151 157 163 181 193 199 211,61 103 223 241
3314,129,7,179,7,186458,3,8.578081067537e-07,25,5,20,0.80000000,37.6973,13,13 19 37 43 61 67 73 79 97 127 139 157 163 181 193 199 211 223 229 241,7 31 103 109 151
3315,194,6,167,7,154331,3,8.578831637171e-07,25,11,14,0.56000000,38.2373,13,13 19 37 61 79 103 109 127 151 157 181 193 199 211,7 31 43 67 73 97 139 163 223 229 241
3316,80,7,153,7,125647,3,8.579078372049e-07,25,9,16,0.64000000,37.6973,7,7 31 37 61 67 73 79 103 139 157 163 193 199 223 229 241,13 19 43 97 109 127 151 181 211
3317,96,7,221,7,295577,3,8.582538869813e-07,25,10,15,0.60000000,37.6973,7,7 19 43 61 79 103 109 139 157 163 181 199 211 223 241,13 31 37 67 73 97 127 151 193 229
3318,129,7,211,7,267840,3,8.583833017304e-07,25,8,17,0.68000000,37.6973,7,7 13 37 61 67 73 79 103 127 139 157 163 181 193 199 223 229,19 31 43 97 109 151 211 241
3319,195,6,211,7,11690,4,8.585556375282e-07,53,26,27,0.50943396,73.5585,11,11 19 23 37 41 43 53 83 97 101 103 107 109 139 151 157 163 173 181 193,3 5 7 13 17 29 31 47 59 61 67 71 73 79 89 113 127 131 137 149
3320,179,7,242,7,379130,3,8.587385756948e-07,25,6,19,0.76000000,37.6973,13,13 31 37 43 61 67 73 79 97 103 127 139 163 193 199 211 223 229 241,7 19 109 151 157 181
3321,118,7,223,7,302726,3,8.588821369445e-07,25,12,13,0.52000000,37.6973,7,7 19 37 61 103 109 127 139 157 181 199 211 229,13 31 43 67 73 79 97 151 163 193 223 241
3322,216,5,209,6,43763,3,8.592878558233e-07,25,16,9,0.36000000,38.2373,13,13 31 37 67 103 127 139 193 211,7 19 43 61 73 79 97 109 151 157 163 181 199 223 229 241
3323,209,6,243,7,368685,3,8.596488603523e-07,25,7,18,0.72000000,38.2373,13,13 19 31 61 67 79 97 103 109 139 151 181 193 199 211 223 229 241,7 37 43 73 127 157 163
3324,178,7,221,7,315516,3,8.601099116395e-07,25,8,17,0.68000000,37.6973,13,13 31 37 43 61 73 97 103 127 139 157 163 181 199 211 223 241,7 19 67 79 109 151 193 229
3325,185,6,127,7,83057,3,8.602259345209e-07,25,5,20,0.80000000,38.2373,7,7 13 19 31 37 43 61 67 79 97 103 109 151 157 163 181 193 211 223 229,73 127 139 199 241
3326,67,7,213,6,46330,3,8.602995642952e-07,25,9,16,0.64000000,38.2373,7,7 13 31 37 61 73 97 109 127 139 151 157 181 199 229 241,19 43 67 79 103 163 193 211 223
3327,144,6,133,7,90656,3,8.603085161514e-07,25,6,19,0.76000000,38.2373,13,13 31 37 43 61 73 97 109 127 139 151 157 181 193 199 211 223 229 241,7 19 67 79 103 163
3328,203,6,226,7,311355,3,8.604886264949e-07,25,10,15,0.60000000,38.2373,7,7 13 19 31 37 61 67 103 127 163 181 193 199 223 229,43 73 79 97 109 139 151 157 211 241
3329,159,6,98,7,46871,3,8.608934731125e-07,25,8,17,0.68000000,38.2373,13,13 19 31 43 67 73 97 103 109 127 139 157 199 211 223 229 241,7 37 61 79 151 163 181 193
3330,199,7,210,7,311994,3,8.611425632456e-07,25,9,16,0.64000000,37.6973,7,7 13 19 31 43 61 67 79 97 103 109 127 193 223 229 241,37 73 139 151 157 163 181 199 211
3331,62,7,219,6,48466,3,8.615956367771e-07,25,6,19,0.76000000,38.2373,13,13 37 43 61 67 73 79 97 103 139 151 157 163 181 193 199 211 223 229,7 19 31 109 127 241
3332,95,7,239,7,354668,3,8.616886991049e-07,25,9,16,0.64000000,37.6973,7,7 31 37 61 67 97 103 109 127 139 157 163 181 193 199 211,13 19 43 73 79 151 223 229 241
3333,130,4,29,7,2598,3,8.620811972761e-07,25,9,16,0.64000000,38.2373,7,7 13 31 37 67 73 97 103 109 127 151 157 199 211 223 229,19 43 61 79 139 163 181 193 241
3334,151,7,246,7,383288,3,8.623805035126e-07,25,7,18,0.72000000,37.6973,7,7 13 19 31 37 43 73 79 97 103 109 151 157 163 193 199 229 241,61 67 127 139 181 211 223
3335,49,7,125,7,78162,3,8.626503302354e-07,25,8,17,0.68000000,37.6973,13,13 19 31 37 43 61 73 103 109 127 151 163 181 211 223 229 241,7 67 79 97 139 157 193 199
3336,137,7,234,7,340051,3,8.631082183393e-07,25,11,14,0.56000000,37.6973,13,13 19 31 37 43 61 67 73 97 151 163 181 211 229,7 79 103 109 127 139 157 193 199 223 241
3337,160,7,239,7,361465,3,8.633075189236e-07,25,9,16,0.64000000,37.6973,31,31 37 43 61 67 73 79 109 139 151 157 163 181 211 223 229,7 13 19 97 103 127 193 199 241
3338,177,6,184,7,192840,3,8.636573263368e-07,25,8,17,0.68000000,38.2373,7,7 13 19 37 43 67 73 97 103 109 139 157 163 181 199 211 223,31 61 79 127 151 193 229 241
3339,143,7,181,7,196498,3,8.638531560494e-07,25,8,17,0.68000000,37.6973,7,7 43 73 79 97 103 109 127 139 151 157 163 181 193 199 229 241,13 19 31 37 61 67 211 223
3340,229,6,189,7,206133,3,8.650204670660e-07,25,8,17,0.68000000,38.2373,31,31 37 43 67 73 79 97 109 127 139 151 181 193 199 211 223 229,7 13 19 61 103 157 163 241
3341,174,5,227,6,51549,3,8.656766574417e-07,25,7,18,0.72000000,38.2373,13,13 19 31 37 43 61 67 73 103 109 127 139 181 193 199 211 223 229,7 79 97 151 157 163 241
3342,177,7,235,7,355749,3,8.657371967717e-07,25,11,14,0.56000000,37.6973,13,13 19 37 43 73 109 139 163 193 199 211 223 229 241,7 31 61 67 79 97 103 127 151 157 181
3343,133,7,218,7,288990,3,8.658230432454e-07,25,10,15,0.60000000,37.6973,19,19 31 37 43 73 79 97 103 109 127 151 163 181 199 223,7 13 61 67 139 157 193 211 229 241
3344,94,7,215,7,277203,3,8.667271468129e-07,25,10,15,0.60000000,37.6973,13,13 31 37 61 67 97 109 127 139 157 163 193 223 229 241,7 19 43 73 79 103 151 181 199 211
3345,229,6,247,7,383117,3,8.667803761355e-07,25,7,18,0.72000000,38.2373,7,7 37 43 61 73 79 97 103 109 127 139 157 193 199 211 223 229 241,13 19 31 67 151 163 181
3346,222,7,223,7,377974,3,8.667886504828e-07,25,8,17,0.68000000,37.6973,7,7 19 31 43 61 67 73 79 97 109 157 163 181 199 211 229 241,13 37 103 127 139 151 193 223
3347,227,5,176,6,31184,3,8.670649482645e-07,25,14,11,0.44000000,38.2373,19,19 67 73 97 103 109 151 157 181 229 241,7 13 31 37 43 61 79 127 139 163 193 199 211 223
3348,175,7,213,7,292080,3,8.673463267968e-07,25,12,13,0.52000000,37.6973,7,7 13 43 67 73 79 103 163 181 193 211 229 241,19 31 37 61 97 109 127 139 151 157 199 223
3349,51,7,194,6,37846,3,8.674354760718e-07,25,8,17,0.68000000,38.2373,7,7 19 31 37 43 67 103 109 127 151 157 163 193 199 211 229 241,13 61 73 79 97 139 181 223
3350,108,6,83,7,30625,3,8.676681554114e-07,25,11,14,0.56000000,38.2373,13,13 37 61 67 73 97 109 127 139 157 181 211 223 229,7 19 31 43 79 103 151 163 193 199 241
3351,76,6,187,5,7497,3,8.681465443837e-07,25,4,21,0.84000000,38.2373,7,7 13 19 31 37 43 61 67 79 97 103 109 127 139 151 181 193 199 211 223,73 157 163 229
3352,111,7,244,7,372528,3,8.682187293448e-07,25,7,18,0.72000000,37.6973,7,7 13 19 31 37 73 97 103 109 127 139 151 157 163 193 199 211 241,43 61 67 79 181 223 229
3353,167,7,242,7,373802,3,8.682629164233e-07,25,6,19,0.76000000,37.6973,7,7 13 19 31 37 43 61 73 79 97 103 109 151 157 181 193 199 223 241,67 127 139 163 211 229
3354,235,6,228,7,318132,3,8.684156122994e-07,25,13,12,0.48000000,38.2373,7,7 13 37 43 61 103 139 181 193 199 211 223,19 31 67 73 79 97 109 127 151 157 163 229 241
3355,179,7,184,7,235305,3,8.685953828246e-07,25,15,10,0.40000000,37.6973,37,37 61 73 79 97 139 151 157 163 211,7 13 19 31 43 67 103 109 127 181 193 199 223 229 241
3356,145,3,52,4,218,3,8.687064150687e-07,25,9,16,0.64000000,38.2373,7,7 19 31 37 43 67 79 97 109 139 163 181 199 211 223 241,13 61 73 103 127 151 157 193 229
3357,197,7,204,7,297076,3,8.687116064739e-07,25,6,19,0.76000000,37.6973,7,7 13 19 31 37 61 67 73 79 97 103 109 127 139 157 181 211 229 241,43 151 163 193 199 223
3358,203,6,248,7,386571,3,8.687733915727e-07,25,10,15,0.60000000,38.2373,7,7 43 61 67 73 79 97 103 139 151 157 193 199 223 241,13 19 31 37 109 127 163 181 211 229
3359,199,6,216,7,280200,3,8.694467632512e-07,25,14,11,0.44000000,38.2373,13,13 37 43 97 103 127 139 151 181 211 229,7 19 31 61 67 73 79 109 157 163 193 199 223 241
3360,198,6,163,7,146082,3,8.696032902683e-07,25,10,15,0.60000000,38.2373,7,7 13 37 67 73 103 127 139 151 157 181 211 223 229 241,19 31 43 61 79 97 109 163 193 199
3361,167,6,137,7,97523,3,8.699964247870e-07,25,9,16,0.64000000,38.2373,7,7 19 31 43 61 67 73 79 97 127 139 151 163 181 211 229,13 37 103 109 157 193 199 223 241
3362,179,7,194,7,253187,3,8.701567546072e-07,25,4,21,0.84000000,37.6973,7,7 13 19 31 37 43 61 67 73 79 97 103 109 139 157 163 181 211 223 229,127 151 193 199
3363,157,5,121,6,1341,4,8.702777948978e-07,53,22,31,0.58490566,73.5585,3,3 5 7 13 19 29 31 37 41 53 67 71 73 79 83 89 97 101 107 109,11 17 23 43 47 59 61 103 113 127 131 139 149 151 157 167 181 197 211 223
3364,169,7,232,7,342317,3,8.703083029877e-07,25,9,16,0.64000000,37.6973,7,7 13 31 37 61 67 73 103 109 127 151 163 181 223 229 241,19 43 79 97 139 157 193 199 211
3365,193,7,213,7,310259,3,8.708878156931e-07,25,10,15,0.60000000,37.6973,13,13 31 37 61 97 103 109 127 139 151 157 163 199 229 241,7 19 43 67 73 79 181 193 211 223
3366,248,6,149,7,123049,3,8.709882106969e-07,25,8,17,0.68000000,38.2373,7,7 31 37 43 61 67 79 109 127 151 157 163 181 193 223 229 241,13 19 73 97 103 139 199 211
3367,225,7,226,7,389972,3,8.710362120247e-07,25,8,17,0.68000000,37.6973,7,7 19 31 37 43 61 67 73 79 97 109 151 163 199 211 223 241,13 103 127 139 157 181 193 229
3368,196,7,201,7,289912,3,8.712754786278e-07,25,11,14,0.56000000,37.6973,7,7 31 43 73 79 97 127 151 157 181 193 199 211 241,13 19 37 61 67 103 109 139 163 223 229
3369,239,6,184,7,194225,3,8.717196627532e-07,25,11,14,0.56000000,38.2373,7,7 13 43 61 73 79 97 151 157 163 199 223 229 241,19 31 37 67 103 109 127 139 181 193 211
3370,137,6,145,7,110637,3,8.718036180533e-07,25,8,17,0.68000000,38.2373,13,13 19 37 43 61 67 79 97 127 139 151 157 163 181 211 229 241,7 31 73 103 109 193 199 223
3371,227,6,234,6,67017,3,8.722098744642e-07,25,8,17,0.68000000,38.6325,7,7 31 37 61 67 73 79 97 103 157 163 193 199 211 223 229 241,13 19 43 109 127 139 151 181
3372,118,6,143,7,107013,3,8.728570722516e-07,25,9,16,0.64000000,38.2373,7,7 43 61 67 73 79 103 109 127 151 163 181 193 199 211 241,13 19 31 37 97 139 157 223 229
3373,101,7,149,7,120223,3,8.729686621219e-07,25,10,15,0.60000000,37.6973,7,7 13 37 43 67 79 97 103 109 139 163 193 211 223 229,19 31 61 73 127 151 157 181 199 241
3374,241,6,200,7,235109,3,8.739847122742e-07,25,8,17,0.68000000,38.2373,7,7 13 37 67 73 79 97 103 109 139 163 181 193 199 211 223 229,19 31 43 61 127 151 157 241
3375,199,7,219,7,331773,3,8.742421336316e-07,25,6,19,0.76000000,37.6973,7,7 13 31 37 67 73 97 103 127 139 151 157 163 181 193 199 211 223 241,19 43 61 79 109 229
3376,77,6,228,6,3444,4,8.750054603004e-07,53,27,26,0.49056604,72.9271,5,5 37 41 43 47 53 61 71 83 89 97 101 103 107 127 137 149 157 163 179,3 7 11 13 17 19 23 29 31 59 67 73 79 109 113 131 139 151 167 173
3377,70,6,201,6,40425,3,8.754774806031e-07,25,12,13,0.52000000,38.6325,13,13 31 43 61 79 109 139 157 163 181 199 223 229,7 19 37 67 73 97 103 127 151 193 211 241
3378,227,6,167,7,155491,3,8.754821812706e-07,25,6,19,0.76000000,38.2373,19,19 31 37 67 73 79 97 103 109 127 139 151 157 163 181 193 211 223 229,7 13 43 61 199 241
3379,209,5,93,7,39272,3,8.755191992156e-07,25,9,16,0.64000000,38.2373,19,19 43 67 79 97 103 109 127 139 151 157 163 181 193 199 223,7 13 31 37 61 73 211 229 241
3380,209,6,141,7,5875,4,8.757469594656e-07,53,25,28,0.52830189,73.5585,5,5 17 19 23 37 41 53 59 61 73 89 101 103 109 113 131 149 151 157 173,3 7 11 13 29 31 43 47 67 71 79 83 97 107 127 137 139 163 167 199
3381,153,7,209,7,268615,3,8.759270095524e-07,25,11,14,0.56000000,37.6973,7,7 13 31 61 79 103 127 151 157 163 193 199 223 229,19 37 43 67 73 97 109 139 181 211 241
3382,137,6,153,7,125343,3,8.759601464240e-07,25,9,16,0.64000000,38.2373,13,13 31 37 73 97 103 109 127 151 163 181 193 199 211 223 241,7 19 43 61 67 79 139 157 229
3383,199,6,247,6,66129,3,8.761096892707e-07,25,11,14,0.56000000,38.6325,7,7 31 37 61 67 97 109 127 139 157 181 193 229 241,13 19 43 73 79 103 151 163 199 211 223
3384,196,6,237,7,347756,3,8.762695703769e-07,25,8,17,0.68000000,38.2373,13,13 19 31 43 61 67 97 109 151 157 163 181 193 211 223 229 241,7 37 73 79 103 127 139 199
3385,60,7,187,6,35716,3,8.764942561447e-07,25,9,16,0.64000000,38.2373,7,7 13 19 31 37 67 73 97 103 109 151 157 163 193 211 229,43 61 79 127 139 181 199 223 241
3386,217,6,239,6,66251,3,8.767101454870e-07,25,12,13,0.52000000,38.6325,19,19 61 73 79 97 127 151 157 181 193 199 223 229,7 13 31 37 43 67 103 109 139 163 211 241
3387,229,6,239,7,354865,3,8.768810016604e-07,25,7,18,0.72000000,38.2373,7,7 13 37 67 73 97 103 109 127 139 151 157 163 181 199 223 229 241,19 31 43 61 79 193 211
3388,151,3,74,5,1305,3,8.774110031052e-07,25,8,17,0.68000000,38.2373,7,7 19 31 43 61 67 73 103 109 127 139 151 157 181 193 229 241,13 37 79 97 163 199 211 223
3389,163,6,194,7,218005,3,8.776780265241e-07,25,9,16,0.64000000,38.2373,13,13 31 43 73 79 103 109 139 151 157 193 199 211 223 229 241,7 19 37 61 67 97 127 163 181
3390,203,6,242,6,64700,3,8.787383945836e-07,25,7,18,0.72000000,38.6325,13,13 31 43 67 79 97 103 109 139 151 157 163 181 193 199 211 229 241,7 19 37 61 73 127 223
3391,204,6,197,7,226286,3,8.787953389566e-07,25,7,18,0.72000000,38.2373,7,7 19 37 43 61 67 73 97 109 139 151 157 163 181 193 211 223 229,13 31 79 103 127 199 241
3392,176,6,205,6,47018,3,8.790454236937e-07,25,12,13,0.52000000,38.6325,7,7 43 67 79 109 139 151 157 163 181 211 223 241,13 19 31 37 61 73 97 103 127 193 199 229
3393,223,6,167,7,155300,3,8.794885212603e-07,25,11,14,0.56000000,38.2373,31,31 37 61 79 97 103 109 127 151 163 181 193 199 229,7 13 19 43 67 73 139 157 211 223 241
3394,195,7,218,7,324342,3,8.803693690114e-07,25,11,14,0.56000000,37.6973,13,13 31 37 61 67 73 103 139 151 163 181 211 229 241,7 19 43 79 97 109 127 157 193 199 223
3395,152,6,107,7,55711,3,8.808788334611e-07,25,9,16,0.64000000,38.2373,7,7 13 37 43 61 67 79 97 103 109 139 157 163 211 223 229,19 31 73 127 151 181 193 199 241
3396,183,6,215,7,12077,4,8.809562251851e-07,53,16,37,0.69811321,73.5585,3,3 5 7 13 17 19 29 31 37 41 61 71 73 79 83 89 97 103 109 113,11 23 43 47 53 59 67 101 107 131 151 211 223 229 239 251
3397,175,6,202,7,239583,3,8.813371451022e-07,25,10,15,0.60000000,38.2373,19,19 31 37 43 61 67 103 109 127 181 193 211 223 229 241,7 13 73 79 97 139 151 157 163 199
3398,180,6,89,7,42771,3,8.820608347843e-07,25,12,13,0.52000000,38.2373,19,19 37 43 67 73 79 97 151 163 181 193 211 229,7 13 31 61 103 109 127 139 157 199 223 241
3399,131,7,143,7,6589,4,8.821684960507e-07,53,26,27,0.50943396,72.1671,5,5 11 17 29 37 59 61 73 79 83 97 101 107 109 113 139 149 157 167 173,3 7 13 19 23 31 41 43 47 53 67 71 89 103 127 131 137 151 163 179
3400,123,3,196,4,1139,3,8.824831446616e-07,25,10,15,0.60000000,38.2373,13,13 31 37 43 61 67 79 97 103 127 139 151 199 211 223,7 19 73 109 157 163 181 193 229 241
3401,117,7,230,7,325064,3,8.824937183092e-07,25,10,15,0.60000000,37.6973,7,7 13 19 31 61 73 103 109 127 157 163 193 199 211 229,37 43 67 79 97 139 151 181 223 241
3402,93,7,175,7,171980,3,8.825076794120e-07,25,9,16,0.64000000,37.6973,7,7 31 61 79 109 127 139 151 157 163 181 193 211 223 229 241,13 19 37 43 67 73 97 103 199
3403,55,6,196,5,6818,3,8.829270731712e-07,25,10,15,0.60000000,38.2373,13,13 43 67 73 97 127 139 157 163 181 193 199 211 223 229,7 19 31 37 61 79 103 109 151 241
3404,91,7,237,7,14320,4,8.837190471126e-07,53,26,27,0.50943396,72.1671,5,5 7 11 29 37 53 59 61 67 79 97 101 103 107 109 113 127 137 149 157,3 13 17 19 23 31 41 43 47 71 73 83 89 131 139 151 163 167 173 179
3405,91,7,227,7,314510,3,8.844032240783e-07,25,10,15,0.60000000,37.6973,7,7 13 37 43 67 79 97 103 109 127 151 157 163 181 193,19 31 61 73 139 199 211 223 229 241
3406,226,6,129,7,89947,3,8.844465652569e-07,25,11,14,0.56000000,38.2373,7,7 13 31 37 73 103 109 181 193 199 211 223 229 241,19 43 61 67 79 97 127 139 151 157 163
3407,112,7,195,7,222008,3,8.845465879904e-07,25,9,16,0.64000000,37.6973,19,19 31 43 61 73 79 97 103 109 127 139 151 193 199 229 241,7 13 37 67 157 163 181 211 223
3408,233,7,234,7,423019,3,8.845548576858e-07,25,10,15,0.60000000,37.6973,7,7 19 31 37 61 79 103 109 127 151 157 163 181 211 241,13 43 67 73 97 139 193 199 223 229
3409,197,7,247,7,407372,3,8.847823706111e-07,25,7,18,0.72000000,37.6973,7,7 13 31 61 67 79 97 103 109 127 139 151 157 181 193 199 211 241,19 37 43 73 163 223 229
3410,109,7,126,7,88237,3,8.849684728202e-07,25,8,17,0.68000000,37.6973,7,7 13 19 31 37 43 67 79 103 127 151 157 163 199 223 229 241,61 73 97 109 139 181 193 211
3411,100,5,109,5,2939,3,8.851244024497e-07,25,14,11,0.44000000,37.5296,31,31 37 43 67 73 97 109 151 157 163 211,7 13 19 61 79 103 127 139 181 193 199 223 229 241
3412,249,6,136,7,103193,3,8.852779569119e-07,25,7,18,0.72000000,38.2373,7,7 13 19 31 67 73 97 103 127 139 151 163 181 193 211 223 229 241,37 43 61 79 109 157 199
3413,30,7,157,6,24661,3,8.858095584734e-07,25,8,17,0.68000000,38.2373,7,7 37 43 61 73 79 97 109 127 151 157 193 199 211 223 229 241,13 19 31 67 103 139 163 181
3414,161,7,232,7,339062,3,8.863273595053e-07,25,10,15,0.60000000,37.6973,13,13 19 37 67 79 97 103 109 127 139 151 157 193 223 241,7 31 43 61 73 163 181 199 211 229
3415,139,6,212,6,46104,3,8.863952281158e-07,25,9,16,0.64000000,38.6325,7,7 13 31 43 61 67 73 79 97 103 109 151 157 181 193 223,19 37 127 139 163 199 211 229 241
3416,83,7,175,7,171607,3,8.864163972753e-07,25,11,14,0.56000000,37.6973,13,13 19 67 103 109 127 139 151 157 163 181 193 223 229,7 31 37 43 61 73 79 97 199 211 241
3417,117,7,178,7,181325,3,8.865646803708e-07,25,10,15,0.60000000,37.6973,13,13 19 37 43 61 67 79 97 109 127 157 181 193 223 229,7 31 73 103 139 151 163 199 211 241
3418,189,6,142,7,106553,3,8.869655193418e-07,25,9,16,0.64000000,38.2373,7,7 13 19 31 37 43 61 67 73 79 109 127 151 211 229 241,97 103 139 157 163 181 193 199 223
3419,115,7,211,7,266305,3,8.869978414037e-07,25,11,14,0.56000000,37.6973,7,7 19 37 43 67 73 97 109 139 181 193 199 223 241,13 31 61 79 103 127 151 157 163 211 229
3420,163,7,205,7,263389,3,8.873566845880e-07,25,8,17,0.68000000,37.6973,7,7 13 19 31 37 61 67 79 103 109 127 151 163 181 199 223 229,43 73 97 139 157 193 211 241
3421,219,6,136,7,5582,4,8.874387679082e-07,53,16,37,0.69811321,73.5585,5,5 11 13 19 23 29 31 37 41 43 47 53 67 71 73 83 89 101 103 109,3 7 17 59 61 79 97 107 149 151 163 173 181 191 211 223
3422,193,6,220,6,54855,3,8.877064454429e-07,25,8,17,0.68000000,38.6325,7,7 31 43 61 73 79 97 103 109 127 139 157 181 199 223 229 241,13 19 37 67 151 163 193 211
3423,116,6,235,6,55490,3,8.877918961989e-07,25,5,20,0.80000000,38.6325,7,7 13 31 37 43 67 73 79 97 109 127 139 151 157 181 193 199 211 223 229,19 61 103 163 241
3424,99,6,226,6,51196,3,8.878616134034e-07,25,11,14,0.56000000,38.6325,7,7 13 31 43 61 67 79 139 151 157 199 211 223 229,19 37 73 97 103 109 127 163 181 193 241
3425,146,7,235,7,344805,3,8.885888905479e-07,25,8,17,0.68000000,37.6973,7,7 13 19 37 43 61 67 73 97 151 157 163 199 211 223 229 241,31 79 103 109 127 139 181 193
3426,119,7,194,7,220221,3,8.886487860758e-07,25,7,18,0.72000000,37.6973,7,7 13 19 31 43 61 67 79 103 109 127 139 151 157 181 199 223 241,37 73 97 163 193 211 229
3427,154,6,197,7,225903,3,8.888403026302e-07,25,10,15,0.60000000,38.2373,13,13 19 31 43 61 67 97 103 139 151 181 199 211 223 229,7 37 73 79 109 127 157 163 193 241
3428,218,6,247,7,383033,3,8.889403707291e-07,25,9,16,0.64000000,38.2373,7,7 37 43 61 67 73 79 103 109 139 151 157 163 181 193 211,13 19 31 97 127 199 223 229 241
3429,244,5,177,6,31620,3,8.891034067606e-07,25,10,15,0.60000000,38.2373,13,13 19 31 37 43 67 73 97 103 109 127 151 157 199 223,7 61 79 139 163 181 193 211 229 241
3430,207,6,182,7,9045,4,8.895673785965e-07,53,18,35,0.66037736,73.5585,3,3 5 11 17 19 23 31 37 41 43 47 53 61 67 71 73 83 89 101 103,7 13 29 59 79 97 113 131 139 151 157 179 181 191 197 199 227 241
3431,115,6,81,7,29314,3,8.896225690443e-07,25,10,15,0.60000000,38.2373,7,7 13 19 61 73 79 109 139 151 157 163 181 199 223 241,31 37 43 67 97 103 127 193 211 229
3432,203,7,250,7,422168,3,8.896342558938e-07,25,11,14,0.56000000,37.6973,7,7 37 43 67 73 79 103 127 157 163 181 199 229 241,13 19 31 61 97 109 139 151 193 211 223
3433,72,7,167,7,153723,3,8.897081372639e-07,25,10,15,0.60000000,37.6973,31,31 37 43 61 73 79 109 127 139 151 157 163 223 229 241,7 13 19 67 97 103 181 193 199 211
3434,166,6,201,7,236784,3,8.899273720689e-07,25,13,12,0.48000000,38.2373,73,73 79 97 103 109 127 151 157 199 211 223 241,7 13 19 31 37 43 61 67 139 163 181 193 229
3435,186,7,197,7,267851,3,8.899727652474e-07,25,5,20,0.80000000,37.6973,7,7 13 31 43 61 67 73 97 103 127 139 151 157 163 181 199 211 223 229 241,19 37 79 109 193
3436,212,6,245,6,67464,3,8.900900798368e-07,25,11,14,0.56000000,38.6325,19,19 31 43 67 79 97 103 109 151 157 181 193 223 241,7 13 37 61 73 127 139 163 199 211 229
3437,198,5,223,6,49770,3,8.903872529750e-07,25,7,18,0.72000000,38.2373,7,7 43 61 67 73 79 97 103 109 127 151 157 163 193 199 211 223 229,13 19 31 37 139 181 241
3438,137,7,243,7,370691,3,8.907315927874e-07,25,7,18,0.72000000,37.6973,7,7 13 31 43 61 67 73 79 103 109 127 139 163 193 199 211 223 241,19 37 97 151 157 181 229
3439,163,6,154,7,127506,3,8.907364192048e-07,25,8,17,0.68000000,38.2373,19,19 31 37 43 61 73 79 103 109 127 139 151 157 163 199 211 241,7 13 67 97 181 193 223 229
3440,183,7,208,7,287312,3,8.908785392115e-07,25,10,15,0.60000000,37.6973,37,37 43 61 67 73 103 139 151 157 163 193 199 211 223 241,7 13 19 31 79 97 109 127 181 229
3441,123,7,155,7,137071,3,8.910659647604e-07,25,10,15,0.60000000,37.6973,7,7 13 19 61 73 79 97 127 151 157 163 193 199 223 241,31 37 43 67 103 109 139 181 211 229
3442,172,6,141,7,104277,3,8.914548870007e-07,25,7,18,0.72000000,38.2373,7,7 13 19 31 43 67 73 79 97 109 127 139 157 193 199 211 229 241,37 61 103 151 163 181 223
3443,117,7,239,7,355277,3,8.915057146840e-07,25,7,18,0.72000000,37.6973,19,19 31 37 43 61 67 79 97 103 127 139 151 157 163 193 199 211 223,7 13 73 109 181 229 241
3444,225,5,202,6,585,5,8.915920104697e-07,13,2,11,0.84615385,28.9853,11,11 31 41 61 71 131 151 181 191 211 241,101 251
3445,148,7,243,7,372260,3,8.915985218478e-07,25,12,13,0.52000000,37.6973,13,13 37 61 67 73 109 127 181 193 199 223 229 241,7 19 31 43 79 97 103 139 151 157 163 211
3446,132,7,197,7,230291,3,8.918273342851e-07,25,11,14,0.56000000,37.6973,13,13 19 37 43 61 67 73 97 103 151 157 193 211 229,7 31 79 109 127 139 163 181 199 223 241
3447,247,6,239,7,355084,3,8.922370190960e-07,25,9,16,0.64000000,38.2373,7,7 31 37 43 61 73 103 109 139 151 163 181 193 199 223 241,13 19 67 79 97 127 157 211 229
3448,142,6,159,6,28987,3,8.923053674255e-07,25,9,16,0.64000000,38.6325,7,7 13 31 67 73 79 103 151 157 163 181 193 199 211 223 241,19 37 43 61 97 109 127 139 229
3449,197,7,228,7,351811,3,8.924020485570e-07,25,8,17,0.68000000,37.6973,7,7 13 31 37 43 79 103 139 151 157 163 193 199 211 223 229 241,19 61 67 73 97 109 127 181
3450,171,7,220,7,308003,3,8.928003519551e-07,25,11,14,0.56000000,37.6973,13,13 31 37 43 79 97 109 127 151 181 211 223 229 241,7 19 61 67 73 103 139 157 163 193 199
3451,152,7,205,7,257580,3,8.933627872896e-07,25,9,16,0.64000000,37.6973,13,13 19 31 37 61 79 103 109 127 151 157 181 193 199 223 229,7 43 67 73 97 139 163 211 241
3452,119,4,167,5,5067,3,8.934787070634e-07,25,12,13,0.52000000,38.2373,13,13 43 67 73 97 103 109 127 157 163 181 193 211,7 19 31 37 61 79 139 151 199 223 229 241
3453,227,6,162,7,145260,3,8.935020953252e-07,25,7,18,0.72000000,38.2373,7,7 13 19 37 43 61 67 79 97 103 109 139 151 157 193 211 223 241,31 73 127 163 181 199 229
3454,148,6,187,7,200057,3,8.935420730230e-07,25,10,15,0.60000000,38.2373,13,13 19 31 37 61 67 97 103 109 151 157 163 181 193 211,7 43 73 79 127 139 199 223 229 241
3455,226,7,227,7,394019,3,8.939072600362e-07,25,8,17,0.68000000,37.6973,7,7 13 19 43 73 79 97 103 127 139 163 181 193 199 223 229 241,31 37 61 67 109 151 157 211
3456,211,6,227,7,314633,3,8.939575237952e-07,25,9,16,0.64000000,38.2373,7,7 19 31 37 43 67 109 127 139 151 163 181 193 199 211 229,13 61 73 79 97 103 157 223 241
3457,105,6,118,7,68391,3,8.946809576842e-07,25,9,16,0.64000000,38.2373,13,13 19 37 43 61 79 97 103 109 127 151 163 181 199 211 229,7 31 67 73 139 157 193 223 241
3458,86,7,187,6,42645,3,8.947210383421e-07,25,9,16,0.64000000,38.2373,7,7 13 19 61 73 103 109 127 139 151 157 163 193 223 229 241,31 37 43 67 79 97 181 199 211
3459,179,6,182,7,188026,3,8.947725086137e-07,25,8,17,0.68000000,38.2373,31,31 37 43 79 97 103 109 127 139 151 157 163 181 193 199 211 241,7 13 19 61 67 73 223 229
3460,77,7,191,7,210214,3,8.956436204801e-07,25,9,16,0.64000000,37.6973,7,7 19 31 37 61 79 97 103 127 151 157 163 193 199 211 223,13 43 67 73 109 139 181 229 241
3461,191,6,154,7,128114,3,8.961954736947e-07,25,10,15,0.60000000,38.2373,13,13 19 37 61 73 103 127 139 151 181 193 199 211 223 241,7 31 43 67 79 97 109 157 163 229
3462,88,7,125,7,80296,3,8.963916707594e-07,25,8,17,0.68000000,37.6973,7,7 13 19 37 61 73 97 109 127 139 151 163 193 211 223 229 241,31 43 67 79 103 157 181 199
3463,110,7,203,7,243293,3,8.968253119163e-07,25,5,20,0.80000000,37.6973,7,7 19 31 37 43 67 73 79 97 109 127 139 151 157 163 181 193 199 223 241,13 61 103 211 229
3464,88,7,225,7,308055,3,8.972419094412e-07,25,10,15,0.60000000,37.6973,7,7 19 31 43 67 97 103 109 127 139 157 181 223 229 241,13 37 61 73 79 151 163 193 199 211
3465,35,7,79,7,26809,3,8.973270564467e-07,25,8,17,0.68000000,37.6973,7,7 13 31 43 61 67 79 97 103 109 127 139 157 163 181 229 241,19 37 73 151 193 199 211 223
3466,235,6,231,7,327935,3,8.975354197338e-07,25,9,16,0.64000000,38.2373,13,13 19 43 61 73 79 103 109 127 151 157 181 193 199 211 223,7 31 37 67 97 139 163 229 241
3467,205,6,171,7,163236,3,8.975820566338e-07,25,7,18,0.72000000,38.2373,7,7 31 37 43 61 67 79 97 139 151 157 163 181 193 211 223 229 241,13 19 73 103 109 127 199
3468,74,7,195,7,220586,3,8.976239588975e-07,25,8,17,0.68000000,37.6973,7,7 13 19 31 43 61 67 73 97 103 127 139 151 163 193 199 223,37 79 109 157 181 211 229 241
3469,121,7,244,7,372941,3,8.984506945666e-07,25,13,12,0.48000000,37.6973,19,19 37 79 97 103 127 139 163 193 223 229 241,7 13 31 43 61 67 73 109 151 157 181 199 211
3470,244,6,185,7,196847,3,8.986161664488e-07,25,5,20,0.80000000,38.2373,7,7 13 19 31 43 61 73 79 97 103 127 139 157 163 181 199 211 223 229 241,37 67 109 151 193
3471,245,6,171,7,164994,3,8.989357098090e-07,25,7,18,0.72000000,38.2373,7,7 13 31 37 43 67 79 97 103 109 127 139 151 163 181 193 223 229,19 61 73 157 199 211 241
3472,211,6,206,7,251092,3,8.990852240348e-07,25,8,17,0.68000000,38.2373,7,7 13 19 31 43 61 67 79 109 127 139 157 181 193 199 223 229,37 73 97 103 151 163 211 241
3473,208,6,207,7,253892,3,8.995453834604e-07,25,8,17,0.68000000,38.2373,7,7 19 31 67 73 79 103 127 139 151 157 163 199 211 223 229 241,13 37 43 61 97 109 181 193
3474,195,6,206,7,250916,3,8.996347040145e-07,25,10,15,0.60000000,38.2373,7,7 13 19 31 61 73 79 97 109 127 163 181 199 223 229,37 43 67 103 139 151 157 193 211 241
3475,150,7,229,7,326276,3,8.997358362179e-07,25,6,19,0.76000000,37.6973,13,13 19 31 43 67 73 79 97 103 139 151 157 163 181 193 211 223 229 241,7 37 61 109 127 199
3476,83,6,58,7,13635,3,9.002050786665e-07,25,5,20,0.80000000,38.2373,7,7 13 19 31 37 43 61 67 73 97 103 109 127 139 151 157 181 199 211 241,79 163 193 223 229
3477,89,7,101,7,53303,3,9.002799114793e-07,25,8,17,0.68000000,37.6973,31,31 37 43 61 73 79 97 103 109 151 163 181 193 199 223 229 241,7 13 19 67 127 139 157 211
3478,193,6,114,7,67085,3,9.003994411751e-07,25,9,16,0.64000000,38.2373,7,7 13 37 43 61 73 79 97 103 163 181 193 199 211 229 241,19 31 67 109 127 139 151 157 223
3479,173,7,226,7,326330,3,9.007994759405e-07,25,10,15,0.60000000,37.6973,31,31 37 67 97 103 109 139 151 181 193 199 211 223 229 241,7 13 19 43 61 73 79 127 157 163
3480,194,6,239,7,354624,3,9.008584129455e-07,25,8,17,0.68000000,38.2373,7,7 13 19 37 61 67 79 103 127 139 151 157 181 193 199 211 241,31 43 73 97 109 163 223 229
3481,170,6,191,7,210275,3,9.010524731818e-07,25,10,15,0.60000000,38.2373,7,7 13 19 31 37 43 73 103 109 127 139 163 181 223 241,61 67 79 97 151 157 193 199 211 229
3482,47,7,241,6,58131,3,9.010714718764e-07,25,8,17,0.68000000,38.2373,13,13 19 31 37 43 61 67 73 97 103 109 139 151 157 181 211 223,7 79 127 163 193 199 229 241
3483,112,7,235,7,341427,3,9.011211737287e-07,25,8,17,0.68000000,37.6973,7,7 13 37 61 73 79 97 109 127 151 163 181 193 211 223 229 241,19 31 43 67 103 139 157 199
3484,147,6,131,7,87597,3,9.012022333478e-07,25,6,19,0.76000000,38.2373,7,7 13 31 43 61 67 79 97 109 139 151 163 181 193 199 211 223 229 241,19 37 73 103 127 157
3485,96,7,187,7,200594,3,9.012843926560e-07,25,4,21,0.84000000,37.6973,7,7 13 31 37 61 67 73 79 97 103 109 151 157 163 181 193 199 211 223 229,19 43 127 139
3486,47,7,175,6,30804,3,9.015763718798e-07,25,9,16,0.64000000,38.2373,7,7 13 19 31 61 67 73 97 103 109 127 139 151 181 223 241,37 43 79 157 163 193 199 211 229
3487,172,6,217,7,283077,3,9.025288259354e-07,25,10,15,0.60000000,38.2373,13,13 19 37 61 73 79 97 103 127 139 151 163 181 229 241,7 31 43 67 109 157 193 199 211 223
3488,184,6,175,7,171739,3,9.026501892139e-07,25,9,16,0.64000000,38.2373,13,13 19 31 37 43 61 73 79 157 163 181 193 199 223 229 241,7 67 97 103 109 127 139 151 211
3489,124,4,173,5,5374,3,9.030579275209e-07,25,7,18,0.72000000,38.2373,7,7 13 31 43 61 67 73 97 103 109 127 151 157 163 193 199 211 241,19 37 79 139 181 223 229
3490,239,4,116,6,13462,3,9.035405656790e-07,25,9,16,0.64000000,40.2466,7,7 13 31 61 67 73 79 103 139 151 157 163 193 211 223 241,19 37 43 97 109 127 181 199 229
3491,184,7,209,7,290674,3,9.039082370342e-07,25,6,19,0.76000000,37.6973,19,19 31 37 43 61 67 73 79 97 109 127 139 151 157 163 181 193 199 211,7 13 103 223 229 241
3492,191,4,241,4,86,5,9.042847967582e-07,13,4,9,0.69230769,29.5674,11,11 31 71 131 151 181 191 241 251,41 61 101 211
3493,52,7,249,6,62090,3,9.047160994507e-07,25,9,16,0.64000000,38.2373,7,7 19 31 43 73 79 103 109 139 151 157 163 181 199 211 229,13 37 61 67 97 127 193 223 241
3494,89,7,225,7,308067,3,9.047331910955e-07,25,12,13,0.52000000,37.6973,13,13 31 37 61 67 79 97 103 127 139 151 199 211,7 19 43 73 109 157 163 181 193 223 229 241
3495,216,6,215,7,277362,3,9.050038120773e-07,25,11,14,0.56000000,38.2373,19,19 31 37 61 73 79 97 109 127 157 181 193 199 229,7 13 43 67 103 139 151 163 211 223 241
3496,183,6,203,7,242404,3,9.050181036906e-07,25,11,14,0.56000000,38.2373,13,13 31 37 43 73 109 127 139 157 163 199 211 223 229,7 19 61 67 79 97 103 151 181 193 241
3497,107,7,230,7,324623,3,9.053358780413e-07,25,9,16,0.64000000,37.6973,31,31 43 61 67 73 97 103 127 139 151 163 181 193 199 211 241,7 13 19 37 79 109 157 223 229
3498,194,6,171,7,162974,3,9.061936790419e-07,25,6,19,0.76000000,38.2373,7,7 37 43 61 67 73 97 103 109 139 151 157 163 193 199 211 223 229 241,13 19 31 79 127 181
3499,191,6,220,7,292371,3,9.062737854080e-07,25,10,15,0.60000000,38.2373,7,7 31 37 43 61 67 73 79 151 163 181 193 211 223 229,13 19 97 103 109 127 139 157 199 241
3500,244,5,129,7,84124,3,9.063089985694e-07,25,6,19,0.76000000,38.2373,7,7 13 19 43 61 67 73 79 97 103 109 151 157 181 193 199 211 223 241,31 37 127 139 163 229
3501,141,7,245,7,378196,3,9.064277229354e-07,25,10,15,0.60000000,37.6973,13,13 19 31 37 61 67 73 127 139 151 163 181 199 223 229,7 43 79 97 103 109 157 193 211 241
3502,246,6,155,7,133346,3,9.064420403352e-07,25,12,13,0.52000000,38.2373,7,7 19 43 67 103 109 127 151 157 181 193 199 211,13 31 37 61 73 79 97 139 163 223 229 241
3503,157,6,202,7,239503,3,9.065960245608e-07,25,7,18,0.72000000,38.2373,13,13 31 37 43 61 67 73 97 103 109 127 139 163 193 199 211 229 241,7 19 79 151 157 181 223
3504,146,7,213,7,277222,3,9.066806875753e-07,25,5,20,0.80000000,37.6973,7,7 13 19 31 37 43 61 73 79 127 139 151 157 181 193 199 211 223 229 241,67 97 103 109 163
3505,217,6,145,7,6173,4,9.075002347387e-07,53,15,38,0.71698113,73.5585,3,3 5 7 11 13 19 23 29 31 41 43 47 53 61 67 71 73 83 89 107,17 37 59 79 97 101 103 127 131 173 191 211 239 241 251
3506,218,7,229,7,383550,3,9.075042158116e-07,25,6,19,0.76000000,37.6973,13,13 19 31 37 43 61 67 79 103 109 127 139 151 157 181 193 199 211 241,7 73 97 163 223 229
3507,157,7,178,7,200107,3,9.077348262656e-07,25,11,14,0.56000000,37.6973,13,13 19 37 43 73 79 103 109 151 157 181 199 229 241,7 31 61 67 97 127 139 163 193 211 223
3508,248,6,243,7,369051,3,9.081701778827e-07,25,10,15,0.60000000,38.2373,13,13 19 31 67 73 79 97 157 163 193 199 211 223 229 241,7 37 43 61 103 109 127 139 151 181
3509,146,7,225,7,312805,3,9.081976725410e-07,25,8,17,0.68000000,37.6973,13,13 37 61 67 73 79 97 127 139 151 157 163 181 193 211 223 241,7 19 31 43 103 109 199 229
3510,157,7,242,7,370744,3,9.093436261073e-07,25,8,17,0.68000000,37.6973,13,13 43 67 73 79 97 103 109 127 151 157 163 181 193 199 211 223,7 19 31 37 61 139 229 241
3511,91,7,233,7,334219,3,9.100187443573e-07,25,7,18,0.72000000,37.6973,7,7 19 61 67 73 79 97 103 109 127 139 151 163 181 193 211 223 229,13 31 37 43 157 199 241
3512,169,7,227,7,327094,3,9.101148405395e-07,25,9,16,0.64000000,37.6973,7,7 13 19 61 97 103 139 157 163 181 193 199 211 223 229 241,31 37 43 67 73 79 109 127 151
3513,203,6,148,7,117575,3,9.101803375421e-07,25,12,13,0.52000000,38.2373,13,13 19 31 43 67 103 151 157 163 181 199 211 223,7 37 61 73 79 97 109 127 139 193 229 241
3514,163,7,207,7,268433,3,9.102487851466e-07,25,10,15,0.60000000,37.6973,19,19 31 61 67 73 79 97 103 109 127 139 151 163 181 229,7 13 37 43 157 193 199 211 223 241
3515,221,6,178,7,179444,3,9.102687567968e-07,25,9,16,0.64000000,38.2373,7,7 13 37 43 61 73 79 97 103 109 127 139 199 211 229 241,19 31 67 151 157 163 181 193 223
3516,65,7,108,7,56071,3,9.103298759802e-07,25,8,17,0.68000000,37.6973,7,7 13 31 37 61 67 73 97 103 109 127 139 151 157 193 199 223,19 43 79 163 181 211 229 241
3517,199,6,211,7,265343,3,9.103319175659e-07,25,9,16,0.64000000,38.2373,7,7 13 19 31 37 43 61 67 73 79 97 103 127 151 157 163,109 139 181 193 199 211 223 229 241
3518,134,6,169,6,30754,3,9.103679758189e-07,25,5,20,0.80000000,38.6325,7,7 31 37 43 61 73 79 97 103 127 139 151 157 163 193 199 211 223 229 241,13 19 67 109 181
3519,56,6,125,6,15667,3,9.103742024580e-07,25,10,15,0.60000000,38.6325,19,19 61 67 97 109 139 151 157 163 181 193 199 211 229 241,7 13 31 37 43 73 79 103 127 223
3520,199,7,201,7,294774,3,9.104324408119e-07,25,2,23,0.92000000,37.6973,13,13 19 31 37 43 61 67 73 79 97 103 109 127 139 151 157 163 181 193 199,7 211
3521,77,6,195,6,38073,3,9.104974747358e-07,25,12,13,0.52000000,38.6325,31,31 61 67 79 97 139 151 157 181 199 211 223 229,7 13 19 37 43 73 103 109 127 163 193 241
3522,158,7,225,7,316322,3,9.113819134572e-07,25,7,18,0.72000000,37.6973,7,7 13 31 43 61 67 73 103 127 151 157 163 181 193 199 211 229 241,19 37 79 97 109 139 223
3523,65,7,158,7,135048,3,9.114446127807e-07,25,12,13,0.52000000,37.6973,13,13 19 31 43 67 73 97 103 151 181 193 229 241,7 37 61 79 109 127 139 157 163 199 211 223
3524,209,6,246,7,379376,3,9.117690169783e-07,25,12,13,0.52000000,38.2373,7,7 37 43 67 73 103 127 139 151 181 211 223 229,13 19 31 61 79 97 109 157 163 193 199 241
3525,59,7,215,6,46610,3,9.119551116858e-07,25,11,14,0.56000000,38.2373,7,7 19 37 61 73 97 109 127 139 157 181 193 211 241,13 31 43 67 79 103 151 163 199 223 229
3526,181,6,230,7,324226,3,9.120875521618e-07,25,8,17,0.68000000,38.2373,13,13 19 37 43 67 73 103 127 139 151 157 163 193 199 211 229 241,7 31 61 79 97 109 181 223
3527,186,6,169,7,158459,3,9.123524834244e-07,25,7,18,0.72000000,38.2373,7,7 19 31 61 67 73 79 97 103 109 139 151 157 181 193 199 223 241,13 37 43 127 163 211 229
3528,239,6,209,7,260145,3,9.133666507582e-07,25,11,14,0.56000000,38.2373,31,31 37 43 61 73 79 97 103 157 181 193 199 229 241,7 13 19 67 109 127 139 151 163 211 223
3529,134,7,223,7,304380,3,9.135122368040e-07,25,7,18,0.72000000,37.6973,13,13 19 31 37 43 61 73 79 109 127 157 163 181 193 199 223 229 241,7 67 97 103 139 151 211
3530,181,6,215,7,277074,3,9.135502030756e-07,25,9,16,0.64000000,38.2373,13,13 31 61 67 73 79 97 109 127 139 151 157 163 181 193 211,7 19 37 43 103 199 223 229 241
3531,160,6,239,6,58786,3,9.141373265330e-07,25,8,17,0.68000000,38.6325,7,7 19 31 67 73 79 97 103 109 127 139 151 157 211 223 229 241,13 37 43 61 163 181 193 199
3532,163,5,77,7,25284,3,9.142528583912e-07,25,7,18,0.72000000,38.2373,7,7 13 31 37 43 61 67 73 79 97 127 139 151 181 193 211 229 241,19 103 109 157 163 199 223
3533,188,6,195,7,220805,3,9.144762646494e-07,25,14,11,0.44000000,38.2373,19,19 31 61 103 127 139 193 199 223 229 241,7 13 37 43 67 73 79 97 109 151 157 163 181 211
3534,145,6,187,7,200047,3,9.146611517147e-07,25,15,10,0.40000000,38.2373,13,13 31 43 73 103 157 163 193 223 241,7 19 37 61 67 79 97 109 127 139 151 181 199 211 229
3535,227,6,249,7,390360,3,9.147697485443e-07,25,13,12,0.48000000,38.2373,7,7 13 19 31 43 61 97 103 151 163 211 223,37 67 73 79 109 127 139 157 181 193 199 229 241
3536,212,5,89,7,35479,3,9.152162029291e-07,25,9,16,0.64000000,38.2373,7,7 19 31 37 43 61 73 97 103 151 181 199 211 223 229 241,13 67 79 109 127 139 157 163 193
3537,214,7,223,7,363369,3,9.160321744887e-07,25,9,16,0.64000000,37.6973,7,7 31 37 67 79 97 103 109 139 157 163 181 193 199 223 241,13 19 43 61 73 127 151 211 229
3538,125,6,147,7,114142,3,9.163115011858e-07,25,8,17,0.68000000,38.2373,13,13 19 37 43 73 79 97 103 127 139 151 163 181 193 199 223 229,7 31 61 67 109 157 211 241
3539,64,6,81,6,7055,3,9.165405080673e-07,25,7,18,0.72000000,38.6325,7,7 13 43 61 73 79 97 103 109 127 139 151 157 193 199 211 223 241,19 31 37 67 163 181 229
3540,199,5,179,6,32142,3,9.166561147092e-07,25,8,17,0.68000000,38.2373,13,13 19 31 37 43 61 67 73 79 103 139 151 157 163 193 211 229,7 97 109 127 181 199 223 241
3541,121,7,238,7,352056,3,9.167535983078e-07,25,6,19,0.76000000,37.6973,7,7 19 31 37 43 67 73 109 127 139 151 157 163 181 193 199 223 229 241,13 61 79 97 103 211
3542,231,6,244,7,372394,3,9.168384635169e-07,25,9,16,0.64000000,38.2373,13,13 19 37 73 97 103 109 127 151 157 163 193 211 223 229 241,7 31 43 61 67 79 139 181 199
3543,87,6,250,6,62537,3,9.170504957737e-07,25,7,18,0.72000000,38.6325,7,7 13 31 37 43 61 97 103 109 127 139 151 163 181 193 199 211 241,19 67 73 79 157 223 229
3544,47,7,176,6,31151,3,9.176349311767e-07,25,9,16,0.64000000,38.2373,13,13 31 37 43 67 73 97 127 139 157 181 193 199 211 223 241,7 19 61 79 103 109 151 163 229
3545,155,7,236,7,350132,3,9.177438379243e-07,25,7,18,0.72000000,37.6973,13,13 19 31 37 61 67 73 79 97 127 139 151 157 163 193 199 211 229,7 43 103 109 181 223 241
3546,176,5,185,6,34273,3,9.178315226198e-07,25,8,17,0.68000000,38.2373,7,7 19 31 37 61 67 79 103 109 139 151 157 181 199 211 229 241,13 43 73 97 127 163 193 223
3547,199,6,182,7,188301,3,9.181472429430e-07,25,10,15,0.60000000,38.2373,19,19 37 61 67 73 79 103 127 151 157 163 181 211 229 241,7 13 31 43 97 109 139 193 199 223
3548,86,7,249,6,64882,3,9.184960775066e-07,25,10,15,0.60000000,38.2373,7,7 13 19 61 67 79 97 103 109 139 157 163 199 211 241,31 37 43 73 127 151 181 193 223 229
3549,165,6,101,7,50317,3,9.185879573754e-07,25,8,17,0.68000000,38.2373,7,7 13 37 43 61 67 73 79 97 103 109 127 157 181 199 211 223,19 31 139 151 163 193 229 241
3550,235,6,168,7,158017,3,9.188852298009e-07,25,9,16,0.64000000,38.2373,31,31 37 43 61 67 79 97 103 127 151 157 163 193 199 211 223,7 13 19 73 109 139 181 229 241
3551,192,6,215,7,277139,3,9.189238087731e-07,25,12,13,0.52000000,38.2373,13,13 19 31 67 73 79 97 103 127 151 181 211 241,7 37 43 61 109 139 157 163 193 199 223 229
3552,59,7,107,7,54633,3,9.191243315880e-07,25,11,14,0.56000000,37.6973,7,7 13 37 67 73 79 109 127 151 157 181 193 211 223,19 31 43 61 97 103 139 163 199 229 241
3553,233,6,199,7,232195,3,9.191953557745e-07,25,11,14,0.56000000,38.2373,7,7 31 37 43 61 67 73 79 139 151 163 181 211 229,13 19 97 103 109 127 157 193 199 223 241
3554,143,6,188,7,202543,3,9.191955288563e-07,25,9,16,0.64000000,38.2373,13,13 19 31 37 61 73 79 97 103 109 127 151 157 193 199 229,7 43 67 139 163 181 211 223 241
3555,171,5,55,7,11861,3,9.192159621417e-07,25,8,17,0.68000000,38.2373,7,7 13 19 37 43 79 97 103 127 139 151 163 193 199 211 229 241,31 61 67 73 109 157 181 223
3556,184,5,171,6,29323,3,9.197352887337e-07,25,9,16,0.64000000,38.2373,7,7 19 37 61 73 97 103 127 139 151 157 181 199 223 229 241,13 31 43 67 79 109 163 193 211
3557,188,5,239,6,57145,3,9.198541114068e-07,25,10,15,0.60000000,38.2373,31,31 73 79 97 103 109 127 139 151 163 181 193 199 223 241,7 13 19 37 43 61 67 157 211 229
3558,239,5,127,6,17072,3,9.199450012488e-07,25,9,16,0.64000000,38.2373,7,7 13 31 43 61 73 109 127 163 181 193 199 211 223 229 241,19 37 67 79 97 103 139 151 157
3559,99,5,137,6,18778,3,9.206315205743e-07,25,7,18,0.72000000,38.2373,7,7 13 19 31 61 67 79 97 103 109 127 139 163 181 193 199 223 241,37 43 73 151 157 211 229
3560,244,6,245,7,376094,3,9.207266187677e-07,25,8,17,0.68000000,38.2373,13,13 31 37 43 67 73 79 103 109 139 163 181 193 199 211 223 241,7 19 61 97 127 151 157 229
3561,100,7,141,7,106501,3,9.208593825705e-07,25,8,17,0.68000000,37.6973,7,7 13 19 31 43 67 73 79 103 109 151 163 193 199 211 223 229,37 61 97 127 139 157 181 241
3562,143,7,214,7,279253,3,9.215769110830e-07,25,11,14,0.56000000,37.6973,13,13 31 61 73 97 103 109 139 151 163 181 193 199 241,7 19 37 43 67 79 127 157 211 223 229
3563,233,7,238,7,431848,3,9.217695079617e-07,25,6,19,0.76000000,37.6973,7,7 13 31 43 61 67 73 79 97 103 109 127 139 193 199 211 223 229 241,19 37 151 157 163 181
3564,209,5,216,6,46717,3,9.218951318783e-07,25,14,11,0.44000000,38.2373,61,61 97 127 151 163 181 199 211 223 229 241,7 13 19 31 37 43 67 73 79 103 109 139 157 193
3565,221,6,231,7,327774,3,9.222109689466e-07,25,8,17,0.68000000,38.2373,13,13 19 37 61 73 79 97 103 151 163 181 193 199 211 223 229 241,7 31 43 67 109 127 139 157
3566,173,7,234,7,350486,3,9.222971798547e-07,25,11,14,0.56000000,37.6973,13,13 19 31 43 97 109 139 151 157 181 193 211 223 241,7 37 61 67 73 79 103 127 163 199 229
3567,131,7,149,7,131857,3,9.228241337600e-07,25,12,13,0.52000000,37.6973,19,19 31 43 67 73 103 139 151 157 181 193 199 229,7 13 37 61 79 97 109 127 163 211 223 241
3568,149,7,220,7,298414,3,9.229149394584e-07,25,3,22,0.88000000,37.6973,7,7 13 19 31 37 43 61 67 73 79 97 103 109 127 139 151 157 163 181 223,193 199 211
3569,120,7,209,7,260989,3,9.229853885335e-07,25,12,13,0.52000000,37.6973,13,13 19 31 37 67 103 109 127 139 157 193 211 241,7 43 61 73 79 97 151 163 181 199 223 229
3570,161,7,248,7,392576,3,9.236103708005e-07,25,7,18,0.72000000,37.6973,7,7 13 19 31 37 43 67 73 97 103 109 127 151 163 181 211 223 241,61 79 139 157 193 199 229
3571,89,7,190,7,207877,3,9.237202830974e-07,25,7,18,0.72000000,37.6973,13,13 19 37 61 67 73 97 103 109 139 151 157 163 181 193 199 211 229,7 31 43 79 127 223 241
3572,214,7,215,7,347022,3,9.238170855538e-07,25,9,16,0.64000000,37.6973,7,7 19 31 61 67 73 97 127 139 151 157 163 193 199 211 229,13 37 43 79 103 109 181 223 241
3573,215,6,189,7,205776,3,9.238752253033e-07,25,8,17,0.68000000,38.2373,19,19 31 37 43 61 67 97 109 127 151 163 181 193 199 211 223 229,7 13 73 79 103 139 157 241
3574,223,7,230,7,15746,4,9.245274463832e-07,53,22,31,0.58490566,72.1671,5,5 7 11 13 17 29 37 41 47 59 61 67 83 89 101 103 107 109 113 137,3 19 23 31 43 53 71 73 79 97 127 131 151 181 191 199 223 227 229 233
3575,199,7,250,7,418684,3,9.247343463950e-07,25,14,11,0.44000000,37.6973,13,13 19 31 37 61 79 97 103 127 151 199,7 43 67 73 109 139 157 163 181 193 211 223 229 241
3576,56,7,169,6,29250,3,9.251866162425e-07,25,8,17,0.68000000,38.2373,13,13 19 37 43 61 73 79 97 103 109 139 151 181 193 199 223 241,7 31 67 127 157 163 211 229
3577,63,7,194,6,38541,3,9.254323423094e-07,25,8,17,0.68000000,38.2373,13,13 31 61 67 73 79 103 109 127 139 151 157 181 193 199 223 241,7 19 37 43 97 163 211 229
3578,220,6,161,7,142889,3,9.255638879306e-07,25,6,19,0.76000000,38.2373,13,13 19 31 37 43 61 73 79 127 139 151 157 181 193 199 211 223 229 241,7 67 97 103 109 163
3579,99,7,244,7,372253,3,9.255994708429e-07,25,12,13,0.52000000,37.6973,13,13 19 31 37 67 79 103 109 151 157 199 223 229,7 43 61 73 97 127 139 163 181 193 211 241
3580,176,6,249,6,64478,3,9.266643784386e-07,25,9,16,0.64000000,38.6325,7,7 13 19 31 43 67 73 79 97 103 139 181 199 211 229 241,37 61 109 127 151 157 163 193 223
3581,223,5,144,6,21155,3,9.266648784286e-07,25,12,13,0.52000000,38.2373,13,13 43 61 67 79 97 109 139 157 193 199 229 241,7 19 31 37 73 103 127 151 163 181 211 223
3582,239,6,217,7,283743,3,9.269069646102e-07,25,6,19,0.76000000,38.2373,19,19 37 43 61 73 79 97 103 109 139 151 157 163 181 193 199 211 223 241,7 13 31 67 127 229
3583,226,5,119,7,69694,3,9.271837367872e-07,25,10,15,0.60000000,38.2373,7,7 13 19 31 37 43 73 97 103 109 127 157 163 193 241,61 67 79 139 151 181 199 211 223 229
3584,242,6,229,7,321485,3,9.277876823115e-07,25,6,19,0.76000000,38.2373,13,13 31 37 43 61 67 73 79 97 103 127 139 151 157 163 181 193 199 223,7 19 109 211 229 241
3585,97,7,218,6,57300,3,9.279200628565e-07,25,12,13,0.52000000,38.2373,19,19 31 37 73 79 103 109 181 193 199 211 223 241,7 13 43 61 67 97 127 139 151 157 163 229
3586,159,6,109,7,58379,3,9.279626610762e-07,25,5,20,0.80000000,38.2373,7,7 13 19 31 37 73 79 97 103 127 139 151 157 163 181 193 211 223 229 241,43 61 67 109 199
3587,160,5,179,6,32075,3,9.280008875588e-07,25,8,17,0.68000000,38.2373,13,13 19 43 67 73 79 103 109 127 139 157 163 181 193 199 211 229,7 31 37 61 97 151 223 241
3588,213,6,232,7,331013,3,9.281029129078e-07,25,8,17,0.68000000,38.2373,7,7 19 37 43 67 73 79 103 109 127 139 157 163 193 199 211 223,13 31 61 97 151 181 229 241
3589,199,7,215,7,322668,3,9.282909207398e-07,25,8,17,0.68000000,37.6973,13,13 19 31 61 67 79 109 127 139 151 157 163 181 199 211 223 241,7 37 43 73 97 103 193 229
3590,209,5,137,6,19139,3,9.288681329061e-07,25,9,16,0.64000000,38.2373,37,37 43 61 73 97 103 109 127 139 151 163 181 193 199 223 241,7 13 19 31 67 79 157 211 229
3591,183,6,191,7,210376,3,9.291268965052e-07,25,9,16,0.64000000,38.2373,7,7 13 19 31 37 79 97 103 109 127 151 163 193 199 223 241,43 61 67 73 139 157 181 211 229
3592,47,7,108,7,55601,3,9.293888265299e-07,25,9,16,0.64000000,37.6973,13,13 19 67 79 97 103 127 151 157 181 193 199 211 223 229 241,7 31 37 43 61 73 109 139 163
3593,179,6,228,7,317685,3,9.296833679373e-07,25,9,16,0.64000000,38.2373,7,7 13 31 37 43 61 73 103 109 139 151 181 199 211 223 229,19 67 79 97 127 157 163 193 241
3594,98,7,207,7,253922,3,9.299553815429e-07,25,7,18,0.72000000,37.6973,7,7 37 43 67 73 97 103 109 127 139 151 157 163 181 199 211 223 241,13 19 31 61 79 193 229
3595,173,6,194,7,10091,4,9.301654463864e-07,53,21,32,0.60377358,73.5585,5,5 7 17 19 29 41 47 53 59 67 73 79 83 97 101 103 109 113 131 139,3 11 13 23 31 37 43 61 71 89 107 127 137 149 151 163 193 211 223 239
3596,69,7,157,7,133114,3,9.302170969734e-07,25,7,18,0.72000000,37.6973,7,7 19 37 43 61 67 79 97 103 109 139 151 157 163 181 193 229 241,13 31 73 127 199 211 223
3597,223,5,208,6,43362,3,9.303448035830e-07,25,12,13,0.52000000,38.2373,13,13 31 43 67 151 157 163 181 193 199 211 229 241,7 19 37 61 73 79 97 103 109 127 139 223
3598,19,5,165,4,906,3,9.305109784321e-07,25,6,19,0.76000000,38.2373,13,13 19 37 43 61 73 103 109 127 151 157 163 181 193 199 211 223 229 241,7 31 67 79 97 139
3599,177,7,244,7,384700,3,9.309076168012e-07,25,10,15,0.60000000,37.6973,13,13 31 61 67 97 103 109 139 151 163 193 199 223 229 241,7 19 37 43 73 79 127 157 181 211
3600,193,5,169,6,28670,3,9.311641856464e-07,25,5,20,0.80000000,38.2373,7,7 13 19 31 37 61 67 73 79 103 109 127 139 151 157 163 181 211 223 229,43 97 193 199 241
3601,149,4,86,6,7399,3,9.315613493247e-07,25,9,16,0.64000000,40.2466,7,7 19 43 61 73 109 127 139 151 157 163 181 199 223 229 241,13 31 37 67 79 97 103 193 211
3602,175,6,209,7,259366,3,9.318979361098e-07,25,11,14,0.56000000,38.2373,61,61 79 97 103 127 139 151 163 181 193 199 211 229 241,7 13 19 31 37 43 67 73 109 157 223
3603,119,7,248,7,387168,3,9.321594194791e-07,25,8,17,0.68000000,37.6973,7,7 19 31 37 43 61 67 73 79 97 103 109 127 151 199 223 229,13 139 157 163 181 193 211 241
3604,229,7,238,7,424103,3,9.322894169772e-07,25,8,17,0.68000000,37.6973,7,7 13 19 37 61 67 73 97 103 139 151 157 163 193 211 229 241,31 43 79 109 127 181 199 223
3605,245,5,187,6,35208,3,9.323302862689e-07,25,9,16,0.64000000,38.2373,13,13 19 31 37 43 61 67 73 79 109 139 163 199 211 223 241,7 97 103 127 151 157 181 193 229
3606,145,7,153,7,149035,3,9.323931143298e-07,25,7,18,0.72000000,37.6973,7,7 19 31 43 67 73 79 97 103 109 151 157 181 193 199 211 223 241,13 37 61 127 139 163 229
3607,115,7,172,7,167738,3,9.327648307605e-07,25,9,16,0.64000000,37.6973,19,19 37 43 61 79 97 103 109 127 139 157 163 181 199 223 229,7 13 31 67 73 151 193 211 241
3608,107,7,234,7,337889,3,9.330361448832e-07,25,7,18,0.72000000,37.6973,7,7 13 19 37 43 61 67 73 79 97 109 139 151 157 199 211 223 229,31 103 127 163 181 193 241
3609,198,6,247,7,382926,3,9.333416000938e-07,25,9,16,0.64000000,38.2373,7,7 37 43 61 73 79 97 103 109 127 139 157 163 199 229 241,13 19 31 67 151 181 193 211 223
3610,244,6,231,7,328067,3,9.335670170694e-07,25,12,13,0.52000000,38.2373,13,13 19 61 73 97 127 139 151 163 181 211 223 241,7 31 37 43 67 79 103 109 157 193 199 229
3611,215,7,229,7,378585,3,9.336844113688e-07,25,8,17,0.68000000,37.6973,7,7 13 19 31 43 61 79 109 127 139 151 157 181 199 223 229 241,37 67 73 97 103 163 193 211
3612,159,6,184,7,192709,3,9.343046578827e-07,25,10,15,0.60000000,38.2373,7,7 43 61 73 79 109 127 139 157 193 199 211 223 229 241,13 19 31 37 67 97 103 151 163 181
3613,199,5,218,6,47570,3,9.345582945356e-07,25,10,15,0.60000000,38.2373,13,13 31 37 43 67 73 79 103 139 151 157 163 193 211 241,7 19 61 97 109 127 181 199 223 229
3614,238,6,215,7,277709,3,9.347547736302e-07,25,8,17,0.68000000,38.2373,7,7 13 37 67 73 79 97 103 109 127 139 181 193 199 211 229 241,19 31 43 61 151 157 163 223
3615,127,5,164,5,5333,3,9.349316363821e-07,25,9,16,0.64000000,37.5296,19,19 31 43 67 79 103 109 127 139 151 157 193 211 223 229 241,7 13 37 61 73 97 163 181 199
3616,137,7,249,7,392035,3,9.350660322444e-07,25,8,17,0.68000000,37.6973,13,13 37 43 61 73 79 97 103 109 139 151 157 163 199 211 223 241,7 19 31 67 127 181 193 229
3617,176,7,189,7,240125,3,9.360771210568e-07,25,11,14,0.56000000,37.6973,19,19 31 43 61 67 97 109 127 139 157 163 181 199 211,7 13 37 73 79 103 151 193 223 229 241
3618,71,7,84,7,33797,3,9.361273247352e-07,25,11,14,0.56000000,37.6973,61,61 67 73 79 127 139 151 157 181 193 199 211 223 241,7 13 19 31 37 43 97 103 109 163 229
3619,117,7,241,7,362207,3,9.371713170369e-07,25,8,17,0.68000000,37.6973,13,13 31 37 43 61 67 97 103 109 139 151 157 181 199 211 223 229,7 19 73 79 127 163 193 241
3620,119,5,164,6,26907,3,9.371980814358e-07,25,7,18,0.72000000,38.2373,19,19 31 37 43 61 67 73 79 97 103 127 139 157 193 199 223 229 241,7 13 109 151 163 181 211
3621,183,7,200,7,269955,3,9.374304341860e-07,25,7,18,0.72000000,37.6973,7,7 13 37 61 67 97 103 139 151 157 163 181 193 199 211 223 229 241,19 31 43 73 79 109 127
3622,141,5,107,6,11589,3,9.374357539580e-07,25,12,13,0.52000000,38.2373,7,7 19 31 37 61 73 79 103 157 163 181 229 241,13 43 67 97 109 127 139 151 193 199 211 223
3623,63,5,32,7,3282,3,9.375103838829e-07,25,7,18,0.72000000,38.2373,7,7 19 43 67 73 79 97 109 127 157 163 181 193 199 211 223 229 241,13 31 37 61 103 139 151
3624,63,5,128,5,3282,3,9.375103838829e-07,25,7,18,0.72000000,37.5296,7,7 19 43 67 73 79 97 109 127 157 163 181 193 199 211 223 229 241,13 31 37 61 103 139 151
3625,166,5,223,6,49746,3,9.379406924963e-07,25,5,20,0.80000000,38.2373,7,7 13 19 31 37 43 61 73 79 103 127 151 157 181 193 199 211 223 229 241,67 97 109 139 163
3626,185,6,226,7,311252,3,9.379914555247e-07,25,7,18,0.72000000,38.2373,7,7 13 31 37 43 61 67 73 103 109 139 157 181 193 199 223 229 241,19 79 97 127 151 163 211
3627,90,5,107,6,11464,3,9.381790796106e-07,25,7,18,0.72000000,38.2373,31,31 37 43 61 67 73 79 103 109 139 151 157 163 199 211 223 229 241,7 13 19 97 127 181 193
3628,236,6,213,7,271730,3,9.382816823460e-07,25,8,17,0.68000000,38.2373,7,7 13 31 37 67 79 103 139 151 163 181 193 199 211 223 229 241,19 43 61 73 97 109 127 157
3629,237,6,110,7,71925,3,9.393159326541e-07,25,11,14,0.56000000,38.2373,19,19 73 79 97 103 109 151 157 163 193 199 223 229 241,7 13 31 37 43 61 67 127 139 181 211
3630,80,7,191,7,210251,3,9.394662282966e-07,25,7,18,0.72000000,37.6973,7,7 13 31 37 43 67 73 79 97 109 127 139 163 193 199 223 229 241,19 61 103 151 157 181 211
3631,247,5,116,7,65696,3,9.402531220227e-07,25,10,15,0.60000000,38.2373,19,19 31 43 67 79 103 109 139 151 157 163 193 211 223 241,7 13 37 61 73 97 127 181 199 229
3632,182,7,239,7,371226,3,9.408058999065e-07,25,8,17,0.68000000,37.6973,19,19 31 43 61 73 79 97 109 127 139 151 163 181 211 223 229 241,7 13 37 67 103 157 193 199
3633,213,6,229,7,321138,3,9.408945946919e-07,25,8,17,0.68000000,38.2373,13,13 31 37 43 61 73 97 103 109 127 151 163 181 199 211 223 241,7 19 67 79 139 157 193 229
3634,78,7,227,6,53646,3,9.409205284887e-07,25,8,17,0.68000000,38.2373,7,7 19 31 37 61 67 73 103 109 139 151 163 193 211 223 229 241,13 43 79 97 127 157 181 199
3635,133,7,240,7,359858,3,9.415993524087e-07,25,8,17,0.68000000,37.6973,7,7 13 37 43 61 67 97 109 139 151 157 163 193 199 211 229 241,19 31 73 79 103 127 181 223
3636,137,7,180,7,191548,3,9.424527424944e-07,25,12,13,0.52000000,37.6973,7,7 19 61 73 79 103 127 139 151 163 193 229 241,13 31 37 43 67 97 109 157 181 199 211 223
3637,165,5,71,7,20967,3,9.428302966251e-07,25,6,19,0.76000000,38.2373,7,7 13 19 37 43 61 67 97 109 139 151 157 163 193 199 211 223 229 241,31 73 79 103 127 181
3638,183,5,95,6,9797,3,9.434953442149e-07,25,9,16,0.64000000,38.2373,7,7 13 31 37 43 67 79 103 127 157 163 193 211 223 229 241,19 61 73 97 109 139 151 181 199
3639,125,7,189,7,208710,3,9.437237333289e-07,25,9,16,0.64000000,37.6973,13,13 19 31 37 61 67 79 97 127 151 163 193 199 211 223 241,7 43 73 103 109 139 157 181 229
3640,199,7,236,7,375942,3,9.441245243200e-07,25,10,15,0.60000000,37.6973,13,13 37 61 67 79 97 103 109 157 181 193 199 211 223 241,7 19 31 43 73 127 139 151 163 229
3641,91,7,219,7,289298,3,9.445470380493e-07,25,6,19,0.76000000,37.6973,7,7 13 19 43 61 73 79 97 103 109 139 157 163 181 193 199 211 229 241,31 37 67 127 151 223
3642,121,7,216,7,281542,3,9.448398949568e-07,25,11,14,0.56000000,37.6973,13,13 19 31 37 67 79 97 103 139 157 163 193 211 229,7 43 61 73 109 127 151 181 199 223 241
3643,215,7,232,7,385774,3,9.449772677250e-07,25,8,17,0.68000000,37.6973,19,19 31 37 43 61 67 79 97 103 139 157 163 181 193 199 223 229,7 13 73 109 127 151 211 241
3644,87,6,229,6,3468,4,9.450895928924e-07,53,22,31,0.58490566,72.9271,11,11 19 29 31 41 43 47 53 61 67 73 83 89 97 101 103 109 113 127 137,3 5 7 13 17 23 37 59 71 79 107 131 149 151 157 163 199 211 223 227
3645,64,7,93,7,40118,3,9.454956081928e-07,25,12,13,0.52000000,37.6973,7,7 13 67 73 79 97 103 127 139 193 199 211 241,19 31 37 43 61 109 151 157 163 181 223 229
3646,128,6,93,7,40118,3,9.454956081928e-07,25,12,13,0.52000000,38.2373,7,7 13 67 73 79 97 103 127 139 193 199 211 241,19 31 37 43 61 109 151 157 163 181 223 229
3647,161,7,177,7,202035,3,9.455917475578e-07,25,6,19,0.76000000,37.6973,7,7 19 37 43 61 67 73 97 103 109 127 139 151 157 181 193 211 223 241,13 31 79 163 199 229
3648,109,6,149,7,117738,3,9.457213113961e-07,25,8,17,0.68000000,38.2373,7,7 13 19 31 37 61 67 73 103 109 151 157 181 193 211 223 229,43 79 97 127 139 163 199 241
3649,163,7,200,7,251232,3,9.457407499683e-07,25,13,12,0.48000000,37.6973,31,31 37 43 61 67 127 139 151 157 193 223 241,7 13 19 73 79 97 103 109 163 181 199 211 229
3650,232,7,233,7,418804,3,9.457454703669e-07,25,8,17,0.68000000,37.6973,7,7 19 37 61 67 79 97 109 127 157 163 181 193 199 211 223 241,13 31 43 73 103 139 151 229
3651,106,7,217,7,283594,3,9.460031523471e-07,25,9,16,0.64000000,37.6973,13,13 31 43 61 73 79 103 127 139 151 157 163 199 223 229 241,7 19 37 67 97 109 181 193 211
3652,179,6,213,6,50170,3,9.462329315494e-07,25,10,15,0.60000000,38.6325,7,7 37 67 73 79 103 109 127 139 151 163 199 211 223 241,13 19 31 43 61 97 157 181 193 229
3653,141,6,158,7,135102,3,9.462950368103e-07,25,8,17,0.68000000,38.2373,7,7 13 19 31 43 61 73 97 103 109 127 157 163 181 193 229 241,37 67 79 139 151 199 211 223
3654,186,6,209,7,259429,3,9.463733434015e-07,25,11,14,0.56000000,38.2373,13,13 43 61 67 73 97 103 109 157 163 193 199 211 229,7 19 31 37 79 127 139 151 181 223 241
3655,197,5,173,6,30039,3,9.468036633383e-07,25,5,20,0.80000000,38.2373,7,7 13 31 37 43 61 67 79 97 103 109 127 139 151 157 163 193 199 211 223,19 73 181 229 241
3656,197,6,246,6,65427,3,9.470116484405e-07,25,3,22,0.88000000,38.6325,7,7 19 31 37 43 61 67 73 79 97 109 127 139 151 157 181 193 199 211 223,13 103 163
3657,60,7,83,7,31050,3,9.475284600609e-07,25,5,20,0.80000000,37.6973,7,7 19 31 37 61 67 73 79 97 103 109 127 139 157 181 193 199 211 223 241,13 43 151 163 229
3658,84,7,223,7,301671,3,9.475998773149e-07,25,13,12,0.48000000,37.6973,97,97 109 127 139 151 163 181 193 199 223 229 241,7 13 19 31 37 43 61 67 73 79 103 157 211
3659,189,6,205,7,248042,3,9.477633934287e-07,25,9,16,0.64000000,38.2373,7,7 13 19 43 61 67 79 97 103 109 127 181 199 211 223 229,31 37 73 139 151 157 163 193 241
3660,188,6,189,7,205345,3,9.478804860906e-07,25,8,17,0.68000000,38.2373,19,19 31 37 43 61 67 73 97 103 109 139 151 163 181 211 223 241,7 13 79 127 157 193 199 229
3661,249,6,250,6,78432,3,9.481242419317e-07,25,11,14,0.56000000,38.6325,7,7 19 31 43 67 79 97 109 127 139 151 193 199 211,13 37 61 73 103 157 163 181 223 229 241
3662,153,7,188,7,217317,3,9.481551490409e-07,25,3,22,0.88000000,37.6973,7,7 13 19 37 43 61 73 79 97 103 109 127 151 157 163 181 193 199 211 223,31 67 139
3663,177,6,152,7,123972,3,9.481732832115e-07,25,13,12,0.48000000,38.2373,31,31 109 139 151 157 163 181 199 211 223 229 241,7 13 19 37 43 61 67 73 79 97 103 127 193
3664,184,5,189,6,35776,3,9.484328193233e-07,25,9,16,0.64000000,38.2373,7,7 19 37 43 67 79 97 103 109 157 181 193 199 211 229 241,13 31 61 73 127 139 151 163 223
3665,248,6,211,7,266148,3,9.484579338891e-07,25,4,21,0.84000000,38.2373,7,7 13 19 31 43 61 67 73 97 103 109 127 139 151 157 181 193 199 223 229,37 79 163 211
3666,198,6,221,7,295520,3,9.486631018242e-07,25,11,14,0.56000000,38.2373,7,7 19 31 67 97 109 127 139 157 163 181 199 211 223,13 37 43 61 73 79 103 151 193 229 241
3667,215,6,173,7,8296,4,9.490220640926e-07,53,22,31,0.58490566,73.5585,5,5 7 11 17 29 31 37 47 67 71 73 83 89 97 101 109 113 131 137 139,3 13 19 23 41 43 53 59 61 79 103 107 127 163 167 179 199 211 227 229
3668,127,5,174,6,30288,3,9.496500495092e-07,25,9,16,0.64000000,38.2373,7,7 13 19 31 37 67 79 103 109 163 181 199 211 223 229 241,43 61 73 97 127 139 151 157 193
3669,83,6,99,7,45393,3,9.499347185211e-07,25,9,16,0.64000000,38.2373,7,7 13 43 61 67 73 79 97 103 109 151 163 199 211 229 241,19 31 37 127 139 157 181 193 223
3670,191,7,197,7,274962,3,9.502350135608e-07,25,7,18,0.72000000,37.6973,7,7 13 31 37 43 61 67 103 109 127 157 163 181 193 199 211 229 241,19 73 79 97 139 151 223
3671,215,6,242,7,365199,3,9.505944020150e-07,25,10,15,0.60000000,38.2373,7,7 13 19 61 67 97 127 139 151 157 181 193 199 229 241,31 37 43 73 79 103 109 163 211 223
3672,143,5,115,6,13338,3,9.507109041237e-07,25,9,16,0.64000000,38.2373,19,19 31 37 67 73 79 97 103 127 139 163 181 193 211 223 241,7 13 43 61 109 151 157 199 229
3673,161,5,248,5,10152,3,9.510104207070e-07,25,11,14,0.56000000,37.5296,7,7 13 19 31 79 97 103 109 151 163 181 193 229 241,37 43 61 67 73 127 139 157 199 211 223
3674,111,7,248,7,386878,3,9.515644688126e-07,25,10,15,0.60000000,37.6973,7,7 13 31 43 61 79 97 103 127 139 151 157 163 193 199,19 37 67 73 109 181 211 223 229 241
3675,165,6,199,7,10548,4,9.516223558428e-07,53,19,34,0.64150943,73.5585,5,5 13 17 19 29 31 37 41 47 59 67 73 83 89 97 101 103 107 109 113,3 7 11 23 43 53 61 71 79 151 157 163 197 199 211 223 229 233 251
3676,93,6,94,7,40309,3,9.524296800901e-07,25,9,16,0.64000000,38.2373,7,7 13 19 37 67 97 103 127 139 157 193 199 211 223 229 241,31 43 61 73 79 109 151 163 181
3677,109,7,176,7,175591,3,9.528019872111e-07,25,9,16,0.64000000,37.6973,7,7 31 37 43 61 67 79 97 109 127 151 163 181 199 229 241,13 19 73 103 139 157 193 211 223
3678,173,7,214,7,293148,3,9.531843163238e-07,25,11,14,0.56000000,37.6973,7,7 13 61 67 73 79 103 109 139 151 181 199 211 229,19 31 37 43 97 127 157 163 193 223 241
3679,93,5,238,5,9168,3,9.535164576142e-07,25,7,18,0.72000000,37.5296,7,7 13 19 31 37 73 79 97 103 109 157 163 181 193 199 223 229 241,43 61 67 127 139 151 211
3680,203,7,207,7,312410,3,9.537816942570e-07,25,7,18,0.72000000,37.6973,7,7 13 19 37 43 61 67 79 97 127 151 163 181 193 199 211 223 241,31 73 103 109 139 157 229
3681,196,5,141,6,20122,3,9.541779372843e-07,25,10,15,0.60000000,38.2373,19,19 37 43 61 67 97 103 139 151 157 163 181 193 223 241,7 13 31 73 79 109 127 199 211 229
3682,133,6,79,7,29138,3,9.546183348513e-07,25,14,11,0.44000000,38.2373,7,7 13 19 31 109 139 163 181 193 223 241,37 43 61 67 73 79 97 103 127 151 157 199 211 229
3683,97,7,208,7,256748,3,9.546466037883e-07,25,9,16,0.64000000,37.6973,7,7 13 19 31 37 43 97 103 139 151 157 163 181 193 211 223,61 67 73 79 109 127 199 229 241
3684,210,6,239,7,354710,3,9.547158328500e-07,25,10,15,0.60000000,38.2373,13,13 31 37 67 79 103 127 139 151 181 199 211 223 229 241,7 19 43 61 73 97 109 157 163 193
3685,147,5,94,7,40190,3,9.557805028833e-07,25,8,17,0.68000000,38.2373,7,7 19 37 43 61 73 97 103 109 127 139 151 157 193 199 211 229,13 31 67 79 163 181 223 241
3686,247,6,237,7,348225,3,9.560619603215e-07,25,10,15,0.60000000,38.2373,13,13 19 31 43 61 67 73 97 157 193 199 211 223 229 241,7 37 79 103 109 127 139 151 163 181
3687,174,7,227,7,329848,3,9.562113669343e-07,25,9,16,0.64000000,37.6973,7,7 13 37 43 67 73 79 139 151 163 181 193 199 223 229 241,19 31 61 97 103 109 127 157 211
3688,169,5,207,6,42874,3,9.564034437572e-07,25,8,17,0.68000000,38.2373,7,7 19 31 43 61 67 73 97 109 127 151 193 199 211 223 229 241,13 37 79 103 139 157 163 181
3689,183,6,224,6,54724,3,9.564486027558e-07,25,11,14,0.56000000,38.6325,13,13 31 37 73 79 109 139 151 157 181 199 211 229 241,7 19 43 61 67 97 103 127 163 193 223
3690,221,5,141,6,20316,3,9.570939355859e-07,25,10,15,0.60000000,38.2373,7,7 19 31 37 43 67 73 97 103 151 181 199 211 223 229,13 61 79 109 127 139 157 163 193 241
3691,155,7,176,7,194698,3,9.573688655972e-07,25,9,16,0.64000000,37.6973,7,7 31 37 61 67 73 79 97 127 139 151 163 181 193 223 229,13 19 43 103 109 157 199 211 241
3692,112,7,181,7,187439,3,9.575996002918e-07,25,11,14,0.56000000,37.6973,13,13 61 67 79 97 103 109 127 139 151 163 181 199 229,7 19 31 37 43 73 157 193 211 223 241
3693,241,6,195,7,221838,3,9.580655366147e-07,25,8,17,0.68000000,38.2373,31,31 37 61 79 97 103 109 127 139 151 157 163 193 199 211 223 241,7 13 19 43 67 73 181 229
3694,242,6,221,7,12692,4,9.580821959657e-07,53,21,32,0.60377358,73.5585,7,7 13 23 29 31 41 47 59 61 73 83 89 97 101 109 127 131 137 149 157,3 5 11 17 19 37 43 53 67 71 79 103 107 113 139 151 167 179 191 223
3695,115,7,214,7,275102,3,9.580867740407e-07,25,9,16,0.64000000,37.6973,13,13 19 43 79 109 127 139 157 163 181 193 199 211 223 229 241,7 31 37 61 67 73 97 103 151
3696,129,7,187,7,204807,3,9.585575341462e-07,25,9,16,0.64000000,37.6973,13,13 31 37 43 61 73 97 103 127 139 151 157 163 199 229 241,7 19 67 79 109 181 193 211 223
3697,203,7,213,7,324269,3,9.585939297340e-07,25,10,15,0.60000000,37.6973,7,7 19 37 43 61 109 127 139 157 163 181 193 199 211 223,13 31 67 73 79 97 103 151 229 241
3698,156,7,245,7,380835,3,9.588401684503e-07,25,10,15,0.60000000,37.6973,7,7 13 43 61 79 97 127 139 151 163 181 199 211 223 229,19 31 37 67 73 103 109 157 193 241
3699,37,4,19,7,173,4,9.589782367548e-07,53,22,31,0.58490566,73.5585,3,3 13 17 23 29 37 47 53 67 71 89 97 101 109 131 137 139 157 163 167,5 7 11 19 31 41 43 59 61 73 79 83 103 107 113 127 149 151 211 223
3700,225,6,221,7,295785,3,9.590639417737e-07,25,15,10,0.40000000,38.2373,7,7 31 37 61 67 97 139 193 199 211,13 19 43 73 79 103 109 127 151 157 163 181 223 229 241
3701,217,6,167,7,155043,3,9.599487073389e-07,25,5,20,0.80000000,38.2373,13,13 19 31 37 61 73 79 97 103 109 127 139 151 157 163 181 193 199 229 241,7 43 67 211 223
3702,217,6,194,7,218604,3,9.606730087756e-07,25,10,15,0.60000000,38.2373,7,7 43 67 73 79 109 139 151 181 193 199 211 223 229 241,13 19 31 37 61 97 103 127 157 163
3703,83,7,121,7,74101,3,9.607630969858e-07,25,7,18,0.72000000,37.6973,19,19 31 43 61 67 73 79 97 103 127 139 151 157 163 193 199 229 241,7 13 37 109 181 211 223
3704,41,7,233,6,54311,3,9.608670718454e-07,25,7,18,0.72000000,38.2373,19,19 31 61 67 73 79 97 109 127 139 151 163 181 193 199 223 229 241,7 13 37 43 103 157 211
3705,137,6,227,6,52346,3,9.610153254179e-07,25,7,18,0.72000000,38.6325,7,7 13 31 37 43 61 67 73 79 97 109 127 139 157 193 199 223 241,19 103 151 163 181 211 229
3706,209,5,235,5,10371,3,9.611223120545e-07,25,6,19,0.76000000,37.5296,13,13 31 43 61 67 73 79 103 109 127 139 151 157 181 193 199 211 229 241,7 19 37 97 163 223
3707,221,6,237,7,347921,3,9.611448734589e-07,25,10,15,0.60000000,38.2373,13,13 19 31 73 97 103 127 151 157 163 181 193 199 223 229,7 37 43 61 67 79 109 139 211 241
3708,101,7,240,7,358232,3,9.611998480752e-07,25,5,20,0.80000000,37.6973,7,7 13 19 37 43 61 67 73 79 97 103 151 157 163 181 199 211 223 229 241,31 109 127 139 193
3709,121,7,230,7,325315,3,9.613399465342e-07,25,5,20,0.80000000,37.6973,19,19 31 37 43 61 73 79 97 103 109 127 139 151 157 163 181 199 211 223 229,7 13 67 193 241
3710,243,6,208,7,257379,3,9.613990196845e-07,25,6,19,0.76000000,38.2373,19,19 31 37 61 67 73 79 97 109 127 139 151 157 163 181 199 211 223 229,7 13 43 103 193 241
3711,173,7,243,7,379532,3,9.614025030726e-07,25,12,13,0.52000000,37.6973,7,7 37 67 79 97 109 127 139 151 163 193 223 229,13 19 31 43 61 73 103 157 181 199 211 241
3712,159,3,16,6,275,3,9.616829451540e-07,25,7,18,0.72000000,36.5126,13,13 31 37 43 61 67 73 79 97 103 109 139 151 157 163 199 223 229,7 19 127 181 193 211 241
3713,159,3,64,4,275,3,9.616829451540e-07,25,7,18,0.72000000,38.2373,13,13 31 37 43 61 67 73 79 97 103 109 139 151 157 163 199 223 229,7 19 127 181 193 211 241
3714,67,7,202,6,41983,3,9.617182945871e-07,25,10,15,0.60000000,38.2373,7,7 13 19 31 37 61 79 127 157 181 193 199 211 229 241,43 67 73 97 103 109 139 151 163 223
3715,78,7,119,7,70840,3,9.618353276361e-07,25,10,15,0.60000000,37.6973,13,13 31 37 43 61 73 79 139 151 163 181 193 199 223 241,7 19 67 97 103 109 127 157 211 229
3716,243,6,211,7,266022,3,9.621050373437e-07,25,11,14,0.56000000,38.2373,7,7 13 19 31 43 67 103 109 127 139 151 163 223 241,37 61 73 79 97 157 181 193 199 211 229
3717,101,7,199,7,231868,3,9.621127196784e-07,25,7,18,0.72000000,37.6973,19,19 31 37 61 67 73 97 103 109 127 139 151 163 181 193 211 223 241,7 13 43 79 157 199 229
3718,83,7,212,7,268115,3,9.623692901292e-07,25,9,16,0.64000000,37.6973,19,19 31 43 79 109 127 139 151 157 163 181 193 211 223 229 241,7 13 37 61 67 73 97 103 199
3719,238,6,249,7,390458,3,9.623853999296e-07,25,7,18,0.72000000,38.2373,7,7 19 31 61 73 79 97 103 109 127 139 157 163 193 199 223 229 241,13 37 43 67 151 181 211
3720,109,7,160,7,142064,3,9.630000723603e-07,25,11,14,0.56000000,37.6973,7,7 31 43 67 73 97 109 139 157 163 193 211 229 241,13 19 37 61 79 103 127 151 181 199 223
3721,113,7,178,7,180665,3,9.633755297797e-07,25,8,17,0.68000000,37.6973,7,7 19 37 43 61 73 79 103 109 151 157 163 181 193 199 211 223,13 31 67 97 127 139 229 241
3722,136,7,157,7,147542,3,9.642125786660e-07,25,11,14,0.56000000,37.6973,31,31 37 43 67 73 79 109 127 157 163 193 211 229 241,7 13 19 61 97 103 139 151 181 199 223
3723,205,5,91,6,982,4,9.643939808683e-07,53,19,34,0.64150943,73.5585,3,3 11 13 17 19 23 29 37 43 47 53 61 67 71 73 89 97 101 107 109,5 7 31 41 59 79 83 103 113 139 149 151 157 173 179 199 211 239 251
3724,122,7,201,7,239030,3,9.644443529359e-07,25,10,15,0.60000000,37.6973,13,13 31 61 67 73 79 97 109 127 151 163 193 199 211 241,7 19 37 43 103 139 157 181 223 229
3725,128,7,155,7,139460,3,9.645833288245e-07,25,11,14,0.56000000,37.6973,7,7 19 37 43 61 73 97 103 139 157 163 181 211 229,13 31 67 79 109 127 151 193 199 223 241
3726,177,6,217,6,51320,3,9.645916811580e-07,25,11,14,0.56000000,38.6325,43,43 61 67 73 79 97 103 139 151 157 163 193 223 241,7 13 19 31 37 109 127 181 199 211 229
3727,157,7,248,7,391594,3,9.651639305646e-07,25,9,16,0.64000000,37.6973,13,13 19 37 61 79 97 103 127 157 181 193 199 211 223 229 241,7 31 43 67 73 109 139 151 163
3728,96,6,247,6,61079,3,9.655644027962e-07,25,10,15,0.60000000,38.6325,7,7 31 73 79 109 127 151 163 181 193 199 211 223 229 241,13 19 37 43 61 67 97 103 139 157
3729,129,7,205,7,250981,3,9.655730610000e-07,25,4,21,0.84000000,37.6973,7,7 13 31 37 43 67 73 97 103 109 127 151 157 163 181 193 199 211 223 229,19 61 79 139
3730,185,6,154,7,127942,3,9.656117502507e-07,25,7,18,0.72000000,38.2373,13,13 19 43 61 67 73 79 97 103 109 127 151 157 181 199 223 229 241,7 31 37 139 163 193 211
3731,215,5,183,6,33625,3,9.659183245262e-07,25,11,14,0.56000000,38.2373,7,7 19 37 61 73 103 139 151 157 163 181 199 211 241,13 31 43 67 79 97 109 127 193 223 229
3732,177,7,193,7,248888,3,9.670653733070e-07,25,9,16,0.64000000,37.6973,13,13 31 43 61 67 79 97 103 109 127 139 157 193 211 223 229,7 19 37 73 151 163 181 199 241
3733,86,5,79,6,6281,3,9.671680162584e-07,25,10,15,0.60000000,38.2373,7,7 13 19 31 37 61 79 97 103 163 181 199 211 223 229,43 67 73 109 127 139 151 157 193 241
3734,238,6,207,7,254412,3,9.675578494923e-07,25,6,19,0.76000000,38.2373,7,7 19 31 37 43 67 73 79 97 127 139 151 157 163 193 199 223 229 241,13 61 103 109 181 211
3735,115,7,151,7,127156,3,9.679671502762e-07,25,8,17,0.68000000,37.6973,13,13 31 37 43 67 73 97 103 139 151 157 163 181 193 211 223 241,7 19 61 79 109 127 199 229
3736,87,7,229,7,320958,3,9.680098790374e-07,25,10,15,0.60000000,37.6973,31,31 43 61 97 109 127 139 151 157 163 181 193 223 229 241,7 13 19 37 67 73 79 103 199 211
3737,180,5,209,6,43714,3,9.683291518043e-07,25,8,17,0.68000000,38.2373,7,7 19 31 43 61 79 97 109 139 151 157 163 181 211 223 229 241,13 37 67 73 103 127 193 199
3738,96,7,199,7,231669,3,9.683913063220e-07,25,12,13,0.52000000,37.6973,19,19 37 43 61 67 79 97 139 163 181 211 223 229,7 13 31 73 103 109 127 151 157 193 199 241
3739,194,6,217,7,283191,3,9.684597031751e-07,25,11,14,0.56000000,38.2373,13,13 43 61 67 79 97 127 139 157 163 181 211 223 229,7 19 31 37 73 103 109 151 193 199 241
3740,112,6,197,6,39241,3,9.684619786041e-07,25,10,15,0.60000000,38.6325,13,13 31 43 67 79 97 103 109 139 157 199 211 223 229 241,7 19 37 61 73 127 151 163 181 193
3741,197,7,243,7,394822,3,9.685995130041e-07,25,10,15,0.60000000,37.6973,13,13 37 61 73 79 103 109 139 151 181 193 199 223 229 241,7 19 31 43 67 97 127 157 163 211
3742,194,5,237,6,56198,3,9.686918601637e-07,25,9,16,0.64000000,38.2373,7,7 19 31 37 43 67 73 79 103 127 139 199 211 223 229 241,13 61 97 109 151 157 163 181 193
3743,168,7,209,7,276749,3,9.688111080760e-07,25,8,17,0.68000000,37.6973,19,19 31 43 61 67 73 79 97 103 109 127 139 151 157 199 211 241,7 13 37 163 181 193 223 229
3744,224,6,237,6,4174,4,9.688929177410e-07,53,18,35,0.66037736,72.9271,13,13 19 37 41 43 53 59 67 71 73 83 89 97 101 103 109 113 127 139 149,3 5 7 11 17 23 29 31 47 61 79 107 131 137 151 173 211 227
3745,144,5,175,6,30647,3,9.690923598883e-07,25,7,18,0.72000000,38.2373,7,7 37 43 61 67 79 97 109 127 151 157 181 193 199 211 223 229 241,13 19 31 73 103 139 163
3746,104,6,105,7,52168,3,9.691725459414e-07,25,10,15,0.60000000,38.2373,31,31 37 67 73 103 139 151 157 163 181 193 211 223 229 241,7 13 19 43 61 79 97 109 127 199
3747,191,7,226,7,340238,3,9.693005597763e-07,25,8,17,0.68000000,37.6973,7,7 13 19 37 43 61 73 79 103 109 127 151 157 181 193 223 229,31 67 97 139 163 199 211 241
3748,147,7,163,7,165589,3,9.698907231320e-07,25,6,19,0.76000000,37.6973,7,7 13 19 37 43 61 67 73 97 127 151 157 163 181 193 199 211 223 229,31 79 103 109 139 241
3749,78,7,181,7,185488,3,9.699484309572e-07,25,11,14,0.56000000,37.6973,19,19 31 43 67 97 103 109 127 139 151 157 181 199 223,7 13 37 61 73 79 163 193 211 229 241
3750,207,7,229,7,366702,3,9.699822578872e-07,25,12,13,0.52000000,37.6973,7,7 13 19 43 61 73 103 139 157 163 193 211 241,31 37 67 79 97 109 127 151 181 199 223 229
3751,223,6,232,7,331103,3,9.700823867959e-07,25,8,17,0.68000000,38.2373,7,7 19 31 43 61 73 97 109 127 151 157 163 199 211 223 229 241,13 37 67 79 103 139 181 193
3752,117,7,128,7,95210,3,9.700998259001e-07,25,11,14,0.56000000,37.6973,13,13 19 31 37 43 73 109 139 157 163 181 193 199 229,7 61 67 79 97 103 127 151 211 223 241
3753,194,5,235,6,55255,3,9.703473589788e-07,25,12,13,0.52000000,38.2373,7,7 31 67 73 79 103 127 139 151 163 181 193 229,13 19 37 43 61 97 109 157 199 211 223 241
3754,215,6,133,7,94163,3,9.706446464310e-07,25,11,14,0.56000000,38.2373,13,13 31 37 61 73 79 139 157 163 181 193 199 223 229,7 19 43 67 97 103 109 127 151 211 241
3755,98,7,239,7,354713,3,9.711213604408e-07,25,8,17,0.68000000,37.6973,19,19 31 37 73 79 97 103 127 139 151 163 181 193 211 223 229 241,7 13 43 61 67 109 157 199
3756,197,6,184,7,193088,3,9.718604292389e-07,25,8,17,0.68000000,38.2373,7,7 13 37 61 73 79 97 103 127 139 163 181 199 211 223 229 241,19 31 43 67 109 151 157 193
3757,121,6,125,7,78296,3,9.719285239699e-07,25,8,17,0.68000000,38.2373,13,13 31 37 43 73 79 109 127 139 151 157 163 181 193 199 223 241,7 19 61 67 97 103 211 229
3758,182,7,237,7,364966,3,9.732942716687e-07,25,4,21,0.84000000,37.6973,13,13 19 43 61 67 73 79 97 103 109 127 139 151 157 163 181 193 211 223 229,7 31 37 199
3759,122,7,187,7,203268,3,9.734488149423e-07,25,11,14,0.56000000,37.6973,13,13 19 31 37 43 61 73 97 139 151 157 193 223 229,7 67 79 103 109 127 163 181 199 211 241
3760,107,7,132,7,95054,3,9.736011478845e-07,25,9,16,0.64000000,37.6973,31,31 37 43 61 67 73 79 97 103 109 139 157 163 181 223 241,7 13 19 127 151 193 199 211 229
3761,179,7,215,7,300458,3,9.738921432313e-07,25,8,17,0.68000000,37.6973,7,7 13 19 37 43 61 73 79 97 109 127 139 151 157 193 229 241,31 67 103 163 181 199 211 223
3762,185,5,193,6,37301,3,9.743298230728e-07,25,12,13,0.52000000,38.2373,19,19 31 43 61 79 97 103 109 127 163 199 223 241,7 13 37 67 73 139 151 157 181 193 211 229
3763,185,6,204,7,245206,3,9.748086741623e-07,25,3,22,0.88000000,38.2373,7,7 13 19 31 37 43 61 67 73 79 97 103 127 139 151 157 163 181 211 223,109 193 199
3764,121,7,224,7,306085,3,9.751811846703e-07,25,8,17,0.68000000,37.6973,7,7 13 31 43 61 103 109 139 151 157 163 181 193 199 211 223 241,19 37 67 73 79 97 127 229
3765,202,5,105,7,52054,3,9.753648904564e-07,25,10,15,0.60000000,38.2373,19,19 31 37 43 61 67 79 97 109 127 139 163 211 223 229,7 13 73 103 151 157 181 193 199 241
3766,31,4,104,3,127,3,9.763799055157e-07,25,10,15,0.60000000,38.2373,7,7 19 37 43 61 67 73 79 97 109 139 157 211 223 229,13 31 103 127 151 163 181 193 199 241
3767,131,7,203,7,245896,3,9.764527142950e-07,25,9,16,0.64000000,37.6973,7,7 13 19 31 37 43 61 67 79 97 109 139 151 193 211 241,73 103 127 157 163 181 199 223 229
3768,228,7,241,7,429533,3,9.764830933381e-07,25,11,14,0.56000000,37.6973,19,19 37 61 73 127 139 151 157 163 181 193 211 223 241,7 13 31 43 67 79 97 103 109 199 229
3769,161,6,97,7,46138,3,9.766057651265e-07,25,10,15,0.60000000,38.2373,13,13 19 31 37 43 61 67 79 127 151 163 199 223 229 241,7 73 97 103 109 139 157 181 193 211
3770,105,7,208,7,11416,4,9.770651933735e-07,53,20,33,0.62264151,72.1671,5,5 7 11 17 19 23 37 43 47 53 59 61 73 83 89 97 109 113 127 149,3 13 29 31 41 67 71 79 101 103 107 131 137 139 163 193 197 211 239 241
3771,95,7,227,6,59122,3,9.773047697890e-07,25,7,18,0.72000000,38.2373,7,7 13 31 43 61 67 73 79 97 109 127 139 157 163 199 211 229 241,19 37 103 151 181 193 223
3772,99,5,146,5,4233,3,9.774533976974e-07,25,8,17,0.68000000,37.5296,13,13 37 43 73 79 97 103 109 127 139 157 163 193 199 211 223 241,7 19 31 61 67 151 181 229
3773,121,7,196,7,225664,3,9.779534173668e-07,25,7,18,0.72000000,37.6973,7,7 19 31 37 43 61 73 79 103 109 127 139 157 163 181 193 211 223,13 67 97 151 199 229 241
3774,103,7,223,7,302013,3,9.779814449250e-07,25,8,17,0.68000000,37.6973,7,7 13 31 37 61 67 73 97 103 109 151 181 193 199 211 229 241,19 43 79 127 139 157 163 223
3775,206,6,153,7,126807,3,9.780209622143e-07,25,6,19,0.76000000,38.2373,13,13 37 43 61 67 73 79 97 103 109 127 139 151 157 181 193 199 211 223,7 19 31 163 229 241
3776,232,6,185,7,196372,3,9.787527371937e-07,25,7,18,0.72000000,38.2373,7,7 13 19 43 61 67 73 97 109 127 139 151 157 163 193 211 223 229,31 37 79 103 181 199 241
3777,97,6,142,6,20825,3,9.787799193355e-07,25,8,17,0.68000000,38.6325,7,7 31 37 43 61 67 79 103 109 127 139 151 157 181 193 229 241,13 19 73 97 163 199 211 223
3778,140,7,221,7,299266,3,9.792611366584e-07,25,8,17,0.68000000,37.6973,7,7 13 31 37 43 61 67 109 127 139 151 157 163 193 211 223 229,19 73 79 97 103 181 199 241
3779,235,6,242,7,365373,3,9.792658595989e-07,25,6,19,0.76000000,38.2373,7,7 13 19 31 37 43 67 73 97 103 139 157 163 181 193 211 223 229 241,61 79 109 127 151 199
3780,98,7,153,7,127022,3,9.794688405822e-07,25,5,20,0.80000000,37.6973,13,13 19 61 67 73 97 103 109 127 139 151 157 163 181 193 199 211 223 229 241,7 31 37 43 79
3781,184,6,215,7,277090,3,9.799927227219e-07,25,11,14,0.56000000,38.2373,37,37 61 67 73 79 97 109 139 157 163 193 211 229 241,7 13 19 31 43 103 127 151 181 199 223
3782,181,6,177,7,176280,3,9.800353646854e-07,25,6,19,0.76000000,38.2373,7,7 13 31 37 61 67 97 103 109 127 151 157 163 181 193 199 211 223 241,19 43 73 79 139 229
3783,20,6,199,4,201,4,9.802475217013e-07,53,21,32,0.60377358,73.4715,3,3 7 11 13 17 29 41 43 47 53 67 79 83 89 97 101 107 109 113 131,5 19 23 31 37 59 61 71 73 103 127 137 139 151 167 173 179 181 199 211
3784,183,6,166,7,151988,3,9.803771178298e-07,25,11,14,0.56000000,38.2373,13,13 19 37 61 73 79 109 151 163 181 193 211 229 241,7 31 43 67 97 103 127 139 157 199 223
3785,148,7,219,7,295167,3,9.808986825912e-07,25,2,23,0.92000000,37.6973,7,7 13 19 31 37 43 61 67 73 79 103 109 127 151 157 163 181 193 199 211,97 139
3786,112,6,113,7,61905,3,9.818880965758e-07,25,10,15,0.60000000,38.2373,19,19 31 37 43 61 67 73 97 151 157 163 181 199 229 241,7 13 79 103 109 127 139 193 211 223
3787,70,7,159,7,137106,3,9.822724578383e-07,25,7,18,0.72000000,37.6973,7,7 13 19 31 37 43 61 97 103 109 127 139 157 163 199 211 223 241,67 73 79 151 181 193 229
3788,142,7,221,7,299675,3,9.827980377895e-07,25,7,18,0.72000000,37.6973,19,19 31 37 67 73 79 97 103 109 139 151 157 163 181 193 223 229 241,7 13 43 61 127 199 211
3789,173,6,232,6,56747,3,9.830886329751e-07,25,10,15,0.60000000,38.6325,7,7 43 67 73 79 97 109 127 139 157 163 181 193 223 241,13 19 31 37 61 103 151 199 211 229
3790,109,6,233,6,54478,3,9.835751743685e-07,25,12,13,0.52000000,38.6325,7,7 19 37 67 73 79 97 103 139 157 181 199 223,13 31 43 61 109 127 151 163 193 211 229 241
3791,178,4,29,7,2633,3,9.845637293071e-07,25,9,16,0.64000000,38.2373,7,7 19 37 43 61 67 73 103 109 139 151 193 199 211 229 241,13 31 79 97 127 157 163 181 223
3792,128,7,199,7,234660,3,9.848692683730e-07,25,9,16,0.64000000,37.6973,7,7 13 31 61 67 73 79 103 127 139 157 181 193 199 229 241,19 37 43 97 109 151 163 211 223
3793,143,7,249,7,392721,3,9.849097311181e-07,25,11,14,0.56000000,37.6973,13,13 19 37 79 97 103 139 151 157 163 181 193 199 211,7 31 43 61 67 73 109 127 223 229 241
3794,233,4,239,5,9216,3,9.850096800690e-07,25,11,14,0.56000000,38.2373,7,7 13 19 43 61 67 79 103 109 163 181 199 223 229,31 37 73 97 127 139 151 157 193 211 241
3795,163,6,210,7,262218,3,9.850794557965e-07,25,4,21,0.84000000,38.2373,13,13 19 31 37 43 67 73 79 97 103 127 139 151 163 181 193 199 211 223 229,7 61 109 157
3796,167,6,104,7,53518,3,9.851722759681e-07,25,12,13,0.52000000,38.2373,19,19 43 61 73 79 103 139 151 193 199 223 229 241,7 13 31 37 67 97 109 127 157 163 181 211
3797,157,6,149,7,118057,3,9.852207669010e-07,25,7,18,0.72000000,38.2373,7,7 19 43 61 67 73 97 103 127 139 163 181 193 199 211 223 229 241,13 31 37 79 109 151 157
3798,163,6,138,7,99054,3,9.854019222000e-07,25,7,18,0.72000000,38.2373,13,13 19 37 43 61 67 73 79 103 151 157 181 193 199 211 223 229 241,7 31 97 109 127 139 163
3799,73,7,176,7,173714,3,9.854725616952e-07,25,10,15,0.60000000,37.6973,7,7 13 19 31 37 79 103 127 157 163 193 199 223 229 241,43 61 67 73 97 109 139 151 181 211
3800,177,7,202,7,267615,3,9.865616735290e-07,25,11,14,0.56000000,37.6973,13,13 19 79 103 109 127 157 181 193 199 211 223 229 241,7 31 37 43 61 67 73 97 139 151 163
3801,123,6,149,7,117781,3,9.867766786256e-07,25,6,19,0.76000000,38.2373,7,7 13 19 31 43 61 73 97 109 127 139 157 163 181 193 199 211 223 241,37 67 79 103 151 229
3802,245,6,209,7,260292,3,9.873194430462e-07,25,8,17,0.68000000,38.2373,31,31 37 43 61 67 73 79 97 103 127 151 157 163 193 199 229 241,7 13 19 109 139 181 211 223
3803,131,7,196,7,227497,3,9.875448939106e-07,25,6,19,0.76000000,37.6973,7,7 13 19 31 37 43 67 79 97 103 139 157 163 181 193 199 223 229 241,61 73 109 127 151 211
3804,209,7,246,7,415897,3,9.882397399407e-07,25,13,12,0.48000000,37.6973,31,31 67 79 97 103 109 127 139 151 157 163 229,7 13 19 37 43 61 73 181 193 199 211 223 241
3805,99,5,193,5,6521,3,9.883649016867e-07,25,9,16,0.64000000,37.5296,7,7 13 19 37 61 67 97 103 109 127 139 181 199 211 223 229,31 43 73 79 151 157 163 193 241
3806,191,6,208,7,256585,3,9.891085076437e-07,25,7,18,0.72000000,38.2373,31,31 37 61 67 73 79 97 103 127 139 151 157 163 181 199 211 229 241,7 13 19 43 109 193 223
3807,165,7,232,7,340579,3,9.902211764753e-07,25,7,18,0.72000000,37.6973,7,7 13 19 31 37 43 61 73 79 103 127 139 151 181 199 211 223 229,67 97 109 157 163 193 241
3808,103,7,153,7,127765,3,9.903904111710e-07,25,7,18,0.72000000,37.6973,7,7 13 19 61 67 73 79 97 103 109 127 139 157 181 199 211 229 241,31 37 43 151 163 193 223
3809,201,5,191,6,36563,3,9.908458263293e-07,25,5,20,0.80000000,38.2373,7,7 13 37 43 61 73 97 103 109 127 139 151 157 163 181 193 211 223 229 241,19 31 67 79 199
3810,161,5,206,6,42456,3,9.910149131589e-07,25,10,15,0.60000000,38.2373,13,13 19 43 61 73 79 97 103 109 127 151 163 193 199 211,7 31 37 67 139 157 181 223 229 241
3811,205,6,141,7,105738,3,9.910191235876e-07,25,9,16,0.64000000,38.2373,7,7 13 31 37 43 67 79 103 139 151 157 181 193 211 229 241,19 61 73 97 109 127 163 199 223
3812,80,7,141,7,104126,3,9.910558110671e-07,25,8,17,0.68000000,37.6973,7,7 19 31 37 43 67 73 79 97 109 157 163 181 193 199 211 229,13 61 103 127 139 151 223 241
3813,125,6,216,6,47233,3,9.913597676315e-07,25,7,18,0.72000000,38.6325,7,7 13 19 37 43 67 73 79 97 103 139 151 157 181 193 199 223 241,31 61 109 127 163 211 229
3814,224,6,219,7,289595,3,9.913878029386e-07,25,9,16,0.64000000,38.2373,7,7 13 43 67 97 109 127 139 151 157 181 193 199 211 229 241,19 31 37 61 73 79 103 163 223
3815,103,5,121,6,14659,3,9.918308424794e-07,25,10,15,0.60000000,38.2373,7,7 19 31 37 43 61 67 73 97 127 139 151 193 199 229,13 79 103 109 157 163 181 211 223 241
3816,94,7,201,7,237045,3,9.921145153688e-07,25,6,19,0.76000000,37.6973,13,13 19 31 37 43 61 79 97 109 127 139 151 163 181 193 199 211 229 241,7 67 73 103 157 223
3817,173,7,246,7,389644,3,9.922188623993e-07,25,6,19,0.76000000,37.6973,13,13 19 31 37 43 73 97 103 109 127 139 151 157 163 181 199 211 229 241,7 61 67 79 193 223
3818,180,6,199,6,45807,3,9.928200154576e-07,25,7,18,0.72000000,38.6325,7,7 19 31 61 67 73 79 97 103 109 127 139 157 181 193 211 223 229,13 37 43 151 163 199 241
3819,166,6,223,6,52403,3,9.929517625319e-07,25,8,17,0.68000000,38.6325,7,7 19 31 37 43 61 67 73 79 109 139 151 157 163 199 229 241,13 97 103 127 181 193 211 223
3820,145,7,236,7,347938,3,9.934320454174e-07,25,8,17,0.68000000,37.6973,7,7 13 31 37 61 79 97 103 151 157 163 193 199 211 223 229 241,19 43 67 73 109 127 139 181
3821,245,6,159,7,140700,3,9.936434615447e-07,25,8,17,0.68000000,38.2373,7,7 13 19 43 61 73 79 127 139 151 157 163 181 199 211 223 241,31 37 67 97 103 109 193 229
3822,151,7,177,7,193389,3,9.941667811630e-07,25,10,15,0.60000000,37.6973,13,13 31 37 43 61 67 79 103 109 139 157 163 199 211 229,7 19 73 97 127 151 181 193 223 241
3823,206,6,243,7,368668,3,9.942661614134e-07,25,16,9,0.36000000,38.2373,37,37 61 73 79 109 151 163 211 241,7 13 19 31 43 67 97 103 127 139 157 181 193 199 223 229
3824,217,7,249,7,434456,3,9.945602395462e-07,25,5,20,0.80000000,37.6973,7,7 13 19 37 43 61 67 73 79 97 103 109 127 139 151 157 181 211 223 229,31 163 193 199 241
3825,173,6,231,6,56331,3,9.952770985071e-07,25,10,15,0.60000000,38.6325,13,13 19 31 37 43 67 79 109 127 157 163 193 211 223 241,7 61 73 97 103 139 151 181 199 229
3826,179,6,191,7,210341,3,9.955916289828e-07,25,10,15,0.60000000,38.2373,7,7 13 19 31 37 43 61 79 97 139 151 157 193 211 241,67 73 103 109 127 163 181 199 223 229
3827,73,6,185,6,34268,3,9.957583490620e-07,25,7,18,0.72000000,38.6325,7,7 19 31 67 79 97 103 109 127 139 151 157 181 193 199 223 229 241,13 37 43 61 73 163 211
3828,71,7,178,7,178325,3,9.961217559090e-07,25,9,16,0.64000000,37.6973,7,7 13 19 43 61 67 73 97 103 151 157 163 193 199 211 241,31 37 79 109 127 139 181 223 229
3829,191,7,215,7,312471,3,9.961343602048e-07,25,11,14,0.56000000,37.6973,13,13 19 37 43 67 79 97 157 163 181 193 199 223 241,7 31 61 73 103 109 127 139 151 211 229
3830,204,6,193,7,215779,3,9.964037389818e-07,25,5,20,0.80000000,38.2373,7,7 13 19 31 37 43 61 67 73 79 97 103 109 127 151 157 199 211 223 229,139 163 181 193 241
3831,169,6,217,6,50359,3,9.965413756046e-07,25,11,14,0.56000000,38.6325,37,37 43 61 67 79 97 103 109 127 157 163 193 199 241,7 13 19 31 73 139 151 181 211 223 229
3832,170,7,243,7,378291,3,9.966918007219e-07,25,10,15,0.60000000,37.6973,13,13 31 61 73 79 103 109 127 139 151 157 163 181 223 229,7 19 37 43 67 97 193 199 211 241
3833,131,7,222,7,300875,3,9.969334970359e-07,25,4,21,0.84000000,37.6973,7,7 13 19 37 43 61 73 79 97 103 109 139 151 157 163 181 193 199 223 229,31 67 127 211
3834,223,7,242,7,423642,3,9.970408823988e-07,25,8,17,0.68000000,37.6973,7,7 13 19 61 67 73 97 103 109 151 157 181 193 211 223 229 241,31 37 43 79 127 139 163 199
3835,97,7,226,7,311392,3,9.971964101472e-07,25,8,17,0.68000000,37.6973,13,13 31 37 61 67 73 79 97 109 139 157 163 181 193 199 211 223,7 19 43 103 127 151 229 241
3836,155,7,233,7,340365,3,9.972685353765e-07,25,6,19,0.76000000,37.6973,7,7 13 43 61 67 73 79 103 127 139 151 157 163 181 193 199 223 229 241,19 31 37 97 109 211
3837,95,7,187,7,200550,3,9.977585275013e-07,25,10,15,0.60000000,37.6973,7,7 19 31 37 43 67 79 97 109 139 163 181 193 223 229,13 61 73 103 127 151 157 199 211 241
3838,219,6,187,7,200885,3,9.977616868889e-07,25,9,16,0.64000000,38.2373,13,13 19 31 61 67 73 103 109 127 139 151 157 163 193 223 229,7 37 43 79 97 181 199 211 241
3839,200,6,229,7,321043,3,9.979608527392e-07,25,10,15,0.60000000,38.2373,13,13 37 61 67 73 79 109 127 139 163 181 193 211 223 241,7 19 31 43 97 103 151 157 199 229
3840,179,6,195,7,220728,3,9.982255688768e-07,25,10,15,0.60000000,38.2373,19,19 31 37 43 61 97 151 157 163 181 193 199 211 229 241,7 13 67 73 79 103 109 127 139 223
3841,233,6,219,7,289729,3,9.985720885407e-07,25,10,15,0.60000000,38.2373,7,7 13 19 31 37 61 97 127 139 157 163 181 193 199 223,43 67 73 79 103 109 151 211 229 241
3842,107,7,244,7,372415,3,9.986491947294e-07,25,7,18,0.72000000,37.6973,19,19 31 37 61 73 79 103 109 139 151 157 163 181 193 199 211 229 241,7 13 43 67 97 127 223
3843,153,7,235,7,346336,3,9.986549687734e-07,25,7,18,0.72000000,37.6973,7,7 13 31 37 61 73 79 103 109 127 139 151 157 163 193 199 223 229,19 43 67 97 181 211 241
3844,176,6,189,7,205231,3,9.989181091898e-07,25,7,18,0.72000000,38.2373,19,19 31 37 61 67 73 79 97 109 127 139 151 157 163 193 223 229 241,7 13 43 103 181 199 211
3845,123,7,235,7,342012,3,9.990675688632e-07,25,12,13,0.52000000,37.6973,37,37 43 61 73 79 97 139 157 163 181 211 223 229,7 13 19 31 67 103 109 127 151 193 199 241
3846,247,6,166,7,154675,3,9.992706886877e-07,25,6,19,0.76000000,38.2373,13,13 19 31 67 73 79 97 103 109 139 157 163 181 193 199 211 223 229 241,7 37 43 61 127 151
3847,45,5,29,7,2593,3,9.993448674643e-07,25,13,12,0.48000000,38.2373,61,61 67 103 109 127 139 151 163 181 193 211 223,7 13 19 31 37 43 73 79 97 157 199 229 241
3848,174,6,215,7,277042,3,9.993771900566e-07,25,11,14,0.56000000,38.2373,19,19 37 67 73 103 127 151 163 181 193 211 223 229 241,7 13 31 43 61 79 97 109 139 157 199
3849,111,7,122,7,84804,3,9.997763624002e-07,25,10,15,0.60000000,37.6973,7,7 19 31 43 73 109 127 151 157 163 181 211 223 229 241,13 37 61 67 79 97 103 139 193 199
3850,170,7,179,7,215382,3,9.998637916746e-07,25,8,17,0.68000000,37.6973,13,13 31 61 67 73 79 97 109 127 151 157 163 181 193 199 223 241,7 19 37 43 103 139 211 229
3851,51,7,184,6,34115,3,1.000071466778e-06,25,5,20,0.80000000,38.2373,7,7 13 19 31 37 43 61 73 79 97 103 109 127 139 157 163 181 211 223 241,67 151 193 199 229
3852,67,6,75,7,23775,3,1.000434218534e-06,25,10,15,0.60000000,38.2373,13,13 19 43 61 97 103 109 127 139 163 181 193 223 229 241,7 31 37 67 73 79 151 157 199 211
3853,231,5,122,7,73860,3,1.000437821041e-06,25,11,14,0.56000000,38.2373,7,7 19 43 61 67 79 127 139 151 157 193 199 211 229,13 31 37 73 97 103 109 163 181 223 241
3854,126,7,221,7,297205,3,1.000579750571e-06,25,8,17,0.68000000,37.6973,7,7 13 19 31 37 43 67 73 109 127 151 193 199 211 223 229 241,61 79 97 103 139 157 163 181
3855,161,7,246,7,385575,3,1.001161333653e-06,25,10,15,0.60000000,37.6973,13,13 19 43 67 79 97 103 109 127 139 157 193 199 229 241,7 31 37 61 73 151 163 181 211 223
3856,247,6,185,7,196985,3,1.001470637098e-06,25,10,15,0.60000000,38.2373,7,7 13 19 43 79 97 103 151 157 181 193 199 223 229 241,31 37 61 67 73 109 127 139 163 211
3857,249,7,250,7,493765,3,1.002528101207e-06,25,9,16,0.64000000,37.6973,7,7 19 31 67 97 103 109 127 139 163 181 193 199 211 223 241,13 37 43 61 73 79 151 157 229
3858,187,5,235,6,55250,3,1.003353549948e-06,25,7,18,0.72000000,38.2373,7,7 13 19 31 61 67 79 97 127 139 157 163 193 199 211 223 229 241,37 43 73 103 109 151 181
3859,189,7,209,7,296377,3,1.003615641482e-06,25,12,13,0.52000000,37.6973,13,13 37 43 73 79 97 109 139 151 163 211 223 241,7 19 31 61 67 103 127 157 181 193 199 229
3860,139,7,224,7,308285,3,1.003840574454e-06,25,7,18,0.72000000,37.6973,19,19 31 61 67 73 79 103 109 127 139 151 157 163 181 193 199 211 229,7 13 37 43 97 223 241
3861,134,6,133,7,90529,3,1.004008191164e-06,25,7,18,0.72000000,38.2373,13,13 31 43 73 79 97 103 109 127 139 151 157 163 181 193 199 223 229,7 19 37 61 67 211 241
3862,129,7,200,7,237488,3,1.004138943253e-06,25,7,18,0.72000000,37.6973,13,13 19 31 43 61 67 73 79 97 103 109 139 163 199 211 223 229 241,7 37 127 151 157 181 193
3863,218,3,19,7,967,3,1.004168112725e-06,25,10,15,0.60000000,38.2373,13,13 37 61 67 79 103 127 139 151 157 163 193 199 223 241,7 19 31 43 73 97 109 181 211 229
3864,186,6,187,7,200314,3,1.004243293498e-06,25,7,18,0.72000000,38.2373,13,13 19 37 43 67 73 79 97 103 127 139 151 181 193 199 211 223 229,7 31 61 109 157 163 241
3865,171,7,194,7,244507,3,1.004589912363e-06,25,12,13,0.52000000,37.6973,13,13 19 31 37 97 103 127 157 163 193 211 223 229,7 43 61 67 73 79 109 139 151 181 199 241
3866,147,7,164,7,167199,3,1.004976741805e-06,25,8,17,0.68000000,37.6973,7,7 13 19 67 73 79 103 127 139 151 157 163 181 193 199 223 241,31 37 43 61 97 109 211 229
3867,201,7,202,7,299919,3,1.005130878061e-06,25,12,13,0.52000000,37.6973,7,7 19 43 61 73 79 97 103 127 139 163 193 199,13 31 37 67 109 151 157 181 211 223 229 241
3868,133,7,229,7,323202,3,1.005283784742e-06,25,6,19,0.76000000,37.6973,7,7 31 43 67 73 79 97 103 109 127 139 151 157 163 193 199 211 223 229,13 19 37 61 181 241
3869,77,7,201,7,236755,3,1.006422209468e-06,25,8,17,0.68000000,37.6973,7,7 13 37 43 61 67 73 97 103 109 127 151 157 181 199 211 229,19 31 79 139 163 193 223 241
3870,81,7,167,7,153904,3,1.006698956549e-06,25,11,14,0.56000000,37.6973,7,7 19 37 43 61 67 79 103 151 193 199 211 223 241,13 31 73 97 109 127 139 157 163 181 229
3871,81,6,155,6,24187,3,1.006731093944e-06,25,8,17,0.68000000,38.6325,7,7 13 19 37 67 73 79 97 109 151 157 163 181 199 211 229 241,31 43 61 103 127 139 193 223
3872,133,6,108,7,56138,3,1.007748498217e-06,25,8,17,0.68000000,38.2373,7,7 19 43 61 67 73 79 97 103 127 139 151 163 199 223 229 241,13 31 37 109 157 181 193 211
3873,104,7,217,7,283516,3,1.008364234068e-06,25,6,19,0.76000000,37.6973,13,13 31 37 43 67 73 97 103 127 139 151 157 163 181 199 211 223 229 241,7 19 61 79 109 193
3874,185,6,202,7,239649,3,1.008423059161e-06,25,5,20,0.80000000,38.2373,13,13 31 37 43 61 73 79 97 103 109 139 151 157 163 181 193 199 211 223 229,7 19 67 127 241
3875,121,6,227,6,51920,3,1.008842324786e-06,25,9,16,0.64000000,38.6325,7,7 19 31 37 43 67 79 97 103 109 139 151 157 193 211 229,13 61 73 127 163 181 199 223 241
3876,135,7,193,7,220987,3,1.009368001039e-06,25,6,19,0.76000000,37.6973,13,13 19 31 37 43 61 67 73 79 127 139 157 163 181 193 211 223 229 241,7 97 103 109 151 199
3877,116,7,183,7,192702,3,1.010260202922e-06,25,8,17,0.68000000,37.6973,7,7 31 61 67 79 97 103 109 139 151 157 163 181 199 211 223 229,13 19 37 43 73 127 193 241
3878,79,7,210,7,262220,3,1.010863355166e-06,25,9,16,0.64000000,37.6973,7,7 19 37 67 73 97 109 127 151 157 163 181 211 223 229 241,13 31 43 61 79 103 139 193 199
3879,171,7,205,7,269117,3,1.011001392319e-06,25,8,17,0.68000000,37.6973,7,7 19 43 61 67 73 79 97 103 139 157 163 181 193 199 211 223,13 31 37 109 127 151 229 241
3880,206,5,95,7,41253,3,1.011158183663e-06,25,10,15,0.60000000,38.2373,7,7 13 19 43 61 73 97 109 127 139 151 181 193 199 241,31 37 67 79 103 157 163 211 223 229
3881,84,6,101,7,47558,3,1.011693893110e-06,25,5,20,0.80000000,38.2373,7,7 13 19 31 37 43 61 67 97 103 109 127 139 151 163 181 199 211 223 241,73 79 157 193 229
3882,203,5,236,6,55733,3,1.011789321775e-06,25,9,16,0.64000000,38.2373,13,13 19 31 43 67 73 79 103 127 139 151 163 193 223 229 241,7 37 61 97 109 157 181 199 211
3883,241,6,166,7,7783,4,1.012023511509e-06,53,14,39,0.73584906,73.5585,3,3 5 7 11 17 19 29 31 37 41 43 53 59 61 67 79 89 97 103 109,13 23 47 71 73 83 101 107 113 163 179 191 227 233
3884,213,6,211,7,11696,4,1.012065588809e-06,53,21,32,0.60377358,73.5585,13,13 23 29 31 37 41 43 61 67 71 79 89 97 101 103 109 113 131 137 151,3 5 7 11 17 19 47 53 59 73 83 107 127 139 149 163 167 179 199 211
3885,214,6,185,7,195853,3,1.012082924889e-06,25,7,18,0.72000000,38.2373,7,7 13 19 43 61 67 97 103 109 139 151 163 181 193 199 211 223 229,31 37 73 79 127 157 241
3886,247,5,210,6,44257,3,1.012666754330e-06,25,8,17,0.68000000,38.2373,7,7 31 37 73 79 97 103 109 127 139 151 157 199 211 223 229 241,13 19 43 61 67 163 181 193
3887,53,7,247,6,61114,3,1.012959399736e-06,25,7,18,0.72000000,38.2373,7,7 19 31 37 43 61 67 73 97 127 139 151 157 181 193 199 211 229,13 79 103 109 163 223 241
3888,211,6,243,7,368697,3,1.013231260495e-06,25,9,16,0.64000000,38.2373,13,13 43 61 67 73 103 109 127 157 181 193 199 211 223 229 241,7 19 31 37 79 97 139 151 163
3889,247,5,118,7,68361,3,1.013417790231e-06,25,7,18,0.72000000,38.2373,7,7 19 31 43 73 97 103 109 127 139 151 157 163 181 199 211 223 241,13 37 61 67 79 193 229
3890,193,6,198,7,228829,3,1.013443802784e-06,25,9,16,0.64000000,38.2373,7,7 13 19 31 43 61 73 79 103 127 139 163 181 193 199 229,37 67 97 109 151 157 211 223 241
3891,116,6,211,6,44927,3,1.013755173214e-06,25,8,17,0.68000000,38.6325,7,7 13 19 31 37 61 67 73 79 139 151 157 163 193 199 223 241,43 97 103 109 127 181 211 229
3892,196,7,205,7,297487,3,1.013798415269e-06,25,10,15,0.60000000,37.6973,7,7 13 19 37 67 73 79 103 139 151 163 181 211 223 241,31 43 61 97 109 127 157 193 199 229
3893,131,7,231,7,329458,3,1.013993547386e-06,25,11,14,0.56000000,37.6973,7,7 13 61 67 79 97 103 127 151 193 199 223 229 241,19 31 37 43 73 109 139 157 163 181 211
3894,53,6,161,6,25932,3,1.014509405950e-06,25,12,13,0.52000000,38.6325,19,19 31 37 67 79 97 139 181 199 211 223 229 241,7 13 43 61 73 103 109 127 151 157 163 193
3895,160,5,247,5,1006,4,1.014715765005e-06,53,18,35,0.66037736,71.8756,3,3 5 7 13 17 19 23 31 41 59 61 71 73 89 97 101 107 109 113 127,11 29 37 43 47 53 67 79 83 103 149 163 173 179 181 193 239 251
3896,113,7,193,7,216941,3,1.014803528751e-06,25,8,17,0.68000000,37.6973,7,7 13 37 61 67 97 103 109 127 139 151 157 181 193 211 229 241,19 31 43 73 79 163 199 223
3897,203,5,101,7,47557,3,1.015025304715e-06,25,8,17,0.68000000,38.2373,7,7 19 31 37 61 79 103 109 127 139 151 157 163 181 193 211 229,13 43 67 73 97 199 223 241
3898,109,7,240,7,358428,3,1.015431716476e-06,25,8,17,0.68000000,37.6973,13,13 19 31 37 61 67 97 103 109 127 139 151 193 199 211 223 229,7 43 73 79 157 163 181 241
3899,114,6,119,7,69804,3,1.015586035082e-06,25,6,19,0.76000000,38.2373,19,19 31 37 43 61 73 79 109 127 151 157 163 181 193 199 211 223 229 241,7 13 67 97 103 139
3900,124,7,229,7,322289,3,1.016128477423e-06,25,9,16,0.64000000,37.6973,7,7 13 19 31 61 73 79 97 103 139 193 199 211 223 229 241,37 43 67 109 127 151 157 163 181
3901,233,6,207,7,254300,3,1.016530740306e-06,25,11,14,0.56000000,38.2373,7,7 37 61 67 73 103 109 127 151 157 181 193 199 229,13 19 31 43 79 97 139 163 211 223 241
3902,136,7,189,7,211606,3,1.016803261390e-06,25,6,19,0.76000000,37.6973,7,7 31 37 61 67 73 79 97 103 109 127 139 151 163 181 193 199 229 241,13 19 43 157 211 223
3903,225,6,127,7,87181,3,1.017934617315e-06,25,8,17,0.68000000,38.2373,7,7 13 19 31 43 61 67 73 109 139 151 181 193 199 223 229 241,37 79 97 103 127 157 163 211
3904,175,5,143,6,20579,3,1.018195577747e-06,25,10,15,0.60000000,38.2373,13,13 19 37 43 61 103 109 151 163 181 193 199 211 223 241,7 31 67 73 79 97 127 139 157 229
3905,52,5,199,4,1249,3,1.018249845110e-06,25,8,17,0.68000000,38.2373,7,7 13 19 37 43 61 67 73 79 97 139 157 163 181 193 223 241,31 103 109 127 151 199 211 229
3906,43,7,90,7,36368,3,1.018328245729e-06,25,9,16,0.64000000,37.6973,13,13 31 73 79 97 109 127 157 163 181 193 199 211 223 229 241,7 19 37 43 61 67 103 139 151
3907,139,6,127,7,81437,3,1.018983593149e-06,25,8,17,0.68000000,38.2373,7,7 13 19 37 43 61 67 79 109 139 151 163 181 193 199 211 223,31 73 97 103 127 157 229 241
3908,157,7,238,7,357280,3,1.019084840832e-06,25,11,14,0.56000000,37.6973,7,7 37 43 67 97 139 151 157 181 193 199 211 229 241,13 19 31 61 73 79 103 109 127 163 223
3909,195,7,241,7,386955,3,1.019149470886e-06,25,8,17,0.68000000,37.6973,7,7 13 31 37 43 61 67 73 97 103 127 163 181 193 211 229 241,19 79 109 139 151 157 199 223
3910,60,6,73,7,22303,3,1.019192893321e-06,25,8,17,0.68000000,38.2373,7,7 13 19 37 61 67 97 127 151 157 163 193 199 211 223 229 241,31 43 73 79 103 109 139 181
3911,177,5,235,6,55244,3,1.019260857869e-06,25,6,19,0.76000000,38.2373,7,7 13 19 31 37 43 67 73 79 97 109 127 139 157 163 181 193 223 229,61 103 151 199 211 241
3912,223,6,207,7,254109,3,1.019428590423e-06,25,6,19,0.76000000,38.2373,7,7 13 31 37 43 61 67 73 79 97 103 127 151 157 181 193 211 229 241,19 109 139 163 199 223
3913,68,7,163,7,145241,3,1.019696539026e-06,25,8,17,0.68000000,37.6973,13,13 19 37 67 73 97 103 109 127 139 157 163 193 199 211 223 229,7 31 43 61 79 151 181 241
3914,219,7,230,7,387552,3,1.019813114515e-06,25,8,17,0.68000000,37.6973,13,13 19 31 37 43 61 67 73 79 97 103 109 139 157 163 199 223,7 127 151 181 193 211 229 241
3915,242,5,213,6,45503,3,1.019870565759e-06,25,7,18,0.72000000,38.2373,7,7 13 19 31 37 73 79 97 103 109 127 139 151 157 181 199 223 229,43 61 67 163 193 211 241
3916,229,6,181,7,186707,3,1.020376093282e-06,25,7,18,0.72000000,38.2373,13,13 19 31 37 43 73 79 103 109 127 139 151 163 193 199 223 229 241,7 61 67 97 157 181 211
3917,233,6,201,7,237608,3,1.020928646669e-06,25,12,13,0.52000000,38.2373,37,37 43 73 79 103 109 127 157 163 199 211 229 241,7 13 19 31 61 67 97 139 151 181 193 223
3918,177,5,232,6,53844,3,1.020931353775e-06,25,7,18,0.72000000,38.2373,7,7 13 19 31 37 61 67 73 97 109 127 139 163 181 193 211 223 229,43 79 103 151 157 199 241
3919,200,6,207,7,253804,3,1.021823253812e-06,25,9,16,0.64000000,38.2373,7,7 13 19 31 43 67 73 79 103 109 127 139 151 163 199 223,37 61 97 157 181 193 211 229 241
3920,226,7,231,7,402508,3,1.022552186210e-06,25,12,13,0.52000000,37.6973,7,7 37 67 79 97 103 127 151 157 163 199 211 241,13 19 31 43 61 73 109 139 181 193 223 229
3921,173,6,137,7,97702,3,1.022646666305e-06,25,11,14,0.56000000,38.2373,7,7 13 19 31 61 67 97 127 139 151 163 181 211 241,37 43 73 79 103 109 157 193 199 223 229
3922,89,5,28,7,2672,3,1.022856438285e-06,25,9,16,0.64000000,38.2373,7,7 31 73 97 103 139 151 157 163 181 193 199 211 223 229 241,13 19 37 43 61 67 79 109 127
3923,63,7,122,7,74060,3,1.023523926802e-06,25,4,21,0.84000000,37.6973,7,7 13 19 31 43 61 73 97 103 109 127 139 151 157 163 181 193 199 211 229,37 67 79 223
3924,83,6,102,7,48657,3,1.023572691666e-06,25,11,14,0.56000000,38.2373,7,7 31 67 79 97 139 151 157 163 181 193 211 223 241,13 19 37 43 61 73 103 109 127 199 229
3925,199,5,233,5,9996,3,1.023772035097e-06,25,7,18,0.72000000,37.5296,7,7 13 19 31 37 61 67 73 97 103 109 139 157 181 193 199 211 223,43 79 127 151 163 229 241
3926,248,6,219,7,290017,3,1.023838233958e-06,25,9,16,0.64000000,38.2373,7,7 13 19 37 43 67 79 109 127 139 157 163 181 193 199 211,31 61 73 97 103 151 223 229 241
3927,207,6,242,7,365149,3,1.023870197454e-06,25,5,20,0.80000000,38.2373,7,7 13 19 37 43 61 67 79 97 103 109 139 151 157 163 181 193 199 223 229,31 73 127 211 241
3928,244,5,55,7,13365,3,1.023949487787e-06,25,10,15,0.60000000,38.2373,7,7 13 19 43 61 67 79 103 109 139 151 181 193 229 241,31 37 73 97 127 157 163 199 211 223
3929,135,6,172,7,164600,3,1.023981911056e-06,25,8,17,0.68000000,38.2373,7,7 13 37 61 67 79 97 103 109 127 151 157 181 211 223 229 241,19 31 43 73 139 163 193 199
3930,116,7,239,7,355231,3,1.024263574863e-06,25,7,18,0.72000000,37.6973,7,7 13 19 31 37 43 67 73 103 109 157 181 193 199 211 223 229 241,61 79 97 127 139 151 163
3931,169,7,235,7,351739,3,1.024556040137e-06,25,9,16,0.64000000,37.6973,7,7 31 37 73 79 97 103 127 139 151 157 181 193 199 229 241,13 19 43 61 67 109 163 211 223
3932,181,7,211,7,292340,3,1.024841807059e-06,25,5,20,0.80000000,37.6973,13,13 19 31 37 61 73 79 97 103 127 139 151 157 163 193 199 211 223 229 241,7 43 67 109 181
3933,221,7,237,7,407659,3,1.025357562556e-06,25,6,19,0.76000000,37.6973,7,7 13 19 31 37 43 61 67 73 79 103 109 127 151 157 163 193 211 223,97 139 181 199 229 241
3934,133,6,150,7,119678,3,1.025595027025e-06,25,6,19,0.76000000,38.2373,7,7 13 19 31 37 43 61 79 97 109 127 139 151 163 181 193 199 223 241,67 73 103 157 211 229
3935,132,6,167,7,153656,3,1.025642370425e-06,25,15,10,0.40000000,38.2373,19,19 37 61 109 127 157 193 199 211 241,7 13 31 43 67 73 79 97 103 139 151 163 181 223 229
3936,94,6,151,6,23235,3,1.025734969284e-06,25,8,17,0.68000000,38.6325,7,7 19 31 37 43 61 67 79 97 109 157 181 193 211 223 229 241,13 73 103 127 139 151 163 199
3937,191,6,136,7,96873,3,1.025793247837e-06,25,11,14,0.56000000,38.2373,7,7 19 31 43 67 73 79 103 109 127 151 157 163 229,13 37 61 97 139 181 193 199 211 223 241
3938,185,6,232,7,330851,3,1.027149333477e-06,25,9,16,0.64000000,38.2373,7,7 13 19 31 43 61 67 73 109 127 151 163 199 223 229 241,37 79 97 103 139 157 181 193 211
3939,158,6,117,7,68090,3,1.027516761196e-06,25,11,14,0.56000000,38.2373,19,19 31 37 61 67 73 97 103 139 151 181 199 211 241,7 13 43 79 109 127 157 163 193 223 229
3940,194,7,201,7,286826,3,1.027662046589e-06,25,7,18,0.72000000,37.6973,7,7 13 19 31 37 43 61 67 97 109 139 151 163 181 193 223 229 241,73 79 103 127 157 199 211
3941,97,7,215,7,277272,3,1.027949078429e-06,25,8,17,0.68000000,37.6973,7,7 19 31 37 61 97 127 139 151 157 163 181 199 211 223 229 241,13 43 67 73 79 103 109 193
3942,101,6,140,7,101807,3,1.028383540021e-06,25,11,14,0.56000000,38.2373,13,13 37 43 67 97 103 109 139 151 157 211 223 229 241,7 19 31 61 73 79 127 163 181 193 199
3943,217,7,242,7,414598,3,1.028831082940e-06,25,9,16,0.64000000,37.6973,7,7 31 37 67 73 103 109 127 139 151 181 193 211 223 229 241,13 19 43 61 79 97 157 163 199
3944,193,7,235,7,367306,3,1.028931267425e-06,25,8,17,0.68000000,37.6973,13,13 19 31 37 43 61 67 97 103 139 151 163 181 199 211 229 241,7 73 79 109 127 157 193 223
3945,89,7,199,7,231477,3,1.029038594572e-06,25,8,17,0.68000000,37.6973,13,13 19 31 37 43 67 73 79 127 139 151 163 181 199 211 229 241,7 61 97 103 109 157 193 223
3946,119,7,242,7,365796,3,1.029164499322e-06,25,7,18,0.72000000,37.6973,7,7 13 31 43 67 73 79 97 127 139 151 157 163 181 193 199 229 241,19 37 61 103 109 211 223
3947,227,6,149,7,120902,3,1.029389188783e-06,25,5,20,0.80000000,38.2373,7,7 13 37 43 61 67 73 79 97 109 127 139 151 157 163 181 193 199 211 229,19 31 103 223 241
3948,146,6,191,7,210166,3,1.029442940600e-06,25,10,15,0.60000000,38.2373,7,7 13 31 37 43 61 67 73 97 139 157 181 193 229 241,19 79 103 109 127 151 163 199 211 223
3949,104,6,131,7,87212,3,1.029644728690e-06,25,9,16,0.64000000,38.2373,19,19 43 61 79 97 103 109 127 139 151 157 163 193 211 223 241,7 13 31 37 67 73 181 199 229
3950,196,7,233,7,364414,3,1.029933826439e-06,25,5,20,0.80000000,37.6973,7,7 19 31 37 43 67 79 97 103 109 127 151 157 163 181 193 199 211 223 229,13 61 73 139 241
3951,61,5,77,6,5937,3,1.030085021872e-06,25,12,13,0.52000000,38.2373,7,7 13 37 43 67 73 97 109 127 181 193 199 229,19 31 61 79 103 139 151 157 163 211 223 241
3952,133,7,237,7,349619,3,1.031878401451e-06,25,6,19,0.76000000,37.6973,13,13 19 31 61 67 73 79 103 109 127 139 151 157 163 193 199 211 223 241,7 37 43 97 181 229
3953,122,6,177,6,32411,3,1.032131702723e-06,25,7,18,0.72000000,38.6325,7,7 13 31 43 67 73 97 103 109 127 157 163 193 199 211 223 229 241,19 37 61 79 139 151 181
3954,174,7,215,7,296495,3,1.032189932615e-06,25,13,12,0.48000000,37.6973,7,7 31 79 109 127 157 163 181 199 211 223 241,13 19 37 43 61 67 73 97 103 139 151 193 229
3955,221,6,248,7,386675,3,1.032227043196e-06,25,9,16,0.64000000,38.2373,7,7 19 43 67 73 97 103 109 127 157 163 193 199 211 223 241,13 31 37 61 79 139 151 181 229
3956,159,6,178,7,178399,3,1.032279039262e-06,25,8,17,0.68000000,38.2373,7,7 13 37 61 73 97 103 109 127 151 157 181 199 211 223 229 241,19 31 43 67 79 139 163 193
3957,109,6,214,6,46061,3,1.032545359182e-06,25,6,19,0.76000000,38.6325,7,7 13 19 43 61 67 73 79 97 103 127 139 151 157 163 181 193 199 241,31 37 109 211 223 229
3958,217,6,136,7,98818,3,1.032661212193e-06,25,8,17,0.68000000,38.2373,7,7 19 31 37 43 61 73 97 103 127 139 151 199 211 223 229 241,13 67 79 109 157 163 181 193
3959,161,7,174,7,9347,4,1.032901159780e-06,53,22,31,0.58490566,72.1671,3,3 7 11 17 31 37 53 61 73 83 97 107 109 131 137 139 149 163 173 179,5 13 19 23 29 41 43 47 59 67 71 79 89 101 103 113 127 151 157 167
3960,75,5,242,4,276,4,1.033124972069e-06,53,26,27,0.50943396,73.5585,13,13 17 23 29 37 41 53 61 67 79 89 97 101 107 113 131 137 157 179 181,3 5 7 11 19 31 43 47 59 71 73 83 103 109 127 139 149 151 163 167
3961,249,6,202,7,240794,3,1.033163105936e-06,25,7,18,0.72000000,38.2373,31,31 37 61 67 73 79 97 103 127 139 157 163 181 193 199 223 229 241,7 13 19 43 109 151 211
3962,167,6,142,7,105847,3,1.033329122884e-06,25,6,19,0.76000000,38.2373,7,7 13 19 31 37 43 61 67 73 79 103 109 127 151 157 163 181 223 229,97 139 193 199 211 241
3963,199,6,214,7,274201,3,1.033473397562e-06,25,8,17,0.68000000,38.2373,7,7 37 43 61 79 97 109 139 151 157 163 181 193 199 223 229 241,13 19 31 67 73 103 127 211
3964,230,6,223,7,12886,4,1.034387771782e-06,53,20,33,0.62264151,73.5585,3,3 5 11 13 19 31 41 47 53 71 73 79 83 89 97 107 109 113 131 137,7 17 23 29 37 43 59 61 67 101 103 127 173 191 197 199 211 223 229 233
3965,173,6,191,7,210295,3,1.034397626504e-06,25,7,18,0.72000000,38.2373,7,7 13 31 37 43 73 79 97 109 139 163 181 193 199 211 223 229 241,19 61 67 103 127 151 157
3966,173,7,222,7,314855,3,1.034609162689e-06,25,11,14,0.56000000,37.6973,7,7 19 31 37 61 67 103 109 127 157 163 199 211 241,13 43 73 79 97 139 151 181 193 223 229
3967,182,7,219,7,313377,3,1.034685081300e-06,25,7,18,0.72000000,37.6973,7,7 13 31 43 61 67 73 79 97 109 151 157 181 193 199 211 223 229,19 37 103 127 139 163 241
3968,237,6,184,7,194144,3,1.034817357994e-06,25,12,13,0.52000000,38.2373,7,7 19 61 79 97 103 109 139 151 157 181 199 211,13 31 37 43 67 73 127 163 193 223 229 241
3969,203,6,183,7,190774,3,1.034936285004e-06,25,10,15,0.60000000,38.2373,19,19 31 67 73 97 103 109 139 151 157 163 181 211 223 241,7 13 37 43 61 79 127 193 199 229
3970,113,7,170,7,163099,3,1.035205187164e-06,25,12,13,0.52000000,37.6973,7,7 13 19 31 37 67 73 139 157 193 211 229 241,43 61 79 97 103 109 127 151 163 181 199 223
3971,149,7,176,7,190023,3,1.035722911137e-06,25,7,18,0.72000000,37.6973,7,7 19 31 37 43 61 73 79 97 109 127 139 163 181 199 211 229 241,13 67 103 151 157 193 223
3972,166,6,185,7,195198,3,1.036263114001e-06,25,12,13,0.52000000,38.2373,7,7 13 19 31 43 67 73 79 97 109 193 211 223,37 61 103 127 139 151 157 163 181 199 229 241
3973,243,6,134,7,99385,3,1.036318358314e-06,25,11,14,0.56000000,38.2373,7,7 31 37 43 61 103 109 127 139 151 181 211 223 229,13 19 67 73 79 97 157 163 193 199 241
3974,233,6,215,7,277615,3,1.036496768929e-06,25,8,17,0.68000000,38.2373,13,13 19 31 37 67 79 97 103 109 139 151 163 181 193 199 211 241,7 43 61 73 127 157 223 229
3975,227,6,119,7,78011,3,1.036691087811e-06,25,5,20,0.80000000,38.2373,13,13 19 31 37 43 67 73 79 97 109 127 139 157 181 193 199 211 223 229 241,7 61 103 151 163
3976,193,6,237,7,14320,4,1.036834944904e-06,53,27,26,0.49056604,73.5585,5,5 11 13 17 29 31 61 73 89 97 101 109 113 131 157 167 173 179 181 191,3 7 19 23 37 41 43 47 53 59 67 71 79 83 103 107 127 137 139 149
3977,225,7,238,7,416878,3,1.037004074033e-06,25,10,15,0.60000000,37.6973,19,19 31 37 43 73 127 151 157 163 193 199 211 223 229 241,7 13 61 67 79 97 103 109 139 181
3978,223,5,166,6,27796,3,1.037516752608e-06,25,10,15,0.60000000,38.2373,13,13 19 37 43 67 73 79 97 103 139 151 163 181 211 229,7 31 61 109 127 157 193 199 223 241
3979,59,7,197,6,2794,4,1.037540012255e-06,53,26,27,0.50943396,73.5585,5,5 11 13 17 19 23 41 43 53 71 73 89 103 109 113 137 139 149 163 167,3 7 29 31 37 47 59 61 67 79 83 97 101 107 127 131 151 157 173 179
3980,164,7,221,7,307016,3,1.037838840416e-06,25,11,14,0.56000000,37.6973,19,19 31 43 67 73 79 103 109 127 157 193 223 229 241,7 13 37 61 97 139 151 163 181 199 211
3981,97,6,209,6,3029,4,1.038043369493e-06,53,23,30,0.56603774,72.9271,3,3 29 31 43 53 59 61 67 73 79 83 97 101 103 107 109 113 131 137 151,5 7 11 13 17 19 23 37 41 47 71 89 127 139 149 193 197 199 211 223
3982,157,7,216,7,289600,3,1.038284631318e-06,25,6,19,0.76000000,37.6973,7,7 13 19 31 37 61 67 79 97 103 109 151 163 181 193 211 223 229 241,43 73 127 139 157 199
3983,167,7,213,7,286488,3,1.038325112663e-06,25,4,21,0.84000000,37.6973,7,7 13 43 61 67 73 79 97 103 109 127 139 151 157 163 181 193 199 211 229,19 31 37 223
3984,193,7,237,7,373188,3,1.038337306536e-06,25,10,15,0.60000000,37.6973,7,7 19 61 67 73 79 97 103 139 151 163 181 193 211 223,13 31 37 43 109 127 157 199 229 241
3985,161,5,96,7,42219,3,1.038654144673e-06,25,7,18,0.72000000,38.2373,7,7 19 31 43 79 97 103 109 127 139 151 157 163 181 211 223 229 241,13 37 61 67 73 193 199
3986,215,5,173,6,30099,3,1.039447143850e-06,25,12,13,0.52000000,38.2373,7,7 61 67 97 109 151 157 163 181 193 199 229 241,13 19 31 37 43 73 79 103 127 139 211 223
3987,53,7,94,7,40417,3,1.039533057048e-06,25,12,13,0.52000000,37.6973,13,13 31 37 43 61 73 109 127 151 163 211 223 241,7 19 67 79 97 103 139 157 181 193 199 229
3988,209,6,240,7,358170,3,1.040206576698e-06,25,13,12,0.48000000,38.2373,7,7 31 37 43 73 79 103 127 163 181 229 241,13 19 61 67 97 109 139 151 157 193 199 211 223
3989,167,7,227,7,326110,3,1.040405960911e-06,25,7,18,0.72000000,37.6973,7,7 13 31 37 61 67 79 97 103 127 139 157 163 181 193 199 211 223,19 43 73 109 151 229 241
3990,167,7,189,7,230441,3,1.040539216066e-06,25,10,15,0.60000000,37.6973,31,31 37 67 79 103 139 151 163 181 193 199 211 223 229 241,7 13 19 43 61 73 97 109 127 157
3991,209,6,249,7,390243,3,1.040542258832e-06,25,8,17,0.68000000,38.2373,7,7 19 31 61 73 79 97 103 127 139 151 157 163 199 211 223 241,13 37 43 67 109 181 193 229
3992,243,6,242,7,14864,4,1.041016837172e-06,53,17,36,0.67924528,73.5585,3,3 5 7 13 17 19 23 29 31 37 41 53 59 67 71 73 83 89 97 101,11 43 47 61 79 103 107 109 131 139 163 173 179 191 227 229 233
3993,219,7,220,7,366190,3,1.041118673605e-06,25,6,19,0.76000000,37.6973,7,7 31 37 43 67 79 97 103 109 139 151 157 163 181 193 199 211 223 229,13 19 61 73 127 241
3994,161,6,188,7,202615,3,1.041487718943e-06,25,11,14,0.56000000,38.2373,13,13 19 31 37 43 61 73 97 103 109 127 139 199 211,7 67 79 151 157 163 181 193 223 229 241
3995,132,7,191,7,215239,3,1.042353688127e-06,25,6,19,0.76000000,37.6973,13,13 31 37 43 61 73 79 103 109 127 157 163 181 193 199 211 223 229 241,7 19 67 97 139 151
3996,213,6,187,7,200745,3,1.042413969204e-06,25,7,18,0.72000000,38.2373,13,13 19 31 43 61 73 79 97 103 139 151 157 163 193 199 211 223 241,7 37 67 109 127 181 229
3997,90,5,167,5,5140,3,1.042786416146e-06,25,7,18,0.72000000,37.5296,7,7 13 37 43 61 67 73 79 97 103 109 139 151 157 163 181 193 223,19 31 127 199 211 229 241
3998,30,7,203,5,7157,3,1.042960937463e-06,25,11,14,0.56000000,38.2373,7,7 19 31 37 79 103 109 139 151 181 199 223 229 241,13 43 61 67 73 97 127 157 163 193 211
3999,231,6,194,7,218935,3,1.043226497171e-06,25,9,16,0.64000000,38.2373,7,7 19 31 43 61 73 79 109 127 151 181 193 199 211 223 241,13 37 67 97 103 139 157 163 229
4000,166,7,221,7,308012,3,1.043344251711e-06,25,11,14,0.56000000,37.6973,7,7 13 19 37 61 67 79 97 127 151 193 199 223 241,31 43 73 103 109 139 157 163 181 211 229
4001,201,5,155,6,24213,3,1.043650293568e-06,25,5,20,0.80000000,38.2373,7,7 13 19 37 43 61 73 79 97 109 127 139 157 163 181 193 199 211 229 241,31 67 103 151 223
4002,131,6,105,7,52628,3,1.043928087163e-06,25,8,17,0.68000000,38.2373,13,13 19 31 37 43 61 67 73 79 97 103 157 163 199 223 229 241,7 109 127 139 151 181 193 211
4003,149,6,156,7,131218,3,1.043990914368e-06,25,9,16,0.64000000,38.2373,7,7 19 37 43 61 67 97 127 139 157 163 181 211 223 229 241,13 31 73 79 103 109 151 193 199
4004,178,6,177,7,176244,3,1.044552890437e-06,25,5,20,0.80000000,38.2373,7,7 13 19 37 43 61 67 73 97 103 109 139 151 157 163 181 193 199 211 241,31 79 127 223 229
4005,164,6,183,7,190310,3,1.044965471065e-06,25,9,16,0.64000000,38.2373,7,7 19 31 37 43 73 79 97 139 151 163 181 199 211 223 229,13 61 67 103 109 127 157 193 241
4006,107,5,147,6,21619,3,1.045808524112e-06,25,10,15,0.60000000,38.2373,7,7 13 19 31 37 73 97 109 139 151 157 181 199 229 241,43 61 67 79 103 127 163 193 211 223
4007,141,7,199,7,237914,3,1.045878539473e-06,25,6,19,0.76000000,37.6973,7,7 13 31 43 61 73 79 97 103 127 151 157 163 181 193 199 211 223 241,19 37 67 109 139 229
4008,205,7,209,7,319564,3,1.045906425074e-06,25,7,18,0.72000000,37.6973,13,13 19 31 43 61 67 79 109 127 139 157 163 181 193 199 223 229 241,7 37 73 97 103 151 211
4009,137,7,211,7,269279,3,1.046186251130e-06,25,11,14,0.56000000,37.6973,7,7 13 37 61 79 97 109 127 151 157 163 199 211 223,19 31 43 67 73 103 139 181 193 229 241
4010,41,7,72,7,21705,3,1.046362884914e-06,25,9,16,0.64000000,37.6973,13,13 19 31 37 61 73 97 103 109 127 139 151 181 193 223 241,7 43 67 79 157 163 199 211 229
4011,205,6,236,7,344396,3,1.046754469388e-06,25,10,15,0.60000000,38.2373,31,31 37 43 61 67 79 109 127 151 157 181 193 199 223 241,7 13 19 73 97 103 139 163 211 229
4012,109,6,230,6,53099,3,1.047215122182e-06,25,11,14,0.56000000,38.6325,7,7 19 43 61 67 73 79 139 151 157 181 199 223 229,13 31 37 97 103 109 127 163 193 211 241
4013,197,6,233,7,334239,3,1.047439740039e-06,25,6,19,0.76000000,38.2373,7,7 13 19 31 37 43 61 73 103 127 139 151 157 181 193 199 211 223 241,67 79 97 109 163 229
4014,105,4,94,5,1954,3,1.047503069386e-06,25,11,14,0.56000000,38.2373,7,7 13 19 37 43 73 127 151 157 193 211 223 229 241,31 61 67 79 97 103 109 139 163 181 199
4015,161,7,225,7,317470,3,1.047562516171e-06,25,12,13,0.52000000,37.6973,19,19 43 79 97 103 127 151 157 163 199 223 229 241,7 13 31 37 61 67 73 109 139 181 193 211
4016,166,6,225,6,53212,3,1.047568693483e-06,25,7,18,0.72000000,38.6325,7,7 13 19 31 43 61 73 79 97 103 109 139 157 163 181 193 223 241,37 67 127 151 199 211 229
4017,100,7,109,7,65639,3,1.048182597987e-06,25,8,17,0.68000000,37.6973,13,13 31 37 67 73 79 97 109 127 139 163 181 193 199 211 229 241,7 19 43 61 103 151 157 223
4018,137,6,174,7,169101,3,1.049484634858e-06,25,11,14,0.56000000,38.2373,13,13 19 43 61 73 97 109 127 139 151 157 193 199 229,7 31 37 67 79 103 163 181 211 223 241
4019,211,6,235,7,341047,3,1.050087635950e-06,25,7,18,0.72000000,38.2373,7,7 13 19 31 37 43 61 67 109 127 139 157 163 181 199 211 229 241,73 79 97 103 151 193 223
4020,187,7,232,7,353494,3,1.050377091938e-06,25,4,21,0.84000000,37.6973,13,13 19 31 43 61 73 79 97 103 109 127 139 151 157 163 181 193 211 223 229,7 37 67 199
4021,221,6,134,7,96272,3,1.050405203846e-06,25,4,21,0.84000000,38.2373,7,7 13 19 31 37 43 73 97 103 109 127 139 151 157 163 193 199 211 223 229,61 67 79 181
4022,161,4,80,6,716,4,1.050525146322e-06,53,26,27,0.50943396,73.4715,3,3 11 29 41 43 53 59 71 79 89 101 107 113 131 137 151 163 167 179 191,5 7 13 17 19 23 31 37 47 61 67 73 83 97 103 109 127 139 149 157
4023,106,7,245,7,375951,3,1.050951450326e-06,25,10,15,0.60000000,37.6973,19,19 31 37 61 67 79 109 127 139 157 181 193 211 223 229,7 13 43 73 97 103 151 163 199 241
4024,37,7,84,7,30935,3,1.051124863861e-06,25,10,15,0.60000000,37.6973,7,7 13 43 61 73 103 109 127 139 163 181 199 223 229 241,19 31 37 67 79 97 151 157 193 211
4025,132,7,241,7,363216,3,1.051214833992e-06,25,7,18,0.72000000,37.6973,7,7 13 19 31 37 61 67 73 97 127 139 151 181 193 199 211 223 241,43 79 103 109 157 163 229
4026,146,6,147,7,114292,3,1.051348066178e-06,25,12,13,0.52000000,38.2373,19,19 31 97 103 109 127 139 151 157 163 193 223 241,7 13 37 43 61 67 73 79 181 199 211 229
4027,59,7,152,7,123356,3,1.051622191285e-06,25,10,15,0.60000000,37.6973,13,13 19 31 37 43 61 79 103 109 127 139 181 223 229 241,7 67 73 97 151 157 163 193 199 211
4028,113,7,132,7,97733,3,1.051769651460e-06,25,7,18,0.72000000,37.6973,13,13 19 31 37 43 61 67 103 127 139 151 157 163 181 199 211 223 229,7 73 79 97 109 193 241
4029,31,4,51,5,702,3,1.052180011766e-06,25,7,18,0.72000000,38.2373,19,19 31 37 43 61 67 73 79 103 109 139 151 157 181 193 223 229 241,7 13 97 127 163 199 211
4030,143,7,207,7,259664,3,1.052278737964e-06,25,7,18,0.72000000,37.6973,31,31 37 43 61 67 73 79 97 103 109 127 151 181 199 211 223 229 241,7 13 19 139 157 163 193
4031,239,6,215,7,277729,3,1.052517719431e-06,25,13,12,0.48000000,38.2373,19,19 37 67 79 103 109 139 151 157 163 211 229,7 13 31 43 61 73 97 127 181 193 199 223 241
4032,116,7,213,7,272225,3,1.052783197900e-06,25,7,18,0.72000000,37.6973,13,13 31 37 67 73 79 97 103 127 139 151 157 163 181 199 211 223 241,7 19 43 61 109 193 229
4033,167,6,190,7,207703,3,1.053591553801e-06,25,9,16,0.64000000,38.2373,7,7 13 31 43 61 67 79 97 103 109 139 157 163 181 223 229,19 37 73 127 151 193 199 211 241
4034,85,7,198,7,228704,3,1.053609142185e-06,25,10,15,0.60000000,37.6973,7,7 13 31 43 61 73 97 103 139 151 157 163 193 211 241,19 37 67 79 109 127 181 199 223 229
4035,213,6,116,7,72177,3,1.053660346259e-06,25,8,17,0.68000000,38.2373,7,7 13 19 37 43 67 73 127 139 151 157 163 181 199 211 223 229,31 61 79 97 103 109 193 241
4036,46,7,109,6,12832,3,1.053665546227e-06,25,10,15,0.60000000,38.2373,7,7 19 61 73 79 103 127 139 151 157 193 211 223 229 241,13 31 37 43 67 97 109 163 181 199
4037,136,6,111,7,59809,3,1.053708331613e-06,25,9,16,0.64000000,38.2373,19,19 31 43 61 67 73 97 127 157 163 181 193 199 211 229 241,7 13 37 79 103 109 139 151 223
4038,123,6,122,7,74031,3,1.053969183303e-06,25,6,19,0.76000000,38.2373,7,7 13 31 37 43 67 73 97 109 127 139 151 157 193 199 211 223 229 241,19 61 79 103 163 181
4039,179,7,250,7,16084,4,1.054311052331e-06,53,20,33,0.62264151,72.1671,5,5 17 19 37 43 47 53 59 61 73 79 83 103 107 113 127 131 137 139 149,3 7 11 13 23 29 31 41 67 71 89 97 101 109 163 181 199 229 233 239
4040,169,7,177,7,210896,3,1.054322541951e-06,25,8,17,0.68000000,37.6973,7,7 19 31 37 61 67 97 109 139 151 157 163 199 211 223 229 241,13 43 73 79 103 127 181 193
4041,39,7,47,7,8635,3,1.055002504439e-06,25,10,15,0.60000000,37.6973,7,7 19 31 79 97 109 127 139 151 157 163 181 211 229 241,13 37 43 61 67 73 103 193 199 223
4042,139,5,84,7,30920,3,1.055025364680e-06,25,11,14,0.56000000,38.2373,13,13 19 31 37 43 67 73 97 103 163 181 211 229 241,7 61 79 109 127 139 151 157 193 199 223
4043,246,4,181,5,667,4,1.055120425940e-06,53,23,30,0.56603774,73.5585,5,5 17 23 31 41 43 47 53 59 61 67 71 79 83 97 101 109 113 127 137,3 7 11 13 19 29 37 73 89 103 107 131 151 167 173 179 181 191 193 211
4044,87,7,136,7,96487,3,1.055281021652e-06,25,10,15,0.60000000,37.6973,13,13 19 31 61 67 79 97 103 139 151 157 181 199 211 241,7 37 43 73 109 127 163 193 223 229
4045,166,7,213,7,285881,3,1.055593499858e-06,25,9,16,0.64000000,37.6973,19,19 31 37 43 73 79 127 139 151 157 163 181 193 199 229 241,7 13 61 67 97 103 109 211 223
4046,250,5,97,7,43405,3,1.055618962482e-06,25,6,19,0.76000000,38.2373,7,7 13 19 31 37 61 67 73 79 97 103 109 127 151 157 181 193 223 241,43 139 163 199 211 229
4047,187,6,189,7,205334,3,1.055702226991e-06,25,14,11,0.44000000,38.2373,19,19 31 37 61 67 79 103 151 157 181 229,7 13 43 73 97 109 127 139 163 193 199 211 223 241
4048,225,6,188,7,203523,3,1.055762174421e-06,25,9,16,0.64000000,38.2373,31,31 37 43 61 67 73 79 97 103 109 139 181 199 211 229 241,7 13 19 127 151 157 163 193 223
4049,164,7,185,7,219720,3,1.056077686035e-06,25,10,15,0.60000000,37.6973,19,19 31 37 43 61 67 73 79 109 127 151 157 193 229 241,7 13 97 103 139 163 181 199 211 223
4050,247,6,227,7,315100,3,1.056658768683e-06,25,9,16,0.64000000,38.2373,7,7 13 31 37 67 73 79 97 103 109 139 157 193 223 229 241,19 43 61 127 151 163 181 199 211
4051,162,6,149,7,118131,3,1.057012708948e-06,25,7,18,0.72000000,38.2373,7,7 13 19 43 61 67 73 79 103 127 139 151 157 181 193 211 223 241,31 37 97 109 163 199 229
4052,180,6,221,7,295420,3,1.057536143811e-06,25,10,15,0.60000000,38.2373,7,7 19 31 61 67 73 79 97 103 109 127 151 157 229 241,13 37 43 139 163 181 193 199 211 223
4053,200,7,239,7,385622,3,1.057871608312e-06,25,9,16,0.64000000,37.6973,7,7 13 31 37 43 61 67 109 157 163 181 199 211 223 229 241,19 73 79 97 103 127 139 151 193
4054,201,6,199,7,231612,3,1.057935667409e-06,25,7,18,0.72000000,38.2373,7,7 13 19 31 37 43 61 67 79 109 139 151 157 163 181 193 211 241,73 97 103 127 199 223 229
4055,103,7,236,7,344533,3,1.058301299046e-06,25,7,18,0.72000000,37.6973,7,7 13 19 43 67 73 79 97 109 139 151 157 163 193 199 211 223 229,31 37 61 103 127 181 241
4056,197,6,146,7,113768,3,1.059025140691e-06,25,6,19,0.76000000,38.2373,13,13 31 37 43 67 79 97 103 109 127 139 157 163 181 193 211 223 229 241,7 19 61 73 151 199
4057,118,7,219,7,290357,3,1.059071036374e-06,25,10,15,0.60000000,37.6973,13,13 19 37 61 73 79 97 109 139 157 193 211 223 229 241,7 31 43 67 103 127 151 163 181 199
4058,153,5,191,6,36502,3,1.059509570968e-06,25,10,15,0.60000000,38.2373,19,19 37 43 61 73 79 103 139 151 163 199 211 223 229 241,7 13 31 67 97 109 127 157 181 193
4059,202,6,249,7,390209,3,1.060147615671e-06,25,5,20,0.80000000,38.2373,7,7 13 19 31 37 43 61 73 79 97 103 109 139 151 157 163 199 223 229 241,67 127 181 193 211
4060,181,7,206,7,280656,3,1.060318792655e-06,25,8,17,0.68000000,37.6973,7,7 19 31 37 61 67 73 97 103 109 139 151 157 163 193 199 229,13 43 79 127 181 211 223 241
4061,192,7,233,7,360626,3,1.060390377710e-06,25,9,16,0.64000000,37.6973,7,7 13 31 61 67 73 79 97 151 157 163 181 193 199 229 241,19 37 43 103 109 127 139 211 223
4062,87,7,227,7,314463,3,1.060848063368e-06,25,8,17,0.68000000,37.6973,13,13 19 31 37 43 61 67 79 97 103 109 139 181 193 199 211 223,7 73 127 151 157 163 229 241
4063,235,7,237,7,433703,3,1.061709518262e-06,25,7,18,0.72000000,37.6973,7,7 13 37 43 61 67 73 79 97 103 109 127 157 181 193 199 223 241,19 31 139 151 163 211 229
4064,131,4,233,4,1480,3,1.061758434841e-06,25,6,19,0.76000000,39.1639,7,7 13 19 43 61 73 103 127 139 151 157 163 181 193 199 211 223 229 241,31 37 67 79 97 109
4065,201,6,220,7,292439,3,1.061818375251e-06,25,8,17,0.68000000,38.2373,7,7 13 37 43 61 67 79 97 109 151 163 181 193 211 223 229 241,19 31 73 103 127 139 157 199
4066,238,6,167,7,156108,3,1.062658934556e-06,25,7,18,0.72000000,38.2373,13,13 19 31 37 43 67 79 109 127 151 163 181 193 199 211 223 229 241,7 61 73 97 103 139 157
4067,215,5,171,6,29419,3,1.062853862323e-06,25,9,16,0.64000000,38.2373,7,7 13 19 61 67 97 103 109 127 139 151 163 181 193 199 229,31 37 43 73 79 157 211 223 241
4068,159,7,223,7,310700,3,1.063005726695e-06,25,4,21,0.84000000,37.6973,7,7 19 31 37 43 61 67 73 79 97 103 109 127 139 151 163 181 193 199 211,13 157 223 241
4069,239,6,241,7,361918,3,1.063084827528e-06,25,13,12,0.48000000,38.2373,7,7 31 43 61 67 73 79 97 103 139 211 229,13 19 37 109 127 151 157 163 181 193 199 223 241
4070,121,6,124,7,76852,3,1.063240646614e-06,25,7,18,0.72000000,38.2373,13,13 19 37 61 67 97 103 109 139 151 157 163 193 199 211 223 229 241,7 31 43 73 79 127 181
4071,159,7,220,7,301887,3,1.063815840781e-06,25,10,15,0.60000000,37.6973,13,13 61 73 79 97 109 127 139 151 157 163 181 199 223 229,7 19 31 37 43 67 103 193 211 241
4072,152,7,155,7,159057,3,1.064027628847e-06,25,9,16,0.64000000,37.6973,19,19 31 43 61 67 97 103 139 151 163 181 199 211 223 229 241,7 13 37 73 79 109 127 157 193
4073,165,7,182,7,9986,4,1.064441035954e-06,53,19,34,0.64150943,72.1671,3,3 5 11 17 19 29 37 41 43 53 67 71 73 79 89 97 101 103 107 113,7 13 23 31 47 59 61 83 109 127 131 139 151 167 179 181 197 223 239
4074,46,7,169,6,28738,3,1.064449801733e-06,25,6,19,0.76000000,38.2373,7,7 13 19 61 67 73 79 97 103 109 127 139 151 157 163 181 193 229 241,31 37 43 199 211 223
4075,155,6,167,7,153777,3,1.064755939398e-06,25,11,14,0.56000000,38.2373,13,13 31 37 61 67 73 79 97 109 157 163 181 193 241,7 19 43 103 127 139 151 199 211 223 229
4076,244,6,249,7,390522,3,1.064839394183e-06,25,5,20,0.80000000,38.2373,7,7 19 31 37 43 61 73 97 103 109 127 139 151 181 193 199 211 223 229 241,13 67 79 157 163
4077,123,7,224,7,306249,3,1.064924451912e-06,25,10,15,0.60000000,37.6973,7,7 13 19 43 73 79 103 127 139 151 157 181 193 199 211,31 37 61 67 97 109 163 223 229 241
4078,156,6,197,7,225910,3,1.065127594321e-06,25,6,19,0.76000000,38.2373,7,7 13 31 43 61 67 73 97 103 109 139 151 163 181 193 199 211 223 229,19 37 79 127 157 241
4079,205,6,247,7,382958,3,1.065169284736e-06,25,9,16,0.64000000,38.2373,7,7 37 43 61 67 73 79 97 139 151 157 163 199 211 223 241,13 19 31 103 109 127 181 193 229
4080,188,6,201,7,236922,3,1.065318549482e-06,25,16,9,0.36000000,38.2373,13,13 31 61 103 151 193 211 223 241,7 19 37 43 67 73 79 97 109 127 139 157 163 181 199 229
4081,146,6,169,6,32070,3,1.065320889392e-06,25,12,13,0.52000000,38.6325,7,7 43 61 67 79 97 109 139 157 181 211 223 229,13 19 31 37 73 103 127 151 163 193 199 241
4082,173,5,106,7,53194,3,1.065427568363e-06,25,4,21,0.84000000,38.2373,7,7 19 37 43 61 73 79 97 103 109 127 139 151 157 163 181 193 211 223 229,13 31 67 199
4083,157,4,188,5,6175,3,1.065988339279e-06,25,7,18,0.72000000,38.2373,7,7 13 19 31 37 61 79 109 127 151 157 163 181 193 199 211 223 241,43 67 73 97 103 139 229
4084,104,7,191,7,211082,3,1.066131353008e-06,25,8,17,0.68000000,37.6973,13,13 19 31 37 61 67 73 97 109 127 157 181 193 199 211 223 241,7 43 79 103 139 151 163 229
4085,241,6,230,7,324735,3,1.066212582850e-06,25,6,19,0.76000000,38.2373,19,19 31 37 43 61 73 79 97 103 139 151 157 163 181 193 199 211 223 241,7 13 67 109 127 229
4086,152,7,221,7,302289,3,1.066456824005e-06,25,11,14,0.56000000,37.6973,7,7 13 43 67 73 97 103 109 139 157 163 193 223 241,19 31 37 61 79 127 151 181 199 211 229
4087,115,7,248,7,387008,3,1.066764458055e-06,25,7,18,0.72000000,37.6973,13,13 19 31 37 61 67 73 79 97 103 109 127 139 151 181 211 223 241,7 43 157 163 193 199 229
4088,241,6,249,7,390489,3,1.066801946599e-06,25,7,18,0.72000000,38.2373,7,7 13 19 31 61 73 79 97 103 109 139 151 163 181 193 199 211 223,37 43 67 127 157 229 241
4089,144,7,211,7,271006,3,1.067141530776e-06,25,3,22,0.88000000,37.6973,7,7 13 19 31 37 61 67 79 97 103 109 127 139 151 157 163 181 193 199 223,43 73 211
4090,99,6,164,6,27323,3,1.067427805840e-06,25,7,18,0.72000000,38.6325,7,7 13 31 37 61 67 73 79 97 109 139 163 181 193 199 223 229 241,19 43 103 127 151 157 211
4091,129,6,133,7,90481,3,1.068565243325e-06,25,10,15,0.60000000,38.2373,13,13 31 37 61 67 79 109 127 157 163 181 193 199 211 229,7 19 43 73 97 103 139 151 223 241
4092,176,6,111,7,61914,3,1.069464250001e-06,25,9,16,0.64000000,38.2373,19,19 31 73 79 97 103 109 127 139 151 157 163 181 193 199 229,7 13 37 43 61 67 211 223 241
4093,171,5,94,7,40206,3,1.069751128400e-06,25,9,16,0.64000000,38.2373,13,13 37 61 67 73 97 109 139 151 157 181 199 211 223 229 241,7 19 31 43 79 103 127 163 193
4094,139,7,169,7,170310,3,1.070190583492e-06,25,4,21,0.84000000,37.6973,13,13 19 31 37 43 61 67 73 79 97 103 127 139 163 181 193 199 211 223 229,7 109 151 157
4095,227,6,220,7,292715,3,1.070472862111e-06,25,11,14,0.56000000,38.2373,7,7 13 31 43 61 67 73 109 127 151 181 199 211 241,19 37 79 97 103 139 157 163 193 223 229
4096,133,7,216,7,283033,3,1.070945299985e-06,25,12,13,0.52000000,37.6973,31,31 67 73 97 103 127 139 151 193 199 211 223 229,7 13 19 37 43 61 79 109 157 163 181 241
4097,159,7,202,7,253510,3,1.071127233359e-06,25,9,16,0.64000000,37.6973,7,7 13 31 43 61 67 97 103 109 151 157 181 199 223 229 241,19 37 73 79 127 139 163 193 211
4098,173,7,199,7,257111,3,1.071523083719e-06,25,10,15,0.60000000,37.6973,73,73 79 103 109 127 139 151 157 163 181 193 199 211 223 229,7 13 19 31 37 43 61 67 97 241
4099,235,5,202,6,40947,3,1.071644957142e-06,25,13,12,0.48000000,38.2373,7,7 31 37 61 73 139 151 157 199 211 223 229,13 19 43 67 79 97 103 109 127 163 181 193 241
4100,95,7,167,7,154562,3,1.071724189031e-06,25,7,18,0.72000000,37.6973,7,7 13 19 31 37 61 67 79 97 103 109 139 151 163 181 193 199 223,43 73 127 157 211 229 241
4101,183,6,187,6,43146,3,1.071864676303e-06,25,10,15,0.60000000,38.6325,7,7 31 37 43 67 73 97 127 151 157 163 193 199 223 241,13 19 61 79 103 109 139 181 211 229
4102,243,6,214,7,274837,3,1.072214135595e-06,25,10,15,0.60000000,38.2373,7,7 37 43 73 79 103 109 127 139 157 163 181 211 223 241,13 19 31 61 67 97 151 193 199 229
4103,97,6,248,6,3909,4,1.072787698995e-06,53,24,29,0.54716981,72.9271,3,3 5 17 19 29 41 43 61 73 79 89 101 103 107 113 127 149 157 163 179,7 11 13 23 31 37 47 53 59 67 71 83 97 109 131 137 139 151 167 173
4104,173,5,182,6,33171,3,1.073015192109e-06,25,6,19,0.76000000,38.2373,7,7 13 19 37 43 67 73 79 103 109 127 139 151 163 193 211 223 229 241,31 61 97 157 181 199
4105,147,7,242,7,368627,3,1.073124002030e-06,25,8,17,0.68000000,37.6973,7,7 13 19 37 43 61 73 97 109 139 157 181 193 211 223 229 241,31 67 79 103 127 151 163 199
4106,185,6,221,7,295443,3,1.073410703353e-06,25,11,14,0.56000000,38.2373,7,7 31 67 73 97 109 127 157 163 181 199 211 229 241,13 19 37 43 61 79 103 139 151 193 223
4107,102,6,133,7,90339,3,1.073770804841e-06,25,9,16,0.64000000,38.2373,13,13 31 37 43 73 79 97 109 127 157 181 193 199 211 229 241,7 19 61 67 103 139 151 163 223
4108,165,6,194,7,218015,3,1.073783169796e-06,25,13,12,0.48000000,38.2373,19,19 61 67 103 109 127 139 163 199 223 229 241,7 13 31 37 43 73 79 97 151 157 181 193 211
4109,192,6,167,7,154286,3,1.073880810702e-06,25,8,17,0.68000000,38.2373,13,13 31 37 43 61 73 97 109 127 151 157 163 181 193 199 211 229,7 19 67 79 103 139 223 241
4110,222,6,223,7,302001,3,1.073981611079e-06,25,8,17,0.68000000,38.2373,19,19 31 61 67 73 79 103 109 151 157 163 181 193 199 211 229 241,7 13 37 43 97 127 139 223
4111,87,7,208,7,256530,3,1.074163164894e-06,25,6,19,0.76000000,37.6973,13,13 19 37 43 61 67 73 79 97 109 127 139 157 181 193 211 223 229 241,7 31 103 151 163 199
4112,108,6,223,6,49942,3,1.074410252175e-06,25,13,12,0.48000000,38.6325,7,7 31 43 79 97 109 139 151 157 193 199 241,13 19 37 61 67 73 103 127 163 181 211 223 229
4113,202,7,247,7,411760,3,1.074560859124e-06,25,11,14,0.56000000,37.6973,13,13 31 43 61 67 73 97 103 139 163 181 223 229 241,7 19 37 79 109 127 151 157 193 199 211
4114,110,7,181,7,187190,3,1.074565554271e-06,25,8,17,0.68000000,37.6973,7,7 13 19 31 61 73 79 103 127 151 157 163 193 199 211 223 241,37 43 67 97 109 139 181 229
4115,109,6,213,6,45639,3,1.074693743543e-06,25,10,15,0.60000000,38.6325,7,7 13 31 43 61 67 79 97 103 127 157 163 199 211 223,19 37 73 109 139 151 181 193 229 241
4116,112,5,191,5,43,7,1.075437766419e-06,8,0,8,1.00000000,21.0841,29,29 43 71 113 127 197 211 239,
4117,79,6,169,6,28660,3,1.075476197594e-06,25,12,13,0.52000000,38.6325,7,7 19 37 67 97 103 109 181 193 211 223 229 241,13 31 43 61 73 79 127 139 151 157 163 199
4118,51,7,248,6,61583,3,1.075619084826e-06,25,10,15,0.60000000,38.2373,7,7 31 37 43 61 67 73 79 109 127 139 193 211 223 229,13 19 97 103 151 157 163 181 199 241
4119,127,6,96,7,42970,3,1.075708790913e-06,25,13,12,0.48000000,38.2373,13,13 37 67 73 97 109 127 151 199 211 223 229,7 19 31 43 61 79 103 139 157 163 181 193 241
4120,219,6,212,7,268500,3,1.076680408513e-06,25,5,20,0.80000000,38.2373,7,7 13 19 31 37 43 67 79 97 103 127 139 157 163 193 199 211 223 229 241,61 73 109 151 181
4121,247,6,215,7,277905,3,1.076806878631e-06,25,7,18,0.72000000,38.2373,13,13 19 31 37 61 67 73 79 97 103 127 139 151 157 163 181 199 241,7 43 109 193 211 223 229
4122,212,6,231,6,62379,3,1.076923446659e-06,25,10,15,0.60000000,38.6325,13,13 19 31 43 73 79 139 151 157 163 193 199 223 229 241,7 37 61 67 97 103 109 127 181 211
4123,213,6,209,7,259686,3,1.077123662518e-06,25,7,18,0.72000000,38.2373,37,37 43 67 73 79 97 103 109 127 139 151 157 163 181 193 199 229 241,7 13 19 31 61 211 223
4124,150,7,247,7,386637,3,1.077301172896e-06,25,9,16,0.64000000,37.6973,7,7 13 19 31 61 67 79 97 103 139 157 163 193 199 223 229,37 43 73 109 127 151 181 211 241
4125,202,6,239,7,354663,3,1.077492362003e-06,25,5,20,0.80000000,38.2373,7,7 13 31 37 61 67 73 79 97 103 127 139 151 157 163 181 199 211 229 241,19 43 109 193 223
4126,200,5,187,6,35056,3,1.077492479574e-06,25,7,18,0.72000000,38.2373,7,7 13 19 31 61 73 97 103 109 127 151 157 163 181 193 199 211 229,37 43 67 79 139 223 241
4127,101,7,132,7,93043,3,1.077621604519e-06,25,7,18,0.72000000,37.6973,7,7 37 43 61 67 73 79 97 109 127 139 157 163 181 193 199 211 223,13 19 31 103 151 229 241
4128,187,6,128,7,84610,3,1.078263537916e-06,25,10,15,0.60000000,38.2373,7,7 19 31 37 43 61 79 97 109 139 151 181 193 211 241,13 67 73 103 127 157 163 199 223 229
4129,145,7,242,7,368294,3,1.078288922720e-06,25,8,17,0.68000000,37.6973,7,7 13 19 31 37 61 67 73 109 127 139 151 157 181 193 211 241,43 79 97 103 163 199 223 229
4130,179,7,234,7,353846,3,1.078873548197e-06,25,8,17,0.68000000,37.6973,13,13 19 37 73 79 97 103 109 127 139 151 157 199 211 223 229 241,7 31 43 61 67 163 181 193
4131,136,7,205,7,252381,3,1.079062621481e-06,25,10,15,0.60000000,37.6973,7,7 13 19 37 67 79 97 109 127 139 151 157 163 181 211,31 43 61 73 103 193 199 223 229 241
4132,167,5,204,6,41641,3,1.079148307489e-06,25,8,17,0.68000000,38.2373,19,19 31 37 43 61 73 97 103 127 151 157 163 181 199 211 229 241,7 13 67 79 109 139 193 223
4133,109,7,221,7,295987,3,1.079194673777e-06,25,11,14,0.56000000,37.6973,19,19 31 37 43 67 97 109 127 139 163 181 211 223 241,7 13 61 73 79 103 151 157 193 199 229
4134,47,7,220,6,48472,3,1.079402940959e-06,25,8,17,0.68000000,38.2373,13,13 19 31 43 67 73 97 103 109 127 151 163 199 211 223 229 241,7 37 61 79 139 157 181 193
4135,127,7,242,7,366281,3,1.079966737494e-06,25,6,19,0.76000000,37.6973,7,7 13 19 31 37 61 67 97 109 127 139 151 157 163 181 199 223 229 241,43 73 79 103 193 211
4136,213,6,200,7,234489,3,1.080001768779e-06,25,10,15,0.60000000,38.2373,7,7 13 43 61 67 73 97 103 109 151 157 193 199 211 229,19 31 37 79 127 139 163 181 223 241
4137,203,6,233,6,61268,3,1.080027615595e-06,25,13,12,0.48000000,38.6325,31,31 37 43 61 73 103 163 193 199 211 223 241,7 13 19 67 79 97 109 127 139 151 157 181 229
4138,200,6,237,6,62249,3,1.080172227316e-06,25,4,21,0.84000000,38.6325,7,7 19 31 37 43 61 67 97 103 109 127 139 151 157 181 193 199 211 223 229,13 73 79 163
4139,179,6,222,7,298540,3,1.080238722296e-06,25,6,19,0.76000000,38.2373,13,13 31 61 67 79 103 109 127 139 151 157 163 181 193 199 211 223 229 241,7 19 37 43 73 97
4140,151,7,242,7,369378,3,1.080442141750e-06,25,10,15,0.60000000,37.6973,13,13 19 31 61 73 79 97 103 109 193 199 211 223 229 241,7 37 43 67 127 139 151 157 163 181
4141,197,7,217,7,324509,3,1.080658805204e-06,25,7,18,0.72000000,37.6973,13,13 19 31 37 67 103 109 127 139 151 157 163 181 193 199 211 223 229,7 43 61 73 79 97 241
4142,133,7,197,7,230529,3,1.081358160146e-06,25,12,13,0.52000000,37.6973,43,43 67 79 103 109 151 157 181 193 199 223 229 241,7 13 19 31 37 61 73 97 127 139 163 211
4143,206,6,247,7,382963,3,1.081382284497e-06,25,6,19,0.76000000,38.2373,7,7 31 43 61 67 73 79 97 103 127 139 151 163 181 193 199 211 223 241,13 19 37 109 157 229
4144,206,7,213,7,329068,3,1.081447864956e-06,25,11,14,0.56000000,37.6973,13,13 19 37 61 67 73 103 127 157 163 181 211 223 241,7 31 43 79 97 109 139 151 193 199 229
4145,169,6,192,7,212840,3,1.081681623454e-06,25,5,20,0.80000000,38.2373,7,7 13 19 31 37 61 73 79 103 109 127 151 157 163 181 193 199 211 223 241,43 67 97 139 229
4146,202,6,177,7,176631,3,1.081784916156e-06,25,9,16,0.64000000,38.2373,7,7 13 19 31 37 43 61 73 103 139 157 163 193 223 229 241,67 79 97 109 127 151 181 199 211
4147,249,6,230,7,324869,3,1.082128506434e-06,25,8,17,0.68000000,38.2373,19,19 37 43 61 67 73 79 97 103 127 139 151 157 199 211 223 229,7 13 31 109 163 181 193 241
4148,113,7,238,7,351667,3,1.082308188848e-06,25,13,12,0.48000000,37.6973,19,19 43 67 103 151 157 163 181 199 223 229 241,7 13 31 37 61 73 79 97 109 127 139 193 211
4149,83,7,218,7,286132,3,1.083009535574e-06,25,10,15,0.60000000,37.6973,31,31 61 67 79 97 103 109 127 157 163 193 199 211 229 241,7 13 19 37 43 73 139 151 181 223
4150,95,6,174,6,30541,3,1.083827838487e-06,25,12,13,0.52000000,38.6325,7,7 43 61 79 109 127 139 181 193 199 211 223 229,13 19 31 37 67 73 97 103 151 157 163 241
4151,239,6,244,7,372477,3,1.083983286459e-06,25,14,11,0.44000000,38.2373,13,13 43 79 151 157 181 193 199 223 229 241,7 19 31 37 61 67 73 97 103 109 127 139 163 211
4152,229,6,173,7,168477,3,1.084012362756e-06,25,9,16,0.64000000,38.2373,13,13 19 31 37 73 97 103 109 139 151 181 193 211 223 229 241,7 43 61 67 79 127 157 163 199
4153,139,6,174,7,169108,3,1.084546564832e-06,25,9,16,0.64000000,38.2373,13,13 19 43 61 67 73 79 97 103 127 139 157 163 193 229 241,7 31 37 109 151 181 199 211 223
4154,132,7,179,7,187448,3,1.084746846624e-06,25,10,15,0.60000000,37.6973,7,7 31 61 73 79 97 103 109 139 151 157 163 181 211 223,13 19 37 43 67 127 193 199 229 241
4155,149,7,218,7,292516,3,1.085056401121e-06,25,8,17,0.68000000,37.6973,7,7 13 19 31 43 61 67 73 79 109 127 139 151 157 181 223 241,37 97 103 163 193 199 211 229
4156,112,7,223,7,302371,3,1.085109653575e-06,25,7,18,0.72000000,37.6973,13,13 31 37 43 61 73 97 103 109 127 139 151 157 163 181 193 211 241,7 19 67 79 199 223 229
4157,100,6,239,6,57223,3,1.085341705564e-06,25,7,18,0.72000000,38.6325,7,7 31 37 61 67 73 79 97 103 139 157 163 181 193 199 211 223 241,13 19 43 109 127 151 229
4158,141,6,179,7,180655,3,1.085518164388e-06,25,11,14,0.56000000,38.2373,7,7 13 19 31 37 43 61 67 73 79 157 193 199 241,97 103 109 127 139 151 163 181 211 223 229
4159,211,6,221,7,295627,3,1.085774624786e-06,25,10,15,0.60000000,38.2373,7,7 31 43 79 97 103 139 151 157 163 193 211 223 229 241,13 19 37 61 67 73 109 127 181 199
4160,221,6,141,7,106984,3,1.086516154816e-06,25,6,19,0.76000000,38.2373,7,7 13 19 37 43 61 67 79 97 103 109 127 139 151 163 181 199 211 241,31 73 157 193 223 229
4161,106,7,223,7,302113,3,1.086615941981e-06,25,8,17,0.68000000,37.6973,13,13 19 31 37 43 61 67 73 79 103 109 151 157 163 223 229 241,7 97 127 139 181 193 199 211
4162,59,6,73,7,22300,3,1.086853796907e-06,25,11,14,0.56000000,38.2373,7,7 13 19 61 67 79 109 139 163 181 193 199 211 229,31 37 43 73 97 103 127 151 157 223 241
4163,146,7,245,7,378908,3,1.086942769469e-06,25,10,15,0.60000000,37.6973,19,19 37 67 73 79 103 109 127 139 151 163 199 211 229 241,7 13 31 43 61 97 157 181 193 223
4164,180,7,227,7,333764,3,1.086995268954e-06,25,8,17,0.68000000,37.6973,13,13 19 31 43 61 67 79 97 103 109 127 139 151 157 181 199 229,7 37 73 163 193 211 223 241
4165,78,7,157,7,133304,3,1.087600102019e-06,25,8,17,0.68000000,37.6973,7,7 31 37 61 67 73 79 97 109 127 139 151 193 199 223 229 241,13 19 43 103 157 163 181 211
4166,239,7,240,7,448817,3,1.088008179321e-06,25,7,18,0.72000000,37.6973,7,7 13 19 31 37 67 73 79 109 151 157 163 193 199 211 223 229 241,43 61 97 103 127 139 181
4167,173,6,217,7,283081,3,1.088033913313e-06,25,16,9,0.36000000,38.2373,13,13 19 67 103 139 151 199 211 223,7 31 37 43 61 73 79 97 109 127 157 163 181 193 229 241
4168,114,7,205,7,249146,3,1.088756776199e-06,25,8,17,0.68000000,37.6973,7,7 13 19 31 79 97 103 109 127 151 157 163 181 193 199 211 229,37 43 61 67 73 139 223 241
4169,218,7,219,7,362309,3,1.089116554729e-06,25,10,15,0.60000000,37.6973,7,7 31 37 43 61 79 97 103 139 151 163 181 211 223 229,13 19 67 73 109 127 157 193 199 241
4170,235,6,247,7,383172,3,1.089117099255e-06,25,6,19,0.76000000,38.2373,7,7 37 43 67 73 79 97 103 109 127 139 151 157 181 193 199 223 229 241,13 19 31 61 163 211
4171,119,7,234,7,338406,3,1.089566860620e-06,25,5,20,0.80000000,37.6973,7,7 13 19 31 43 61 67 73 79 103 109 127 151 157 163 181 193 211 223 229,37 97 139 199 241
4172,188,5,161,6,26037,3,1.090044094165e-06,25,8,17,0.68000000,38.2373,19,19 37 43 73 79 97 103 109 139 163 181 193 199 211 223 229 241,7 13 31 61 67 127 151 157
4173,157,7,247,7,388065,3,1.090172895724e-06,25,10,15,0.60000000,37.6973,7,7 19 31 37 43 61 67 97 109 127 193 199 211 223 229,13 73 79 103 139 151 157 163 181 241
4174,228,5,101,7,47597,3,1.090311953368e-06,25,12,13,0.52000000,38.2373,7,7 19 37 43 61 79 103 127 139 193 223 229 241,13 31 67 73 97 109 151 157 163 181 199 211
4175,229,7,243,7,436307,3,1.090526723563e-06,25,11,14,0.56000000,37.6973,7,7 19 31 37 67 73 97 127 151 157 181 199 211 229,13 43 61 79 103 109 139 163 193 223 241
4176,135,7,194,7,223467,3,1.090991671615e-06,25,9,16,0.64000000,37.6973,13,13 37 43 61 79 97 109 151 157 163 181 199 211 223 229 241,7 19 31 67 73 103 127 139 193
4177,147,7,184,7,205068,3,1.091419256771e-06,25,6,19,0.76000000,37.6973,7,7 13 19 31 37 61 73 97 127 139 151 157 163 193 199 211 223 229 241,43 67 79 103 109 181
4178,167,6,217,6,50147,3,1.091431762421e-06,25,9,16,0.64000000,38.6325,37,37 43 61 67 73 79 97 109 127 139 163 193 199 211 223 229,7 13 19 31 103 151 157 181 241
4179,105,7,107,7,67039,3,1.091534627112e-06,25,6,19,0.76000000,37.6973,7,7 13 31 37 43 67 73 79 97 103 109 127 139 157 163 199 211 223 229,19 61 151 181 193 241
4180,102,7,205,7,248417,3,1.091724783823e-06,25,10,15,0.60000000,37.6973,31,31 43 61 103 109 127 151 157 163 181 193 211 223 229 241,7 13 19 37 67 73 79 97 139 199
4181,240,7,241,7,453202,3,1.092408252516e-06,25,12,13,0.52000000,37.6973,7,7 19 67 79 97 109 151 157 163 181 193 199 223,13 31 37 43 61 73 103 127 139 211 229 241
4182,127,6,180,6,33681,3,1.092817936555e-06,25,7,18,0.72000000,38.6325,7,7 19 31 37 43 61 67 73 79 109 139 151 181 193 199 223 229 241,13 97 103 127 157 163 211
4183,193,7,210,7,303607,3,1.093302763930e-06,25,5,20,0.80000000,37.6973,7,7 19 37 43 61 67 73 97 103 109 127 151 163 181 193 199 211 223 229 241,13 31 79 139 157
4184,71,7,130,7,5023,4,1.094189252972e-06,53,22,31,0.58490566,72.1671,7,7 11 13 17 29 37 43 53 59 61 71 83 101 107 109 127 131 137 149 151,3 5 19 23 31 41 47 67 73 79 89 97 103 113 139 181 191 197 199 211
4185,207,7,242,7,401852,3,1.094493932706e-06,25,11,14,0.56000000,37.6973,13,13 31 37 61 73 79 103 109 151 157 163 193 199 241,7 19 43 67 97 127 139 181 211 223 229
4186,160,7,177,7,201053,3,1.095643446902e-06,25,8,17,0.68000000,37.6973,13,13 19 31 37 61 67 79 97 103 127 139 163 181 199 223 229 241,7 43 73 109 151 157 193 211
4187,223,6,177,7,177217,3,1.096020380168e-06,25,4,21,0.84000000,38.2373,7,7 13 19 31 37 43 73 97 103 109 127 139 151 157 163 181 193 199 223 229,61 67 79 211
4188,212,7,221,7,355675,3,1.096586213700e-06,25,9,16,0.64000000,37.6973,13,13 19 31 43 61 67 73 79 127 139 151 157 193 199 211 229,7 37 97 103 109 163 181 223 241
4189,131,7,153,7,137941,3,1.096721439965e-06,25,7,18,0.72000000,37.6973,7,7 13 19 31 37 43 61 73 79 97 103 127 139 151 181 193 211 223,67 109 157 163 199 229 241
4190,75,7,232,6,55318,3,1.097101462491e-06,25,8,17,0.68000000,38.2373,13,13 19 31 37 43 61 73 79 97 103 109 127 151 157 163 193 241,7 67 139 181 199 211 223 229
4191,71,7,186,7,197561,3,1.097117317706e-06,25,9,16,0.64000000,37.6973,7,7 13 19 31 37 61 67 97 109 127 163 199 211 223 229 241,43 73 79 103 139 151 157 181 193
4192,57,7,239,6,57320,3,1.097585151110e-06,25,10,15,0.60000000,38.2373,7,7 13 31 37 67 79 97 103 109 139 157 163 211 223 241,19 43 61 73 127 151 181 193 199 229
4193,155,6,146,7,112608,3,1.097811081942e-06,25,6,19,0.76000000,38.2373,13,13 19 31 37 43 67 79 97 103 151 157 163 181 193 199 211 223 229 241,7 61 73 109 127 139
4194,195,7,227,7,346994,3,1.097846561437e-06,25,10,15,0.60000000,37.6973,7,7 13 19 37 61 73 103 109 127 151 181 193 223 229 241,31 43 67 79 97 139 157 163 199 211
4195,95,7,199,7,231636,3,1.098105201053e-06,25,9,16,0.64000000,37.6973,19,19 31 61 67 73 97 109 127 139 151 157 163 199 211 223 241,7 13 37 43 79 103 181 193 229
4196,195,7,209,7,304165,3,1.099029029136e-06,25,6,19,0.76000000,37.6973,7,7 19 37 61 73 79 97 103 127 139 151 157 163 181 193 199 211 223 241,13 31 43 67 109 229
4197,114,6,181,6,33429,3,1.099171391044e-06,25,7,18,0.72000000,38.6325,7,7 13 31 37 43 61 67 79 97 103 109 127 139 157 163 211 223 241,19 73 151 181 193 199 229
4198,222,6,241,7,361748,3,1.099202097244e-06,25,8,17,0.68000000,38.2373,7,7 13 19 37 61 67 97 103 109 127 139 151 157 163 181 211 223,31 43 73 79 193 199 229 241
4199,80,7,181,7,185521,3,1.099244775366e-06,25,6,19,0.76000000,37.6973,7,7 13 19 43 61 67 73 79 109 139 151 157 163 181 193 211 223 229 241,31 37 97 103 127 199
4200,125,7,156,7,139680,3,1.099504697492e-06,25,10,15,0.60000000,37.6973,19,19 37 61 67 73 79 97 103 139 157 163 193 211 223 241,7 13 31 43 109 127 151 181 199 229
4201,147,7,214,7,280362,3,1.099721787558e-06,25,8,17,0.68000000,37.6973,7,7 13 31 37 43 61 67 73 97 103 139 181 193 199 211 223 241,19 79 109 127 151 157 163 229
4202,107,5,36,7,156,5,1.099983355768e-06,13,1,12,0.92307692,28.9853,11,11 31 41 61 71 101 131 151 181 211 241 251,191
4203,204,7,205,7,310441,3,1.100989841955e-06,25,6,19,0.76000000,37.6973,7,7 13 19 37 43 61 67 79 97 103 109 127 139 157 181 193 211 229 241,31 73 151 163 199 223
4204,72,7,187,7,200053,3,1.101139299004e-06,25,7,18,0.72000000,37.6973,31,31 61 67 73 79 97 103 109 127 139 151 157 163 181 193 199 211 241,7 13 19 37 43 223 229
4205,137,7,213,7,275000,3,1.101476325169e-06,25,12,13,0.52000000,37.6973,31,31 61 67 79 103 109 127 139 157 181 193 199 229,7 13 19 37 43 73 97 151 163 211 223 241
4206,92,7,201,6,49560,3,1.101555100039e-06,25,11,14,0.56000000,38.2373,7,7 61 73 127 139 151 163 181 193 199 211 223 229 241,13 19 31 37 43 67 79 97 103 109 157
4207,203,6,193,7,215764,3,1.101579345300e-06,25,5,20,0.80000000,38.2373,7,7 19 31 37 61 67 73 79 97 103 109 127 139 151 163 181 199 211 223 241,13 43 157 193 229
4208,218,6,215,7,277387,3,1.101751135152e-06,25,11,14,0.56000000,38.2373,13,13 31 61 67 73 103 109 151 157 163 193 199 211 223,7 19 37 43 79 97 127 139 181 229 241
4209,194,5,81,7,28501,3,1.101769469431e-06,25,8,17,0.68000000,38.2373,13,13 19 61 67 73 79 97 103 109 127 157 193 199 211 223 229 241,7 31 37 43 139 151 163 181
4210,157,7,217,7,292437,3,1.102163825429e-06,25,9,16,0.64000000,37.6973,7,7 13 19 37 43 73 103 109 139 151 157 181 193 199 211 241,31 61 67 79 97 127 163 223 229
4211,239,6,142,7,110536,3,1.102522753484e-06,25,11,14,0.56000000,38.2373,7,7 13 19 31 37 61 79 139 151 163 211 223 229 241,43 67 73 97 103 109 127 157 181 193 199
4212,191,6,117,7,70384,3,1.102753518647e-06,25,8,17,0.68000000,38.2373,19,19 37 43 61 67 73 79 109 127 139 151 163 193 199 211 223 229,7 13 31 97 103 157 181 241
4213,233,6,204,7,245869,3,1.103256236416e-06,25,7,18,0.72000000,38.2373,7,7 13 19 31 37 43 61 73 79 103 109 127 139 157 163 193 199 211,67 97 151 181 223 229 241
4214,221,7,232,7,395627,3,1.103447468478e-06,25,6,19,0.76000000,37.6973,7,7 13 37 61 73 79 97 103 109 127 139 157 181 193 199 211 223 229 241,19 31 43 67 151 163
4215,179,5,68,7,19044,3,1.103534842746e-06,25,10,15,0.60000000,38.2373,13,13 19 43 61 73 79 103 109 127 151 157 163 199 211 223,7 31 37 67 97 139 181 193 229 241
4216,107,7,224,7,305303,3,1.103563128528e-06,25,6,19,0.76000000,37.6973,7,7 13 19 37 43 61 67 73 109 127 139 151 163 181 193 199 211 223 241,31 79 97 103 157 229
4217,199,6,203,7,242543,3,1.103809287539e-06,25,8,17,0.68000000,38.2373,13,13 19 31 37 61 79 97 109 127 139 151 157 163 193 199 211 241,7 43 67 73 103 181 223 229
4218,163,7,227,7,324328,3,1.103928118802e-06,25,9,16,0.64000000,37.6973,7,7 19 31 37 67 73 79 97 109 127 139 151 193 211 229 241,13 43 61 103 157 163 181 199 223
4219,204,7,229,7,362738,3,1.104320640578e-06,25,11,14,0.56000000,37.6973,19,19 37 61 73 79 97 103 139 151 157 181 199 223 229,7 13 31 43 67 109 127 163 193 211 241
4220,124,6,125,7,78323,3,1.104323264888e-06,25,6,19,0.76000000,38.2373,13,13 19 37 43 61 73 79 97 103 127 151 157 163 181 193 199 211 229 241,7 31 67 109 139 223
4221,64,7,147,7,114157,3,1.104406290070e-06,25,10,15,0.60000000,37.6973,13,13 19 67 79 97 103 109 127 157 163 181 193 199 229 241,7 31 37 43 61 73 139 151 211 223
4222,128,6,147,7,114157,3,1.104406290070e-06,25,10,15,0.60000000,38.2373,13,13 19 67 79 97 103 109 127 157 163 181 193 199 229 241,7 31 37 43 61 73 139 151 211 223
4223,86,7,217,7,283114,3,1.104851985252e-06,25,6,19,0.76000000,37.6973,7,7 19 31 37 67 73 79 97 109 127 139 151 157 181 193 211 223 229 241,13 43 61 103 163 199
4224,71,7,229,6,53521,3,1.105080574044e-06,25,7,18,0.72000000,38.2373,7,7 13 19 31 37 43 79 97 103 109 127 139 163 181 211 223 229 241,61 67 73 151 157 193 199
4225,185,7,213,7,301135,3,1.105084541544e-06,25,4,21,0.84000000,37.6973,13,13 19 31 37 43 61 67 73 79 97 103 109 127 139 151 163 181 193 223 229,7 157 199 211
4226,188,6,239,6,61316,3,1.105434753814e-06,25,7,18,0.72000000,38.6325,7,7 13 31 37 43 61 67 79 97 109 127 139 157 163 199 211 223 241,19 73 103 151 181 193 229
4227,106,7,227,7,314842,3,1.105448090315e-06,25,4,21,0.84000000,37.6973,7,7 19 31 43 61 67 73 79 103 109 127 139 151 157 163 181 193 199 211 229,13 37 97 223
4228,177,7,179,7,224605,3,1.105515219815e-06,25,10,15,0.60000000,37.6973,13,13 19 31 61 67 73 97 103 109 163 181 193 199 229 241,7 37 43 79 127 139 151 157 211 223
4229,79,7,209,7,259319,3,1.105547123470e-06,25,7,18,0.72000000,37.6973,13,13 19 31 43 61 73 79 97 103 109 139 157 163 181 193 211 223 229,7 37 67 127 151 199 241
4230,227,6,173,7,168390,3,1.105704490926e-06,25,8,17,0.68000000,38.2373,13,13 19 31 37 61 67 73 97 103 109 127 151 157 163 199 223 241,7 43 79 139 181 193 211 229
4231,223,5,93,7,39305,3,1.106023141818e-06,25,4,21,0.84000000,38.2373,13,13 19 31 37 43 67 73 79 97 109 127 139 151 157 163 181 199 211 223 229,7 61 103 193
4232,87,7,169,7,158410,3,1.106102707428e-06,25,8,17,0.68000000,37.6973,7,7 13 19 31 37 43 73 103 109 127 139 157 163 211 223 229 241,61 67 79 97 151 181 193 199
4233,162,6,227,6,53705,3,1.106112422216e-06,25,7,18,0.72000000,38.6325,7,7 13 31 43 61 67 79 97 109 127 139 151 157 163 181 199 229 241,19 37 73 103 193 211 223
4234,200,6,213,6,53991,3,1.106474892438e-06,25,7,18,0.72000000,38.6325,7,7 13 19 31 61 67 73 79 97 103 109 127 139 151 199 211 223 241,37 43 157 163 181 193 229
4235,229,6,216,7,280548,3,1.106702423405e-06,25,12,13,0.52000000,38.2373,13,13 37 67 97 103 109 127 151 157 181 199 211 223,7 19 31 43 61 73 79 139 163 193 229 241
4236,153,7,224,7,311616,3,1.106867529886e-06,25,9,16,0.64000000,37.6973,19,19 31 37 61 67 73 79 97 103 109 139 157 193 211 223 241,7 13 43 127 151 163 181 199 229
4237,149,6,131,7,87634,3,1.107171519658e-06,25,11,14,0.56000000,38.2373,43,43 61 67 73 79 103 109 139 151 157 163 199 229 241,7 13 19 31 37 97 127 181 193 211 223
4238,139,7,216,7,284137,3,1.107220363595e-06,25,7,18,0.72000000,37.6973,7,7 19 31 43 61 67 97 103 109 127 151 163 181 193 199 211 229 241,13 37 73 79 139 157 223
4239,193,5,138,6,19287,3,1.107872332217e-06,25,8,17,0.68000000,38.2373,7,7 13 19 31 37 67 73 79 109 127 139 151 181 199 223 229 241,43 61 97 103 157 163 193 211
4240,149,6,216,6,646,5,1.108205056691e-06,13,1,12,0.92307692,28.9779,11,11 31 61 71 101 131 151 181 191 211 241 251,41
4241,37,7,68,7,18962,3,1.108483797337e-06,25,7,18,0.72000000,37.6973,19,19 31 43 61 67 73 79 97 103 109 127 139 151 157 163 181 193 241,7 13 37 199 211 223 229
4242,93,6,239,6,57187,3,1.108576354778e-06,25,8,17,0.68000000,38.6325,7,7 13 43 67 73 79 97 109 139 157 163 181 193 199 211 223 229,19 31 37 61 103 127 151 241
4243,167,7,240,7,14915,4,1.108809433520e-06,53,19,34,0.64150943,72.1671,3,3 5 17 23 31 41 43 53 59 61 67 71 73 79 83 97 101 107 113 131,7 11 13 19 29 37 47 89 103 109 127 149 191 197 199 211 227 233 239
4244,194,6,193,7,10007,4,1.108951485202e-06,53,17,36,0.67924528,73.5585,3,3 5 7 17 19 23 29 37 41 43 47 53 67 73 79 89 103 107 109 113,11 13 31 59 61 71 83 97 101 131 163 167 173 181 193 197 199
4245,213,6,206,7,251119,3,1.109040950670e-06,25,7,18,0.72000000,38.2373,7,7 19 31 37 43 61 67 73 97 109 127 139 151 163 181 199 211 223,13 79 103 157 193 229 241
4246,199,5,168,6,28354,3,1.109069646016e-06,25,11,14,0.56000000,38.2373,7,7 13 19 31 37 43 67 73 97 157 181 193 229 241,61 79 103 109 127 139 151 163 199 211 223
4247,81,6,215,6,46269,3,1.109439513813e-06,25,12,13,0.52000000,38.6325,7,7 37 61 67 79 103 139 151 157 163 181 193 211,13 19 31 43 73 97 109 127 199 223 229 241
4248,67,7,92,7,39546,3,1.109449049422e-06,25,8,17,0.68000000,37.6973,7,7 19 37 43 73 79 97 103 109 127 151 157 163 211 223 229 241,13 31 61 67 139 181 193 199
4249,223,7,226,7,386056,3,1.109767943336e-06,25,9,16,0.64000000,37.6973,13,13 67 73 79 97 109 139 151 157 163 181 193 211 223 229 241,7 19 31 37 43 61 103 127 199
4250,218,7,241,7,413338,3,1.109950273047e-06,25,12,13,0.52000000,37.6973,7,7 13 19 79 97 103 139 163 181 193 211 223 229,31 37 43 61 67 73 109 127 151 157 199 241
4251,149,6,152,7,123541,3,1.109956362211e-06,25,11,14,0.56000000,38.2373,43,43 61 67 73 79 109 157 163 181 193 211 223 229 241,7 13 19 31 37 97 103 127 139 151 199
4252,151,6,183,7,190240,3,1.110837288066e-06,25,7,18,0.72000000,38.2373,7,7 19 31 37 67 79 97 109 127 139 151 157 163 181 211 223 229 241,13 43 61 73 103 193 199
4253,191,6,211,7,265279,3,1.111046203912e-06,25,8,17,0.68000000,38.2373,7,7 13 19 31 37 43 67 73 79 97 109 127 139 151 163 199 229,61 103 157 181 193 211 223 241
4254,120,6,121,7,72605,3,1.111109522419e-06,25,10,15,0.60000000,38.2373,7,7 31 37 43 61 67 97 139 151 157 163 181 199 223 241,13 19 73 79 103 109 127 193 211 229
4255,245,6,226,7,311857,3,1.111156340356e-06,25,8,17,0.68000000,38.2373,7,7 13 31 43 97 103 109 139 151 157 163 193 199 211 223 229 241,19 37 61 67 73 79 127 181
4256,181,6,163,7,145689,3,1.111207118040e-06,25,3,22,0.88000000,38.2373,7,7 13 19 31 37 61 67 73 79 97 103 109 127 139 151 157 181 193 211 223,43 163 199
4257,165,7,238,7,2156,5,1.111236551499e-06,13,2,11,0.84615385,28.4377,11,11 61 71 101 131 151 181 191 211 241 251,31 41
4258,118,6,111,7,59469,3,1.111736780485e-06,25,11,14,0.56000000,38.2373,13,13 19 31 43 79 97 109 127 139 199 211 223 229 241,7 37 61 67 73 103 151 157 163 181 193
4259,72,6,199,5,7671,3,1.112570853504e-06,25,11,14,0.56000000,38.2373,13,13 37 61 67 73 103 109 127 139 151 157 181 193 229,7 19 31 43 79 97 163 199 211 223 241
4260,137,6,176,6,33121,3,1.112623025217e-06,25,10,15,0.60000000,38.6325,7,7 13 31 61 67 73 97 109 127 157 181 199 211 223 241,19 37 43 79 103 139 151 163 193 229
4261,185,7,192,7,257305,3,1.113280697694e-06,25,7,18,0.72000000,37.6973,19,19 31 37 43 61 67 73 79 127 139 151 157 163 181 193 223 229 241,7 13 97 103 109 199 211
4262,247,6,179,7,182867,3,1.113539475865e-06,25,9,16,0.64000000,38.2373,7,7 13 37 61 67 73 79 103 127 157 163 193 199 211 223 241,19 31 43 97 109 139 151 181 229
4263,187,6,197,7,226095,3,1.113796261730e-06,25,8,17,0.68000000,38.2373,7,7 13 19 31 73 79 97 103 109 127 151 157 163 181 211 223 229,37 43 61 67 139 193 199 241
4264,110,6,131,6,18969,3,1.113903498916e-06,25,8,17,0.68000000,38.6325,7,7 31 37 61 67 73 79 97 109 151 157 163 193 199 223 229 241,13 19 43 103 127 139 181 211
4265,219,6,151,7,123862,3,1.114016324371e-06,25,8,17,0.68000000,38.2373,7,7 13 19 31 37 43 67 73 79 97 163 181 193 199 211 229 241,61 103 109 127 139 151 157 223
4266,183,5,103,6,11185,3,1.114102264036e-06,25,8,17,0.68000000,38.2373,7,7 13 19 31 37 67 97 109 139 157 163 193 199 211 223 229 241,43 61 73 79 103 127 151 181
4267,89,7,209,7,259443,3,1.114140810548e-06,25,4,21,0.84000000,37.6973,7,7 13 19 31 37 43 61 73 79 97 103 109 127 151 157 181 193 199 223 229,67 139 163 211
4268,129,6,158,6,27219,3,1.114339730030e-06,25,12,13,0.52000000,38.6325,7,7 19 31 37 67 73 127 139 163 181 211 223 241,13 43 61 79 97 103 109 151 157 193 199 229
4269,144,7,247,7,385688,3,1.114859774665e-06,25,14,11,0.44000000,37.6973,31,31 37 61 73 103 127 151 163 181 193 199,7 13 19 43 67 79 97 109 139 157 211 223 229 241
4270,102,7,245,7,375867,3,1.114974638260e-06,25,9,16,0.64000000,37.6973,7,7 13 31 37 67 73 97 103 127 139 151 157 181 211 223 241,19 43 61 79 109 163 193 199 229
4271,61,7,157,7,133033,3,1.115012777506e-06,25,5,20,0.80000000,37.6973,13,13 19 31 37 43 61 67 79 97 103 151 157 163 181 193 199 211 223 229 241,7 73 109 127 139
4272,128,7,161,7,149881,3,1.115020475982e-06,25,5,20,0.80000000,37.6973,7,7 13 31 61 67 73 79 97 103 109 127 139 157 163 181 199 211 223 229 241,19 37 43 151 193
4273,138,7,223,7,305017,3,1.115674884171e-06,25,8,17,0.68000000,37.6973,7,7 13 31 37 61 67 79 127 139 163 181 193 199 211 223 229 241,19 43 73 97 103 109 151 157
4274,180,6,229,7,320946,3,1.115996824081e-06,25,13,12,0.48000000,38.2373,13,13 31 43 61 79 97 139 157 193 199 223 241,7 19 37 67 73 103 109 127 151 163 181 211 229
4275,103,7,215,7,277455,3,1.116057532658e-06,25,11,14,0.56000000,37.6973,7,7 19 43 61 73 97 109 127 151 181 211 223 229 241,13 31 37 67 79 103 139 157 163 193 199
4276,239,6,183,7,191834,3,1.116088659987e-06,25,10,15,0.60000000,38.2373,7,7 19 31 43 73 109 127 139 151 157 163 181 193 223 229,13 37 61 67 79 97 103 199 211 241
4277,193,6,224,6,56253,3,1.116218772437e-06,25,13,12,0.48000000,38.6325,61,61 67 79 97 109 127 139 151 157 199 211 223,7 13 19 31 37 43 73 103 163 181 193 229 241
4278,56,7,213,6,45647,3,1.116859428314e-06,25,9,16,0.64000000,38.2373,13,13 19 37 43 61 127 139 151 157 163 181 193 199 211 223 229,7 31 67 73 79 97 103 109 241
4279,172,5,187,6,35010,3,1.118112108192e-06,25,9,16,0.64000000,38.2373,7,7 61 67 73 79 103 127 151 157 163 181 193 199 211 223 241,13 19 31 37 43 97 109 139 229
4280,182,7,233,7,352756,3,1.118224672519e-06,25,4,21,0.84000000,37.6973,7,7 37 43 61 67 73 79 97 103 109 127 139 157 163 181 193 199 211 223 229,13 19 31 151
4281,196,5,201,6,40460,3,1.118464748614e-06,25,6,19,0.76000000,38.2373,19,19 31 43 61 73 79 103 109 127 139 151 157 163 181 193 199 211 223 241,7 13 37 67 97 229
4282,223,6,230,7,324504,3,1.118564092120e-06,25,9,16,0.64000000,38.2373,19,19 37 43 61 67 73 97 103 109 139 151 157 163 181 199 229,7 13 31 79 127 193 211 223 241
4283,169,7,219,7,304013,3,1.118623719824e-06,25,9,16,0.64000000,37.6973,7,7 13 37 43 61 67 73 79 109 127 139 163 181 223 229 241,19 31 97 103 151 157 193 199 211
4284,123,5,172,5,178,5,1.118658622289e-06,13,5,8,0.61538462,27.3186,11,11 61 71 151 181 191 241 251,31 41 101 131 211
4285,111,7,199,7,232489,3,1.118762182702e-06,25,9,16,0.64000000,37.6973,7,7 13 19 61 67 73 79 127 151 163 181 193 211 223 229 241,31 37 43 97 103 109 139 157 199
4286,101,7,226,7,311483,3,1.118951017088e-06,25,7,18,0.72000000,37.6973,7,7 19 31 37 43 67 73 79 139 151 157 163 181 193 199 223 229 241,13 61 97 103 109 127 211
4287,86,6,115,6,13955,3,1.119317803609e-06,25,10,15,0.60000000,38.6325,7,7 13 31 67 73 103 109 127 139 151 157 193 199 229 241,19 37 43 61 79 97 163 181 211 223
4288,113,7,228,7,318352,3,1.119363186172e-06,25,10,15,0.60000000,37.6973,7,7 13 61 67 79 97 103 109 139 151 163 193 211 229 241,19 31 37 43 73 127 157 181 199 223
4289,183,6,214,6,51122,3,1.120018476251e-06,25,13,12,0.48000000,38.6325,7,7 43 67 73 79 97 103 139 151 163 181 211,13 19 31 37 61 109 127 157 193 199 223 229 241
4290,158,7,179,7,202844,3,1.120031589104e-06,25,9,16,0.64000000,37.6973,19,19 31 37 43 61 67 103 109 127 139 157 181 193 199 211 223,7 13 73 79 97 151 163 229 241
4291,157,6,114,7,64248,3,1.120125191591e-06,25,7,18,0.72000000,38.2373,7,7 13 31 43 61 67 73 79 97 127 139 157 163 193 199 211 223 241,19 37 103 109 151 181 229
4292,68,7,139,7,100308,3,1.120782342836e-06,25,11,14,0.56000000,37.6973,7,7 61 67 73 103 139 151 157 163 193 199 211 223 229,13 19 31 37 43 79 97 109 127 181 241
4293,199,7,235,7,373104,3,1.120807542485e-06,25,10,15,0.60000000,37.6973,37,37 43 61 67 73 79 127 139 151 163 193 199 211 223 229,7 13 19 31 97 103 109 157 181 241
4294,205,3,237,4,1468,3,1.120883728047e-06,25,9,16,0.64000000,38.2373,7,7 13 31 37 43 61 67 73 97 109 127 157 163 199 229 241,19 79 103 139 151 181 193 211 223
4295,224,7,249,7,444194,3,1.120893524574e-06,25,11,14,0.56000000,37.6973,7,7 37 79 97 127 151 157 163 181 193 199 211 229 241,13 19 31 43 61 67 73 103 109 139 223
4296,153,6,193,7,215354,3,1.121059086903e-06,25,12,13,0.52000000,38.2373,7,7 13 19 37 43 61 67 109 151 163 211 229 241,31 73 79 97 103 127 139 157 181 193 199 223
4297,196,7,207,7,301464,3,1.121107325380e-06,25,6,19,0.76000000,37.6973,7,7 19 37 43 61 67 73 97 103 127 151 157 163 181 193 211 223 229 241,13 31 79 109 139 199
4298,199,7,237,7,378809,3,1.121222328174e-06,25,10,15,0.60000000,37.6973,7,7 13 31 37 67 73 97 103 139 157 163 181 199 211 241,19 43 61 79 109 127 151 193 223 229
4299,133,6,219,6,48750,3,1.121580714442e-06,25,11,14,0.56000000,38.6325,31,31 37 61 67 79 97 109 139 151 157 163 181 193 229,7 13 19 43 73 103 127 199 211 223 241
4300,186,7,199,7,271715,3,1.122283083034e-06,25,9,16,0.64000000,37.6973,19,19 31 37 61 67 73 79 109 139 151 157 163 199 211 223 241,7 13 43 97 103 127 181 193 229
4301,197,6,178,7,178841,3,1.122353674982e-06,25,9,16,0.64000000,38.2373,7,7 37 61 79 97 103 109 127 139 151 157 163 211 223 229 241,13 19 31 43 67 73 181 193 199
4302,233,6,210,7,262901,3,1.122809887010e-06,25,10,15,0.60000000,38.2373,31,31 61 67 73 79 103 109 139 151 163 199 211 223 229 241,7 13 19 37 43 97 127 157 181 193
4303,195,7,196,7,279494,3,1.122983652981e-06,25,8,17,0.68000000,37.6973,19,19 37 43 61 67 73 79 97 109 127 139 151 157 163 181 223 229,7 13 31 103 193 199 211 241
4304,61,3,118,4,579,3,1.123106142304e-06,25,7,18,0.72000000,38.2373,13,13 19 31 37 43 61 73 79 97 103 127 151 157 163 193 211 223 229,7 67 109 139 181 199 241
4305,140,5,237,5,9289,3,1.123369968775e-06,25,9,16,0.64000000,37.5296,31,31 43 67 73 109 127 139 151 157 163 181 199 211 223 229 241,7 13 19 37 61 79 97 103 193
4306,61,7,96,7,42779,3,1.123446365215e-06,25,7,18,0.72000000,37.6973,7,7 13 37 43 61 67 73 79 97 103 139 163 181 193 199 223 229 241,19 31 109 127 151 157 211
4307,127,7,240,7,359334,3,1.124091839975e-06,25,9,16,0.64000000,37.6973,7,7 13 19 37 43 73 79 97 103 109 127 139 157 181 193 241,31 61 67 151 163 199 211 223 229
4308,213,5,227,6,51584,3,1.124166894503e-06,25,13,12,0.48000000,38.2373,13,13 61 73 103 109 151 157 163 181 193 199 229,7 19 31 37 43 67 79 97 127 139 211 223 241
4309,63,7,163,7,145197,3,1.124674824689e-06,25,9,16,0.64000000,37.6973,7,7 31 37 67 79 97 103 109 127 139 163 181 193 211 223 241,13 19 43 61 73 151 157 199 229
4310,79,6,201,5,8297,3,1.124800205913e-06,25,5,20,0.80000000,38.2373,7,7 13 19 31 37 61 79 97 109 127 151 157 163 181 193 199 211 223 229 241,43 67 73 103 139
4311,69,7,140,7,102012,3,1.125501823817e-06,25,11,14,0.56000000,37.6973,31,31 61 67 73 79 97 109 127 151 157 163 181 199 241,7 13 19 37 43 103 139 193 211 223 229
4312,189,5,184,6,33926,3,1.126328984404e-06,25,3,22,0.88000000,38.2373,13,13 19 31 43 61 67 73 79 97 103 109 127 139 151 157 181 193 199 211 223,7 37 163
4313,99,6,239,6,57217,3,1.126943064497e-06,25,11,14,0.56000000,38.6325,7,7 13 31 67 79 97 109 139 151 157 163 181 199 241,19 37 43 61 73 103 127 193 211 223 229
4314,218,5,81,7,28590,3,1.127193599329e-06,25,7,18,0.72000000,38.2373,7,7 13 19 37 43 61 79 97 109 127 151 157 163 181 193 211 229 241,31 67 73 103 139 199 223
4315,71,7,166,6,31079,3,1.127674171428e-06,25,9,16,0.64000000,38.2373,7,7 19 31 37 61 67 73 79 103 139 157 163 193 211 223 241,13 43 97 109 127 151 181 199 229
4316,41,7,172,6,29658,3,1.128363901754e-06,25,5,20,0.80000000,38.2373,19,19 31 37 61 67 73 79 97 103 109 127 139 151 163 181 193 199 211 229 241,7 13 43 157 223
4317,195,5,94,7,40234,3,1.128389517261e-06,25,7,18,0.72000000,38.2373,7,7 13 31 61 67 73 79 103 109 127 151 157 181 193 199 211 223 229,19 37 43 97 139 163 241
4318,238,7,239,7,444457,3,1.128843292787e-06,25,10,15,0.60000000,37.6973,43,43 73 79 97 103 127 151 157 163 193 199 211 223 229 241,7 13 19 31 37 61 67 109 139 181
4319,169,7,210,7,279984,3,1.129050290829e-06,25,6,19,0.76000000,37.6973,13,13 19 31 37 43 67 73 79 103 109 127 139 157 163 181 193 211 223 229,7 61 97 151 199 241
4320,95,7,131,7,90119,3,1.129061455629e-06,25,10,15,0.60000000,37.6973,7,7 19 61 73 79 97 103 109 139 151 163 181 199 223 241,13 31 37 43 67 127 157 193 211 229
4321,242,4,53,6,2947,3,1.129086927469e-06,25,13,12,0.48000000,40.2466,7,7 13 19 37 61 109 139 157 193 199 223 241,31 43 67 73 79 97 103 127 151 163 181 211 229
4322,249,6,239,7,355114,3,1.129485405862e-06,25,3,22,0.88000000,38.2373,7,7 13 31 37 43 61 67 73 79 103 127 139 151 157 163 181 193 199 211 223,19 97 109
4323,97,7,243,7,368679,3,1.129597325810e-06,25,13,12,0.48000000,37.6973,7,7 13 31 37 61 67 73 97 103 139 157 211,19 43 79 109 127 151 163 181 193 199 223 229 241
4324,79,7,194,7,218008,3,1.129611736077e-06,25,9,16,0.64000000,37.6973,31,31 37 61 67 73 79 109 139 151 163 193 199 211 223 229 241,7 13 19 43 97 103 127 157 181
4325,201,6,241,7,361611,3,1.129781646367e-06,25,11,14,0.56000000,38.2373,7,7 31 37 43 61 103 127 157 163 181 193 199 211 223,13 19 67 73 79 97 109 139 151 229 241
4326,206,6,113,7,67801,3,1.130325297970e-06,25,8,17,0.68000000,38.2373,7,7 19 31 43 61 67 73 97 109 127 139 163 181 193 199 229 241,13 37 79 103 151 157 211 223
4327,188,6,217,6,52963,3,1.130365380850e-06,25,8,17,0.68000000,38.6325,43,43 61 73 79 97 103 109 139 151 157 163 181 199 211 223 229 241,7 13 19 31 37 67 127 193
4328,211,4,57,7,12508,3,1.130434640117e-06,25,5,20,0.80000000,38.2373,7,7 13 19 31 43 61 67 73 79 97 109 127 139 151 181 193 199 211 229 241,37 103 157 163 223
4329,134,6,233,6,54936,3,1.130436199230e-06,25,11,14,0.56000000,38.6325,7,7 13 31 43 73 79 97 103 181 193 199 223 229 241,19 37 61 67 109 127 139 151 157 163 211
4330,67,6,149,6,22262,3,1.131158625905e-06,25,11,14,0.56000000,38.6325,7,7 13 43 61 79 97 109 127 139 163 181 193 199 211,19 31 37 67 73 103 151 157 223 229 241
4331,67,7,175,7,171368,3,1.131355361868e-06,25,8,17,0.68000000,37.6973,7,7 19 37 61 67 73 97 103 109 127 139 151 157 163 181 193 229,13 31 43 79 199 211 223 241
4332,179,6,98,7,49284,3,1.131360899743e-06,25,7,18,0.72000000,38.2373,13,13 19 31 37 43 79 97 103 109 127 139 151 157 199 211 223 229 241,7 61 67 73 163 181 193
4333,171,6,176,7,173868,3,1.131374032378e-06,25,12,13,0.52000000,38.2373,7,7 19 37 73 79 109 127 151 157 193 211 223 229,13 31 43 61 67 97 103 139 163 181 199 241
4334,86,6,115,7,64345,3,1.131423837198e-06,25,9,16,0.64000000,38.2373,7,7 31 37 43 67 97 103 109 127 151 157 163 181 223 229 241,13 19 61 73 79 139 193 199 211
4335,219,6,229,6,63375,3,1.131822036402e-06,25,10,15,0.60000000,38.6325,7,7 13 37 61 67 79 97 109 151 157 181 199 211 223 241,19 31 43 73 103 127 139 163 193 229
4336,39,7,155,6,24104,3,1.132105337302e-06,25,10,15,0.60000000,38.2373,7,7 43 73 79 97 103 109 127 151 163 181 193 199 223 241,13 19 31 37 61 67 139 157 211 229
4337,151,6,193,7,215347,3,1.132220894354e-06,25,9,16,0.64000000,38.2373,7,7 19 37 61 67 97 103 109 151 157 163 181 211 223 229 241,13 31 43 73 79 127 139 193 199
4338,116,7,143,7,114609,3,1.132542680093e-06,25,12,13,0.52000000,37.6973,19,19 31 67 73 103 109 127 139 151 157 193 211 223,7 13 37 43 61 79 97 163 181 199 229 241
4339,78,7,199,7,231311,3,1.133034955231e-06,25,11,14,0.56000000,37.6973,7,7 13 37 61 67 79 97 103 127 151 193 211 223 241,19 31 43 73 109 139 157 163 181 199 229
4340,101,7,248,7,386654,3,1.133399342617e-06,25,7,18,0.72000000,37.6973,13,13 19 37 43 61 67 73 79 97 109 139 151 163 181 193 199 211 241,7 31 103 127 157 223 229
4341,204,6,245,7,375766,3,1.133872148373e-06,25,10,15,0.60000000,38.2373,13,13 37 79 97 109 127 139 151 163 181 193 199 211 223 241,7 19 31 43 61 67 73 103 157 229
4342,218,6,125,7,83595,3,1.134208191334e-06,25,10,15,0.60000000,38.2373,13,13 19 37 43 61 73 79 127 139 151 157 163 193 199 241,7 31 67 97 103 109 181 211 223 229
4343,223,5,250,6,62547,3,1.134226797553e-06,25,10,15,0.60000000,38.2373,13,13 19 31 43 79 97 103 109 127 139 151 181 211 229 241,7 37 61 67 73 157 163 193 199 223
4344,218,7,235,7,397861,3,1.134256000706e-06,25,7,18,0.72000000,37.6973,7,7 13 31 37 43 67 79 97 127 139 157 163 181 193 199 211 223 229,19 61 73 103 109 151 241
4345,213,5,137,6,19175,3,1.134498424987e-06,25,11,14,0.56000000,38.2373,13,13 19 37 61 73 79 127 139 151 157 163 181 193 199,7 31 43 67 97 103 109 211 223 229 241
4346,163,7,171,7,194275,3,1.135261774309e-06,25,9,16,0.64000000,37.6973,7,7 13 31 37 43 61 73 79 103 109 127 151 199 211 223 229,19 67 97 139 157 163 181 193 241
4347,96,7,209,7,259596,3,1.135506284638e-06,25,9,16,0.64000000,37.6973,7,7 13 37 73 79 97 109 127 139 151 157 163 193 223 229 241,19 31 43 61 67 103 181 199 211
4348,163,4,31,6,1168,3,1.135926016729e-06,25,11,14,0.56000000,40.2466,7,7 43 67 73 97 103 127 151 157 193 199 211 223 241,13 19 31 37 61 79 109 139 163 181 229
4349,101,6,188,6,35625,3,1.136230882161e-06,25,10,15,0.60000000,38.6325,7,7 31 43 67 79 97 103 109 139 157 163 181 199 229 241,13 19 37 61 73 127 151 193 211 223
4350,217,7,228,7,379572,3,1.136287606905e-06,25,8,17,0.68000000,37.6973,7,7 13 31 37 61 79 109 127 139 151 157 163 193 199 211 229 241,19 43 67 73 97 103 181 223
4351,230,6,137,7,101764,3,1.136301622384e-06,25,8,17,0.68000000,38.2373,7,7 13 19 31 37 43 67 73 97 109 151 157 181 199 211 229 241,61 79 103 127 139 163 193 223
4352,227,6,145,7,114075,3,1.136312848042e-06,25,8,17,0.68000000,38.2373,13,13 19 31 37 67 79 97 103 109 127 139 151 163 193 211 229 241,7 43 61 73 157 181 199 223
4353,131,7,163,7,154935,3,1.136331223413e-06,25,9,16,0.64000000,37.6973,13,13 19 37 43 61 79 109 127 139 157 163 181 193 211 223 241,7 31 67 73 97 103 151 199 229
4354,196,7,219,7,327954,3,1.136947695901e-06,25,9,16,0.64000000,37.6973,7,7 13 19 31 37 43 73 79 103 139 157 163 181 193 199 229,61 67 97 109 127 151 211 223 241
4355,239,5,129,7,84120,3,1.136958091688e-06,25,5,20,0.80000000,38.2373,7,7 13 31 37 43 61 103 109 127 139 151 157 163 181 193 199 211 223 229 241,19 67 73 79 97
4356,92,6,213,6,45467,3,1.137153164836e-06,25,8,17,0.68000000,38.6325,7,7 31 37 61 67 73 79 97 103 109 139 157 193 199 211 223 241,13 19 43 127 151 163 181 229
4357,133,5,155,6,24049,3,1.137540105722e-06,25,11,14,0.56000000,38.2373,13,13 31 37 61 67 73 127 157 163 193 211 223 229 241,7 19 43 79 97 103 109 139 151 181 199
4358,167,7,235,7,350889,3,1.138055357439e-06,25,11,14,0.56000000,37.6973,7,7 13 37 61 73 79 97 103 109 151 157 163 199 223,19 31 43 67 127 139 181 193 211 229 241
4359,73,6,230,6,52918,3,1.138167281181e-06,25,12,13,0.52000000,38.6325,7,7 19 31 61 97 103 127 139 163 193 199 223 241,13 37 43 67 73 79 109 151 157 181 211 229
4360,139,7,208,7,261327,3,1.138527687416e-06,25,10,15,0.60000000,37.6973,7,7 13 31 37 61 67 103 109 139 151 157 181 193 211 223,19 43 73 79 97 127 163 199 229 241
4361,89,6,210,6,44185,3,1.139066939565e-06,25,12,13,0.52000000,38.6325,13,13 43 79 97 103 109 139 157 163 181 199 223 241,7 19 31 37 61 67 73 127 151 193 211 229
4362,155,6,178,7,178375,3,1.139140385981e-06,25,9,16,0.64000000,38.2373,7,7 13 19 61 67 73 97 109 127 157 163 181 193 211 223 229,31 37 43 79 103 139 151 199 241
4363,202,6,189,7,205533,3,1.139494408752e-06,25,7,18,0.72000000,38.2373,37,37 43 61 67 73 79 97 103 109 127 151 157 163 181 199 211 229 241,7 13 19 31 139 193 223
4364,174,6,137,7,97735,3,1.140068634696e-06,25,8,17,0.68000000,38.2373,7,7 19 31 43 61 73 79 97 103 109 127 139 157 163 199 211 223,13 37 67 151 181 193 229 241
4365,116,7,243,7,369173,3,1.140373266926e-06,25,9,16,0.64000000,37.6973,7,7 31 43 67 73 79 103 109 127 139 157 163 193 199 229 241,13 19 37 61 97 151 181 211 223
4366,65,7,243,6,59514,3,1.140942938696e-06,25,9,16,0.64000000,38.2373,7,7 31 43 79 97 103 139 151 157 163 181 193 199 223 229 241,13 19 37 61 67 73 109 127 211
4367,141,6,145,7,110671,3,1.141290438917e-06,25,8,17,0.68000000,38.2373,13,13 19 31 37 67 73 97 103 127 139 151 163 181 193 211 229 241,7 43 61 79 109 157 199 223
4368,101,6,231,6,53485,3,1.141318991093e-06,25,9,16,0.64000000,38.6325,13,13 43 67 73 79 97 103 109 151 157 163 181 193 199 211 229,7 19 31 37 61 127 139 223 241
4369,96,7,217,6,56416,3,1.141812192952e-06,25,8,17,0.68000000,38.2373,7,7 13 19 31 37 61 73 97 103 109 139 151 157 211 223 229 241,43 67 79 127 163 181 193 199
4370,239,6,235,7,341328,3,1.142150669880e-06,25,8,17,0.68000000,38.2373,7,7 31 37 43 67 73 97 103 109 127 163 181 193 199 223 229 241,13 19 61 79 139 151 157 211
4371,63,7,149,6,24597,3,1.142465891782e-06,25,11,14,0.56000000,38.2373,19,19 61 73 79 109 127 139 151 181 193 199 223 229 241,7 13 31 37 43 67 97 103 157 163 211
4372,115,5,164,5,5177,3,1.142583432748e-06,25,7,18,0.72000000,37.5296,7,7 13 19 37 43 61 73 79 97 103 109 127 139 151 181 211 223 229,31 67 157 163 193 199 241
4373,107,7,226,7,311666,3,1.143104632527e-06,25,9,16,0.64000000,37.6973,7,7 13 19 67 79 97 103 139 151 157 181 193 199 211 223 241,31 37 43 61 73 109 127 163 229
4374,140,5,89,6,8197,3,1.143119508470e-06,25,7,18,0.72000000,38.2373,13,13 19 31 37 43 61 67 73 79 109 127 139 163 181 199 211 229 241,7 97 103 151 157 193 223
4375,197,6,110,7,63274,3,1.143302671886e-06,25,8,17,0.68000000,38.2373,13,13 19 37 67 73 79 97 103 127 139 163 181 193 199 211 229 241,7 31 43 61 109 151 157 223
4376,173,7,239,7,366382,3,1.143729483552e-06,25,9,16,0.64000000,37.6973,19,19 43 61 67 73 97 109 127 139 151 157 163 181 199 211 223,7 13 31 37 79 103 193 229 241
4377,138,5,49,7,8997,3,1.143865020125e-06,25,10,15,0.60000000,38.2373,7,7 31 37 61 73 79 109 127 139 151 157 163 181 193 211,13 19 43 67 97 103 199 223 229 241
4378,160,5,133,6,17800,3,1.144335601991e-06,25,12,13,0.52000000,38.2373,13,13 37 43 61 79 97 127 163 181 193 223 229 241,7 19 31 67 73 103 109 139 151 157 199 211
4379,107,7,222,7,299017,3,1.144752626604e-06,25,6,19,0.76000000,37.6973,13,13 19 31 37 61 67 79 97 103 109 127 139 151 157 181 199 211 229 241,7 43 73 163 193 223
4380,167,6,248,6,63359,3,1.145010441072e-06,25,8,17,0.68000000,38.6325,7,7 37 61 79 97 103 109 139 151 157 163 193 199 211 223 229 241,13 19 31 43 67 73 127 181
4381,69,5,187,5,6129,3,1.145067023342e-06,25,8,17,0.68000000,37.5296,7,7 13 31 37 61 67 73 79 97 103 127 151 163 193 199 211 223,19 43 109 139 157 181 229 241
4382,154,5,97,7,43247,3,1.145565835565e-06,25,11,14,0.56000000,38.2373,37,37 43 73 79 97 103 127 139 151 157 163 193 199 211,7 13 19 31 61 67 109 181 223 229 241
4383,173,7,192,7,242477,3,1.145610575522e-06,25,8,17,0.68000000,37.6973,19,19 37 43 61 67 79 97 103 127 139 151 157 163 199 211 223 241,7 13 31 73 109 181 193 229
4384,148,5,163,5,5709,3,1.145698655059e-06,25,4,21,0.84000000,37.5296,7,7 13 19 37 43 61 73 103 109 127 139 151 157 163 181 193 199 211 223 229,31 67 79 97
4385,127,7,180,7,188098,3,1.145978925623e-06,25,9,16,0.64000000,37.6973,19,19 31 61 73 79 97 103 127 151 157 163 193 199 223 229 241,7 13 37 43 67 109 139 181 211
4386,133,7,167,7,163350,3,1.146035529572e-06,25,6,19,0.76000000,37.6973,19,19 31 43 61 67 79 97 103 109 127 139 151 157 181 193 199 211 223 241,7 13 37 73 163 229
4387,195,6,181,7,8951,4,1.146224351495e-06,53,16,37,0.69811321,73.5585,11,11 13 17 19 23 29 31 37 47 53 61 67 71 73 79 83 89 97 101 109,3 5 7 41 43 59 103 107 127 181 191 199 211 223 229 233
4388,103,6,159,6,25889,3,1.146229311882e-06,25,11,14,0.56000000,38.6325,7,7 13 19 31 67 79 109 139 151 157 193 211 223 241,37 43 61 73 97 103 127 163 181 199 229
4389,137,6,159,7,7124,4,1.146553662572e-06,53,22,31,0.58490566,73.5585,5,5 7 11 13 17 19 23 41 47 53 59 61 73 89 97 101 103 109 127 149,3 29 31 37 43 67 71 79 83 107 113 131 137 139 151 179 191 211 223 239
4390,113,7,236,7,344848,3,1.146903862565e-06,25,10,15,0.60000000,37.6973,13,13 31 37 67 73 79 97 103 127 151 193 199 211 223 229,7 19 43 61 109 139 157 163 181 241
4391,236,6,233,7,334580,3,1.146959692557e-06,25,9,16,0.64000000,38.2373,7,7 13 19 31 43 67 79 97 103 109 139 157 163 181 193 241,37 61 73 127 151 199 211 223 229
4392,136,7,183,7,197756,3,1.147017023859e-06,25,11,14,0.56000000,37.6973,7,7 19 31 61 67 73 79 97 109 127 157 211 223 229,13 37 43 103 139 151 163 181 193 199 241
4393,101,7,185,7,195950,3,1.147515521639e-06,25,9,16,0.64000000,37.6973,43,43 67 73 79 97 103 127 139 151 157 181 193 199 211 223 241,7 13 19 31 37 61 109 163 229
4394,161,7,239,7,361770,3,1.148217394312e-06,25,10,15,0.60000000,37.6973,13,13 19 43 61 67 79 97 103 127 151 157 181 193 223 229,7 31 37 73 109 139 163 199 211 241
4395,98,4,177,4,1024,3,1.148320734501e-06,25,10,15,0.60000000,39.1639,7,7 13 19 31 43 61 97 109 163 181 193 199 211 229 241,37 67 73 79 103 127 139 151 157 223
4396,241,6,127,7,89992,3,1.148497536455e-06,25,6,19,0.76000000,38.2373,7,7 13 19 31 43 61 73 97 103 139 151 157 163 181 193 199 211 229 241,37 67 79 109 127 223
4397,112,7,241,7,362006,3,1.148785121537e-06,25,9,16,0.64000000,37.6973,7,7 13 19 31 37 43 61 103 109 127 163 181 193 199 229 241,67 73 79 97 139 151 157 211 223
4398,151,7,250,7,397537,3,1.149199952427e-06,25,8,17,0.68000000,37.6973,7,7 31 37 61 67 79 97 139 151 157 163 181 199 211 223 229 241,13 19 43 73 103 109 127 193
4399,151,7,200,7,244353,3,1.149291367787e-06,25,12,13,0.52000000,37.6973,19,19 31 37 43 79 109 151 157 163 181 193 199 241,7 13 61 67 73 97 103 127 139 211 223 229
4400,187,7,227,7,339280,3,1.149789338029e-06,25,4,21,0.84000000,37.6973,13,13 19 31 37 43 61 67 73 79 97 103 109 127 139 157 163 181 193 199 211,7 151 223 229
4401,195,6,137,7,98676,3,1.150848429778e-06,25,10,15,0.60000000,38.2373,7,7 13 19 43 61 79 97 127 139 151 157 163 181 223 229,31 37 67 73 103 109 193 199 211 241
4402,229,6,145,7,114264,3,1.150919129122e-06,25,6,19,0.76000000,38.2373,13,13 19 31 37 61 67 73 79 97 103 109 139 151 157 181 193 199 223 241,7 43 127 163 211 229
4403,236,6,209,7,260078,3,1.151116656809e-06,25,10,15,0.60000000,38.2373,37,37 61 67 79 97 127 139 151 157 163 193 211 223 229 241,7 13 19 31 43 73 103 109 181 199
4404,196,6,233,7,334234,3,1.151485030168e-06,25,7,18,0.72000000,38.2373,7,7 31 37 43 61 67 73 79 97 103 109 151 157 163 181 211 223 229,13 19 127 139 193 199 241
4405,241,6,248,7,386852,3,1.151913738977e-06,25,13,12,0.48000000,38.2373,7,7 43 67 73 103 109 139 151 181 193 229 241,13 19 31 37 61 79 97 127 157 163 199 211 223
4406,199,5,67,7,18540,3,1.152137300855e-06,25,11,14,0.56000000,38.2373,7,7 31 37 43 61 67 73 103 139 151 157 223 229 241,13 19 79 97 109 127 163 181 193 199 211
4407,191,6,201,7,1678,5,1.152216190070e-06,13,1,12,0.92307692,28.9853,11,11 31 41 61 71 101 131 151 181 191 211 251,241
4408,137,4,235,4,1504,3,1.152826843823e-06,25,12,13,0.52000000,39.1639,13,13 19 31 61 67 103 127 151 181 193 199 229 241,7 37 43 73 79 97 109 139 157 163 211 223
4409,212,6,249,7,390259,3,1.153070555758e-06,25,12,13,0.52000000,38.2373,7,7 19 37 43 61 67 73 109 127 139 151 193 223,13 31 79 97 103 157 163 181 199 211 229 241
4410,113,7,213,7,272012,3,1.153070682929e-06,25,10,15,0.60000000,37.6973,7,7 13 19 61 67 79 97 103 109 157 181 193 223 229 241,31 37 43 73 127 139 151 163 199 211
4411,218,6,223,7,301956,3,1.153426629587e-06,25,8,17,0.68000000,38.2373,19,19 31 43 67 73 79 97 103 109 127 139 151 163 181 193 229 241,7 13 37 61 157 199 211 223
4412,176,7,181,7,226340,3,1.153511116929e-06,25,7,18,0.72000000,37.6973,31,31 37 43 61 67 73 79 103 109 127 139 151 157 163 199 211 223 241,7 13 19 97 181 193 229
4413,46,7,93,7,39280,3,1.154442856638e-06,25,7,18,0.72000000,37.6973,13,13 19 37 61 67 73 97 103 109 151 157 163 181 193 211 223 229 241,7 31 43 79 127 139 199
4414,164,6,199,6,43367,3,1.155687514782e-06,25,10,15,0.60000000,38.6325,7,7 31 37 61 67 73 79 103 127 139 181 211 223 229 241,13 19 43 97 109 151 157 163 193 199
4415,161,6,118,7,69518,3,1.155786922767e-06,25,11,14,0.56000000,38.2373,19,19 31 43 61 73 79 109 151 163 193 211 223 229 241,7 13 37 67 97 103 127 139 157 181 199
4416,141,7,239,7,357398,3,1.156055900918e-06,25,10,15,0.60000000,37.6973,7,7 13 37 67 79 97 127 151 157 163 193 199 211 229 241,19 31 43 61 73 103 109 139 181 223
4417,95,7,172,7,165381,3,1.156456001782e-06,25,9,16,0.64000000,37.6973,13,13 37 43 67 73 79 97 127 139 151 157 163 181 193 199 223,7 19 31 61 103 109 211 229 241
4418,177,6,224,7,304838,3,1.156645816238e-06,25,5,20,0.80000000,38.2373,13,13 19 31 37 43 61 67 79 97 103 127 151 157 163 181 193 199 211 223 241,7 73 109 139 229
4419,213,5,224,6,50234,3,1.156714288367e-06,25,11,14,0.56000000,38.2373,7,7 13 19 31 37 43 73 79 103 109 127 163 181 193,61 67 97 139 151 157 199 211 223 229 241
4420,199,6,192,7,213125,3,1.156853043090e-06,25,5,20,0.80000000,38.2373,7,7 13 19 31 37 43 61 79 97 103 127 139 151 157 163 193 199 211 229 241,67 73 109 181 223
4421,118,7,161,7,146163,3,1.156866249791e-06,25,12,13,0.52000000,37.6973,13,13 19 61 79 97 103 109 157 163 181 199 229 241,7 31 37 43 67 73 127 139 151 193 211 223
4422,145,7,181,7,197570,3,1.157006211949e-06,25,8,17,0.68000000,37.6973,7,7 13 31 37 43 61 67 73 97 103 127 139 151 193 223 229 241,19 79 109 157 163 181 199 211
4423,79,7,142,7,105773,3,1.157078831850e-06,25,9,16,0.64000000,37.6973,7,7 19 31 37 43 61 79 97 103 109 127 181 193 199 223 229,13 67 73 139 151 157 163 211 241
4424,250,6,213,7,272052,3,1.157138398575e-06,25,8,17,0.68000000,38.2373,7,7 13 19 31 43 67 73 79 97 103 109 127 151 157 193 199 229,37 61 139 163 181 211 223 241
4425,77,7,139,7,100616,3,1.157329203153e-06,25,10,15,0.60000000,37.6973,19,19 37 43 61 73 79 97 103 109 127 163 181 193 223 241,7 13 31 67 139 151 157 199 211 229
4426,249,6,133,7,99142,3,1.157710510339e-06,25,7,18,0.72000000,38.2373,13,13 31 37 43 61 67 73 97 109 151 163 181 193 199 211 223 229 241,7 19 79 103 127 139 157
4427,139,7,197,7,232188,3,1.158113340227e-06,25,7,18,0.72000000,37.6973,13,13 19 31 37 61 67 73 97 103 139 151 157 163 181 193 199 211 229,7 43 79 109 127 223 241
4428,188,7,203,7,282338,3,1.158143992256e-06,25,9,16,0.64000000,37.6973,19,19 37 43 61 73 79 97 103 151 163 193 199 211 223 229 241,7 13 31 67 109 127 139 157 181
4429,188,6,185,7,195401,3,1.158208706194e-06,25,6,19,0.76000000,38.2373,7,7 13 19 43 61 67 73 79 97 103 127 151 157 181 193 199 211 223 229,31 37 109 139 163 241
4430,211,6,248,7,386612,3,1.158739327756e-06,25,8,17,0.68000000,38.2373,7,7 13 43 61 67 73 79 97 103 109 127 139 151 157 163 211 241,19 31 37 181 193 199 223 229
4431,221,7,249,7,439846,3,1.158843901288e-06,25,10,15,0.60000000,37.6973,13,13 31 43 73 79 97 109 151 163 181 193 199 223 229 241,7 19 37 61 67 103 127 139 157 211
4432,245,6,248,7,386897,3,1.159051023541e-06,25,11,14,0.56000000,38.2373,7,7 37 43 67 73 79 103 127 139 151 163 181 199 241,13 19 31 61 97 109 157 193 211 223 229
4433,153,6,145,7,110806,3,1.159127216561e-06,25,8,17,0.68000000,38.2373,19,19 31 37 43 61 73 79 97 127 139 151 163 181 199 211 223 229,7 13 67 103 109 157 193 241
4434,167,6,202,7,239542,3,1.159297789417e-06,25,10,15,0.60000000,38.2373,19,19 31 43 67 73 79 97 103 109 127 151 163 181 193 241,7 13 37 61 139 157 199 211 223 229
4435,241,6,142,7,110796,3,1.159308914623e-06,25,1,24,0.96000000,38.2373,7,7 13 19 31 37 43 61 73 79 97 103 109 127 139 151 157 163 181 193 199,67
4436,162,6,199,7,231314,3,1.159394634046e-06,25,5,20,0.80000000,38.2373,7,7 13 19 31 37 43 61 67 79 97 103 127 139 151 163 181 193 223 229 241,73 109 157 199 211
4437,127,7,221,7,297313,3,1.160025623215e-06,25,13,12,0.48000000,37.6973,7,7 13 19 43 103 139 151 157 163 181 223 229,31 37 61 67 73 79 97 109 127 193 199 211 241
4438,79,7,205,7,247899,3,1.160496475488e-06,25,7,18,0.72000000,37.6973,7,7 13 19 31 37 43 61 79 97 127 139 151 157 163 193 199 211 241,67 73 103 109 181 223 229
4439,219,6,238,6,66348,3,1.160804651518e-06,25,12,13,0.52000000,38.6325,19,19 43 67 79 109 127 157 181 193 211 223 229 241,7 13 31 37 61 73 97 103 139 151 163 199
4440,111,5,158,6,24973,3,1.160850085693e-06,25,9,16,0.64000000,38.2373,13,13 19 31 73 79 97 109 127 139 151 157 163 181 199 229 241,7 37 43 61 67 103 193 211 223
4441,149,6,157,6,29594,3,1.161386139555e-06,25,9,16,0.64000000,38.6325,7,7 19 31 43 73 79 97 103 109 139 151 181 199 211 223 229,13 37 61 67 127 157 163 193 241
4442,227,5,115,7,64361,3,1.161422540468e-06,25,13,12,0.48000000,38.2373,13,13 67 73 79 97 109 151 157 163 199 223 241,7 19 31 37 43 61 103 127 139 181 193 211 229
4443,179,7,214,7,297919,3,1.161505964914e-06,25,7,18,0.72000000,37.6973,13,13 19 31 43 61 67 73 79 103 127 151 181 193 199 211 223 229 241,7 37 97 109 139 157 163
4444,73,7,141,7,103820,3,1.161713536744e-06,25,6,19,0.76000000,37.6973,7,7 13 19 31 37 61 67 73 79 97 109 139 151 157 163 181 223 229 241,43 103 127 193 199 211
4445,102,6,215,6,46400,3,1.161791538722e-06,25,9,16,0.64000000,38.6325,7,7 13 31 61 67 73 79 97 103 127 139 151 193 199 211 223,19 37 43 109 157 163 181 229 241
4446,153,6,185,7,195127,3,1.161916406199e-06,25,11,14,0.56000000,38.2373,7,7 13 19 61 73 97 103 109 139 151 163 181 193 241,31 37 43 67 79 127 157 199 211 223 229
4447,139,6,92,7,39790,3,1.161989657606e-06,25,9,16,0.64000000,38.2373,7,7 13 19 61 67 73 79 103 139 151 157 163 199 211 223 229,31 37 43 97 109 127 181 193 241
4448,142,3,197,4,1147,3,1.162356464558e-06,25,8,17,0.68000000,38.2373,7,7 13 19 31 37 43 61 67 97 103 127 151 157 163 181 211 241,73 79 109 139 193 199 223 229
4449,226,5,205,6,42136,3,1.162791106284e-06,25,7,18,0.72000000,38.2373,7,7 13 19 37 61 67 73 79 97 109 139 151 163 181 193 199 223 241,31 43 103 127 157 211 229
4450,71,6,160,6,25665,3,1.163579597164e-06,25,11,14,0.56000000,38.6325,7,7 31 61 73 79 97 109 127 139 157 181 193 199 211,13 19 37 43 67 103 151 163 223 229 241
4451,234,6,215,7,277633,3,1.163760841906e-06,25,11,14,0.56000000,38.2373,13,13 37 61 73 79 139 151 157 163 193 199 223 229 241,7 19 31 43 67 97 103 109 127 181 211
4452,157,7,198,7,242620,3,1.163866015946e-06,25,6,19,0.76000000,37.6973,7,7 13 19 31 43 61 67 73 79 109 127 163 181 193 199 211 223 229 241,37 97 103 139 151 157
4453,187,7,236,7,365358,3,1.164241736833e-06,25,10,15,0.60000000,37.6973,7,7 13 19 37 43 67 73 97 103 109 127 163 181 193 241,31 61 79 139 151 157 199 211 223 229
4454,117,7,119,7,86090,3,1.164251357237e-06,25,8,17,0.68000000,37.6973,7,7 13 61 67 79 97 103 109 127 139 157 181 193 199 223 229 241,19 31 37 43 73 151 163 211
4455,206,6,215,7,277253,3,1.164638637177e-06,25,13,12,0.48000000,38.2373,19,19 37 67 79 97 109 151 157 163 193 223 241,7 13 31 43 61 73 103 127 139 181 199 211 229
4456,157,7,229,7,328276,3,1.164749051436e-06,25,11,14,0.56000000,37.6973,13,13 19 31 37 61 67 73 79 139 151 157 223 229 241,7 43 97 103 109 127 163 181 193 199 211
4457,69,7,134,7,92178,3,1.164824988009e-06,25,11,14,0.56000000,37.6973,19,19 31 37 61 67 97 103 109 127 139 157 193 211 229,7 13 43 73 79 151 163 181 199 223 241
4458,154,6,221,6,50638,3,1.165369563949e-06,25,11,14,0.56000000,38.6325,31,31 61 67 79 97 139 157 163 181 193 199 223 229 241,7 13 19 37 43 73 103 109 127 151 211
4459,121,7,248,7,387261,3,1.165529500105e-06,25,10,15,0.60000000,37.6973,7,7 31 43 61 73 79 127 139 157 181 193 199 211 229 241,13 19 37 67 97 103 109 151 163 223
4460,149,6,235,6,56396,3,1.165675811314e-06,25,10,15,0.60000000,38.6325,7,7 31 37 61 67 79 109 139 157 163 181 199 211 223 241,13 19 43 73 97 103 127 151 193 229
4461,227,6,248,7,386720,3,1.165704214969e-06,25,10,15,0.60000000,38.2373,7,7 19 43 67 73 97 103 109 127 151 163 181 199 229 241,13 31 37 61 79 139 157 193 211 223
4462,227,6,151,7,124435,3,1.165970014649e-06,25,9,16,0.64000000,38.2373,7,7 13 31 37 43 67 73 79 97 103 139 157 181 193 199 229,19 61 109 127 151 163 211 223 241
4463,169,5,192,5,209,5,1.165981431842e-06,13,4,9,0.69230769,27.3186,11,11 41 71 101 131 181 211 241 251,31 61 151 191
4464,191,7,208,7,296694,3,1.166024401198e-06,25,9,16,0.64000000,37.6973,13,13 31 43 61 79 97 109 127 139 151 157 163 199 211 223 229,7 19 37 67 73 103 181 193 241
4465,136,5,121,6,14713,3,1.166169236989e-06,25,6,19,0.76000000,38.2373,13,13 19 31 43 61 73 79 97 103 127 139 151 163 181 193 199 223 229 241,7 37 67 109 157 211
4466,205,7,221,7,344719,3,1.166456702513e-06,25,9,16,0.64000000,37.6973,13,13 19 37 61 67 73 109 127 139 151 163 181 193 211 229 241,7 31 43 79 97 103 157 199 223
4467,137,7,221,7,298713,3,1.166636278078e-06,25,7,18,0.72000000,37.6973,13,13 31 37 43 61 67 79 97 103 151 157 163 181 193 199 211 223 241,7 19 73 109 127 139 229
4468,206,6,217,7,283287,3,1.166782045400e-06,25,8,17,0.68000000,38.2373,19,19 43 61 67 73 79 97 103 109 127 139 151 181 199 211 223 229,7 13 31 37 157 163 193 241
4469,193,6,234,7,337571,3,1.166809150692e-06,25,12,13,0.52000000,38.2373,7,7 19 67 73 79 97 103 127 139 151 193 199 229,13 31 37 43 61 109 157 163 181 211 223 241
4470,205,5,97,7,43296,3,1.166924857974e-06,25,4,21,0.84000000,38.2373,7,7 13 19 31 37 43 61 67 73 97 103 109 151 157 163 181 199 211 223 229,79 127 139 193
4471,128,7,225,7,309878,3,1.167451711563e-06,25,8,17,0.68000000,37.6973,7,7 13 31 37 43 97 103 109 139 151 157 163 181 193 199 229 241,19 61 67 73 79 127 211 223
4472,168,6,173,7,167035,3,1.167650059082e-06,25,6,19,0.76000000,38.2373,7,7 19 31 37 43 67 97 103 109 139 151 157 163 181 193 211 223 229 241,13 61 73 79 127 199
4473,109,7,203,7,243225,3,1.167936624628e-06,25,8,17,0.68000000,37.6973,7,7 19 31 37 43 61 73 79 97 109 127 151 163 181 193 211 229,13 67 103 139 157 199 223 241
4474,84,7,179,7,180876,3,1.168380572060e-06,25,8,17,0.68000000,37.6973,7,7 13 19 31 37 79 97 103 109 127 139 151 181 193 211 223 229,43 61 67 73 157 163 199 241
4475,37,7,81,7,28427,3,1.168464411963e-06,25,12,13,0.52000000,37.6973,19,19 31 37 61 67 73 97 103 127 139 151 163 241,7 13 43 79 109 157 181 193 199 211 223 229
4476,127,6,248,6,3923,4,1.168496465106e-06,53,24,29,0.54716981,72.9271,3,3 5 11 13 19 23 37 41 47 61 71 73 83 89 97 103 107 113 137 157,7 17 29 31 43 53 59 67 79 101 109 127 131 139 149 151 163 167 191 199
4477,143,7,185,7,205192,3,1.168680756030e-06,25,9,16,0.64000000,37.6973,13,13 31 37 43 61 67 79 109 127 151 157 193 199 211 223 229,7 19 73 97 103 139 163 181 241
4478,76,5,69,6,4798,3,1.169131161016e-06,25,9,16,0.64000000,38.2373,31,31 43 61 67 73 97 103 127 139 151 157 163 193 211 223 241,7 13 19 37 79 109 181 199 229
4479,52,7,109,7,56860,3,1.169156987051e-06,25,8,17,0.68000000,37.6973,19,19 31 37 67 73 97 103 109 127 139 151 181 193 211 223 229 241,7 13 43 61 79 157 163 199
4480,122,6,141,6,22344,3,1.169875799937e-06,25,10,15,0.60000000,38.6325,7,7 13 19 31 73 79 103 127 139 163 181 193 199 223 241,37 43 61 67 97 109 151 157 211 229
4481,119,7,230,7,325183,3,1.169915209631e-06,25,10,15,0.60000000,37.6973,13,13 31 37 43 61 67 73 79 97 103 127 139 151 223 241,7 19 109 157 163 181 193 199 211 229
4482,202,3,31,6,173,4,1.169975776623e-06,53,21,32,0.60377358,71.9732,3,3 5 11 13 17 29 37 41 47 53 59 61 67 71 73 79 83 89 97 113,7 19 23 31 43 101 103 107 109 127 131 139 149 157 167 173 179 199 223 227
4483,229,6,209,7,259937,3,1.170126246915e-06,25,11,14,0.56000000,38.2373,43,43 61 79 97 109 127 139 151 157 163 193 199 211 229,7 13 19 31 37 67 73 103 181 223 241
4484,55,7,127,7,81150,3,1.170427367211e-06,25,13,12,0.48000000,37.6973,19,19 31 37 43 97 127 151 157 163 181 199 211,7 13 61 67 73 79 103 109 139 193 223 229 241
4485,191,5,118,6,14348,3,1.170449110320e-06,25,12,13,0.52000000,38.2373,7,7 13 31 37 43 73 103 109 151 181 193 199 229,19 61 67 79 97 127 139 157 163 211 223 241
4486,206,5,119,7,69679,3,1.170701219296e-06,25,5,20,0.80000000,38.2373,7,7 31 37 61 67 73 79 97 103 109 127 139 151 157 163 181 193 223 229 241,13 19 43 199 211
4487,237,6,187,7,201436,3,1.171463928535e-06,25,5,20,0.80000000,38.2373,13,13 19 31 37 43 61 67 79 97 103 109 139 151 163 181 193 199 223 229 241,7 73 127 157 211
4488,215,6,161,7,142650,3,1.171671605415e-06,25,8,17,0.68000000,38.2373,13,13 19 37 61 67 73 97 103 109 139 151 163 181 193 211 223 229,7 31 43 79 127 157 199 241
4489,177,7,220,7,312051,3,1.171933387441e-06,25,8,17,0.68000000,37.6973,7,7 13 31 37 43 61 73 97 103 109 127 139 181 193 199 211 223,19 67 79 151 157 163 229 241
4490,183,7,214,7,301574,3,1.172071134497e-06,25,9,16,0.64000000,37.6973,7,7 19 31 37 61 67 73 79 97 103 127 157 163 193 199 241,13 43 109 139 151 181 211 223 229
4491,67,7,171,6,31435,3,1.172205541814e-06,25,9,16,0.64000000,38.2373,7,7 13 19 31 37 43 73 103 109 127 151 157 163 193 211 241,61 67 79 97 139 181 199 223 229
4492,137,7,146,7,132380,3,1.172257086913e-06,25,9,16,0.64000000,37.6973,7,7 13 19 31 37 61 67 79 103 109 127 139 157 193 211 241,43 73 97 151 163 181 199 223 229
4493,237,6,248,7,386810,3,1.173004254982e-06,25,10,15,0.60000000,38.2373,7,7 13 37 61 73 79 103 127 139 151 163 181 211 223 241,19 31 43 67 97 109 157 193 199 229
4494,136,6,135,7,5357,4,1.173265525362e-06,53,20,33,0.62264151,73.5585,7,7 11 13 19 29 31 37 41 43 59 61 71 73 79 89 97 101 103 109 113,3 5 17 23 47 53 67 83 107 127 131 139 163 193 197 199 223 227 239 241
4495,123,7,179,7,184828,3,1.173651390056e-06,25,10,15,0.60000000,37.6973,13,13 37 61 67 79 97 103 109 139 163 181 199 211 223 229,7 19 31 43 73 127 151 157 193 241
4496,115,6,127,7,81190,3,1.173841815460e-06,25,13,12,0.48000000,38.2373,7,7 13 31 61 79 151 163 193 199 211 223 229,19 37 43 67 73 97 103 109 127 139 157 181 241
4497,223,5,245,6,60076,3,1.173894695573e-06,25,10,15,0.60000000,38.2373,19,19 31 43 67 79 97 103 109 127 151 163 181 199 211 241,7 13 37 61 73 139 157 193 223 229
4498,232,6,207,7,254279,3,1.173915370847e-06,25,8,17,0.68000000,38.2373,7,7 13 19 37 43 61 67 79 127 139 163 181 193 199 211 229 241,31 73 97 103 109 151 157 223
4499,214,7,217,7,350914,3,1.174040864186e-06,25,7,18,0.72000000,37.6973,7,7 13 19 31 61 79 97 103 109 127 139 151 181 193 199 211 229 241,37 43 67 73 157 163 223
4500,185,6,144,7,109807,3,1.174245504883e-06,25,7,18,0.72000000,38.2373,7,7 13 31 37 43 61 67 73 79 103 109 127 151 163 199 211 223 229,19 97 139 157 181 193 241
4501,175,7,248,7,397325,3,1.174464343566e-06,25,9,16,0.64000000,37.6973,7,7 31 37 43 67 73 79 97 103 109 139 157 163 181 193 241,13 19 61 127 151 199 211 223 229
4502,125,5,138,6,19072,3,1.175398796975e-06,25,7,18,0.72000000,38.2373,13,13 19 31 37 43 61 67 73 79 103 127 139 151 193 211 223 229 241,7 97 109 157 163 181 199
4503,192,7,197,7,276476,3,1.175576441066e-06,25,11,14,0.56000000,37.6973,7,7 19 31 43 79 109 139 157 193 199 211 223 229 241,13 37 61 67 73 97 103 127 151 163 181
4504,226,6,207,7,254162,3,1.175666010014e-06,25,10,15,0.60000000,38.2373,7,7 13 31 37 43 61 73 97 139 193 199 211 223 229 241,19 67 79 103 109 127 151 157 163 181
4505,125,7,213,7,273096,3,1.176174153870e-06,25,7,18,0.72000000,37.6973,7,7 19 37 67 73 79 97 103 109 127 139 157 181 193 199 211 229 241,13 31 43 61 151 163 223
4506,115,7,179,7,183254,3,1.176627943631e-06,25,7,18,0.72000000,37.6973,19,19 31 43 61 67 73 79 97 103 109 127 151 163 193 199 211 229 241,7 13 37 139 157 181 223
4507,161,6,242,6,60210,3,1.176702693187e-06,25,12,13,0.52000000,38.6325,13,13 67 73 97 103 139 151 163 181 193 199 223 241,7 19 31 37 43 61 79 109 127 157 211 229
4508,81,7,190,7,207712,3,1.176721354166e-06,25,5,20,0.80000000,37.6973,7,7 19 37 43 61 67 73 79 97 103 109 139 151 157 163 181 193 211 229 241,13 31 127 199 223
4509,28,7,141,6,1675,4,1.176737695139e-06,53,19,34,0.64150943,73.5585,5,5 11 13 17 23 29 31 41 43 53 67 71 73 83 97 107 109 113 131 137,3 7 19 37 47 59 61 79 89 101 103 127 151 157 199 223 239 241 251
4510,120,6,137,7,96863,3,1.177223636108e-06,25,8,17,0.68000000,38.2373,7,7 13 19 31 43 61 73 97 127 151 163 181 193 199 211 229 241,37 67 79 103 109 139 157 223
4511,64,7,153,7,125296,3,1.177935013837e-06,25,12,13,0.52000000,37.6973,13,13 43 61 97 127 151 157 181 193 199 211 223 241,7 19 31 37 67 73 79 103 109 139 163 229
4512,128,6,153,7,125296,3,1.177935013837e-06,25,12,13,0.52000000,38.2373,13,13 43 61 97 127 151 157 181 193 199 211 223 241,7 19 31 37 67 73 79 103 109 139 163 229
4513,89,5,182,5,5899,3,1.178022095724e-06,25,6,19,0.76000000,37.5296,7,7 13 19 37 43 61 67 73 79 97 109 127 157 181 193 199 211 223 241,31 103 139 151 163 229
4514,180,6,227,6,55487,3,1.178470638500e-06,25,8,17,0.68000000,38.6325,7,7 13 31 37 43 61 67 73 79 97 109 151 157 163 181 199 223,19 103 127 139 193 211 229 241
4515,149,5,231,5,9009,3,1.178667593098e-06,25,7,18,0.72000000,37.5296,7,7 13 31 37 61 67 79 103 109 127 151 157 163 193 199 211 229 241,19 43 73 97 139 181 223
4516,133,7,180,7,189994,3,1.179141957902e-06,25,10,15,0.60000000,37.6973,7,7 19 37 61 67 73 79 97 103 109 139 151 193 199 223,13 31 43 127 157 163 181 211 229 241
4517,199,4,83,6,6900,3,1.179358860792e-06,25,11,14,0.56000000,40.2466,7,7 31 37 61 67 79 103 151 157 181 193 211 223 241,13 19 43 73 97 109 127 139 163 199 229
4518,137,7,143,7,128637,3,1.179479894268e-06,25,8,17,0.68000000,37.6973,13,13 19 67 73 79 97 103 127 139 151 157 163 181 193 211 223 229,7 31 37 43 61 109 199 241
4519,175,7,198,7,256911,3,1.179563579684e-06,25,8,17,0.68000000,37.6973,7,7 13 19 31 37 67 79 103 139 157 181 193 199 211 223 229 241,43 61 73 97 109 127 151 163
4520,91,7,153,7,126292,3,1.179702517220e-06,25,9,16,0.64000000,37.6973,13,13 19 37 67 73 97 103 109 127 139 163 193 199 223 229 241,7 31 43 61 79 151 157 181 211
4521,111,6,113,7,61896,3,1.180555122054e-06,25,8,17,0.68000000,38.2373,7,7 19 31 37 43 61 73 103 109 127 139 151 157 163 181 199 211,13 67 79 97 193 223 229 241
4522,89,7,181,7,185746,3,1.181151363101e-06,25,8,17,0.68000000,37.6973,7,7 19 31 37 43 61 73 79 97 109 139 151 181 199 211 229 241,13 67 103 127 157 163 193 223
4523,211,6,202,7,239928,3,1.181220167636e-06,25,5,20,0.80000000,38.2373,13,13 31 37 43 61 67 97 103 109 127 139 151 157 163 193 199 211 223 229 241,7 19 73 79 181
4524,142,5,81,7,470,5,1.181372699341e-06,13,3,10,0.76923077,28.9853,11,11 41 61 71 101 131 151 181 191 211,31 241 251
4525,221,6,146,7,115244,3,1.181721617427e-06,25,12,13,0.52000000,38.2373,13,13 31 37 43 79 97 109 127 139 181 199 211 223,7 19 61 67 73 103 151 157 163 193 229 241
4526,106,7,247,7,383131,3,1.181746126981e-06,25,7,18,0.72000000,37.6973,7,7 13 31 43 67 73 79 103 109 139 157 163 181 193 199 211 223 241,19 37 61 97 127 151 229
4527,162,6,113,7,63275,3,1.182058746525e-06,25,7,18,0.72000000,38.2373,7,7 19 31 37 43 61 73 79 97 103 127 157 163 181 199 211 229 241,13 67 109 139 151 193 223
4528,143,7,227,7,318408,3,1.182071394779e-06,25,10,15,0.60000000,37.6973,13,13 19 43 61 67 73 97 103 109 139 157 163 199 223 241,7 31 37 79 127 151 181 193 211 229
4529,228,7,229,7,402185,3,1.182477385794e-06,25,7,18,0.72000000,37.6973,7,7 13 31 37 43 67 73 79 97 103 139 151 163 193 199 211 223 241,19 61 109 127 157 181 229
4530,144,7,179,7,192847,3,1.183501303365e-06,25,9,16,0.64000000,37.6973,13,13 31 37 67 73 79 103 139 157 163 193 199 211 223 229 241,7 19 43 61 97 109 127 151 181
4531,48,6,121,6,14660,3,1.183501808916e-06,25,5,20,0.80000000,38.6325,7,7 13 31 37 61 67 73 79 97 103 127 139 151 157 163 193 211 223 229 241,19 43 109 181 199
4532,68,7,99,7,46405,3,1.183542658362e-06,25,7,18,0.72000000,37.6973,19,19 31 37 43 61 73 79 97 109 127 139 151 157 163 181 193 211 223,7 13 67 103 199 229 241
4533,216,7,233,7,389779,3,1.183604090253e-06,25,9,16,0.64000000,37.6973,13,13 19 31 37 61 73 97 109 139 151 157 163 181 193 199 229,7 43 67 79 103 127 211 223 241
4534,237,6,128,7,90457,3,1.183765667041e-06,25,3,22,0.88000000,38.2373,7,7 13 19 31 37 43 61 67 79 97 103 109 139 151 157 163 181 193 199 211,73 127 241
4535,211,7,216,7,343575,3,1.184147543480e-06,25,7,18,0.72000000,37.6973,19,19 31 37 67 73 79 97 109 127 139 157 163 181 193 199 223 229 241,7 13 43 61 103 151 211
4536,249,6,250,7,394237,3,1.184544818229e-06,25,7,18,0.72000000,38.2373,13,13 19 31 37 43 61 67 73 79 97 103 109 127 151 181 199 229 241,7 139 157 163 193 211 223
4537,193,5,87,6,8885,3,1.184865262024e-06,25,9,16,0.64000000,38.2373,7,7 19 31 37 43 67 73 79 97 103 109 127 157 181 199 229,13 61 139 151 163 193 211 223 241
4538,203,6,242,7,365127,3,1.184916402494e-06,25,10,15,0.60000000,38.2373,7,7 13 19 37 43 61 73 79 97 109 157 181 193 229 241,31 67 103 127 139 151 163 199 211 223
4539,121,7,195,7,223076,3,1.184929725057e-06,25,8,17,0.68000000,37.6973,13,13 19 31 37 43 67 73 109 127 151 157 181 199 211 223 229 241,7 61 79 97 103 139 163 193
4540,99,6,208,6,43431,3,1.185290773946e-06,25,10,15,0.60000000,38.6325,7,7 31 37 43 73 79 97 103 139 157 163 181 193 211 241,13 19 61 67 109 127 151 199 223 229
4541,151,4,101,5,2226,3,1.185312871867e-06,25,7,18,0.72000000,38.2373,7,7 19 31 37 43 61 67 73 79 97 109 127 157 199 211 223 229 241,13 103 139 151 163 181 193
4542,139,7,237,7,350344,3,1.185360882021e-06,25,4,21,0.84000000,37.6973,7,7 19 31 37 43 61 67 79 97 103 127 139 151 157 181 193 199 211 223 229,13 73 109 163
4543,248,6,185,7,197033,3,1.185568241583e-06,25,10,15,0.60000000,38.2373,7,7 13 19 43 61 67 73 79 97 103 139 151 163 181 211,31 37 109 127 157 193 199 223 229 241
4544,72,7,217,6,48551,3,1.186096554974e-06,25,11,14,0.56000000,38.2373,7,7 13 19 31 43 67 127 151 157 163 181 193 223 241,37 61 73 79 97 103 109 139 199 211 229
4545,129,7,233,7,335831,3,1.186150403001e-06,25,5,20,0.80000000,37.6973,7,7 13 19 31 37 43 61 67 79 97 109 127 139 151 157 163 193 211 223 229,73 103 181 199 241
4546,244,6,245,6,75320,3,1.186220466001e-06,25,8,17,0.68000000,38.6325,19,19 31 43 67 73 79 97 109 127 139 157 163 181 193 199 211 229,7 13 37 61 103 151 223 241
4547,233,6,183,7,191595,3,1.186239705330e-06,25,14,11,0.44000000,38.2373,7,7 13 37 73 79 109 127 139 157 229 241,19 31 43 61 67 97 103 151 163 181 193 199 211 223
4548,164,7,177,7,205146,3,1.186289827054e-06,25,13,12,0.48000000,37.6973,7,7 13 19 37 43 79 139 151 163 181 211 223,31 61 67 73 97 103 109 127 157 193 199 229 241
4549,94,7,165,7,150287,3,1.186453013282e-06,25,10,15,0.60000000,37.6973,19,19 31 61 67 79 97 103 109 139 151 157 199 211 223 229,7 13 37 43 73 127 163 181 193 241
4550,63,6,193,6,37264,3,1.186505185988e-06,25,9,16,0.64000000,38.6325,13,13 31 61 67 79 97 103 109 139 151 157 163 181 199 223 229,7 19 37 43 73 127 193 211 241
4551,138,7,215,7,281004,3,1.186914051671e-06,25,6,19,0.76000000,37.6973,7,7 13 19 37 43 61 67 73 97 103 109 127 139 151 157 163 181 193 241,31 79 199 211 223 229
4552,167,7,192,7,236578,3,1.187049536585e-06,25,10,15,0.60000000,37.6973,7,7 37 61 67 79 97 103 109 127 151 157 163 193 199 223,13 19 31 43 73 139 181 211 229 241
4553,203,7,239,7,388748,3,1.187199161558e-06,25,8,17,0.68000000,37.6973,19,19 37 43 67 73 103 109 139 151 157 163 181 193 199 211 229 241,7 13 31 61 79 97 127 223
4554,220,6,247,7,383047,3,1.188073438054e-06,25,6,19,0.76000000,38.2373,7,7 37 43 61 67 73 97 103 109 127 139 151 157 163 181 193 199 211 223,13 19 31 79 229 241
4555,233,6,200,7,234892,3,1.188633548207e-06,25,10,15,0.60000000,38.2373,7,7 13 19 43 61 79 103 139 151 157 181 193 199 211 229,31 37 67 73 97 109 127 163 223 241
4556,208,7,245,7,411795,3,1.189080841971e-06,25,8,17,0.68000000,37.6973,7,7 13 19 37 61 67 73 79 97 109 127 139 163 181 193 223 241,31 43 103 151 157 199 211 229
4557,186,7,203,7,279812,3,1.189228552222e-06,25,7,18,0.72000000,37.6973,7,7 13 19 31 61 73 79 97 127 139 163 181 193 199 211 223 229 241,37 43 67 103 109 151 157
4558,191,6,116,7,69186,3,1.189446820793e-06,25,10,15,0.60000000,38.2373,7,7 19 37 43 73 79 103 127 139 151 157 181 193 211 241,13 31 61 67 97 109 163 199 223 229
4559,214,7,235,7,391778,3,1.189642138634e-06,25,7,18,0.72000000,37.6973,19,19 37 43 61 67 73 79 97 109 127 139 151 181 193 199 211 229 241,7 13 31 103 157 163 223
4560,215,6,226,7,311454,3,1.190064879672e-06,25,7,18,0.72000000,38.2373,7,7 13 19 31 37 67 73 79 97 109 139 157 163 181 193 199 223 229,43 61 103 127 151 211 241
4561,132,7,227,7,316674,3,1.190646867366e-06,25,10,15,0.60000000,37.6973,7,7 19 31 43 61 67 73 127 151 157 163 193 199 229 241,13 37 79 97 103 109 139 181 211 223
4562,209,7,230,7,371972,3,1.190680841540e-06,25,7,18,0.72000000,37.6973,7,7 13 19 31 37 43 73 79 109 139 157 181 193 199 211 223 229 241,61 67 97 103 127 151 163
4563,123,5,61,6,4303,3,1.191399510155e-06,25,8,17,0.68000000,38.2373,7,7 13 37 43 67 73 79 97 109 151 163 181 193 211 223 229 241,19 31 61 103 127 139 157 199
4564,32,7,151,6,22823,3,1.192016778769e-06,25,9,16,0.64000000,38.2373,7,7 13 31 43 67 73 79 97 103 109 151 199 211 223 229 241,19 37 61 127 139 157 163 181 193
4565,128,5,151,6,22823,3,1.192016778769e-06,25,9,16,0.64000000,38.2373,7,7 13 31 43 67 73 79 97 103 109 151 199 211 223 229 241,19 37 61 127 139 157 163 181 193
4566,226,6,233,7,334462,3,1.192327738918e-06,25,11,14,0.56000000,38.2373,7,7 13 19 79 103 109 127 181 193 199 211 223 229 241,31 37 43 61 67 73 97 139 151 157 163
4567,122,7,231,7,328658,3,1.192386917748e-06,25,8,17,0.68000000,37.6973,7,7 19 43 61 67 79 103 109 127 139 151 157 193 199 211 223 229,13 31 37 73 97 163 181 241
4568,215,6,236,7,344465,3,1.192473405133e-06,25,11,14,0.56000000,38.2373,13,13 31 37 67 73 79 109 127 139 157 199 211 229 241,7 19 43 61 97 103 151 163 181 193 223
4569,247,6,162,7,146672,3,1.192531220017e-06,25,6,19,0.76000000,38.2373,7,7 13 19 37 61 73 79 97 103 127 139 157 163 181 193 199 211 223 229,31 43 67 109 151 241
4570,181,6,226,6,55223,3,1.192827969918e-06,25,7,18,0.72000000,38.6325,7,7 31 37 61 67 73 79 97 103 109 127 139 151 157 193 199 223 229,13 19 43 163 181 211 241
4571,75,7,181,7,185447,3,1.192850929772e-06,25,11,14,0.56000000,37.6973,7,7 13 19 31 67 73 97 103 157 181 193 199 223 229,37 43 61 79 109 127 139 151 163 211 241
4572,187,7,240,7,377652,3,1.193163633461e-06,25,7,18,0.72000000,37.6973,13,13 19 37 43 73 79 97 103 109 127 151 157 163 193 211 223 229 241,7 31 61 67 139 181 199
4573,186,6,215,6,51947,3,1.193665473285e-06,25,12,13,0.52000000,38.6325,7,7 19 61 67 73 79 97 103 109 139 151 163 211,13 31 37 43 127 157 181 193 199 223 229 241
4574,169,6,189,7,205180,3,1.193718635903e-06,25,5,20,0.80000000,38.2373,13,13 19 31 37 43 67 73 79 97 103 127 139 151 157 163 193 199 211 223 241,7 61 109 181 229
4575,189,6,92,7,46626,3,1.194027735543e-06,25,13,12,0.48000000,38.2373,37,37 61 67 79 97 103 127 139 163 181 211 223,7 13 19 31 43 73 109 151 157 193 199 229 241
4576,109,6,110,7,58142,3,1.194165628131e-06,25,11,14,0.56000000,38.2373,13,13 31 43 67 73 97 103 127 151 157 163 223 229 241,7 19 37 61 79 109 139 181 193 199 211
4577,212,6,227,6,61056,3,1.194295486624e-06,25,6,19,0.76000000,38.6325,7,7 31 37 43 61 67 73 79 97 103 109 139 151 163 199 211 223 229 241,13 19 127 157 181 193
4578,222,7,233,7,399700,3,1.194370053014e-06,25,7,18,0.72000000,37.6973,31,31 43 61 67 73 79 97 103 109 127 139 151 157 193 199 223 229 241,7 13 19 37 163 181 211
4579,61,7,158,6,26543,3,1.194396216063e-06,25,14,11,0.44000000,38.2373,19,19 43 73 97 151 157 163 193 199 211 223,7 13 31 37 61 67 79 103 109 127 139 181 229 241
4580,163,6,126,7,80566,3,1.194448297269e-06,25,9,16,0.64000000,38.2373,19,19 31 37 43 61 67 73 97 103 109 127 157 193 199 223 241,7 13 79 139 151 163 181 211 229
4581,56,7,219,6,48210,3,1.194528574283e-06,25,6,19,0.76000000,38.2373,13,13 19 37 61 67 97 109 127 139 151 157 163 181 193 199 211 223 229 241,7 31 43 73 79 103
4582,155,7,222,7,306255,3,1.194633023310e-06,25,7,18,0.72000000,37.6973,31,31 37 43 61 73 97 103 109 127 139 151 157 181 199 211 223 229 241,7 13 19 67 79 163 193
4583,80,7,197,7,225953,3,1.194931406322e-06,25,6,19,0.76000000,37.6973,7,7 13 19 31 37 43 61 67 73 79 97 139 151 157 193 199 211 229 241,103 109 127 163 181 223
4584,50,6,57,7,12537,3,1.195136225407e-06,25,9,16,0.64000000,38.2373,7,7 13 31 37 43 67 79 103 109 139 151 157 163 181 223 241,19 61 73 97 127 193 199 211 229
4585,243,6,229,7,321501,3,1.195171346700e-06,25,11,14,0.56000000,38.2373,13,13 31 37 61 79 97 109 139 151 157 163 181 211 223,7 19 43 67 73 103 127 193 199 229 241
4586,214,6,241,7,361688,3,1.195586873404e-06,25,8,17,0.68000000,38.2373,7,7 19 31 67 73 79 103 109 127 139 157 163 181 193 199 211 223,13 37 43 61 97 151 229 241
4587,134,7,233,7,336366,3,1.195976943017e-06,25,7,18,0.72000000,37.6973,7,7 13 19 31 37 67 73 79 103 127 151 157 163 193 199 211 223 241,43 61 97 109 139 181 229
4588,85,6,103,7,49781,3,1.196358833318e-06,25,13,12,0.48000000,38.2373,13,13 31 37 43 79 109 127 139 157 181 193 211,7 19 61 67 73 97 103 151 163 199 223 229 241
4589,106,7,233,7,334513,3,1.196721811810e-06,25,9,16,0.64000000,37.6973,7,7 13 37 61 97 103 109 127 151 157 163 181 193 211 223 241,19 31 43 67 73 79 139 199 229
4590,182,6,191,7,210367,3,1.198037410882e-06,25,9,16,0.64000000,38.2373,7,7 13 19 31 37 43 79 103 127 139 151 157 163 193 211 223,61 67 73 97 109 181 199 229 241
4591,133,7,219,7,291999,3,1.198307452639e-06,25,10,15,0.60000000,37.6973,7,7 19 31 37 73 79 97 127 139 151 181 211 223 229 241,13 43 61 67 103 109 157 163 193 199
4592,41,6,210,5,7448,3,1.198446514222e-06,25,9,16,0.64000000,38.2373,31,31 37 61 67 73 79 103 109 127 139 151 193 211 223 229 241,7 13 19 43 97 157 163 181 199
4593,126,7,241,7,362725,3,1.198548715101e-06,25,8,17,0.68000000,37.6973,7,7 13 19 31 37 43 61 67 73 79 97 103 127 139 157 163 223,109 151 181 193 199 211 229 241
4594,207,6,245,6,66565,3,1.198572885032e-06,25,7,18,0.72000000,38.6325,19,19 31 61 67 73 79 103 109 127 139 151 157 163 181 199 211 223 241,7 13 37 43 97 193 229
4595,143,7,199,7,238588,3,1.198652310517e-06,25,12,13,0.52000000,37.6973,13,13 37 61 67 73 127 157 181 193 199 211 229 241,7 19 31 43 79 97 103 109 139 151 163 223
4596,212,7,239,7,399562,3,1.198710785260e-06,25,6,19,0.76000000,37.6973,7,7 19 37 43 61 73 79 97 109 127 139 151 163 181 193 199 211 223 241,13 31 67 103 157 229
4597,121,7,169,7,162829,3,1.199307082193e-06,25,8,17,0.68000000,37.6973,7,7 13 37 43 61 67 73 79 97 109 151 157 163 193 199 211 223,19 31 103 127 139 181 229 241
4598,170,5,213,6,45392,3,1.199628270175e-06,25,8,17,0.68000000,38.2373,7,7 19 31 61 67 73 97 109 151 157 181 193 199 211 223 229 241,13 37 43 79 103 127 139 163
4599,216,6,179,7,181607,3,1.200556772668e-06,25,12,13,0.52000000,38.2373,7,7 13 19 37 73 97 103 151 157 163 199 223 241,31 43 61 67 79 109 127 139 181 193 211 229
4600,76,7,93,7,42137,3,1.200726779010e-06,25,11,14,0.56000000,37.6973,19,19 31 37 61 67 73 79 127 139 163 193 199 211 229,7 13 43 97 103 109 151 157 181 223 241
4601,172,6,179,7,180839,3,1.200852568968e-06,25,4,21,0.84000000,38.2373,7,7 13 19 31 37 43 67 73 79 97 109 127 139 157 163 181 193 199 211 223,61 103 151 241
4602,82,7,187,7,200177,3,1.200905724980e-06,25,10,15,0.60000000,37.6973,7,7 31 37 61 73 79 109 127 139 151 157 163 193 211 223,13 19 43 67 97 103 181 199 229 241
4603,199,6,210,7,262428,3,1.201041044163e-06,25,15,10,0.40000000,38.2373,31,31 67 73 79 109 127 151 163 181 193,7 13 19 37 43 61 97 103 139 157 199 211 223 229 241
4604,179,7,201,7,267507,3,1.201073505587e-06,25,9,16,0.64000000,37.6973,7,7 13 31 37 43 73 109 127 151 157 181 193 199 223 229 241,19 61 67 79 97 103 139 163 211
4605,121,5,135,6,18251,3,1.201111486423e-06,25,11,14,0.56000000,38.2373,7,7 13 31 73 79 109 127 151 157 163 211 223 229 241,19 37 43 61 67 97 103 139 181 193 199
4606,99,5,134,6,357,5,1.201233130847e-06,13,3,10,0.76923077,28.9853,11,11 31 41 61 101 151 181 191 211 251,71 131 241
4607,209,6,149,7,119670,3,1.201242519103e-06,25,7,18,0.72000000,38.2373,7,7 19 37 43 61 67 79 103 109 127 151 157 181 193 211 223 229 241,13 31 73 97 139 163 199
4608,160,7,219,7,299425,3,1.201380837166e-06,25,5,20,0.80000000,37.6973,13,13 19 31 37 43 61 67 73 79 97 103 109 127 151 157 163 193 199 223 229,7 139 181 211 241
4609,131,7,200,7,237887,3,1.201725419439e-06,25,13,12,0.48000000,37.6973,7,7 13 37 43 67 73 103 109 157 163 211 229,19 31 61 79 97 127 139 151 181 193 199 223 241
4610,76,7,149,7,118049,3,1.202314819376e-06,25,7,18,0.72000000,37.6973,13,13 19 31 37 43 61 67 73 79 97 109 127 139 151 181 199 229 241,7 103 157 163 193 211 223
4611,91,6,209,6,43780,3,1.202557138870e-06,25,6,19,0.76000000,38.6325,31,31 43 61 67 73 79 97 109 127 139 151 157 163 181 193 199 223 229 241,7 13 19 37 103 211
4612,105,6,223,6,49909,3,1.202620886607e-06,25,8,17,0.68000000,38.6325,31,31 61 67 73 79 97 103 127 139 157 163 181 193 199 211 229 241,7 13 19 37 43 109 151 223
4613,101,7,219,7,289519,3,1.204214491818e-06,25,11,14,0.56000000,37.6973,7,7 19 31 43 67 73 97 103 109 127 151 163 181 229,13 37 61 79 139 157 193 199 211 223 241
4614,91,7,222,6,108,7,1.204301320502e-06,8,0,8,1.00000000,21.6213,29,29 43 71 113 127 197 211 239,
4615,197,7,233,7,365423,3,1.204337693250e-06,25,8,17,0.68000000,37.6973,7,7 13 19 31 37 61 73 79 109 127 139 157 163 181 193 199 229,43 67 97 103 151 211 223 241
4616,128,7,191,7,214261,3,1.204521096215e-06,25,7,18,0.72000000,37.6973,7,7 13 19 31 37 43 61 73 79 103 139 151 157 163 181 193 199 229,67 97 109 127 211 223 241
4617,163,6,206,6,45657,3,1.204651760810e-06,25,12,13,0.52000000,38.6325,7,7 13 31 79 97 109 139 181 193 199 211 223 241,19 37 43 61 67 73 103 127 151 157 163 229
4618,179,6,214,6,50520,3,1.204858173311e-06,25,8,17,0.68000000,38.6325,7,7 31 37 67 73 79 97 103 109 127 139 181 193 199 211 223 241,13 19 43 61 151 157 163 229
4619,219,6,235,7,341110,3,1.205020337357e-06,25,8,17,0.68000000,38.2373,7,7 31 37 43 67 73 79 97 103 127 157 163 181 199 211 229 241,13 19 61 109 139 151 193 223
4620,163,7,250,7,400192,3,1.205253251785e-06,25,9,16,0.64000000,37.6973,13,13 19 31 37 73 79 97 127 139 151 157 163 193 211 229 241,7 43 61 67 103 109 181 199 223
4621,166,6,149,7,118199,3,1.205470756103e-06,25,8,17,0.68000000,38.2373,7,7 19 37 43 61 67 79 97 109 139 151 157 193 199 211 223 241,13 31 73 103 127 163 181 229
4622,227,7,229,7,400175,3,1.206178009012e-06,25,10,15,0.60000000,37.6973,31,31 37 43 67 79 103 109 139 151 163 181 193 199 223 241,7 13 19 61 73 97 127 157 211 229
4623,155,6,173,7,166932,3,1.206239832244e-06,25,9,16,0.64000000,38.2373,19,19 31 37 43 73 103 109 139 157 163 181 193 199 211 223 229,7 13 61 67 79 97 127 151 241
4624,180,7,217,7,306453,3,1.206252227121e-06,25,9,16,0.64000000,37.6973,7,7 13 31 61 67 73 79 97 109 127 163 181 193 223 229 241,19 37 43 103 139 151 157 199 211
4625,75,6,178,6,31743,3,1.206581069598e-06,25,6,19,0.76000000,38.6325,7,7 13 19 31 43 61 67 79 97 103 109 127 139 181 193 199 211 223 241,37 73 151 157 163 229
4626,103,7,202,7,240129,3,1.206809160853e-06,25,13,12,0.48000000,37.6973,7,7 31 67 73 97 103 139 151 157 181 193 229,13 19 37 43 61 79 109 127 163 199 211 223 241
4627,169,5,184,5,7039,3,1.207248432655e-06,25,10,15,0.60000000,37.5296,7,7 13 37 43 61 67 73 103 109 127 139 157 163 181 223,19 31 79 97 151 193 199 211 229 241
4628,231,5,248,5,11686,3,1.207326662029e-06,25,9,16,0.64000000,37.5296,7,7 19 31 37 103 109 127 139 151 157 163 181 193 199 211 229,13 43 61 67 73 79 97 223 241
4629,238,6,121,7,82499,3,1.207804209461e-06,25,12,13,0.52000000,38.2373,7,7 37 43 61 97 151 157 163 181 193 199 211 223,13 19 31 67 73 79 103 109 127 139 229 241
4630,179,5,114,6,13349,3,1.207904662366e-06,25,7,18,0.72000000,38.2373,7,7 31 37 43 61 73 79 103 109 127 139 163 181 193 199 211 223 241,13 19 67 97 151 157 229
4631,157,7,202,7,252375,3,1.208075196899e-06,25,6,19,0.76000000,37.6973,7,7 13 19 31 43 61 67 73 79 97 103 109 139 151 181 193 199 211 223,37 127 157 163 229 241
4632,149,6,219,6,49497,3,1.208384936946e-06,25,12,13,0.52000000,38.6325,7,7 13 31 43 61 67 97 109 139 157 181 199 241,19 37 73 79 103 127 151 163 193 211 223 229
4633,118,7,215,7,278299,3,1.208462602814e-06,25,6,19,0.76000000,37.6973,7,7 13 19 31 61 67 79 103 109 127 139 151 157 181 193 199 211 223 229,37 43 73 97 163 241
4634,213,6,223,7,301905,3,1.208884362059e-06,25,12,13,0.52000000,38.2373,13,13 19 31 43 73 79 103 109 127 139 151 157 181,7 37 61 67 97 163 193 199 211 223 229 241
4635,89,6,108,7,55600,3,1.209166577379e-06,25,12,13,0.52000000,38.2373,7,7 13 19 43 67 109 127 157 163 181 193 211 229,31 37 61 73 79 97 103 139 151 199 223 241
4636,121,7,219,7,290599,3,1.209307711361e-06,25,8,17,0.68000000,37.6973,7,7 13 19 31 61 67 73 79 97 109 151 157 181 199 211 223 229,37 43 103 127 139 163 193 241
4637,191,7,232,7,356868,3,1.209369482782e-06,25,7,18,0.72000000,37.6973,7,7 13 31 37 43 73 97 103 109 127 139 151 157 163 193 223 229 241,19 61 67 79 181 199 211
4638,125,6,196,6,39259,3,1.209909959209e-06,25,9,16,0.64000000,38.6325,31,31 61 67 73 79 97 103 127 139 157 163 181 199 211 223 241,7 13 19 37 43 109 151 193 229
4639,72,7,113,7,62598,3,1.210228167196e-06,25,7,18,0.72000000,37.6973,7,7 13 31 43 61 67 103 109 127 139 151 157 163 181 193 199 223 241,19 37 73 79 97 211 229
4640,193,6,219,7,289298,3,1.210470137052e-06,25,10,15,0.60000000,38.2373,7,7 19 37 61 79 97 109 139 157 181 193 199 223 229 241,13 31 43 67 73 103 127 151 163 211
4641,103,7,242,6,68672,3,1.210611481761e-06,25,7,18,0.72000000,38.2373,13,13 19 31 37 43 67 79 97 109 127 139 151 157 163 181 193 199 223,7 61 73 103 211 229 241
4642,229,6,195,7,221487,3,1.210639358596e-06,25,11,14,0.56000000,38.2373,19,19 31 61 67 79 97 103 139 151 157 181 199 223 241,7 13 37 43 73 109 127 163 193 211 229
4643,117,6,154,6,1997,4,1.210786892069e-06,53,22,31,0.58490566,72.9271,13,13 17 19 23 29 37 41 43 47 53 59 61 67 71 73 101 103 107 127 137,3 5 7 11 31 79 83 89 97 109 113 131 151 163 167 173 181 191 193 223
4644,94,7,133,7,92870,3,1.211087820082e-06,25,11,14,0.56000000,37.6973,7,7 13 31 37 67 79 97 103 109 139 181 199 229 241,19 43 61 73 127 151 157 163 193 211 223
4645,198,7,227,7,350310,3,1.211254793351e-06,25,9,16,0.64000000,37.6973,7,7 13 31 37 67 73 79 97 103 109 127 139 151 211 223 229,19 43 61 157 163 181 193 199 241
4646,145,7,223,7,306424,3,1.211347849346e-06,25,6,19,0.76000000,37.6973,7,7 13 19 31 37 67 73 97 103 109 151 157 163 193 199 211 223 229 241,43 61 79 127 139 181
4647,134,6,185,6,35799,3,1.211624466946e-06,25,10,15,0.60000000,38.6325,7,7 13 31 73 79 97 109 139 157 163 181 193 199 223 241,19 37 43 61 67 103 127 151 211 229
4648,231,6,248,7,386754,3,1.211734108175e-06,25,9,16,0.64000000,38.2373,7,7 13 43 73 79 97 103 109 139 157 181 193 199 211 229 241,19 31 37 61 67 127 151 163 223
4649,247,5,80,7,27974,3,1.212394703791e-06,25,8,17,0.68000000,38.2373,13,13 19 37 67 79 97 103 109 127 139 151 157 181 193 199 223 241,7 31 43 61 73 163 211 229
4650,185,4,162,5,4831,3,1.212733588898e-06,25,12,13,0.52000000,38.2373,7,7 31 61 67 73 79 109 127 151 163 199 223 241,13 19 37 43 97 103 139 157 181 193 211 229
4651,161,7,170,7,190446,3,1.212861466484e-06,25,11,14,0.56000000,37.6973,7,7 13 19 37 67 73 97 103 109 127 157 181 223 229,31 43 61 79 139 151 163 193 199 211 241
4652,62,6,71,6,5697,3,1.213451040273e-06,25,9,16,0.64000000,38.6325,7,7 19 67 73 97 103 109 139 151 157 163 181 199 211 223 241,13 31 37 43 61 79 127 193 229
4653,193,6,188,7,202893,3,1.213571726911e-06,25,9,16,0.64000000,38.2373,13,13 37 67 73 79 97 103 127 139 151 157 181 193 199 223 241,7 19 31 43 61 109 163 211 229
4654,92,7,209,7,259500,3,1.214039087083e-06,25,9,16,0.64000000,37.6973,13,13 19 31 37 61 67 97 103 109 127 139 151 163 199 211 241,7 43 73 79 157 181 193 223 229
4655,198,6,145,7,112079,3,1.214051478745e-06,25,7,18,0.72000000,38.2373,19,19 31 37 43 61 67 73 79 103 127 139 151 181 193 199 211 223 241,7 13 97 109 157 163 229
4656,228,6,227,7,314809,3,1.214258867510e-06,25,8,17,0.68000000,38.2373,7,7 13 31 37 43 61 67 97 103 109 127 157 163 193 199 211 229,19 73 79 139 151 181 223 241
4657,125,7,176,7,178714,3,1.214339826209e-06,25,12,13,0.52000000,37.6973,13,13 31 37 67 79 97 127 139 151 181 193 211 223,7 19 43 61 73 103 109 157 163 199 229 241
4658,103,7,232,7,331103,3,1.215003838388e-06,25,9,16,0.64000000,37.6973,19,19 31 37 43 61 73 79 103 127 139 157 181 193 199 211 241,7 13 67 97 109 151 163 223 229
4659,221,6,214,7,274442,3,1.215128060996e-06,25,12,13,0.52000000,38.2373,7,7 13 19 31 37 61 67 79 97 139 157 163 181,43 73 103 109 127 151 193 199 211 223 229 241
4660,204,6,103,7,57995,3,1.215131915365e-06,25,11,14,0.56000000,38.2373,19,19 31 37 43 61 73 79 97 109 139 151 163 199 223,7 13 67 103 127 157 181 193 211 229 241
4661,29,7,33,7,3912,3,1.215302004310e-06,25,10,15,0.60000000,37.6973,13,13 37 67 73 79 97 103 127 157 163 181 193 223 229 241,7 19 31 43 61 109 139 151 199 211
4662,97,7,129,7,87732,3,1.215348401061e-06,25,9,16,0.64000000,37.6973,7,7 13 31 61 97 103 109 139 151 157 163 181 193 199 211 229,19 37 43 67 73 79 127 223 241
4663,188,5,247,6,61030,3,1.215857354783e-06,25,10,15,0.60000000,38.2373,13,13 19 43 79 97 103 109 127 163 181 193 199 211 223 241,7 31 37 61 67 73 139 151 157 229
4664,204,6,149,7,119407,3,1.216513136444e-06,25,8,17,0.68000000,38.2373,7,7 19 31 37 61 67 73 97 103 109 127 139 151 163 181 211 241,13 43 79 157 193 199 223 229
4665,86,6,225,5,9937,3,1.217049628193e-06,25,8,17,0.68000000,38.2373,7,7 13 19 31 43 67 73 79 97 109 127 139 151 163 193 211 241,37 61 103 157 181 199 223 229
4666,232,5,131,7,87186,3,1.217317567496e-06,25,10,15,0.60000000,38.2373,19,19 61 73 97 103 109 127 151 157 163 181 193 223 229 241,7 13 31 37 43 67 79 139 199 211
4667,246,6,245,7,376119,3,1.217442179282e-06,25,9,16,0.64000000,38.2373,13,13 19 37 43 61 73 79 103 109 127 139 157 163 193 199 223,7 31 67 97 151 181 211 229 241
4668,94,4,147,5,4096,3,1.217515091412e-06,25,10,15,0.60000000,38.2373,7,7 43 79 97 109 127 139 151 157 163 181 211 223 229 241,13 19 31 37 61 67 73 103 193 199
4669,188,6,215,7,277113,3,1.217824021451e-06,25,11,14,0.56000000,38.2373,19,19 67 79 97 109 127 151 163 181 193 199 223 229 241,7 13 31 37 43 61 73 103 139 157 211
4670,149,7,238,7,355388,3,1.218176226011e-06,25,4,21,0.84000000,37.6973,7,7 13 19 31 37 61 67 97 103 109 127 139 151 157 163 181 193 199 211 223,43 73 79 229
4671,233,6,202,7,240343,3,1.218302357761e-06,25,10,15,0.60000000,38.2373,13,13 31 37 43 67 73 109 127 139 151 163 181 199 229 241,7 19 61 79 97 103 157 193 211 223
4672,183,6,98,7,49916,3,1.218719673791e-06,25,10,15,0.60000000,38.2373,13,13 19 31 37 73 79 103 109 139 157 199 211 223 229 241,7 43 61 67 97 127 151 163 181 193
4673,187,6,213,7,271142,3,1.219030129478e-06,25,10,15,0.60000000,38.2373,7,7 13 19 43 61 67 97 103 109 127 157 181 193 199 223,31 37 73 79 139 151 163 211 229 241
4674,27,7,29,7,408,4,1.219187260659e-06,53,18,35,0.66037736,72.1671,3,3 5 13 17 23 29 31 37 47 53 59 61 67 73 79 83 89 97 101 107,7 11 19 41 43 71 103 113 127 137 167 179 193 197 211 227 241 251
4675,119,7,241,7,362303,3,1.219636617904e-06,25,10,15,0.60000000,37.6973,7,7 13 37 61 73 79 103 127 139 151 157 163 199 229 241,19 31 43 67 97 109 181 193 211 223
4676,67,7,233,6,54966,3,1.219726027728e-06,25,13,12,0.48000000,38.2373,7,7 19 31 37 61 103 127 151 157 193 211 229,13 43 67 73 79 97 109 139 163 181 199 223 241
4677,223,4,91,6,8293,3,1.219839278224e-06,25,9,16,0.64000000,40.2466,13,13 19 37 61 67 73 79 97 103 109 139 157 181 193 199 241,7 31 43 127 151 163 211 223 229
4678,107,7,249,7,390412,3,1.220162592544e-06,25,10,15,0.60000000,37.6973,31,31 37 67 73 79 97 103 109 139 151 163 193 199 211 241,7 13 19 43 61 127 157 181 223 229
4679,160,6,167,7,153818,3,1.220371263427e-06,25,8,17,0.68000000,38.2373,13,13 19 31 37 67 97 103 109 127 139 163 181 193 199 211 223 241,7 43 61 73 79 151 157 229
4680,187,7,246,7,396882,3,1.220602729241e-06,25,9,16,0.64000000,37.6973,13,13 19 31 37 61 67 103 109 157 163 181 193 199 211 229 241,7 43 73 79 97 127 139 151 223
4681,193,6,156,7,132002,3,1.221002347249e-06,25,10,15,0.60000000,38.2373,7,7 19 31 37 43 67 73 79 127 151 157 181 193 223 229,13 61 97 103 109 139 163 199 211 241
4682,208,6,185,7,195722,3,1.221641318669e-06,25,8,17,0.68000000,38.2373,7,7 13 19 31 43 61 67 73 103 109 127 157 181 193 199 211 223,37 79 97 139 151 163 229 241
4683,63,7,157,7,133048,3,1.221657647522e-06,25,7,18,0.72000000,37.6973,7,7 13 19 31 37 67 73 97 103 109 139 151 157 163 199 211 223 241,43 61 79 127 181 193 229
4684,59,7,216,6,47034,3,1.221718277241e-06,25,9,16,0.64000000,38.2373,7,7 19 67 73 79 97 103 127 157 181 193 199 211 223 229 241,13 31 37 43 61 109 139 151 163
4685,115,7,186,7,199731,3,1.221759281093e-06,25,7,18,0.72000000,37.6973,13,13 19 31 67 73 79 97 103 109 139 151 157 163 181 211 223 229 241,7 37 43 61 127 193 199
4686,41,6,108,5,2689,3,1.222007945329e-06,25,12,13,0.52000000,38.2373,13,13 19 37 43 67 73 97 103 127 139 157 193 229,7 31 61 79 109 151 163 181 199 211 223 241
4687,103,6,158,6,25587,3,1.222990309446e-06,25,8,17,0.68000000,38.6325,7,7 31 43 61 67 73 109 139 151 157 163 181 193 199 211 223 241,13 19 37 79 97 103 127 229
4688,230,7,239,7,428344,3,1.223060372740e-06,25,10,15,0.60000000,37.6973,13,13 19 31 37 61 79 103 109 157 193 199 211 223 229 241,7 43 67 73 97 127 139 151 163 181
4689,82,7,163,7,145528,3,1.223222939502e-06,25,11,14,0.56000000,37.6973,13,13 31 43 61 73 79 109 127 163 193 199 223 229 241,7 19 37 67 97 103 139 151 157 181 211
4690,230,5,201,6,40532,3,1.223235170294e-06,25,9,16,0.64000000,38.2373,13,13 19 31 37 61 67 73 79 103 109 139 151 157 199 211 223,7 43 97 127 163 181 193 229 241
4691,131,6,156,7,131104,3,1.223564081115e-06,25,7,18,0.72000000,38.2373,7,7 19 31 37 43 61 67 73 79 97 139 157 163 181 193 199 211 241,13 103 109 127 151 223 229
4692,189,6,194,7,218193,3,1.224297693152e-06,25,9,16,0.64000000,38.2373,7,7 13 31 37 43 67 79 109 127 139 151 163 193 211 223 229,19 61 73 97 103 157 181 199 241
4693,219,6,158,7,136948,3,1.224878652799e-06,25,10,15,0.60000000,38.2373,7,7 13 31 43 67 73 103 139 157 181 193 199 211 223 241,19 37 61 79 97 109 127 151 163 229
4694,175,4,229,4,1545,3,1.225340787738e-06,25,9,16,0.64000000,39.1639,7,7 13 19 31 43 61 67 79 109 127 151 157 181 193 199 211,37 73 97 103 139 163 223 229 241
4695,89,6,193,6,37368,3,1.225389848290e-06,25,9,16,0.64000000,38.6325,7,7 13 61 67 73 79 103 127 139 157 181 199 211 223 229 241,19 31 37 43 97 109 151 163 193
4696,223,7,249,7,17163,4,1.225469747334e-06,53,24,29,0.54716981,72.1671,7,7 17 23 29 37 47 53 61 73 79 83 89 97 101 103 109 113 137 149 151,3 5 11 13 19 31 41 43 59 67 71 107 127 131 139 157 173 179 193 199
4697,144,5,245,5,9812,3,1.225823844488e-06,25,10,15,0.60000000,37.5296,7,7 19 37 43 61 67 79 97 103 127 139 151 157 181 193,13 31 73 109 163 199 211 223 229 241
4698,161,7,212,7,280418,3,1.226141901622e-06,25,12,13,0.52000000,37.6973,7,7 19 37 43 67 73 127 139 151 199 211 223 229,13 31 61 79 97 103 109 157 163 181 193 241
4699,203,4,250,5,9927,3,1.227381919972e-06,25,9,16,0.64000000,38.2373,7,7 13 61 67 79 103 109 127 139 151 157 163 193 211 223 229,19 31 37 43 73 97 181 199 241
4700,79,7,166,6,34236,3,1.227429887802e-06,25,7,18,0.72000000,38.2373,7,7 13 19 43 67 73 97 103 109 127 139 151 157 163 181 193 229 241,31 37 61 79 199 211 223
4701,200,5,207,6,42907,3,1.227581357257e-06,25,8,17,0.68000000,38.2373,7,7 13 19 31 67 73 79 103 109 127 139 151 181 211 223 229 241,37 43 61 97 157 163 193 199
4702,241,7,247,7,469222,3,1.227587882121e-06,25,9,16,0.64000000,37.6973,7,7 13 19 37 43 67 79 109 151 157 163 193 199 211 223 229,31 61 73 97 103 127 139 181 241
4703,99,6,245,6,60112,3,1.227648908438e-06,25,9,16,0.64000000,38.6325,13,13 31 37 67 73 79 103 109 127 139 157 181 193 199 211 223,7 19 43 61 97 151 163 229 241
4704,215,6,149,7,120028,3,1.227854293328e-06,25,7,18,0.72000000,38.2373,7,7 13 19 43 61 67 73 79 103 109 139 157 163 181 193 199 211 223,31 37 97 127 151 229 241
4705,172,6,221,7,295389,3,1.228032891983e-06,25,13,12,0.48000000,38.2373,7,7 19 31 43 127 151 157 163 181 199 211 229,13 37 61 67 73 79 97 103 109 139 193 223 241
4706,229,6,213,7,271601,3,1.228172671400e-06,25,9,16,0.64000000,38.2373,7,7 13 31 61 67 79 97 103 109 127 139 181 193 211 223 241,19 37 43 73 151 157 163 199 229
4707,77,7,184,7,192708,3,1.229674299998e-06,25,10,15,0.60000000,37.6973,7,7 13 31 37 61 73 79 97 103 139 157 181 199 223 229,19 43 67 109 127 151 163 193 211 241
4708,127,6,155,6,26238,3,1.229968680489e-06,25,8,17,0.68000000,38.6325,7,7 13 43 61 67 79 103 109 139 151 157 193 199 211 223 229 241,19 31 37 73 97 127 163 181
4709,175,7,233,7,348450,3,1.230244317281e-06,25,8,17,0.68000000,37.6973,7,7 13 19 31 61 73 79 97 103 109 139 151 157 163 211 223 229,37 43 67 127 181 193 199 241
4710,242,6,169,7,160548,3,1.230313918482e-06,25,11,14,0.56000000,38.2373,7,7 31 37 67 79 103 127 151 163 181 211 223 229 241,13 19 43 61 73 97 109 139 157 193 199
4711,197,5,98,7,44329,3,1.230434843263e-06,25,11,14,0.56000000,38.2373,19,19 31 37 43 61 73 79 109 127 151 181 193 199 211,7 13 67 97 103 139 157 163 223 229 241
4712,161,7,173,7,195237,3,1.230542364893e-06,25,12,13,0.52000000,37.6973,7,7 61 97 103 127 139 157 163 181 199 223 229 241,13 19 31 37 43 67 73 79 109 151 193 211
4713,194,5,59,7,14033,3,1.230669734647e-06,25,11,14,0.56000000,38.2373,43,43 61 97 103 109 127 139 151 181 199 211 223 229 241,7 13 19 31 37 67 73 79 157 163 193
4714,62,7,135,7,93627,3,1.230734451867e-06,25,9,16,0.64000000,37.6973,31,31 37 61 67 79 97 109 151 157 163 181 193 199 223 229 241,7 13 19 43 73 103 127 139 211
4715,68,4,223,4,22,7,1.231178578974e-06,8,2,6,0.75000000,22.1649,29,29 43 113 127 211 239,71 197
4716,181,6,135,7,94815,3,1.231285533177e-06,25,6,19,0.76000000,38.2373,7,7 13 19 31 43 61 67 73 97 109 127 139 151 157 163 211 223 229 241,37 79 103 181 193 199
4717,115,6,122,7,73961,3,1.231324195663e-06,25,9,16,0.64000000,38.2373,7,7 13 19 43 79 97 103 127 139 157 163 181 193 199 211 223,31 37 61 67 73 109 151 229 241
4718,87,4,194,4,1138,3,1.231543746152e-06,25,5,20,0.80000000,39.1639,13,13 37 43 61 67 73 97 109 127 139 151 157 163 181 193 199 211 223 229 241,7 19 31 79 103
4719,182,6,131,7,88723,3,1.231885549666e-06,25,6,19,0.76000000,38.2373,7,7 19 43 61 67 73 79 109 127 139 151 157 181 193 199 211 223 229 241,13 31 37 97 103 163
4720,171,6,86,7,39104,3,1.232035730331e-06,25,9,16,0.64000000,38.2373,7,7 13 19 31 61 67 73 79 103 109 139 151 163 193 199 211,37 43 97 127 157 181 223 229 241
4721,131,7,243,7,370099,3,1.232090309483e-06,25,11,14,0.56000000,37.6973,7,7 13 43 61 109 127 139 151 157 163 181 199 223 241,19 31 37 67 73 79 97 103 193 211 229
4722,184,6,95,7,47716,3,1.232157455496e-06,25,7,18,0.72000000,38.2373,7,7 13 31 43 61 67 73 79 97 103 127 157 163 181 193 223 229 241,19 37 109 139 151 199 211
4723,203,6,240,7,358135,3,1.232463875274e-06,25,7,18,0.72000000,38.2373,7,7 13 19 31 37 43 61 67 73 79 103 109 127 151 163 181 193 241,97 139 157 199 211 223 229
4724,107,5,54,6,3386,3,1.232674206208e-06,25,6,19,0.76000000,38.2373,7,7 19 31 37 61 73 97 109 127 139 151 157 163 181 193 199 223 229 241,13 43 67 79 103 211
4725,209,5,101,7,47565,3,1.232723349608e-06,25,11,14,0.56000000,38.2373,7,7 13 19 67 103 109 127 151 157 163 211 223 229 241,31 37 43 61 73 79 97 139 181 193 199
4726,217,7,222,7,366509,3,1.232815846771e-06,25,8,17,0.68000000,37.6973,7,7 13 31 37 43 61 73 79 97 103 127 139 163 193 199 211 223,19 67 109 151 157 181 229 241
4727,103,7,157,7,135253,3,1.233011771969e-06,25,9,16,0.64000000,37.6973,19,19 31 37 61 67 73 79 97 103 127 151 163 193 199 211 223,7 13 43 109 139 157 181 229 241
4728,156,5,79,7,26822,3,1.233486115367e-06,25,10,15,0.60000000,38.2373,31,31 37 43 73 79 109 127 151 157 163 181 193 199 211 241,7 13 19 61 67 97 103 139 223 229
4729,202,6,231,7,327623,3,1.233489022703e-06,25,5,20,0.80000000,38.2373,13,13 19 43 61 67 73 79 97 103 109 127 139 151 163 181 193 199 223 229 241,7 31 37 157 211
4730,107,6,63,7,17587,3,1.233525326631e-06,25,6,19,0.76000000,38.2373,13,13 19 31 37 61 67 73 97 103 109 139 157 163 181 193 199 211 223 229,7 43 79 127 151 241
4731,172,7,173,7,208710,3,1.233533129958e-06,25,8,17,0.68000000,37.6973,7,7 13 19 31 37 61 67 73 79 109 127 151 163 199 211 229 241,43 97 103 139 157 181 193 223
4732,241,6,231,7,328020,3,1.233782959725e-06,25,5,20,0.80000000,38.2373,13,13 19 43 61 67 73 79 97 109 127 139 151 157 163 181 193 211 223 229 241,7 31 37 103 199
4733,99,7,158,7,136643,3,1.233870863080e-06,25,7,18,0.72000000,37.6973,7,7 13 19 61 67 73 79 97 103 127 139 151 157 163 211 223 229 241,31 37 43 109 181 193 199
4734,103,7,240,7,358273,3,1.234109944225e-06,25,11,14,0.56000000,37.6973,13,13 31 37 43 61 97 109 127 151 163 181 193 199 223,7 19 67 73 79 103 139 157 211 229 241
4735,223,6,213,7,271505,3,1.234313916167e-06,25,8,17,0.68000000,38.2373,7,7 13 19 37 43 67 97 103 139 151 157 163 193 199 223 229 241,31 61 73 79 109 127 181 211
4736,226,6,239,7,354836,3,1.234379082163e-06,25,6,19,0.76000000,38.2373,7,7 13 37 43 61 67 73 79 127 151 157 163 181 193 199 211 223 229 241,19 31 97 103 109 139
4737,133,6,244,6,60052,3,1.234638162552e-06,25,6,19,0.76000000,38.6325,13,13 31 37 67 73 79 97 103 127 139 151 157 163 181 193 211 223 229 241,7 19 43 61 109 199
4738,246,6,223,7,302373,3,1.235193037455e-06,25,14,11,0.44000000,38.2373,19,19 37 43 67 73 79 127 157 211 229 241,7 13 31 61 97 103 109 139 151 163 181 193 199 223
4739,181,6,208,7,256517,3,1.235281813319e-06,25,6,19,0.76000000,38.2373,19,19 31 37 43 61 67 73 97 103 109 127 151 157 163 193 199 223 229 241,7 13 79 139 181 211
4740,65,5,69,6,4778,3,1.235387575594e-06,25,8,17,0.68000000,38.2373,7,7 19 43 61 67 79 97 103 109 139 157 181 193 199 211 229 241,13 31 37 73 127 151 163 223
4741,127,7,246,7,380414,3,1.235404474622e-06,25,4,21,0.84000000,37.6973,7,7 13 19 31 37 43 61 67 79 97 103 109 139 151 157 163 181 199 211 223,73 127 193 241
4742,133,7,201,7,240962,3,1.235405481375e-06,25,9,16,0.64000000,37.6973,7,7 13 61 73 79 97 127 139 151 157 163 181 193 211 223 241,19 31 37 43 67 103 109 199 229
4743,247,6,175,7,173841,3,1.235435649122e-06,25,6,19,0.76000000,38.2373,13,13 19 31 61 67 73 79 103 109 127 139 151 157 181 193 211 223 229 241,7 37 43 97 163 199
4744,223,7,235,7,406163,3,1.235447488016e-06,25,9,16,0.64000000,37.6973,7,7 19 37 43 73 103 109 127 139 151 163 181 193 199 223 241,13 31 61 67 79 97 157 211 229
4745,41,7,103,6,11157,3,1.235939485816e-06,25,10,15,0.60000000,38.2373,19,19 31 43 97 103 109 127 139 151 181 193 199 211 229 241,7 13 37 61 67 73 79 157 163 223
4746,195,6,236,6,61069,3,1.236134924852e-06,25,9,16,0.64000000,38.6325,7,7 31 67 73 79 97 103 139 151 157 163 193 199 211 223 229,13 19 37 43 61 109 127 181 241
4747,137,6,170,7,160182,3,1.236182498620e-06,25,11,14,0.56000000,38.2373,7,7 19 37 43 61 73 79 103 109 139 157 181 193 211,13 31 67 97 127 151 163 199 223 229 241
4748,111,7,245,7,376086,3,1.236415384445e-06,25,11,14,0.56000000,37.6973,19,19 61 67 79 97 103 109 127 151 157 193 211 223 241,7 13 31 37 43 73 139 163 181 199 229
4749,93,7,205,7,248121,3,1.236460341416e-06,25,8,17,0.68000000,37.6973,7,7 31 37 73 79 97 103 127 139 151 163 181 193 199 211 223 229,13 19 43 61 67 109 157 241
4750,31,7,72,7,21586,3,1.236846591381e-06,25,9,16,0.64000000,37.6973,7,7 19 31 43 61 67 73 127 139 151 163 181 193 199 223 229,13 37 79 97 103 109 157 211 241
4751,181,7,222,7,320556,3,1.236884594807e-06,25,11,14,0.56000000,37.6973,7,7 19 37 67 79 97 109 139 151 157 181 211 223 229,13 31 43 61 73 103 127 163 193 199 241
4752,237,6,244,7,372455,3,1.237007171506e-06,25,13,12,0.48000000,38.2373,13,13 19 31 43 79 103 109 127 163 181 193 229,7 37 61 67 73 97 139 151 157 199 211 223 241
4753,162,6,97,7,46241,3,1.237562465883e-06,25,9,16,0.64000000,38.2373,13,13 19 31 37 43 61 73 79 109 127 139 151 193 211 223 241,7 67 97 103 157 163 181 199 229
4754,63,6,190,6,36116,3,1.237711517706e-06,25,11,14,0.56000000,38.6325,13,13 31 37 61 67 97 103 109 139 193 199 223 229 241,7 19 43 73 79 127 151 157 163 181 211
4755,199,7,233,7,367517,3,1.238908582297e-06,25,6,19,0.76000000,37.6973,7,7 13 37 43 61 67 73 97 103 109 127 139 151 157 163 199 211 223 241,19 31 79 181 193 229
4756,151,7,221,7,12882,4,1.240325044720e-06,53,21,32,0.60377358,72.1671,5,5 13 17 23 37 43 59 67 73 83 89 101 103 107 109 113 131 137 151 157,3 7 11 19 29 31 41 47 53 61 71 79 97 127 139 149 163 167 191 227
4757,47,7,227,5,10352,3,1.240500008307e-06,25,11,14,0.56000000,38.2373,7,7 13 19 61 73 79 97 109 127 151 181 199 223 241,31 37 43 67 103 139 157 163 193 211 229
4758,225,5,172,6,29802,3,1.240765405559e-06,25,4,21,0.84000000,38.2373,7,7 13 19 31 37 43 61 67 73 109 127 139 151 157 163 181 193 199 211 223,79 97 103 229
4759,133,7,215,7,280085,3,1.240821539608e-06,25,7,18,0.72000000,37.6973,7,7 13 19 31 37 61 73 79 103 127 157 163 193 199 211 223 229 241,43 67 97 109 139 151 181
4760,119,5,242,5,9487,3,1.240868433008e-06,25,9,16,0.64000000,37.5296,7,7 31 37 43 61 79 97 103 109 127 151 157 193 199 211 241,13 19 67 73 139 163 181 223 229
4761,187,6,138,7,99863,3,1.241015635667e-06,25,11,14,0.56000000,38.2373,13,13 19 31 37 97 103 109 151 157 163 193 211 229 241,7 43 61 67 73 79 127 139 181 199 223
4762,225,6,236,7,344552,3,1.241290081549e-06,25,7,18,0.72000000,38.2373,19,19 37 43 61 67 73 79 97 109 127 139 157 181 193 199 211 223 229,7 13 31 103 151 163 241
4763,82,6,241,6,58111,3,1.241348545937e-06,25,13,12,0.48000000,38.6325,7,7 19 43 61 67 73 79 109 127 151 211 223,13 31 37 97 103 139 157 163 181 193 199 229 241
4764,188,6,219,7,289268,3,1.241597452691e-06,25,9,16,0.64000000,38.2373,7,7 19 31 37 43 67 79 109 139 157 181 193 199 223 229 241,13 61 73 97 103 127 151 163 211
4765,231,6,139,7,104905,3,1.241681333835e-06,25,8,17,0.68000000,38.2373,13,13 19 61 67 73 79 103 109 127 157 163 193 199 211 223 229 241,7 31 37 43 97 139 151 181
4766,198,7,217,7,325819,3,1.241758146757e-06,25,7,18,0.72000000,37.6973,7,7 19 31 43 61 67 73 97 109 139 151 157 163 181 193 199 223 241,13 37 79 103 127 211 229
4767,153,7,212,7,276805,3,1.241977103534e-06,25,9,16,0.64000000,37.6973,19,19 31 43 61 67 79 97 109 127 151 157 181 199 223 229 241,7 13 37 73 103 139 163 193 211
4768,101,7,246,7,379431,3,1.241994539615e-06,25,11,14,0.56000000,37.6973,7,7 13 37 73 79 97 109 127 163 181 193 223 229 241,19 31 43 61 67 103 139 151 157 199 211
4769,249,6,154,7,131858,3,1.242168482998e-06,25,15,10,0.40000000,38.2373,19,19 37 43 67 73 97 103 127 211 229,7 13 31 61 79 109 139 151 157 163 181 193 199 223 241
4770,207,5,220,6,48454,3,1.242417051701e-06,25,7,18,0.72000000,38.2373,7,7 31 37 43 61 67 73 79 109 127 151 157 181 193 199 211 229 241,13 19 97 103 139 163 223
4771,152,7,153,7,156557,3,1.242484076395e-06,25,11,14,0.56000000,37.6973,7,7 13 31 43 67 73 97 139 151 157 163 199 211 223,19 37 61 79 103 109 127 181 193 229 241
4772,148,7,247,7,386295,3,1.242527688217e-06,25,11,14,0.56000000,37.6973,7,7 19 37 43 109 127 139 151 157 163 181 199 229 241,13 31 61 67 73 79 97 103 193 211 223
4773,88,6,237,6,56218,3,1.242546433378e-06,25,8,17,0.68000000,38.6325,7,7 13 31 43 61 73 103 109 127 151 157 163 193 199 211 229 241,19 37 67 79 97 139 181 223
4774,225,6,227,6,64358,3,1.242568888552e-06,25,8,17,0.68000000,38.6325,7,7 31 43 61 67 79 97 109 127 139 151 163 193 199 211 223 229,13 19 37 73 103 157 181 241
4775,219,7,235,7,399459,3,1.242713972871e-06,25,8,17,0.68000000,37.6973,13,13 19 31 37 43 61 67 73 97 103 181 193 199 211 223 229 241,7 79 109 127 139 151 157 163
4776,133,7,239,7,356425,3,1.243187591837e-06,25,11,14,0.56000000,37.6973,13,13 37 43 61 67 73 79 109 127 139 151 157 193 211,7 19 31 97 103 163 181 199 223 229 241
4777,197,7,208,7,304951,3,1.243722953409e-06,25,6,19,0.76000000,37.6973,13,13 19 31 43 61 67 73 79 97 103 109 127 151 157 163 181 199 211 229,7 37 139 193 223 241
4778,121,7,212,7,269740,3,1.243758734786e-06,25,9,16,0.64000000,37.6973,7,7 19 31 43 61 67 73 79 103 127 139 151 157 163 181 211,13 37 97 109 193 199 223 229 241
4779,69,6,50,7,9616,3,1.244068807342e-06,25,13,12,0.48000000,38.2373,7,7 13 19 31 67 79 97 103 163 181 211 241,37 43 61 73 109 127 139 151 157 193 199 223 229
4780,243,5,142,6,20836,3,1.244419619746e-06,25,7,18,0.72000000,38.2373,7,7 13 19 31 37 61 73 79 97 109 139 151 157 193 199 211 229 241,43 67 103 127 163 181 223
4781,211,6,183,7,190941,3,1.244661035123e-06,25,12,13,0.52000000,38.2373,7,7 13 37 43 73 97 103 109 139 151 163 181 229,19 31 61 67 79 127 157 193 199 211 223 241
4782,88,7,183,7,190507,3,1.244745556314e-06,25,7,18,0.72000000,37.6973,7,7 13 19 31 67 73 79 97 127 151 163 181 193 199 211 223 229 241,37 43 61 103 109 139 157
4783,176,6,223,7,301672,3,1.244813912232e-06,25,7,18,0.72000000,38.2373,13,13 19 43 73 79 97 103 109 127 139 157 163 181 193 199 211 229 241,7 31 37 61 67 151 223
4784,188,6,183,7,190537,3,1.246606970913e-06,25,9,16,0.64000000,38.2373,7,7 37 43 67 73 79 97 109 127 139 151 163 181 211 223 229,13 19 31 61 103 157 193 199 241
4785,227,7,249,7,448812,3,1.246747965915e-06,25,10,15,0.60000000,37.6973,19,19 31 61 67 73 79 97 109 151 157 163 181 199 211 241,7 13 37 43 103 127 139 193 223 229
4786,139,5,148,6,21940,3,1.246841268894e-06,25,7,18,0.72000000,38.2373,13,13 19 31 37 43 73 79 97 109 127 151 157 163 193 199 223 229 241,7 61 67 103 139 181 211
4787,196,6,191,7,210520,3,1.247361578010e-06,25,5,20,0.80000000,38.2373,7,7 13 31 37 43 67 73 97 103 109 139 151 157 163 181 193 211 223 229 241,19 61 79 127 199
4788,167,6,162,7,143418,3,1.247421260085e-06,25,7,18,0.72000000,38.2373,7,7 13 37 43 73 79 103 109 139 151 157 163 181 193 199 223 229 241,19 31 61 67 97 127 211
4789,91,7,186,7,197924,3,1.247545771992e-06,25,6,19,0.76000000,37.6973,7,7 13 37 43 67 73 79 97 109 127 151 157 163 181 193 199 211 229 241,19 31 61 103 139 223
4790,208,6,215,7,277273,3,1.247606694156e-06,25,10,15,0.60000000,38.2373,13,13 19 37 61 67 73 79 139 151 163 193 199 211 229 241,7 31 43 97 103 109 127 157 181 223
4791,86,7,221,7,295423,3,1.247805611025e-06,25,7,18,0.72000000,37.6973,31,31 43 61 67 73 79 97 103 109 127 139 151 157 163 181 193 211 241,7 13 19 37 199 223 229
4792,141,6,212,6,46205,3,1.247872786042e-06,25,10,15,0.60000000,38.6325,7,7 31 43 61 67 79 97 103 109 139 163 181 193 199 241,13 19 37 73 127 151 157 211 223 229
4793,29,7,245,5,974,4,1.248399207349e-06,53,22,31,0.58490566,73.5585,5,5 11 13 19 23 29 43 53 59 61 67 71 73 97 101 109 113 127 131 137,3 7 17 31 37 41 47 79 83 89 103 107 151 167 179 191 199 211 223 227
4794,133,7,141,7,122630,3,1.248590937529e-06,25,11,14,0.56000000,37.6973,31,31 37 43 61 73 103 127 157 163 181 193 199 211 223,7 13 19 67 79 97 109 139 151 229 241
4795,232,6,141,7,108120,3,1.248671241167e-06,25,7,18,0.72000000,38.2373,7,7 31 37 43 67 73 79 97 103 109 151 181 193 199 211 223 229 241,13 19 61 127 139 157 163
4796,233,6,126,7,87250,3,1.249287796674e-06,25,11,14,0.56000000,38.2373,13,13 31 61 73 97 109 127 139 157 163 193 211 223 241,7 19 37 43 67 79 103 151 181 199 229
4797,209,6,144,7,110990,3,1.250119473040e-06,25,8,17,0.68000000,38.2373,7,7 13 31 37 43 61 79 97 109 127 139 151 181 193 223 229 241,19 67 73 103 157 163 199 211
4798,92,5,125,6,15634,3,1.250688490772e-06,25,11,14,0.56000000,38.2373,7,7 19 61 67 73 97 103 109 127 151 163 181 199 229,13 31 37 43 79 139 157 193 211 223 241
4799,103,5,182,5,5956,3,1.251209499898e-06,25,10,15,0.60000000,37.5296,7,7 31 37 61 67 73 97 109 127 151 157 181 193 199 211,13 19 43 79 103 139 163 223 229 241
4800,127,7,162,7,151265,3,1.251371549184e-06,25,6,19,0.76000000,37.6973,7,7 13 19 31 37 43 61 67 73 97 103 109 127 139 157 163 181 193 223,79 151 199 211 229 241
4801,221,6,118,7,75773,3,1.251405307069e-06,25,9,16,0.64000000,38.2373,37,37 61 67 73 97 103 109 127 139 151 157 163 199 211 229 241,7 13 19 31 43 79 181 193 223
4802,221,6,112,7,69629,3,1.251522025727e-06,25,10,15,0.60000000,38.2373,19,19 31 37 61 79 103 127 139 151 157 181 211 223 229 241,7 13 43 67 73 97 109 163 193 199
4803,124,7,207,7,255790,3,1.251588167342e-06,25,4,21,0.84000000,37.6973,7,7 31 37 43 61 67 73 79 97 103 109 139 151 157 163 181 193 199 211 223,13 19 127 229
4804,99,7,122,7,79130,3,1.251933773179e-06,25,13,12,0.48000000,37.6973,7,7 19 37 43 67 73 79 151 163 199 229 241,13 31 61 97 103 109 127 139 157 181 193 211 223
4805,179,6,246,6,63373,3,1.251939287734e-06,25,9,16,0.64000000,38.6325,7,7 13 19 31 61 67 73 79 109 139 157 181 199 211 223 241,37 43 97 103 127 151 163 193 229
4806,79,7,155,7,129438,3,1.252056891563e-06,25,8,17,0.68000000,37.6973,7,7 19 31 37 61 79 97 103 139 151 157 163 181 199 211 223 241,13 43 67 73 109 127 193 229
4807,103,7,198,7,229282,3,1.252619778762e-06,25,6,19,0.76000000,37.6973,13,13 19 31 37 61 67 79 97 109 127 139 151 157 163 193 211 223 229 241,7 43 73 103 181 199
4808,109,6,180,6,32924,3,1.253200338328e-06,25,5,20,0.80000000,38.6325,7,7 13 31 43 61 67 73 79 97 127 139 151 157 163 181 193 199 211 223 241,19 37 103 109 229
4809,192,6,197,7,226143,3,1.253418077301e-06,25,9,16,0.64000000,38.2373,7,7 19 31 37 43 67 73 79 127 139 151 157 181 211 229 241,13 61 97 103 109 163 193 199 223
4810,248,6,231,7,328134,3,1.253567069366e-06,25,2,23,0.92000000,38.2373,13,13 19 31 37 43 61 73 79 97 103 109 127 139 151 157 163 181 193 199 211,7 67
4811,169,7,176,7,209298,3,1.254449278854e-06,25,9,16,0.64000000,37.6973,7,7 13 19 37 43 61 73 79 97 103 127 139 181 193 199 223,31 67 109 151 157 163 211 229 241
4812,141,7,149,7,139905,3,1.254817113005e-06,25,4,21,0.84000000,37.6973,7,7 13 19 31 37 43 61 67 73 79 97 103 109 127 139 151 163 193 199 211,157 181 223 241
4813,174,7,209,7,12213,4,1.255065851350e-06,53,19,34,0.64150943,72.1671,3,3 5 7 17 19 23 29 37 41 47 59 67 73 79 89 97 101 103 107 113,11 13 31 43 53 61 71 83 109 139 149 151 173 179 181 197 227 229 251
4814,61,6,181,5,6264,3,1.255089166091e-06,25,9,16,0.64000000,38.2373,19,19 31 61 67 97 103 109 127 139 151 157 193 199 223 229 241,7 13 37 43 73 79 163 181 211
4815,91,7,205,7,248075,3,1.255235122499e-06,25,7,18,0.72000000,37.6973,7,7 13 31 43 61 67 73 97 127 139 151 163 181 193 199 211 223 241,19 37 79 103 109 157 229
4816,99,7,215,7,277326,3,1.255773765869e-06,25,11,14,0.56000000,37.6973,13,13 19 43 67 73 79 97 103 109 151 193 199 211 223,7 31 37 61 127 139 157 163 181 229 241
4817,211,4,200,5,6854,3,1.256040219657e-06,25,13,12,0.48000000,38.2373,7,7 37 43 67 73 103 109 139 163 181 199 241,13 19 31 61 79 97 127 151 157 193 211 223 229
4818,127,7,143,7,120637,3,1.256291142970e-06,25,6,19,0.76000000,37.6973,7,7 13 19 31 43 67 97 103 109 139 151 157 163 181 193 211 223 229 241,37 61 73 79 127 199
4819,144,6,103,7,50904,3,1.257189565339e-06,25,10,15,0.60000000,38.2373,19,19 31 37 61 73 79 97 109 127 139 151 157 163 181 193,7 13 43 67 103 199 211 223 229 241
4820,166,7,189,7,229501,3,1.257605284755e-06,25,11,14,0.56000000,37.6973,7,7 13 19 43 67 73 109 127 139 157 199 211 229 241,31 37 61 79 97 103 151 163 181 193 223
4821,248,6,245,7,376145,3,1.257973588343e-06,25,8,17,0.68000000,38.2373,13,13 19 31 37 61 73 79 109 139 151 157 163 181 193 199 229 241,7 43 67 97 103 127 211 223
4822,125,5,83,6,7097,3,1.258390152381e-06,25,12,13,0.52000000,38.2373,13,13 31 37 43 61 97 103 127 163 181 199 223 241,7 19 67 73 79 109 139 151 157 193 211 229
4823,111,6,140,7,101833,3,1.258684120695e-06,25,9,16,0.64000000,38.2373,13,13 19 31 67 73 97 103 109 139 151 157 181 193 199 223 241,7 37 43 61 79 127 163 211 229
4824,119,6,134,7,91997,3,1.258839532949e-06,25,11,14,0.56000000,38.2373,13,13 31 37 43 61 79 103 127 157 163 181 199 211 229,7 19 67 73 97 109 139 151 193 223 241
4825,244,6,217,7,283845,3,1.258946571234e-06,25,13,12,0.48000000,38.2373,13,13 19 37 43 67 97 109 139 157 181 193 211,7 31 61 73 79 103 127 151 163 199 223 229 241
4826,243,7,250,7,480686,3,1.258990241030e-06,25,15,10,0.40000000,37.6973,7,7 19 37 61 67 73 151 163 199 211,13 31 43 79 97 103 109 127 139 157 181 193 223 229 241
4827,23,7,61,7,14653,3,1.259192014441e-06,25,12,13,0.52000000,37.6973,13,13 31 37 43 67 73 79 97 109 163 211 223 241,7 19 61 103 127 139 151 157 181 193 199 229
4828,121,6,201,6,41032,3,1.259264669065e-06,25,11,14,0.56000000,38.6325,7,7 19 43 103 109 127 139 151 157 163 193 199 223 241,13 31 37 61 67 73 79 97 181 211 229
4829,233,5,117,6,318,5,1.259393252965e-06,13,3,10,0.76923077,28.9853,11,11 61 71 131 151 181 191 211 241 251,31 41 101
4830,123,5,127,6,16165,3,1.259600753886e-06,25,11,14,0.56000000,38.2373,7,7 13 37 43 61 79 97 103 109 139 151 181 199 241,19 31 67 73 127 157 163 193 211 223 229
4831,182,6,207,7,253661,3,1.259887398966e-06,25,9,16,0.64000000,38.2373,7,7 19 37 43 67 73 79 97 109 127 139 157 193 199 211 241,13 31 61 103 151 163 181 223 229
4832,171,6,206,7,250757,3,1.260003262187e-06,25,8,17,0.68000000,38.2373,7,7 19 31 37 61 67 73 97 109 127 151 157 181 193 211 229 241,13 43 79 103 139 163 199 223
4833,109,7,243,7,368929,3,1.260115270319e-06,25,1,24,0.96000000,37.6973,7,7 13 19 31 43 61 67 73 79 97 103 109 127 139 151 157 163 181 193 199,37
4834,122,7,233,7,335262,3,1.260187664011e-06,25,7,18,0.72000000,37.6973,7,7 13 19 37 67 73 79 97 103 109 127 139 151 181 193 199 223 229,31 43 61 157 163 211 241
4835,106,7,213,7,271629,3,1.260374558627e-06,25,6,19,0.76000000,37.6973,7,7 13 19 31 37 43 61 67 73 79 103 109 127 139 151 163 199 211 241,97 157 181 193 223 229
4836,178,5,99,7,45369,3,1.260529240784e-06,25,6,19,0.76000000,38.2373,19,19 31 37 43 61 73 79 97 103 109 127 139 157 181 193 199 223 229 241,7 13 67 151 163 211
4837,204,7,215,7,330006,3,1.260554135288e-06,25,10,15,0.60000000,37.6973,13,13 31 67 73 97 103 109 127 157 163 199 211 223 229 241,7 19 37 43 61 79 139 151 181 193
4838,84,7,193,7,215474,3,1.260649537581e-06,25,4,21,0.84000000,37.6973,7,7 13 19 31 37 61 67 73 79 97 109 127 139 151 157 163 181 193 211 229,43 103 199 223
4839,196,7,211,7,309795,3,1.260818074634e-06,25,10,15,0.60000000,37.6973,13,13 19 31 43 61 67 103 109 127 139 151 157 163 199 211,7 37 73 79 97 181 193 223 229 241
4840,127,7,250,7,394868,3,1.260960826154e-06,25,12,13,0.52000000,37.6973,31,31 37 67 73 79 97 109 139 151 163 181 211 241,7 13 19 43 61 103 127 157 193 199 223 229
4841,89,7,171,7,162860,3,1.261494213700e-06,25,10,15,0.60000000,37.6973,19,19 37 43 61 67 79 97 103 127 151 163 193 211 223 241,7 13 31 73 109 139 157 181 199 229
4842,182,6,223,7,301696,3,1.261539371514e-06,25,9,16,0.64000000,38.2373,13,13 19 31 43 61 67 73 79 103 109 127 151 163 181 193 241,7 37 97 139 157 199 211 223 229
4843,215,6,191,7,210836,3,1.261940126697e-06,25,11,14,0.56000000,38.2373,7,7 31 37 43 61 79 97 109 127 139 193 199 223 229,13 19 67 73 103 151 157 163 181 211 241
4844,101,7,247,7,383033,3,1.261942259116e-06,25,10,15,0.60000000,37.6973,7,7 13 19 37 61 79 97 109 139 157 181 193 199 211 229,31 43 67 73 103 127 151 163 223 241
4845,247,6,189,7,206781,3,1.262144627314e-06,25,8,17,0.68000000,38.2373,13,13 31 37 43 61 67 73 97 109 139 157 181 193 199 211 229 241,7 19 79 103 127 151 163 223
4846,161,7,193,7,233792,3,1.262189520455e-06,25,7,18,0.72000000,37.6973,7,7 13 19 31 37 61 67 73 79 103 109 127 139 157 181 193 223 241,43 97 151 163 199 211 229
4847,247,6,183,7,192202,3,1.263174376168e-06,25,10,15,0.60000000,38.2373,7,7 37 43 67 79 97 103 139 151 157 163 211 223 229 241,13 19 31 61 73 109 127 181 193 199
4848,177,7,205,7,274386,3,1.263245136606e-06,25,3,22,0.88000000,37.6973,7,7 13 19 31 37 43 61 67 73 79 97 103 109 127 139 163 193 199 211 223,151 157 181
4849,109,6,118,7,68415,3,1.264096976116e-06,25,6,19,0.76000000,38.2373,19,19 31 37 43 61 67 79 97 103 109 127 139 151 163 181 193 211 223 241,7 13 73 157 199 229
4850,81,7,209,7,259337,3,1.264199832465e-06,25,9,16,0.64000000,37.6973,7,7 13 19 31 37 61 67 73 97 127 157 163 181 193 223 229,43 79 103 109 139 151 199 211 241
4851,125,7,177,7,180896,3,1.264368391336e-06,25,10,15,0.60000000,37.6973,13,13 31 43 61 67 79 103 127 139 163 193 211 223 229 241,7 19 37 73 97 109 151 157 181 199
4852,120,7,227,7,315540,3,1.264559910184e-06,25,7,18,0.72000000,37.6973,7,7 13 37 61 67 73 97 109 127 139 151 157 163 181 193 199 229 241,19 31 43 79 103 211 223
4853,101,7,184,7,193523,3,1.264726827298e-06,25,10,15,0.60000000,37.6973,7,7 43 61 103 127 139 151 157 163 181 199 211 223 229 241,13 19 31 37 67 73 79 97 109 193
4854,153,7,241,7,366383,3,1.265162603780e-06,25,7,18,0.72000000,37.6973,7,7 13 37 43 67 73 79 97 109 139 157 163 181 199 211 223 229 241,19 31 61 103 127 151 193
4855,140,7,177,7,186595,3,1.265345191537e-06,25,8,17,0.68000000,37.6973,7,7 13 19 37 43 73 97 103 151 157 163 181 199 211 223 229 241,31 61 67 79 109 127 139 193
4856,78,7,245,6,61608,3,1.265404829733e-06,25,10,15,0.60000000,38.2373,19,19 31 43 61 67 73 103 109 127 139 157 163 199 223 241,7 13 37 79 97 151 181 193 211 229
4857,203,5,73,7,22501,3,1.265535375164e-06,25,11,14,0.56000000,38.2373,7,7 61 73 79 103 109 127 151 157 163 181 193 199 211,13 19 31 37 43 67 97 139 223 229 241
4858,167,6,100,7,49555,3,1.265755839678e-06,25,12,13,0.52000000,38.2373,7,7 43 61 67 103 127 151 157 163 181 211 229 241,13 19 31 37 73 79 97 109 139 193 199 223
4859,237,6,223,7,302211,3,1.265909324846e-06,25,8,17,0.68000000,38.2373,19,19 31 37 43 67 73 97 103 109 127 139 151 163 181 193 211 229,7 13 61 79 157 199 223 241
4860,184,5,59,7,13924,3,1.266586556958e-06,25,9,16,0.64000000,38.2373,19,19 31 61 73 97 103 127 139 157 163 181 193 199 211 223 229,7 13 37 43 67 79 109 151 241
4861,81,7,214,7,274027,3,1.266656859297e-06,25,6,19,0.76000000,37.6973,13,13 19 31 37 43 67 79 97 103 109 127 139 151 157 181 193 199 223 229,7 61 73 163 211 241
4862,165,7,223,7,313304,3,1.267685180382e-06,25,8,17,0.68000000,37.6973,7,7 13 19 31 37 67 73 79 109 139 151 157 181 193 211 223 229,43 61 97 103 127 163 199 241
4863,223,7,236,7,408562,3,1.268125795031e-06,25,7,18,0.72000000,37.6973,7,7 13 31 37 61 67 73 79 97 109 127 151 157 163 181 199 211 229,19 43 103 139 193 223 241
4864,238,4,53,7,10561,3,1.268417462784e-06,25,13,12,0.48000000,38.2373,7,7 13 37 43 61 73 103 139 181 193 211 229,19 31 67 79 97 109 127 151 157 163 199 223 241
4865,186,6,179,7,180997,3,1.268667329837e-06,25,9,16,0.64000000,38.2373,7,7 13 31 37 43 61 73 79 139 157 163 181 193 223 229 241,19 67 97 103 109 127 151 199 211
4866,127,6,191,6,37503,3,1.268788027105e-06,25,8,17,0.68000000,38.6325,7,7 13 31 37 61 73 79 109 139 151 157 163 181 193 199 211 223,19 43 67 97 103 127 229 241
4867,176,7,239,7,367849,3,1.269397528806e-06,25,10,15,0.60000000,37.6973,7,7 43 67 97 103 109 127 139 157 163 181 193 211 223 229,13 19 31 37 61 73 79 151 199 241
4868,215,6,231,7,327719,3,1.269462414616e-06,25,10,15,0.60000000,38.2373,13,13 19 31 37 61 67 73 79 139 157 163 181 211 223 229,7 43 97 103 109 127 151 193 199 241
4869,191,7,225,7,337567,3,1.269507339138e-06,25,11,14,0.56000000,37.6973,7,7 31 37 61 79 103 139 157 181 193 211 223 229 241,13 19 43 67 73 97 109 127 151 163 199
4870,103,7,160,7,141069,3,1.269996877411e-06,25,9,16,0.64000000,37.6973,7,7 13 19 31 37 67 79 97 103 139 151 157 193 211 223 241,43 61 73 109 127 163 181 199 229
4871,67,6,145,6,21093,3,1.270014965178e-06,25,5,20,0.80000000,38.6325,7,7 13 31 37 43 61 79 97 103 109 127 139 157 163 181 193 199 211 223 229,19 67 73 151 241
4872,217,6,244,7,372280,3,1.270088027800e-06,25,12,13,0.52000000,38.2373,13,13 37 43 67 103 109 139 151 163 193 199 223 229,7 19 31 61 73 79 97 127 157 181 211 241
4873,223,6,162,7,145041,3,1.270256432540e-06,25,6,19,0.76000000,38.2373,7,7 13 19 37 43 67 79 97 103 109 127 139 151 157 181 199 223 229 241,31 61 73 163 193 211
4874,179,6,149,7,118484,3,1.270434621552e-06,25,12,13,0.52000000,38.2373,7,7 43 61 67 103 109 127 157 163 211 223 229 241,13 19 31 37 73 79 97 139 151 181 193 199
4875,191,6,170,7,160725,3,1.270539510441e-06,25,11,14,0.56000000,38.2373,7,7 13 31 43 61 97 103 139 151 181 193 199 211 241,19 37 67 73 79 109 127 157 163 223 229
4876,67,7,167,7,153667,3,1.270893430275e-06,25,14,11,0.44000000,37.6973,7,7 19 43 67 73 103 109 151 181 199 241,13 31 37 61 79 97 127 139 157 163 193 211 223 229
4877,191,7,201,7,282428,3,1.270898818311e-06,25,11,14,0.56000000,37.6973,13,13 31 61 67 73 97 109 127 157 181 193 199 211 241,7 19 37 43 79 103 139 151 163 223 229
4878,107,6,69,7,20760,3,1.270978125358e-06,25,11,14,0.56000000,38.2373,19,19 31 43 61 67 103 109 139 151 157 181 199 223 229,7 13 37 73 79 97 127 163 193 211 241
4879,214,7,247,7,424774,3,1.271488381750e-06,25,9,16,0.64000000,37.6973,13,13 19 31 61 67 73 97 103 109 139 151 157 163 181 199 223,7 37 43 79 127 193 211 229 241
4880,106,7,157,7,135750,3,1.271556728126e-06,25,10,15,0.60000000,37.6973,7,7 31 37 61 67 79 97 103 139 157 163 193 199 223 229,13 19 43 73 109 127 151 181 211 241
4881,131,7,205,7,251338,3,1.271665150723e-06,25,11,14,0.56000000,37.6973,13,13 37 43 61 67 103 127 139 151 157 181 211 223 229,7 19 31 73 79 97 109 163 193 199 241
4882,134,5,51,7,9798,3,1.271844361231e-06,25,5,20,0.80000000,38.2373,7,7 13 31 43 61 67 73 97 103 109 127 139 151 163 181 193 199 223 229 241,19 37 79 157 211
4883,157,7,196,7,237894,3,1.272069935425e-06,25,12,13,0.52000000,37.6973,7,7 13 19 31 43 61 73 97 103 109 151 181 193,37 67 79 127 139 157 163 199 211 223 229 241
4884,245,6,218,7,286900,3,1.272486770652e-06,25,9,16,0.64000000,38.2373,13,13 31 43 61 67 73 79 103 151 157 163 181 199 211 223 229,7 19 37 97 109 127 139 193 241
4885,154,7,215,7,285577,3,1.273056392713e-06,25,8,17,0.68000000,37.6973,7,7 19 31 37 43 67 97 103 127 139 157 163 181 193 223 229 241,13 61 73 79 109 151 199 211
4886,229,6,222,7,298956,3,1.273643253552e-06,25,9,16,0.64000000,38.2373,31,31 43 61 79 103 109 127 157 163 181 193 199 211 223 229 241,7 13 19 37 67 73 97 139 151
4887,163,7,196,7,241981,3,1.273704175106e-06,25,5,20,0.80000000,37.6973,7,7 13 31 37 43 61 67 79 97 103 109 127 139 151 157 163 181 193 229 241,19 73 199 211 223
4888,35,4,184,4,1047,3,1.273817841869e-06,25,6,19,0.76000000,39.1639,7,7 19 31 37 61 67 79 97 103 109 151 157 163 193 199 211 223 229 241,13 43 73 127 139 181
4889,245,6,237,7,14334,4,1.273920933225e-06,53,24,29,0.54716981,73.5585,5,5 7 13 17 29 31 47 53 61 73 89 101 109 127 137 139 149 151 157 163,3 11 19 23 37 41 43 59 67 71 79 83 97 103 107 113 131 179 181 191
4890,153,6,140,7,102184,3,1.274311758533e-06,25,8,17,0.68000000,38.2373,13,13 31 37 43 61 67 103 109 139 151 157 181 193 199 211 229 241,7 19 73 79 97 127 163 223
4891,195,6,179,7,181135,3,1.274482039670e-06,25,7,18,0.72000000,38.2373,7,7 13 19 31 37 61 67 73 79 97 139 151 157 163 181 199 223 229,43 103 109 127 193 211 241
4892,196,7,247,7,406561,3,1.274660182073e-06,25,10,15,0.60000000,37.6973,7,7 19 31 37 43 61 67 109 139 151 157 193 199 211 229,13 73 79 97 103 127 163 181 223 241
4893,155,6,198,7,228588,3,1.275089065837e-06,25,5,20,0.80000000,38.2373,7,7 13 19 31 37 61 67 73 79 97 103 109 139 157 163 181 193 199 211 223,43 127 151 229 241
4894,161,6,167,7,153827,3,1.275526803363e-06,25,6,19,0.76000000,38.2373,19,19 31 37 43 61 67 73 79 97 103 109 127 139 151 163 181 211 229 241,7 13 157 193 199 223
4895,223,6,236,7,344533,3,1.275683356408e-06,25,9,16,0.64000000,38.2373,13,13 19 37 43 67 73 79 97 103 109 139 157 163 199 211 241,7 31 61 127 151 181 193 223 229
4896,37,7,161,6,25968,3,1.275919561186e-06,25,11,14,0.56000000,38.2373,7,7 19 31 67 79 109 127 157 163 181 193 223 229 241,13 37 43 61 73 97 103 139 151 199 211
4897,175,7,202,7,265664,3,1.276262368331e-06,25,7,18,0.72000000,37.6973,31,31 37 61 67 73 97 103 109 127 151 157 181 193 199 211 223 229 241,7 13 19 43 79 139 163
4898,195,6,92,7,48025,3,1.276339894167e-06,25,6,19,0.76000000,38.2373,7,7 19 31 43 67 79 97 109 127 139 151 157 163 181 193 199 211 223 229,13 37 61 73 103 241
4899,209,7,248,7,421936,3,1.276926238589e-06,25,9,16,0.64000000,37.6973,7,7 13 43 67 73 79 97 109 139 151 157 181 199 211 229 241,19 31 37 61 103 127 163 193 223
4900,194,6,245,7,375722,3,1.278220051758e-06,25,7,18,0.72000000,38.2373,13,13 19 31 37 43 67 73 103 109 127 139 151 157 181 193 199 229 241,7 61 79 97 163 211 223
4901,155,7,184,7,210218,3,1.278514089690e-06,25,7,18,0.72000000,37.6973,7,7 13 37 61 67 79 97 103 109 127 139 151 163 181 193 211 223 229,19 31 43 73 157 199 241
4902,229,6,175,7,172922,3,1.279134081553e-06,25,11,14,0.56000000,38.2373,13,13 31 37 43 79 97 103 109 127 139 151 181 193 199,7 19 61 67 73 157 163 211 223 229 241
4903,41,7,109,7,56774,3,1.279227762685e-06,25,8,17,0.68000000,37.6973,7,7 13 19 31 37 43 61 73 103 127 157 163 199 211 223 229 241,67 79 97 109 139 151 181 193
4904,154,6,109,7,58102,3,1.279421611048e-06,25,8,17,0.68000000,38.2373,7,7 13 19 31 37 61 67 79 103 127 157 163 181 193 223 229 241,43 73 97 109 139 151 199 211
4905,105,7,166,7,153462,3,1.279849818332e-06,25,4,21,0.84000000,37.6973,7,7 13 31 37 43 67 73 79 97 109 127 139 157 163 181 193 199 211 223 229,19 61 103 151
4906,50,7,129,7,84120,3,1.280077005114e-06,25,9,16,0.64000000,37.6973,7,7 19 31 43 61 67 73 103 157 163 181 199 211 223 229 241,13 37 79 97 109 127 139 151 193
4907,99,7,151,7,123489,3,1.280269992708e-06,25,4,21,0.84000000,37.6973,7,7 13 19 31 37 61 67 79 103 109 139 151 157 163 181 193 199 211 223 229,43 73 97 127
4908,201,6,242,6,64377,3,1.280488270607e-06,25,6,19,0.76000000,38.6325,7,7 13 31 43 61 79 97 109 139 151 157 163 181 193 199 211 223 229 241,19 37 67 73 103 127
4909,182,6,155,7,129778,3,1.280894822406e-06,25,9,16,0.64000000,38.2373,19,19 61 67 79 97 103 109 139 151 163 193 199 211 223 229 241,7 13 31 37 43 73 127 157 181
4910,198,5,107,7,54388,3,1.280904029685e-06,25,11,14,0.56000000,38.2373,19,19 31 37 61 67 79 103 109 127 139 157 163 181 223,7 13 43 73 97 151 193 199 211 229 241
4911,124,7,169,7,163717,3,1.281139112106e-06,25,8,17,0.68000000,37.6973,13,13 31 37 43 73 97 103 109 139 151 157 181 193 211 223 229 241,7 19 61 67 79 127 163 199
4912,135,7,223,7,304529,3,1.281882895803e-06,25,8,17,0.68000000,37.6973,13,13 19 31 43 79 97 103 109 127 157 163 181 193 211 223 229 241,7 37 61 67 73 139 151 199
4913,145,6,153,6,28072,3,1.282369963853e-06,25,6,19,0.76000000,38.6325,7,7 19 43 61 67 73 79 97 103 109 127 139 151 157 181 193 199 211 223,13 31 37 163 229 241
4914,149,5,151,6,22848,3,1.282767808751e-06,25,6,19,0.76000000,38.2373,7,7 19 31 43 61 67 97 103 109 127 151 157 163 181 199 211 223 229 241,13 37 73 79 139 193
4915,143,6,151,7,121610,3,1.282824625333e-06,25,11,14,0.56000000,38.2373,7,7 19 31 37 43 61 67 73 79 127 181 211 223 229,13 97 103 109 139 151 157 163 193 199 241
4916,163,6,172,7,164756,3,1.283066239124e-06,25,4,21,0.84000000,38.2373,7,7 13 19 31 37 61 67 73 79 103 127 139 151 157 163 181 193 199 211 223,43 97 109 229
4917,221,6,235,7,341128,3,1.283374685859e-06,25,9,16,0.64000000,38.2373,7,7 31 37 43 61 79 97 109 127 157 163 193 211 223 229 241,13 19 67 73 103 139 151 181 199
4918,211,6,230,7,324394,3,1.283878942473e-06,25,7,18,0.72000000,38.2373,13,13 19 37 67 73 79 103 109 127 139 151 157 163 181 193 211 223 241,7 31 43 61 97 199 229
4919,179,7,213,7,295408,3,1.284162769232e-06,25,11,14,0.56000000,37.6973,19,19 31 61 67 73 103 127 139 151 157 163 211 223 241,7 13 37 43 79 97 109 181 193 199 229
4920,175,7,228,7,333389,3,1.284413554654e-06,25,8,17,0.68000000,37.6973,7,7 19 37 43 61 67 79 97 103 109 127 139 151 157 163 181 229,13 31 73 193 199 211 223 241
4921,188,6,171,7,162859,3,1.284496340307e-06,25,11,14,0.56000000,38.2373,7,7 13 31 37 43 67 73 103 127 139 157 163 193 211,19 61 79 97 109 151 181 199 223 229 241
4922,82,6,191,6,36557,3,1.284540950985e-06,25,11,14,0.56000000,38.6325,7,7 13 31 37 61 67 73 79 97 151 163 193 211 241,19 43 103 109 127 139 157 181 199 223 229
4923,171,7,193,7,242441,3,1.284716726983e-06,25,13,12,0.48000000,37.6973,19,19 31 61 73 79 109 127 139 151 193 199 211,7 13 37 43 67 97 103 157 163 181 223 229 241
4924,156,7,185,7,213010,3,1.284998493210e-06,25,13,12,0.48000000,37.6973,7,7 13 19 79 103 109 127 151 163 199 229 241,31 37 43 61 67 73 97 139 157 181 193 211 223
4925,107,5,71,6,614,4,1.286098395487e-06,53,18,35,0.66037736,73.5585,5,5 7 13 17 19 29 31 41 47 53 59 61 79 89 97 103 109 113 137 149,3 11 23 37 43 67 71 73 83 101 107 127 131 139 181 223 229 251
4926,38,6,45,7,7222,3,1.286134443350e-06,25,10,15,0.60000000,38.2373,7,7 37 43 67 73 79 97 103 139 151 163 181 211 223 229,13 19 31 61 109 127 157 193 199 241
4927,165,6,157,7,133353,3,1.286392075151e-06,25,14,11,0.44000000,38.2373,7,7 13 31 61 67 103 109 127 151 211 241,19 37 43 73 79 97 139 157 163 181 193 199 223 229
4928,71,7,101,7,3284,4,1.286826426861e-06,53,30,23,0.43396226,72.1671,5,5 11 13 17 19 23 29 31 37 41 73 97 103 109 113 139 167 181 223 229,3 7 43 47 53 59 61 67 71 79 83 89 101 107 127 131 137 149 151 157
4929,207,7,223,7,352256,3,1.287323672544e-06,25,9,16,0.64000000,37.6973,7,7 13 31 37 61 73 109 127 139 151 157 163 181 193 211 241,19 43 67 79 97 103 199 223 229
4930,86,7,137,7,97980,3,1.287415147722e-06,25,11,14,0.56000000,37.6973,13,13 19 31 37 73 79 103 109 127 163 193 199 211 229,7 43 61 67 97 139 151 157 181 223 241
4931,104,6,239,6,57250,3,1.288229371515e-06,25,9,16,0.64000000,38.6325,7,7 31 37 43 61 67 79 97 103 127 139 157 181 199 223 241,13 19 73 109 151 163 193 211 229
4932,237,7,238,7,440121,3,1.288234454147e-06,25,13,12,0.48000000,37.6973,13,13 43 103 127 151 157 181 199 211 223 229 241,7 19 31 37 61 67 73 79 97 109 139 163 193
4933,210,6,167,7,154784,3,1.288280879208e-06,25,12,13,0.52000000,38.2373,19,19 31 37 61 73 97 109 127 151 163 181 211 223,7 13 43 67 79 103 139 157 193 199 229 241
4934,94,6,51,7,11665,3,1.288817834279e-06,25,12,13,0.52000000,38.2373,7,7 31 37 43 79 127 139 151 157 199 211 223 241,13 19 61 67 73 97 103 109 163 181 193 229
4935,137,7,198,7,234142,3,1.288971395462e-06,25,11,14,0.56000000,37.6973,13,13 19 37 43 61 79 97 127 157 181 193 199 223 229,7 31 67 73 103 109 139 151 163 211 241
4936,81,7,152,7,123801,3,1.289066358511e-06,25,11,14,0.56000000,37.6973,7,7 19 31 43 61 67 73 97 109 139 163 181 199 241,13 37 79 103 127 151 157 193 211 223 229
4937,231,6,232,7,331191,3,1.289123904716e-06,25,8,17,0.68000000,38.2373,13,13 19 37 43 67 73 97 139 151 157 163 181 193 199 211 223 229,7 31 61 79 103 109 127 241
4938,120,5,181,5,6029,3,1.289142861446e-06,25,13,12,0.48000000,37.5296,31,31 37 67 73 79 109 127 139 157 181 199 223,7 13 19 43 61 97 103 151 163 193 211 229 241
4939,70,7,139,7,100358,3,1.289448354254e-06,25,8,17,0.68000000,37.6973,13,13 31 37 43 67 79 97 103 109 139 151 157 181 193 199 229 241,7 19 61 73 127 163 211 223
4940,53,7,142,7,105233,3,1.289510763210e-06,25,13,12,0.48000000,37.6973,19,19 37 67 79 97 109 139 151 157 181 193 241,7 13 31 43 61 73 103 127 163 199 211 223 229
4941,195,7,206,7,298000,3,1.289536386028e-06,25,4,21,0.84000000,37.6973,7,7 13 19 31 37 43 61 67 73 79 97 103 109 127 139 151 163 199 211 223,157 181 193 229
4942,98,7,137,7,99754,3,1.289749917439e-06,25,12,13,0.52000000,37.6973,7,7 43 61 67 97 103 127 151 157 181 199 223 229,13 19 31 37 73 79 109 139 163 193 211 241
4943,115,7,229,7,321695,3,1.289761272005e-06,25,12,13,0.52000000,37.6973,13,13 19 31 61 67 73 79 103 139 193 199 211 223,7 37 43 97 109 127 151 157 163 181 229 241
4944,198,6,197,7,226209,3,1.289789696699e-06,25,8,17,0.68000000,38.2373,7,7 37 43 61 67 79 103 109 127 139 151 163 181 199 211 229 241,13 19 31 73 97 157 193 223
4945,131,7,133,7,111821,3,1.289806917591e-06,25,7,18,0.72000000,37.6973,7,7 13 19 31 37 67 79 97 109 127 139 151 157 193 199 223 229 241,43 61 73 103 163 181 211
4946,191,5,117,6,14127,3,1.290130685318e-06,25,10,15,0.60000000,38.2373,7,7 13 37 67 73 79 103 109 127 157 163 181 199 211 229,19 31 43 61 97 139 151 193 223 241
4947,230,6,199,7,232121,3,1.290166480946e-06,25,10,15,0.60000000,38.2373,7,7 31 37 43 61 67 73 79 97 109 157 163 193 211 229,13 19 103 127 139 151 181 199 223 241
4948,179,7,202,7,269672,3,1.290367751976e-06,25,4,21,0.84000000,37.6973,7,7 13 31 37 43 61 67 73 79 97 103 109 151 157 163 181 193 199 211 229,19 127 139 223
4949,172,6,139,7,100939,3,1.290544973428e-06,25,10,15,0.60000000,38.2373,13,13 19 37 43 61 67 73 79 103 163 193 199 223 229 241,7 31 97 109 127 139 151 157 181 211
4950,62,7,143,7,107037,3,1.290956213881e-06,25,10,15,0.60000000,37.6973,7,7 13 31 43 67 73 79 97 103 139 151 199 211 229 241,19 37 61 109 127 157 163 181 193 223
4951,83,7,177,7,176194,3,1.291233633619e-06,25,11,14,0.56000000,37.6973,19,19 37 61 67 79 97 109 127 139 151 199 223 229 241,7 13 31 43 73 103 157 163 181 193 211
4952,229,5,128,7,82601,3,1.291234192148e-06,25,8,17,0.68000000,38.2373,7,7 13 19 31 37 61 73 103 127 139 163 181 193 199 211 223 241,43 67 79 97 109 151 157 229
4953,61,7,161,7,141066,3,1.291362150590e-06,25,9,16,0.64000000,37.6973,7,7 13 19 31 43 61 67 79 97 103 109 151 157 193 199 241,37 73 127 139 163 181 211 223 229
4954,137,5,208,5,7592,3,1.292217429992e-06,25,8,17,0.68000000,37.5296,7,7 13 19 31 37 67 73 97 103 139 151 163 199 211 223 229 241,43 61 79 109 127 157 181 193
4955,165,7,181,7,213222,3,1.292300805061e-06,25,7,18,0.72000000,37.6973,7,7 19 37 43 61 67 73 79 103 109 151 157 163 181 193 199 223 241,13 31 97 127 139 211 229
4956,193,6,244,6,64046,3,1.292539361811e-06,25,9,16,0.64000000,38.6325,7,7 19 43 67 73 79 97 109 139 151 157 163 181 199 211 241,13 31 37 61 103 127 193 223 229
4957,101,6,131,7,87203,3,1.292575610749e-06,25,8,17,0.68000000,38.2373,13,13 19 31 43 61 67 73 79 97 103 127 163 181 199 211 223 229,7 37 109 139 151 157 193 241
4958,154,7,201,7,248303,3,1.292659645214e-06,25,10,15,0.60000000,37.6973,7,7 13 19 31 67 79 103 109 127 139 151 157 181 199 229,37 43 61 73 97 163 193 211 223 241
4959,137,7,193,7,221590,3,1.292827263966e-06,25,10,15,0.60000000,37.6973,31,31 37 61 73 79 97 103 109 151 157 163 181 193 199 211,7 13 19 43 67 127 139 223 229 241
4960,239,6,203,7,10953,4,1.292827807618e-06,53,23,30,0.56603774,73.5585,5,5 11 13 37 41 53 59 61 73 79 97 107 109 113 127 131 137 139 149 157,3 7 17 19 23 29 31 43 47 67 71 83 89 101 103 151 163 167 179 181
4961,52,7,133,7,90335,3,1.292904602872e-06,25,9,16,0.64000000,37.6973,7,7 13 19 31 43 61 67 73 79 97 151 163 181 199 223 241,37 103 109 127 139 157 193 211 229
4962,244,5,199,6,39784,3,1.293200659498e-06,25,9,16,0.64000000,38.2373,19,19 37 43 67 79 127 139 151 163 181 193 199 211 223 229 241,7 13 31 61 73 97 103 109 157
4963,163,7,191,7,231025,3,1.293644786151e-06,25,13,12,0.48000000,37.6973,7,7 13 31 67 73 109 127 151 181 193 199 223,19 37 43 61 79 97 103 139 157 163 211 229 241
4964,122,7,211,7,266944,3,1.293975008716e-06,25,8,17,0.68000000,37.6973,7,7 13 19 31 73 79 97 103 109 127 139 157 163 181 193 223 241,37 43 61 67 151 199 211 229
4965,109,7,170,7,162439,3,1.294174429484e-06,25,9,16,0.64000000,37.6973,13,13 19 37 43 61 73 103 109 127 139 151 157 163 193 229 241,7 31 67 79 97 181 199 211 223
4966,129,7,149,7,130548,3,1.294784854394e-06,25,13,12,0.48000000,37.6973,7,7 13 43 61 73 103 109 151 181 199 211 229,19 31 37 67 79 97 127 139 157 163 193 223 241
4967,151,7,213,7,278843,3,1.295147730771e-06,25,15,10,0.40000000,37.6973,19,19 37 61 67 73 103 151 157 181 199,7 13 31 43 79 97 109 127 139 163 193 211 223 229 241
4968,157,6,196,6,41538,3,1.295856199483e-06,25,12,13,0.52000000,38.6325,13,13 61 67 73 79 97 109 139 151 181 193 199 223,7 19 31 37 43 103 127 157 163 211 229 241
4969,150,6,187,6,37833,3,1.296111335826e-06,25,4,21,0.84000000,38.6325,7,7 13 19 37 43 61 67 73 79 97 109 127 139 151 157 181 193 199 211 223,31 103 163 229
4970,206,5,149,6,1834,4,1.297100576419e-06,53,23,30,0.56603774,73.5585,5,5 7 13 17 29 31 37 41 43 47 53 61 71 83 97 101 107 109 113 149,3 11 19 23 59 67 73 79 89 103 127 131 137 139 151 181 193 199 211 223
4971,160,5,149,6,73,7,1.297363897503e-06,8,2,6,0.75000000,21.6213,43,43 71 113 197 211 239,29 127
4972,209,6,244,7,372229,3,1.297731880694e-06,25,14,11,0.44000000,38.2373,13,13 19 37 79 127 139 157 181 199 229 241,7 31 43 61 67 73 97 103 109 151 163 193 211 223
4973,227,6,224,7,305218,3,1.298492186789e-06,25,7,18,0.72000000,38.2373,13,13 19 37 43 61 67 73 79 97 127 157 163 193 199 211 223 229 241,7 31 103 109 139 151 181
4974,111,6,221,6,49101,3,1.298702582863e-06,25,11,14,0.56000000,38.6325,7,7 31 61 67 97 103 109 127 139 151 157 193 211 223,13 19 37 43 73 79 163 181 199 229 241
4975,193,7,216,7,317188,3,1.298845772731e-06,25,10,15,0.60000000,37.6973,7,7 13 19 37 67 79 97 103 109 151 163 181 199 211 223,31 43 61 73 127 139 157 193 229 241
4976,165,6,191,7,210245,3,1.299262620705e-06,25,6,19,0.76000000,38.2373,7,7 13 31 37 43 73 79 97 103 127 139 157 181 193 199 211 223 229 241,19 61 67 109 151 163
4977,111,5,79,6,6382,3,1.299908103379e-06,25,9,16,0.64000000,38.2373,43,43 61 67 73 79 97 103 127 139 151 157 163 199 211 229 241,7 13 19 31 37 109 181 193 223
4978,123,7,131,7,102851,3,1.300490232684e-06,25,13,12,0.48000000,37.6973,7,7 19 43 61 67 79 97 151 181 193 223 229,13 31 37 73 103 109 127 139 157 163 199 211 241
4979,87,7,194,7,218138,3,1.300657289649e-06,25,7,18,0.72000000,37.6973,19,19 61 73 97 103 109 127 139 151 157 163 181 193 199 211 223 229 241,7 13 31 37 43 67 79
4980,175,5,93,6,9326,3,1.300854708105e-06,25,6,19,0.76000000,38.2373,19,19 31 37 43 61 67 73 79 103 109 127 139 151 157 163 193 199 223 241,7 13 97 181 211 229
4981,124,6,175,6,31866,3,1.301007773818e-06,25,10,15,0.60000000,38.6325,13,13 19 37 43 61 97 109 127 139 151 163 181 223 229 241,7 31 67 73 79 103 157 193 199 211
4982,118,7,147,7,121685,3,1.301619970447e-06,25,11,14,0.56000000,37.6973,19,19 37 43 67 79 97 103 139 151 163 181 199 211 223,7 13 31 61 73 109 127 157 193 229 241
4983,238,6,209,7,260122,3,1.301839883207e-06,25,13,12,0.48000000,38.2373,13,13 37 73 79 109 151 163 181 199 223 229 241,7 19 31 43 61 67 97 103 127 139 157 193 211
4984,177,7,187,7,237751,3,1.302231069055e-06,25,11,14,0.56000000,37.6973,31,31 37 43 61 67 97 127 151 157 163 181 193 229 241,7 13 19 73 79 103 109 139 199 211 223
4985,77,6,194,6,37685,3,1.302321982535e-06,25,11,14,0.56000000,38.6325,13,13 31 61 79 103 109 163 181 193 199 211 223 229 241,7 19 37 43 67 73 97 127 139 151 157
4986,225,7,244,7,432111,3,1.302748710959e-06,25,9,16,0.64000000,37.6973,19,19 31 43 61 73 79 97 103 109 127 139 151 193 211 223 241,7 13 37 67 157 163 181 199 229
4987,199,6,204,6,51195,3,1.302804062796e-06,25,9,16,0.64000000,38.6325,7,7 13 61 67 79 97 103 109 139 157 163 181 193 211 223 229,19 31 37 43 73 127 151 199 241
4988,125,5,106,6,11316,3,1.302856906368e-06,25,10,15,0.60000000,38.2373,13,13 31 37 43 61 67 73 97 103 127 139 151 163 193 199,7 19 79 109 157 181 211 223 229 241
4989,119,7,216,7,281366,3,1.303273256213e-06,25,9,16,0.64000000,37.6973,13,13 19 31 37 43 61 79 97 103 109 139 151 157 211 229 241,7 67 73 127 163 181 193 199 223
4990,157,7,207,7,265127,3,1.303435999478e-06,25,12,13,0.52000000,37.6973,19,19 37 79 103 127 151 157 163 193 199 223 229 241,7 13 31 43 61 67 73 97 109 139 181 211
4991,235,6,196,7,224272,3,1.304180646171e-06,25,4,21,0.84000000,38.2373,13,13 19 31 37 43 61 67 73 79 97 103 109 139 151 163 193 199 211 223 229,7 127 157 181
4992,117,7,214,7,275252,3,1.304478639240e-06,25,8,17,0.68000000,37.6973,7,7 13 31 37 43 61 79 97 109 139 157 163 181 193 211 223 241,19 67 73 103 127 151 199 229
4993,197,6,196,7,223541,3,1.304784686179e-06,25,10,15,0.60000000,38.2373,19,19 31 37 61 67 79 97 103 151 157 163 181 193 199 211,7 13 43 73 109 127 139 223 229 241
4994,166,7,193,7,237805,3,1.304993001038e-06,25,8,17,0.68000000,37.6973,7,7 19 31 37 43 61 67 73 103 109 127 157 163 181 199 211 223,13 79 97 139 151 193 229 241
4995,153,6,124,7,77395,3,1.305025643573e-06,25,6,19,0.76000000,38.2373,13,13 19 43 61 73 79 97 109 127 139 151 157 163 181 193 199 211 229 241,7 31 37 67 103 223
4996,207,6,181,7,186078,3,1.305106328008e-06,25,7,18,0.72000000,38.2373,19,19 31 37 43 61 67 73 79 103 109 127 139 151 157 199 211 229 241,7 13 97 163 181 193 223
4997,167,7,187,7,226493,3,1.305135222394e-06,25,6,19,0.76000000,37.6973,7,7 13 31 37 61 73 97 103 109 127 157 163 181 193 199 211 223 229 241,19 43 67 79 139 151
4998,69,6,89,7,35394,3,1.305486548369e-06,25,6,19,0.76000000,38.2373,13,13 31 37 43 67 79 97 103 109 127 139 151 157 163 181 193 199 229 241,7 19 61 73 211 223
4999,159,4,214,5,7660,3,1.305547551295e-06,25,7,18,0.72000000,38.2373,7,7 19 31 37 61 67 73 79 97 103 109 127 151 163 181 193 223 241,13 43 139 157 199 211 229
5000,45,7,91,7,37337,3,1.305619408362e-06,25,6,19,0.76000000,37.6973,7,7 13 37 43 61 67 97 103 109 127 139 151 157 163 181 193 211 223 229,19 31 73 79 199 241
