case_id,control_class,rank,x,y,z,A,B,C,H,T,Q,block_id,prime_count,M_block,log_M_block,n_root_classes,log_n_root_classes,local_empty_roots,first_empty_q,n_low_sections,low_section_sample,D_root,D_drift,pair_corr_ratio_mean,pair_corr_ratio_min,pair_corr_ratio_max,anchor_type,detector_degree,target_degree,degree_gap,advice_source,decision,source_axis_1,source_axis_2,source_anchor_1,source_anchor_2,axis_independence_check,coefficient_ring_target,residue_or_survivor_status,overlap_status,lift_or_escape_obstruction,matched_negative_control_result,window_id,window_predefined,local_pass_occupancy,root_signal_share,drift_or_branch_share,share_over_occupancy,branch_switch_share,alternate_root_or_shuffled_branch_control,noncoherent_tail_cost,transfer_status
rank1_Q251_actual_near_miss,actual_near_miss,1,7,7,3,175,243,380429,55058052685693589,380429,251,prime_block_le_251,25,2695432382774658040741908270274374888347028088573,111.515643094,19683,9.88751059801,15,7,0,,88.7790776538,9.88751059801,0.99903688977,0.987870126737,1.01549303549,none_visible,2.89296617437,0.333333333333,2.55963284104,existing_near_power_csv,local_obstruction_before_drift,local_residue_sieve,blocked_unfilled,darmon_granville_ceiling,blocked_unfilled,blocked_unfilled,Z,residue_only,blocked_unfilled,blocked_unfilled,under_test,Q_251,pass_predefined,25,0,9.88751059801,0.395500423921,blocked_unfilled,control_class=actual_near_miss,9.88751059801,local_obstruction_before_drift
rank1_Q251_random_root_sets,random_root_sets,1,7,7,3,175,243,380429,55058052685693589,380429,251,prime_block_le_251,25,2695432382774658040741908270274374888347028088573,111.515643094,19683,9.88751059801,15,7,0,,88.7790776538,9.88751059801,1.00285736548,0.992738607087,1.0160949875,none_visible,2.89296617437,0.333333333333,2.55963284104,deterministic_seeded_random_sets_same_cardinality,local_obstruction_before_drift,local_residue_sieve,blocked_unfilled,darmon_granville_ceiling,blocked_unfilled,blocked_unfilled,Z,residue_only,blocked_unfilled,blocked_unfilled,negative_control_passed,Q_251,pass_predefined,25,0,9.88751059801,0.395500423921,blocked_unfilled,control_class=random_root_sets,9.88751059801,local_obstruction_before_drift
rank1_Q251_exact_power_anchor,exact_power_anchor,1,7,7,3,175,243,380429,55058052685693589,380429,251,prime_block_le_251,25,2695432382774658040741908270274374888347028088573,111.515643094,282429536481,26.366694928,0,0,1,380429,72.2998933238,26.366694928,1.00426340078,0.96713622428,1.0589673471,constructed_exact_power_root,2.89296617437,0.333333333333,2.55963284104,C_from_near_power_row_as_positive_control,positive_control_survivor,local_residue_sieve,blocked_unfilled,darmon_granville_ceiling,blocked_unfilled,blocked_unfilled,Z,survivor_kandidat_requires_overlap_check,blocked_unfilled,blocked_unfilled,positive_control_passed,Q_251,pass_predefined,25,2.62861138346e-06,26.366694928,1.05466779712,blocked_unfilled,control_class=exact_power_anchor,26.366694928,positive_control_survivor
rank2_Q251_actual_near_miss,actual_near_miss,2,7,7,3,116,193,217276,10257352303600576,217276,251,prime_block_le_251,25,2695432382774658040741908270274374888347028088573,111.515643094,59049,10.9861228867,14,19,0,,88.2405964936,10.9861228867,1.00116001972,0.977589179968,1.01967339032,none_visible,3.02482804005,0.333333333333,2.69149470671,existing_near_power_csv,local_obstruction_before_drift,local_residue_sieve,blocked_unfilled,darmon_granville_ceiling,blocked_unfilled,blocked_unfilled,Z,residue_only,blocked_unfilled,blocked_unfilled,under_test,Q_251,pass_predefined,25,0,10.9861228867,0.439444915467,blocked_unfilled,control_class=actual_near_miss,10.9861228867,local_obstruction_before_drift
rank2_Q251_random_root_sets,random_root_sets,2,7,7,3,116,193,217276,10257352303600576,217276,251,prime_block_le_251,25,2695432382774658040741908270274374888347028088573,111.515643094,59049,10.9861228867,14,19,0,,88.2405964936,10.9861228867,0.999289536503,0.987473177996,1.01017548597,none_visible,3.02482804005,0.333333333333,2.69149470671,deterministic_seeded_random_sets_same_cardinality,local_obstruction_before_drift,local_residue_sieve,blocked_unfilled,darmon_granville_ceiling,blocked_unfilled,blocked_unfilled,Z,residue_only,blocked_unfilled,blocked_unfilled,negative_control_passed,Q_251,pass_predefined,25,0,10.9861228867,0.439444915467,blocked_unfilled,control_class=random_root_sets,10.9861228867,local_obstruction_before_drift
rank2_Q251_exact_power_anchor,exact_power_anchor,2,7,7,3,116,193,217276,10257352303600576,217276,251,prime_block_le_251,25,2695432382774658040741908270274374888347028088573,111.515643094,847288609443,27.4653072167,0,0,1,217276,71.7614121636,27.4653072167,1.00520374155,0.98067537244,1.05398305483,constructed_exact_power_root,3.02482804005,0.333333333333,2.69149470671,C_from_near_power_row_as_positive_control,positive_control_survivor,local_residue_sieve,blocked_unfilled,darmon_granville_ceiling,blocked_unfilled,blocked_unfilled,Z,survivor_kandidat_requires_overlap_check,blocked_unfilled,blocked_unfilled,positive_control_passed,Q_251,pass_predefined,25,4.60244113478e-06,27.4653072167,1.09861228867,blocked_unfilled,control_class=exact_power_anchor,27.4653072167,positive_control_survivor
rank3_Q251_actual_near_miss,actual_near_miss,3,7,7,3,123,233,335332,37707261911714368,335332,251,prime_block_le_251,25,2695432382774658040741908270274374888347028088573,111.515643094,2187,7.69028602068,18,13,0,,91.1024807086,7.69028602068,1.0000004418,0.998521531563,1.00129887859,none_visible,2.92165701886,0.333333333333,2.58832368553,existing_near_power_csv,local_obstruction_before_drift,local_residue_sieve,blocked_unfilled,darmon_granville_ceiling,blocked_unfilled,blocked_unfilled,Z,residue_only,blocked_unfilled,blocked_unfilled,under_test,Q_251,pass_predefined,25,0,7.69028602068,0.307611440827,blocked_unfilled,control_class=actual_near_miss,7.69028602068,local_obstruction_before_drift
rank3_Q251_random_root_sets,random_root_sets,3,7,7,3,123,233,335332,37707261911714368,335332,251,prime_block_le_251,25,2695432382774658040741908270274374888347028088573,111.515643094,2187,7.69028602068,18,13,0,,91.1024807086,7.69028602068,1.00085238908,0.998299529355,1.00396886933,none_visible,2.92165701886,0.333333333333,2.58832368553,deterministic_seeded_random_sets_same_cardinality,local_obstruction_before_drift,local_residue_sieve,blocked_unfilled,darmon_granville_ceiling,blocked_unfilled,blocked_unfilled,Z,residue_only,blocked_unfilled,blocked_unfilled,negative_control_passed,Q_251,pass_predefined,25,0,7.69028602068,0.307611440827,blocked_unfilled,control_class=random_root_sets,7.69028602068,local_obstruction_before_drift
rank3_Q251_exact_power_anchor,exact_power_anchor,3,7,7,3,123,233,335332,37707261911714368,335332,251,prime_block_le_251,25,2695432382774658040741908270274374888347028088573,111.515643094,847288609443,27.4653072167,0,0,1,335332,71.3274595126,27.4653072167,1.00015516684,0.992630189384,1.00905934682,constructed_exact_power_root,2.92165701886,0.333333333333,2.58832368553,C_from_near_power_row_as_positive_control,positive_control_survivor,local_residue_sieve,blocked_unfilled,darmon_granville_ceiling,blocked_unfilled,blocked_unfilled,Z,survivor_kandidat_requires_overlap_check,blocked_unfilled,blocked_unfilled,positive_control_passed,Q_251,pass_predefined,25,2.9821192132e-06,27.4653072167,1.09861228867,blocked_unfilled,control_class=exact_power_anchor,27.4653072167,positive_control_survivor
rank4_Q251_actual_near_miss,actual_near_miss,4,7,7,3,166,247,390533,59562540435549437,390533,251,prime_block_le_251,25,2695432382774658040741908270274374888347028088573,111.515643094,9,2.19722457734,22,13,0,,96.443150765,2.19722457734,1.00683240028,1.00017753515,1.01348726541,none_visible,2.88707635042,0.333333333333,2.55374301709,existing_near_power_csv,local_obstruction_before_drift,local_residue_sieve,blocked_unfilled,darmon_granville_ceiling,blocked_unfilled,blocked_unfilled,Z,residue_only,blocked_unfilled,blocked_unfilled,under_test,Q_251,pass_predefined,25,0,2.19722457734,0.0878889830934,blocked_unfilled,control_class=actual_near_miss,2.19722457734,local_obstruction_before_drift
rank4_Q251_random_root_sets,random_root_sets,4,7,7,3,166,247,390533,59562540435549437,390533,251,prime_block_le_251,25,2695432382774658040741908270274374888347028088573,111.515643094,9,2.19722457734,22,13,0,,96.443150765,2.19722457734,1.00117460553,0.999203652444,1.00314555862,none_visible,2.88707635042,0.333333333333,2.55374301709,deterministic_seeded_random_sets_same_cardinality,local_obstruction_before_drift,local_residue_sieve,blocked_unfilled,darmon_granville_ceiling,blocked_unfilled,blocked_unfilled,Z,residue_only,blocked_unfilled,blocked_unfilled,negative_control_passed,Q_251,pass_predefined,25,0,2.19722457734,0.0878889830934,blocked_unfilled,control_class=random_root_sets,2.19722457734,local_obstruction_before_drift
rank4_Q251_exact_power_anchor,exact_power_anchor,4,7,7,3,166,247,390533,59562540435549437,390533,251,prime_block_le_251,25,2695432382774658040741908270274374888347028088573,111.515643094,282429536481,26.366694928,0,0,1,390533,72.2736804143,26.366694928,1.00524525314,0.973452805383,1.03632556873,constructed_exact_power_root,2.88707635042,0.333333333333,2.55374301709,C_from_near_power_row_as_positive_control,positive_control_survivor,local_residue_sieve,blocked_unfilled,darmon_granville_ceiling,blocked_unfilled,blocked_unfilled,Z,survivor_kandidat_requires_overlap_check,blocked_unfilled,blocked_unfilled,positive_control_passed,Q_251,pass_predefined,25,2.56060307324e-06,26.366694928,1.05466779712,blocked_unfilled,control_class=exact_power_anchor,26.366694928,positive_control_survivor
rank5_Q251_actual_near_miss,actual_near_miss,5,5,6,4,198,227,3422,137126067287056,3422,251,prime_block_le_251,53,32133165458954322436165317614053356655440093295804604057122379340449075183940351576262600371617210115,231.425812895,134217728,18.7149738751,33,5,0,,204.572858565,18.7149738751,1.19426351164,0,4.04164231444,none_visible,7.10943624743,0.25,6.85943624743,existing_near_power_csv,local_obstruction_before_drift,local_residue_sieve,blocked_unfilled,darmon_granville_ceiling,blocked_unfilled,blocked_unfilled,Z,residue_only,blocked_unfilled,blocked_unfilled,under_test,Q_251,pass_predefined,53,0,18.7149738751,0.353112714625,blocked_unfilled,control_class=actual_near_miss,18.7149738751,local_obstruction_before_drift
rank5_Q251_random_root_sets,random_root_sets,5,5,6,4,198,227,3422,137126067287056,3422,251,prime_block_le_251,53,32133165458954322436165317614053356655440093295804604057122379340449075183940351576262600371617210115,231.425812895,134217728,18.7149738751,33,5,0,,204.572858565,18.7149738751,1.44957165708,0.695609292811,4.04164231444,none_visible,7.10943624743,0.25,6.85943624743,deterministic_seeded_random_sets_same_cardinality,local_obstruction_before_drift,local_residue_sieve,blocked_unfilled,darmon_granville_ceiling,blocked_unfilled,blocked_unfilled,Z,residue_only,blocked_unfilled,blocked_unfilled,negative_control_passed,Q_251,pass_predefined,53,0,18.7149738751,0.353112714625,blocked_unfilled,control_class=random_root_sets,18.7149738751,local_obstruction_before_drift
rank5_Q251_exact_power_anchor,exact_power_anchor,5,5,6,4,198,227,3422,137126067287056,3422,251,prime_block_le_251,53,32133165458954322436165317614053356655440093295804604057122379340449075183940351576262600371617210115,231.425812895,18889465931478580854784,51.2928913614,0,0,1,3422,171.994941079,51.2928913614,1.04711700029,0.630698421975,1.43709818819,constructed_exact_power_root,7.10943624743,0.25,6.85943624743,C_from_near_power_row_as_positive_control,positive_control_survivor,local_residue_sieve,blocked_unfilled,darmon_granville_ceiling,blocked_unfilled,blocked_unfilled,Z,survivor_kandidat_requires_overlap_check,blocked_unfilled,blocked_unfilled,positive_control_passed,Q_251,pass_predefined,53,0.000292226767972,51.2928913614,0.967790403046,blocked_unfilled,control_class=exact_power_anchor,51.2928913614,positive_control_survivor
rank6_Q251_actual_near_miss,actual_near_miss,6,6,6,3,185,218,52827,147423882533283,52827,251,prime_block_le_251,25,2695432382774658040741908270274374888347028088573,111.515643094,19683,9.88751059801,16,7,0,,90.7533547934,9.88751059801,0.974690709507,0.871172779913,1.01906011867,none_visible,3.41817387425,0.333333333333,3.08484054091,existing_near_power_csv,local_obstruction_before_drift,local_residue_sieve,blocked_unfilled,darmon_granville_ceiling,blocked_unfilled,blocked_unfilled,Z,residue_only,blocked_unfilled,blocked_unfilled,under_test,Q_251,pass_predefined,25,0,9.88751059801,0.395500423921,blocked_unfilled,control_class=actual_near_miss,9.88751059801,local_obstruction_before_drift
rank6_Q251_random_root_sets,random_root_sets,6,6,6,3,185,218,52827,147423882533283,52827,251,prime_block_le_251,25,2695432382774658040741908270274374888347028088573,111.515643094,19683,9.88751059801,16,7,0,,90.7533547934,9.88751059801,1.00251870361,0.927705319039,1.06954987243,none_visible,3.41817387425,0.333333333333,3.08484054091,deterministic_seeded_random_sets_same_cardinality,local_obstruction_before_drift,local_residue_sieve,blocked_unfilled,darmon_granville_ceiling,blocked_unfilled,blocked_unfilled,Z,residue_only,blocked_unfilled,blocked_unfilled,negative_control_passed,Q_251,pass_predefined,25,0,9.88751059801,0.395500423921,blocked_unfilled,control_class=random_root_sets,9.88751059801,local_obstruction_before_drift
rank6_Q251_exact_power_anchor,exact_power_anchor,6,6,6,3,185,218,52827,147423882533283,52827,251,prime_block_le_251,25,2695432382774658040741908270274374888347028088573,111.515643094,847288609443,27.4653072167,0,0,1,52827,73.1755581748,27.4653072167,1.02736693287,0.947396428173,1.21172254087,constructed_exact_power_root,3.41817387425,0.333333333333,3.08484054091,C_from_near_power_row_as_positive_control,positive_control_survivor,local_residue_sieve,blocked_unfilled,darmon_granville_ceiling,blocked_unfilled,blocked_unfilled,Z,survivor_kandidat_requires_overlap_check,blocked_unfilled,blocked_unfilled,positive_control_passed,Q_251,pass_predefined,25,1.8929713972e-05,27.4653072167,1.09861228867,blocked_unfilled,control_class=exact_power_anchor,27.4653072167,positive_control_survivor
rank7_Q251_actual_near_miss,actual_near_miss,7,6,7,3,162,85,36873,50133199270617,36873,251,prime_block_le_251,25,2695432382774658040741908270274374888347028088573,111.515643094,243,5.49306144334,20,7,0,,95.5073467959,5.49306144334,1.00219898932,1.00064786941,1.00482738047,none_visible,3.53505000548,0.333333333333,3.20171667215,existing_near_power_csv,local_obstruction_before_drift,local_residue_sieve,blocked_unfilled,darmon_granville_ceiling,blocked_unfilled,blocked_unfilled,Z,residue_only,blocked_unfilled,blocked_unfilled,under_test,Q_251,pass_predefined,25,0,5.49306144334,0.219722457734,blocked_unfilled,control_class=actual_near_miss,5.49306144334,local_obstruction_before_drift
rank7_Q251_random_root_sets,random_root_sets,7,6,7,3,162,85,36873,50133199270617,36873,251,prime_block_le_251,25,2695432382774658040741908270274374888347028088573,111.515643094,243,5.49306144334,20,7,0,,95.5073467959,5.49306144334,1.00345932133,0.998219112449,1.00846147588,none_visible,3.53505000548,0.333333333333,3.20171667215,deterministic_seeded_random_sets_same_cardinality,local_obstruction_before_drift,local_residue_sieve,blocked_unfilled,darmon_granville_ceiling,blocked_unfilled,blocked_unfilled,Z,residue_only,blocked_unfilled,blocked_unfilled,negative_control_passed,Q_251,pass_predefined,25,0,5.49306144334,0.219722457734,blocked_unfilled,control_class=random_root_sets,5.49306144334,local_obstruction_before_drift
rank7_Q251_exact_power_anchor,exact_power_anchor,7,6,7,3,162,85,36873,50133199270617,36873,251,prime_block_le_251,25,2695432382774658040741908270274374888347028088573,111.515643094,282429536481,26.366694928,0,0,1,36873,74.6337133112,26.366694928,1.00485035723,0.759164338857,1.24463850393,constructed_exact_power_root,3.53505000548,0.333333333333,3.20171667215,C_from_near_power_row_as_positive_control,positive_control_survivor,local_residue_sieve,blocked_unfilled,darmon_granville_ceiling,blocked_unfilled,blocked_unfilled,Z,survivor_kandidat_requires_overlap_check,blocked_unfilled,blocked_unfilled,positive_control_passed,Q_251,pass_predefined,25,2.71201149893e-05,26.366694928,1.05466779712,blocked_unfilled,control_class=exact_power_anchor,26.366694928,positive_control_survivor
rank8_Q251_actual_near_miss,actual_near_miss,8,3,6,3,244,27,738,401947272,738,251,prime_block_le_251,25,2695432382774658040741908270274374888347028088573,111.515643094,59049,10.9861228867,11,37,0,,93.9255763828,10.9861228867,1.69726449401,0,13.3256549232,none_visible,5.62873973774,0.333333333333,5.29540640441,existing_near_power_csv,local_obstruction_before_drift,local_residue_sieve,blocked_unfilled,darmon_granville_ceiling,blocked_unfilled,blocked_unfilled,Z,residue_only,blocked_unfilled,blocked_unfilled,under_test,Q_251,pass_predefined,25,0,10.9861228867,0.439444915467,blocked_unfilled,control_class=actual_near_miss,10.9861228867,local_obstruction_before_drift
rank8_Q251_random_root_sets,random_root_sets,8,3,6,3,244,27,738,401947272,738,251,prime_block_le_251,25,2695432382774658040741908270274374888347028088573,111.515643094,59049,10.9861228867,11,37,0,,93.9255763828,10.9861228867,0.875338753388,0,4.44188497441,none_visible,5.62873973774,0.333333333333,5.29540640441,deterministic_seeded_random_sets_same_cardinality,local_obstruction_before_drift,local_residue_sieve,blocked_unfilled,darmon_granville_ceiling,blocked_unfilled,blocked_unfilled,Z,residue_only,blocked_unfilled,blocked_unfilled,negative_control_passed,Q_251,pass_predefined,25,0,10.9861228867,0.439444915467,blocked_unfilled,control_class=random_root_sets,10.9861228867,local_obstruction_before_drift
rank8_Q251_exact_power_anchor,exact_power_anchor,8,3,6,3,244,27,738,401947272,738,251,prime_block_le_251,25,2695432382774658040741908270274374888347028088573,111.515643094,847288609443,27.4653072167,0,0,1,738,77.4463920528,27.4653072167,3.65280287062,0.863444745559,11.5648900933,constructed_exact_power_root,5.62873973774,0.333333333333,5.29540640441,C_from_near_power_row_as_positive_control,positive_control_survivor,local_residue_sieve,blocked_unfilled,darmon_granville_ceiling,blocked_unfilled,blocked_unfilled,Z,survivor_kandidat_requires_overlap_check,blocked_unfilled,blocked_unfilled,positive_control_passed,Q_251,pass_predefined,25,0.00135501355014,27.4653072167,1.09861228867,blocked_unfilled,control_class=exact_power_anchor,27.4653072167,positive_control_survivor
rank9_Q251_actual_near_miss,actual_near_miss,9,7,7,3,192,205,291752,24833705446251008,291752,251,prime_block_le_251,25,2695432382774658040741908270274374888347028088573,111.515643094,59049,10.9861228867,15,7,0,,87.9458608021,10.9861228867,0.999658851133,0.991190386965,1.02328080775,none_visible,2.9539802242,0.333333333333,2.62064689087,existing_near_power_csv,local_obstruction_before_drift,local_residue_sieve,blocked_unfilled,darmon_granville_ceiling,blocked_unfilled,blocked_unfilled,Z,residue_only,blocked_unfilled,blocked_unfilled,under_test,Q_251,pass_predefined,25,0,10.9861228867,0.439444915467,blocked_unfilled,control_class=actual_near_miss,10.9861228867,local_obstruction_before_drift
rank9_Q251_random_root_sets,random_root_sets,9,7,7,3,192,205,291752,24833705446251008,291752,251,prime_block_le_251,25,2695432382774658040741908270274374888347028088573,111.515643094,59049,10.9861228867,15,7,0,,87.9458608021,10.9861228867,1.00140526082,0.993700128877,1.01120281761,none_visible,2.9539802242,0.333333333333,2.62064689087,deterministic_seeded_random_sets_same_cardinality,local_obstruction_before_drift,local_residue_sieve,blocked_unfilled,darmon_granville_ceiling,blocked_unfilled,blocked_unfilled,Z,residue_only,blocked_unfilled,blocked_unfilled,negative_control_passed,Q_251,pass_predefined,25,0,10.9861228867,0.439444915467,blocked_unfilled,control_class=random_root_sets,10.9861228867,local_obstruction_before_drift
rank9_Q251_exact_power_anchor,exact_power_anchor,9,7,7,3,192,205,291752,24833705446251008,291752,251,prime_block_le_251,25,2695432382774658040741908270274374888347028088573,111.515643094,847288609443,27.4653072167,0,0,1,291752,71.4666764721,27.4653072167,1.00389216285,0.991450120498,1.0298933493,constructed_exact_power_root,2.9539802242,0.333333333333,2.62064689087,C_from_near_power_row_as_positive_control,positive_control_survivor,local_residue_sieve,blocked_unfilled,darmon_granville_ceiling,blocked_unfilled,blocked_unfilled,Z,survivor_kandidat_requires_overlap_check,blocked_unfilled,blocked_unfilled,positive_control_passed,Q_251,pass_predefined,25,3.42756861992e-06,27.4653072167,1.09861228867,blocked_unfilled,control_class=exact_power_anchor,27.4653072167,positive_control_survivor
rank10_Q251_actual_near_miss,actual_near_miss,10,7,7,3,121,232,331882,36555362570660968,331882,251,prime_block_le_251,25,2695432382774658040741908270274374888347028088573,111.515643094,2187,7.69028602068,18,7,0,,91.1128223104,7.69028602068,0.995160595901,0.971604365407,1.02724328392,none_visible,2.92403377645,0.333333333333,2.59070044311,existing_near_power_csv,local_obstruction_before_drift,local_residue_sieve,blocked_unfilled,darmon_granville_ceiling,blocked_unfilled,blocked_unfilled,Z,residue_only,blocked_unfilled,blocked_unfilled,under_test,Q_251,pass_predefined,25,0,7.69028602068,0.307611440827,blocked_unfilled,control_class=actual_near_miss,7.69028602068,local_obstruction_before_drift
rank10_Q251_random_root_sets,random_root_sets,10,7,7,3,121,232,331882,36555362570660968,331882,251,prime_block_le_251,25,2695432382774658040741908270274374888347028088573,111.515643094,2187,7.69028602068,18,7,0,,91.1128223104,7.69028602068,1.00185128271,0.972948216535,1.01736594466,none_visible,2.92403377645,0.333333333333,2.59070044311,deterministic_seeded_random_sets_same_cardinality,local_obstruction_before_drift,local_residue_sieve,blocked_unfilled,darmon_granville_ceiling,blocked_unfilled,blocked_unfilled,Z,residue_only,blocked_unfilled,blocked_unfilled,negative_control_passed,Q_251,pass_predefined,25,0,7.69028602068,0.307611440827,blocked_unfilled,control_class=random_root_sets,7.69028602068,local_obstruction_before_drift
rank10_Q251_exact_power_anchor,exact_power_anchor,10,7,7,3,121,232,331882,36555362570660968,331882,251,prime_block_le_251,25,2695432382774658040741908270274374888347028088573,111.515643094,847288609443,27.4653072167,0,0,1,331882,71.3378011143,27.4653072167,1.00667629079,0.993845871592,1.03969282255,constructed_exact_power_root,2.92403377645,0.333333333333,2.59070044311,C_from_near_power_row_as_positive_control,positive_control_survivor,local_residue_sieve,blocked_unfilled,darmon_granville_ceiling,blocked_unfilled,blocked_unfilled,Z,survivor_kandidat_requires_overlap_check,blocked_unfilled,blocked_unfilled,positive_control_passed,Q_251,pass_predefined,25,3.01311912065e-06,27.4653072167,1.09861228867,blocked_unfilled,control_class=exact_power_anchor,27.4653072167,positive_control_survivor
rank11_Q251_actual_near_miss,actual_near_miss,11,6,7,3,243,121,83665,585640963104625,83665,251,prime_block_le_251,25,2695432382774658040741908270274374888347028088573,111.515643094,19683,9.88751059801,15,7,0,,90.2935564871,9.88751059801,0.993295129828,0.881461118083,1.05652303831,none_visible,3.27951226425,0.333333333333,2.94617893092,existing_near_power_csv,local_obstruction_before_drift,local_residue_sieve,blocked_unfilled,darmon_granville_ceiling,blocked_unfilled,blocked_unfilled,Z,residue_only,blocked_unfilled,blocked_unfilled,under_test,Q_251,pass_predefined,25,0,9.88751059801,0.395500423921,blocked_unfilled,control_class=actual_near_miss,9.88751059801,local_obstruction_before_drift
rank11_Q251_random_root_sets,random_root_sets,11,6,7,3,243,121,83665,585640963104625,83665,251,prime_block_le_251,25,2695432382774658040741908270274374888347028088573,111.515643094,19683,9.88751059801,15,7,0,,90.2935564871,9.88751059801,0.993285538372,0.880435865256,1.06703187979,none_visible,3.27951226425,0.333333333333,2.94617893092,deterministic_seeded_random_sets_same_cardinality,local_obstruction_before_drift,local_residue_sieve,blocked_unfilled,darmon_granville_ceiling,blocked_unfilled,blocked_unfilled,Z,residue_only,blocked_unfilled,blocked_unfilled,negative_control_passed,Q_251,pass_predefined,25,0,9.88751059801,0.395500423921,blocked_unfilled,control_class=random_root_sets,9.88751059801,local_obstruction_before_drift
rank11_Q251_exact_power_anchor,exact_power_anchor,11,6,7,3,243,121,83665,585640963104625,83665,251,prime_block_le_251,25,2695432382774658040741908270274374888347028088573,111.515643094,847288609443,27.4653072167,0,0,1,83665,72.7157598685,27.4653072167,1.01780153876,0.952817121191,1.17314554739,constructed_exact_power_root,3.27951226425,0.333333333333,2.94617893092,C_from_near_power_row_as_positive_control,positive_control_survivor,local_residue_sieve,blocked_unfilled,darmon_granville_ceiling,blocked_unfilled,blocked_unfilled,Z,survivor_kandidat_requires_overlap_check,blocked_unfilled,blocked_unfilled,positive_control_passed,Q_251,pass_predefined,25,1.19524293313e-05,27.4653072167,1.09861228867,blocked_unfilled,control_class=exact_power_anchor,27.4653072167,positive_control_survivor
rank12_Q251_actual_near_miss,actual_near_miss,12,5,6,3,153,137,18848,6695697416192,18848,251,prime_block_le_251,25,2695432382774658040741908270274374888347028088573,111.515643094,59049,10.9861228867,14,13,0,,90.685358121,10.9861228867,1.08838249859,0.905654593473,1.49886224297,none_visible,3.77603301377,0.333333333333,3.44269968044,existing_near_power_csv,local_obstruction_before_drift,local_residue_sieve,blocked_unfilled,darmon_granville_ceiling,blocked_unfilled,blocked_unfilled,Z,residue_only,blocked_unfilled,blocked_unfilled,under_test,Q_251,pass_predefined,25,0,10.9861228867,0.439444915467,blocked_unfilled,control_class=actual_near_miss,10.9861228867,local_obstruction_before_drift
rank12_Q251_random_root_sets,random_root_sets,12,5,6,3,153,137,18848,6695697416192,18848,251,prime_block_le_251,25,2695432382774658040741908270274374888347028088573,111.515643094,59049,10.9861228867,14,13,0,,90.685358121,10.9861228867,0.993710502735,0.24752994718,1.64747217506,none_visible,3.77603301377,0.333333333333,3.44269968044,deterministic_seeded_random_sets_same_cardinality,local_obstruction_before_drift,local_residue_sieve,blocked_unfilled,darmon_granville_ceiling,blocked_unfilled,blocked_unfilled,Z,residue_only,blocked_unfilled,blocked_unfilled,negative_control_passed,Q_251,pass_predefined,25,0,10.9861228867,0.439444915467,blocked_unfilled,control_class=random_root_sets,10.9861228867,local_obstruction_before_drift
rank12_Q251_exact_power_anchor,exact_power_anchor,12,5,6,3,153,137,18848,6695697416192,18848,251,prime_block_le_251,25,2695432382774658040741908270274374888347028088573,111.515643094,94143178827,25.2680826394,0,0,1,18848,76.4033983683,25.2680826394,1.03689015044,0.832148415393,1.35848189021,constructed_exact_power_root,3.77603301377,0.333333333333,3.44269968044,C_from_near_power_row_as_positive_control,positive_control_survivor,local_residue_sieve,blocked_unfilled,darmon_granville_ceiling,blocked_unfilled,blocked_unfilled,Z,survivor_kandidat_requires_overlap_check,blocked_unfilled,blocked_unfilled,positive_control_passed,Q_251,pass_predefined,25,5.30560271647e-05,25.2680826394,1.01072330557,blocked_unfilled,control_class=exact_power_anchor,25.2680826394,positive_control_survivor
rank13_Q251_actual_near_miss,actual_near_miss,13,7,7,3,169,231,339224,39035496952231424,339224,251,prime_block_le_251,25,2695432382774658040741908270274374888347028088573,111.515643094,19683,9.88751059801,16,13,0,,88.893716561,9.88751059801,0.995706786338,0.988192331779,1.00138551518,none_visible,2.91900949527,0.333333333333,2.58567616194,existing_near_power_csv,local_obstruction_before_drift,local_residue_sieve,blocked_unfilled,darmon_granville_ceiling,blocked_unfilled,blocked_unfilled,Z,residue_only,blocked_unfilled,blocked_unfilled,under_test,Q_251,pass_predefined,25,0,9.88751059801,0.395500423921,blocked_unfilled,control_class=actual_near_miss,9.88751059801,local_obstruction_before_drift
rank13_Q251_random_root_sets,random_root_sets,13,7,7,3,169,231,339224,39035496952231424,339224,251,prime_block_le_251,25,2695432382774658040741908270274374888347028088573,111.515643094,19683,9.88751059801,16,13,0,,88.893716561,9.88751059801,0.999552368871,0.988192331779,1.00586436494,none_visible,2.91900949527,0.333333333333,2.58567616194,deterministic_seeded_random_sets_same_cardinality,local_obstruction_before_drift,local_residue_sieve,blocked_unfilled,darmon_granville_ceiling,blocked_unfilled,blocked_unfilled,Z,residue_only,blocked_unfilled,blocked_unfilled,negative_control_passed,Q_251,pass_predefined,25,0,9.88751059801,0.395500423921,blocked_unfilled,control_class=random_root_sets,9.88751059801,local_obstruction_before_drift
rank13_Q251_exact_power_anchor,exact_power_anchor,13,7,7,3,169,231,339224,39035496952231424,339224,251,prime_block_le_251,25,2695432382774658040741908270274374888347028088573,111.515643094,847288609443,27.4653072167,0,0,1,339224,71.3159199423,27.4653072167,1.00205197363,0.986366268634,1.0314963957,constructed_exact_power_root,2.91900949527,0.333333333333,2.58567616194,C_from_near_power_row_as_positive_control,positive_control_survivor,local_residue_sieve,blocked_unfilled,darmon_granville_ceiling,blocked_unfilled,blocked_unfilled,Z,survivor_kandidat_requires_overlap_check,blocked_unfilled,blocked_unfilled,positive_control_passed,Q_251,pass_predefined,25,2.94790462939e-06,27.4653072167,1.09861228867,blocked_unfilled,control_class=exact_power_anchor,27.4653072167,positive_control_survivor
rank14_Q251_actual_near_miss,actual_near_miss,14,6,7,3,249,233,334775,37519673991734375,334775,251,prime_block_le_251,25,2695432382774658040741908270274374888347028088573,111.515643094,2187,7.69028602068,17,7,0,,91.10414313,7.69028602068,0.996783293209,0.980280287755,1.00563927679,none_visible,2.92203882403,0.333333333333,2.5887054907,existing_near_power_csv,local_obstruction_before_drift,local_residue_sieve,blocked_unfilled,darmon_granville_ceiling,blocked_unfilled,blocked_unfilled,Z,residue_only,blocked_unfilled,blocked_unfilled,under_test,Q_251,pass_predefined,25,0,7.69028602068,0.307611440827,blocked_unfilled,control_class=actual_near_miss,7.69028602068,local_obstruction_before_drift
rank14_Q251_random_root_sets,random_root_sets,14,6,7,3,249,233,334775,37519673991734375,334775,251,prime_block_le_251,25,2695432382774658040741908270274374888347028088573,111.515643094,2187,7.69028602068,17,7,0,,91.10414313,7.69028602068,1.00272573501,0.999274471245,1.00478729495,none_visible,2.92203882403,0.333333333333,2.5887054907,deterministic_seeded_random_sets_same_cardinality,local_obstruction_before_drift,local_residue_sieve,blocked_unfilled,darmon_granville_ceiling,blocked_unfilled,blocked_unfilled,Z,residue_only,blocked_unfilled,blocked_unfilled,negative_control_passed,Q_251,pass_predefined,25,0,7.69028602068,0.307611440827,blocked_unfilled,control_class=random_root_sets,7.69028602068,local_obstruction_before_drift
rank14_Q251_exact_power_anchor,exact_power_anchor,14,6,7,3,249,233,334775,37519673991734375,334775,251,prime_block_le_251,25,2695432382774658040741908270274374888347028088573,111.515643094,282429536481,26.366694928,0,0,1,334775,72.4277342227,26.366694928,1.00264270917,0.983043669463,1.02287938001,constructed_exact_power_root,2.92203882403,0.333333333333,2.5887054907,C_from_near_power_row_as_positive_control,positive_control_survivor,local_residue_sieve,blocked_unfilled,darmon_granville_ceiling,blocked_unfilled,blocked_unfilled,Z,survivor_kandidat_requires_overlap_check,blocked_unfilled,blocked_unfilled,positive_control_passed,Q_251,pass_predefined,25,2.98708087521e-06,26.366694928,1.05466779712,blocked_unfilled,control_class=exact_power_anchor,26.366694928,positive_control_survivor
rank15_Q251_actual_near_miss,actual_near_miss,15,7,7,3,158,243,374419,52489645185002059,374419,251,prime_block_le_251,25,2695432382774658040741908270274374888347028088573,111.515643094,729,6.59167373201,19,7,0,,92.0908385919,6.59167373201,1.00955578287,0.991391699911,1.03929258101,none_visible,2.89655592989,0.333333333333,2.56322259656,existing_near_power_csv,local_obstruction_before_drift,local_residue_sieve,blocked_unfilled,darmon_granville_ceiling,blocked_unfilled,blocked_unfilled,Z,residue_only,blocked_unfilled,blocked_unfilled,under_test,Q_251,pass_predefined,25,0,6.59167373201,0.26366694928,blocked_unfilled,control_class=actual_near_miss,6.59167373201,local_obstruction_before_drift
rank15_Q251_random_root_sets,random_root_sets,15,7,7,3,158,243,374419,52489645185002059,374419,251,prime_block_le_251,25,2695432382774658040741908270274374888347028088573,111.515643094,729,6.59167373201,19,7,0,,92.0908385919,6.59167373201,0.991382737877,0.978868593741,0.998112631392,none_visible,2.89655592989,0.333333333333,2.56322259656,deterministic_seeded_random_sets_same_cardinality,local_obstruction_before_drift,local_residue_sieve,blocked_unfilled,darmon_granville_ceiling,blocked_unfilled,blocked_unfilled,Z,residue_only,blocked_unfilled,blocked_unfilled,negative_control_passed,Q_251,pass_predefined,25,0,6.59167373201,0.26366694928,blocked_unfilled,control_class=random_root_sets,6.59167373201,local_obstruction_before_drift
rank15_Q251_exact_power_anchor,exact_power_anchor,15,7,7,3,158,243,374419,52489645185002059,374419,251,prime_block_le_251,25,2695432382774658040741908270274374888347028088573,111.515643094,847288609443,27.4653072167,0,0,1,374419,71.2172051072,27.4653072167,1.00161686308,0.982660246052,1.01534763045,constructed_exact_power_root,2.89655592989,0.333333333333,2.56322259656,C_from_near_power_row_as_positive_control,positive_control_survivor,local_residue_sieve,blocked_unfilled,darmon_granville_ceiling,blocked_unfilled,blocked_unfilled,Z,survivor_kandidat_requires_overlap_check,blocked_unfilled,blocked_unfilled,positive_control_passed,Q_251,pass_predefined,25,2.67080463331e-06,27.4653072167,1.09861228867,blocked_unfilled,control_class=exact_power_anchor,27.4653072167,positive_control_survivor
rank16_Q251_actual_near_miss,actual_near_miss,16,7,7,3,233,236,427367,78055399815039863,427367,251,prime_block_le_251,25,2695432382774658040741908270274374888347028088573,111.515643094,729,6.59167373201,17,13,0,,91.9585709542,6.59167373201,0.999996731555,0.990897752985,1.00653224668,none_visible,2.86700646305,0.333333333333,2.53367312972,existing_near_power_csv,local_obstruction_before_drift,local_residue_sieve,blocked_unfilled,darmon_granville_ceiling,blocked_unfilled,blocked_unfilled,Z,residue_only,blocked_unfilled,blocked_unfilled,under_test,Q_251,pass_predefined,25,0,6.59167373201,0.26366694928,blocked_unfilled,control_class=actual_near_miss,6.59167373201,local_obstruction_before_drift
rank16_Q251_random_root_sets,random_root_sets,16,7,7,3,233,236,427367,78055399815039863,427367,251,prime_block_le_251,25,2695432382774658040741908270274374888347028088573,111.515643094,729,6.59167373201,17,13,0,,91.9585709542,6.59167373201,0.999752749588,0.99756987424,1.00313105858,none_visible,2.86700646305,0.333333333333,2.53367312972,deterministic_seeded_random_sets_same_cardinality,local_obstruction_before_drift,local_residue_sieve,blocked_unfilled,darmon_granville_ceiling,blocked_unfilled,blocked_unfilled,Z,residue_only,blocked_unfilled,blocked_unfilled,negative_control_passed,Q_251,pass_predefined,25,0,6.59167373201,0.26366694928,blocked_unfilled,control_class=random_root_sets,6.59167373201,local_obstruction_before_drift
rank16_Q251_exact_power_anchor,exact_power_anchor,16,7,7,3,233,236,427367,78055399815039863,427367,251,prime_block_le_251,25,2695432382774658040741908270274374888347028088573,111.515643094,282429536481,26.366694928,0,0,1,427367,72.1835497582,26.366694928,1.00210435839,0.975703682211,1.02232169436,constructed_exact_power_root,2.86700646305,0.333333333333,2.53367312972,C_from_near_power_row_as_positive_control,positive_control_survivor,local_residue_sieve,blocked_unfilled,darmon_granville_ceiling,blocked_unfilled,blocked_unfilled,Z,survivor_kandidat_requires_overlap_check,blocked_unfilled,blocked_unfilled,positive_control_passed,Q_251,pass_predefined,25,2.33990925832e-06,26.366694928,1.05466779712,blocked_unfilled,control_class=exact_power_anchor,26.366694928,positive_control_survivor
rank17_Q251_actual_near_miss,actual_near_miss,17,6,7,3,162,197,225934,11533065905080504,225934,251,prime_block_le_251,25,2695432382774658040741908270274374888347028088573,111.515643094,243,5.49306144334,20,7,0,,93.6945834505,5.49306144334,1.00716617832,0.999837710718,1.01863621923,none_visible,3.01524062769,0.333333333333,2.68190729436,existing_near_power_csv,local_obstruction_before_drift,local_residue_sieve,blocked_unfilled,darmon_granville_ceiling,blocked_unfilled,blocked_unfilled,Z,residue_only,blocked_unfilled,blocked_unfilled,under_test,Q_251,pass_predefined,25,0,5.49306144334,0.219722457734,blocked_unfilled,control_class=actual_near_miss,5.49306144334,local_obstruction_before_drift
rank17_Q251_random_root_sets,random_root_sets,17,6,7,3,162,197,225934,11533065905080504,225934,251,prime_block_le_251,25,2695432382774658040741908270274374888347028088573,111.515643094,243,5.49306144334,20,7,0,,93.6945834505,5.49306144334,0.999532557689,0.994237746913,1.00643698307,none_visible,3.01524062769,0.333333333333,2.68190729436,deterministic_seeded_random_sets_same_cardinality,local_obstruction_before_drift,local_residue_sieve,blocked_unfilled,darmon_granville_ceiling,blocked_unfilled,blocked_unfilled,Z,residue_only,blocked_unfilled,blocked_unfilled,negative_control_passed,Q_251,pass_predefined,25,0,5.49306144334,0.219722457734,blocked_unfilled,control_class=random_root_sets,5.49306144334,local_obstruction_before_drift
rank17_Q251_exact_power_anchor,exact_power_anchor,17,6,7,3,162,197,225934,11533065905080504,225934,251,prime_block_le_251,25,2695432382774658040741908270274374888347028088573,111.515643094,847288609443,27.4653072167,0,0,1,225934,71.7223376772,27.4653072167,1.01004712045,0.994237746913,1.0585052862,constructed_exact_power_root,3.01524062769,0.333333333333,2.68190729436,C_from_near_power_row_as_positive_control,positive_control_survivor,local_residue_sieve,blocked_unfilled,darmon_granville_ceiling,blocked_unfilled,blocked_unfilled,Z,survivor_kandidat_requires_overlap_check,blocked_unfilled,blocked_unfilled,positive_control_passed,Q_251,pass_predefined,25,4.42607133057e-06,27.4653072167,1.09861228867,blocked_unfilled,control_class=exact_power_anchor,27.4653072167,positive_control_survivor
rank18_Q251_actual_near_miss,actual_near_miss,18,7,7,3,195,197,281203,22236162996552427,281203,251,prime_block_le_251,25,2695432382774658040741908270274374888347028088573,111.515643094,19683,9.88751059801,15,13,0,,89.0813003886,9.88751059801,1.00900395185,1.00006045455,1.05207507269,none_visible,2.96265070841,0.333333333333,2.62931737508,existing_near_power_csv,local_obstruction_before_drift,local_residue_sieve,blocked_unfilled,darmon_granville_ceiling,blocked_unfilled,blocked_unfilled,Z,residue_only,blocked_unfilled,blocked_unfilled,under_test,Q_251,pass_predefined,25,0,9.88751059801,0.395500423921,blocked_unfilled,control_class=actual_near_miss,9.88751059801,local_obstruction_before_drift
rank18_Q251_random_root_sets,random_root_sets,18,7,7,3,195,197,281203,22236162996552427,281203,251,prime_block_le_251,25,2695432382774658040741908270274374888347028088573,111.515643094,19683,9.88751059801,15,13,0,,89.0813003886,9.88751059801,1.00660723857,0.991978511372,1.05207507269,none_visible,2.96265070841,0.333333333333,2.62931737508,deterministic_seeded_random_sets_same_cardinality,local_obstruction_before_drift,local_residue_sieve,blocked_unfilled,darmon_granville_ceiling,blocked_unfilled,blocked_unfilled,Z,residue_only,blocked_unfilled,blocked_unfilled,negative_control_passed,Q_251,pass_predefined,25,0,9.88751059801,0.395500423921,blocked_unfilled,control_class=random_root_sets,9.88751059801,local_obstruction_before_drift
rank18_Q251_exact_power_anchor,exact_power_anchor,18,7,7,3,195,197,281203,22236162996552427,281203,251,prime_block_le_251,25,2695432382774658040741908270274374888347028088573,111.515643094,31381059609,24.1694703507,0,0,1,281203,74.799340636,24.1694703507,1.00245759588,0.968543484007,1.01419852088,constructed_exact_power_root,2.96265070841,0.333333333333,2.62931737508,C_from_near_power_row_as_positive_control,positive_control_survivor,local_residue_sieve,blocked_unfilled,darmon_granville_ceiling,blocked_unfilled,blocked_unfilled,Z,survivor_kandidat_requires_overlap_check,blocked_unfilled,blocked_unfilled,positive_control_passed,Q_251,pass_predefined,25,3.5561498277e-06,24.1694703507,0.966778814028,blocked_unfilled,control_class=exact_power_anchor,24.1694703507,positive_control_survivor
rank19_Q251_actual_near_miss,actual_near_miss,19,7,7,3,139,245,377950,53988722234875000,377950,251,prime_block_le_251,25,2695432382774658040741908270274374888347028088573,111.515643094,2187,7.69028602068,18,13,0,,90.9828398827,7.69028602068,0.993418882568,0.974262615572,1.00218282842,none_visible,2.89443887669,0.333333333333,2.56110554336,existing_near_power_csv,local_obstruction_before_drift,local_residue_sieve,blocked_unfilled,darmon_granville_ceiling,blocked_unfilled,blocked_unfilled,Z,residue_only,blocked_unfilled,blocked_unfilled,under_test,Q_251,pass_predefined,25,0,7.69028602068,0.307611440827,blocked_unfilled,control_class=actual_near_miss,7.69028602068,local_obstruction_before_drift
rank19_Q251_random_root_sets,random_root_sets,19,7,7,3,139,245,377950,53988722234875000,377950,251,prime_block_le_251,25,2695432382774658040741908270274374888347028088573,111.515643094,2187,7.69028602068,18,13,0,,90.9828398827,7.69028602068,0.998260596885,0.988003116226,1.0122208993,none_visible,2.89443887669,0.333333333333,2.56110554336,deterministic_seeded_random_sets_same_cardinality,local_obstruction_before_drift,local_residue_sieve,blocked_unfilled,darmon_granville_ceiling,blocked_unfilled,blocked_unfilled,Z,residue_only,blocked_unfilled,blocked_unfilled,negative_control_passed,Q_251,pass_predefined,25,0,7.69028602068,0.307611440827,blocked_unfilled,control_class=random_root_sets,7.69028602068,local_obstruction_before_drift
rank19_Q251_exact_power_anchor,exact_power_anchor,19,7,7,3,139,245,377950,53988722234875000,377950,251,prime_block_le_251,25,2695432382774658040741908270274374888347028088573,111.515643094,847288609443,27.4653072167,0,0,1,377950,71.2078186867,27.4653072167,1.00249107025,0.988767473652,1.05090032485,constructed_exact_power_root,2.89443887669,0.333333333333,2.56110554336,C_from_near_power_row_as_positive_control,positive_control_survivor,local_residue_sieve,blocked_unfilled,darmon_granville_ceiling,blocked_unfilled,blocked_unfilled,Z,survivor_kandidat_requires_overlap_check,blocked_unfilled,blocked_unfilled,positive_control_passed,Q_251,pass_predefined,25,2.64585262601e-06,27.4653072167,1.09861228867,blocked_unfilled,control_class=exact_power_anchor,27.4653072167,positive_control_survivor
rank20_Q251_actual_near_miss,actual_near_miss,20,6,7,3,157,161,141264,2818996251807744,141264,251,prime_block_le_251,25,2695432382774658040741908270274374888347028088573,111.515643094,2187,7.69028602068,18,13,0,,91.9669713143,7.69028602068,0.98860158862,0.93801676294,1.00061272196,none_visible,3.13464933477,0.333333333333,2.80131600144,existing_near_power_csv,local_obstruction_before_drift,local_residue_sieve,blocked_unfilled,darmon_granville_ceiling,blocked_unfilled,blocked_unfilled,Z,residue_only,blocked_unfilled,blocked_unfilled,under_test,Q_251,pass_predefined,25,0,7.69028602068,0.307611440827,blocked_unfilled,control_class=actual_near_miss,7.69028602068,local_obstruction_before_drift
rank20_Q251_random_root_sets,random_root_sets,20,6,7,3,157,161,141264,2818996251807744,141264,251,prime_block_le_251,25,2695432382774658040741908270274374888347028088573,111.515643094,2187,7.69028602068,18,13,0,,91.9669713143,7.69028602068,1.00516159919,0.990128805326,1.04211735946,none_visible,3.13464933477,0.333333333333,2.80131600144,deterministic_seeded_random_sets_same_cardinality,local_obstruction_before_drift,local_residue_sieve,blocked_unfilled,darmon_granville_ceiling,blocked_unfilled,blocked_unfilled,Z,residue_only,blocked_unfilled,blocked_unfilled,negative_control_passed,Q_251,pass_predefined,25,0,7.69028602068,0.307611440827,blocked_unfilled,control_class=random_root_sets,7.69028602068,local_obstruction_before_drift
rank20_Q251_exact_power_anchor,exact_power_anchor,20,6,7,3,157,161,141264,2818996251807744,141264,251,prime_block_le_251,25,2695432382774658040741908270274374888347028088573,111.515643094,282429536481,26.366694928,0,0,1,141264,73.2905624069,26.366694928,1.00403093446,0.911586344244,1.08450135916,constructed_exact_power_root,3.13464933477,0.333333333333,2.80131600144,C_from_near_power_row_as_positive_control,positive_control_survivor,local_residue_sieve,blocked_unfilled,darmon_granville_ceiling,blocked_unfilled,blocked_unfilled,Z,survivor_kandidat_requires_overlap_check,blocked_unfilled,blocked_unfilled,positive_control_passed,Q_251,pass_predefined,25,7.07894438781e-06,26.366694928,1.05466779712,blocked_unfilled,control_class=exact_power_anchor,26.366694928,positive_control_survivor
rank21_Q251_actual_near_miss,actual_near_miss,21,7,7,3,145,231,331550,36445767198875000,331550,251,prime_block_le_251,25,2695432382774658040741908270274374888347028088573,111.515643094,531441,13.183347464,13,7,0,,85.6207617233,13.183347464,0.999614878997,0.977743930026,1.01315638667,none_visible,2.92426400338,0.333333333333,2.59093067004,existing_near_power_csv,local_obstruction_before_drift,local_residue_sieve,blocked_unfilled,darmon_granville_ceiling,blocked_unfilled,blocked_unfilled,Z,residue_only,blocked_unfilled,blocked_unfilled,under_test,Q_251,pass_predefined,25,0,13.183347464,0.527333898561,blocked_unfilled,control_class=actual_near_miss,13.183347464,local_obstruction_before_drift
rank21_Q251_random_root_sets,random_root_sets,21,7,7,3,145,231,331550,36445767198875000,331550,251,prime_block_le_251,25,2695432382774658040741908270274374888347028088573,111.515643094,531441,13.183347464,13,7,0,,85.6207617233,13.183347464,1.00233546443,0.993427838938,1.01315638667,none_visible,2.92426400338,0.333333333333,2.59093067004,deterministic_seeded_random_sets_same_cardinality,local_obstruction_before_drift,local_residue_sieve,blocked_unfilled,darmon_granville_ceiling,blocked_unfilled,blocked_unfilled,Z,residue_only,blocked_unfilled,blocked_unfilled,negative_control_passed,Q_251,pass_predefined,25,0,13.183347464,0.527333898561,blocked_unfilled,control_class=random_root_sets,13.183347464,local_obstruction_before_drift
rank21_Q251_exact_power_anchor,exact_power_anchor,21,7,7,3,145,231,331550,36445767198875000,331550,251,prime_block_le_251,25,2695432382774658040741908270274374888347028088573,111.515643094,282429536481,26.366694928,0,0,1,331550,72.4374142593,26.366694928,1.00607814307,0.996412138273,1.02496523065,constructed_exact_power_root,2.92426400338,0.333333333333,2.59093067004,C_from_near_power_row_as_positive_control,positive_control_survivor,local_residue_sieve,blocked_unfilled,darmon_granville_ceiling,blocked_unfilled,blocked_unfilled,Z,survivor_kandidat_requires_overlap_check,blocked_unfilled,blocked_unfilled,positive_control_passed,Q_251,pass_predefined,25,3.01613632936e-06,26.366694928,1.05466779712,blocked_unfilled,control_class=exact_power_anchor,26.366694928,positive_control_survivor
rank22_Q251_actual_near_miss,actual_near_miss,22,7,7,3,181,216,304744,28301241748662784,304744,251,prime_block_le_251,25,2695432382774658040741908270274374888347028088573,111.515643094,81,4.39444915467,21,7,0,,94.4939665805,4.39444915467,1.00496360758,1.00157290491,1.00685165253,none_visible,2.94378805219,0.333333333333,2.61045471886,existing_near_power_csv,local_obstruction_before_drift,local_residue_sieve,blocked_unfilled,darmon_granville_ceiling,blocked_unfilled,blocked_unfilled,Z,residue_only,blocked_unfilled,blocked_unfilled,under_test,Q_251,pass_predefined,25,0,4.39444915467,0.175777966187,blocked_unfilled,control_class=actual_near_miss,4.39444915467,local_obstruction_before_drift
rank22_Q251_random_root_sets,random_root_sets,22,7,7,3,181,216,304744,28301241748662784,304744,251,prime_block_le_251,25,2695432382774658040741908270274374888347028088573,111.515643094,81,4.39444915467,21,7,0,,94.4939665805,4.39444915467,0.998320265899,0.986536240254,1.00685165253,none_visible,2.94378805219,0.333333333333,2.61045471886,deterministic_seeded_random_sets_same_cardinality,local_obstruction_before_drift,local_residue_sieve,blocked_unfilled,darmon_granville_ceiling,blocked_unfilled,blocked_unfilled,Z,residue_only,blocked_unfilled,blocked_unfilled,negative_control_passed,Q_251,pass_predefined,25,0,4.39444915467,0.175777966187,blocked_unfilled,control_class=random_root_sets,4.39444915467,local_obstruction_before_drift
rank22_Q251_exact_power_anchor,exact_power_anchor,22,7,7,3,181,216,304744,28301241748662784,304744,251,prime_block_le_251,25,2695432382774658040741908270274374888347028088573,111.515643094,847288609443,27.4653072167,0,0,1,304744,71.4231085185,27.4653072167,1.00236789519,0.994023763479,1.02546034996,constructed_exact_power_root,2.94378805219,0.333333333333,2.61045471886,C_from_near_power_row_as_positive_control,positive_control_survivor,local_residue_sieve,blocked_unfilled,darmon_granville_ceiling,blocked_unfilled,blocked_unfilled,Z,survivor_kandidat_requires_overlap_check,blocked_unfilled,blocked_unfilled,positive_control_passed,Q_251,pass_predefined,25,3.28144278476e-06,27.4653072167,1.09861228867,blocked_unfilled,control_class=exact_power_anchor,27.4653072167,positive_control_survivor
rank23_Q251_actual_near_miss,actual_near_miss,23,6,7,3,250,243,369079,50275686066280039,369079,251,prime_block_le_251,25,2695432382774658040741908270274374888347028088573,111.515643094,6561,8.78889830934,16,13,0,,89.9079787925,8.78889830934,0.998114751705,0.988616408833,1.00354787036,none_visible,2.899801826,0.333333333333,2.56646849266,existing_near_power_csv,local_obstruction_before_drift,local_residue_sieve,blocked_unfilled,darmon_granville_ceiling,blocked_unfilled,blocked_unfilled,Z,residue_only,blocked_unfilled,blocked_unfilled,under_test,Q_251,pass_predefined,25,0,8.78889830934,0.351555932374,blocked_unfilled,control_class=actual_near_miss,8.78889830934,local_obstruction_before_drift
rank23_Q251_random_root_sets,random_root_sets,23,6,7,3,250,243,369079,50275686066280039,369079,251,prime_block_le_251,25,2695432382774658040741908270274374888347028088573,111.515643094,6561,8.78889830934,16,13,0,,89.9079787925,8.78889830934,1.00113330148,0.983917023486,1.02869545243,none_visible,2.899801826,0.333333333333,2.56646849266,deterministic_seeded_random_sets_same_cardinality,local_obstruction_before_drift,local_residue_sieve,blocked_unfilled,darmon_granville_ceiling,blocked_unfilled,blocked_unfilled,Z,residue_only,blocked_unfilled,blocked_unfilled,negative_control_passed,Q_251,pass_predefined,25,0,8.78889830934,0.351555932374,blocked_unfilled,control_class=random_root_sets,8.78889830934,local_obstruction_before_drift
rank23_Q251_exact_power_anchor,exact_power_anchor,23,6,7,3,250,243,369079,50275686066280039,369079,251,prime_block_le_251,25,2695432382774658040741908270274374888347028088573,111.515643094,847288609443,27.4653072167,0,0,1,369079,71.2315698851,27.4653072167,1.00107551249,0.971242832384,1.02465355957,constructed_exact_power_root,2.899801826,0.333333333333,2.56646849266,C_from_near_power_row_as_positive_control,positive_control_survivor,local_residue_sieve,blocked_unfilled,darmon_granville_ceiling,blocked_unfilled,blocked_unfilled,Z,survivor_kandidat_requires_overlap_check,blocked_unfilled,blocked_unfilled,positive_control_passed,Q_251,pass_predefined,25,2.70944702896e-06,27.4653072167,1.09861228867,blocked_unfilled,control_class=exact_power_anchor,27.4653072167,positive_control_survivor
rank24_Q251_actual_near_miss,actual_near_miss,24,7,6,4,75,167,2433,35040350021121,2433,251,prime_block_le_251,53,32133165458954322436165317614053356655440093295804604057122379340449075183940351576262600371617210115,231.425812895,67108864,18.0218266946,33,5,0,,205.607105858,18.0218266946,1.00946281394,0,2.86102548294,none_visible,7.42046186169,0.25,7.17046186169,existing_near_power_csv,local_obstruction_before_drift,local_residue_sieve,blocked_unfilled,darmon_granville_ceiling,blocked_unfilled,blocked_unfilled,Z,residue_only,blocked_unfilled,blocked_unfilled,under_test,Q_251,pass_predefined,53,0,18.0218266946,0.340034465935,blocked_unfilled,control_class=actual_near_miss,18.0218266946,local_obstruction_before_drift
rank24_Q251_random_root_sets,random_root_sets,24,7,6,4,75,167,2433,35040350021121,2433,251,prime_block_le_251,53,32133165458954322436165317614053356655440093295804604057122379340449075183940351576262600371617210115,231.425812895,67108864,18.0218266946,33,5,0,,205.607105858,18.0218266946,1.40682663811,0,5.58528565557,none_visible,7.42046186169,0.25,7.17046186169,deterministic_seeded_random_sets_same_cardinality,local_obstruction_before_drift,local_residue_sieve,blocked_unfilled,darmon_granville_ceiling,blocked_unfilled,blocked_unfilled,Z,residue_only,blocked_unfilled,blocked_unfilled,negative_control_passed,Q_251,pass_predefined,53,0,18.0218266946,0.340034465935,blocked_unfilled,control_class=random_root_sets,18.0218266946,local_obstruction_before_drift
rank24_Q251_exact_power_anchor,exact_power_anchor,24,7,6,4,75,167,2433,35040350021121,2433,251,prime_block_le_251,53,32133165458954322436165317614053356655440093295804604057122379340449075183940351576262600371617210115,231.425812895,75557863725914323419136,52.6791857226,0,0,1,2433,170.94974683,52.6791857226,1.03319161871,0.673756678997,1.46639950678,constructed_exact_power_root,7.42046186169,0.25,7.17046186169,C_from_near_power_row_as_positive_control,positive_control_survivor,local_residue_sieve,blocked_unfilled,darmon_granville_ceiling,blocked_unfilled,blocked_unfilled,Z,survivor_kandidat_requires_overlap_check,blocked_unfilled,blocked_unfilled,positive_control_passed,Q_251,pass_predefined,53,0.000411015207563,52.6791857226,0.993946900426,blocked_unfilled,control_class=exact_power_anchor,52.6791857226,positive_control_survivor
rank25_Q251_actual_near_miss,actual_near_miss,25,7,7,3,103,178,179511,5784598208409831,179511,251,prime_block_le_251,25,2695432382774658040741908270274374888347028088573,111.515643094,19683,9.88751059801,16,19,0,,89.5301407297,9.88751059801,1.00108667126,0.983393775312,1.03121690469,none_visible,3.07256623655,0.333333333333,2.73923290321,existing_near_power_csv,local_obstruction_before_drift,local_residue_sieve,blocked_unfilled,darmon_granville_ceiling,blocked_unfilled,blocked_unfilled,Z,residue_only,blocked_unfilled,blocked_unfilled,under_test,Q_251,pass_predefined,25,0,9.88751059801,0.395500423921,blocked_unfilled,control_class=actual_near_miss,9.88751059801,local_obstruction_before_drift
rank25_Q251_random_root_sets,random_root_sets,25,7,7,3,103,178,179511,5784598208409831,179511,251,prime_block_le_251,25,2695432382774658040741908270274374888347028088573,111.515643094,19683,9.88751059801,16,19,0,,89.5301407297,9.88751059801,0.993069985188,0.964686781807,1.01244491981,none_visible,3.07256623655,0.333333333333,2.73923290321,deterministic_seeded_random_sets_same_cardinality,local_obstruction_before_drift,local_residue_sieve,blocked_unfilled,darmon_granville_ceiling,blocked_unfilled,blocked_unfilled,Z,residue_only,blocked_unfilled,blocked_unfilled,negative_control_passed,Q_251,pass_predefined,25,0,9.88751059801,0.395500423921,blocked_unfilled,control_class=random_root_sets,9.88751059801,local_obstruction_before_drift
rank25_Q251_exact_power_anchor,exact_power_anchor,25,7,7,3,103,178,179511,5784598208409831,179511,251,prime_block_le_251,25,2695432382774658040741908270274374888347028088573,111.515643094,847288609443,27.4653072167,0,0,1,179511,71.952344111,27.4653072167,1.00768097467,0.948261295037,1.12728282204,constructed_exact_power_root,3.07256623655,0.333333333333,2.73923290321,C_from_near_power_row_as_positive_control,positive_control_survivor,local_residue_sieve,blocked_unfilled,darmon_granville_ceiling,blocked_unfilled,blocked_unfilled,Z,survivor_kandidat_requires_overlap_check,blocked_unfilled,blocked_unfilled,positive_control_passed,Q_251,pass_predefined,25,5.57068926138e-06,27.4653072167,1.09861228867,blocked_unfilled,control_class=exact_power_anchor,27.4653072167,positive_control_survivor
rank26_Q251_actual_near_miss,actual_near_miss,26,6,7,3,226,151,124358,1923185546890712,124358,251,prime_block_le_251,25,2695432382774658040741908270274374888347028088573,111.515643094,729,6.59167373201,19,7,0,,93.1930495804,6.59167373201,1.0087098002,0.993784968487,1.05301271776,none_visible,3.1687098474,0.333333333333,2.83537651407,existing_near_power_csv,local_obstruction_before_drift,local_residue_sieve,blocked_unfilled,darmon_granville_ceiling,blocked_unfilled,blocked_unfilled,Z,residue_only,blocked_unfilled,blocked_unfilled,under_test,Q_251,pass_predefined,25,0,6.59167373201,0.26366694928,blocked_unfilled,control_class=actual_near_miss,6.59167373201,local_obstruction_before_drift
rank26_Q251_random_root_sets,random_root_sets,26,6,7,3,226,151,124358,1923185546890712,124358,251,prime_block_le_251,25,2695432382774658040741908270274374888347028088573,111.515643094,729,6.59167373201,19,7,0,,93.1930495804,6.59167373201,1.00053983928,0.992840562462,1.01091919208,none_visible,3.1687098474,0.333333333333,2.83537651407,deterministic_seeded_random_sets_same_cardinality,local_obstruction_before_drift,local_residue_sieve,blocked_unfilled,darmon_granville_ceiling,blocked_unfilled,blocked_unfilled,Z,residue_only,blocked_unfilled,blocked_unfilled,negative_control_passed,Q_251,pass_predefined,25,0,6.59167373201,0.26366694928,blocked_unfilled,control_class=random_root_sets,6.59167373201,local_obstruction_before_drift
rank26_Q251_exact_power_anchor,exact_power_anchor,26,6,7,3,226,151,124358,1923185546890712,124358,251,prime_block_le_251,25,2695432382774658040741908270274374888347028088573,111.515643094,282429536481,26.366694928,0,0,1,124358,73.4180283843,26.366694928,1.01273451558,0.975330184718,1.18630798894,constructed_exact_power_root,3.1687098474,0.333333333333,2.83537651407,C_from_near_power_row_as_positive_control,positive_control_survivor,local_residue_sieve,blocked_unfilled,darmon_granville_ceiling,blocked_unfilled,blocked_unfilled,Z,survivor_kandidat_requires_overlap_check,blocked_unfilled,blocked_unfilled,positive_control_passed,Q_251,pass_predefined,25,8.0413001174e-06,26.366694928,1.05466779712,blocked_unfilled,control_class=exact_power_anchor,26.366694928,positive_control_survivor
rank27_Q251_actual_near_miss,actual_near_miss,27,7,7,3,171,172,205898,8728837012610792,205898,251,prime_block_le_251,25,2695432382774658040741908270274374888347028088573,111.515643094,177147,12.0847351753,13,31,0,,87.1957717392,12.0847351753,0.995114330907,0.953032839345,1.00716536019,none_visible,3.0381256478,0.333333333333,2.70479231447,existing_near_power_csv,local_obstruction_before_drift,local_residue_sieve,blocked_unfilled,darmon_granville_ceiling,blocked_unfilled,blocked_unfilled,Z,residue_only,blocked_unfilled,blocked_unfilled,under_test,Q_251,pass_predefined,25,0,12.0847351753,0.483389407014,blocked_unfilled,control_class=actual_near_miss,12.0847351753,local_obstruction_before_drift
rank27_Q251_random_root_sets,random_root_sets,27,7,7,3,171,172,205898,8728837012610792,205898,251,prime_block_le_251,25,2695432382774658040741908270274374888347028088573,111.515643094,177147,12.0847351753,13,31,0,,87.1957717392,12.0847351753,0.991552647771,0.953032839345,1.00654207423,none_visible,3.0381256478,0.333333333333,2.70479231447,deterministic_seeded_random_sets_same_cardinality,local_obstruction_before_drift,local_residue_sieve,blocked_unfilled,darmon_granville_ceiling,blocked_unfilled,blocked_unfilled,Z,residue_only,blocked_unfilled,blocked_unfilled,negative_control_passed,Q_251,pass_predefined,25,0,12.0847351753,0.483389407014,blocked_unfilled,control_class=random_root_sets,12.0847351753,local_obstruction_before_drift
rank27_Q251_exact_power_anchor,exact_power_anchor,27,7,7,3,171,172,205898,8728837012610792,205898,251,prime_block_le_251,25,2695432382774658040741908270274374888347028088573,111.515643094,282429536481,26.366694928,0,0,1,205898,72.9138119865,26.366694928,1.00100778055,0.951678339113,1.01964133266,constructed_exact_power_root,3.0381256478,0.333333333333,2.70479231447,C_from_near_power_row_as_positive_control,positive_control_survivor,local_residue_sieve,blocked_unfilled,darmon_granville_ceiling,blocked_unfilled,blocked_unfilled,Z,survivor_kandidat_requires_overlap_check,blocked_unfilled,blocked_unfilled,positive_control_passed,Q_251,pass_predefined,25,4.85677374234e-06,26.366694928,1.05466779712,blocked_unfilled,control_class=exact_power_anchor,26.366694928,positive_control_survivor
rank28_Q251_actual_near_miss,actual_near_miss,28,6,6,3,89,170,29097,24634550495673,29097,251,prime_block_le_251,25,2695432382774658040741908270274374888347028088573,111.515643094,6561,8.78889830934,16,7,0,,92.4483544297,8.78889830934,1.01193899333,0.951507028216,1.08117675362,none_visible,3.61650800829,0.333333333333,3.28317467495,existing_near_power_csv,local_obstruction_before_drift,local_residue_sieve,blocked_unfilled,darmon_granville_ceiling,blocked_unfilled,blocked_unfilled,Z,residue_only,blocked_unfilled,blocked_unfilled,under_test,Q_251,pass_predefined,25,0,8.78889830934,0.351555932374,blocked_unfilled,control_class=actual_near_miss,8.78889830934,local_obstruction_before_drift
rank28_Q251_random_root_sets,random_root_sets,28,6,6,3,89,170,29097,24634550495673,29097,251,prime_block_le_251,25,2695432382774658040741908270274374888347028088573,111.515643094,6561,8.78889830934,16,7,0,,92.4483544297,8.78889830934,1.01377480687,0.9431823823,1.10669675759,none_visible,3.61650800829,0.333333333333,3.28317467495,deterministic_seeded_random_sets_same_cardinality,local_obstruction_before_drift,local_residue_sieve,blocked_unfilled,darmon_granville_ceiling,blocked_unfilled,blocked_unfilled,Z,residue_only,blocked_unfilled,blocked_unfilled,negative_control_passed,Q_251,pass_predefined,25,0,8.78889830934,0.351555932374,blocked_unfilled,control_class=random_root_sets,8.78889830934,local_obstruction_before_drift
rank28_Q251_exact_power_anchor,exact_power_anchor,28,6,6,3,89,170,29097,24634550495673,29097,251,prime_block_le_251,25,2695432382774658040741908270274374888347028088573,111.515643094,282429536481,26.366694928,0,0,1,29097,74.870557811,26.366694928,1.02687339537,0.876337003051,1.2644831655,constructed_exact_power_root,3.61650800829,0.333333333333,3.28317467495,C_from_near_power_row_as_positive_control,positive_control_survivor,local_residue_sieve,blocked_unfilled,darmon_granville_ceiling,blocked_unfilled,blocked_unfilled,Z,survivor_kandidat_requires_overlap_check,blocked_unfilled,blocked_unfilled,positive_control_passed,Q_251,pass_predefined,25,3.4367804241e-05,26.366694928,1.05466779712,blocked_unfilled,control_class=exact_power_anchor,26.366694928,positive_control_survivor
rank29_Q251_actual_near_miss,actual_near_miss,29,7,6,3,21,100,10006,1001801080216,10006,251,prime_block_le_251,25,2695432382774658040741908270274374888347028088573,111.515643094,1594323,14.2819597527,12,13,0,,88.0227431494,14.2819597527,1.09939869412,0.754780465054,2.08999045017,none_visible,4.035622885,0.333333333333,3.70228955166,existing_near_power_csv,local_obstruction_before_drift,local_residue_sieve,blocked_unfilled,darmon_granville_ceiling,blocked_unfilled,blocked_unfilled,Z,residue_only,blocked_unfilled,blocked_unfilled,under_test,Q_251,pass_predefined,25,0,14.2819597527,0.571278390107,blocked_unfilled,control_class=actual_near_miss,14.2819597527,local_obstruction_before_drift
rank29_Q251_random_root_sets,random_root_sets,29,7,6,3,21,100,10006,1001801080216,10006,251,prime_block_le_251,25,2695432382774658040741908270274374888347028088573,111.515643094,1594323,14.2819597527,12,13,0,,88.0227431494,14.2819597527,0.897468926052,0,1.25796744176,none_visible,4.035622885,0.333333333333,3.70228955166,deterministic_seeded_random_sets_same_cardinality,local_obstruction_before_drift,local_residue_sieve,blocked_unfilled,darmon_granville_ceiling,blocked_unfilled,blocked_unfilled,Z,residue_only,blocked_unfilled,blocked_unfilled,negative_control_passed,Q_251,pass_predefined,25,0,14.2819597527,0.571278390107,blocked_unfilled,control_class=random_root_sets,14.2819597527,local_obstruction_before_drift
rank29_Q251_exact_power_anchor,exact_power_anchor,29,7,6,3,21,100,10006,1001801080216,10006,251,prime_block_le_251,25,2695432382774658040741908270274374888347028088573,111.515643094,847288609443,27.4653072167,0,0,1,10006,74.8393956853,27.4653072167,1.13154005745,0.522497612544,2.26828347436,constructed_exact_power_root,4.035622885,0.333333333333,3.70228955166,C_from_near_power_row_as_positive_control,positive_control_survivor,local_residue_sieve,blocked_unfilled,darmon_granville_ceiling,blocked_unfilled,blocked_unfilled,Z,survivor_kandidat_requires_overlap_check,blocked_unfilled,blocked_unfilled,positive_control_passed,Q_251,pass_predefined,25,9.99400359784e-05,27.4653072167,1.09861228867,blocked_unfilled,control_class=exact_power_anchor,27.4653072167,positive_control_survivor
rank30_Q251_actual_near_miss,actual_near_miss,30,7,7,3,214,233,386721,57835336698683361,386721,251,prime_block_le_251,25,2695432382774658040741908270274374888347028088573,111.515643094,2187,7.69028602068,18,13,0,,90.9598982916,7.69028602068,1.00431194199,0.996089055302,1.03392109557,none_visible,2.88927753466,0.333333333333,2.55594420133,existing_near_power_csv,local_obstruction_before_drift,local_residue_sieve,blocked_unfilled,darmon_granville_ceiling,blocked_unfilled,blocked_unfilled,Z,residue_only,blocked_unfilled,blocked_unfilled,under_test,Q_251,pass_predefined,25,0,7.69028602068,0.307611440827,blocked_unfilled,control_class=actual_near_miss,7.69028602068,local_obstruction_before_drift
rank30_Q251_random_root_sets,random_root_sets,30,7,7,3,214,233,386721,57835336698683361,386721,251,prime_block_le_251,25,2695432382774658040741908270274374888347028088573,111.515643094,2187,7.69028602068,18,13,0,,90.9598982916,7.69028602068,0.997209539617,0.983048359009,1.00470077624,none_visible,2.88927753466,0.333333333333,2.55594420133,deterministic_seeded_random_sets_same_cardinality,local_obstruction_before_drift,local_residue_sieve,blocked_unfilled,darmon_granville_ceiling,blocked_unfilled,blocked_unfilled,Z,residue_only,blocked_unfilled,blocked_unfilled,negative_control_passed,Q_251,pass_predefined,25,0,7.69028602068,0.307611440827,blocked_unfilled,control_class=random_root_sets,7.69028602068,local_obstruction_before_drift
rank30_Q251_exact_power_anchor,exact_power_anchor,30,7,7,3,214,233,386721,57835336698683361,386721,251,prime_block_le_251,25,2695432382774658040741908270274374888347028088573,111.515643094,847288609443,27.4653072167,0,0,1,386721,71.1848770956,27.4653072167,1.00236330537,0.968375995442,1.0254492975,constructed_exact_power_root,2.88927753466,0.333333333333,2.55594420133,C_from_near_power_row_as_positive_control,positive_control_survivor,local_residue_sieve,blocked_unfilled,darmon_granville_ceiling,blocked_unfilled,blocked_unfilled,Z,survivor_kandidat_requires_overlap_check,blocked_unfilled,blocked_unfilled,positive_control_passed,Q_251,pass_predefined,25,2.58584354095e-06,27.4653072167,1.09861228867,blocked_unfilled,control_class=exact_power_anchor,27.4653072167,positive_control_survivor
rank31_Q251_actual_near_miss,actual_near_miss,31,6,6,3,103,148,22704,11703267569664,22704,251,prime_block_le_251,25,2695432382774658040741908270274374888347028088573,111.515643094,59049,10.9861228867,13,7,0,,90.499223808,10.9861228867,0.986947523153,0.721923694307,1.2339137499,none_visible,3.70596037756,0.333333333333,3.37262704423,existing_near_power_csv,local_obstruction_before_drift,local_residue_sieve,blocked_unfilled,darmon_granville_ceiling,blocked_unfilled,blocked_unfilled,Z,residue_only,blocked_unfilled,blocked_unfilled,under_test,Q_251,pass_predefined,25,0,10.9861228867,0.439444915467,blocked_unfilled,control_class=actual_near_miss,10.9861228867,local_obstruction_before_drift
rank31_Q251_random_root_sets,random_root_sets,31,6,6,3,103,148,22704,11703267569664,22704,251,prime_block_le_251,25,2695432382774658040741908270274374888347028088573,111.515643094,59049,10.9861228867,13,7,0,,90.499223808,10.9861228867,0.997880051395,0.892079711847,1.05764035706,none_visible,3.70596037756,0.333333333333,3.37262704423,deterministic_seeded_random_sets_same_cardinality,local_obstruction_before_drift,local_residue_sieve,blocked_unfilled,darmon_granville_ceiling,blocked_unfilled,blocked_unfilled,Z,residue_only,blocked_unfilled,blocked_unfilled,negative_control_passed,Q_251,pass_predefined,25,0,10.9861228867,0.439444915467,blocked_unfilled,control_class=random_root_sets,10.9861228867,local_obstruction_before_drift
rank31_Q251_exact_power_anchor,exact_power_anchor,31,6,6,3,103,148,22704,11703267569664,22704,251,prime_block_le_251,25,2695432382774658040741908270274374888347028088573,111.515643094,282429536481,26.366694928,0,0,1,22704,75.1186517666,26.366694928,1.01693778874,0.749750411088,1.31572018636,constructed_exact_power_root,3.70596037756,0.333333333333,3.37262704423,C_from_near_power_row_as_positive_control,positive_control_survivor,local_residue_sieve,blocked_unfilled,darmon_granville_ceiling,blocked_unfilled,blocked_unfilled,Z,survivor_kandidat_requires_overlap_check,blocked_unfilled,blocked_unfilled,positive_control_passed,Q_251,pass_predefined,25,4.40451021846e-05,26.366694928,1.05466779712,blocked_unfilled,control_class=exact_power_anchor,26.366694928,positive_control_survivor
rank32_Q251_actual_near_miss,actual_near_miss,32,7,6,4,90,239,3912,234204580417536,3912,251,prime_block_le_251,53,32133165458954322436165317614053356655440093295804604057122379340449075183940351576262600371617210115,231.425812895,1048576,13.8629436112,34,11,0,,209.291065253,13.8629436112,0.947744475687,0,3.32202198364,none_visible,6.9944177843,0.25,6.7444177843,existing_near_power_csv,local_obstruction_before_drift,local_residue_sieve,blocked_unfilled,darmon_granville_ceiling,blocked_unfilled,blocked_unfilled,Z,residue_only,blocked_unfilled,blocked_unfilled,under_test,Q_251,pass_predefined,53,0,13.8629436112,0.261564973796,blocked_unfilled,control_class=actual_near_miss,13.8629436112,local_obstruction_before_drift
rank32_Q251_random_root_sets,random_root_sets,32,7,6,4,90,239,3912,234204580417536,3912,251,prime_block_le_251,53,32133165458954322436165317614053356655440093295804604057122379340449075183940351576262600371617210115,231.425812895,1048576,13.8629436112,34,11,0,,209.291065253,13.8629436112,0.850397104351,0,3.03003578732,none_visible,6.9944177843,0.25,6.7444177843,deterministic_seeded_random_sets_same_cardinality,local_obstruction_before_drift,local_residue_sieve,blocked_unfilled,darmon_granville_ceiling,blocked_unfilled,blocked_unfilled,Z,residue_only,blocked_unfilled,blocked_unfilled,negative_control_passed,Q_251,pass_predefined,53,0,13.8629436112,0.261564973796,blocked_unfilled,control_class=random_root_sets,13.8629436112,local_obstruction_before_drift
rank32_Q251_exact_power_anchor,exact_power_anchor,32,7,6,4,90,239,3912,234204580417536,3912,251,prime_block_le_251,53,32133165458954322436165317614053356655440093295804604057122379340449075183940351576262600371617210115,231.425812895,37778931862957161709568,51.986038542,0,0,1,3912,171.167970322,51.986038542,1.05115270322,0.965474821063,1.25709355828,constructed_exact_power_root,6.9944177843,0.25,6.7444177843,C_from_near_power_row_as_positive_control,positive_control_survivor,local_residue_sieve,blocked_unfilled,darmon_granville_ceiling,blocked_unfilled,blocked_unfilled,Z,survivor_kandidat_requires_overlap_check,blocked_unfilled,blocked_unfilled,positive_control_passed,Q_251,pass_predefined,53,0.000255623721881,51.986038542,0.980868651736,blocked_unfilled,control_class=exact_power_anchor,51.986038542,positive_control_survivor
rank33_Q251_actual_near_miss,actual_near_miss,33,5,7,3,206,93,39266,60541055273096,39266,251,prime_block_le_251,25,2695432382774658040741908270274374888347028088573,111.515643094,6561,8.78889830934,16,19,0,,92.1486305013,8.78889830934,0.948170809352,0.683642053911,1.02127370584,none_visible,3.5140366265,0.333333333333,3.18070329317,existing_near_power_csv,local_obstruction_before_drift,local_residue_sieve,blocked_unfilled,darmon_granville_ceiling,blocked_unfilled,blocked_unfilled,Z,residue_only,blocked_unfilled,blocked_unfilled,under_test,Q_251,pass_predefined,25,0,8.78889830934,0.351555932374,blocked_unfilled,control_class=actual_near_miss,8.78889830934,local_obstruction_before_drift
rank33_Q251_random_root_sets,random_root_sets,33,5,7,3,206,93,39266,60541055273096,39266,251,prime_block_le_251,25,2695432382774658040741908270274374888347028088573,111.515643094,6561,8.78889830934,16,19,0,,92.1486305013,8.78889830934,1.00035795741,0.820370464694,1.09896036718,none_visible,3.5140366265,0.333333333333,3.18070329317,deterministic_seeded_random_sets_same_cardinality,local_obstruction_before_drift,local_residue_sieve,blocked_unfilled,darmon_granville_ceiling,blocked_unfilled,blocked_unfilled,Z,residue_only,blocked_unfilled,blocked_unfilled,negative_control_passed,Q_251,pass_predefined,25,0,8.78889830934,0.351555932374,blocked_unfilled,control_class=random_root_sets,8.78889830934,local_obstruction_before_drift
rank33_Q251_exact_power_anchor,exact_power_anchor,33,5,7,3,206,93,39266,60541055273096,39266,251,prime_block_le_251,25,2695432382774658040741908270274374888347028088573,111.515643094,847288609443,27.4653072167,0,0,1,39266,73.4722215939,27.4653072167,1.02423463613,0.921303134745,1.3005399073,constructed_exact_power_root,3.5140366265,0.333333333333,3.18070329317,C_from_near_power_row_as_positive_control,positive_control_survivor,local_residue_sieve,blocked_unfilled,darmon_granville_ceiling,blocked_unfilled,blocked_unfilled,Z,survivor_kandidat_requires_overlap_check,blocked_unfilled,blocked_unfilled,positive_control_passed,Q_251,pass_predefined,25,2.54673254215e-05,27.4653072167,1.09861228867,blocked_unfilled,control_class=exact_power_anchor,27.4653072167,positive_control_survivor
rank34_Q251_actual_near_miss,actual_near_miss,34,7,7,3,217,218,358452,46056721898841408,358452,251,prime_block_le_251,25,2695432382774658040741908270274374888347028088573,111.515643094,531441,13.183347464,13,13,0,,85.5427455912,13.183347464,1.0058868736,0.999747370483,1.04353937983,none_visible,2.90642602112,0.333333333333,2.57309268779,existing_near_power_csv,local_obstruction_before_drift,local_residue_sieve,blocked_unfilled,darmon_granville_ceiling,blocked_unfilled,blocked_unfilled,Z,residue_only,blocked_unfilled,blocked_unfilled,under_test,Q_251,pass_predefined,25,0,13.183347464,0.527333898561,blocked_unfilled,control_class=actual_near_miss,13.183347464,local_obstruction_before_drift
rank34_Q251_random_root_sets,random_root_sets,34,7,7,3,217,218,358452,46056721898841408,358452,251,prime_block_le_251,25,2695432382774658040741908270274374888347028088573,111.515643094,531441,13.183347464,13,13,0,,85.5427455912,13.183347464,0.99945588139,0.99369573115,1.00932497393,none_visible,2.90642602112,0.333333333333,2.57309268779,deterministic_seeded_random_sets_same_cardinality,local_obstruction_before_drift,local_residue_sieve,blocked_unfilled,darmon_granville_ceiling,blocked_unfilled,blocked_unfilled,Z,residue_only,blocked_unfilled,blocked_unfilled,negative_control_passed,Q_251,pass_predefined,25,0,13.183347464,0.527333898561,blocked_unfilled,control_class=random_root_sets,13.183347464,local_obstruction_before_drift
rank34_Q251_exact_power_anchor,exact_power_anchor,34,7,7,3,217,218,358452,46056721898841408,358452,251,prime_block_le_251,25,2695432382774658040741908270274374888347028088573,111.515643094,847288609443,27.4653072167,0,0,1,358452,71.2607858385,27.4653072167,1.00513661936,0.995305120661,1.02384760644,constructed_exact_power_root,2.90642602112,0.333333333333,2.57309268779,C_from_near_power_row_as_positive_control,positive_control_survivor,local_residue_sieve,blocked_unfilled,darmon_granville_ceiling,blocked_unfilled,blocked_unfilled,Z,survivor_kandidat_requires_overlap_check,blocked_unfilled,blocked_unfilled,positive_control_passed,Q_251,pass_predefined,25,2.78977380514e-06,27.4653072167,1.09861228867,blocked_unfilled,control_class=exact_power_anchor,27.4653072167,positive_control_survivor
rank35_Q251_actual_near_miss,actual_near_miss,35,7,7,3,91,148,117132,1607039962123968,117132,251,prime_block_le_251,25,2695432382774658040741908270274374888347028088573,111.515643094,59049,10.9861228867,15,37,0,,88.8584634244,10.9861228867,1.00514635172,0.955369440745,1.06812447116,none_visible,3.18496274353,0.333333333333,2.8516294102,existing_near_power_csv,local_obstruction_before_drift,local_residue_sieve,blocked_unfilled,darmon_granville_ceiling,blocked_unfilled,blocked_unfilled,Z,residue_only,blocked_unfilled,blocked_unfilled,under_test,Q_251,pass_predefined,25,0,10.9861228867,0.439444915467,blocked_unfilled,control_class=actual_near_miss,10.9861228867,local_obstruction_before_drift
rank35_Q251_random_root_sets,random_root_sets,35,7,7,3,91,148,117132,1607039962123968,117132,251,prime_block_le_251,25,2695432382774658040741908270274374888347028088573,111.515643094,59049,10.9861228867,15,37,0,,88.8584634244,10.9861228867,1.01085501089,0.995297802669,1.09336095649,none_visible,3.18496274353,0.333333333333,2.8516294102,deterministic_seeded_random_sets_same_cardinality,local_obstruction_before_drift,local_residue_sieve,blocked_unfilled,darmon_granville_ceiling,blocked_unfilled,blocked_unfilled,Z,residue_only,blocked_unfilled,blocked_unfilled,negative_control_passed,Q_251,pass_predefined,25,0,10.9861228867,0.439444915467,blocked_unfilled,control_class=random_root_sets,10.9861228867,local_obstruction_before_drift
rank35_Q251_exact_power_anchor,exact_power_anchor,35,7,7,3,91,148,117132,1607039962123968,117132,251,prime_block_le_251,25,2695432382774658040741908270274374888347028088573,111.515643094,282429536481,26.366694928,0,0,1,117132,73.4778913831,26.366694928,1.00675595024,0.95568532368,1.06572451973,constructed_exact_power_root,3.18496274353,0.333333333333,2.8516294102,C_from_near_power_row_as_positive_control,positive_control_survivor,local_residue_sieve,blocked_unfilled,darmon_granville_ceiling,blocked_unfilled,blocked_unfilled,Z,survivor_kandidat_requires_overlap_check,blocked_unfilled,blocked_unfilled,positive_control_passed,Q_251,pass_predefined,25,8.53737663491e-06,26.366694928,1.05466779712,blocked_unfilled,control_class=exact_power_anchor,26.366694928,positive_control_survivor
rank36_Q251_actual_near_miss,actual_near_miss,36,7,7,3,108,149,121685,1801818905094125,121685,251,prime_block_le_251,25,2695432382774658040741908270274374888347028088573,111.515643094,2187,7.69028602068,18,7,0,,92.1161660559,7.69028602068,0.9927319932,0.970646432273,1.02815922715,none_visible,3.17459002726,0.333333333333,2.84125669393,existing_near_power_csv,local_obstruction_before_drift,local_residue_sieve,blocked_unfilled,darmon_granville_ceiling,blocked_unfilled,blocked_unfilled,Z,residue_only,blocked_unfilled,blocked_unfilled,under_test,Q_251,pass_predefined,25,0,7.69028602068,0.307611440827,blocked_unfilled,control_class=actual_near_miss,7.69028602068,local_obstruction_before_drift
rank36_Q251_random_root_sets,random_root_sets,36,7,7,3,108,149,121685,1801818905094125,121685,251,prime_block_le_251,25,2695432382774658040741908270274374888347028088573,111.515643094,2187,7.69028602068,18,7,0,,92.1161660559,7.69028602068,0.988806405123,0.942132007506,1.01476672465,none_visible,3.17459002726,0.333333333333,2.84125669393,deterministic_seeded_random_sets_same_cardinality,local_obstruction_before_drift,local_residue_sieve,blocked_unfilled,darmon_granville_ceiling,blocked_unfilled,blocked_unfilled,Z,residue_only,blocked_unfilled,blocked_unfilled,negative_control_passed,Q_251,pass_predefined,25,0,7.69028602068,0.307611440827,blocked_unfilled,control_class=random_root_sets,7.69028602068,local_obstruction_before_drift
rank36_Q251_exact_power_anchor,exact_power_anchor,36,7,7,3,108,149,121685,1801818905094125,121685,251,prime_block_le_251,25,2695432382774658040741908270274374888347028088573,111.515643094,847288609443,27.4653072167,0,0,1,121685,72.3411448599,27.4653072167,1.00169205858,0.88596056302,1.16003615893,constructed_exact_power_root,3.17459002726,0.333333333333,2.84125669393,C_from_near_power_row_as_positive_control,positive_control_survivor,local_residue_sieve,blocked_unfilled,darmon_granville_ceiling,blocked_unfilled,blocked_unfilled,Z,survivor_kandidat_requires_overlap_check,blocked_unfilled,blocked_unfilled,positive_control_passed,Q_251,pass_predefined,25,8.2179397625e-06,27.4653072167,1.09861228867,blocked_unfilled,control_class=exact_power_anchor,27.4653072167,positive_control_survivor
rank37_Q251_actual_near_miss,actual_near_miss,37,5,7,4,118,79,2094,19226786746896,2094,251,prime_block_le_251,53,32133165458954322436165317614053356655440093295804604057122379340449075183940351576262600371617210115,231.425812895,134217728,18.7149738751,30,3,0,,205.064007628,18.7149738751,0.713920183207,0,3.56888729704,none_visible,7.56606890648,0.25,7.31606890648,existing_near_power_csv,local_obstruction_before_drift,local_residue_sieve,blocked_unfilled,darmon_granville_ceiling,blocked_unfilled,blocked_unfilled,Z,residue_only,blocked_unfilled,blocked_unfilled,under_test,Q_251,pass_predefined,53,0,18.7149738751,0.353112714625,blocked_unfilled,control_class=actual_near_miss,18.7149738751,local_obstruction_before_drift
rank37_Q251_random_root_sets,random_root_sets,37,5,7,4,118,79,2094,19226786746896,2094,251,prime_block_le_251,53,32133165458954322436165317614053356655440093295804604057122379340449075183940351576262600371617210115,231.425812895,134217728,18.7149738751,30,3,0,,205.064007628,18.7149738751,1.08007592038,0,3.86807545368,none_visible,7.56606890648,0.25,7.31606890648,deterministic_seeded_random_sets_same_cardinality,local_obstruction_before_drift,local_residue_sieve,blocked_unfilled,darmon_granville_ceiling,blocked_unfilled,blocked_unfilled,Z,residue_only,blocked_unfilled,blocked_unfilled,negative_control_passed,Q_251,pass_predefined,53,0,18.7149738751,0.353112714625,blocked_unfilled,control_class=random_root_sets,18.7149738751,local_obstruction_before_drift
rank37_Q251_exact_power_anchor,exact_power_anchor,37,5,7,4,118,79,2094,19226786746896,2094,251,prime_block_le_251,53,32133165458954322436165317614053356655440093295804604057122379340449075183940351576262600371617210115,231.425812895,75557863725914323419136,52.6791857226,0,0,1,2094,171.099795781,52.6791857226,1.09088218322,0.743493314231,1.56566380134,constructed_exact_power_root,7.56606890648,0.25,7.31606890648,C_from_near_power_row_as_positive_control,positive_control_survivor,local_residue_sieve,blocked_unfilled,darmon_granville_ceiling,blocked_unfilled,blocked_unfilled,Z,survivor_kandidat_requires_overlap_check,blocked_unfilled,blocked_unfilled,positive_control_passed,Q_251,pass_predefined,53,0.000477554918816,52.6791857226,0.993946900426,blocked_unfilled,control_class=exact_power_anchor,52.6791857226,positive_control_survivor
rank38_Q251_actual_near_miss,actual_near_miss,38,6,7,3,245,134,99734,992041207978904,99734,251,prime_block_le_251,25,2695432382774658040741908270274374888347028088573,111.515643094,59049,10.9861228867,15,13,0,,89.0192582865,10.9861228867,1.00336363864,0.968957426755,1.04797984862,none_visible,3.22945570543,0.333333333333,2.89612237209,existing_near_power_csv,local_obstruction_before_drift,local_residue_sieve,blocked_unfilled,darmon_granville_ceiling,blocked_unfilled,blocked_unfilled,Z,residue_only,blocked_unfilled,blocked_unfilled,under_test,Q_251,pass_predefined,25,0,10.9861228867,0.439444915467,blocked_unfilled,control_class=actual_near_miss,10.9861228867,local_obstruction_before_drift
rank38_Q251_random_root_sets,random_root_sets,38,6,7,3,245,134,99734,992041207978904,99734,251,prime_block_le_251,25,2695432382774658040741908270274374888347028088573,111.515643094,59049,10.9861228867,15,13,0,,89.0192582865,10.9861228867,1.00795214035,0.968957426755,1.07591415387,none_visible,3.22945570543,0.333333333333,2.89612237209,deterministic_seeded_random_sets_same_cardinality,local_obstruction_before_drift,local_residue_sieve,blocked_unfilled,darmon_granville_ceiling,blocked_unfilled,blocked_unfilled,Z,residue_only,blocked_unfilled,blocked_unfilled,negative_control_passed,Q_251,pass_predefined,25,0,10.9861228867,0.439444915467,blocked_unfilled,control_class=random_root_sets,10.9861228867,local_obstruction_before_drift
rank38_Q251_exact_power_anchor,exact_power_anchor,38,6,7,3,245,134,99734,992041207978904,99734,251,prime_block_le_251,25,2695432382774658040741908270274374888347028088573,111.515643094,847288609443,27.4653072167,0,0,1,99734,72.5400739565,27.4653072167,1.01604750117,0.972949155866,1.10672388554,constructed_exact_power_root,3.22945570543,0.333333333333,2.89612237209,C_from_near_power_row_as_positive_control,positive_control_survivor,local_residue_sieve,blocked_unfilled,darmon_granville_ceiling,blocked_unfilled,blocked_unfilled,Z,survivor_kandidat_requires_overlap_check,blocked_unfilled,blocked_unfilled,positive_control_passed,Q_251,pass_predefined,25,1.00266709447e-05,27.4653072167,1.09861228867,blocked_unfilled,control_class=exact_power_anchor,27.4653072167,positive_control_survivor
rank39_Q251_actual_near_miss,actual_near_miss,39,7,7,3,99,182,188593,6707747514563857,188593,251,prime_block_le_251,25,2695432382774658040741908270274374888347028088573,111.515643094,19683,9.88751059801,16,19,0,,89.4807859632,9.88751059801,1.00024965578,0.993512779136,1.00949664091,none_visible,3.06008237525,0.333333333333,2.72674904191,existing_near_power_csv,local_obstruction_before_drift,local_residue_sieve,blocked_unfilled,darmon_granville_ceiling,blocked_unfilled,blocked_unfilled,Z,residue_only,blocked_unfilled,blocked_unfilled,under_test,Q_251,pass_predefined,25,0,9.88751059801,0.395500423921,blocked_unfilled,control_class=actual_near_miss,9.88751059801,local_obstruction_before_drift
rank39_Q251_random_root_sets,random_root_sets,39,7,7,3,99,182,188593,6707747514563857,188593,251,prime_block_le_251,25,2695432382774658040741908270274374888347028088573,111.515643094,19683,9.88751059801,16,19,0,,89.4807859632,9.88751059801,0.991568630743,0.967367706001,1.00139453744,none_visible,3.06008237525,0.333333333333,2.72674904191,deterministic_seeded_random_sets_same_cardinality,local_obstruction_before_drift,local_residue_sieve,blocked_unfilled,darmon_granville_ceiling,blocked_unfilled,blocked_unfilled,Z,residue_only,blocked_unfilled,blocked_unfilled,negative_control_passed,Q_251,pass_predefined,25,0,9.88751059801,0.395500423921,blocked_unfilled,control_class=random_root_sets,9.88751059801,local_obstruction_before_drift
rank39_Q251_exact_power_anchor,exact_power_anchor,39,7,7,3,99,182,188593,6707747514563857,188593,251,prime_block_le_251,25,2695432382774658040741908270274374888347028088573,111.515643094,282429536481,26.366694928,0,0,1,188593,73.0016016331,26.366694928,1.0076084871,0.980014575774,1.10551175164,constructed_exact_power_root,3.06008237525,0.333333333333,2.72674904191,C_from_near_power_row_as_positive_control,positive_control_survivor,local_residue_sieve,blocked_unfilled,darmon_granville_ceiling,blocked_unfilled,blocked_unfilled,Z,survivor_kandidat_requires_overlap_check,blocked_unfilled,blocked_unfilled,positive_control_passed,Q_251,pass_predefined,25,5.30242373789e-06,26.366694928,1.05466779712,blocked_unfilled,control_class=exact_power_anchor,26.366694928,positive_control_survivor
rank40_Q251_actual_near_miss,actual_near_miss,40,7,7,3,121,214,275602,20933752951467208,275602,251,prime_block_le_251,25,2695432382774658040741908270274374888347028088573,111.515643094,19683,9.88751059801,14,13,0,,89.1014194211,9.88751059801,0.998973076312,0.975497275056,1.02291549247,none_visible,2.96740899299,0.333333333333,2.63407565966,existing_near_power_csv,local_obstruction_before_drift,local_residue_sieve,blocked_unfilled,darmon_granville_ceiling,blocked_unfilled,blocked_unfilled,Z,residue_only,blocked_unfilled,blocked_unfilled,under_test,Q_251,pass_predefined,25,0,9.88751059801,0.395500423921,blocked_unfilled,control_class=actual_near_miss,9.88751059801,local_obstruction_before_drift
rank40_Q251_random_root_sets,random_root_sets,40,7,7,3,121,214,275602,20933752951467208,275602,251,prime_block_le_251,25,2695432382774658040741908270274374888347028088573,111.515643094,19683,9.88751059801,14,13,0,,89.1014194211,9.88751059801,0.995315144464,0.981835319692,1.00646544252,none_visible,2.96740899299,0.333333333333,2.63407565966,deterministic_seeded_random_sets_same_cardinality,local_obstruction_before_drift,local_residue_sieve,blocked_unfilled,darmon_granville_ceiling,blocked_unfilled,blocked_unfilled,Z,residue_only,blocked_unfilled,blocked_unfilled,negative_control_passed,Q_251,pass_predefined,25,0,9.88751059801,0.395500423921,blocked_unfilled,control_class=random_root_sets,9.88751059801,local_obstruction_before_drift
rank40_Q251_exact_power_anchor,exact_power_anchor,40,7,7,3,121,214,275602,20933752951467208,275602,251,prime_block_le_251,25,2695432382774658040741908270274374888347028088573,111.515643094,847288609443,27.4653072167,0,0,1,275602,71.5236228024,27.4653072167,1.00479688974,0.990981358787,1.04999117084,constructed_exact_power_root,2.96740899299,0.333333333333,2.63407565966,C_from_near_power_row_as_positive_control,positive_control_survivor,local_residue_sieve,blocked_unfilled,darmon_granville_ceiling,blocked_unfilled,blocked_unfilled,Z,survivor_kandidat_requires_overlap_check,blocked_unfilled,blocked_unfilled,positive_control_passed,Q_251,pass_predefined,25,3.62842069361e-06,27.4653072167,1.09861228867,blocked_unfilled,control_class=exact_power_anchor,27.4653072167,positive_control_survivor
rank41_Q251_actual_near_miss,actual_near_miss,41,7,7,3,105,206,251369,15883095686476409,251369,251,prime_block_le_251,25,2695432382774658040741908270274374888347028088573,111.515643094,729,6.59167373201,19,7,0,,92.489292104,6.59167373201,0.996914319409,0.990786011357,1.00003580394,none_visible,2.98937240267,0.333333333333,2.65603906934,existing_near_power_csv,local_obstruction_before_drift,local_residue_sieve,blocked_unfilled,darmon_granville_ceiling,blocked_unfilled,blocked_unfilled,Z,residue_only,blocked_unfilled,blocked_unfilled,under_test,Q_251,pass_predefined,25,0,6.59167373201,0.26366694928,blocked_unfilled,control_class=actual_near_miss,6.59167373201,local_obstruction_before_drift
rank41_Q251_random_root_sets,random_root_sets,41,7,7,3,105,206,251369,15883095686476409,251369,251,prime_block_le_251,25,2695432382774658040741908270274374888347028088573,111.515643094,729,6.59167373201,19,7,0,,92.489292104,6.59167373201,0.99931371366,0.991171456217,1.00948008704,none_visible,2.98937240267,0.333333333333,2.65603906934,deterministic_seeded_random_sets_same_cardinality,local_obstruction_before_drift,local_residue_sieve,blocked_unfilled,darmon_granville_ceiling,blocked_unfilled,blocked_unfilled,Z,residue_only,blocked_unfilled,blocked_unfilled,negative_control_passed,Q_251,pass_predefined,25,0,6.59167373201,0.26366694928,blocked_unfilled,control_class=random_root_sets,6.59167373201,local_obstruction_before_drift
rank41_Q251_exact_power_anchor,exact_power_anchor,41,7,7,3,105,206,251369,15883095686476409,251369,251,prime_block_le_251,25,2695432382774658040741908270274374888347028088573,111.515643094,847288609443,27.4653072167,0,0,1,251369,71.6156586193,27.4653072167,1.00446913811,0.985031743948,1.03558557782,constructed_exact_power_root,2.98937240267,0.333333333333,2.65603906934,C_from_near_power_row_as_positive_control,positive_control_survivor,local_residue_sieve,blocked_unfilled,darmon_granville_ceiling,blocked_unfilled,blocked_unfilled,Z,survivor_kandidat_requires_overlap_check,blocked_unfilled,blocked_unfilled,positive_control_passed,Q_251,pass_predefined,25,3.97821529306e-06,27.4653072167,1.09861228867,blocked_unfilled,control_class=exact_power_anchor,27.4653072167,positive_control_survivor
rank42_Q251_actual_near_miss,actual_near_miss,42,6,7,3,221,198,229241,12046943758644521,229241,251,prime_block_le_251,25,2695432382774658040741908270274374888347028088573,111.515643094,19683,9.88751059801,15,7,0,,89.2856033652,9.88751059801,0.986715204727,0.889440952244,1.01482088961,none_visible,3.01169076752,0.333333333333,2.67835743419,existing_near_power_csv,local_obstruction_before_drift,local_residue_sieve,blocked_unfilled,darmon_granville_ceiling,blocked_unfilled,blocked_unfilled,Z,residue_only,blocked_unfilled,blocked_unfilled,under_test,Q_251,pass_predefined,25,0,9.88751059801,0.395500423921,blocked_unfilled,control_class=actual_near_miss,9.88751059801,local_obstruction_before_drift
rank42_Q251_random_root_sets,random_root_sets,42,6,7,3,221,198,229241,12046943758644521,229241,251,prime_block_le_251,25,2695432382774658040741908270274374888347028088573,111.515643094,19683,9.88751059801,15,7,0,,89.2856033652,9.88751059801,1.00436690677,0.990069160597,1.02627802182,none_visible,3.01169076752,0.333333333333,2.67835743419,deterministic_seeded_random_sets_same_cardinality,local_obstruction_before_drift,local_residue_sieve,blocked_unfilled,darmon_granville_ceiling,blocked_unfilled,blocked_unfilled,Z,residue_only,blocked_unfilled,blocked_unfilled,negative_control_passed,Q_251,pass_predefined,25,0,9.88751059801,0.395500423921,blocked_unfilled,control_class=random_root_sets,9.88751059801,local_obstruction_before_drift
rank42_Q251_exact_power_anchor,exact_power_anchor,42,6,7,3,221,198,229241,12046943758644521,229241,251,prime_block_le_251,25,2695432382774658040741908270274374888347028088573,111.515643094,847288609443,27.4653072167,0,0,1,229241,71.7078067465,27.4653072167,1.00268121112,0.97688168056,1.03957261863,constructed_exact_power_root,3.01169076752,0.333333333333,2.67835743419,C_from_near_power_row_as_positive_control,positive_control_survivor,local_residue_sieve,blocked_unfilled,darmon_granville_ceiling,blocked_unfilled,blocked_unfilled,Z,survivor_kandidat_requires_overlap_check,blocked_unfilled,blocked_unfilled,positive_control_passed,Q_251,pass_predefined,25,4.36222141763e-06,27.4653072167,1.09861228867,blocked_unfilled,control_class=exact_power_anchor,27.4653072167,positive_control_survivor
rank43_Q251_actual_near_miss,actual_near_miss,43,6,7,3,235,249,390429,59514968106923589,390429,251,prime_block_le_251,25,2695432382774658040741908270274374888347028088573,111.515643094,2187,7.69028602068,17,7,0,,90.9503556599,7.69028602068,0.999818799239,0.996964877097,1.00219758266,none_visible,2.88713607381,0.333333333333,2.55380274047,existing_near_power_csv,local_obstruction_before_drift,local_residue_sieve,blocked_unfilled,darmon_granville_ceiling,blocked_unfilled,blocked_unfilled,Z,residue_only,blocked_unfilled,blocked_unfilled,under_test,Q_251,pass_predefined,25,0,7.69028602068,0.307611440827,blocked_unfilled,control_class=actual_near_miss,7.69028602068,local_obstruction_before_drift
rank43_Q251_random_root_sets,random_root_sets,43,6,7,3,235,249,390429,59514968106923589,390429,251,prime_block_le_251,25,2695432382774658040741908270274374888347028088573,111.515643094,2187,7.69028602068,17,7,0,,90.9503556599,7.69028602068,1.00004179367,0.994716068735,1.00587131933,none_visible,2.88713607381,0.333333333333,2.55380274047,deterministic_seeded_random_sets_same_cardinality,local_obstruction_before_drift,local_residue_sieve,blocked_unfilled,darmon_granville_ceiling,blocked_unfilled,blocked_unfilled,Z,residue_only,blocked_unfilled,blocked_unfilled,negative_control_passed,Q_251,pass_predefined,25,0,7.69028602068,0.307611440827,blocked_unfilled,control_class=random_root_sets,7.69028602068,local_obstruction_before_drift
rank43_Q251_exact_power_anchor,exact_power_anchor,43,6,7,3,235,249,390429,59514968106923589,390429,251,prime_block_le_251,25,2695432382774658040741908270274374888347028088573,111.515643094,282429536481,26.366694928,0,0,1,390429,72.2739467525,26.366694928,1.00280253212,0.991811286787,1.01731115716,constructed_exact_power_root,2.88713607381,0.333333333333,2.55380274047,C_from_near_power_row_as_positive_control,positive_control_survivor,local_residue_sieve,blocked_unfilled,darmon_granville_ceiling,blocked_unfilled,blocked_unfilled,Z,survivor_kandidat_requires_overlap_check,blocked_unfilled,blocked_unfilled,positive_control_passed,Q_251,pass_predefined,25,2.56128515044e-06,26.366694928,1.05466779712,blocked_unfilled,control_class=exact_power_anchor,26.366694928,positive_control_survivor
rank44_Q251_actual_near_miss,actual_near_miss,44,6,7,3,241,177,177988,5638611452894272,177988,251,prime_block_le_251,25,2695432382774658040741908270274374888347028088573,111.515643094,6561,8.78889830934,17,7,0,,90.6372733735,8.78889830934,1.00322966307,0.980313279547,1.04980298297,none_visible,3.07473170388,0.333333333333,2.74139837054,existing_near_power_csv,local_obstruction_before_drift,local_residue_sieve,blocked_unfilled,darmon_granville_ceiling,blocked_unfilled,blocked_unfilled,Z,residue_only,blocked_unfilled,blocked_unfilled,under_test,Q_251,pass_predefined,25,0,8.78889830934,0.351555932374,blocked_unfilled,control_class=actual_near_miss,8.78889830934,local_obstruction_before_drift
rank44_Q251_random_root_sets,random_root_sets,44,6,7,3,241,177,177988,5638611452894272,177988,251,prime_block_le_251,25,2695432382774658040741908270274374888347028088573,111.515643094,6561,8.78889830934,17,7,0,,90.6372733735,8.78889830934,0.998432567774,0.989588561526,1.00754420398,none_visible,3.07473170388,0.333333333333,2.74139837054,deterministic_seeded_random_sets_same_cardinality,local_obstruction_before_drift,local_residue_sieve,blocked_unfilled,darmon_granville_ceiling,blocked_unfilled,blocked_unfilled,Z,residue_only,blocked_unfilled,blocked_unfilled,negative_control_passed,Q_251,pass_predefined,25,0,8.78889830934,0.351555932374,blocked_unfilled,control_class=random_root_sets,8.78889830934,local_obstruction_before_drift
rank44_Q251_exact_power_anchor,exact_power_anchor,44,6,7,3,241,177,177988,5638611452894272,177988,251,prime_block_le_251,25,2695432382774658040741908270274374888347028088573,111.515643094,847288609443,27.4653072167,0,0,1,177988,71.9608644661,27.4653072167,1.0031741112,0.964666781531,1.03096900415,constructed_exact_power_root,3.07473170388,0.333333333333,2.74139837054,C_from_near_power_row_as_positive_control,positive_control_survivor,local_residue_sieve,blocked_unfilled,darmon_granville_ceiling,blocked_unfilled,blocked_unfilled,Z,survivor_kandidat_requires_overlap_check,blocked_unfilled,blocked_unfilled,positive_control_passed,Q_251,pass_predefined,25,5.61835629368e-06,27.4653072167,1.09861228867,blocked_unfilled,control_class=exact_power_anchor,27.4653072167,positive_control_survivor
rank45_Q251_actual_near_miss,actual_near_miss,45,5,6,3,182,141,20048,8057738350592,20048,251,prime_block_le_251,25,2695432382774658040741908270274374888347028088573,111.515643094,243,5.49306144334,20,31,0,,96.1166969736,5.49306144334,0.956260530283,0.851445419881,1.00011638734,none_visible,3.75250492439,0.333333333333,3.41917159105,existing_near_power_csv,local_obstruction_before_drift,local_residue_sieve,blocked_unfilled,darmon_granville_ceiling,blocked_unfilled,blocked_unfilled,Z,residue_only,blocked_unfilled,blocked_unfilled,under_test,Q_251,pass_predefined,25,0,5.49306144334,0.219722457734,blocked_unfilled,control_class=actual_near_miss,5.49306144334,local_obstruction_before_drift
rank45_Q251_random_root_sets,random_root_sets,45,5,6,3,182,141,20048,8057738350592,20048,251,prime_block_le_251,25,2695432382774658040741908270274374888347028088573,111.515643094,243,5.49306144334,20,31,0,,96.1166969736,5.49306144334,0.957161146582,0.851445419881,1.00206171854,none_visible,3.75250492439,0.333333333333,3.41917159105,deterministic_seeded_random_sets_same_cardinality,local_obstruction_before_drift,local_residue_sieve,blocked_unfilled,darmon_granville_ceiling,blocked_unfilled,blocked_unfilled,Z,residue_only,blocked_unfilled,blocked_unfilled,negative_control_passed,Q_251,pass_predefined,25,0,5.49306144334,0.219722457734,blocked_unfilled,control_class=random_root_sets,5.49306144334,local_obstruction_before_drift
rank45_Q251_exact_power_anchor,exact_power_anchor,45,5,6,3,182,141,20048,8057738350592,20048,251,prime_block_le_251,25,2695432382774658040741908270274374888347028088573,111.515643094,282429536481,26.366694928,0,0,1,20048,75.2430634889,26.366694928,1.0827102916,0.69814112796,1.82545779019,constructed_exact_power_root,3.75250492439,0.333333333333,3.41917159105,C_from_near_power_row_as_positive_control,positive_control_survivor,local_residue_sieve,blocked_unfilled,darmon_granville_ceiling,blocked_unfilled,blocked_unfilled,Z,survivor_kandidat_requires_overlap_check,blocked_unfilled,blocked_unfilled,positive_control_passed,Q_251,pass_predefined,25,4.98802873105e-05,26.366694928,1.05466779712,blocked_unfilled,control_class=exact_power_anchor,26.366694928,positive_control_survivor
rank46_Q251_actual_near_miss,actual_near_miss,46,7,7,3,106,141,107961,1258347804744681,107961,251,prime_block_le_251,25,2695432382774658040741908270274374888347028088573,111.515643094,243,5.49306144334,18,7,0,,94.433056321,5.49306144334,1.00215046792,0.975787552913,1.0228076188,none_visible,3.20736872077,0.333333333333,2.87403538744,existing_near_power_csv,local_obstruction_before_drift,local_residue_sieve,blocked_unfilled,darmon_granville_ceiling,blocked_unfilled,blocked_unfilled,Z,residue_only,blocked_unfilled,blocked_unfilled,under_test,Q_251,pass_predefined,25,0,5.49306144334,0.219722457734,blocked_unfilled,control_class=actual_near_miss,5.49306144334,local_obstruction_before_drift
rank46_Q251_random_root_sets,random_root_sets,46,7,7,3,106,141,107961,1258347804744681,107961,251,prime_block_le_251,25,2695432382774658040741908270274374888347028088573,111.515643094,243,5.49306144334,18,7,0,,94.433056321,5.49306144334,1.03697391411,0.995600263058,1.16222216047,none_visible,3.20736872077,0.333333333333,2.87403538744,deterministic_seeded_random_sets_same_cardinality,local_obstruction_before_drift,local_residue_sieve,blocked_unfilled,darmon_granville_ceiling,blocked_unfilled,blocked_unfilled,Z,residue_only,blocked_unfilled,blocked_unfilled,negative_control_passed,Q_251,pass_predefined,25,0,5.49306144334,0.219722457734,blocked_unfilled,control_class=random_root_sets,5.49306144334,local_obstruction_before_drift
rank46_Q251_exact_power_anchor,exact_power_anchor,46,7,7,3,106,141,107961,1258347804744681,107961,251,prime_block_le_251,25,2695432382774658040741908270274374888347028088573,111.515643094,94143178827,25.2680826394,0,0,1,107961,74.6580351249,25.2680826394,1.0121751356,0.988191208965,1.06537031377,constructed_exact_power_root,3.20736872077,0.333333333333,2.87403538744,C_from_near_power_row_as_positive_control,positive_control_survivor,local_residue_sieve,blocked_unfilled,darmon_granville_ceiling,blocked_unfilled,blocked_unfilled,Z,survivor_kandidat_requires_overlap_check,blocked_unfilled,blocked_unfilled,positive_control_passed,Q_251,pass_predefined,25,9.26260408851e-06,25.2680826394,1.01072330557,blocked_unfilled,control_class=exact_power_anchor,25.2680826394,positive_control_survivor
rank47_Q251_actual_near_miss,actual_near_miss,47,5,6,3,68,71,5060,129554216000,5060,251,prime_block_le_251,25,2695432382774658040741908270274374888347028088573,111.515643094,2187,7.69028602068,17,7,0,,95.2962353111,7.69028602068,0.983047870004,0,2.05816864295,none_visible,4.35823078476,0.333333333333,4.02489745143,existing_near_power_csv,local_obstruction_before_drift,local_residue_sieve,blocked_unfilled,darmon_granville_ceiling,blocked_unfilled,blocked_unfilled,Z,residue_only,blocked_unfilled,blocked_unfilled,under_test,Q_251,pass_predefined,25,0,7.69028602068,0.307611440827,blocked_unfilled,control_class=actual_near_miss,7.69028602068,local_obstruction_before_drift
rank47_Q251_random_root_sets,random_root_sets,47,5,6,3,68,71,5060,129554216000,5060,251,prime_block_le_251,25,2695432382774658040741908270274374888347028088573,111.515643094,2187,7.69028602068,17,7,0,,95.2962353111,7.69028602068,0.925607001694,0,1.37211242863,none_visible,4.35823078476,0.333333333333,4.02489745143,deterministic_seeded_random_sets_same_cardinality,local_obstruction_before_drift,local_residue_sieve,blocked_unfilled,darmon_granville_ceiling,blocked_unfilled,blocked_unfilled,Z,residue_only,blocked_unfilled,blocked_unfilled,negative_control_passed,Q_251,pass_predefined,25,0,7.69028602068,0.307611440827,blocked_unfilled,control_class=random_root_sets,7.69028602068,local_obstruction_before_drift
rank47_Q251_exact_power_anchor,exact_power_anchor,47,5,6,3,68,71,5060,129554216000,5060,251,prime_block_le_251,25,2695432382774658040741908270274374888347028088573,111.515643094,847288609443,27.4653072167,0,0,1,5060,75.5212141151,27.4653072167,1.24089445176,0.886451471234,2.53010540184,constructed_exact_power_root,4.35823078476,0.333333333333,4.02489745143,C_from_near_power_row_as_positive_control,positive_control_survivor,local_residue_sieve,blocked_unfilled,darmon_granville_ceiling,blocked_unfilled,blocked_unfilled,Z,survivor_kandidat_requires_overlap_check,blocked_unfilled,blocked_unfilled,positive_control_passed,Q_251,pass_predefined,25,0.000197628458498,27.4653072167,1.09861228867,blocked_unfilled,control_class=exact_power_anchor,27.4653072167,positive_control_survivor
rank48_Q251_actual_near_miss,actual_near_miss,48,5,7,3,187,103,49761,123216054498081,49761,251,prime_block_le_251,25,2695432382774658040741908270274374888347028088573,111.515643094,19683,9.88751059801,16,13,0,,90.8131456724,9.88751059801,1.03959816813,0.945579871787,1.22873557829,none_visible,3.4370713194,0.333333333333,3.10373798607,existing_near_power_csv,local_obstruction_before_drift,local_residue_sieve,blocked_unfilled,darmon_granville_ceiling,blocked_unfilled,blocked_unfilled,Z,residue_only,blocked_unfilled,blocked_unfilled,under_test,Q_251,pass_predefined,25,0,9.88751059801,0.395500423921,blocked_unfilled,control_class=actual_near_miss,9.88751059801,local_obstruction_before_drift
rank48_Q251_random_root_sets,random_root_sets,48,5,7,3,187,103,49761,123216054498081,49761,251,prime_block_le_251,25,2695432382774658040741908270274374888347028088573,111.515643094,19683,9.88751059801,16,13,0,,90.8131456724,9.88751059801,0.970822196767,0.844755710072,1.08002250759,none_visible,3.4370713194,0.333333333333,3.10373798607,deterministic_seeded_random_sets_same_cardinality,local_obstruction_before_drift,local_residue_sieve,blocked_unfilled,darmon_granville_ceiling,blocked_unfilled,blocked_unfilled,Z,residue_only,blocked_unfilled,blocked_unfilled,negative_control_passed,Q_251,pass_predefined,25,0,9.88751059801,0.395500423921,blocked_unfilled,control_class=random_root_sets,9.88751059801,local_obstruction_before_drift
rank48_Q251_exact_power_anchor,exact_power_anchor,48,5,7,3,187,103,49761,123216054498081,49761,251,prime_block_le_251,25,2695432382774658040741908270274374888347028088573,111.515643094,94143178827,25.2680826394,0,0,1,49761,75.432573631,25.2680826394,1.0161448576,0.984191100125,1.0920243207,constructed_exact_power_root,3.4370713194,0.333333333333,3.10373798607,C_from_near_power_row_as_positive_control,positive_control_survivor,local_residue_sieve,blocked_unfilled,darmon_granville_ceiling,blocked_unfilled,blocked_unfilled,Z,survivor_kandidat_requires_overlap_check,blocked_unfilled,blocked_unfilled,positive_control_passed,Q_251,pass_predefined,25,2.00960591628e-05,25.2680826394,1.01072330557,blocked_unfilled,control_class=exact_power_anchor,25.2680826394,positive_control_survivor
rank49_Q251_actual_near_miss,actual_near_miss,49,7,7,3,154,171,184980,6329571721992000,184980,251,prime_block_le_251,25,2695432382774658040741908270274374888347028088573,111.515643094,27,3.295836866,21,7,0,,96.091803238,3.295836866,1.00010211314,0.999619178049,1.00044569383,none_visible,3.0649630497,0.333333333333,2.73162971637,existing_near_power_csv,local_obstruction_before_drift,local_residue_sieve,blocked_unfilled,darmon_granville_ceiling,blocked_unfilled,blocked_unfilled,Z,residue_only,blocked_unfilled,blocked_unfilled,under_test,Q_251,pass_predefined,25,0,3.295836866,0.13183347464,blocked_unfilled,control_class=actual_near_miss,3.295836866,local_obstruction_before_drift
rank49_Q251_random_root_sets,random_root_sets,49,7,7,3,154,171,184980,6329571721992000,184980,251,prime_block_le_251,25,2695432382774658040741908270274374888347028088573,111.515643094,27,3.295836866,21,7,0,,96.091803238,3.295836866,0.997622565803,0.991095734073,1.00153049579,none_visible,3.0649630497,0.333333333333,2.73162971637,deterministic_seeded_random_sets_same_cardinality,local_obstruction_before_drift,local_residue_sieve,blocked_unfilled,darmon_granville_ceiling,blocked_unfilled,blocked_unfilled,Z,residue_only,blocked_unfilled,blocked_unfilled,negative_control_passed,Q_251,pass_predefined,25,0,3.295836866,0.13183347464,blocked_unfilled,control_class=random_root_sets,3.295836866,local_obstruction_before_drift
rank49_Q251_exact_power_anchor,exact_power_anchor,49,7,7,3,154,171,184980,6329571721992000,184980,251,prime_block_le_251,25,2695432382774658040741908270274374888347028088573,111.515643094,847288609443,27.4653072167,0,0,1,184980,71.9223328873,27.4653072167,1.00440728327,0.981171538064,1.04915246093,constructed_exact_power_root,3.0649630497,0.333333333333,2.73162971637,C_from_near_power_row_as_positive_control,positive_control_survivor,local_residue_sieve,blocked_unfilled,darmon_granville_ceiling,blocked_unfilled,blocked_unfilled,Z,survivor_kandidat_requires_overlap_check,blocked_unfilled,blocked_unfilled,positive_control_passed,Q_251,pass_predefined,25,5.40598983674e-06,27.4653072167,1.09861228867,blocked_unfilled,control_class=exact_power_anchor,27.4653072167,positive_control_survivor
rank50_Q251_actual_near_miss,actual_near_miss,50,7,7,4,149,204,11305,16333613199150625,11305,251,prime_block_le_251,53,32133165458954322436165317614053356655440093295804604057122379340449075183940351576262600371617210115,231.425812895,1048576,13.8629436112,35,3,0,,208.229868899,13.8629436112,1.03369116997,0,1.78244139761,none_visible,6.19912684441,0.25,5.94912684441,existing_near_power_csv,local_obstruction_before_drift,local_residue_sieve,blocked_unfilled,darmon_granville_ceiling,blocked_unfilled,blocked_unfilled,Z,residue_only,blocked_unfilled,blocked_unfilled,under_test,Q_251,pass_predefined,53,0,13.8629436112,0.261564973796,blocked_unfilled,control_class=actual_near_miss,13.8629436112,local_obstruction_before_drift
rank50_Q251_random_root_sets,random_root_sets,50,7,7,4,149,204,11305,16333613199150625,11305,251,prime_block_le_251,53,32133165458954322436165317614053356655440093295804604057122379340449075183940351576262600371617210115,231.425812895,1048576,13.8629436112,35,3,0,,208.229868899,13.8629436112,1.12916753389,0.735824856258,2.65320654578,none_visible,6.19912684441,0.25,5.94912684441,deterministic_seeded_random_sets_same_cardinality,local_obstruction_before_drift,local_residue_sieve,blocked_unfilled,darmon_granville_ceiling,blocked_unfilled,blocked_unfilled,Z,residue_only,blocked_unfilled,blocked_unfilled,negative_control_passed,Q_251,pass_predefined,53,0,13.8629436112,0.261564973796,blocked_unfilled,control_class=random_root_sets,13.8629436112,local_obstruction_before_drift
rank50_Q251_exact_power_anchor,exact_power_anchor,50,7,7,4,149,204,11305,16333613199150625,11305,251,prime_block_le_251,53,32133165458954322436165317614053356655440093295804604057122379340449075183940351576262600371617210115,231.425812895,2361183241434822606848,49.2134498198,0,0,1,11305,172.879362691,49.2134498198,1.01776131505,0.920770676692,1.16001769129,constructed_exact_power_root,6.19912684441,0.25,5.94912684441,C_from_near_power_row_as_positive_control,positive_control_survivor,local_residue_sieve,blocked_unfilled,darmon_granville_ceiling,blocked_unfilled,blocked_unfilled,Z,survivor_kandidat_requires_overlap_check,blocked_unfilled,blocked_unfilled,positive_control_passed,Q_251,pass_predefined,53,8.84564352057e-05,49.2134498198,0.928555656977,blocked_unfilled,control_class=exact_power_anchor,49.2134498198,positive_control_survivor
rank51_Q251_actual_near_miss,actual_near_miss,51,6,7,4,173,138,5595,979941981200625,5595,251,prime_block_le_251,53,32133165458954322436165317614053356655440093295804604057122379340449075183940351576262600371617210115,231.425812895,33554432,17.328679514,31,7,0,,205.46750476,17.328679514,0.999345716839,0,2.52191689008,none_visible,6.70439665094,0.25,6.45439665094,existing_near_power_csv,local_obstruction_before_drift,local_residue_sieve,blocked_unfilled,darmon_granville_ceiling,blocked_unfilled,blocked_unfilled,Z,residue_only,blocked_unfilled,blocked_unfilled,under_test,Q_251,pass_predefined,53,0,17.328679514,0.326956217245,blocked_unfilled,control_class=actual_near_miss,17.328679514,local_obstruction_before_drift
rank51_Q251_random_root_sets,random_root_sets,51,6,7,4,173,138,5595,979941981200625,5595,251,prime_block_le_251,53,32133165458954322436165317614053356655440093295804604057122379340449075183940351576262600371617210115,231.425812895,33554432,17.328679514,31,7,0,,205.46750476,17.328679514,0.950112770756,0,1.68127792672,none_visible,6.70439665094,0.25,6.45439665094,deterministic_seeded_random_sets_same_cardinality,local_obstruction_before_drift,local_residue_sieve,blocked_unfilled,darmon_granville_ceiling,blocked_unfilled,blocked_unfilled,Z,residue_only,blocked_unfilled,blocked_unfilled,negative_control_passed,Q_251,pass_predefined,53,0,17.328679514,0.326956217245,blocked_unfilled,control_class=random_root_sets,17.328679514,local_obstruction_before_drift
rank51_Q251_exact_power_anchor,exact_power_anchor,51,6,7,4,173,138,5595,979941981200625,5595,251,prime_block_le_251,53,32133165458954322436165317614053356655440093295804604057122379340449075183940351576262600371617210115,231.425812895,18889465931478580854784,51.2928913614,0,0,1,5595,171.503292913,51.2928913614,1.02688738085,0.878954423592,1.27533512064,constructed_exact_power_root,6.70439665094,0.25,6.45439665094,C_from_near_power_row_as_positive_control,positive_control_survivor,local_residue_sieve,blocked_unfilled,darmon_granville_ceiling,blocked_unfilled,blocked_unfilled,Z,survivor_kandidat_requires_overlap_check,blocked_unfilled,blocked_unfilled,positive_control_passed,Q_251,pass_predefined,53,0.00017873100983,51.2928913614,0.967790403046,blocked_unfilled,control_class=exact_power_anchor,51.2928913614,positive_control_survivor
rank52_Q251_actual_near_miss,actual_near_miss,52,7,5,3,39,179,6847,320997007423,6847,251,prime_block_le_251,25,2695432382774658040741908270274374888347028088573,111.515643094,59049,10.9861228867,15,13,0,,91.6979543283,10.9861228867,0.901505029688,0,1.74425133473,none_visible,4.20897964643,0.333333333333,3.8756463131,existing_near_power_csv,local_obstruction_before_drift,local_residue_sieve,blocked_unfilled,darmon_granville_ceiling,blocked_unfilled,blocked_unfilled,Z,residue_only,blocked_unfilled,blocked_unfilled,under_test,Q_251,pass_predefined,25,0,10.9861228867,0.439444915467,blocked_unfilled,control_class=actual_near_miss,10.9861228867,local_obstruction_before_drift
rank52_Q251_random_root_sets,random_root_sets,52,7,5,3,39,179,6847,320997007423,6847,251,prime_block_le_251,25,2695432382774658040741908270274374888347028088573,111.515643094,59049,10.9861228867,15,13,0,,91.6979543283,10.9861228867,0.87688038557,0,1.74425133473,none_visible,4.20897964643,0.333333333333,3.8756463131,deterministic_seeded_random_sets_same_cardinality,local_obstruction_before_drift,local_residue_sieve,blocked_unfilled,darmon_granville_ceiling,blocked_unfilled,blocked_unfilled,Z,residue_only,blocked_unfilled,blocked_unfilled,negative_control_passed,Q_251,pass_predefined,25,0,10.9861228867,0.439444915467,blocked_unfilled,control_class=random_root_sets,10.9861228867,local_obstruction_before_drift
rank52_Q251_exact_power_anchor,exact_power_anchor,52,7,5,3,39,179,6847,320997007423,6847,251,prime_block_le_251,25,2695432382774658040741908270274374888347028088573,111.515643094,847288609443,27.4653072167,0,0,1,6847,75.2187699983,27.4653072167,1.13068578291,0.415283254629,2.04415559126,constructed_exact_power_root,4.20897964643,0.333333333333,3.8756463131,C_from_near_power_row_as_positive_control,positive_control_survivor,local_residue_sieve,blocked_unfilled,darmon_granville_ceiling,blocked_unfilled,blocked_unfilled,Z,survivor_kandidat_requires_overlap_check,blocked_unfilled,blocked_unfilled,positive_control_passed,Q_251,pass_predefined,25,0.000146049364685,27.4653072167,1.09861228867,blocked_unfilled,control_class=exact_power_anchor,27.4653072167,positive_control_survivor
rank53_Q251_actual_near_miss,actual_near_miss,53,7,7,3,206,247,415692,71831510617053888,415692,251,prime_block_le_251,25,2695432382774658040741908270274374888347028088573,111.515643094,729,6.59167373201,18,7,0,,91.9862694817,6.59167373201,0.99890855801,0.976428862395,1.01201370245,none_visible,2.87314448279,0.333333333333,2.53981114945,existing_near_power_csv,local_obstruction_before_drift,local_residue_sieve,blocked_unfilled,darmon_granville_ceiling,blocked_unfilled,blocked_unfilled,Z,residue_only,blocked_unfilled,blocked_unfilled,under_test,Q_251,pass_predefined,25,0,6.59167373201,0.26366694928,blocked_unfilled,control_class=actual_near_miss,6.59167373201,local_obstruction_before_drift
rank53_Q251_random_root_sets,random_root_sets,53,7,7,3,206,247,415692,71831510617053888,415692,251,prime_block_le_251,25,2695432382774658040741908270274374888347028088573,111.515643094,729,6.59167373201,18,7,0,,91.9862694817,6.59167373201,1.0012350223,0.988355427683,1.01201370245,none_visible,2.87314448279,0.333333333333,2.53981114945,deterministic_seeded_random_sets_same_cardinality,local_obstruction_before_drift,local_residue_sieve,blocked_unfilled,darmon_granville_ceiling,blocked_unfilled,blocked_unfilled,Z,residue_only,blocked_unfilled,blocked_unfilled,negative_control_passed,Q_251,pass_predefined,25,0,6.59167373201,0.26366694928,blocked_unfilled,control_class=random_root_sets,6.59167373201,local_obstruction_before_drift
rank53_Q251_exact_power_anchor,exact_power_anchor,53,7,7,3,206,247,415692,71831510617053888,415692,251,prime_block_le_251,25,2695432382774658040741908270274374888347028088573,111.515643094,847288609443,27.4653072167,0,0,1,415692,71.112635997,27.4653072167,1.00364977088,0.985524539002,1.03738451653,constructed_exact_power_root,2.87314448279,0.333333333333,2.53981114945,C_from_near_power_row_as_positive_control,positive_control_survivor,local_residue_sieve,blocked_unfilled,darmon_granville_ceiling,blocked_unfilled,blocked_unfilled,Z,survivor_kandidat_requires_overlap_check,blocked_unfilled,blocked_unfilled,positive_control_passed,Q_251,pass_predefined,25,2.40562724325e-06,27.4653072167,1.09861228867,blocked_unfilled,control_class=exact_power_anchor,27.4653072167,positive_control_survivor
rank54_Q251_actual_near_miss,actual_near_miss,54,6,7,3,208,119,74824,418911964148224,74824,251,prime_block_le_251,25,2695432382774658040741908270274374888347028088573,111.515643094,2187,7.69028602068,18,13,0,,92.6024631053,7.69028602068,1.01525604777,0.985714625135,1.03930557041,none_visible,3.31214757414,0.333333333333,2.97881424081,existing_near_power_csv,local_obstruction_before_drift,local_residue_sieve,blocked_unfilled,darmon_granville_ceiling,blocked_unfilled,blocked_unfilled,Z,residue_only,blocked_unfilled,blocked_unfilled,under_test,Q_251,pass_predefined,25,0,7.69028602068,0.307611440827,blocked_unfilled,control_class=actual_near_miss,7.69028602068,local_obstruction_before_drift
rank54_Q251_random_root_sets,random_root_sets,54,6,7,3,208,119,74824,418911964148224,74824,251,prime_block_le_251,25,2695432382774658040741908270274374888347028088573,111.515643094,2187,7.69028602068,18,13,0,,92.6024631053,7.69028602068,0.98656501578,0.944915178731,1.02659574468,none_visible,3.31214757414,0.333333333333,2.97881424081,deterministic_seeded_random_sets_same_cardinality,local_obstruction_before_drift,local_residue_sieve,blocked_unfilled,darmon_granville_ceiling,blocked_unfilled,blocked_unfilled,Z,residue_only,blocked_unfilled,blocked_unfilled,negative_control_passed,Q_251,pass_predefined,25,0,7.69028602068,0.307611440827,blocked_unfilled,control_class=random_root_sets,7.69028602068,local_obstruction_before_drift
rank54_Q251_exact_power_anchor,exact_power_anchor,54,6,7,3,208,119,74824,418911964148224,74824,251,prime_block_le_251,25,2695432382774658040741908270274374888347028088573,111.515643094,282429536481,26.366694928,0,0,1,74824,73.9260541979,26.366694928,1.00555946597,0.901491797047,1.11795383537,constructed_exact_power_root,3.31214757414,0.333333333333,2.97881424081,C_from_near_power_row_as_positive_control,positive_control_survivor,local_residue_sieve,blocked_unfilled,darmon_granville_ceiling,blocked_unfilled,blocked_unfilled,Z,survivor_kandidat_requires_overlap_check,blocked_unfilled,blocked_unfilled,positive_control_passed,Q_251,pass_predefined,25,1.33646958195e-05,26.366694928,1.05466779712,blocked_unfilled,control_class=exact_power_anchor,26.366694928,positive_control_survivor
rank55_Q251_actual_near_miss,actual_near_miss,55,7,7,3,89,151,122409,1834171961263929,122409,251,prime_block_le_251,25,2695432382774658040741908270274374888347028088573,111.515643094,2187,7.69028602068,18,7,0,,92.1102338976,7.69028602068,0.982516415066,0.927074171198,1.00109469075,none_visible,3.17298251787,0.333333333333,2.83964918453,existing_near_power_csv,local_obstruction_before_drift,local_residue_sieve,blocked_unfilled,darmon_granville_ceiling,blocked_unfilled,blocked_unfilled,Z,residue_only,blocked_unfilled,blocked_unfilled,under_test,Q_251,pass_predefined,25,0,7.69028602068,0.307611440827,blocked_unfilled,control_class=actual_near_miss,7.69028602068,local_obstruction_before_drift
rank55_Q251_random_root_sets,random_root_sets,55,7,7,3,89,151,122409,1834171961263929,122409,251,prime_block_le_251,25,2695432382774658040741908270274374888347028088573,111.515643094,2187,7.69028602068,18,7,0,,92.1102338976,7.69028602068,0.988286082813,0.927074171198,1.0172981108,none_visible,3.17298251787,0.333333333333,2.83964918453,deterministic_seeded_random_sets_same_cardinality,local_obstruction_before_drift,local_residue_sieve,blocked_unfilled,darmon_granville_ceiling,blocked_unfilled,blocked_unfilled,Z,residue_only,blocked_unfilled,blocked_unfilled,negative_control_passed,Q_251,pass_predefined,25,0,7.69028602068,0.307611440827,blocked_unfilled,control_class=random_root_sets,7.69028602068,local_obstruction_before_drift
rank55_Q251_exact_power_anchor,exact_power_anchor,55,7,7,3,89,151,122409,1834171961263929,122409,251,prime_block_le_251,25,2695432382774658040741908270274374888347028088573,111.515643094,94143178827,25.2680826394,0,0,1,122409,74.5324372789,25.2680826394,1.01047108162,0.973427879758,1.15219106075,constructed_exact_power_root,3.17298251787,0.333333333333,2.83964918453,C_from_near_power_row_as_positive_control,positive_control_survivor,local_residue_sieve,blocked_unfilled,darmon_granville_ceiling,blocked_unfilled,blocked_unfilled,Z,survivor_kandidat_requires_overlap_check,blocked_unfilled,blocked_unfilled,positive_control_passed,Q_251,pass_predefined,25,8.1693339542e-06,25.2680826394,1.01072330557,blocked_unfilled,control_class=exact_power_anchor,25.2680826394,positive_control_survivor
rank56_Q251_actual_near_miss,actual_near_miss,56,6,7,3,250,237,348272,42243090123419648,348272,251,prime_block_le_251,25,2695432382774658040741908270274374888347028088573,111.515643094,531441,13.183347464,12,13,0,,85.5715565674,13.183347464,0.995611348473,0.979393500865,1.00306082602,none_visible,2.91298809958,0.333333333333,2.57965476625,existing_near_power_csv,local_obstruction_before_drift,local_residue_sieve,blocked_unfilled,darmon_granville_ceiling,blocked_unfilled,blocked_unfilled,Z,residue_only,blocked_unfilled,blocked_unfilled,under_test,Q_251,pass_predefined,25,0,13.183347464,0.527333898561,blocked_unfilled,control_class=actual_near_miss,13.183347464,local_obstruction_before_drift
rank56_Q251_random_root_sets,random_root_sets,56,6,7,3,250,237,348272,42243090123419648,348272,251,prime_block_le_251,25,2695432382774658040741908270274374888347028088573,111.515643094,531441,13.183347464,12,13,0,,85.5715565674,13.183347464,1.00093285963,0.985588212023,1.02391138727,none_visible,2.91298809958,0.333333333333,2.57965476625,deterministic_seeded_random_sets_same_cardinality,local_obstruction_before_drift,local_residue_sieve,blocked_unfilled,darmon_granville_ceiling,blocked_unfilled,blocked_unfilled,Z,residue_only,blocked_unfilled,blocked_unfilled,negative_control_passed,Q_251,pass_predefined,25,0,13.183347464,0.527333898561,blocked_unfilled,control_class=random_root_sets,13.183347464,local_obstruction_before_drift
rank56_Q251_exact_power_anchor,exact_power_anchor,56,6,7,3,250,237,348272,42243090123419648,348272,251,prime_block_le_251,25,2695432382774658040741908270274374888347028088573,111.515643094,847288609443,27.4653072167,0,0,1,348272,71.2895968147,27.4653072167,1.00145341912,0.977906476675,1.02926831136,constructed_exact_power_root,2.91298809958,0.333333333333,2.57965476625,C_from_near_power_row_as_positive_control,positive_control_survivor,local_residue_sieve,blocked_unfilled,darmon_granville_ceiling,blocked_unfilled,blocked_unfilled,Z,survivor_kandidat_requires_overlap_check,blocked_unfilled,blocked_unfilled,positive_control_passed,Q_251,pass_predefined,25,2.87131896908e-06,27.4653072167,1.09861228867,blocked_unfilled,control_class=exact_power_anchor,27.4653072167,positive_control_survivor
rank57_Q251_actual_near_miss,actual_near_miss,57,5,7,3,163,84,30942,29624098656888,30942,251,prime_block_le_251,25,2695432382774658040741908270274374888347028088573,111.515643094,19683,9.88751059801,16,7,0,,91.2882627328,9.88751059801,1.03267179095,0.887474055401,1.43419946998,none_visible,3.59500476141,0.333333333333,3.26167142808,existing_near_power_csv,local_obstruction_before_drift,local_residue_sieve,blocked_unfilled,darmon_granville_ceiling,blocked_unfilled,blocked_unfilled,Z,residue_only,blocked_unfilled,blocked_unfilled,under_test,Q_251,pass_predefined,25,0,9.88751059801,0.395500423921,blocked_unfilled,control_class=actual_near_miss,9.88751059801,local_obstruction_before_drift
rank57_Q251_random_root_sets,random_root_sets,57,5,7,3,163,84,30942,29624098656888,30942,251,prime_block_le_251,25,2695432382774658040741908270274374888347028088573,111.515643094,19683,9.88751059801,16,7,0,,91.2882627328,9.88751059801,1.0389222847,0.993292109251,1.14103807123,none_visible,3.59500476141,0.333333333333,3.26167142808,deterministic_seeded_random_sets_same_cardinality,local_obstruction_before_drift,local_residue_sieve,blocked_unfilled,darmon_granville_ceiling,blocked_unfilled,blocked_unfilled,Z,residue_only,blocked_unfilled,blocked_unfilled,negative_control_passed,Q_251,pass_predefined,25,0,9.88751059801,0.395500423921,blocked_unfilled,control_class=random_root_sets,9.88751059801,local_obstruction_before_drift
rank57_Q251_exact_power_anchor,exact_power_anchor,57,5,7,3,163,84,30942,29624098656888,30942,251,prime_block_le_251,25,2695432382774658040741908270274374888347028088573,111.515643094,847288609443,27.4653072167,0,0,1,30942,73.7104661141,27.4653072167,1.03242192082,0.792723303098,1.65041044535,constructed_exact_power_root,3.59500476141,0.333333333333,3.26167142808,C_from_near_power_row_as_positive_control,positive_control_survivor,local_residue_sieve,blocked_unfilled,darmon_granville_ceiling,blocked_unfilled,blocked_unfilled,Z,survivor_kandidat_requires_overlap_check,blocked_unfilled,blocked_unfilled,positive_control_passed,Q_251,pass_predefined,25,3.23185314459e-05,27.4653072167,1.09861228867,blocked_unfilled,control_class=exact_power_anchor,27.4653072167,positive_control_survivor
rank58_Q251_actual_near_miss,actual_near_miss,58,6,7,3,197,194,218283,10400632276871187,218283,251,prime_block_le_251,25,2695432382774658040741908270274374888347028088573,111.515643094,19683,9.88751059801,16,13,0,,89.334584831,9.88751059801,1.00228449612,0.991701903798,1.02728517058,none_visible,3.0236903166,0.333333333333,2.69035698326,existing_near_power_csv,local_obstruction_before_drift,local_residue_sieve,blocked_unfilled,darmon_granville_ceiling,blocked_unfilled,blocked_unfilled,Z,residue_only,blocked_unfilled,blocked_unfilled,under_test,Q_251,pass_predefined,25,0,9.88751059801,0.395500423921,blocked_unfilled,control_class=actual_near_miss,9.88751059801,local_obstruction_before_drift
rank58_Q251_random_root_sets,random_root_sets,58,6,7,3,197,194,218283,10400632276871187,218283,251,prime_block_le_251,25,2695432382774658040741908270274374888347028088573,111.515643094,19683,9.88751059801,16,13,0,,89.334584831,9.88751059801,0.995757737025,0.965648060342,1.00591026837,none_visible,3.0236903166,0.333333333333,2.69035698326,deterministic_seeded_random_sets_same_cardinality,local_obstruction_before_drift,local_residue_sieve,blocked_unfilled,darmon_granville_ceiling,blocked_unfilled,blocked_unfilled,Z,residue_only,blocked_unfilled,blocked_unfilled,negative_control_passed,Q_251,pass_predefined,25,0,9.88751059801,0.395500423921,blocked_unfilled,control_class=random_root_sets,9.88751059801,local_obstruction_before_drift
rank58_Q251_exact_power_anchor,exact_power_anchor,58,6,7,3,197,194,218283,10400632276871187,218283,251,prime_block_le_251,25,2695432382774658040741908270274374888347028088573,111.515643094,94143178827,25.2680826394,0,0,1,218283,73.9540127897,25.2680826394,1.00634980991,0.961133533583,1.05384701919,constructed_exact_power_root,3.0236903166,0.333333333333,2.69035698326,C_from_near_power_row_as_positive_control,positive_control_survivor,local_residue_sieve,blocked_unfilled,darmon_granville_ceiling,blocked_unfilled,blocked_unfilled,Z,survivor_kandidat_requires_overlap_check,blocked_unfilled,blocked_unfilled,positive_control_passed,Q_251,pass_predefined,25,4.58120879775e-06,25.2680826394,1.01072330557,blocked_unfilled,control_class=exact_power_anchor,25.2680826394,positive_control_survivor
rank59_Q251_actual_near_miss,actual_near_miss,59,5,6,3,188,213,45407,93619955034143,45407,251,prime_block_le_251,25,2695432382774658040741908270274374888347028088573,111.515643094,6561,8.78889830934,16,19,0,,92.0033232276,8.78889830934,1.02298409692,0.953472665742,1.11989340851,none_visible,3.46641982069,0.333333333333,3.13308648736,existing_near_power_csv,local_obstruction_before_drift,local_residue_sieve,blocked_unfilled,darmon_granville_ceiling,blocked_unfilled,blocked_unfilled,Z,residue_only,blocked_unfilled,blocked_unfilled,under_test,Q_251,pass_predefined,25,0,8.78889830934,0.351555932374,blocked_unfilled,control_class=actual_near_miss,8.78889830934,local_obstruction_before_drift
rank59_Q251_random_root_sets,random_root_sets,59,5,6,3,188,213,45407,93619955034143,45407,251,prime_block_le_251,25,2695432382774658040741908270274374888347028088573,111.515643094,6561,8.78889830934,16,19,0,,92.0033232276,8.78889830934,1.02279170123,0.953472665742,1.11989340851,none_visible,3.46641982069,0.333333333333,3.13308648736,deterministic_seeded_random_sets_same_cardinality,local_obstruction_before_drift,local_residue_sieve,blocked_unfilled,darmon_granville_ceiling,blocked_unfilled,blocked_unfilled,Z,residue_only,blocked_unfilled,blocked_unfilled,negative_control_passed,Q_251,pass_predefined,25,0,8.78889830934,0.351555932374,blocked_unfilled,control_class=random_root_sets,8.78889830934,local_obstruction_before_drift
rank59_Q251_exact_power_anchor,exact_power_anchor,59,5,6,3,188,213,45407,93619955034143,45407,251,prime_block_le_251,25,2695432382774658040741908270274374888347028088573,111.515643094,847288609443,27.4653072167,0,0,1,45407,73.3269143202,27.4653072167,1.00551636271,0.874728076679,1.11125548435,constructed_exact_power_root,3.46641982069,0.333333333333,3.13308648736,C_from_near_power_row_as_positive_control,positive_control_survivor,local_residue_sieve,blocked_unfilled,darmon_granville_ceiling,blocked_unfilled,blocked_unfilled,Z,survivor_kandidat_requires_overlap_check,blocked_unfilled,blocked_unfilled,positive_control_passed,Q_251,pass_predefined,25,2.20230360958e-05,27.4653072167,1.09861228867,blocked_unfilled,control_class=exact_power_anchor,27.4653072167,positive_control_survivor
rank60_Q251_actual_near_miss,actual_near_miss,60,7,7,4,204,227,14626,45761713347855376,14626,251,prime_block_le_251,53,32133165458954322436165317614053356655440093295804604057122379340449075183940351576262600371617210115,231.425812895,2097152,14.5560907918,36,3,0,,207.279166057,14.5560907918,0.98931510025,0.603480103925,1.1830814987,none_visible,6.0326484666,0.25,5.7826484666,existing_near_power_csv,local_obstruction_before_drift,local_residue_sieve,blocked_unfilled,darmon_granville_ceiling,blocked_unfilled,blocked_unfilled,Z,residue_only,blocked_unfilled,blocked_unfilled,under_test,Q_251,pass_predefined,53,0,14.5560907918,0.274643222486,blocked_unfilled,control_class=actual_near_miss,14.5560907918,local_obstruction_before_drift
rank60_Q251_random_root_sets,random_root_sets,60,7,7,4,204,227,14626,45761713347855376,14626,251,prime_block_le_251,53,32133165458954322436165317614053356655440093295804604057122379340449075183940351576262600371617210115,231.425812895,2097152,14.5560907918,36,3,0,,207.279166057,14.5560907918,0.869188164484,0,1.17517605634,none_visible,6.0326484666,0.25,5.7826484666,deterministic_seeded_random_sets_same_cardinality,local_obstruction_before_drift,local_residue_sieve,blocked_unfilled,darmon_granville_ceiling,blocked_unfilled,blocked_unfilled,Z,residue_only,blocked_unfilled,blocked_unfilled,negative_control_passed,Q_251,pass_predefined,53,0,14.5560907918,0.274643222486,blocked_unfilled,control_class=random_root_sets,14.5560907918,local_obstruction_before_drift
rank60_Q251_exact_power_anchor,exact_power_anchor,60,7,7,4,204,227,14626,45761713347855376,14626,251,prime_block_le_251,53,32133165458954322436165317614053356655440093295804604057122379340449075183940351576262600371617210115,231.425812895,37778931862957161709568,51.986038542,0,0,1,14626,169.849218307,51.986038542,1.01885394588,0.994444824286,1.13834951456,constructed_exact_power_root,6.0326484666,0.25,5.7826484666,C_from_near_power_row_as_positive_control,positive_control_survivor,local_residue_sieve,blocked_unfilled,darmon_granville_ceiling,blocked_unfilled,blocked_unfilled,Z,survivor_kandidat_requires_overlap_check,blocked_unfilled,blocked_unfilled,positive_control_passed,Q_251,pass_predefined,53,6.8371393409e-05,51.986038542,0.980868651736,blocked_unfilled,control_class=exact_power_anchor,51.986038542,positive_control_survivor
rank61_Q251_actual_near_miss,actual_near_miss,61,6,7,3,185,188,202799,8340602569088399,202799,251,prime_block_le_251,25,2695432382774658040741908270274374888347028088573,111.515643094,6561,8.78889830934,16,31,0,,90.506774165,8.78889830934,0.994470304752,0.942244400723,1.03523686014,none_visible,3.041896105,0.333333333333,2.70856277167,existing_near_power_csv,local_obstruction_before_drift,local_residue_sieve,blocked_unfilled,darmon_granville_ceiling,blocked_unfilled,blocked_unfilled,Z,residue_only,blocked_unfilled,blocked_unfilled,under_test,Q_251,pass_predefined,25,0,8.78889830934,0.351555932374,blocked_unfilled,control_class=actual_near_miss,8.78889830934,local_obstruction_before_drift
rank61_Q251_random_root_sets,random_root_sets,61,6,7,3,185,188,202799,8340602569088399,202799,251,prime_block_le_251,25,2695432382774658040741908270274374888347028088573,111.515643094,6561,8.78889830934,16,31,0,,90.506774165,8.78889830934,1.00590383417,0.989226333025,1.03057981329,none_visible,3.041896105,0.333333333333,2.70856277167,deterministic_seeded_random_sets_same_cardinality,local_obstruction_before_drift,local_residue_sieve,blocked_unfilled,darmon_granville_ceiling,blocked_unfilled,blocked_unfilled,Z,residue_only,blocked_unfilled,blocked_unfilled,negative_control_passed,Q_251,pass_predefined,25,0,8.78889830934,0.351555932374,blocked_unfilled,control_class=random_root_sets,8.78889830934,local_obstruction_before_drift
rank61_Q251_exact_power_anchor,exact_power_anchor,61,6,7,3,185,188,202799,8340602569088399,202799,251,prime_block_le_251,25,2695432382774658040741908270274374888347028088573,111.515643094,847288609443,27.4653072167,0,0,1,202799,71.8303652577,27.4653072167,0.999702131631,0.967596268007,1.03119070826,constructed_exact_power_root,3.041896105,0.333333333333,2.70856277167,C_from_near_power_row_as_positive_control,positive_control_survivor,local_residue_sieve,blocked_unfilled,darmon_granville_ceiling,blocked_unfilled,blocked_unfilled,Z,survivor_kandidat_requires_overlap_check,blocked_unfilled,blocked_unfilled,positive_control_passed,Q_251,pass_predefined,25,4.93099078398e-06,27.4653072167,1.09861228867,blocked_unfilled,control_class=exact_power_anchor,27.4653072167,positive_control_survivor
rank62_Q251_actual_near_miss,actual_near_miss,62,7,7,5,179,246,2271,60406777905120351,2271,251,prime_block_le_251,13,53380323037375089036020861,59.2394844275,25,3.21887582487,11,11,0,,48.2926330605,3.21887582487,0.906930867459,0.906930867459,0.906930867459,none_visible,1.5331178031,0.2,1.3331178031,existing_near_power_csv,local_obstruction_before_drift,local_residue_sieve,blocked_unfilled,darmon_granville_ceiling,blocked_unfilled,blocked_unfilled,Z,residue_only,blocked_unfilled,blocked_unfilled,under_test,Q_251,pass_predefined,13,0,3.21887582487,0.247605832682,blocked_unfilled,control_class=actual_near_miss,3.21887582487,local_obstruction_before_drift
rank62_Q251_random_root_sets,random_root_sets,62,7,7,5,179,246,2271,60406777905120351,2271,251,prime_block_le_251,13,53380323037375089036020861,59.2394844275,25,3.21887582487,11,11,0,,48.2926330605,3.21887582487,1.40162043153,1.40162043153,1.40162043153,none_visible,1.5331178031,0.2,1.3331178031,deterministic_seeded_random_sets_same_cardinality,local_obstruction_before_drift,local_residue_sieve,blocked_unfilled,darmon_granville_ceiling,blocked_unfilled,blocked_unfilled,Z,residue_only,blocked_unfilled,blocked_unfilled,negative_control_passed,Q_251,pass_predefined,13,0,3.21887582487,0.247605832682,blocked_unfilled,control_class=random_root_sets,3.21887582487,local_obstruction_before_drift
rank62_Q251_exact_power_anchor,exact_power_anchor,62,7,7,5,179,246,2271,60406777905120351,2271,251,prime_block_le_251,13,53380323037375089036020861,59.2394844275,1220703125,20.9226928616,0,0,1,2271,30.5888160237,20.9226928616,1.34203728167,0.895658300308,2.13090268604,constructed_exact_power_root,1.5331178031,0.2,1.3331178031,C_from_near_power_row_as_positive_control,positive_control_survivor,local_residue_sieve,blocked_unfilled,darmon_granville_ceiling,blocked_unfilled,blocked_unfilled,Z,survivor_kandidat_requires_overlap_check,blocked_unfilled,blocked_unfilled,positive_control_passed,Q_251,pass_predefined,13,0.000440334654337,20.9226928616,1.60943791243,blocked_unfilled,control_class=exact_power_anchor,20.9226928616,positive_control_survivor
rank63_Q251_actual_near_miss,actual_near_miss,63,7,7,3,108,217,283681,22829202875910241,283681,251,prime_block_le_251,25,2695432382774658040741908270274374888347028088573,111.515643094,177147,12.0847351753,13,7,0,,86.8753022723,12.0847351753,0.99768629716,0.985059117655,1.00306525836,none_visible,2.96058048319,0.333333333333,2.62724714986,existing_near_power_csv,local_obstruction_before_drift,local_residue_sieve,blocked_unfilled,darmon_granville_ceiling,blocked_unfilled,blocked_unfilled,Z,residue_only,blocked_unfilled,blocked_unfilled,under_test,Q_251,pass_predefined,25,0,12.0847351753,0.483389407014,blocked_unfilled,control_class=actual_near_miss,12.0847351753,local_obstruction_before_drift
rank63_Q251_random_root_sets,random_root_sets,63,7,7,3,108,217,283681,22829202875910241,283681,251,prime_block_le_251,25,2695432382774658040741908270274374888347028088573,111.515643094,177147,12.0847351753,13,7,0,,86.8753022723,12.0847351753,1.00150385878,0.992221309617,1.03253184622,none_visible,2.96058048319,0.333333333333,2.62724714986,deterministic_seeded_random_sets_same_cardinality,local_obstruction_before_drift,local_residue_sieve,blocked_unfilled,darmon_granville_ceiling,blocked_unfilled,blocked_unfilled,Z,residue_only,blocked_unfilled,blocked_unfilled,negative_control_passed,Q_251,pass_predefined,25,0,12.0847351753,0.483389407014,blocked_unfilled,control_class=random_root_sets,12.0847351753,local_obstruction_before_drift
rank63_Q251_exact_power_anchor,exact_power_anchor,63,7,7,3,108,217,283681,22829202875910241,283681,251,prime_block_le_251,25,2695432382774658040741908270274374888347028088573,111.515643094,282429536481,26.366694928,0,0,1,283681,72.5933425196,26.366694928,1.00467202858,0.982228081699,1.05919481546,constructed_exact_power_root,2.96058048319,0.333333333333,2.62724714986,C_from_near_power_row_as_positive_control,positive_control_survivor,local_residue_sieve,blocked_unfilled,darmon_granville_ceiling,blocked_unfilled,blocked_unfilled,Z,survivor_kandidat_requires_overlap_check,blocked_unfilled,blocked_unfilled,positive_control_passed,Q_251,pass_predefined,25,3.52508627649e-06,26.366694928,1.05466779712,blocked_unfilled,control_class=exact_power_anchor,26.366694928,positive_control_survivor
rank64_Q251_actual_near_miss,actual_near_miss,64,6,7,4,240,179,8830,6079149367210000,8830,251,prime_block_le_251,53,32133165458954322436165317614053356655440093295804604057122379340449075183940351576262600371617210115,231.425812895,33554432,17.328679514,34,3,0,,205.011223087,17.328679514,0.93056813892,0,1.24040203851,none_visible,6.36771125338,0.25,6.11771125338,existing_near_power_csv,local_obstruction_before_drift,local_residue_sieve,blocked_unfilled,darmon_granville_ceiling,blocked_unfilled,blocked_unfilled,Z,residue_only,blocked_unfilled,blocked_unfilled,under_test,Q_251,pass_predefined,53,0,17.328679514,0.326956217245,blocked_unfilled,control_class=actual_near_miss,17.328679514,local_obstruction_before_drift
rank64_Q251_random_root_sets,random_root_sets,64,6,7,4,240,179,8830,6079149367210000,8830,251,prime_block_le_251,53,32133165458954322436165317614053356655440093295804604057122379340449075183940351576262600371617210115,231.425812895,33554432,17.328679514,34,3,0,,205.011223087,17.328679514,1.15931404933,0.641477916195,2.60921574179,none_visible,6.36771125338,0.25,6.11771125338,deterministic_seeded_random_sets_same_cardinality,local_obstruction_before_drift,local_residue_sieve,blocked_unfilled,darmon_granville_ceiling,blocked_unfilled,blocked_unfilled,Z,residue_only,blocked_unfilled,blocked_unfilled,negative_control_passed,Q_251,pass_predefined,53,0,17.328679514,0.326956217245,blocked_unfilled,control_class=random_root_sets,17.328679514,local_obstruction_before_drift
rank64_Q251_exact_power_anchor,exact_power_anchor,64,6,7,4,240,179,8830,6079149367210000,8830,251,prime_block_le_251,53,32133165458954322436165317614053356655440093295804604057122379340449075183940351576262600371617210115,231.425812895,37778931862957161709568,51.986038542,0,0,1,8830,170.353864059,51.986038542,1.007614312,0.928227633069,1.099900906,constructed_exact_power_root,6.36771125338,0.25,6.11771125338,C_from_near_power_row_as_positive_control,positive_control_survivor,local_residue_sieve,blocked_unfilled,darmon_granville_ceiling,blocked_unfilled,blocked_unfilled,Z,survivor_kandidat_requires_overlap_check,blocked_unfilled,blocked_unfilled,positive_control_passed,Q_251,pass_predefined,53,0.000113250283126,51.986038542,0.980868651736,blocked_unfilled,control_class=exact_power_anchor,51.986038542,positive_control_survivor
rank65_Q251_actual_near_miss,actual_near_miss,65,7,7,3,100,169,159233,4037376327502337,159233,251,prime_block_le_251,25,2695432382774658040741908270274374888347028088573,111.515643094,1594323,14.2819597527,12,7,0,,85.2555595241,14.2819597527,1.01188015652,0.997429343582,1.06902045012,none_visible,3.10331414153,0.333333333333,2.7699808082,existing_near_power_csv,local_obstruction_before_drift,local_residue_sieve,blocked_unfilled,darmon_granville_ceiling,blocked_unfilled,blocked_unfilled,Z,residue_only,blocked_unfilled,blocked_unfilled,under_test,Q_251,pass_predefined,25,0,14.2819597527,0.571278390107,blocked_unfilled,control_class=actual_near_miss,14.2819597527,local_obstruction_before_drift
rank65_Q251_random_root_sets,random_root_sets,65,7,7,3,100,169,159233,4037376327502337,159233,251,prime_block_le_251,25,2695432382774658040741908270274374888347028088573,111.515643094,1594323,14.2819597527,12,7,0,,85.2555595241,14.2819597527,0.996634038031,0.981046642342,1.00499059031,none_visible,3.10331414153,0.333333333333,2.7699808082,deterministic_seeded_random_sets_same_cardinality,local_obstruction_before_drift,local_residue_sieve,blocked_unfilled,darmon_granville_ceiling,blocked_unfilled,blocked_unfilled,Z,residue_only,blocked_unfilled,blocked_unfilled,negative_control_passed,Q_251,pass_predefined,25,0,14.2819597527,0.571278390107,blocked_unfilled,control_class=random_root_sets,14.2819597527,local_obstruction_before_drift
rank65_Q251_exact_power_anchor,exact_power_anchor,65,7,7,3,100,169,159233,4037376327502337,159233,251,prime_block_le_251,25,2695432382774658040741908270274374888347028088573,111.515643094,847288609443,27.4653072167,0,0,1,159233,72.07221206,27.4653072167,1.00637119586,0.926283426732,1.07200001116,constructed_exact_power_root,3.10331414153,0.333333333333,2.7699808082,C_from_near_power_row_as_positive_control,positive_control_survivor,local_residue_sieve,blocked_unfilled,darmon_granville_ceiling,blocked_unfilled,blocked_unfilled,Z,survivor_kandidat_requires_overlap_check,blocked_unfilled,blocked_unfilled,positive_control_passed,Q_251,pass_predefined,25,6.28010525456e-06,27.4653072167,1.09861228867,blocked_unfilled,control_class=exact_power_anchor,27.4653072167,positive_control_survivor
rank66_Q251_actual_near_miss,actual_near_miss,66,6,7,3,160,199,231306,12375441316400616,231306,251,prime_block_le_251,25,2695432382774658040741908270274374888347028088573,111.515643094,6561,8.78889830934,17,7,0,,90.3752479965,8.78889830934,0.997828616775,0.959270403708,1.01280218508,none_visible,3.00950416526,0.333333333333,2.67617083193,existing_near_power_csv,local_obstruction_before_drift,local_residue_sieve,blocked_unfilled,darmon_granville_ceiling,blocked_unfilled,blocked_unfilled,Z,residue_only,blocked_unfilled,blocked_unfilled,under_test,Q_251,pass_predefined,25,0,8.78889830934,0.351555932374,blocked_unfilled,control_class=actual_near_miss,8.78889830934,local_obstruction_before_drift
rank66_Q251_random_root_sets,random_root_sets,66,6,7,3,160,199,231306,12375441316400616,231306,251,prime_block_le_251,25,2695432382774658040741908270274374888347028088573,111.515643094,6561,8.78889830934,17,7,0,,90.3752479965,8.78889830934,1.00559761487,0.997220613002,1.02322176395,none_visible,3.00950416526,0.333333333333,2.67617083193,deterministic_seeded_random_sets_same_cardinality,local_obstruction_before_drift,local_residue_sieve,blocked_unfilled,darmon_granville_ceiling,blocked_unfilled,blocked_unfilled,Z,residue_only,blocked_unfilled,blocked_unfilled,negative_control_passed,Q_251,pass_predefined,25,0,8.78889830934,0.351555932374,blocked_unfilled,control_class=random_root_sets,8.78889830934,local_obstruction_before_drift
rank66_Q251_exact_power_anchor,exact_power_anchor,66,6,7,3,160,199,231306,12375441316400616,231306,251,prime_block_le_251,25,2695432382774658040741908270274374888347028088573,111.515643094,282429536481,26.366694928,0,0,1,231306,72.7974513778,26.366694928,1.00556475853,0.932168738477,1.089180566,constructed_exact_power_root,3.00950416526,0.333333333333,2.67617083193,C_from_near_power_row_as_positive_control,positive_control_survivor,local_residue_sieve,blocked_unfilled,darmon_granville_ceiling,blocked_unfilled,blocked_unfilled,Z,survivor_kandidat_requires_overlap_check,blocked_unfilled,blocked_unfilled,positive_control_passed,Q_251,pass_predefined,25,4.32327739012e-06,26.366694928,1.05466779712,blocked_unfilled,control_class=exact_power_anchor,26.366694928,positive_control_survivor
rank67_Q251_actual_near_miss,actual_near_miss,67,6,6,3,91,248,61554,233221637659464,61554,251,prime_block_le_251,25,2695432382774658040741908270274374888347028088573,111.515643094,4782969,15.3805720414,11,37,0,,85.1074009354,15.3805720414,1.0162365947,0.891304112378,1.1026361677,none_visible,3.37078282501,0.333333333333,3.03744949168,existing_near_power_csv,local_obstruction_before_drift,local_residue_sieve,blocked_unfilled,darmon_granville_ceiling,blocked_unfilled,blocked_unfilled,Z,residue_only,blocked_unfilled,blocked_unfilled,under_test,Q_251,pass_predefined,25,0,15.3805720414,0.615222881654,blocked_unfilled,control_class=actual_near_miss,15.3805720414,local_obstruction_before_drift
rank67_Q251_random_root_sets,random_root_sets,67,6,6,3,91,248,61554,233221637659464,61554,251,prime_block_le_251,25,2695432382774658040741908270274374888347028088573,111.515643094,4782969,15.3805720414,11,37,0,,85.1074009354,15.3805720414,0.999750063109,0.941457004329,1.06511716903,none_visible,3.37078282501,0.333333333333,3.03744949168,deterministic_seeded_random_sets_same_cardinality,local_obstruction_before_drift,local_residue_sieve,blocked_unfilled,darmon_granville_ceiling,blocked_unfilled,blocked_unfilled,Z,residue_only,blocked_unfilled,blocked_unfilled,negative_control_passed,Q_251,pass_predefined,25,0,15.3805720414,0.615222881654,blocked_unfilled,control_class=random_root_sets,15.3805720414,local_obstruction_before_drift
rank67_Q251_exact_power_anchor,exact_power_anchor,67,6,6,3,91,248,61554,233221637659464,61554,251,prime_block_le_251,25,2695432382774658040741908270274374888347028088573,111.515643094,847288609443,27.4653072167,0,0,1,61554,73.0226657601,27.4653072167,1.02290310585,0.941457004329,1.19835338799,constructed_exact_power_root,3.37078282501,0.333333333333,3.03744949168,C_from_near_power_row_as_positive_control,positive_control_survivor,local_residue_sieve,blocked_unfilled,darmon_granville_ceiling,blocked_unfilled,blocked_unfilled,Z,survivor_kandidat_requires_overlap_check,blocked_unfilled,blocked_unfilled,positive_control_passed,Q_251,pass_predefined,25,1.62458979108e-05,27.4653072167,1.09861228867,blocked_unfilled,control_class=exact_power_anchor,27.4653072167,positive_control_survivor
rank68_Q251_actual_near_miss,actual_near_miss,68,7,7,3,118,249,390757,59665090001128093,390757,251,prime_block_le_251,25,2695432382774658040741908270274374888347028088573,111.515643094,729,6.59167373201,19,7,0,,92.0481281997,6.59167373201,0.999343382773,0.99655853183,1.00047400871,none_visible,2.88694777782,0.333333333333,2.55361444449,existing_near_power_csv,local_obstruction_before_drift,local_residue_sieve,blocked_unfilled,darmon_granville_ceiling,blocked_unfilled,blocked_unfilled,Z,residue_only,blocked_unfilled,blocked_unfilled,under_test,Q_251,pass_predefined,25,0,6.59167373201,0.26366694928,blocked_unfilled,control_class=actual_near_miss,6.59167373201,local_obstruction_before_drift
rank68_Q251_random_root_sets,random_root_sets,68,7,7,3,118,249,390757,59665090001128093,390757,251,prime_block_le_251,25,2695432382774658040741908270274374888347028088573,111.515643094,729,6.59167373201,19,7,0,,92.0481281997,6.59167373201,1.00048123116,0.99655853183,1.0058336909,none_visible,2.88694777782,0.333333333333,2.55361444449,deterministic_seeded_random_sets_same_cardinality,local_obstruction_before_drift,local_residue_sieve,blocked_unfilled,darmon_granville_ceiling,blocked_unfilled,blocked_unfilled,Z,residue_only,blocked_unfilled,blocked_unfilled,negative_control_passed,Q_251,pass_predefined,25,0,6.59167373201,0.26366694928,blocked_unfilled,control_class=random_root_sets,6.59167373201,local_obstruction_before_drift
rank68_Q251_exact_power_anchor,exact_power_anchor,68,7,7,3,118,249,390757,59665090001128093,390757,251,prime_block_le_251,25,2695432382774658040741908270274374888347028088573,111.515643094,282429536481,26.366694928,0,0,1,390757,72.2731070037,26.366694928,1.00284610195,0.99007880146,1.01645722988,constructed_exact_power_root,2.88694777782,0.333333333333,2.55361444449,C_from_near_power_row_as_positive_control,positive_control_survivor,local_residue_sieve,blocked_unfilled,darmon_granville_ceiling,blocked_unfilled,blocked_unfilled,Z,survivor_kandidat_requires_overlap_check,blocked_unfilled,blocked_unfilled,positive_control_passed,Q_251,pass_predefined,25,2.55913521703e-06,26.366694928,1.05466779712,blocked_unfilled,control_class=exact_power_anchor,26.366694928,positive_control_survivor
rank69_Q251_actual_near_miss,actual_near_miss,69,7,7,3,71,177,176000,5451776000000000,176000,251,prime_block_le_251,25,2695432382774658040741908270274374888347028088573,111.515643094,177147,12.0847351753,13,7,0,,87.3526686447,12.0847351753,0.98932943067,0.902699494949,1.02326704545,none_visible,3.07759104519,0.333333333333,2.74425771185,existing_near_power_csv,local_obstruction_before_drift,local_residue_sieve,blocked_unfilled,darmon_granville_ceiling,blocked_unfilled,blocked_unfilled,Z,residue_only,blocked_unfilled,blocked_unfilled,under_test,Q_251,pass_predefined,25,0,12.0847351753,0.483389407014,blocked_unfilled,control_class=actual_near_miss,12.0847351753,local_obstruction_before_drift
rank69_Q251_random_root_sets,random_root_sets,69,7,7,3,71,177,176000,5451776000000000,176000,251,prime_block_le_251,25,2695432382774658040741908270274374888347028088573,111.515643094,177147,12.0847351753,13,7,0,,87.3526686447,12.0847351753,1.01157518365,0.99941729798,1.04524621212,none_visible,3.07759104519,0.333333333333,2.74425771185,deterministic_seeded_random_sets_same_cardinality,local_obstruction_before_drift,local_residue_sieve,blocked_unfilled,darmon_granville_ceiling,blocked_unfilled,blocked_unfilled,Z,residue_only,blocked_unfilled,blocked_unfilled,negative_control_passed,Q_251,pass_predefined,25,0,12.0847351753,0.483389407014,blocked_unfilled,control_class=random_root_sets,12.0847351753,local_obstruction_before_drift
rank69_Q251_exact_power_anchor,exact_power_anchor,69,7,7,3,71,177,176000,5451776000000000,176000,251,prime_block_le_251,25,2695432382774658040741908270274374888347028088573,111.515643094,847288609443,27.4653072167,0,0,1,176000,71.9720966034,27.4653072167,1.00405550295,0.950565656566,1.06686111111,constructed_exact_power_root,3.07759104519,0.333333333333,2.74425771185,C_from_near_power_row_as_positive_control,positive_control_survivor,local_residue_sieve,blocked_unfilled,darmon_granville_ceiling,blocked_unfilled,blocked_unfilled,Z,survivor_kandidat_requires_overlap_check,blocked_unfilled,blocked_unfilled,positive_control_passed,Q_251,pass_predefined,25,5.68181818182e-06,27.4653072167,1.09861228867,blocked_unfilled,control_class=exact_power_anchor,27.4653072167,positive_control_survivor
rank70_Q251_actual_near_miss,actual_near_miss,70,4,6,3,188,101,10205,1062769365125,10205,251,prime_block_le_251,25,2695432382774658040741908270274374888347028088573,111.515643094,729,6.59167373201,19,7,0,,95.6933362868,6.59167373201,0.97928466438,0.907452773695,1.05218574773,none_visible,4.02701317757,0.333333333333,3.69367984424,existing_near_power_csv,local_obstruction_before_drift,local_residue_sieve,blocked_unfilled,darmon_granville_ceiling,blocked_unfilled,blocked_unfilled,Z,residue_only,blocked_unfilled,blocked_unfilled,under_test,Q_251,pass_predefined,25,0,6.59167373201,0.26366694928,blocked_unfilled,control_class=actual_near_miss,6.59167373201,local_obstruction_before_drift
rank70_Q251_random_root_sets,random_root_sets,70,4,6,3,188,101,10205,1062769365125,10205,251,prime_block_le_251,25,2695432382774658040741908270274374888347028088573,111.515643094,729,6.59167373201,19,7,0,,95.6933362868,6.59167373201,1.14521639719,0.725962218956,2.10437149545,none_visible,4.02701317757,0.333333333333,3.69367984424,deterministic_seeded_random_sets_same_cardinality,local_obstruction_before_drift,local_residue_sieve,blocked_unfilled,darmon_granville_ceiling,blocked_unfilled,blocked_unfilled,Z,residue_only,blocked_unfilled,blocked_unfilled,negative_control_passed,Q_251,pass_predefined,25,0,6.59167373201,0.26366694928,blocked_unfilled,control_class=random_root_sets,6.59167373201,local_obstruction_before_drift
rank70_Q251_exact_power_anchor,exact_power_anchor,70,4,6,3,188,101,10205,1062769365125,10205,251,prime_block_le_251,25,2695432382774658040741908270274374888347028088573,111.515643094,94143178827,25.2680826394,0,0,1,10205,77.0169273795,25.2680826394,1.20335937358,0.774358974359,1.82868964015,constructed_exact_power_root,4.02701317757,0.333333333333,3.69367984424,C_from_near_power_row_as_positive_control,positive_control_survivor,local_residue_sieve,blocked_unfilled,darmon_granville_ceiling,blocked_unfilled,blocked_unfilled,Z,survivor_kandidat_requires_overlap_check,blocked_unfilled,blocked_unfilled,positive_control_passed,Q_251,pass_predefined,25,9.79911807937e-05,25.2680826394,1.01072330557,blocked_unfilled,control_class=exact_power_anchor,25.2680826394,positive_control_survivor
rank71_Q251_actual_near_miss,actual_near_miss,71,7,7,3,203,206,310545,29948399895128625,310545,251,prime_block_le_251,25,2695432382774658040741908270274374888347028088573,111.515643094,177147,12.0847351753,14,7,0,,86.7848238213,12.0847351753,0.997675985409,0.978087985101,1.01810294089,none_visible,2.939398532,0.333333333333,2.60606519866,existing_near_power_csv,local_obstruction_before_drift,local_residue_sieve,blocked_unfilled,darmon_granville_ceiling,blocked_unfilled,blocked_unfilled,Z,residue_only,blocked_unfilled,blocked_unfilled,under_test,Q_251,pass_predefined,25,0,12.0847351753,0.483389407014,blocked_unfilled,control_class=actual_near_miss,12.0847351753,local_obstruction_before_drift
rank71_Q251_random_root_sets,random_root_sets,71,7,7,3,203,206,310545,29948399895128625,310545,251,prime_block_le_251,25,2695432382774658040741908270274374888347028088573,111.515643094,177147,12.0847351753,14,7,0,,86.7848238213,12.0847351753,1.00107746059,0.987665412599,1.00913948775,none_visible,2.939398532,0.333333333333,2.60606519866,deterministic_seeded_random_sets_same_cardinality,local_obstruction_before_drift,local_residue_sieve,blocked_unfilled,darmon_granville_ceiling,blocked_unfilled,blocked_unfilled,Z,residue_only,blocked_unfilled,blocked_unfilled,negative_control_passed,Q_251,pass_predefined,25,0,12.0847351753,0.483389407014,blocked_unfilled,control_class=random_root_sets,12.0847351753,local_obstruction_before_drift
rank71_Q251_exact_power_anchor,exact_power_anchor,71,7,7,3,203,206,310545,29948399895128625,310545,251,prime_block_le_251,25,2695432382774658040741908270274374888347028088573,111.515643094,94143178827,25.2680826394,0,0,1,310545,73.6014763573,25.2680826394,1.00222328666,0.99128521363,1.01879491432,constructed_exact_power_root,2.939398532,0.333333333333,2.60606519866,C_from_near_power_row_as_positive_control,positive_control_survivor,local_residue_sieve,blocked_unfilled,darmon_granville_ceiling,blocked_unfilled,blocked_unfilled,Z,survivor_kandidat_requires_overlap_check,blocked_unfilled,blocked_unfilled,positive_control_passed,Q_251,pass_predefined,25,3.22014522855e-06,25.2680826394,1.01072330557,blocked_unfilled,control_class=exact_power_anchor,25.2680826394,positive_control_survivor
rank72_Q251_actual_near_miss,actual_near_miss,72,6,7,3,241,205,248854,15411108481939864,248854,251,prime_block_le_251,25,2695432382774658040741908270274374888347028088573,111.515643094,59049,10.9861228867,15,7,0,,88.1048985493,10.9861228867,1.00400527376,0.94539368465,1.03493882625,none_visible,2.99179178685,0.333333333333,2.65845845351,existing_near_power_csv,local_obstruction_before_drift,local_residue_sieve,blocked_unfilled,darmon_granville_ceiling,blocked_unfilled,blocked_unfilled,Z,residue_only,blocked_unfilled,blocked_unfilled,under_test,Q_251,pass_predefined,25,0,10.9861228867,0.439444915467,blocked_unfilled,control_class=actual_near_miss,10.9861228867,local_obstruction_before_drift
rank72_Q251_random_root_sets,random_root_sets,72,6,7,3,241,205,248854,15411108481939864,248854,251,prime_block_le_251,25,2695432382774658040741908270274374888347028088573,111.515643094,59049,10.9861228867,15,7,0,,88.1048985493,10.9861228867,1.00565838247,0.985656024996,1.02942867884,none_visible,2.99179178685,0.333333333333,2.65845845351,deterministic_seeded_random_sets_same_cardinality,local_obstruction_before_drift,local_residue_sieve,blocked_unfilled,darmon_granville_ceiling,blocked_unfilled,blocked_unfilled,Z,residue_only,blocked_unfilled,blocked_unfilled,negative_control_passed,Q_251,pass_predefined,25,0,10.9861228867,0.439444915467,blocked_unfilled,control_class=random_root_sets,10.9861228867,local_obstruction_before_drift
rank72_Q251_exact_power_anchor,exact_power_anchor,72,6,7,3,241,205,248854,15411108481939864,248854,251,prime_block_le_251,25,2695432382774658040741908270274374888347028088573,111.515643094,847288609443,27.4653072167,0,0,1,248854,71.6257142193,27.4653072167,1.00323778646,0.961014624371,1.05043742739,constructed_exact_power_root,2.99179178685,0.333333333333,2.65845845351,C_from_near_power_row_as_positive_control,positive_control_survivor,local_residue_sieve,blocked_unfilled,darmon_granville_ceiling,blocked_unfilled,blocked_unfilled,Z,survivor_kandidat_requires_overlap_check,blocked_unfilled,blocked_unfilled,positive_control_passed,Q_251,pass_predefined,25,4.01842043929e-06,27.4653072167,1.09861228867,blocked_unfilled,control_class=exact_power_anchor,27.4653072167,positive_control_survivor
rank73_Q251_actual_near_miss,actual_near_miss,73,5,6,3,191,206,42483,76673543092587,42483,251,prime_block_le_251,25,2695432382774658040741908270274374888347028088573,111.515643094,6561,8.78889830934,16,7,0,,92.0698855098,8.78889830934,0.993939405828,0.903992969737,1.1574433695,none_visible,3.48807092902,0.333333333333,3.15473759568,existing_near_power_csv,local_obstruction_before_drift,local_residue_sieve,blocked_unfilled,darmon_granville_ceiling,blocked_unfilled,blocked_unfilled,Z,residue_only,blocked_unfilled,blocked_unfilled,under_test,Q_251,pass_predefined,25,0,8.78889830934,0.351555932374,blocked_unfilled,control_class=actual_near_miss,8.78889830934,local_obstruction_before_drift
rank73_Q251_random_root_sets,random_root_sets,73,5,6,3,191,206,42483,76673543092587,42483,251,prime_block_le_251,25,2695432382774658040741908270274374888347028088573,111.515643094,6561,8.78889830934,16,7,0,,92.0698855098,8.78889830934,0.994278757255,0.878032258655,1.0802804782,none_visible,3.48807092902,0.333333333333,3.15473759568,deterministic_seeded_random_sets_same_cardinality,local_obstruction_before_drift,local_residue_sieve,blocked_unfilled,darmon_granville_ceiling,blocked_unfilled,blocked_unfilled,Z,residue_only,blocked_unfilled,blocked_unfilled,negative_control_passed,Q_251,pass_predefined,25,0,8.78889830934,0.351555932374,blocked_unfilled,control_class=random_root_sets,8.78889830934,local_obstruction_before_drift
rank73_Q251_exact_power_anchor,exact_power_anchor,73,5,6,3,191,206,42483,76673543092587,42483,251,prime_block_le_251,25,2695432382774658040741908270274374888347028088573,111.515643094,282429536481,26.366694928,0,0,1,42483,74.4920888912,26.366694928,1.04806138142,0.930058297829,1.29908433962,constructed_exact_power_root,3.48807092902,0.333333333333,3.15473759568,C_from_near_power_row_as_positive_control,positive_control_survivor,local_residue_sieve,blocked_unfilled,darmon_granville_ceiling,blocked_unfilled,blocked_unfilled,Z,survivor_kandidat_requires_overlap_check,blocked_unfilled,blocked_unfilled,positive_control_passed,Q_251,pass_predefined,25,2.35388272956e-05,26.366694928,1.05466779712,blocked_unfilled,control_class=exact_power_anchor,26.366694928,positive_control_survivor
rank74_Q251_actual_near_miss,actual_near_miss,74,7,7,3,92,171,163005,4331145547225125,163005,251,prime_block_le_251,25,2695432382774658040741908270274374888347028088573,111.515643094,6561,8.78889830934,17,7,0,,90.7252086306,8.78889830934,0.996579518692,0.974664035527,1.00332982288,none_visible,3.09726026351,0.333333333333,2.76392693018,existing_near_power_csv,local_obstruction_before_drift,local_residue_sieve,blocked_unfilled,darmon_granville_ceiling,blocked_unfilled,blocked_unfilled,Z,residue_only,blocked_unfilled,blocked_unfilled,under_test,Q_251,pass_predefined,25,0,8.78889830934,0.351555932374,blocked_unfilled,control_class=actual_near_miss,8.78889830934,local_obstruction_before_drift
rank74_Q251_random_root_sets,random_root_sets,74,7,7,3,92,171,163005,4331145547225125,163005,251,prime_block_le_251,25,2695432382774658040741908270274374888347028088573,111.515643094,6561,8.78889830934,17,7,0,,90.7252086306,8.78889830934,0.991617649278,0.939854605687,1.02640818789,none_visible,3.09726026351,0.333333333333,2.76392693018,deterministic_seeded_random_sets_same_cardinality,local_obstruction_before_drift,local_residue_sieve,blocked_unfilled,darmon_granville_ceiling,blocked_unfilled,blocked_unfilled,Z,residue_only,blocked_unfilled,blocked_unfilled,negative_control_passed,Q_251,pass_predefined,25,0,8.78889830934,0.351555932374,blocked_unfilled,control_class=random_root_sets,8.78889830934,local_obstruction_before_drift
rank74_Q251_exact_power_anchor,exact_power_anchor,74,7,7,3,92,171,163005,4331145547225125,163005,251,prime_block_le_251,25,2695432382774658040741908270274374888347028088573,111.515643094,847288609443,27.4653072167,0,0,1,163005,72.0487997232,27.4653072167,1.00748306971,0.944508859646,1.07909232505,constructed_exact_power_root,3.09726026351,0.333333333333,2.76392693018,C_from_near_power_row_as_positive_control,positive_control_survivor,local_residue_sieve,blocked_unfilled,darmon_granville_ceiling,blocked_unfilled,blocked_unfilled,Z,survivor_kandidat_requires_overlap_check,blocked_unfilled,blocked_unfilled,positive_control_passed,Q_251,pass_predefined,25,6.13478114168e-06,27.4653072167,1.09861228867,blocked_unfilled,control_class=exact_power_anchor,27.4653072167,positive_control_survivor
rank75_Q251_actual_near_miss,actual_near_miss,75,6,6,3,187,190,44782,89807055379768,44782,251,prime_block_le_251,25,2695432382774658040741908270274374888347028088573,111.515643094,243,5.49306144334,20,7,0,,95.3130200988,5.49306144334,0.997323453372,0.9767242791,1.01631856053,none_visible,3.47090596109,0.333333333333,3.13757262776,existing_near_power_csv,local_obstruction_before_drift,local_residue_sieve,blocked_unfilled,darmon_granville_ceiling,blocked_unfilled,blocked_unfilled,Z,residue_only,blocked_unfilled,blocked_unfilled,under_test,Q_251,pass_predefined,25,0,5.49306144334,0.219722457734,blocked_unfilled,control_class=actual_near_miss,5.49306144334,local_obstruction_before_drift
rank75_Q251_random_root_sets,random_root_sets,75,6,6,3,187,190,44782,89807055379768,44782,251,prime_block_le_251,25,2695432382774658040741908270274374888347028088573,111.515643094,243,5.49306144334,20,7,0,,95.3130200988,5.49306144334,1.00055950059,0.9767242791,1.01631856053,none_visible,3.47090596109,0.333333333333,3.13757262776,deterministic_seeded_random_sets_same_cardinality,local_obstruction_before_drift,local_residue_sieve,blocked_unfilled,darmon_granville_ceiling,blocked_unfilled,blocked_unfilled,Z,residue_only,blocked_unfilled,blocked_unfilled,negative_control_passed,Q_251,pass_predefined,25,0,5.49306144334,0.219722457734,blocked_unfilled,control_class=random_root_sets,5.49306144334,local_obstruction_before_drift
rank75_Q251_exact_power_anchor,exact_power_anchor,75,6,6,3,187,190,44782,89807055379768,44782,251,prime_block_le_251,25,2695432382774658040741908270274374888347028088573,111.515643094,847288609443,27.4653072167,0,0,1,44782,73.3407743254,27.4653072167,0.999525995895,0.821594986081,1.12676472194,constructed_exact_power_root,3.47090596109,0.333333333333,3.13757262776,C_from_near_power_row_as_positive_control,positive_control_survivor,local_residue_sieve,blocked_unfilled,darmon_granville_ceiling,blocked_unfilled,blocked_unfilled,Z,survivor_kandidat_requires_overlap_check,blocked_unfilled,blocked_unfilled,positive_control_passed,Q_251,pass_predefined,25,2.23304006074e-05,27.4653072167,1.09861228867,blocked_unfilled,control_class=exact_power_anchor,27.4653072167,positive_control_survivor
rank76_Q251_actual_near_miss,actual_near_miss,76,7,7,3,127,210,264687,18543761579690703,264687,251,prime_block_le_251,25,2695432382774658040741908270274374888347028088573,111.515643094,729,6.59167373201,19,31,0,,92.4376660873,6.59167373201,0.99800510708,0.9893799091,1.00064982413,none_visible,2.97701250829,0.333333333333,2.64367917495,existing_near_power_csv,local_obstruction_before_drift,local_residue_sieve,blocked_unfilled,darmon_granville_ceiling,blocked_unfilled,blocked_unfilled,Z,residue_only,blocked_unfilled,blocked_unfilled,under_test,Q_251,pass_predefined,25,0,6.59167373201,0.26366694928,blocked_unfilled,control_class=actual_near_miss,6.59167373201,local_obstruction_before_drift
rank76_Q251_random_root_sets,random_root_sets,76,7,7,3,127,210,264687,18543761579690703,264687,251,prime_block_le_251,25,2695432382774658040741908270274374888347028088573,111.515643094,729,6.59167373201,19,31,0,,92.4376660873,6.59167373201,0.998247573759,0.9893799091,1.0011082272,none_visible,2.97701250829,0.333333333333,2.64367917495,deterministic_seeded_random_sets_same_cardinality,local_obstruction_before_drift,local_residue_sieve,blocked_unfilled,darmon_granville_ceiling,blocked_unfilled,blocked_unfilled,Z,residue_only,blocked_unfilled,blocked_unfilled,negative_control_passed,Q_251,pass_predefined,25,0,6.59167373201,0.26366694928,blocked_unfilled,control_class=random_root_sets,6.59167373201,local_obstruction_before_drift
rank76_Q251_exact_power_anchor,exact_power_anchor,76,7,7,3,127,210,264687,18543761579690703,264687,251,prime_block_le_251,25,2695432382774658040741908270274374888347028088573,111.515643094,847288609443,27.4653072167,0,0,1,264687,71.5640326026,27.4653072167,0.999084208336,0.967356412165,1.01508322408,constructed_exact_power_root,2.97701250829,0.333333333333,2.64367917495,C_from_near_power_row_as_positive_control,positive_control_survivor,local_residue_sieve,blocked_unfilled,darmon_granville_ceiling,blocked_unfilled,blocked_unfilled,Z,survivor_kandidat_requires_overlap_check,blocked_unfilled,blocked_unfilled,positive_control_passed,Q_251,pass_predefined,25,3.77804727848e-06,27.4653072167,1.09861228867,blocked_unfilled,control_class=exact_power_anchor,27.4653072167,positive_control_survivor
rank77_Q251_actual_near_miss,actual_near_miss,77,7,7,3,89,206,250859,15786616544589779,250859,251,prime_block_le_251,25,2695432382774658040741908270274374888347028088573,111.515643094,1594323,14.2819597527,12,13,0,,84.8010370341,14.2819597527,0.997481911412,0.969162845352,1.01561479202,none_visible,2.98986073541,0.333333333333,2.65652740207,existing_near_power_csv,local_obstruction_before_drift,local_residue_sieve,blocked_unfilled,darmon_granville_ceiling,blocked_unfilled,blocked_unfilled,Z,residue_only,blocked_unfilled,blocked_unfilled,under_test,Q_251,pass_predefined,25,0,14.2819597527,0.571278390107,blocked_unfilled,control_class=actual_near_miss,14.2819597527,local_obstruction_before_drift
rank77_Q251_random_root_sets,random_root_sets,77,7,7,3,89,206,250859,15786616544589779,250859,251,prime_block_le_251,25,2695432382774658040741908270274374888347028088573,111.515643094,1594323,14.2819597527,12,13,0,,84.8010370341,14.2819597527,0.998761883797,0.989120493097,1.00692243673,none_visible,2.98986073541,0.333333333333,2.65652740207,deterministic_seeded_random_sets_same_cardinality,local_obstruction_before_drift,local_residue_sieve,blocked_unfilled,darmon_granville_ceiling,blocked_unfilled,blocked_unfilled,Z,residue_only,blocked_unfilled,blocked_unfilled,negative_control_passed,Q_251,pass_predefined,25,0,14.2819597527,0.571278390107,blocked_unfilled,control_class=random_root_sets,14.2819597527,local_obstruction_before_drift
rank77_Q251_exact_power_anchor,exact_power_anchor,77,7,7,3,89,206,250859,15786616544589779,250859,251,prime_block_le_251,25,2695432382774658040741908270274374888347028088573,111.515643094,282429536481,26.366694928,0,0,1,250859,72.7163018588,26.366694928,1.00224371652,0.969645630945,1.03666512973,constructed_exact_power_root,2.98986073541,0.333333333333,2.65652740207,C_from_near_power_row_as_positive_control,positive_control_survivor,local_residue_sieve,blocked_unfilled,darmon_granville_ceiling,blocked_unfilled,blocked_unfilled,Z,survivor_kandidat_requires_overlap_check,blocked_unfilled,blocked_unfilled,positive_control_passed,Q_251,pass_predefined,25,3.98630306268e-06,26.366694928,1.05466779712,blocked_unfilled,control_class=exact_power_anchor,26.366694928,positive_control_survivor
rank78_Q251_actual_near_miss,actual_near_miss,78,6,7,3,199,145,112128,1409750403121152,112128,251,prime_block_le_251,25,2695432382774658040741908270274374888347028088573,111.515643094,6561,8.78889830934,17,19,0,,91.0993484299,8.78889830934,1.00079897351,0.955943207763,1.07240435534,none_visible,3.19692215668,0.333333333333,2.86358882335,existing_near_power_csv,local_obstruction_before_drift,local_residue_sieve,blocked_unfilled,darmon_granville_ceiling,blocked_unfilled,blocked_unfilled,Z,residue_only,blocked_unfilled,blocked_unfilled,under_test,Q_251,pass_predefined,25,0,8.78889830934,0.351555932374,blocked_unfilled,control_class=actual_near_miss,8.78889830934,local_obstruction_before_drift
rank78_Q251_random_root_sets,random_root_sets,78,6,7,3,199,145,112128,1409750403121152,112128,251,prime_block_le_251,25,2695432382774658040741908270274374888347028088573,111.515643094,6561,8.78889830934,17,19,0,,91.0993484299,8.78889830934,0.998527618096,0.885899250063,1.08871309773,none_visible,3.19692215668,0.333333333333,2.86358882335,deterministic_seeded_random_sets_same_cardinality,local_obstruction_before_drift,local_residue_sieve,blocked_unfilled,darmon_granville_ceiling,blocked_unfilled,blocked_unfilled,Z,residue_only,blocked_unfilled,blocked_unfilled,negative_control_passed,Q_251,pass_predefined,25,0,8.78889830934,0.351555932374,blocked_unfilled,control_class=random_root_sets,8.78889830934,local_obstruction_before_drift
rank78_Q251_exact_power_anchor,exact_power_anchor,78,6,7,3,199,145,112128,1409750403121152,112128,251,prime_block_le_251,25,2695432382774658040741908270274374888347028088573,111.515643094,282429536481,26.366694928,0,0,1,112128,73.5215518112,26.366694928,1.00890190477,0.935533992897,1.09376981862,constructed_exact_power_root,3.19692215668,0.333333333333,2.86358882335,C_from_near_power_row_as_positive_control,positive_control_survivor,local_residue_sieve,blocked_unfilled,darmon_granville_ceiling,blocked_unfilled,blocked_unfilled,Z,survivor_kandidat_requires_overlap_check,blocked_unfilled,blocked_unfilled,positive_control_passed,Q_251,pass_predefined,25,8.91837899543e-06,26.366694928,1.05466779712,blocked_unfilled,control_class=exact_power_anchor,26.366694928,positive_control_survivor
rank79_Q251_actual_near_miss,actual_near_miss,79,5,6,3,143,168,28249,22542871522249,28249,251,prime_block_le_251,25,2695432382774658040741908270274374888347028088573,111.515643094,2187,7.69028602068,18,7,0,,93.5765437357,7.69028602068,1.00344358306,0.938912291881,1.07322186429,none_visible,3.62694487708,0.333333333333,3.29361154374,existing_near_power_csv,local_obstruction_before_drift,local_residue_sieve,blocked_unfilled,darmon_granville_ceiling,blocked_unfilled,blocked_unfilled,Z,residue_only,blocked_unfilled,blocked_unfilled,under_test,Q_251,pass_predefined,25,0,7.69028602068,0.307611440827,blocked_unfilled,control_class=actual_near_miss,7.69028602068,local_obstruction_before_drift
rank79_Q251_random_root_sets,random_root_sets,79,5,6,3,143,168,28249,22542871522249,28249,251,prime_block_le_251,25,2695432382774658040741908270274374888347028088573,111.515643094,2187,7.69028602068,18,7,0,,93.5765437357,7.69028602068,0.973824704382,0.825555280226,1.03280352107,none_visible,3.62694487708,0.333333333333,3.29361154374,deterministic_seeded_random_sets_same_cardinality,local_obstruction_before_drift,local_residue_sieve,blocked_unfilled,darmon_granville_ceiling,blocked_unfilled,blocked_unfilled,Z,residue_only,blocked_unfilled,blocked_unfilled,negative_control_passed,Q_251,pass_predefined,25,0,7.69028602068,0.307611440827,blocked_unfilled,control_class=random_root_sets,7.69028602068,local_obstruction_before_drift
rank79_Q251_exact_power_anchor,exact_power_anchor,79,5,6,3,143,168,28249,22542871522249,28249,251,prime_block_le_251,25,2695432382774658040741908270274374888347028088573,111.515643094,282429536481,26.366694928,0,0,1,28249,74.9001348283,26.366694928,1.07265399758,0.906391966677,1.40602420538,constructed_exact_power_root,3.62694487708,0.333333333333,3.29361154374,C_from_near_power_row_as_positive_control,positive_control_survivor,local_residue_sieve,blocked_unfilled,darmon_granville_ceiling,blocked_unfilled,blocked_unfilled,Z,survivor_kandidat_requires_overlap_check,blocked_unfilled,blocked_unfilled,positive_control_passed,Q_251,pass_predefined,25,3.53994831675e-05,26.366694928,1.05466779712,blocked_unfilled,control_class=exact_power_anchor,26.366694928,positive_control_survivor
rank80_Q251_actual_near_miss,actual_near_miss,80,6,7,4,220,103,3921,236367286326081,3921,251,prime_block_le_251,53,32133165458954322436165317614053356655440093295804604057122379340449075183940351576262600371617210115,231.425812895,33554432,17.328679514,31,3,0,,205.823031379,17.328679514,0.883473907288,0,1.83623437898,none_visible,6.9924752206,0.25,6.7424752206,existing_near_power_csv,local_obstruction_before_drift,local_residue_sieve,blocked_unfilled,darmon_granville_ceiling,blocked_unfilled,blocked_unfilled,Z,residue_only,blocked_unfilled,blocked_unfilled,under_test,Q_251,pass_predefined,53,0,17.328679514,0.326956217245,blocked_unfilled,control_class=actual_near_miss,17.328679514,local_obstruction_before_drift
rank80_Q251_random_root_sets,random_root_sets,80,6,7,4,220,103,3921,236367286326081,3921,251,prime_block_le_251,53,32133165458954322436165317614053356655440093295804604057122379340449075183940351576262600371617210115,231.425812895,33554432,17.328679514,31,3,0,,205.823031379,17.328679514,1.02883435955,0,2.27116806937,none_visible,6.9924752206,0.25,6.7424752206,deterministic_seeded_random_sets_same_cardinality,local_obstruction_before_drift,local_residue_sieve,blocked_unfilled,darmon_granville_ceiling,blocked_unfilled,blocked_unfilled,Z,residue_only,blocked_unfilled,blocked_unfilled,negative_control_passed,Q_251,pass_predefined,53,0,17.328679514,0.326956217245,blocked_unfilled,control_class=random_root_sets,17.328679514,local_obstruction_before_drift
rank80_Q251_exact_power_anchor,exact_power_anchor,80,6,7,4,220,103,3921,236367286326081,3921,251,prime_block_le_251,53,32133165458954322436165317614053356655440093295804604057122379340449075183940351576262600371617210115,231.425812895,75557863725914323419136,52.6791857226,0,0,1,3921,170.47252517,52.6791857226,1.04642470033,0.897188217292,1.32185666922,constructed_exact_power_root,6.9924752206,0.25,6.7424752206,C_from_near_power_row_as_positive_control,positive_control_survivor,local_residue_sieve,blocked_unfilled,darmon_granville_ceiling,blocked_unfilled,blocked_unfilled,Z,survivor_kandidat_requires_overlap_check,blocked_unfilled,blocked_unfilled,positive_control_passed,Q_251,pass_predefined,53,0.000255036980362,52.6791857226,0.993946900426,blocked_unfilled,control_class=exact_power_anchor,52.6791857226,positive_control_survivor
rank81_Q251_actual_near_miss,actual_near_miss,81,7,7,3,184,185,244169,14556989663478809,244169,251,prime_block_le_251,25,2695432382774658040741908270274374888347028088573,111.515643094,2187,7.69028602068,18,7,0,,91.4197411859,7.69028602068,0.992972308342,0.95937285696,1.01350430781,none_visible,2.99637530039,0.333333333333,2.66304196706,existing_near_power_csv,local_obstruction_before_drift,local_residue_sieve,blocked_unfilled,darmon_granville_ceiling,blocked_unfilled,blocked_unfilled,Z,residue_only,blocked_unfilled,blocked_unfilled,under_test,Q_251,pass_predefined,25,0,7.69028602068,0.307611440827,blocked_unfilled,control_class=actual_near_miss,7.69028602068,local_obstruction_before_drift
rank81_Q251_random_root_sets,random_root_sets,81,7,7,3,184,185,244169,14556989663478809,244169,251,prime_block_le_251,25,2695432382774658040741908270274374888347028088573,111.515643094,2187,7.69028602068,18,7,0,,91.4197411859,7.69028602068,0.997717048741,0.989858572455,1.01293502997,none_visible,2.99637530039,0.333333333333,2.66304196706,deterministic_seeded_random_sets_same_cardinality,local_obstruction_before_drift,local_residue_sieve,blocked_unfilled,darmon_granville_ceiling,blocked_unfilled,blocked_unfilled,Z,residue_only,blocked_unfilled,blocked_unfilled,negative_control_passed,Q_251,pass_predefined,25,0,7.69028602068,0.307611440827,blocked_unfilled,control_class=random_root_sets,7.69028602068,local_obstruction_before_drift
rank81_Q251_exact_power_anchor,exact_power_anchor,81,7,7,3,184,185,244169,14556989663478809,244169,251,prime_block_le_251,25,2695432382774658040741908270274374888347028088573,111.515643094,94143178827,25.2680826394,0,0,1,244169,73.8419445672,25.2680826394,1.00549797552,0.97447942477,1.04719545342,constructed_exact_power_root,2.99637530039,0.333333333333,2.66304196706,C_from_near_power_row_as_positive_control,positive_control_survivor,local_residue_sieve,blocked_unfilled,darmon_granville_ceiling,blocked_unfilled,blocked_unfilled,Z,survivor_kandidat_requires_overlap_check,blocked_unfilled,blocked_unfilled,positive_control_passed,Q_251,pass_predefined,25,4.09552400182e-06,25.2680826394,1.01072330557,blocked_unfilled,control_class=exact_power_anchor,25.2680826394,positive_control_survivor
rank82_Q251_actual_near_miss,actual_near_miss,82,7,7,3,124,215,278867,21686595244340363,278867,251,prime_block_le_251,25,2695432382774658040741908270274374888347028088573,111.515643094,729,6.59167373201,19,7,0,,92.3854791174,6.59167373201,1.0110961697,0.995120334146,1.05398989482,none_visible,2.96462176116,0.333333333333,2.63128842783,existing_near_power_csv,local_obstruction_before_drift,local_residue_sieve,blocked_unfilled,darmon_granville_ceiling,blocked_unfilled,blocked_unfilled,Z,residue_only,blocked_unfilled,blocked_unfilled,under_test,Q_251,pass_predefined,25,0,6.59167373201,0.26366694928,blocked_unfilled,control_class=actual_near_miss,6.59167373201,local_obstruction_before_drift
rank82_Q251_random_root_sets,random_root_sets,82,7,7,3,124,215,278867,21686595244340363,278867,251,prime_block_le_251,25,2695432382774658040741908270274374888347028088573,111.515643094,729,6.59167373201,19,7,0,,92.3854791174,6.59167373201,1.00536265197,0.995120334146,1.02052989816,none_visible,2.96462176116,0.333333333333,2.63128842783,deterministic_seeded_random_sets_same_cardinality,local_obstruction_before_drift,local_residue_sieve,blocked_unfilled,darmon_granville_ceiling,blocked_unfilled,blocked_unfilled,Z,residue_only,blocked_unfilled,blocked_unfilled,negative_control_passed,Q_251,pass_predefined,25,0,6.59167373201,0.26366694928,blocked_unfilled,control_class=random_root_sets,6.59167373201,local_obstruction_before_drift
rank82_Q251_exact_power_anchor,exact_power_anchor,82,7,7,3,124,215,278867,21686595244340363,278867,251,prime_block_le_251,25,2695432382774658040741908270274374888347028088573,111.515643094,847288609443,27.4653072167,0,0,1,278867,71.5118456327,27.4653072167,1.00441306217,0.976656733616,1.05398989482,constructed_exact_power_root,2.96462176116,0.333333333333,2.63128842783,C_from_near_power_row_as_positive_control,positive_control_survivor,local_residue_sieve,blocked_unfilled,darmon_granville_ceiling,blocked_unfilled,blocked_unfilled,Z,survivor_kandidat_requires_overlap_check,blocked_unfilled,blocked_unfilled,positive_control_passed,Q_251,pass_predefined,25,3.58593881671e-06,27.4653072167,1.09861228867,blocked_unfilled,control_class=exact_power_anchor,27.4653072167,positive_control_survivor
rank83_Q251_actual_near_miss,actual_near_miss,83,6,6,3,97,250,62571,244973601795411,62571,251,prime_block_le_251,25,2695432382774658040741908270274374888347028088573,111.515643094,243,5.49306144334,18,7,0,,94.9785244598,5.49306144334,0.971957781886,0.917123481059,1.01035090804,none_visible,3.36578128749,0.333333333333,3.03244795416,existing_near_power_csv,local_obstruction_before_drift,local_residue_sieve,blocked_unfilled,darmon_granville_ceiling,blocked_unfilled,blocked_unfilled,Z,residue_only,blocked_unfilled,blocked_unfilled,under_test,Q_251,pass_predefined,25,0,5.49306144334,0.219722457734,blocked_unfilled,control_class=actual_near_miss,5.49306144334,local_obstruction_before_drift
rank83_Q251_random_root_sets,random_root_sets,83,6,6,3,97,250,62571,244973601795411,62571,251,prime_block_le_251,25,2695432382774658040741908270274374888347028088573,111.515643094,243,5.49306144334,18,7,0,,94.9785244598,5.49306144334,0.996996301091,0.968531747934,1.0143730056,none_visible,3.36578128749,0.333333333333,3.03244795416,deterministic_seeded_random_sets_same_cardinality,local_obstruction_before_drift,local_residue_sieve,blocked_unfilled,darmon_granville_ceiling,blocked_unfilled,blocked_unfilled,Z,residue_only,blocked_unfilled,blocked_unfilled,negative_control_passed,Q_251,pass_predefined,25,0,5.49306144334,0.219722457734,blocked_unfilled,control_class=random_root_sets,5.49306144334,local_obstruction_before_drift
rank83_Q251_exact_power_anchor,exact_power_anchor,83,6,6,3,97,250,62571,244973601795411,62571,251,prime_block_le_251,25,2695432382774658040741908270274374888347028088573,111.515643094,847288609443,27.4653072167,0,0,1,62571,73.0062786864,27.4653072167,1.01616637574,0.886621242713,1.17602936398,constructed_exact_power_root,3.36578128749,0.333333333333,3.03244795416,C_from_near_power_row_as_positive_control,positive_control_survivor,local_residue_sieve,blocked_unfilled,darmon_granville_ceiling,blocked_unfilled,blocked_unfilled,Z,survivor_kandidat_requires_overlap_check,blocked_unfilled,blocked_unfilled,positive_control_passed,Q_251,pass_predefined,25,1.59818446245e-05,27.4653072167,1.09861228867,blocked_unfilled,control_class=exact_power_anchor,27.4653072167,positive_control_survivor
rank84_Q251_actual_near_miss,actual_near_miss,84,6,7,3,223,227,314750,31181515296875000,314750,251,prime_block_le_251,25,2695432382774658040741908270274374888347028088573,111.515643094,9,2.19722457734,23,7,0,,96.6588845648,2.19722457734,1.04645274027,1.04645274027,1.04645274027,none_visible,2.9362756301,0.333333333333,2.60294229676,existing_near_power_csv,local_obstruction_before_drift,local_residue_sieve,blocked_unfilled,darmon_granville_ceiling,blocked_unfilled,blocked_unfilled,Z,residue_only,blocked_unfilled,blocked_unfilled,under_test,Q_251,pass_predefined,25,0,2.19722457734,0.0878889830934,blocked_unfilled,control_class=actual_near_miss,2.19722457734,local_obstruction_before_drift
rank84_Q251_random_root_sets,random_root_sets,84,6,7,3,223,227,314750,31181515296875000,314750,251,prime_block_le_251,25,2695432382774658040741908270274374888347028088573,111.515643094,9,2.19722457734,23,7,0,,96.6588845648,2.19722457734,1.01323201836,1.01323201836,1.01323201836,none_visible,2.9362756301,0.333333333333,2.60294229676,deterministic_seeded_random_sets_same_cardinality,local_obstruction_before_drift,local_residue_sieve,blocked_unfilled,darmon_granville_ceiling,blocked_unfilled,blocked_unfilled,Z,residue_only,blocked_unfilled,blocked_unfilled,negative_control_passed,Q_251,pass_predefined,25,0,2.19722457734,0.0878889830934,blocked_unfilled,control_class=random_root_sets,2.19722457734,local_obstruction_before_drift
rank84_Q251_exact_power_anchor,exact_power_anchor,84,6,7,3,223,227,314750,31181515296875000,314750,251,prime_block_le_251,25,2695432382774658040741908270274374888347028088573,111.515643094,847288609443,27.4653072167,0,0,1,314750,71.3908019255,27.4653072167,1.00397517136,0.948652722619,1.03042344012,constructed_exact_power_root,2.9362756301,0.333333333333,2.60294229676,C_from_near_power_row_as_positive_control,positive_control_survivor,local_residue_sieve,blocked_unfilled,darmon_granville_ceiling,blocked_unfilled,blocked_unfilled,Z,survivor_kandidat_requires_overlap_check,blocked_unfilled,blocked_unfilled,positive_control_passed,Q_251,pass_predefined,25,3.17712470214e-06,27.4653072167,1.09861228867,blocked_unfilled,control_class=exact_power_anchor,27.4653072167,positive_control_survivor
rank85_Q251_actual_near_miss,actual_near_miss,85,7,7,3,97,241,361649,47300072421042449,361649,251,prime_block_le_251,25,2695432382774658040741908270274374888347028088573,111.515643094,6561,8.78889830934,16,7,0,,89.9283153776,8.78889830934,0.996525675141,0.982755225217,1.0012796324,none_visible,2.90440958408,0.333333333333,2.57107625075,existing_near_power_csv,local_obstruction_before_drift,local_residue_sieve,blocked_unfilled,darmon_granville_ceiling,blocked_unfilled,blocked_unfilled,Z,residue_only,blocked_unfilled,blocked_unfilled,under_test,Q_251,pass_predefined,25,0,8.78889830934,0.351555932374,blocked_unfilled,control_class=actual_near_miss,8.78889830934,local_obstruction_before_drift
rank85_Q251_random_root_sets,random_root_sets,85,7,7,3,97,241,361649,47300072421042449,361649,251,prime_block_le_251,25,2695432382774658040741908270274374888347028088573,111.515643094,6561,8.78889830934,16,7,0,,89.9283153776,8.78889830934,1.00050851178,0.993922898231,1.00639263178,none_visible,2.90440958408,0.333333333333,2.57107625075,deterministic_seeded_random_sets_same_cardinality,local_obstruction_before_drift,local_residue_sieve,blocked_unfilled,darmon_granville_ceiling,blocked_unfilled,blocked_unfilled,Z,residue_only,blocked_unfilled,blocked_unfilled,negative_control_passed,Q_251,pass_predefined,25,0,8.78889830934,0.351555932374,blocked_unfilled,control_class=random_root_sets,8.78889830934,local_obstruction_before_drift
rank85_Q251_exact_power_anchor,exact_power_anchor,85,7,7,3,97,241,361649,47300072421042449,361649,251,prime_block_le_251,25,2695432382774658040741908270274374888347028088573,111.515643094,847288609443,27.4653072167,0,0,1,361649,71.2519064702,27.4653072167,1.00100693603,0.990571275217,1.02211751665,constructed_exact_power_root,2.90440958408,0.333333333333,2.57107625075,C_from_near_power_row_as_positive_control,positive_control_survivor,local_residue_sieve,blocked_unfilled,darmon_granville_ceiling,blocked_unfilled,blocked_unfilled,Z,survivor_kandidat_requires_overlap_check,blocked_unfilled,blocked_unfilled,positive_control_passed,Q_251,pass_predefined,25,2.76511202851e-06,27.4653072167,1.09861228867,blocked_unfilled,control_class=exact_power_anchor,27.4653072167,positive_control_survivor
rank86_Q251_actual_near_miss,actual_near_miss,86,7,7,3,183,202,274114,20596510676193544,274114,251,prime_block_le_251,25,2695432382774658040741908270274374888347028088573,111.515643094,2187,7.69028602068,17,13,0,,91.3040577162,7.69028602068,0.997758029303,0.972710867255,1.0165754232,none_visible,2.96869198402,0.333333333333,2.63535865069,existing_near_power_csv,local_obstruction_before_drift,local_residue_sieve,blocked_unfilled,darmon_granville_ceiling,blocked_unfilled,blocked_unfilled,Z,residue_only,blocked_unfilled,blocked_unfilled,under_test,Q_251,pass_predefined,25,0,7.69028602068,0.307611440827,blocked_unfilled,control_class=actual_near_miss,7.69028602068,local_obstruction_before_drift
rank86_Q251_random_root_sets,random_root_sets,86,7,7,3,183,202,274114,20596510676193544,274114,251,prime_block_le_251,25,2695432382774658040741908270274374888347028088573,111.515643094,2187,7.69028602068,17,13,0,,91.3040577162,7.69028602068,1.00034645532,0.975082548785,1.02387287365,none_visible,2.96869198402,0.333333333333,2.63535865069,deterministic_seeded_random_sets_same_cardinality,local_obstruction_before_drift,local_residue_sieve,blocked_unfilled,darmon_granville_ceiling,blocked_unfilled,blocked_unfilled,Z,residue_only,blocked_unfilled,blocked_unfilled,negative_control_passed,Q_251,pass_predefined,25,0,7.69028602068,0.307611440827,blocked_unfilled,control_class=random_root_sets,7.69028602068,local_obstruction_before_drift
rank86_Q251_exact_power_anchor,exact_power_anchor,86,7,7,3,183,202,274114,20596510676193544,274114,251,prime_block_le_251,25,2695432382774658040741908270274374888347028088573,111.515643094,847288609443,27.4653072167,0,0,1,274114,71.5290365201,27.4653072167,1.0049237253,0.991197498527,1.03499111886,constructed_exact_power_root,2.96869198402,0.333333333333,2.63535865069,C_from_near_power_row_as_positive_control,positive_control_survivor,local_residue_sieve,blocked_unfilled,darmon_granville_ceiling,blocked_unfilled,blocked_unfilled,Z,survivor_kandidat_requires_overlap_check,blocked_unfilled,blocked_unfilled,positive_control_passed,Q_251,pass_predefined,25,3.64811720671e-06,27.4653072167,1.09861228867,blocked_unfilled,control_class=exact_power_anchor,27.4653072167,positive_control_survivor
rank87_Q251_actual_near_miss,actual_near_miss,87,6,6,3,106,207,43105,80090858382625,43105,251,prime_block_le_251,25,2695432382774658040741908270274374888347028088573,111.515643094,177147,12.0847351753,12,7,0,,88.7595136401,12.0847351753,1.01034016849,0.973096701852,1.08165332715,none_visible,3.48331999182,0.333333333333,3.14998665848,existing_near_power_csv,local_obstruction_before_drift,local_residue_sieve,blocked_unfilled,darmon_granville_ceiling,blocked_unfilled,blocked_unfilled,Z,residue_only,blocked_unfilled,blocked_unfilled,under_test,Q_251,pass_predefined,25,0,12.0847351753,0.483389407014,blocked_unfilled,control_class=actual_near_miss,12.0847351753,local_obstruction_before_drift
rank87_Q251_random_root_sets,random_root_sets,87,6,6,3,106,207,43105,80090858382625,43105,251,prime_block_le_251,25,2695432382774658040741908270274374888347028088573,111.515643094,177147,12.0847351753,12,7,0,,88.7595136401,12.0847351753,1.00281203951,0.951668406604,1.13694209231,none_visible,3.48331999182,0.333333333333,3.14998665848,deterministic_seeded_random_sets_same_cardinality,local_obstruction_before_drift,local_residue_sieve,blocked_unfilled,darmon_granville_ceiling,blocked_unfilled,blocked_unfilled,Z,residue_only,blocked_unfilled,blocked_unfilled,negative_control_passed,Q_251,pass_predefined,25,0,12.0847351753,0.483389407014,blocked_unfilled,control_class=random_root_sets,12.0847351753,local_obstruction_before_drift
rank87_Q251_exact_power_anchor,exact_power_anchor,87,6,6,3,106,207,43105,80090858382625,43105,251,prime_block_le_251,25,2695432382774658040741908270274374888347028088573,111.515643094,282429536481,26.366694928,0,0,1,43105,74.4775538874,26.366694928,1.02047766651,0.711299282115,1.18801376484,constructed_exact_power_root,3.48331999182,0.333333333333,3.14998665848,C_from_near_power_row_as_positive_control,positive_control_survivor,local_residue_sieve,blocked_unfilled,darmon_granville_ceiling,blocked_unfilled,blocked_unfilled,Z,survivor_kandidat_requires_overlap_check,blocked_unfilled,blocked_unfilled,positive_control_passed,Q_251,pass_predefined,25,2.31991648301e-05,26.366694928,1.05466779712,blocked_unfilled,control_class=exact_power_anchor,26.366694928,positive_control_survivor
rank88_Q251_actual_near_miss,actual_near_miss,88,4,5,3,121,76,1401,2749884201,1401,251,prime_block_le_251,25,2695432382774658040741908270274374888347028088573,111.515643094,6561,8.78889830934,17,13,0,,95.4818032384,8.78889830934,1.33209838777,0,3.73169957967,none_visible,5.13073580975,0.333333333333,4.79740247642,existing_near_power_csv,local_obstruction_before_drift,local_residue_sieve,blocked_unfilled,darmon_granville_ceiling,blocked_unfilled,blocked_unfilled,Z,residue_only,blocked_unfilled,blocked_unfilled,under_test,Q_251,pass_predefined,25,0,8.78889830934,0.351555932374,blocked_unfilled,control_class=actual_near_miss,8.78889830934,local_obstruction_before_drift
rank88_Q251_random_root_sets,random_root_sets,88,4,5,3,121,76,1401,2749884201,1401,251,prime_block_le_251,25,2695432382774658040741908270274374888347028088573,111.515643094,6561,8.78889830934,17,13,0,,95.4818032384,8.78889830934,0.81077008486,0,2.31128558966,none_visible,5.13073580975,0.333333333333,4.79740247642,deterministic_seeded_random_sets_same_cardinality,local_obstruction_before_drift,local_residue_sieve,blocked_unfilled,darmon_granville_ceiling,blocked_unfilled,blocked_unfilled,Z,residue_only,blocked_unfilled,blocked_unfilled,negative_control_passed,Q_251,pass_predefined,25,0,8.78889830934,0.351555932374,blocked_unfilled,control_class=random_root_sets,8.78889830934,local_obstruction_before_drift
rank88_Q251_exact_power_anchor,exact_power_anchor,88,4,5,3,121,76,1401,2749884201,1401,251,prime_block_le_251,25,2695432382774658040741908270274374888347028088573,111.515643094,847288609443,27.4653072167,0,0,1,1401,76.805394331,27.4653072167,2.48580709546,0.648267110794,4.99381394242,constructed_exact_power_root,5.13073580975,0.333333333333,4.79740247642,C_from_near_power_row_as_positive_control,positive_control_survivor,local_residue_sieve,blocked_unfilled,darmon_granville_ceiling,blocked_unfilled,blocked_unfilled,Z,survivor_kandidat_requires_overlap_check,blocked_unfilled,blocked_unfilled,positive_control_passed,Q_251,pass_predefined,25,0.000713775874375,27.4653072167,1.09861228867,blocked_unfilled,control_class=exact_power_anchor,27.4653072167,positive_control_survivor
rank89_Q251_actual_near_miss,actual_near_miss,89,7,7,4,121,246,15307,54898481099454001,15307,251,prime_block_le_251,53,32133165458954322436165317614053356655440093295804604057122379340449075183940351576262600371617210115,231.425812895,134217728,18.7149738751,30,5,0,,203.074773501,18.7149738751,0.976411935716,0,1.65352453126,none_visible,6.00415730976,0.25,5.75415730976,existing_near_power_csv,local_obstruction_before_drift,local_residue_sieve,blocked_unfilled,darmon_granville_ceiling,blocked_unfilled,blocked_unfilled,Z,residue_only,blocked_unfilled,blocked_unfilled,under_test,Q_251,pass_predefined,53,0,18.7149738751,0.353112714625,blocked_unfilled,control_class=actual_near_miss,18.7149738751,local_obstruction_before_drift
rank89_Q251_random_root_sets,random_root_sets,89,7,7,4,121,246,15307,54898481099454001,15307,251,prime_block_le_251,53,32133165458954322436165317614053356655440093295804604057122379340449075183940351576262600371617210115,231.425812895,134217728,18.7149738751,30,5,0,,203.074773501,18.7149738751,1.00036785012,0,1.74532893447,none_visible,6.00415730976,0.25,5.75415730976,deterministic_seeded_random_sets_same_cardinality,local_obstruction_before_drift,local_residue_sieve,blocked_unfilled,darmon_granville_ceiling,blocked_unfilled,blocked_unfilled,Z,residue_only,blocked_unfilled,blocked_unfilled,negative_control_passed,Q_251,pass_predefined,53,0,18.7149738751,0.353112714625,blocked_unfilled,control_class=random_root_sets,18.7149738751,local_obstruction_before_drift
rank89_Q251_exact_power_anchor,exact_power_anchor,89,7,7,4,121,246,15307,54898481099454001,15307,251,prime_block_le_251,53,32133165458954322436165317614053356655440093295804604057122379340449075183940351576262600371617210115,231.425812895,151115727451828646838272,53.3723329031,0,0,1,15307,168.417414473,53.3723329031,1.01275849421,0.988983798262,1.07091526752,constructed_exact_power_root,6.00415730976,0.25,5.75415730976,C_from_near_power_row_as_positive_control,positive_control_survivor,local_residue_sieve,blocked_unfilled,darmon_granville_ceiling,blocked_unfilled,blocked_unfilled,Z,survivor_kandidat_requires_overlap_check,blocked_unfilled,blocked_unfilled,positive_control_passed,Q_251,pass_predefined,53,6.53295877703e-05,53.3723329031,1.00702514912,blocked_unfilled,control_class=exact_power_anchor,53.3723329031,positive_control_survivor
rank90_Q251_actual_near_miss,actual_near_miss,90,7,7,3,158,193,231663,12432830941751247,231663,251,prime_block_le_251,25,2695432382774658040741908270274374888347028088573,111.515643094,177147,12.0847351753,13,31,0,,87.0778689103,12.0847351753,1.00219890116,0.988882318041,1.02708532077,none_visible,3.00912844249,0.333333333333,2.67579510915,existing_near_power_csv,local_obstruction_before_drift,local_residue_sieve,blocked_unfilled,darmon_granville_ceiling,blocked_unfilled,blocked_unfilled,Z,residue_only,blocked_unfilled,blocked_unfilled,under_test,Q_251,pass_predefined,25,0,12.0847351753,0.483389407014,blocked_unfilled,control_class=actual_near_miss,12.0847351753,local_obstruction_before_drift
rank90_Q251_random_root_sets,random_root_sets,90,7,7,3,158,193,231663,12432830941751247,231663,251,prime_block_le_251,25,2695432382774658040741908270274374888347028088573,111.515643094,177147,12.0847351753,13,31,0,,87.0778689103,12.0847351753,0.996915756722,0.976373726778,1.00528209799,none_visible,3.00912844249,0.333333333333,2.67579510915,deterministic_seeded_random_sets_same_cardinality,local_obstruction_before_drift,local_residue_sieve,blocked_unfilled,darmon_granville_ceiling,blocked_unfilled,blocked_unfilled,Z,residue_only,blocked_unfilled,blocked_unfilled,negative_control_passed,Q_251,pass_predefined,25,0,12.0847351753,0.483389407014,blocked_unfilled,control_class=random_root_sets,12.0847351753,local_obstruction_before_drift
rank90_Q251_exact_power_anchor,exact_power_anchor,90,7,7,3,158,193,231663,12432830941751247,231663,251,prime_block_le_251,25,2695432382774658040741908270274374888347028088573,111.515643094,282429536481,26.366694928,0,0,1,231663,72.7959091576,26.366694928,1.00620489437,0.989228606496,1.05879853254,constructed_exact_power_root,3.00912844249,0.333333333333,2.67579510915,C_from_near_power_row_as_positive_control,positive_control_survivor,local_residue_sieve,blocked_unfilled,darmon_granville_ceiling,blocked_unfilled,blocked_unfilled,Z,survivor_kandidat_requires_overlap_check,blocked_unfilled,blocked_unfilled,positive_control_passed,Q_251,pass_predefined,25,4.31661508312e-06,26.366694928,1.05466779712,blocked_unfilled,control_class=exact_power_anchor,26.366694928,positive_control_survivor
rank91_Q251_actual_near_miss,actual_near_miss,91,6,7,3,214,151,123551,1885987433053151,123551,251,prime_block_le_251,25,2695432382774658040741908270274374888347028088573,111.515643094,81,4.39444915467,19,7,0,,95.3967846341,4.39444915467,0.994485228322,0.962117308282,1.0081396886,none_visible,3.17046940818,0.333333333333,2.83713607485,existing_near_power_csv,local_obstruction_before_drift,local_residue_sieve,blocked_unfilled,darmon_granville_ceiling,blocked_unfilled,blocked_unfilled,Z,residue_only,blocked_unfilled,blocked_unfilled,under_test,Q_251,pass_predefined,25,0,4.39444915467,0.175777966187,blocked_unfilled,control_class=actual_near_miss,4.39444915467,local_obstruction_before_drift
rank91_Q251_random_root_sets,random_root_sets,91,6,7,3,214,151,123551,1885987433053151,123551,251,prime_block_le_251,25,2695432382774658040741908270274374888347028088573,111.515643094,81,4.39444915467,19,7,0,,95.3967846341,4.39444915467,0.998709304929,0.94555015068,1.02995074459,none_visible,3.17046940818,0.333333333333,2.83713607485,deterministic_seeded_random_sets_same_cardinality,local_obstruction_before_drift,local_residue_sieve,blocked_unfilled,darmon_granville_ceiling,blocked_unfilled,blocked_unfilled,Z,residue_only,blocked_unfilled,blocked_unfilled,negative_control_passed,Q_251,pass_predefined,25,0,4.39444915467,0.175777966187,blocked_unfilled,control_class=random_root_sets,4.39444915467,local_obstruction_before_drift
rank91_Q251_exact_power_anchor,exact_power_anchor,91,6,7,3,214,151,123551,1885987433053151,123551,251,prime_block_le_251,25,2695432382774658040741908270274374888347028088573,111.515643094,847288609443,27.4653072167,0,0,1,123551,72.3259265721,27.4653072167,1.00855880627,0.979369742949,1.04227673862,constructed_exact_power_root,3.17046940818,0.333333333333,2.83713607485,C_from_near_power_row_as_positive_control,positive_control_survivor,local_residue_sieve,blocked_unfilled,darmon_granville_ceiling,blocked_unfilled,blocked_unfilled,Z,survivor_kandidat_requires_overlap_check,blocked_unfilled,blocked_unfilled,positive_control_passed,Q_251,pass_predefined,25,8.09382360321e-06,27.4653072167,1.09861228867,blocked_unfilled,control_class=exact_power_anchor,27.4653072167,positive_control_survivor
rank92_Q251_actual_near_miss,actual_near_miss,92,6,5,3,63,230,8905,706157817625,8905,251,prime_block_le_251,25,2695432382774658040741908270274374888347028088573,111.515643094,2187,7.69028602068,18,13,0,,94.7309888777,7.69028602068,0.748206375944,0,2.06584315927,none_visible,4.08735166989,0.333333333333,3.75401833655,existing_near_power_csv,local_obstruction_before_drift,local_residue_sieve,blocked_unfilled,darmon_granville_ceiling,blocked_unfilled,blocked_unfilled,Z,residue_only,blocked_unfilled,blocked_unfilled,under_test,Q_251,pass_predefined,25,0,7.69028602068,0.307611440827,blocked_unfilled,control_class=actual_near_miss,7.69028602068,local_obstruction_before_drift
rank92_Q251_random_root_sets,random_root_sets,92,6,5,3,63,230,8905,706157817625,8905,251,prime_block_le_251,25,2695432382774658040741908270274374888347028088573,111.515643094,2187,7.69028602068,18,13,0,,94.7309888777,7.69028602068,1.01143968224,0.553708902614,1.49973173623,none_visible,4.08735166989,0.333333333333,3.75401833655,deterministic_seeded_random_sets_same_cardinality,local_obstruction_before_drift,local_residue_sieve,blocked_unfilled,darmon_granville_ceiling,blocked_unfilled,blocked_unfilled,Z,residue_only,blocked_unfilled,blocked_unfilled,negative_control_passed,Q_251,pass_predefined,25,0,7.69028602068,0.307611440827,blocked_unfilled,control_class=random_root_sets,7.69028602068,local_obstruction_before_drift
rank92_Q251_exact_power_anchor,exact_power_anchor,92,6,5,3,63,230,8905,706157817625,8905,251,prime_block_le_251,25,2695432382774658040741908270274374888347028088573,111.515643094,282429536481,26.366694928,0,0,1,8905,76.0545799703,26.366694928,1.22420404683,0.59160272007,2.7544575457,constructed_exact_power_root,4.08735166989,0.333333333333,3.75401833655,C_from_near_power_row_as_positive_control,positive_control_survivor,local_residue_sieve,blocked_unfilled,darmon_granville_ceiling,blocked_unfilled,blocked_unfilled,Z,survivor_kandidat_requires_overlap_check,blocked_unfilled,blocked_unfilled,positive_control_passed,Q_251,pass_predefined,25,0.000112296462661,26.366694928,1.05466779712,blocked_unfilled,control_class=exact_power_anchor,26.366694928,positive_control_survivor
rank93_Q251_actual_near_miss,actual_near_miss,93,7,7,3,67,129,84368,600528000684032,84368,251,prime_block_le_251,25,2695432382774658040741908270274374888347028088573,111.515643094,6561,8.78889830934,16,13,0,,91.383801323,8.78889830934,0.993703510546,0.976444465516,1.01756063384,none_visible,3.27709303645,0.333333333333,2.94375970311,existing_near_power_csv,local_obstruction_before_drift,local_residue_sieve,blocked_unfilled,darmon_granville_ceiling,blocked_unfilled,blocked_unfilled,Z,residue_only,blocked_unfilled,blocked_unfilled,under_test,Q_251,pass_predefined,25,0,8.78889830934,0.351555932374,blocked_unfilled,control_class=actual_near_miss,8.78889830934,local_obstruction_before_drift
rank93_Q251_random_root_sets,random_root_sets,93,7,7,3,67,129,84368,600528000684032,84368,251,prime_block_le_251,25,2695432382774658040741908270274374888347028088573,111.515643094,6561,8.78889830934,16,13,0,,91.383801323,8.78889830934,1.00533673905,0.976444465516,1.09024353625,none_visible,3.27709303645,0.333333333333,2.94375970311,deterministic_seeded_random_sets_same_cardinality,local_obstruction_before_drift,local_residue_sieve,blocked_unfilled,darmon_granville_ceiling,blocked_unfilled,blocked_unfilled,Z,residue_only,blocked_unfilled,blocked_unfilled,negative_control_passed,Q_251,pass_predefined,25,0,8.78889830934,0.351555932374,blocked_unfilled,control_class=random_root_sets,8.78889830934,local_obstruction_before_drift
rank93_Q251_exact_power_anchor,exact_power_anchor,93,7,7,3,67,129,84368,600528000684032,84368,251,prime_block_le_251,25,2695432382774658040741908270274374888347028088573,111.515643094,847288609443,27.4653072167,0,0,1,84368,72.7073924156,27.4653072167,1.02415563914,0.995763269907,1.11542290916,constructed_exact_power_root,3.27709303645,0.333333333333,2.94375970311,C_from_near_power_row_as_positive_control,positive_control_survivor,local_residue_sieve,blocked_unfilled,darmon_granville_ceiling,blocked_unfilled,blocked_unfilled,Z,survivor_kandidat_requires_overlap_check,blocked_unfilled,blocked_unfilled,positive_control_passed,Q_251,pass_predefined,25,1.18528351982e-05,27.4653072167,1.09861228867,blocked_unfilled,control_class=exact_power_anchor,27.4653072167,positive_control_survivor
rank94_Q251_actual_near_miss,actual_near_miss,94,6,7,3,228,239,354855,44684076513576375,354855,251,prime_block_le_251,25,2695432382774658040741908270274374888347028088573,111.515643094,6561,8.78889830934,16,7,0,,89.9472802504,8.78889830934,0.995760827192,0.967751147182,1.00760592355,none_visible,2.90871976142,0.333333333333,2.57538642809,existing_near_power_csv,local_obstruction_before_drift,local_residue_sieve,blocked_unfilled,darmon_granville_ceiling,blocked_unfilled,blocked_unfilled,Z,residue_only,blocked_unfilled,blocked_unfilled,under_test,Q_251,pass_predefined,25,0,8.78889830934,0.351555932374,blocked_unfilled,control_class=actual_near_miss,8.78889830934,local_obstruction_before_drift
rank94_Q251_random_root_sets,random_root_sets,94,6,7,3,228,239,354855,44684076513576375,354855,251,prime_block_le_251,25,2695432382774658040741908270274374888347028088573,111.515643094,6561,8.78889830934,16,7,0,,89.9472802504,8.78889830934,0.995007780956,0.967751147182,1.00839748317,none_visible,2.90871976142,0.333333333333,2.57538642809,deterministic_seeded_random_sets_same_cardinality,local_obstruction_before_drift,local_residue_sieve,blocked_unfilled,darmon_granville_ceiling,blocked_unfilled,blocked_unfilled,Z,residue_only,blocked_unfilled,blocked_unfilled,negative_control_passed,Q_251,pass_predefined,25,0,8.78889830934,0.351555932374,blocked_unfilled,control_class=random_root_sets,8.78889830934,local_obstruction_before_drift
rank94_Q251_exact_power_anchor,exact_power_anchor,94,6,7,3,228,239,354855,44684076513576375,354855,251,prime_block_le_251,25,2695432382774658040741908270274374888347028088573,111.515643094,847288609443,27.4653072167,0,0,1,354855,71.2708713431,27.4653072167,1.00365550979,0.987117116694,1.0368366422,constructed_exact_power_root,2.90871976142,0.333333333333,2.57538642809,C_from_near_power_row_as_positive_control,positive_control_survivor,local_residue_sieve,blocked_unfilled,darmon_granville_ceiling,blocked_unfilled,blocked_unfilled,Z,survivor_kandidat_requires_overlap_check,blocked_unfilled,blocked_unfilled,positive_control_passed,Q_251,pass_predefined,25,2.81805244396e-06,27.4653072167,1.09861228867,blocked_unfilled,control_class=exact_power_anchor,27.4653072167,positive_control_survivor
rank95_Q251_actual_near_miss,actual_near_miss,95,7,7,3,92,177,176501,5498465582279501,176501,251,prime_block_le_251,25,2695432382774658040741908270274374888347028088573,111.515643094,6561,8.78889830934,16,7,0,,90.6456629637,8.78889830934,1.00322369908,0.955139693889,1.03009048107,none_visible,3.07686692152,0.333333333333,2.74353358818,existing_near_power_csv,local_obstruction_before_drift,local_residue_sieve,blocked_unfilled,darmon_granville_ceiling,blocked_unfilled,blocked_unfilled,Z,residue_only,blocked_unfilled,blocked_unfilled,under_test,Q_251,pass_predefined,25,0,8.78889830934,0.351555932374,blocked_unfilled,control_class=actual_near_miss,8.78889830934,local_obstruction_before_drift
rank95_Q251_random_root_sets,random_root_sets,95,7,7,3,92,177,176501,5498465582279501,176501,251,prime_block_le_251,25,2695432382774658040741908270274374888347028088573,111.515643094,6561,8.78889830934,16,7,0,,90.6456629637,8.78889830934,1.00698571742,0.984987809323,1.07671155782,none_visible,3.07686692152,0.333333333333,2.74353358818,deterministic_seeded_random_sets_same_cardinality,local_obstruction_before_drift,local_residue_sieve,blocked_unfilled,darmon_granville_ceiling,blocked_unfilled,blocked_unfilled,Z,residue_only,blocked_unfilled,blocked_unfilled,negative_control_passed,Q_251,pass_predefined,25,0,8.78889830934,0.351555932374,blocked_unfilled,control_class=random_root_sets,8.78889830934,local_obstruction_before_drift
rank95_Q251_exact_power_anchor,exact_power_anchor,95,7,7,3,92,177,176501,5498465582279501,176501,251,prime_block_le_251,25,2695432382774658040741908270274374888347028088573,111.515643094,282429536481,26.366694928,0,0,1,176501,73.067866345,26.366694928,1.01319363525,0.978019639801,1.09302370965,constructed_exact_power_root,3.07686692152,0.333333333333,2.74353358818,C_from_near_power_row_as_positive_control,positive_control_survivor,local_residue_sieve,blocked_unfilled,darmon_granville_ceiling,blocked_unfilled,blocked_unfilled,Z,survivor_kandidat_requires_overlap_check,blocked_unfilled,blocked_unfilled,positive_control_passed,Q_251,pass_predefined,25,5.66569027938e-06,26.366694928,1.05466779712,blocked_unfilled,control_class=exact_power_anchor,26.366694928,positive_control_survivor
rank96_Q251_actual_near_miss,actual_near_miss,96,5,5,3,145,239,9450,843908625000,9450,251,prime_block_le_251,25,2695432382774658040741908270274374888347028088573,111.515643094,243,5.49306144334,20,7,0,,96.8688116303,5.49306144334,1.24572898295,0.976578483245,1.46038800705,none_visible,4.06082750038,0.333333333333,3.72749416705,existing_near_power_csv,local_obstruction_before_drift,local_residue_sieve,blocked_unfilled,darmon_granville_ceiling,blocked_unfilled,blocked_unfilled,Z,residue_only,blocked_unfilled,blocked_unfilled,under_test,Q_251,pass_predefined,25,0,5.49306144334,0.219722457734,blocked_unfilled,control_class=actual_near_miss,5.49306144334,local_obstruction_before_drift
rank96_Q251_random_root_sets,random_root_sets,96,5,5,3,145,239,9450,843908625000,9450,251,prime_block_le_251,25,2695432382774658040741908270274374888347028088573,111.515643094,243,5.49306144334,20,7,0,,96.8688116303,5.49306144334,1.17587595532,0,3.15949441505,none_visible,4.06082750038,0.333333333333,3.72749416705,deterministic_seeded_random_sets_same_cardinality,local_obstruction_before_drift,local_residue_sieve,blocked_unfilled,darmon_granville_ceiling,blocked_unfilled,blocked_unfilled,Z,residue_only,blocked_unfilled,blocked_unfilled,negative_control_passed,Q_251,pass_predefined,25,0,5.49306144334,0.219722457734,blocked_unfilled,control_class=random_root_sets,5.49306144334,local_obstruction_before_drift
rank96_Q251_exact_power_anchor,exact_power_anchor,96,5,5,3,145,239,9450,843908625000,9450,251,prime_block_le_251,25,2695432382774658040741908270274374888347028088573,111.515643094,282429536481,26.366694928,0,0,1,9450,75.9951781456,26.366694928,1.20682833627,0.600435038213,2.46440917108,constructed_exact_power_root,4.06082750038,0.333333333333,3.72749416705,C_from_near_power_row_as_positive_control,positive_control_survivor,local_residue_sieve,blocked_unfilled,darmon_granville_ceiling,blocked_unfilled,blocked_unfilled,Z,survivor_kandidat_requires_overlap_check,blocked_unfilled,blocked_unfilled,positive_control_passed,Q_251,pass_predefined,25,0.00010582010582,26.366694928,1.05466779712,blocked_unfilled,control_class=exact_power_anchor,26.366694928,positive_control_survivor
rank97_Q251_actual_near_miss,actual_near_miss,97,6,7,3,207,100,56323,178672344970267,56323,251,prime_block_le_251,25,2695432382774658040741908270274374888347028088573,111.515643094,6561,8.78889830934,17,7,0,,91.7878865283,8.78889830934,0.957311696228,0.764146085968,1.0643254088,none_visible,3.39814998603,0.333333333333,3.0648166527,existing_near_power_csv,local_obstruction_before_drift,local_residue_sieve,blocked_unfilled,darmon_granville_ceiling,blocked_unfilled,blocked_unfilled,Z,residue_only,blocked_unfilled,blocked_unfilled,under_test,Q_251,pass_predefined,25,0,8.78889830934,0.351555932374,blocked_unfilled,control_class=actual_near_miss,8.78889830934,local_obstruction_before_drift
rank97_Q251_random_root_sets,random_root_sets,97,6,7,3,207,100,56323,178672344970267,56323,251,prime_block_le_251,25,2695432382774658040741908270274374888347028088573,111.515643094,6561,8.78889830934,17,7,0,,91.7878865283,8.78889830934,1.05445574829,0.980609855457,1.27357680995,none_visible,3.39814998603,0.333333333333,3.0648166527,deterministic_seeded_random_sets_same_cardinality,local_obstruction_before_drift,local_residue_sieve,blocked_unfilled,darmon_granville_ceiling,blocked_unfilled,blocked_unfilled,Z,residue_only,blocked_unfilled,blocked_unfilled,negative_control_passed,Q_251,pass_predefined,25,0,8.78889830934,0.351555932374,blocked_unfilled,control_class=random_root_sets,8.78889830934,local_obstruction_before_drift
rank97_Q251_exact_power_anchor,exact_power_anchor,97,6,7,3,207,100,56323,178672344970267,56323,251,prime_block_le_251,25,2695432382774658040741908270274374888347028088573,111.515643094,282429536481,26.366694928,0,0,1,56323,74.2100899096,26.366694928,1.03352480501,0.989433959286,1.15967228703,constructed_exact_power_root,3.39814998603,0.333333333333,3.0648166527,C_from_near_power_row_as_positive_control,positive_control_survivor,local_residue_sieve,blocked_unfilled,darmon_granville_ceiling,blocked_unfilled,blocked_unfilled,Z,survivor_kandidat_requires_overlap_check,blocked_unfilled,blocked_unfilled,positive_control_passed,Q_251,pass_predefined,25,1.77547360758e-05,26.366694928,1.05466779712,blocked_unfilled,control_class=exact_power_anchor,26.366694928,positive_control_survivor
rank98_Q251_actual_near_miss,actual_near_miss,98,6,6,3,95,239,57196,187109988665536,57196,251,prime_block_le_251,25,2695432382774658040741908270274374888347028088573,111.515643094,729,6.59167373201,17,7,0,,93.9697301172,6.59167373201,0.989944351753,0.952191683956,1.00709062794,none_visible,3.39337859987,0.333333333333,3.06004526654,existing_near_power_csv,local_obstruction_before_drift,local_residue_sieve,blocked_unfilled,darmon_granville_ceiling,blocked_unfilled,blocked_unfilled,Z,residue_only,blocked_unfilled,blocked_unfilled,under_test,Q_251,pass_predefined,25,0,6.59167373201,0.26366694928,blocked_unfilled,control_class=actual_near_miss,6.59167373201,local_obstruction_before_drift
rank98_Q251_random_root_sets,random_root_sets,98,6,6,3,95,239,57196,187109988665536,57196,251,prime_block_le_251,25,2695432382774658040741908270274374888347028088573,111.515643094,729,6.59167373201,17,7,0,,93.9697301172,6.59167373201,1.00576547144,0.892842156794,1.08821906738,none_visible,3.39337859987,0.333333333333,3.06004526654,deterministic_seeded_random_sets_same_cardinality,local_obstruction_before_drift,local_residue_sieve,blocked_unfilled,darmon_granville_ceiling,blocked_unfilled,blocked_unfilled,Z,residue_only,blocked_unfilled,blocked_unfilled,negative_control_passed,Q_251,pass_predefined,25,0,6.59167373201,0.26366694928,blocked_unfilled,control_class=random_root_sets,6.59167373201,local_obstruction_before_drift
rank98_Q251_exact_power_anchor,exact_power_anchor,98,6,6,3,95,239,57196,187109988665536,57196,251,prime_block_le_251,25,2695432382774658040741908270274374888347028088573,111.515643094,94143178827,25.2680826394,0,0,1,57196,75.2933212099,25.2680826394,1.03396896442,0.969941565455,1.18829016792,constructed_exact_power_root,3.39337859987,0.333333333333,3.06004526654,C_from_near_power_row_as_positive_control,positive_control_survivor,local_residue_sieve,blocked_unfilled,darmon_granville_ceiling,blocked_unfilled,blocked_unfilled,Z,survivor_kandidat_requires_overlap_check,blocked_unfilled,blocked_unfilled,positive_control_passed,Q_251,pass_predefined,25,1.74837401217e-05,25.2680826394,1.01072330557,blocked_unfilled,control_class=exact_power_anchor,25.2680826394,positive_control_survivor
rank99_Q251_actual_near_miss,actual_near_miss,99,7,7,3,209,214,336118,37973035221035032,336118,251,prime_block_le_251,25,2695432382774658040741908270274374888347028088573,111.515643094,81,4.39444915467,21,7,0,,94.3959763716,4.39444915467,0.999335330427,0.996644035726,1.00188227547,none_visible,2.9211194884,0.333333333333,2.58778615507,existing_near_power_csv,local_obstruction_before_drift,local_residue_sieve,blocked_unfilled,darmon_granville_ceiling,blocked_unfilled,blocked_unfilled,Z,residue_only,blocked_unfilled,blocked_unfilled,under_test,Q_251,pass_predefined,25,0,4.39444915467,0.175777966187,blocked_unfilled,control_class=actual_near_miss,4.39444915467,local_obstruction_before_drift
rank99_Q251_random_root_sets,random_root_sets,99,7,7,3,209,214,336118,37973035221035032,336118,251,prime_block_le_251,25,2695432382774658040741908270274374888347028088573,111.515643094,81,4.39444915467,21,7,0,,94.3959763716,4.39444915467,0.999561661877,0.996644035726,1.00188227547,none_visible,2.9211194884,0.333333333333,2.58778615507,deterministic_seeded_random_sets_same_cardinality,local_obstruction_before_drift,local_residue_sieve,blocked_unfilled,darmon_granville_ceiling,blocked_unfilled,blocked_unfilled,Z,residue_only,blocked_unfilled,blocked_unfilled,negative_control_passed,Q_251,pass_predefined,25,0,4.39444915467,0.175777966187,blocked_unfilled,control_class=random_root_sets,4.39444915467,local_obstruction_before_drift
rank99_Q251_exact_power_anchor,exact_power_anchor,99,7,7,3,209,214,336118,37973035221035032,336118,251,prime_block_le_251,25,2695432382774658040741908270274374888347028088573,111.515643094,847288609443,27.4653072167,0,0,1,336118,71.3251183096,27.4653072167,1.00412601736,0.990308958957,1.02658986824,constructed_exact_power_root,2.9211194884,0.333333333333,2.58778615507,C_from_near_power_row_as_positive_control,positive_control_survivor,local_residue_sieve,blocked_unfilled,darmon_granville_ceiling,blocked_unfilled,blocked_unfilled,Z,survivor_kandidat_requires_overlap_check,blocked_unfilled,blocked_unfilled,positive_control_passed,Q_251,pass_predefined,25,2.97514563338e-06,27.4653072167,1.09861228867,blocked_unfilled,control_class=exact_power_anchor,27.4653072167,positive_control_survivor
rank100_Q251_actual_near_miss,actual_near_miss,100,5,7,3,197,114,63040,250523582464000,63040,251,prime_block_le_251,25,2695432382774658040741908270274374888347028088573,111.515643094,19683,9.88751059801,16,7,0,,90.5766077715,9.88751059801,0.945752696701,0.746399111675,1.04000987028,none_visible,3.3635070235,0.333333333333,3.03017369017,existing_near_power_csv,local_obstruction_before_drift,local_residue_sieve,blocked_unfilled,darmon_granville_ceiling,blocked_unfilled,blocked_unfilled,Z,residue_only,blocked_unfilled,blocked_unfilled,under_test,Q_251,pass_predefined,25,0,9.88751059801,0.395500423921,blocked_unfilled,control_class=actual_near_miss,9.88751059801,local_obstruction_before_drift
rank100_Q251_random_root_sets,random_root_sets,100,5,7,3,197,114,63040,250523582464000,63040,251,prime_block_le_251,25,2695432382774658040741908270274374888347028088573,111.515643094,19683,9.88751059801,16,7,0,,90.5766077715,9.88751059801,0.966102871193,0.824250916526,1.00970283418,none_visible,3.3635070235,0.333333333333,3.03017369017,deterministic_seeded_random_sets_same_cardinality,local_obstruction_before_drift,local_residue_sieve,blocked_unfilled,darmon_granville_ceiling,blocked_unfilled,blocked_unfilled,Z,residue_only,blocked_unfilled,blocked_unfilled,negative_control_passed,Q_251,pass_predefined,25,0,9.88751059801,0.395500423921,blocked_unfilled,control_class=random_root_sets,9.88751059801,local_obstruction_before_drift
rank100_Q251_exact_power_anchor,exact_power_anchor,100,5,7,3,197,114,63040,250523582464000,63040,251,prime_block_le_251,25,2695432382774658040741908270274374888347028088573,111.515643094,847288609443,27.4653072167,0,0,1,63040,72.9988111528,27.4653072167,1.0222392602,0.90008107727,1.25813064016,constructed_exact_power_root,3.3635070235,0.333333333333,3.03017369017,C_from_near_power_row_as_positive_control,positive_control_survivor,local_residue_sieve,blocked_unfilled,darmon_granville_ceiling,blocked_unfilled,blocked_unfilled,Z,survivor_kandidat_requires_overlap_check,blocked_unfilled,blocked_unfilled,positive_control_passed,Q_251,pass_predefined,25,1.58629441624e-05,27.4653072167,1.09861228867,blocked_unfilled,control_class=exact_power_anchor,27.4653072167,positive_control_survivor
rank101_Q251_actual_near_miss,actual_near_miss,101,6,7,3,216,205,248345,15316737235663625,248345,251,prime_block_le_251,25,2695432382774658040741908270274374888347028088573,111.515643094,59049,10.9861228867,15,7,0,,88.1069460199,10.9861228867,1.00152908551,0.991080955928,1.01638670219,none_visible,2.99228488962,0.333333333333,2.65895155629,existing_near_power_csv,local_obstruction_before_drift,local_residue_sieve,blocked_unfilled,darmon_granville_ceiling,blocked_unfilled,blocked_unfilled,Z,residue_only,blocked_unfilled,blocked_unfilled,under_test,Q_251,pass_predefined,25,0,10.9861228867,0.439444915467,blocked_unfilled,control_class=actual_near_miss,10.9861228867,local_obstruction_before_drift
rank101_Q251_random_root_sets,random_root_sets,101,6,7,3,216,205,248345,15316737235663625,248345,251,prime_block_le_251,25,2695432382774658040741908270274374888347028088573,111.515643094,59049,10.9861228867,15,7,0,,88.1069460199,10.9861228867,1.00266256445,0.992087620045,1.02411698779,none_visible,2.99228488962,0.333333333333,2.65895155629,deterministic_seeded_random_sets_same_cardinality,local_obstruction_before_drift,local_residue_sieve,blocked_unfilled,darmon_granville_ceiling,blocked_unfilled,blocked_unfilled,Z,residue_only,blocked_unfilled,blocked_unfilled,negative_control_passed,Q_251,pass_predefined,25,0,10.9861228867,0.439444915467,blocked_unfilled,control_class=random_root_sets,10.9861228867,local_obstruction_before_drift
rank101_Q251_exact_power_anchor,exact_power_anchor,101,6,7,3,216,205,248345,15316737235663625,248345,251,prime_block_le_251,25,2695432382774658040741908270274374888347028088573,111.515643094,847288609443,27.4653072167,0,0,1,248345,71.6277616899,27.4653072167,1.00500785571,0.945094302057,1.0864438136,constructed_exact_power_root,2.99228488962,0.333333333333,2.65895155629,C_from_near_power_row_as_positive_control,positive_control_survivor,local_residue_sieve,blocked_unfilled,darmon_granville_ceiling,blocked_unfilled,blocked_unfilled,Z,survivor_kandidat_requires_overlap_check,blocked_unfilled,blocked_unfilled,positive_control_passed,Q_251,pass_predefined,25,4.0266564658e-06,27.4653072167,1.09861228867,blocked_unfilled,control_class=exact_power_anchor,27.4653072167,positive_control_survivor
rank102_Q251_actual_near_miss,actual_near_miss,102,7,7,3,138,197,231882,12468123993460968,231882,251,prime_block_le_251,25,2695432382774658040741908270274374888347028088573,111.515643094,19683,9.88751059801,15,13,0,,89.2741485955,9.88751059801,0.992424361007,0.943156433013,1.01458931698,none_visible,3.00889828986,0.333333333333,2.67556495653,existing_near_power_csv,local_obstruction_before_drift,local_residue_sieve,blocked_unfilled,darmon_granville_ceiling,blocked_unfilled,blocked_unfilled,Z,residue_only,blocked_unfilled,blocked_unfilled,under_test,Q_251,pass_predefined,25,0,9.88751059801,0.395500423921,blocked_unfilled,control_class=actual_near_miss,9.88751059801,local_obstruction_before_drift
rank102_Q251_random_root_sets,random_root_sets,102,7,7,3,138,197,231882,12468123993460968,231882,251,prime_block_le_251,25,2695432382774658040741908270274374888347028088573,111.515643094,19683,9.88751059801,15,13,0,,89.2741485955,9.88751059801,0.995730853315,0.98408146289,1.01458931698,none_visible,3.00889828986,0.333333333333,2.67556495653,deterministic_seeded_random_sets_same_cardinality,local_obstruction_before_drift,local_residue_sieve,blocked_unfilled,darmon_granville_ceiling,blocked_unfilled,blocked_unfilled,Z,residue_only,blocked_unfilled,blocked_unfilled,negative_control_passed,Q_251,pass_predefined,25,0,9.88751059801,0.395500423921,blocked_unfilled,control_class=random_root_sets,9.88751059801,local_obstruction_before_drift
rank102_Q251_exact_power_anchor,exact_power_anchor,102,7,7,3,138,197,231882,12468123993460968,231882,251,prime_block_le_251,25,2695432382774658040741908270274374888347028088573,111.515643094,282429536481,26.366694928,0,0,1,231882,72.7949642655,26.366694928,1.003803519,0.988341292362,1.05220231746,constructed_exact_power_root,3.00889828986,0.333333333333,2.67556495653,C_from_near_power_row_as_positive_control,positive_control_survivor,local_residue_sieve,blocked_unfilled,darmon_granville_ceiling,blocked_unfilled,blocked_unfilled,Z,survivor_kandidat_requires_overlap_check,blocked_unfilled,blocked_unfilled,positive_control_passed,Q_251,pass_predefined,25,4.31253827378e-06,26.366694928,1.05466779712,blocked_unfilled,control_class=exact_power_anchor,26.366694928,positive_control_survivor
rank103_Q251_actual_near_miss,actual_near_miss,103,7,7,3,86,173,167182,4672706995152568,167182,251,prime_block_le_251,25,2695432382774658040741908270274374888347028088573,111.515643094,81,4.39444915467,19,13,0,,95.0943556211,4.39444915467,0.998155303801,0.986781538151,1.00349851592,none_visible,3.09074422117,0.333333333333,2.75741088784,existing_near_power_csv,local_obstruction_before_drift,local_residue_sieve,blocked_unfilled,darmon_granville_ceiling,blocked_unfilled,blocked_unfilled,Z,residue_only,blocked_unfilled,blocked_unfilled,under_test,Q_251,pass_predefined,25,0,4.39444915467,0.175777966187,blocked_unfilled,control_class=actual_near_miss,4.39444915467,local_obstruction_before_drift
rank103_Q251_random_root_sets,random_root_sets,103,7,7,3,86,173,167182,4672706995152568,167182,251,prime_block_le_251,25,2695432382774658040741908270274374888347028088573,111.515643094,81,4.39444915467,19,13,0,,95.0943556211,4.39444915467,1.00320728308,1.00072642057,1.00691993689,none_visible,3.09074422117,0.333333333333,2.75741088784,deterministic_seeded_random_sets_same_cardinality,local_obstruction_before_drift,local_residue_sieve,blocked_unfilled,darmon_granville_ceiling,blocked_unfilled,blocked_unfilled,Z,residue_only,blocked_unfilled,blocked_unfilled,negative_control_passed,Q_251,pass_predefined,25,0,4.39444915467,0.175777966187,blocked_unfilled,control_class=random_root_sets,4.39444915467,local_obstruction_before_drift
rank103_Q251_exact_power_anchor,exact_power_anchor,103,7,7,3,86,173,167182,4672706995152568,167182,251,prime_block_le_251,25,2695432382774658040741908270274374888347028088573,111.515643094,847288609443,27.4653072167,0,0,1,167182,72.023497559,27.4653072167,1.00560533497,0.96997816086,1.06369837795,constructed_exact_power_root,3.09074422117,0.333333333333,2.75741088784,C_from_near_power_row_as_positive_control,positive_control_survivor,local_residue_sieve,blocked_unfilled,darmon_granville_ceiling,blocked_unfilled,blocked_unfilled,Z,survivor_kandidat_requires_overlap_check,blocked_unfilled,blocked_unfilled,positive_control_passed,Q_251,pass_predefined,25,5.98150518596e-06,27.4653072167,1.09861228867,blocked_unfilled,control_class=exact_power_anchor,27.4653072167,positive_control_survivor
rank104_Q251_actual_near_miss,actual_near_miss,104,5,7,3,229,90,36458,48459454583912,36458,251,prime_block_le_251,25,2695432382774658040741908270274374888347028088573,111.515643094,6561,8.78889830934,17,7,0,,92.2228285926,8.78889830934,0.999613819598,0.779444840639,1.31031750386,none_visible,3.53885925512,0.333333333333,3.20552592178,existing_near_power_csv,local_obstruction_before_drift,local_residue_sieve,blocked_unfilled,darmon_granville_ceiling,blocked_unfilled,blocked_unfilled,Z,residue_only,blocked_unfilled,blocked_unfilled,under_test,Q_251,pass_predefined,25,0,8.78889830934,0.351555932374,blocked_unfilled,control_class=actual_near_miss,8.78889830934,local_obstruction_before_drift
rank104_Q251_random_root_sets,random_root_sets,104,5,7,3,229,90,36458,48459454583912,36458,251,prime_block_le_251,25,2695432382774658040741908270274374888347028088573,111.515643094,6561,8.78889830934,17,7,0,,92.2228285926,8.78889830934,1.05171464969,0.860405580851,1.31031750386,none_visible,3.53885925512,0.333333333333,3.20552592178,deterministic_seeded_random_sets_same_cardinality,local_obstruction_before_drift,local_residue_sieve,blocked_unfilled,darmon_granville_ceiling,blocked_unfilled,blocked_unfilled,Z,residue_only,blocked_unfilled,blocked_unfilled,negative_control_passed,Q_251,pass_predefined,25,0,8.78889830934,0.351555932374,blocked_unfilled,control_class=random_root_sets,8.78889830934,local_obstruction_before_drift
rank104_Q251_exact_power_anchor,exact_power_anchor,104,5,7,3,229,90,36458,48459454583912,36458,251,prime_block_le_251,25,2695432382774658040741908270274374888347028088573,111.515643094,847288609443,27.4653072167,0,0,1,36458,73.5464196853,27.4653072167,1.02319792638,0.794756218724,1.17737609791,constructed_exact_power_root,3.53885925512,0.333333333333,3.20552592178,C_from_near_power_row_as_positive_control,positive_control_survivor,local_residue_sieve,blocked_unfilled,darmon_granville_ceiling,blocked_unfilled,blocked_unfilled,Z,survivor_kandidat_requires_overlap_check,blocked_unfilled,blocked_unfilled,positive_control_passed,Q_251,pass_predefined,25,2.74288222064e-05,27.4653072167,1.09861228867,blocked_unfilled,control_class=exact_power_anchor,27.4653072167,positive_control_survivor
rank105_Q251_actual_near_miss,actual_near_miss,105,7,6,3,28,61,4021,65013301261,4021,251,prime_block_le_251,25,2695432382774658040741908270274374888347028088573,111.515643094,19683,9.88751059801,16,19,0,,93.3288465892,9.88751059801,0.890166901545,0,1.19544613004,none_visible,4.47892522903,0.333333333333,4.1455918957,existing_near_power_csv,local_obstruction_before_drift,local_residue_sieve,blocked_unfilled,darmon_granville_ceiling,blocked_unfilled,blocked_unfilled,Z,residue_only,blocked_unfilled,blocked_unfilled,under_test,Q_251,pass_predefined,25,0,9.88751059801,0.395500423921,blocked_unfilled,control_class=actual_near_miss,9.88751059801,local_obstruction_before_drift
rank105_Q251_random_root_sets,random_root_sets,105,7,6,3,28,61,4021,65013301261,4021,251,prime_block_le_251,25,2695432382774658040741908270274374888347028088573,111.515643094,19683,9.88751059801,16,19,0,,93.3288465892,9.88751059801,1.10450689436,0,2.82223880185,none_visible,4.47892522903,0.333333333333,4.1455918957,deterministic_seeded_random_sets_same_cardinality,local_obstruction_before_drift,local_residue_sieve,blocked_unfilled,darmon_granville_ceiling,blocked_unfilled,blocked_unfilled,Z,residue_only,blocked_unfilled,blocked_unfilled,negative_control_passed,Q_251,pass_predefined,25,0,9.88751059801,0.395500423921,blocked_unfilled,control_class=random_root_sets,9.88751059801,local_obstruction_before_drift
rank105_Q251_exact_power_anchor,exact_power_anchor,105,7,6,3,28,61,4021,65013301261,4021,251,prime_block_le_251,25,2695432382774658040741908270274374888347028088573,111.515643094,847288609443,27.4653072167,0,0,1,4021,75.7510499705,27.4653072167,1.56092205735,0.707148581061,4.23335820277,constructed_exact_power_root,4.47892522903,0.333333333333,4.1455918957,C_from_near_power_row_as_positive_control,positive_control_survivor,local_residue_sieve,blocked_unfilled,darmon_granville_ceiling,blocked_unfilled,blocked_unfilled,Z,survivor_kandidat_requires_overlap_check,blocked_unfilled,blocked_unfilled,positive_control_passed,Q_251,pass_predefined,25,0.000248694354638,27.4653072167,1.09861228867,blocked_unfilled,control_class=exact_power_anchor,27.4653072167,positive_control_survivor
rank106_Q251_actual_near_miss,actual_near_miss,106,7,7,3,195,224,339173,39017893441970717,339173,251,prime_block_le_251,25,2695432382774658040741908270274374888347028088573,111.515643094,177147,12.0847351753,14,13,0,,86.6966423381,12.0847351753,0.998405238625,0.986952905384,1.00705867245,none_visible,2.91904396024,0.333333333333,2.58571062691,existing_near_power_csv,local_obstruction_before_drift,local_residue_sieve,blocked_unfilled,darmon_granville_ceiling,blocked_unfilled,blocked_unfilled,Z,residue_only,blocked_unfilled,blocked_unfilled,under_test,Q_251,pass_predefined,25,0,12.0847351753,0.483389407014,blocked_unfilled,control_class=actual_near_miss,12.0847351753,local_obstruction_before_drift
rank106_Q251_random_root_sets,random_root_sets,106,7,7,3,195,224,339173,39017893441970717,339173,251,prime_block_le_251,25,2695432382774658040741908270274374888347028088573,111.515643094,177147,12.0847351753,14,13,0,,86.6966423381,12.0847351753,0.999967338857,0.98417097535,1.02048446597,none_visible,2.91904396024,0.333333333333,2.58571062691,deterministic_seeded_random_sets_same_cardinality,local_obstruction_before_drift,local_residue_sieve,blocked_unfilled,darmon_granville_ceiling,blocked_unfilled,blocked_unfilled,Z,residue_only,blocked_unfilled,blocked_unfilled,negative_control_passed,Q_251,pass_predefined,25,0,12.0847351753,0.483389407014,blocked_unfilled,control_class=random_root_sets,12.0847351753,local_obstruction_before_drift
rank106_Q251_exact_power_anchor,exact_power_anchor,106,7,7,3,195,224,339173,39017893441970717,339173,251,prime_block_le_251,25,2695432382774658040741908270274374888347028088573,111.515643094,847288609443,27.4653072167,0,0,1,339173,71.3160702967,27.4653072167,1.00285284053,0.993970956152,1.02048446597,constructed_exact_power_root,2.91904396024,0.333333333333,2.58571062691,C_from_near_power_row_as_positive_control,positive_control_survivor,local_residue_sieve,blocked_unfilled,darmon_granville_ceiling,blocked_unfilled,blocked_unfilled,Z,survivor_kandidat_requires_overlap_check,blocked_unfilled,blocked_unfilled,positive_control_passed,Q_251,pass_predefined,25,2.94834789326e-06,27.4653072167,1.09861228867,blocked_unfilled,control_class=exact_power_anchor,27.4653072167,positive_control_survivor
rank107_Q251_actual_near_miss,actual_near_miss,107,5,6,3,169,125,15811,3952555856731,15811,251,prime_block_le_251,25,2695432382774658040741908270274374888347028088573,111.515643094,59049,10.9861228867,15,7,0,,90.8610590281,10.9861228867,1.02974566074,0.439117632591,1.79435554712,none_visible,3.84465328473,0.333333333333,3.5113199514,existing_near_power_csv,local_obstruction_before_drift,local_residue_sieve,blocked_unfilled,darmon_granville_ceiling,blocked_unfilled,blocked_unfilled,Z,residue_only,blocked_unfilled,blocked_unfilled,under_test,Q_251,pass_predefined,25,0,10.9861228867,0.439444915467,blocked_unfilled,control_class=actual_near_miss,10.9861228867,local_obstruction_before_drift
rank107_Q251_random_root_sets,random_root_sets,107,5,6,3,169,125,15811,3952555856731,15811,251,prime_block_le_251,25,2695432382774658040741908270274374888347028088573,111.515643094,59049,10.9861228867,15,7,0,,90.8610590281,10.9861228867,0.835710565624,0.358871109425,1.17999423749,none_visible,3.84465328473,0.333333333333,3.5113199514,deterministic_seeded_random_sets_same_cardinality,local_obstruction_before_drift,local_residue_sieve,blocked_unfilled,darmon_granville_ceiling,blocked_unfilled,blocked_unfilled,Z,residue_only,blocked_unfilled,blocked_unfilled,negative_control_passed,Q_251,pass_predefined,25,0,10.9861228867,0.439444915467,blocked_unfilled,control_class=random_root_sets,10.9861228867,local_obstruction_before_drift
rank107_Q251_exact_power_anchor,exact_power_anchor,107,5,6,3,169,125,15811,3952555856731,15811,251,prime_block_le_251,25,2695432382774658040741908270274374888347028088573,111.515643094,94143178827,25.2680826394,0,0,1,15811,76.5790992754,25.2680826394,1.0121478366,0.269903513025,1.47294077963,constructed_exact_power_root,3.84465328473,0.333333333333,3.5113199514,C_from_near_power_row_as_positive_control,positive_control_survivor,local_residue_sieve,blocked_unfilled,darmon_granville_ceiling,blocked_unfilled,blocked_unfilled,Z,survivor_kandidat_requires_overlap_check,blocked_unfilled,blocked_unfilled,positive_control_passed,Q_251,pass_predefined,25,6.32471064449e-05,25.2680826394,1.01072330557,blocked_unfilled,control_class=exact_power_anchor,25.2680826394,positive_control_survivor
rank108_Q251_actual_near_miss,actual_near_miss,108,7,7,3,210,223,356832,45435088927162368,356832,251,prime_block_le_251,25,2695432382774658040741908270274374888347028088573,111.515643094,729,6.59167373201,19,13,0,,92.1389490003,6.59167373201,1.00014348489,0.996023650096,1.00296560348,none_visible,2.90745575522,0.333333333333,2.57412242188,existing_near_power_csv,local_obstruction_before_drift,local_residue_sieve,blocked_unfilled,darmon_granville_ceiling,blocked_unfilled,blocked_unfilled,Z,residue_only,blocked_unfilled,blocked_unfilled,under_test,Q_251,pass_predefined,25,0,6.59167373201,0.26366694928,blocked_unfilled,control_class=actual_near_miss,6.59167373201,local_obstruction_before_drift
rank108_Q251_random_root_sets,random_root_sets,108,7,7,3,210,223,356832,45435088927162368,356832,251,prime_block_le_251,25,2695432382774658040741908270274374888347028088573,111.515643094,729,6.59167373201,19,13,0,,92.1389490003,6.59167373201,1.00012735529,0.996023650096,1.00296560348,none_visible,2.90745575522,0.333333333333,2.57412242188,deterministic_seeded_random_sets_same_cardinality,local_obstruction_before_drift,local_residue_sieve,blocked_unfilled,darmon_granville_ceiling,blocked_unfilled,blocked_unfilled,Z,residue_only,blocked_unfilled,blocked_unfilled,negative_control_passed,Q_251,pass_predefined,25,0,6.59167373201,0.26366694928,blocked_unfilled,control_class=random_root_sets,6.59167373201,local_obstruction_before_drift
rank108_Q251_exact_power_anchor,exact_power_anchor,108,7,7,3,210,223,356832,45435088927162368,356832,251,prime_block_le_251,25,2695432382774658040741908270274374888347028088573,111.515643094,282429536481,26.366694928,0,0,1,356832,72.3639278043,26.366694928,1.00579004706,0.96699660718,1.05904459241,constructed_exact_power_root,2.90745575522,0.333333333333,2.57412242188,C_from_near_power_row_as_positive_control,positive_control_survivor,local_residue_sieve,blocked_unfilled,darmon_granville_ceiling,blocked_unfilled,blocked_unfilled,Z,survivor_kandidat_requires_overlap_check,blocked_unfilled,blocked_unfilled,positive_control_passed,Q_251,pass_predefined,25,2.80243924312e-06,26.366694928,1.05466779712,blocked_unfilled,control_class=exact_power_anchor,26.366694928,positive_control_survivor
rank109_Q251_actual_near_miss,actual_near_miss,109,6,6,3,84,211,44580,88597239912000,44580,251,prime_block_le_251,25,2695432382774658040741908270274374888347028088573,111.515643094,6561,8.78889830934,16,31,0,,92.0217041778,8.78889830934,0.979022107572,0.856684611934,1.02179602213,none_visible,3.47237179159,0.333333333333,3.13903845826,existing_near_power_csv,local_obstruction_before_drift,local_residue_sieve,blocked_unfilled,darmon_granville_ceiling,blocked_unfilled,blocked_unfilled,Z,residue_only,blocked_unfilled,blocked_unfilled,under_test,Q_251,pass_predefined,25,0,8.78889830934,0.351555932374,blocked_unfilled,control_class=actual_near_miss,8.78889830934,local_obstruction_before_drift
rank109_Q251_random_root_sets,random_root_sets,109,6,6,3,84,211,44580,88597239912000,44580,251,prime_block_le_251,25,2695432382774658040741908270274374888347028088573,111.515643094,6561,8.78889830934,16,31,0,,92.0217041778,8.78889830934,0.974582523304,0.885556552515,1.01246448333,none_visible,3.47237179159,0.333333333333,3.13903845826,deterministic_seeded_random_sets_same_cardinality,local_obstruction_before_drift,local_residue_sieve,blocked_unfilled,darmon_granville_ceiling,blocked_unfilled,blocked_unfilled,Z,residue_only,blocked_unfilled,blocked_unfilled,negative_control_passed,Q_251,pass_predefined,25,0,8.78889830934,0.351555932374,blocked_unfilled,control_class=random_root_sets,8.78889830934,local_obstruction_before_drift
rank109_Q251_exact_power_anchor,exact_power_anchor,109,6,6,3,84,211,44580,88597239912000,44580,251,prime_block_le_251,25,2695432382774658040741908270274374888347028088573,111.515643094,847288609443,27.4653072167,0,0,1,44580,73.3452952704,27.4653072167,1.0138797501,0.938198494591,1.14870644534,constructed_exact_power_root,3.47237179159,0.333333333333,3.13903845826,C_from_near_power_row_as_positive_control,positive_control_survivor,local_residue_sieve,blocked_unfilled,darmon_granville_ceiling,blocked_unfilled,blocked_unfilled,Z,survivor_kandidat_requires_overlap_check,blocked_unfilled,blocked_unfilled,positive_control_passed,Q_251,pass_predefined,25,2.24315836698e-05,27.4653072167,1.09861228867,blocked_unfilled,control_class=exact_power_anchor,27.4653072167,positive_control_survivor
rank110_Q251_actual_near_miss,actual_near_miss,110,6,7,3,73,71,20989,9246454621669,20989,251,prime_block_le_251,25,2695432382774658040741908270274374888347028088573,111.515643094,2187,7.69028602068,18,7,0,,93.8736033035,7.69028602068,1.08289350859,0.93451066961,1.42605915268,none_visible,3.73520907879,0.333333333333,3.40187574545,existing_near_power_csv,local_obstruction_before_drift,local_residue_sieve,blocked_unfilled,darmon_granville_ceiling,blocked_unfilled,blocked_unfilled,Z,residue_only,blocked_unfilled,blocked_unfilled,under_test,Q_251,pass_predefined,25,0,7.69028602068,0.307611440827,blocked_unfilled,control_class=actual_near_miss,7.69028602068,local_obstruction_before_drift
rank110_Q251_random_root_sets,random_root_sets,110,6,7,3,73,71,20989,9246454621669,20989,251,prime_block_le_251,25,2695432382774658040741908270274374888347028088573,111.515643094,2187,7.69028602068,18,7,0,,93.8736033035,7.69028602068,0.993237198321,0.713029576339,1.12141280353,none_visible,3.73520907879,0.333333333333,3.40187574545,deterministic_seeded_random_sets_same_cardinality,local_obstruction_before_drift,local_residue_sieve,blocked_unfilled,darmon_granville_ceiling,blocked_unfilled,blocked_unfilled,Z,residue_only,blocked_unfilled,blocked_unfilled,negative_control_passed,Q_251,pass_predefined,25,0,7.69028602068,0.307611440827,blocked_unfilled,control_class=random_root_sets,7.69028602068,local_obstruction_before_drift
rank110_Q251_exact_power_anchor,exact_power_anchor,110,6,7,3,73,71,20989,9246454621669,20989,251,prime_block_le_251,25,2695432382774658040741908270274374888347028088573,111.515643094,94143178827,25.2680826394,0,0,1,20989,76.2958066848,25.2680826394,1.08614543244,0.950931969656,1.35168686243,constructed_exact_power_root,3.73520907879,0.333333333333,3.40187574545,C_from_near_power_row_as_positive_control,positive_control_survivor,local_residue_sieve,blocked_unfilled,darmon_granville_ceiling,blocked_unfilled,blocked_unfilled,Z,survivor_kandidat_requires_overlap_check,blocked_unfilled,blocked_unfilled,positive_control_passed,Q_251,pass_predefined,25,4.76440040021e-05,25.2680826394,1.01072330557,blocked_unfilled,control_class=exact_power_anchor,25.2680826394,positive_control_survivor
rank111_Q251_actual_near_miss,actual_near_miss,111,6,6,3,127,212,45626,94981098574376,45626,251,prime_block_le_251,25,2695432382774658040741908270274374888347028088573,111.515643094,19683,9.88751059801,15,7,0,,90.8998994876,9.88751059801,1.01483207809,0.943915993318,1.24564941042,none_visible,3.46486518349,0.333333333333,3.13153185016,existing_near_power_csv,local_obstruction_before_drift,local_residue_sieve,blocked_unfilled,darmon_granville_ceiling,blocked_unfilled,blocked_unfilled,Z,residue_only,blocked_unfilled,blocked_unfilled,under_test,Q_251,pass_predefined,25,0,9.88751059801,0.395500423921,blocked_unfilled,control_class=actual_near_miss,9.88751059801,local_obstruction_before_drift
rank111_Q251_random_root_sets,random_root_sets,111,6,6,3,127,212,45626,94981098574376,45626,251,prime_block_le_251,25,2695432382774658040741908270274374888347028088573,111.515643094,19683,9.88751059801,15,7,0,,90.8998994876,9.88751059801,0.973819346019,0.830432940283,1.07412196749,none_visible,3.46486518349,0.333333333333,3.13153185016,deterministic_seeded_random_sets_same_cardinality,local_obstruction_before_drift,local_residue_sieve,blocked_unfilled,darmon_granville_ceiling,blocked_unfilled,blocked_unfilled,Z,residue_only,blocked_unfilled,blocked_unfilled,negative_control_passed,Q_251,pass_predefined,25,0,9.88751059801,0.395500423921,blocked_unfilled,control_class=random_root_sets,9.88751059801,local_obstruction_before_drift
rank111_Q251_exact_power_anchor,exact_power_anchor,111,6,6,3,127,212,45626,94981098574376,45626,251,prime_block_le_251,25,2695432382774658040741908270274374888347028088573,111.515643094,282429536481,26.366694928,0,0,1,45626,74.4207151576,26.366694928,1.02091877032,0.90278203948,1.19099246531,constructed_exact_power_root,3.46486518349,0.333333333333,3.13153185016,C_from_near_power_row_as_positive_control,positive_control_survivor,local_residue_sieve,blocked_unfilled,darmon_granville_ceiling,blocked_unfilled,blocked_unfilled,Z,survivor_kandidat_requires_overlap_check,blocked_unfilled,blocked_unfilled,positive_control_passed,Q_251,pass_predefined,25,2.19173278394e-05,26.366694928,1.05466779712,blocked_unfilled,control_class=exact_power_anchor,26.366694928,positive_control_survivor
rank112_Q251_actual_near_miss,actual_near_miss,112,6,7,3,233,243,368873,50191549511754617,368873,251,prime_block_le_251,25,2695432382774658040741908270274374888347028088573,111.515643094,6561,8.78889830934,15,13,0,,89.9085370944,8.78889830934,0.999292171654,0.992937948833,1.00498816666,none_visible,2.89992812797,0.333333333333,2.56659479464,existing_near_power_csv,local_obstruction_before_drift,local_residue_sieve,blocked_unfilled,darmon_granville_ceiling,blocked_unfilled,blocked_unfilled,Z,residue_only,blocked_unfilled,blocked_unfilled,under_test,Q_251,pass_predefined,25,0,8.78889830934,0.351555932374,blocked_unfilled,control_class=actual_near_miss,8.78889830934,local_obstruction_before_drift
rank112_Q251_random_root_sets,random_root_sets,112,6,7,3,233,243,368873,50191549511754617,368873,251,prime_block_le_251,25,2695432382774658040741908270274374888347028088573,111.515643094,6561,8.78889830934,15,13,0,,89.9085370944,8.78889830934,0.999920980532,0.992937948833,1.00875911221,none_visible,2.89992812797,0.333333333333,2.56659479464,deterministic_seeded_random_sets_same_cardinality,local_obstruction_before_drift,local_residue_sieve,blocked_unfilled,darmon_granville_ceiling,blocked_unfilled,blocked_unfilled,Z,residue_only,blocked_unfilled,blocked_unfilled,negative_control_passed,Q_251,pass_predefined,25,0,8.78889830934,0.351555932374,blocked_unfilled,control_class=random_root_sets,8.78889830934,local_obstruction_before_drift
rank112_Q251_exact_power_anchor,exact_power_anchor,112,6,7,3,233,243,368873,50191549511754617,368873,251,prime_block_le_251,25,2695432382774658040741908270274374888347028088573,111.515643094,847288609443,27.4653072167,0,0,1,368873,71.232128187,27.4653072167,1.00080273287,0.97755114151,1.03061336678,constructed_exact_power_root,2.89992812797,0.333333333333,2.56659479464,C_from_near_power_row_as_positive_control,positive_control_survivor,local_residue_sieve,blocked_unfilled,darmon_granville_ceiling,blocked_unfilled,blocked_unfilled,Z,survivor_kandidat_requires_overlap_check,blocked_unfilled,blocked_unfilled,positive_control_passed,Q_251,pass_predefined,25,2.71096014075e-06,27.4653072167,1.09861228867,blocked_unfilled,control_class=exact_power_anchor,27.4653072167,positive_control_survivor
rank113_Q251_actual_near_miss,actual_near_miss,113,7,7,3,81,131,88149,684939432371949,88149,251,prime_block_le_251,25,2695432382774658040741908270274374888347028088573,111.515643094,6561,8.78889830934,17,7,0,,91.3399609413,8.78889830934,1.00756277205,0.948958896616,1.15865182815,none_visible,3.26447586451,0.333333333333,2.93114253118,existing_near_power_csv,local_obstruction_before_drift,local_residue_sieve,blocked_unfilled,darmon_granville_ceiling,blocked_unfilled,blocked_unfilled,Z,residue_only,blocked_unfilled,blocked_unfilled,under_test,Q_251,pass_predefined,25,0,8.78889830934,0.351555932374,blocked_unfilled,control_class=actual_near_miss,8.78889830934,local_obstruction_before_drift
rank113_Q251_random_root_sets,random_root_sets,113,7,7,3,81,131,88149,684939432371949,88149,251,prime_block_le_251,25,2695432382774658040741908270274374888347028088573,111.515643094,6561,8.78889830934,17,7,0,,91.3399609413,8.78889830934,0.986928337607,0.948958896616,1.03124255522,none_visible,3.26447586451,0.333333333333,2.93114253118,deterministic_seeded_random_sets_same_cardinality,local_obstruction_before_drift,local_residue_sieve,blocked_unfilled,darmon_granville_ceiling,blocked_unfilled,blocked_unfilled,Z,residue_only,blocked_unfilled,blocked_unfilled,negative_control_passed,Q_251,pass_predefined,25,0,8.78889830934,0.351555932374,blocked_unfilled,control_class=random_root_sets,8.78889830934,local_obstruction_before_drift
rank113_Q251_exact_power_anchor,exact_power_anchor,113,7,7,3,81,131,88149,684939432371949,88149,251,prime_block_le_251,25,2695432382774658040741908270274374888347028088573,111.515643094,847288609443,27.4653072167,0,0,1,88149,72.6635520339,27.4653072167,1.00903940844,0.956239498526,1.16126104664,constructed_exact_power_root,3.26447586451,0.333333333333,2.93114253118,C_from_near_power_row_as_positive_control,positive_control_survivor,local_residue_sieve,blocked_unfilled,darmon_granville_ceiling,blocked_unfilled,blocked_unfilled,Z,survivor_kandidat_requires_overlap_check,blocked_unfilled,blocked_unfilled,positive_control_passed,Q_251,pass_predefined,25,1.13444281841e-05,27.4653072167,1.09861228867,blocked_unfilled,control_class=exact_power_anchor,27.4653072167,positive_control_survivor
rank114_Q251_actual_near_miss,actual_near_miss,114,7,7,3,137,237,350081,42904774389581441,350081,251,prime_block_le_251,25,2695432382774658040741908270274374888347028088573,111.515643094,6561,8.78889830934,17,7,0,,89.9608249495,8.78889830934,0.997286977077,0.971331079252,1.00850945924,none_visible,2.91180592633,0.333333333333,2.578472593,existing_near_power_csv,local_obstruction_before_drift,local_residue_sieve,blocked_unfilled,darmon_granville_ceiling,blocked_unfilled,blocked_unfilled,Z,residue_only,blocked_unfilled,blocked_unfilled,under_test,Q_251,pass_predefined,25,0,8.78889830934,0.351555932374,blocked_unfilled,control_class=actual_near_miss,8.78889830934,local_obstruction_before_drift
rank114_Q251_random_root_sets,random_root_sets,114,7,7,3,137,237,350081,42904774389581441,350081,251,prime_block_le_251,25,2695432382774658040741908270274374888347028088573,111.515643094,6561,8.78889830934,17,7,0,,89.9608249495,8.78889830934,1.00204347266,0.991700968252,1.01941677624,none_visible,2.91180592633,0.333333333333,2.578472593,deterministic_seeded_random_sets_same_cardinality,local_obstruction_before_drift,local_residue_sieve,blocked_unfilled,darmon_granville_ceiling,blocked_unfilled,blocked_unfilled,Z,residue_only,blocked_unfilled,blocked_unfilled,negative_control_passed,Q_251,pass_predefined,25,0,8.78889830934,0.351555932374,blocked_unfilled,control_class=random_root_sets,8.78889830934,local_obstruction_before_drift
rank114_Q251_exact_power_anchor,exact_power_anchor,114,7,7,3,137,237,350081,42904774389581441,350081,251,prime_block_le_251,25,2695432382774658040741908270274374888347028088573,111.515643094,847288609443,27.4653072167,0,0,1,350081,71.2844160421,27.4653072167,1.00409358966,0.997344106713,1.03345955809,constructed_exact_power_root,2.91180592633,0.333333333333,2.578472593,C_from_near_power_row_as_positive_control,positive_control_survivor,local_residue_sieve,blocked_unfilled,darmon_granville_ceiling,blocked_unfilled,blocked_unfilled,Z,survivor_kandidat_requires_overlap_check,blocked_unfilled,blocked_unfilled,positive_control_passed,Q_251,pass_predefined,25,2.85648178564e-06,27.4653072167,1.09861228867,blocked_unfilled,control_class=exact_power_anchor,27.4653072167,positive_control_survivor
rank115_Q251_actual_near_miss,actual_near_miss,115,7,7,3,103,231,327794,35221106836282184,327794,251,prime_block_le_251,25,2695432382774658040741908270274374888347028088573,111.515643094,6561,8.78889830934,17,7,0,,90.0266041435,8.78889830934,1.00329833555,0.991185859954,1.03837267715,none_visible,2.92688735356,0.333333333333,2.59355402022,existing_near_power_csv,local_obstruction_before_drift,local_residue_sieve,blocked_unfilled,darmon_granville_ceiling,blocked_unfilled,blocked_unfilled,Z,residue_only,blocked_unfilled,blocked_unfilled,under_test,Q_251,pass_predefined,25,0,8.78889830934,0.351555932374,blocked_unfilled,control_class=actual_near_miss,8.78889830934,local_obstruction_before_drift
rank115_Q251_random_root_sets,random_root_sets,115,7,7,3,103,231,327794,35221106836282184,327794,251,prime_block_le_251,25,2695432382774658040741908270274374888347028088573,111.515643094,6561,8.78889830934,17,7,0,,90.0266041435,8.78889830934,0.998960003045,0.982066989227,1.01262378201,none_visible,2.92688735356,0.333333333333,2.59355402022,deterministic_seeded_random_sets_same_cardinality,local_obstruction_before_drift,local_residue_sieve,blocked_unfilled,darmon_granville_ceiling,blocked_unfilled,blocked_unfilled,Z,residue_only,blocked_unfilled,blocked_unfilled,negative_control_passed,Q_251,pass_predefined,25,0,8.78889830934,0.351555932374,blocked_unfilled,control_class=random_root_sets,8.78889830934,local_obstruction_before_drift
rank115_Q251_exact_power_anchor,exact_power_anchor,115,7,7,3,103,231,327794,35221106836282184,327794,251,prime_block_le_251,25,2695432382774658040741908270274374888347028088573,111.515643094,282429536481,26.366694928,0,0,1,327794,72.4488075248,26.366694928,1.00228035324,0.980216911299,1.02847553985,constructed_exact_power_root,2.92688735356,0.333333333333,2.59355402022,C_from_near_power_row_as_positive_control,positive_control_survivor,local_residue_sieve,blocked_unfilled,darmon_granville_ceiling,blocked_unfilled,blocked_unfilled,Z,survivor_kandidat_requires_overlap_check,blocked_unfilled,blocked_unfilled,positive_control_passed,Q_251,pass_predefined,25,3.05069647401e-06,26.366694928,1.05466779712,blocked_unfilled,control_class=exact_power_anchor,26.366694928,positive_control_survivor
rank116_Q251_actual_near_miss,actual_near_miss,116,7,7,3,86,227,314453,31093329363837677,314453,251,prime_block_le_251,25,2695432382774658040741908270274374888347028088573,111.515643094,729,6.59167373201,19,7,0,,92.2653794617,6.59167373201,0.996997113506,0.984988040961,1.001875214,none_visible,2.93649461147,0.333333333333,2.60316127814,existing_near_power_csv,local_obstruction_before_drift,local_residue_sieve,blocked_unfilled,darmon_granville_ceiling,blocked_unfilled,blocked_unfilled,Z,residue_only,blocked_unfilled,blocked_unfilled,under_test,Q_251,pass_predefined,25,0,6.59167373201,0.26366694928,blocked_unfilled,control_class=actual_near_miss,6.59167373201,local_obstruction_before_drift
rank116_Q251_random_root_sets,random_root_sets,116,7,7,3,86,227,314453,31093329363837677,314453,251,prime_block_le_251,25,2695432382774658040741908270274374888347028088573,111.515643094,729,6.59167373201,19,7,0,,92.2653794617,6.59167373201,0.996187594896,0.982245712749,1.00025405669,none_visible,2.93649461147,0.333333333333,2.60316127814,deterministic_seeded_random_sets_same_cardinality,local_obstruction_before_drift,local_residue_sieve,blocked_unfilled,darmon_granville_ceiling,blocked_unfilled,blocked_unfilled,Z,residue_only,blocked_unfilled,blocked_unfilled,negative_control_passed,Q_251,pass_predefined,25,0,6.59167373201,0.26366694928,blocked_unfilled,control_class=random_root_sets,6.59167373201,local_obstruction_before_drift
rank116_Q251_exact_power_anchor,exact_power_anchor,116,7,7,3,86,227,314453,31093329363837677,314453,251,prime_block_le_251,25,2695432382774658040741908270274374888347028088573,111.515643094,847288609443,27.4653072167,0,0,1,314453,71.391745977,27.4653072167,1.004986849,0.997562963835,1.02852996579,constructed_exact_power_root,2.93649461147,0.333333333333,2.60316127814,C_from_near_power_row_as_positive_control,positive_control_survivor,local_residue_sieve,blocked_unfilled,darmon_granville_ceiling,blocked_unfilled,blocked_unfilled,Z,survivor_kandidat_requires_overlap_check,blocked_unfilled,blocked_unfilled,positive_control_passed,Q_251,pass_predefined,25,3.18012548775e-06,27.4653072167,1.09861228867,blocked_unfilled,control_class=exact_power_anchor,27.4653072167,positive_control_survivor
rank117_Q251_actual_near_miss,actual_near_miss,117,7,7,4,74,177,8594,5454832223930896,8594,251,prime_block_le_251,53,32133165458954322436165317614053356655440093295804604057122379340449075183940351576262600371617210115,231.425812895,1048576,13.8629436112,34,3,0,,208.50404972,13.8629436112,1.01922287513,0,2.78665347917,none_visible,6.3867541254,0.25,6.1367541254,existing_near_power_csv,local_obstruction_before_drift,local_residue_sieve,blocked_unfilled,darmon_granville_ceiling,blocked_unfilled,blocked_unfilled,Z,residue_only,blocked_unfilled,blocked_unfilled,under_test,Q_251,pass_predefined,53,0,13.8629436112,0.261564973796,blocked_unfilled,control_class=actual_near_miss,13.8629436112,local_obstruction_before_drift
rank117_Q251_random_root_sets,random_root_sets,117,7,7,4,74,177,8594,5454832223930896,8594,251,prime_block_le_251,53,32133165458954322436165317614053356655440093295804604057122379340449075183940351576262600371617210115,231.425812895,1048576,13.8629436112,34,3,0,,208.50404972,13.8629436112,1.02770505262,0,2.78665347917,none_visible,6.3867541254,0.25,6.1367541254,deterministic_seeded_random_sets_same_cardinality,local_obstruction_before_drift,local_residue_sieve,blocked_unfilled,darmon_granville_ceiling,blocked_unfilled,blocked_unfilled,Z,residue_only,blocked_unfilled,blocked_unfilled,negative_control_passed,Q_251,pass_predefined,53,0,13.8629436112,0.261564973796,blocked_unfilled,control_class=random_root_sets,13.8629436112,local_obstruction_before_drift
rank117_Q251_exact_power_anchor,exact_power_anchor,117,7,7,4,74,177,8594,5454832223930896,8594,251,prime_block_le_251,53,32133165458954322436165317614053356655440093295804604057122379340449075183940351576262600371617210115,231.425812895,151115727451828646838272,53.3723329031,0,0,1,8594,168.994660428,53.3723329031,1.02919945359,0.926234873167,1.28932976495,constructed_exact_power_root,6.3867541254,0.25,6.1367541254,C_from_near_power_row_as_positive_control,positive_control_survivor,local_residue_sieve,blocked_unfilled,darmon_granville_ceiling,blocked_unfilled,blocked_unfilled,Z,survivor_kandidat_requires_overlap_check,blocked_unfilled,blocked_unfilled,positive_control_passed,Q_251,pass_predefined,53,0.000116360251338,53.3723329031,1.00702514912,blocked_unfilled,control_class=exact_power_anchor,53.3723329031,positive_control_survivor
rank118_Q251_actual_near_miss,actual_near_miss,118,6,7,3,171,179,180830,5913048577787000,180830,251,prime_block_le_251,25,2695432382774658040741908270274374888347028088573,111.515643094,243,5.49306144334,20,7,0,,93.9172690084,5.49306144334,1.00774684019,0.99331170467,1.03424149139,none_visible,3.07070805435,0.333333333333,2.73737472102,existing_near_power_csv,local_obstruction_before_drift,local_residue_sieve,blocked_unfilled,darmon_granville_ceiling,blocked_unfilled,blocked_unfilled,Z,residue_only,blocked_unfilled,blocked_unfilled,under_test,Q_251,pass_predefined,25,0,5.49306144334,0.219722457734,blocked_unfilled,control_class=actual_near_miss,5.49306144334,local_obstruction_before_drift
rank118_Q251_random_root_sets,random_root_sets,118,6,7,3,171,179,180830,5913048577787000,180830,251,prime_block_le_251,25,2695432382774658040741908270274374888347028088573,111.515643094,243,5.49306144334,20,7,0,,93.9172690084,5.49306144334,0.997530522836,0.990541146688,1.00419731239,none_visible,3.07070805435,0.333333333333,2.73737472102,deterministic_seeded_random_sets_same_cardinality,local_obstruction_before_drift,local_residue_sieve,blocked_unfilled,darmon_granville_ceiling,blocked_unfilled,blocked_unfilled,Z,residue_only,blocked_unfilled,blocked_unfilled,negative_control_passed,Q_251,pass_predefined,25,0,5.49306144334,0.219722457734,blocked_unfilled,control_class=random_root_sets,5.49306144334,local_obstruction_before_drift
rank118_Q251_exact_power_anchor,exact_power_anchor,118,6,7,3,171,179,180830,5913048577787000,180830,251,prime_block_le_251,25,2695432382774658040741908270274374888347028088573,111.515643094,282429536481,26.366694928,0,0,1,180830,73.0436355237,26.366694928,1.00876198947,0.96140758355,1.08514934223,constructed_exact_power_root,3.07070805435,0.333333333333,2.73737472102,C_from_near_power_row_as_positive_control,positive_control_survivor,local_residue_sieve,blocked_unfilled,darmon_granville_ceiling,blocked_unfilled,blocked_unfilled,Z,survivor_kandidat_requires_overlap_check,blocked_unfilled,blocked_unfilled,positive_control_passed,Q_251,pass_predefined,25,5.53005585356e-06,26.366694928,1.05466779712,blocked_unfilled,control_class=exact_power_anchor,26.366694928,positive_control_survivor
rank119_Q251_actual_near_miss,actual_near_miss,119,6,7,3,216,191,210857,9374844432292793,210857,251,prime_block_le_251,25,2695432382774658040741908270274374888347028088573,111.515643094,729,6.59167373201,19,7,0,,92.6650339045,6.59167373201,1.00108309318,0.971451426006,1.03258659239,none_visible,3.032227485,0.333333333333,2.69889415167,existing_near_power_csv,local_obstruction_before_drift,local_residue_sieve,blocked_unfilled,darmon_granville_ceiling,blocked_unfilled,blocked_unfilled,Z,residue_only,blocked_unfilled,blocked_unfilled,under_test,Q_251,pass_predefined,25,0,6.59167373201,0.26366694928,blocked_unfilled,control_class=actual_near_miss,6.59167373201,local_obstruction_before_drift
rank119_Q251_random_root_sets,random_root_sets,119,6,7,3,216,191,210857,9374844432292793,210857,251,prime_block_le_251,25,2695432382774658040741908270274374888347028088573,111.515643094,729,6.59167373201,19,7,0,,92.6650339045,6.59167373201,1.00364354357,0.991689997381,1.01121665921,none_visible,3.032227485,0.333333333333,2.69889415167,deterministic_seeded_random_sets_same_cardinality,local_obstruction_before_drift,local_residue_sieve,blocked_unfilled,darmon_granville_ceiling,blocked_unfilled,blocked_unfilled,Z,residue_only,blocked_unfilled,blocked_unfilled,negative_control_passed,Q_251,pass_predefined,25,0,6.59167373201,0.26366694928,blocked_unfilled,control_class=random_root_sets,6.59167373201,local_obstruction_before_drift
rank119_Q251_exact_power_anchor,exact_power_anchor,119,6,7,3,216,191,210857,9374844432292793,210857,251,prime_block_le_251,25,2695432382774658040741908270274374888347028088573,111.515643094,847288609443,27.4653072167,0,0,1,210857,71.7914004198,27.4653072167,1.00643748554,0.986900021236,1.03216714013,constructed_exact_power_root,3.032227485,0.333333333333,2.69889415167,C_from_near_power_row_as_positive_control,positive_control_survivor,local_residue_sieve,blocked_unfilled,darmon_granville_ceiling,blocked_unfilled,blocked_unfilled,Z,survivor_kandidat_requires_overlap_check,blocked_unfilled,blocked_unfilled,positive_control_passed,Q_251,pass_predefined,25,4.74255063858e-06,27.4653072167,1.09861228867,blocked_unfilled,control_class=exact_power_anchor,27.4653072167,positive_control_survivor
rank120_Q251_actual_near_miss,actual_near_miss,120,7,7,3,71,174,169130,4837956360497000,169130,251,prime_block_le_251,25,2695432382774658040741908270274374888347028088573,111.515643094,27,3.295836866,21,13,0,,96.1813832991,3.295836866,1.00251001312,1.0001340192,1.00545734051,none_visible,3.0877699887,0.333333333333,2.75443665537,existing_near_power_csv,local_obstruction_before_drift,local_residue_sieve,blocked_unfilled,darmon_granville_ceiling,blocked_unfilled,blocked_unfilled,Z,residue_only,blocked_unfilled,blocked_unfilled,under_test,Q_251,pass_predefined,25,0,3.295836866,0.13183347464,blocked_unfilled,control_class=actual_near_miss,3.295836866,local_obstruction_before_drift
rank120_Q251_random_root_sets,random_root_sets,120,7,7,3,71,174,169130,4837956360497000,169130,251,prime_block_le_251,25,2695432382774658040741908270274374888347028088573,111.515643094,27,3.295836866,21,13,0,,96.1813832991,3.295836866,1.00402123285,1.0001340192,1.00647233883,none_visible,3.0877699887,0.333333333333,2.75443665537,deterministic_seeded_random_sets_same_cardinality,local_obstruction_before_drift,local_residue_sieve,blocked_unfilled,darmon_granville_ceiling,blocked_unfilled,blocked_unfilled,Z,residue_only,blocked_unfilled,blocked_unfilled,negative_control_passed,Q_251,pass_predefined,25,0,3.295836866,0.13183347464,blocked_unfilled,control_class=random_root_sets,3.295836866,local_obstruction_before_drift
rank120_Q251_exact_power_anchor,exact_power_anchor,120,7,7,3,71,174,169130,4837956360497000,169130,251,prime_block_le_251,25,2695432382774658040741908270274374888347028088573,111.515643094,282429536481,26.366694928,0,0,1,169130,73.1105252371,26.366694928,1.00863605357,0.95829440864,1.05100087375,constructed_exact_power_root,3.0877699887,0.333333333333,2.75443665537,C_from_near_power_row_as_positive_control,positive_control_survivor,local_residue_sieve,blocked_unfilled,darmon_granville_ceiling,blocked_unfilled,blocked_unfilled,Z,survivor_kandidat_requires_overlap_check,blocked_unfilled,blocked_unfilled,positive_control_passed,Q_251,pass_predefined,25,5.91261160054e-06,26.366694928,1.05466779712,blocked_unfilled,control_class=exact_power_anchor,26.366694928,positive_control_survivor
rank121_Q251_actual_near_miss,actual_near_miss,121,6,6,3,59,178,31698,31848984040392,31698,251,prime_block_le_251,25,2695432382774658040741908270274374888347028088573,111.515643094,6561,8.78889830934,16,7,0,,92.3627359183,8.78889830934,1.05007632798,0.80665446821,1.43766168213,none_visible,3.58663153521,0.333333333333,3.25329820187,existing_near_power_csv,local_obstruction_before_drift,local_residue_sieve,blocked_unfilled,darmon_granville_ceiling,blocked_unfilled,blocked_unfilled,Z,residue_only,blocked_unfilled,blocked_unfilled,under_test,Q_251,pass_predefined,25,0,8.78889830934,0.351555932374,blocked_unfilled,control_class=actual_near_miss,8.78889830934,local_obstruction_before_drift
rank121_Q251_random_root_sets,random_root_sets,121,6,6,3,59,178,31698,31848984040392,31698,251,prime_block_le_251,25,2695432382774658040741908270274374888347028088573,111.515643094,6561,8.78889830934,16,7,0,,92.3627359183,8.78889830934,0.998302118605,0.798700934514,1.16457400046,none_visible,3.58663153521,0.333333333333,3.25329820187,deterministic_seeded_random_sets_same_cardinality,local_obstruction_before_drift,local_residue_sieve,blocked_unfilled,darmon_granville_ceiling,blocked_unfilled,blocked_unfilled,Z,residue_only,blocked_unfilled,blocked_unfilled,negative_control_passed,Q_251,pass_predefined,25,0,8.78889830934,0.351555932374,blocked_unfilled,control_class=random_root_sets,8.78889830934,local_obstruction_before_drift
rank121_Q251_exact_power_anchor,exact_power_anchor,121,6,6,3,59,178,31698,31848984040392,31698,251,prime_block_le_251,25,2695432382774658040741908270274374888347028088573,111.515643094,847288609443,27.4653072167,0,0,1,31698,73.686327011,27.4653072167,1.0183452981,0.807769154731,1.2530373455,constructed_exact_power_root,3.58663153521,0.333333333333,3.25329820187,C_from_near_power_row_as_positive_control,positive_control_survivor,local_residue_sieve,blocked_unfilled,darmon_granville_ceiling,blocked_unfilled,blocked_unfilled,Z,survivor_kandidat_requires_overlap_check,blocked_unfilled,blocked_unfilled,positive_control_passed,Q_251,pass_predefined,25,3.15477317181e-05,27.4653072167,1.09861228867,blocked_unfilled,control_class=exact_power_anchor,27.4653072167,positive_control_survivor
rank122_Q251_actual_near_miss,actual_near_miss,122,5,7,3,199,105,52051,141022117888651,52051,251,prime_block_le_251,25,2695432382774658040741908270274374888347028088573,111.515643094,177147,12.0847351753,14,7,0,,88.5709286326,12.0847351753,0.992685592549,0.940159117447,1.06273334486,none_visible,3.42283166956,0.333333333333,3.08949833622,existing_near_power_csv,local_obstruction_before_drift,local_residue_sieve,blocked_unfilled,darmon_granville_ceiling,blocked_unfilled,blocked_unfilled,Z,residue_only,blocked_unfilled,blocked_unfilled,under_test,Q_251,pass_predefined,25,0,12.0847351753,0.483389407014,blocked_unfilled,control_class=actual_near_miss,12.0847351753,local_obstruction_before_drift
rank122_Q251_random_root_sets,random_root_sets,122,5,7,3,199,105,52051,141022117888651,52051,251,prime_block_le_251,25,2695432382774658040741908270274374888347028088573,111.515643094,177147,12.0847351753,14,7,0,,88.5709286326,12.0847351753,0.972611263739,0.869296992907,1.00052299134,none_visible,3.42283166956,0.333333333333,3.08949833622,deterministic_seeded_random_sets_same_cardinality,local_obstruction_before_drift,local_residue_sieve,blocked_unfilled,darmon_granville_ceiling,blocked_unfilled,blocked_unfilled,Z,residue_only,blocked_unfilled,blocked_unfilled,negative_control_passed,Q_251,pass_predefined,25,0,12.0847351753,0.483389407014,blocked_unfilled,control_class=random_root_sets,12.0847351753,local_obstruction_before_drift
rank122_Q251_exact_power_anchor,exact_power_anchor,122,5,7,3,199,105,52051,141022117888651,52051,251,prime_block_le_251,25,2695432382774658040741908270274374888347028088573,111.515643094,847288609443,27.4653072167,0,0,1,52051,73.1903565912,27.4653072167,1.04117845247,0.94247735661,1.34448265483,constructed_exact_power_root,3.42283166956,0.333333333333,3.08949833622,C_from_near_power_row_as_positive_control,positive_control_survivor,local_residue_sieve,blocked_unfilled,darmon_granville_ceiling,blocked_unfilled,blocked_unfilled,Z,survivor_kandidat_requires_overlap_check,blocked_unfilled,blocked_unfilled,positive_control_passed,Q_251,pass_predefined,25,1.92119267641e-05,27.4653072167,1.09861228867,blocked_unfilled,control_class=exact_power_anchor,27.4653072167,positive_control_survivor
rank123_Q251_actual_near_miss,actual_near_miss,123,6,7,3,141,161,141145,2811878131623625,141145,251,prime_block_le_251,25,2695432382774658040741908270274374888347028088573,111.515643094,729,6.59167373201,19,13,0,,93.0664263523,6.59167373201,0.976974506123,0.930757573968,1.00307642653,none_visible,3.13487212324,0.333333333333,2.80153878991,existing_near_power_csv,local_obstruction_before_drift,local_residue_sieve,blocked_unfilled,darmon_granville_ceiling,blocked_unfilled,blocked_unfilled,Z,residue_only,blocked_unfilled,blocked_unfilled,under_test,Q_251,pass_predefined,25,0,6.59167373201,0.26366694928,blocked_unfilled,control_class=actual_near_miss,6.59167373201,local_obstruction_before_drift
rank123_Q251_random_root_sets,random_root_sets,123,6,7,3,141,161,141145,2811878131623625,141145,251,prime_block_le_251,25,2695432382774658040741908270274374888347028088573,111.515643094,729,6.59167373201,19,13,0,,93.0664263523,6.59167373201,0.984554732918,0.930757573968,1.00045028556,none_visible,3.13487212324,0.333333333333,2.80153878991,deterministic_seeded_random_sets_same_cardinality,local_obstruction_before_drift,local_residue_sieve,blocked_unfilled,darmon_granville_ceiling,blocked_unfilled,blocked_unfilled,Z,residue_only,blocked_unfilled,blocked_unfilled,negative_control_passed,Q_251,pass_predefined,25,0,6.59167373201,0.26366694928,blocked_unfilled,control_class=random_root_sets,6.59167373201,local_obstruction_before_drift
rank123_Q251_exact_power_anchor,exact_power_anchor,123,6,7,3,141,161,141145,2811878131623625,141145,251,prime_block_le_251,25,2695432382774658040741908270274374888347028088573,111.515643094,847288609443,27.4653072167,0,0,1,141145,72.1927928676,27.4653072167,1.00726016587,0.967503079969,1.07248810325,constructed_exact_power_root,3.13487212324,0.333333333333,2.80153878991,C_from_near_power_row_as_positive_control,positive_control_survivor,local_residue_sieve,blocked_unfilled,darmon_granville_ceiling,blocked_unfilled,blocked_unfilled,Z,survivor_kandidat_requires_overlap_check,blocked_unfilled,blocked_unfilled,positive_control_passed,Q_251,pass_predefined,25,7.08491267845e-06,27.4653072167,1.09861228867,blocked_unfilled,control_class=exact_power_anchor,27.4653072167,positive_control_survivor
rank124_Q251_actual_near_miss,actual_near_miss,124,7,6,4,64,157,2098,19374117772816,2098,251,prime_block_le_251,53,32133165458954322436165317614053356655440093295804604057122379340449075183940351576262600371617210115,231.425812895,4194304,15.2492379723,31,3,0,,208.527835134,15.2492379723,0.36457624041,0,1.13369876072,none_visible,7.56418113573,0.25,7.31418113573,existing_near_power_csv,local_obstruction_before_drift,local_residue_sieve,blocked_unfilled,darmon_granville_ceiling,blocked_unfilled,blocked_unfilled,Z,residue_only,blocked_unfilled,blocked_unfilled,under_test,Q_251,pass_predefined,53,0,15.2492379723,0.287721471176,blocked_unfilled,control_class=actual_near_miss,15.2492379723,local_obstruction_before_drift
rank124_Q251_random_root_sets,random_root_sets,124,7,6,4,64,157,2098,19374117772816,2098,251,prime_block_le_251,53,32133165458954322436165317614053356655440093295804604057122379340449075183940351576262600371617210115,231.425812895,4194304,15.2492379723,31,3,0,,208.527835134,15.2492379723,0.661423578011,0,2.16980457579,none_visible,7.56418113573,0.25,7.31418113573,deterministic_seeded_random_sets_same_cardinality,local_obstruction_before_drift,local_residue_sieve,blocked_unfilled,darmon_granville_ceiling,blocked_unfilled,blocked_unfilled,Z,residue_only,blocked_unfilled,blocked_unfilled,negative_control_passed,Q_251,pass_predefined,53,0,15.2492379723,0.287721471176,blocked_unfilled,control_class=random_root_sets,15.2492379723,local_obstruction_before_drift
rank124_Q251_exact_power_anchor,exact_power_anchor,124,7,6,4,64,157,2098,19374117772816,2098,251,prime_block_le_251,53,32133165458954322436165317614053356655440093295804604057122379340449075183940351576262600371617210115,231.425812895,151115727451828646838272,53.3723329031,0,0,1,2098,170.404740203,53.3723329031,1.10387869399,0.880243088656,1.56267874166,constructed_exact_power_root,7.56418113573,0.25,7.31418113573,C_from_near_power_row_as_positive_control,positive_control_survivor,local_residue_sieve,blocked_unfilled,darmon_granville_ceiling,blocked_unfilled,blocked_unfilled,Z,survivor_kandidat_requires_overlap_check,blocked_unfilled,blocked_unfilled,positive_control_passed,Q_251,pass_predefined,53,0.00047664442326,53.3723329031,1.00702514912,blocked_unfilled,control_class=exact_power_anchor,53.3723329031,positive_control_survivor
rank125_Q251_actual_near_miss,actual_near_miss,125,6,6,4,128,157,2098,19374117772816,2098,251,prime_block_le_251,53,32133165458954322436165317614053356655440093295804604057122379340449075183940351576262600371617210115,231.425812895,4194304,15.2492379723,31,3,0,,208.527835134,15.2492379723,0.36457624041,0,1.13369876072,none_visible,7.56418113573,0.25,7.31418113573,existing_near_power_csv,local_obstruction_before_drift,local_residue_sieve,blocked_unfilled,darmon_granville_ceiling,blocked_unfilled,blocked_unfilled,Z,residue_only,blocked_unfilled,blocked_unfilled,under_test,Q_251,pass_predefined,53,0,15.2492379723,0.287721471176,blocked_unfilled,control_class=actual_near_miss,15.2492379723,local_obstruction_before_drift
rank125_Q251_random_root_sets,random_root_sets,125,6,6,4,128,157,2098,19374117772816,2098,251,prime_block_le_251,53,32133165458954322436165317614053356655440093295804604057122379340449075183940351576262600371617210115,231.425812895,4194304,15.2492379723,31,3,0,,208.527835134,15.2492379723,0.37625402878,0,1.33674928503,none_visible,7.56418113573,0.25,7.31418113573,deterministic_seeded_random_sets_same_cardinality,local_obstruction_before_drift,local_residue_sieve,blocked_unfilled,darmon_granville_ceiling,blocked_unfilled,blocked_unfilled,Z,residue_only,blocked_unfilled,blocked_unfilled,negative_control_passed,Q_251,pass_predefined,53,0,15.2492379723,0.287721471176,blocked_unfilled,control_class=random_root_sets,15.2492379723,local_obstruction_before_drift
rank125_Q251_exact_power_anchor,exact_power_anchor,125,6,6,4,128,157,2098,19374117772816,2098,251,prime_block_le_251,53,32133165458954322436165317614053356655440093295804604057122379340449075183940351576262600371617210115,231.425812895,151115727451828646838272,53.3723329031,0,0,1,2098,170.404740203,53.3723329031,1.10387869399,0.880243088656,1.56267874166,constructed_exact_power_root,7.56418113573,0.25,7.31418113573,C_from_near_power_row_as_positive_control,positive_control_survivor,local_residue_sieve,blocked_unfilled,darmon_granville_ceiling,blocked_unfilled,blocked_unfilled,Z,survivor_kandidat_requires_overlap_check,blocked_unfilled,blocked_unfilled,positive_control_passed,Q_251,pass_predefined,53,0.00047664442326,53.3723329031,1.00702514912,blocked_unfilled,control_class=exact_power_anchor,53.3723329031,positive_control_survivor
rank126_Q251_actual_near_miss,actual_near_miss,126,7,7,3,217,246,425757,77176555446273093,425757,251,prime_block_le_251,25,2695432382774658040741908270274374888347028088573,111.515643094,531441,13.183347464,13,37,0,,85.3706715901,13.183347464,1.00034953784,0.996682249369,1.00400384883,none_visible,2.86784132272,0.333333333333,2.53450798939,existing_near_power_csv,local_obstruction_before_drift,local_residue_sieve,blocked_unfilled,darmon_granville_ceiling,blocked_unfilled,blocked_unfilled,Z,residue_only,blocked_unfilled,blocked_unfilled,under_test,Q_251,pass_predefined,25,0,13.183347464,0.527333898561,blocked_unfilled,control_class=actual_near_miss,13.183347464,local_obstruction_before_drift
rank126_Q251_random_root_sets,random_root_sets,126,7,7,3,217,246,425757,77176555446273093,425757,251,prime_block_le_251,25,2695432382774658040741908270274374888347028088573,111.515643094,531441,13.183347464,13,37,0,,85.3706715901,13.183347464,0.997622653962,0.986715426875,1.00084607469,none_visible,2.86784132272,0.333333333333,2.53450798939,deterministic_seeded_random_sets_same_cardinality,local_obstruction_before_drift,local_residue_sieve,blocked_unfilled,darmon_granville_ceiling,blocked_unfilled,blocked_unfilled,Z,residue_only,blocked_unfilled,blocked_unfilled,negative_control_passed,Q_251,pass_predefined,25,0,13.183347464,0.527333898561,blocked_unfilled,control_class=random_root_sets,13.183347464,local_obstruction_before_drift
rank126_Q251_exact_power_anchor,exact_power_anchor,126,7,7,3,217,246,425757,77176555446273093,425757,251,prime_block_le_251,25,2695432382774658040741908270274374888347028088573,111.515643094,282429536481,26.366694928,0,0,1,425757,72.1873241261,26.366694928,1.00436545964,0.999111125726,1.0188268582,constructed_exact_power_root,2.86784132272,0.333333333333,2.53450798939,C_from_near_power_row_as_positive_control,positive_control_survivor,local_residue_sieve,blocked_unfilled,darmon_granville_ceiling,blocked_unfilled,blocked_unfilled,Z,survivor_kandidat_requires_overlap_check,blocked_unfilled,blocked_unfilled,positive_control_passed,Q_251,pass_predefined,25,2.34875762465e-06,26.366694928,1.05466779712,blocked_unfilled,control_class=exact_power_anchor,26.366694928,positive_control_survivor
rank127_Q251_actual_near_miss,actual_near_miss,127,5,7,3,197,81,28510,23173501051000,28510,251,prime_block_le_251,25,2695432382774658040741908270274374888347028088573,111.515643094,729,6.59167373201,19,7,0,,94.6659591802,6.59167373201,0.987403250322,0.934015355236,1.02504774153,none_visible,3.62369313075,0.333333333333,3.29035979742,existing_near_power_csv,local_obstruction_before_drift,local_residue_sieve,blocked_unfilled,darmon_granville_ceiling,blocked_unfilled,blocked_unfilled,Z,residue_only,blocked_unfilled,blocked_unfilled,under_test,Q_251,pass_predefined,25,0,6.59167373201,0.26366694928,blocked_unfilled,control_class=actual_near_miss,6.59167373201,local_obstruction_before_drift
rank127_Q251_random_root_sets,random_root_sets,127,5,7,3,197,81,28510,23173501051000,28510,251,prime_block_le_251,25,2695432382774658040741908270274374888347028088573,111.515643094,729,6.59167373201,19,7,0,,94.6659591802,6.59167373201,0.997442612728,0.961327409486,1.02504774153,none_visible,3.62369313075,0.333333333333,3.29035979742,deterministic_seeded_random_sets_same_cardinality,local_obstruction_before_drift,local_residue_sieve,blocked_unfilled,darmon_granville_ceiling,blocked_unfilled,blocked_unfilled,Z,residue_only,blocked_unfilled,blocked_unfilled,negative_control_passed,Q_251,pass_predefined,25,0,6.59167373201,0.26366694928,blocked_unfilled,control_class=random_root_sets,6.59167373201,local_obstruction_before_drift
rank127_Q251_exact_power_anchor,exact_power_anchor,127,5,7,3,197,81,28510,23173501051000,28510,251,prime_block_le_251,25,2695432382774658040741908270274374888347028088573,111.515643094,847288609443,27.4653072167,0,0,1,28510,73.7923256955,27.4653072167,1.03205990101,0.860345297946,1.22528937215,constructed_exact_power_root,3.62369313075,0.333333333333,3.29035979742,C_from_near_power_row_as_positive_control,positive_control_survivor,local_residue_sieve,blocked_unfilled,darmon_granville_ceiling,blocked_unfilled,blocked_unfilled,Z,survivor_kandidat_requires_overlap_check,blocked_unfilled,blocked_unfilled,positive_control_passed,Q_251,pass_predefined,25,3.50754121361e-05,27.4653072167,1.09861228867,blocked_unfilled,control_class=exact_power_anchor,27.4653072167,positive_control_survivor
rank128_Q251_actual_near_miss,actual_near_miss,128,6,6,3,127,244,59928,215223332746752,59928,251,prime_block_le_251,25,2695432382774658040741908270274374888347028088573,111.515643094,729,6.59167373201,17,7,0,,93.9230702414,6.59167373201,0.982326410741,0.923046544743,1.02512644803,none_visible,3.3789857196,0.333333333333,3.04565238627,existing_near_power_csv,local_obstruction_before_drift,local_residue_sieve,blocked_unfilled,darmon_granville_ceiling,blocked_unfilled,blocked_unfilled,Z,residue_only,blocked_unfilled,blocked_unfilled,under_test,Q_251,pass_predefined,25,0,6.59167373201,0.26366694928,blocked_unfilled,control_class=actual_near_miss,6.59167373201,local_obstruction_before_drift
rank128_Q251_random_root_sets,random_root_sets,128,6,6,3,127,244,59928,215223332746752,59928,251,prime_block_le_251,25,2695432382774658040741908270274374888347028088573,111.515643094,729,6.59167373201,17,7,0,,93.9230702414,6.59167373201,1.00582127124,0.994380293389,1.05491033685,none_visible,3.3789857196,0.333333333333,3.04565238627,deterministic_seeded_random_sets_same_cardinality,local_obstruction_before_drift,local_residue_sieve,blocked_unfilled,darmon_granville_ceiling,blocked_unfilled,blocked_unfilled,Z,residue_only,blocked_unfilled,blocked_unfilled,negative_control_passed,Q_251,pass_predefined,25,0,6.59167373201,0.26366694928,blocked_unfilled,control_class=random_root_sets,6.59167373201,local_obstruction_before_drift
rank128_Q251_exact_power_anchor,exact_power_anchor,128,6,6,3,127,244,59928,215223332746752,59928,251,prime_block_le_251,25,2695432382774658040741908270274374888347028088573,111.515643094,847288609443,27.4653072167,0,0,1,59928,73.0494367568,27.4653072167,1.00593343185,0.925723831561,1.08009055311,constructed_exact_power_root,3.3789857196,0.333333333333,3.04565238627,C_from_near_power_row_as_positive_control,positive_control_survivor,local_residue_sieve,blocked_unfilled,darmon_granville_ceiling,blocked_unfilled,blocked_unfilled,Z,survivor_kandidat_requires_overlap_check,blocked_unfilled,blocked_unfilled,positive_control_passed,Q_251,pass_predefined,25,1.66866906955e-05,27.4653072167,1.09861228867,blocked_unfilled,control_class=exact_power_anchor,27.4653072167,positive_control_survivor
rank129_Q251_actual_near_miss,actual_near_miss,129,6,7,3,167,198,228638,11952128053790072,228638,251,prime_block_le_251,25,2695432382774658040741908270274374888347028088573,111.515643094,6561,8.78889830934,16,7,0,,90.386849539,8.78889830934,1.00288107061,0.989506944991,1.01986789403,none_visible,3.01233359693,0.333333333333,2.6790002636,existing_near_power_csv,local_obstruction_before_drift,local_residue_sieve,blocked_unfilled,darmon_granville_ceiling,blocked_unfilled,blocked_unfilled,Z,residue_only,blocked_unfilled,blocked_unfilled,under_test,Q_251,pass_predefined,25,0,8.78889830934,0.351555932374,blocked_unfilled,control_class=actual_near_miss,8.78889830934,local_obstruction_before_drift
rank129_Q251_random_root_sets,random_root_sets,129,6,7,3,167,198,228638,11952128053790072,228638,251,prime_block_le_251,25,2695432382774658040741908270274374888347028088573,111.515643094,6561,8.78889830934,16,7,0,,90.386849539,8.78889830934,1.0006756192,0.984629754362,1.00929708389,none_visible,3.01233359693,0.333333333333,2.6790002636,deterministic_seeded_random_sets_same_cardinality,local_obstruction_before_drift,local_residue_sieve,blocked_unfilled,darmon_granville_ceiling,blocked_unfilled,blocked_unfilled,Z,residue_only,blocked_unfilled,blocked_unfilled,negative_control_passed,Q_251,pass_predefined,25,0,8.78889830934,0.351555932374,blocked_unfilled,control_class=random_root_sets,8.78889830934,local_obstruction_before_drift
rank129_Q251_exact_power_anchor,exact_power_anchor,129,6,7,3,167,198,228638,11952128053790072,228638,251,prime_block_le_251,25,2695432382774658040741908270274374888347028088573,111.515643094,847288609443,27.4653072167,0,0,1,228638,71.7104406316,27.4653072167,1.00491137049,0.989225568609,1.06107957169,constructed_exact_power_root,3.01233359693,0.333333333333,2.6790002636,C_from_near_power_row_as_positive_control,positive_control_survivor,local_residue_sieve,blocked_unfilled,darmon_granville_ceiling,blocked_unfilled,blocked_unfilled,Z,survivor_kandidat_requires_overlap_check,blocked_unfilled,blocked_unfilled,positive_control_passed,Q_251,pass_predefined,25,4.37372615226e-06,27.4653072167,1.09861228867,blocked_unfilled,control_class=exact_power_anchor,27.4653072167,positive_control_survivor
rank130_Q251_actual_near_miss,actual_near_miss,130,7,7,3,103,238,351364,43378226058516544,351364,251,prime_block_le_251,25,2695432382774658040741908270274374888347028088573,111.515643094,729,6.59167373201,18,7,0,,92.1543913599,6.59167373201,0.998440153021,0.990822749184,1.00155963616,none_visible,2.91097176627,0.333333333333,2.57763843293,existing_near_power_csv,local_obstruction_before_drift,local_residue_sieve,blocked_unfilled,darmon_granville_ceiling,blocked_unfilled,blocked_unfilled,Z,residue_only,blocked_unfilled,blocked_unfilled,under_test,Q_251,pass_predefined,25,0,6.59167373201,0.26366694928,blocked_unfilled,control_class=actual_near_miss,6.59167373201,local_obstruction_before_drift
rank130_Q251_random_root_sets,random_root_sets,130,7,7,3,103,238,351364,43378226058516544,351364,251,prime_block_le_251,25,2695432382774658040741908270274374888347028088573,111.515643094,729,6.59167373201,18,7,0,,92.1543913599,6.59167373201,1.00084480292,0.995039016202,1.01039377967,none_visible,2.91097176627,0.333333333333,2.57763843293,deterministic_seeded_random_sets_same_cardinality,local_obstruction_before_drift,local_residue_sieve,blocked_unfilled,darmon_granville_ceiling,blocked_unfilled,blocked_unfilled,Z,residue_only,blocked_unfilled,blocked_unfilled,negative_control_passed,Q_251,pass_predefined,25,0,6.59167373201,0.26366694928,blocked_unfilled,control_class=random_root_sets,6.59167373201,local_obstruction_before_drift
rank130_Q251_exact_power_anchor,exact_power_anchor,130,7,7,3,103,238,351364,43378226058516544,351364,251,prime_block_le_251,25,2695432382774658040741908270274374888347028088573,111.515643094,282429536481,26.366694928,0,0,1,351364,72.3793701639,26.366694928,1.00174650052,0.985077520115,1.02968589712,constructed_exact_power_root,2.91097176627,0.333333333333,2.57763843293,C_from_near_power_row_as_positive_control,positive_control_survivor,local_residue_sieve,blocked_unfilled,darmon_granville_ceiling,blocked_unfilled,blocked_unfilled,Z,survivor_kandidat_requires_overlap_check,blocked_unfilled,blocked_unfilled,positive_control_passed,Q_251,pass_predefined,25,2.8460513883e-06,26.366694928,1.05466779712,blocked_unfilled,control_class=exact_power_anchor,26.366694928,positive_control_survivor
rank131_Q251_actual_near_miss,actual_near_miss,131,6,7,3,227,192,213672,9755349769640448,213672,251,prime_block_le_251,25,2695432382774658040741908270274374888347028088573,111.515643094,4782969,15.3805720414,11,7,0,,83.8628736448,15.3805720414,0.999056425809,0.978625078521,1.03542969286,none_visible,3.02895070832,0.333333333333,2.69561737499,existing_near_power_csv,local_obstruction_before_drift,local_residue_sieve,blocked_unfilled,darmon_granville_ceiling,blocked_unfilled,blocked_unfilled,Z,residue_only,blocked_unfilled,blocked_unfilled,under_test,Q_251,pass_predefined,25,0,15.3805720414,0.615222881654,blocked_unfilled,control_class=actual_near_miss,15.3805720414,local_obstruction_before_drift
rank131_Q251_random_root_sets,random_root_sets,131,6,7,3,227,192,213672,9755349769640448,213672,251,prime_block_le_251,25,2695432382774658040741908270274374888347028088573,111.515643094,4782969,15.3805720414,11,7,0,,83.8628736448,15.3805720414,1.00005132077,0.981874607394,1.03315361863,none_visible,3.02895070832,0.333333333333,2.69561737499,deterministic_seeded_random_sets_same_cardinality,local_obstruction_before_drift,local_residue_sieve,blocked_unfilled,darmon_granville_ceiling,blocked_unfilled,blocked_unfilled,Z,residue_only,blocked_unfilled,blocked_unfilled,negative_control_passed,Q_251,pass_predefined,25,0,15.3805720414,0.615222881654,blocked_unfilled,control_class=random_root_sets,15.3805720414,local_obstruction_before_drift
rank131_Q251_exact_power_anchor,exact_power_anchor,131,6,7,3,227,192,213672,9755349769640448,213672,251,prime_block_le_251,25,2695432382774658040741908270274374888347028088573,111.515643094,847288609443,27.4653072167,0,0,1,213672,71.7781384695,27.4653072167,1.0101754047,0.975756195373,1.0765888319,constructed_exact_power_root,3.02895070832,0.333333333333,2.69561737499,C_from_near_power_row_as_positive_control,positive_control_survivor,local_residue_sieve,blocked_unfilled,darmon_granville_ceiling,blocked_unfilled,blocked_unfilled,Z,survivor_kandidat_requires_overlap_check,blocked_unfilled,blocked_unfilled,positive_control_passed,Q_251,pass_predefined,25,4.68007038826e-06,27.4653072167,1.09861228867,blocked_unfilled,control_class=exact_power_anchor,27.4653072167,positive_control_survivor
rank132_Q251_actual_near_miss,actual_near_miss,132,5,6,4,172,149,1825,11093062890625,1825,251,prime_block_le_251,53,32133165458954322436165317614053356655440093295804604057122379340449075183940351576262600371617210115,231.425812895,16777216,16.6355323334,33,3,0,,207.280945296,16.6355323334,1.12042357606,0,5.20671232877,none_visible,7.70460382633,0.25,7.45460382633,existing_near_power_csv,local_obstruction_before_drift,local_residue_sieve,blocked_unfilled,darmon_granville_ceiling,blocked_unfilled,blocked_unfilled,Z,residue_only,blocked_unfilled,blocked_unfilled,under_test,Q_251,pass_predefined,53,0,16.6355323334,0.313877968555,blocked_unfilled,control_class=actual_near_miss,16.6355323334,local_obstruction_before_drift
rank132_Q251_random_root_sets,random_root_sets,132,5,6,4,172,149,1825,11093062890625,1825,251,prime_block_le_251,53,32133165458954322436165317614053356655440093295804604057122379340449075183940351576262600371617210115,231.425812895,16777216,16.6355323334,33,3,0,,207.280945296,16.6355323334,1.13138248017,0,5.20671232877,none_visible,7.70460382633,0.25,7.45460382633,deterministic_seeded_random_sets_same_cardinality,local_obstruction_before_drift,local_residue_sieve,blocked_unfilled,darmon_granville_ceiling,blocked_unfilled,blocked_unfilled,Z,residue_only,blocked_unfilled,blocked_unfilled,negative_control_passed,Q_251,pass_predefined,53,0,16.6355323334,0.313877968555,blocked_unfilled,control_class=random_root_sets,16.6355323334,local_obstruction_before_drift
rank132_Q251_exact_power_anchor,exact_power_anchor,132,5,6,4,172,149,1825,11093062890625,1825,251,prime_block_le_251,53,32133165458954322436165317614053356655440093295804604057122379340449075183940351576262600371617210115,231.425812895,9444732965739290427392,50.5997441809,0,0,1,1825,173.316733448,50.5997441809,1.12985159817,0.67102739726,1.79643835616,constructed_exact_power_root,7.70460382633,0.25,7.45460382633,C_from_near_power_row_as_positive_control,positive_control_survivor,local_residue_sieve,blocked_unfilled,darmon_granville_ceiling,blocked_unfilled,blocked_unfilled,Z,survivor_kandidat_requires_overlap_check,blocked_unfilled,blocked_unfilled,positive_control_passed,Q_251,pass_predefined,53,0.000547945205479,50.5997441809,0.954712154356,blocked_unfilled,control_class=exact_power_anchor,50.5997441809,positive_control_survivor
rank133_Q251_actual_near_miss,actual_near_miss,133,6,7,3,233,225,308473,29352930847419817,308473,251,prime_block_le_251,25,2695432382774658040741908270274374888347028088573,111.515643094,59049,10.9861228867,15,7,0,,87.8901306092,10.9861228867,1.00177257045,0.995632248744,1.00955531134,none_visible,2.94095539523,0.333333333333,2.6076220619,existing_near_power_csv,local_obstruction_before_drift,local_residue_sieve,blocked_unfilled,darmon_granville_ceiling,blocked_unfilled,blocked_unfilled,Z,residue_only,blocked_unfilled,blocked_unfilled,under_test,Q_251,pass_predefined,25,0,10.9861228867,0.439444915467,blocked_unfilled,control_class=actual_near_miss,10.9861228867,local_obstruction_before_drift
rank133_Q251_random_root_sets,random_root_sets,133,6,7,3,233,225,308473,29352930847419817,308473,251,prime_block_le_251,25,2695432382774658040741908270274374888347028088573,111.515643094,59049,10.9861228867,15,7,0,,87.8901306092,10.9861228867,1.0035729161,0.983004815476,1.05088938092,none_visible,2.94095539523,0.333333333333,2.6076220619,deterministic_seeded_random_sets_same_cardinality,local_obstruction_before_drift,local_residue_sieve,blocked_unfilled,darmon_granville_ceiling,blocked_unfilled,blocked_unfilled,Z,residue_only,blocked_unfilled,blocked_unfilled,negative_control_passed,Q_251,pass_predefined,25,0,10.9861228867,0.439444915467,blocked_unfilled,control_class=random_root_sets,10.9861228867,local_obstruction_before_drift
rank133_Q251_exact_power_anchor,exact_power_anchor,133,6,7,3,233,225,308473,29352930847419817,308473,251,prime_block_le_251,25,2695432382774658040741908270274374888347028088573,111.515643094,847288609443,27.4653072167,0,0,1,308473,71.4109462791,27.4653072167,1.00634454351,0.968873198699,1.0734618589,constructed_exact_power_root,2.94095539523,0.333333333333,2.6076220619,C_from_near_power_row_as_positive_control,positive_control_survivor,local_residue_sieve,blocked_unfilled,darmon_granville_ceiling,blocked_unfilled,blocked_unfilled,Z,survivor_kandidat_requires_overlap_check,blocked_unfilled,blocked_unfilled,positive_control_passed,Q_251,pass_predefined,25,3.24177480687e-06,27.4653072167,1.09861228867,blocked_unfilled,control_class=exact_power_anchor,27.4653072167,positive_control_survivor
rank134_Q251_actual_near_miss,actual_near_miss,134,6,7,3,241,229,321469,33221351612604709,321469,251,prime_block_le_251,25,2695432382774658040741908270274374888347028088573,111.515643094,177147,12.0847351753,14,13,0,,86.7502515237,12.0847351753,1.00297924009,0.984471632136,1.02373306429,none_visible,2.9313846124,0.333333333333,2.59805127906,existing_near_power_csv,local_obstruction_before_drift,local_residue_sieve,blocked_unfilled,darmon_granville_ceiling,blocked_unfilled,blocked_unfilled,Z,residue_only,blocked_unfilled,blocked_unfilled,under_test,Q_251,pass_predefined,25,0,12.0847351753,0.483389407014,blocked_unfilled,control_class=actual_near_miss,12.0847351753,local_obstruction_before_drift
rank134_Q251_random_root_sets,random_root_sets,134,6,7,3,241,229,321469,33221351612604709,321469,251,prime_block_le_251,25,2695432382774658040741908270274374888347028088573,111.515643094,177147,12.0847351753,14,13,0,,86.7502515237,12.0847351753,1.00077806016,0.986618028834,1.01155494171,none_visible,2.9313846124,0.333333333333,2.59805127906,deterministic_seeded_random_sets_same_cardinality,local_obstruction_before_drift,local_residue_sieve,blocked_unfilled,darmon_granville_ceiling,blocked_unfilled,blocked_unfilled,Z,residue_only,blocked_unfilled,blocked_unfilled,negative_control_passed,Q_251,pass_predefined,25,0,12.0847351753,0.483389407014,blocked_unfilled,control_class=random_root_sets,12.0847351753,local_obstruction_before_drift
rank134_Q251_exact_power_anchor,exact_power_anchor,134,6,7,3,241,229,321469,33221351612604709,321469,251,prime_block_le_251,25,2695432382774658040741908270274374888347028088573,111.515643094,847288609443,27.4653072167,0,0,1,321469,71.3696794824,27.4653072167,1.00173297339,0.972363673567,1.03006510737,constructed_exact_power_root,2.9313846124,0.333333333333,2.59805127906,C_from_near_power_row_as_positive_control,positive_control_survivor,local_residue_sieve,blocked_unfilled,darmon_granville_ceiling,blocked_unfilled,blocked_unfilled,Z,survivor_kandidat_requires_overlap_check,blocked_unfilled,blocked_unfilled,positive_control_passed,Q_251,pass_predefined,25,3.11071985168e-06,27.4653072167,1.09861228867,blocked_unfilled,control_class=exact_power_anchor,27.4653072167,positive_control_survivor
rank135_Q251_actual_near_miss,actual_near_miss,135,6,7,3,187,230,324250,34091016765625000,324250,251,prime_block_le_251,25,2695432382774658040741908270274374888347028088573,111.515643094,59049,10.9861228867,14,19,0,,87.8402501052,10.9861228867,1.00266885976,0.996155230018,1.02157765784,none_visible,2.92939473524,0.333333333333,2.59606140191,existing_near_power_csv,local_obstruction_before_drift,local_residue_sieve,blocked_unfilled,darmon_granville_ceiling,blocked_unfilled,blocked_unfilled,Z,residue_only,blocked_unfilled,blocked_unfilled,under_test,Q_251,pass_predefined,25,0,10.9861228867,0.439444915467,blocked_unfilled,control_class=actual_near_miss,10.9861228867,local_obstruction_before_drift
rank135_Q251_random_root_sets,random_root_sets,135,6,7,3,187,230,324250,34091016765625000,324250,251,prime_block_le_251,25,2695432382774658040741908270274374888347028088573,111.515643094,59049,10.9861228867,14,19,0,,87.8402501052,10.9861228867,0.998963728262,0.992569519404,1.00729615352,none_visible,2.92939473524,0.333333333333,2.59606140191,deterministic_seeded_random_sets_same_cardinality,local_obstruction_before_drift,local_residue_sieve,blocked_unfilled,darmon_granville_ceiling,blocked_unfilled,blocked_unfilled,Z,residue_only,blocked_unfilled,blocked_unfilled,negative_control_passed,Q_251,pass_predefined,25,0,10.9861228867,0.439444915467,blocked_unfilled,control_class=random_root_sets,10.9861228867,local_obstruction_before_drift
rank135_Q251_exact_power_anchor,exact_power_anchor,135,6,7,3,187,230,324250,34091016765625000,324250,251,prime_block_le_251,25,2695432382774658040741908270274374888347028088573,111.515643094,847288609443,27.4653072167,0,0,1,324250,71.3610657752,27.4653072167,1.00029842371,0.979954424741,1.01579336931,constructed_exact_power_root,2.92939473524,0.333333333333,2.59606140191,C_from_near_power_row_as_positive_control,positive_control_survivor,local_residue_sieve,blocked_unfilled,darmon_granville_ceiling,blocked_unfilled,blocked_unfilled,Z,survivor_kandidat_requires_overlap_check,blocked_unfilled,blocked_unfilled,positive_control_passed,Q_251,pass_predefined,25,3.08404009252e-06,27.4653072167,1.09861228867,blocked_unfilled,control_class=exact_power_anchor,27.4653072167,positive_control_survivor
rank136_Q251_actual_near_miss,actual_near_miss,136,5,6,3,207,164,27070,19836487243000,27070,251,prime_block_le_251,25,2695432382774658040741908270274374888347028088573,111.515643094,729,6.59167373201,19,7,0,,94.7177879795,6.59167373201,0.946874358659,0.882370808193,1.00735131141,none_visible,3.64209488719,0.333333333333,3.30876155386,existing_near_power_csv,local_obstruction_before_drift,local_residue_sieve,blocked_unfilled,darmon_granville_ceiling,blocked_unfilled,blocked_unfilled,Z,residue_only,blocked_unfilled,blocked_unfilled,under_test,Q_251,pass_predefined,25,0,6.59167373201,0.26366694928,blocked_unfilled,control_class=actual_near_miss,6.59167373201,local_obstruction_before_drift
rank136_Q251_random_root_sets,random_root_sets,136,5,6,3,207,164,27070,19836487243000,27070,251,prime_block_le_251,25,2695432382774658040741908270274374888347028088573,111.515643094,729,6.59167373201,19,7,0,,94.7177879795,6.59167373201,0.986729877273,0.882370808193,1.03210195789,none_visible,3.64209488719,0.333333333333,3.30876155386,deterministic_seeded_random_sets_same_cardinality,local_obstruction_before_drift,local_residue_sieve,blocked_unfilled,darmon_granville_ceiling,blocked_unfilled,blocked_unfilled,Z,residue_only,blocked_unfilled,blocked_unfilled,negative_control_passed,Q_251,pass_predefined,25,0,6.59167373201,0.26366694928,blocked_unfilled,control_class=random_root_sets,6.59167373201,local_obstruction_before_drift
rank136_Q251_exact_power_anchor,exact_power_anchor,136,5,6,3,207,164,27070,19836487243000,27070,251,prime_block_le_251,25,2695432382774658040741908270274374888347028088573,111.515643094,847288609443,27.4653072167,0,0,1,27070,73.8441544948,27.4653072167,1.06667624403,0.860312769363,1.55112670853,constructed_exact_power_root,3.64209488719,0.333333333333,3.30876155386,C_from_near_power_row_as_positive_control,positive_control_survivor,local_residue_sieve,blocked_unfilled,darmon_granville_ceiling,blocked_unfilled,blocked_unfilled,Z,survivor_kandidat_requires_overlap_check,blocked_unfilled,blocked_unfilled,positive_control_passed,Q_251,pass_predefined,25,3.69412633912e-05,27.4653072167,1.09861228867,blocked_unfilled,control_class=exact_power_anchor,27.4653072167,positive_control_survivor
rank137_Q251_actual_near_miss,actual_near_miss,137,6,7,3,222,125,84181,596543669701741,84181,251,prime_block_le_251,25,2695432382774658040741908270274374888347028088573,111.515643094,243,5.49306144334,18,13,0,,94.6818571292,5.49306144334,1.02037364814,0.999196176493,1.06049134867,none_visible,3.27773423653,0.333333333333,2.9444009032,existing_near_power_csv,local_obstruction_before_drift,local_residue_sieve,blocked_unfilled,darmon_granville_ceiling,blocked_unfilled,blocked_unfilled,Z,residue_only,blocked_unfilled,blocked_unfilled,under_test,Q_251,pass_predefined,25,0,5.49306144334,0.219722457734,blocked_unfilled,control_class=actual_near_miss,5.49306144334,local_obstruction_before_drift
rank137_Q251_random_root_sets,random_root_sets,137,6,7,3,222,125,84181,596543669701741,84181,251,prime_block_le_251,25,2695432382774658040741908270274374888347028088573,111.515643094,243,5.49306144334,18,13,0,,94.6818571292,5.49306144334,0.969423688903,0.859499834352,1.00168684145,none_visible,3.27773423653,0.333333333333,2.9444009032,deterministic_seeded_random_sets_same_cardinality,local_obstruction_before_drift,local_residue_sieve,blocked_unfilled,darmon_granville_ceiling,blocked_unfilled,blocked_unfilled,Z,residue_only,blocked_unfilled,blocked_unfilled,negative_control_passed,Q_251,pass_predefined,25,0,5.49306144334,0.219722457734,blocked_unfilled,control_class=random_root_sets,5.49306144334,local_obstruction_before_drift
rank137_Q251_exact_power_anchor,exact_power_anchor,137,6,7,3,222,125,84181,596543669701741,84181,251,prime_block_le_251,25,2695432382774658040741908270274374888347028088573,111.515643094,847288609443,27.4653072167,0,0,1,84181,72.7096113558,27.4653072167,1.01662016194,0.9795546369,1.09266540748,constructed_exact_power_root,3.27773423653,0.333333333333,2.9444009032,C_from_near_power_row_as_positive_control,positive_control_survivor,local_residue_sieve,blocked_unfilled,darmon_granville_ceiling,blocked_unfilled,blocked_unfilled,Z,survivor_kandidat_requires_overlap_check,blocked_unfilled,blocked_unfilled,positive_control_passed,Q_251,pass_predefined,25,1.18791651323e-05,27.4653072167,1.09861228867,blocked_unfilled,control_class=exact_power_anchor,27.4653072167,positive_control_survivor
rank138_Q251_actual_near_miss,actual_near_miss,138,6,7,3,243,188,204134,8506404623478104,204134,251,prime_block_le_251,25,2695432382774658040741908270274374888347028088573,111.515643094,729,6.59167373201,18,19,0,,92.6974374421,6.59167373201,1.00231737758,0.988499384391,1.02129320283,none_visible,3.04026368841,0.333333333333,2.70693035508,existing_near_power_csv,local_obstruction_before_drift,local_residue_sieve,blocked_unfilled,darmon_granville_ceiling,blocked_unfilled,blocked_unfilled,Z,residue_only,blocked_unfilled,blocked_unfilled,under_test,Q_251,pass_predefined,25,0,6.59167373201,0.26366694928,blocked_unfilled,control_class=actual_near_miss,6.59167373201,local_obstruction_before_drift
rank138_Q251_random_root_sets,random_root_sets,138,6,7,3,243,188,204134,8506404623478104,204134,251,prime_block_le_251,25,2695432382774658040741908270274374888347028088573,111.515643094,729,6.59167373201,18,19,0,,92.6974374421,6.59167373201,1.00134234629,0.988499384391,1.02129320283,none_visible,3.04026368841,0.333333333333,2.70693035508,deterministic_seeded_random_sets_same_cardinality,local_obstruction_before_drift,local_residue_sieve,blocked_unfilled,darmon_granville_ceiling,blocked_unfilled,blocked_unfilled,Z,residue_only,blocked_unfilled,blocked_unfilled,negative_control_passed,Q_251,pass_predefined,25,0,6.59167373201,0.26366694928,blocked_unfilled,control_class=random_root_sets,6.59167373201,local_obstruction_before_drift
rank138_Q251_exact_power_anchor,exact_power_anchor,138,6,7,3,243,188,204134,8506404623478104,204134,251,prime_block_le_251,25,2695432382774658040741908270274374888347028088573,111.515643094,282429536481,26.366694928,0,0,1,204134,72.9224162461,26.366694928,1.00319892453,0.961268360761,1.05005807732,constructed_exact_power_root,3.04026368841,0.333333333333,2.70693035508,C_from_near_power_row_as_positive_control,positive_control_survivor,local_residue_sieve,blocked_unfilled,darmon_granville_ceiling,blocked_unfilled,blocked_unfilled,Z,survivor_kandidat_requires_overlap_check,blocked_unfilled,blocked_unfilled,positive_control_passed,Q_251,pass_predefined,25,4.89874298255e-06,26.366694928,1.05466779712,blocked_unfilled,control_class=exact_power_anchor,26.366694928,positive_control_survivor
rank139_Q251_actual_near_miss,actual_near_miss,139,6,7,3,208,203,242650,14286994809625000,242650,251,prime_block_le_251,25,2695432382774658040741908270274374888347028088573,111.515643094,2187,7.69028602068,18,31,0,,91.4259817186,7.69028602068,1.00060275813,0.996502964947,1.00732559471,none_visible,2.99788335844,0.333333333333,2.66455002511,existing_near_power_csv,local_obstruction_before_drift,local_residue_sieve,blocked_unfilled,darmon_granville_ceiling,blocked_unfilled,blocked_unfilled,Z,residue_only,blocked_unfilled,blocked_unfilled,under_test,Q_251,pass_predefined,25,0,7.69028602068,0.307611440827,blocked_unfilled,control_class=actual_near_miss,7.69028602068,local_obstruction_before_drift
rank139_Q251_random_root_sets,random_root_sets,139,6,7,3,208,203,242650,14286994809625000,242650,251,prime_block_le_251,25,2695432382774658040741908270274374888347028088573,111.515643094,2187,7.69028602068,18,31,0,,91.4259817186,7.69028602068,1.00345109173,0.996502964947,1.02531355175,none_visible,2.99788335844,0.333333333333,2.66455002511,deterministic_seeded_random_sets_same_cardinality,local_obstruction_before_drift,local_residue_sieve,blocked_unfilled,darmon_granville_ceiling,blocked_unfilled,blocked_unfilled,Z,residue_only,blocked_unfilled,blocked_unfilled,negative_control_passed,Q_251,pass_predefined,25,0,7.69028602068,0.307611440827,blocked_unfilled,control_class=random_root_sets,7.69028602068,local_obstruction_before_drift
rank139_Q251_exact_power_anchor,exact_power_anchor,139,6,7,3,208,203,242650,14286994809625000,242650,251,prime_block_le_251,25,2695432382774658040741908270274374888347028088573,111.515643094,282429536481,26.366694928,0,0,1,242650,72.7495728112,26.366694928,1.00851380589,0.960314124139,1.09884057971,constructed_exact_power_root,2.99788335844,0.333333333333,2.66455002511,C_from_near_power_row_as_positive_control,positive_control_survivor,local_residue_sieve,blocked_unfilled,darmon_granville_ceiling,blocked_unfilled,blocked_unfilled,Z,survivor_kandidat_requires_overlap_check,blocked_unfilled,blocked_unfilled,positive_control_passed,Q_251,pass_predefined,25,4.12116216773e-06,26.366694928,1.05466779712,blocked_unfilled,control_class=exact_power_anchor,26.366694928,positive_control_survivor
rank140_Q251_actual_near_miss,actual_near_miss,140,7,7,3,121,160,145245,3064104500581125,145245,251,prime_block_le_251,25,2695432382774658040741908270274374888347028088573,111.515643094,19683,9.88751059801,16,19,0,,89.7419552454,9.88751059801,1.0044295845,0.996077891379,1.02797342421,none_visible,3.12732010026,0.333333333333,2.79398676692,existing_near_power_csv,local_obstruction_before_drift,local_residue_sieve,blocked_unfilled,darmon_granville_ceiling,blocked_unfilled,blocked_unfilled,Z,residue_only,blocked_unfilled,blocked_unfilled,under_test,Q_251,pass_predefined,25,0,9.88751059801,0.395500423921,blocked_unfilled,control_class=actual_near_miss,9.88751059801,local_obstruction_before_drift
rank140_Q251_random_root_sets,random_root_sets,140,7,7,3,121,160,145245,3064104500581125,145245,251,prime_block_le_251,25,2695432382774658040741908270274374888347028088573,111.515643094,19683,9.88751059801,16,19,0,,89.7419552454,9.88751059801,1.00205285323,0.989732291416,1.02797342421,none_visible,3.12732010026,0.333333333333,2.79398676692,deterministic_seeded_random_sets_same_cardinality,local_obstruction_before_drift,local_residue_sieve,blocked_unfilled,darmon_granville_ceiling,blocked_unfilled,blocked_unfilled,Z,residue_only,blocked_unfilled,blocked_unfilled,negative_control_passed,Q_251,pass_predefined,25,0,9.88751059801,0.395500423921,blocked_unfilled,control_class=random_root_sets,9.88751059801,local_obstruction_before_drift
rank140_Q251_exact_power_anchor,exact_power_anchor,140,7,7,3,121,160,145245,3064104500581125,145245,251,prime_block_le_251,25,2695432382774658040741908270274374888347028088573,111.515643094,847288609443,27.4653072167,0,0,1,145245,72.1641586267,27.4653072167,1.0127124603,0.976644826175,1.06893715982,constructed_exact_power_root,3.12732010026,0.333333333333,2.79398676692,C_from_near_power_row_as_positive_control,positive_control_survivor,local_residue_sieve,blocked_unfilled,darmon_granville_ceiling,blocked_unfilled,blocked_unfilled,Z,survivor_kandidat_requires_overlap_check,blocked_unfilled,blocked_unfilled,positive_control_passed,Q_251,pass_predefined,25,6.88491858584e-06,27.4653072167,1.09861228867,blocked_unfilled,control_class=exact_power_anchor,27.4653072167,positive_control_survivor
rank141_Q251_actual_near_miss,actual_near_miss,141,6,6,4,158,165,2445,35736782900625,2445,251,prime_block_le_251,53,32133165458954322436165317614053356655440093295804604057122379340449075183940351576262600371617210115,231.425812895,2147483648,21.4875625974,28,5,0,,202.136449896,21.4875625974,0.603516956374,0,1.17934560327,none_visible,7.41578228656,0.25,7.16578228656,existing_near_power_csv,local_obstruction_before_drift,local_residue_sieve,blocked_unfilled,darmon_granville_ceiling,blocked_unfilled,blocked_unfilled,Z,residue_only,blocked_unfilled,blocked_unfilled,under_test,Q_251,pass_predefined,53,0,21.4875625974,0.405425709384,blocked_unfilled,control_class=actual_near_miss,21.4875625974,local_obstruction_before_drift
rank141_Q251_random_root_sets,random_root_sets,141,6,6,4,158,165,2445,35736782900625,2445,251,prime_block_le_251,53,32133165458954322436165317614053356655440093295804604057122379340449075183940351576262600371617210115,231.425812895,2147483648,21.4875625974,28,5,0,,202.136449896,21.4875625974,0.680819700068,0,1.3408997955,none_visible,7.41578228656,0.25,7.16578228656,deterministic_seeded_random_sets_same_cardinality,local_obstruction_before_drift,local_residue_sieve,blocked_unfilled,darmon_granville_ceiling,blocked_unfilled,blocked_unfilled,Z,residue_only,blocked_unfilled,blocked_unfilled,negative_control_passed,Q_251,pass_predefined,53,0,21.4875625974,0.405425709384,blocked_unfilled,control_class=random_root_sets,21.4875625974,local_obstruction_before_drift
rank141_Q251_exact_power_anchor,exact_power_anchor,141,6,6,4,158,165,2445,35736782900625,2445,251,prime_block_le_251,53,32133165458954322436165317614053356655440093295804604057122379340449075183940351576262600371617210115,231.425812895,9444732965739290427392,50.5997441809,0,0,1,2445,173.024268312,50.5997441809,1.07630368098,0.670449897751,1.75304192229,constructed_exact_power_root,7.41578228656,0.25,7.16578228656,C_from_near_power_row_as_positive_control,positive_control_survivor,local_residue_sieve,blocked_unfilled,darmon_granville_ceiling,blocked_unfilled,blocked_unfilled,Z,survivor_kandidat_requires_overlap_check,blocked_unfilled,blocked_unfilled,positive_control_passed,Q_251,pass_predefined,53,0.00040899795501,50.5997441809,0.954712154356,blocked_unfilled,control_class=exact_power_anchor,50.5997441809,positive_control_survivor
rank142_Q251_actual_near_miss,actual_near_miss,142,6,7,3,91,125,78156,477405010420416,78156,251,prime_block_le_251,25,2695432382774658040741908270274374888347028088573,111.515643094,729,6.59167373201,19,19,0,,93.6575072537,6.59167373201,1.01355181375,0.994118600406,1.0730447936,none_visible,3.2993392845,0.333333333333,2.96600595117,existing_near_power_csv,local_obstruction_before_drift,local_residue_sieve,blocked_unfilled,darmon_granville_ceiling,blocked_unfilled,blocked_unfilled,Z,residue_only,blocked_unfilled,blocked_unfilled,under_test,Q_251,pass_predefined,25,0,6.59167373201,0.26366694928,blocked_unfilled,control_class=actual_near_miss,6.59167373201,local_obstruction_before_drift
rank142_Q251_random_root_sets,random_root_sets,142,6,7,3,91,125,78156,477405010420416,78156,251,prime_block_le_251,25,2695432382774658040741908270274374888347028088573,111.515643094,729,6.59167373201,19,19,0,,93.6575072537,6.59167373201,0.99768212862,0.972446844203,1.01549749504,none_visible,3.2993392845,0.333333333333,2.96600595117,deterministic_seeded_random_sets_same_cardinality,local_obstruction_before_drift,local_residue_sieve,blocked_unfilled,darmon_granville_ceiling,blocked_unfilled,blocked_unfilled,Z,residue_only,blocked_unfilled,blocked_unfilled,negative_control_passed,Q_251,pass_predefined,25,0,6.59167373201,0.26366694928,blocked_unfilled,control_class=random_root_sets,6.59167373201,local_obstruction_before_drift
rank142_Q251_exact_power_anchor,exact_power_anchor,142,6,7,3,91,125,78156,477405010420416,78156,251,prime_block_le_251,25,2695432382774658040741908270274374888347028088573,111.515643094,282429536481,26.366694928,0,0,1,78156,73.8824860577,26.366694928,1.01945160012,0.936505905568,1.09258121933,constructed_exact_power_root,3.2993392845,0.333333333333,2.96600595117,C_from_near_power_row_as_positive_control,positive_control_survivor,local_residue_sieve,blocked_unfilled,darmon_granville_ceiling,blocked_unfilled,blocked_unfilled,Z,survivor_kandidat_requires_overlap_check,blocked_unfilled,blocked_unfilled,positive_control_passed,Q_251,pass_predefined,25,1.27949229746e-05,26.366694928,1.05466779712,blocked_unfilled,control_class=exact_power_anchor,26.366694928,positive_control_survivor
rank143_Q251_actual_near_miss,actual_near_miss,143,6,6,3,203,211,54087,158226302836503,54087,251,prime_block_le_251,25,2695432382774658040741908270274374888347028088573,111.515643094,4782969,15.3805720414,10,31,0,,85.2367219125,15.3805720414,0.985918483478,0.871464286962,1.08754619615,none_visible,3.41078089471,0.333333333333,3.07744756138,existing_near_power_csv,local_obstruction_before_drift,local_residue_sieve,blocked_unfilled,darmon_granville_ceiling,blocked_unfilled,blocked_unfilled,Z,residue_only,blocked_unfilled,blocked_unfilled,under_test,Q_251,pass_predefined,25,0,15.3805720414,0.615222881654,blocked_unfilled,control_class=actual_near_miss,15.3805720414,local_obstruction_before_drift
rank143_Q251_random_root_sets,random_root_sets,143,6,6,3,203,211,54087,158226302836503,54087,251,prime_block_le_251,25,2695432382774658040741908270274374888347028088573,111.515643094,4782969,15.3805720414,10,31,0,,85.2367219125,15.3805720414,1.00601720156,0.93371173603,1.08936630901,none_visible,3.41078089471,0.333333333333,3.07744756138,deterministic_seeded_random_sets_same_cardinality,local_obstruction_before_drift,local_residue_sieve,blocked_unfilled,darmon_granville_ceiling,blocked_unfilled,blocked_unfilled,Z,residue_only,blocked_unfilled,blocked_unfilled,negative_control_passed,Q_251,pass_predefined,25,0,15.3805720414,0.615222881654,blocked_unfilled,control_class=random_root_sets,15.3805720414,local_obstruction_before_drift
rank143_Q251_exact_power_anchor,exact_power_anchor,143,6,6,3,203,211,54087,158226302836503,54087,251,prime_block_le_251,25,2695432382774658040741908270274374888347028088573,111.515643094,847288609443,27.4653072167,0,0,1,54087,73.1519867372,27.4653072167,1.02156085634,0.78899632896,1.25659482767,constructed_exact_power_root,3.41078089471,0.333333333333,3.07744756138,C_from_near_power_row_as_positive_control,positive_control_survivor,local_residue_sieve,blocked_unfilled,darmon_granville_ceiling,blocked_unfilled,blocked_unfilled,Z,survivor_kandidat_requires_overlap_check,blocked_unfilled,blocked_unfilled,positive_control_passed,Q_251,pass_predefined,25,1.84887311184e-05,27.4653072167,1.09861228867,blocked_unfilled,control_class=exact_power_anchor,27.4653072167,positive_control_survivor
rank144_Q251_actual_near_miss,actual_near_miss,144,7,7,3,53,131,87208,663237356902912,87208,251,prime_block_le_251,25,2695432382774658040741908270274374888347028088573,111.515643094,2187,7.69028602068,18,7,0,,92.4493057246,7.69028602068,1.01320639968,0.910897573107,1.08087305956,none_visible,3.26755566511,0.333333333333,2.93422233177,existing_near_power_csv,local_obstruction_before_drift,local_residue_sieve,blocked_unfilled,darmon_granville_ceiling,blocked_unfilled,blocked_unfilled,Z,residue_only,blocked_unfilled,blocked_unfilled,under_test,Q_251,pass_predefined,25,0,7.69028602068,0.307611440827,blocked_unfilled,control_class=actual_near_miss,7.69028602068,local_obstruction_before_drift
rank144_Q251_random_root_sets,random_root_sets,144,7,7,3,53,131,87208,663237356902912,87208,251,prime_block_le_251,25,2695432382774658040741908270274374888347028088573,111.515643094,2187,7.69028602068,18,7,0,,92.4493057246,7.69028602068,0.983868494905,0.955190145654,1.00142571018,none_visible,3.26755566511,0.333333333333,2.93422233177,deterministic_seeded_random_sets_same_cardinality,local_obstruction_before_drift,local_residue_sieve,blocked_unfilled,darmon_granville_ceiling,blocked_unfilled,blocked_unfilled,Z,residue_only,blocked_unfilled,blocked_unfilled,negative_control_passed,Q_251,pass_predefined,25,0,7.69028602068,0.307611440827,blocked_unfilled,control_class=random_root_sets,7.69028602068,local_obstruction_before_drift
rank144_Q251_exact_power_anchor,exact_power_anchor,144,7,7,3,53,131,87208,663237356902912,87208,251,prime_block_le_251,25,2695432382774658040741908270274374888347028088573,111.515643094,847288609443,27.4653072167,0,0,1,87208,72.6742845286,27.4653072167,1.00406977189,0.910897573107,1.07909824787,constructed_exact_power_root,3.26755566511,0.333333333333,2.93422233177,C_from_near_power_row_as_positive_control,positive_control_survivor,local_residue_sieve,blocked_unfilled,darmon_granville_ceiling,blocked_unfilled,blocked_unfilled,Z,survivor_kandidat_requires_overlap_check,blocked_unfilled,blocked_unfilled,positive_control_passed,Q_251,pass_predefined,25,1.14668379048e-05,27.4653072167,1.09861228867,blocked_unfilled,control_class=exact_power_anchor,27.4653072167,positive_control_survivor
rank145_Q251_actual_near_miss,actual_near_miss,145,6,7,3,107,108,55708,172883163454912,55708,251,prime_block_le_251,25,2695432382774658040741908270274374888347028088573,111.515643094,6561,8.78889830934,16,7,0,,91.7988657426,8.78889830934,1.01219204503,0.938484797715,1.13288935162,none_visible,3.4015640993,0.333333333333,3.06823076597,existing_near_power_csv,local_obstruction_before_drift,local_residue_sieve,blocked_unfilled,darmon_granville_ceiling,blocked_unfilled,blocked_unfilled,Z,residue_only,blocked_unfilled,blocked_unfilled,under_test,Q_251,pass_predefined,25,0,8.78889830934,0.351555932374,blocked_unfilled,control_class=actual_near_miss,8.78889830934,local_obstruction_before_drift
rank145_Q251_random_root_sets,random_root_sets,145,6,7,3,107,108,55708,172883163454912,55708,251,prime_block_le_251,25,2695432382774658040741908270274374888347028088573,111.515643094,6561,8.78889830934,16,7,0,,91.7988657426,8.78889830934,0.9858408527,0.844636317944,1.04897162187,none_visible,3.4015640993,0.333333333333,3.06823076597,deterministic_seeded_random_sets_same_cardinality,local_obstruction_before_drift,local_residue_sieve,blocked_unfilled,darmon_granville_ceiling,blocked_unfilled,blocked_unfilled,Z,residue_only,blocked_unfilled,blocked_unfilled,negative_control_passed,Q_251,pass_predefined,25,0,8.78889830934,0.351555932374,blocked_unfilled,control_class=random_root_sets,8.78889830934,local_obstruction_before_drift
rank145_Q251_exact_power_anchor,exact_power_anchor,145,6,7,3,107,108,55708,172883163454912,55708,251,prime_block_le_251,25,2695432382774658040741908270274374888347028088573,111.515643094,282429536481,26.366694928,0,0,1,55708,74.2210691239,26.366694928,1.0194399069,0.941512489728,1.12618175726,constructed_exact_power_root,3.4015640993,0.333333333333,3.06823076597,C_from_near_power_row_as_positive_control,positive_control_survivor,local_residue_sieve,blocked_unfilled,darmon_granville_ceiling,blocked_unfilled,blocked_unfilled,Z,survivor_kandidat_requires_overlap_check,blocked_unfilled,blocked_unfilled,positive_control_passed,Q_251,pass_predefined,25,1.79507431608e-05,26.366694928,1.05466779712,blocked_unfilled,control_class=exact_power_anchor,26.366694928,positive_control_survivor
rank146_Q251_actual_near_miss,actual_near_miss,146,6,7,3,232,245,375964,53142108853841344,375964,251,prime_block_le_251,25,2695432382774658040741908270274374888347028088573,111.515643094,6561,8.78889830934,17,19,0,,89.8894961116,8.78889830934,1.00052622397,0.99462478086,1.00515208903,none_visible,2.89562677938,0.333333333333,2.56229344604,existing_near_power_csv,local_obstruction_before_drift,local_residue_sieve,blocked_unfilled,darmon_granville_ceiling,blocked_unfilled,blocked_unfilled,Z,residue_only,blocked_unfilled,blocked_unfilled,under_test,Q_251,pass_predefined,25,0,8.78889830934,0.351555932374,blocked_unfilled,control_class=actual_near_miss,8.78889830934,local_obstruction_before_drift
rank146_Q251_random_root_sets,random_root_sets,146,6,7,3,232,245,375964,53142108853841344,375964,251,prime_block_le_251,25,2695432382774658040741908270274374888347028088573,111.515643094,6561,8.78889830934,17,19,0,,89.8894961116,8.78889830934,0.998916774031,0.99274280398,1.00350535926,none_visible,2.89562677938,0.333333333333,2.56229344604,deterministic_seeded_random_sets_same_cardinality,local_obstruction_before_drift,local_residue_sieve,blocked_unfilled,darmon_granville_ceiling,blocked_unfilled,blocked_unfilled,Z,residue_only,blocked_unfilled,blocked_unfilled,negative_control_passed,Q_251,pass_predefined,25,0,8.78889830934,0.351555932374,blocked_unfilled,control_class=random_root_sets,8.78889830934,local_obstruction_before_drift
rank146_Q251_exact_power_anchor,exact_power_anchor,146,6,7,3,232,245,375964,53142108853841344,375964,251,prime_block_le_251,25,2695432382774658040741908270274374888347028088573,111.515643094,282429536481,26.366694928,0,0,1,375964,72.3116994929,26.366694928,1.00336076799,0.98033351893,1.02626729037,constructed_exact_power_root,2.89562677938,0.333333333333,2.56229344604,C_from_near_power_row_as_positive_control,positive_control_survivor,local_residue_sieve,blocked_unfilled,darmon_granville_ceiling,blocked_unfilled,blocked_unfilled,Z,survivor_kandidat_requires_overlap_check,blocked_unfilled,blocked_unfilled,positive_control_passed,Q_251,pass_predefined,25,2.65982913258e-06,26.366694928,1.05466779712,blocked_unfilled,control_class=exact_power_anchor,26.366694928,positive_control_survivor
rank147_Q251_actual_near_miss,actual_near_miss,147,7,7,3,171,214,291735,24829364618490375,291735,251,prime_block_le_251,25,2695432382774658040741908270274374888347028088573,111.515643094,531441,13.183347464,12,19,0,,85.7486944951,13.183347464,1.00079717831,0.972476924454,1.0719922761,none_visible,2.95399390308,0.333333333333,2.62066056974,existing_near_power_csv,local_obstruction_before_drift,local_residue_sieve,blocked_unfilled,darmon_granville_ceiling,blocked_unfilled,blocked_unfilled,Z,residue_only,blocked_unfilled,blocked_unfilled,under_test,Q_251,pass_predefined,25,0,13.183347464,0.527333898561,blocked_unfilled,control_class=actual_near_miss,13.183347464,local_obstruction_before_drift
rank147_Q251_random_root_sets,random_root_sets,147,7,7,3,171,214,291735,24829364618490375,291735,251,prime_block_le_251,25,2695432382774658040741908270274374888347028088573,111.515643094,531441,13.183347464,12,19,0,,85.7486944951,13.183347464,1.00161606582,0.98907760658,1.03082553992,none_visible,2.95399390308,0.333333333333,2.62066056974,deterministic_seeded_random_sets_same_cardinality,local_obstruction_before_drift,local_residue_sieve,blocked_unfilled,darmon_granville_ceiling,blocked_unfilled,blocked_unfilled,Z,residue_only,blocked_unfilled,blocked_unfilled,negative_control_passed,Q_251,pass_predefined,25,0,13.183347464,0.527333898561,blocked_unfilled,control_class=random_root_sets,13.183347464,local_obstruction_before_drift
rank147_Q251_exact_power_anchor,exact_power_anchor,147,7,7,3,171,214,291735,24829364618490375,291735,251,prime_block_le_251,25,2695432382774658040741908270274374888347028088573,111.515643094,847288609443,27.4653072167,0,0,1,291735,71.4667347424,27.4653072167,1.00154135317,0.972476924454,1.02029086519,constructed_exact_power_root,2.95399390308,0.333333333333,2.62066056974,C_from_near_power_row_as_positive_control,positive_control_survivor,local_residue_sieve,blocked_unfilled,darmon_granville_ceiling,blocked_unfilled,blocked_unfilled,Z,survivor_kandidat_requires_overlap_check,blocked_unfilled,blocked_unfilled,positive_control_passed,Q_251,pass_predefined,25,3.42776835141e-06,27.4653072167,1.09861228867,blocked_unfilled,control_class=exact_power_anchor,27.4653072167,positive_control_survivor
rank148_Q251_actual_near_miss,actual_near_miss,148,6,7,3,180,139,101204,1036556630137664,101204,251,prime_block_le_251,25,2695432382774658040741908270274374888347028088573,111.515643094,531441,13.183347464,12,31,0,,86.8074020693,13.183347464,1.00898167544,0.984338563693,1.06575827042,none_visible,3.22535569074,0.333333333333,2.89202235741,existing_near_power_csv,local_obstruction_before_drift,local_residue_sieve,blocked_unfilled,darmon_granville_ceiling,blocked_unfilled,blocked_unfilled,Z,residue_only,blocked_unfilled,blocked_unfilled,under_test,Q_251,pass_predefined,25,0,13.183347464,0.527333898561,blocked_unfilled,control_class=actual_near_miss,13.183347464,local_obstruction_before_drift
rank148_Q251_random_root_sets,random_root_sets,148,6,7,3,180,139,101204,1036556630137664,101204,251,prime_block_le_251,25,2695432382774658040741908270274374888347028088573,111.515643094,531441,13.183347464,12,31,0,,86.8074020693,13.183347464,0.992329940114,0.944790280577,1.04795265009,none_visible,3.22535569074,0.333333333333,2.89202235741,deterministic_seeded_random_sets_same_cardinality,local_obstruction_before_drift,local_residue_sieve,blocked_unfilled,darmon_granville_ceiling,blocked_unfilled,blocked_unfilled,Z,residue_only,blocked_unfilled,blocked_unfilled,negative_control_passed,Q_251,pass_predefined,25,0,13.183347464,0.527333898561,blocked_unfilled,control_class=random_root_sets,13.183347464,local_obstruction_before_drift
rank148_Q251_exact_power_anchor,exact_power_anchor,148,6,7,3,180,139,101204,1036556630137664,101204,251,prime_block_le_251,25,2695432382774658040741908270274374888347028088573,111.515643094,847288609443,27.4653072167,0,0,1,101204,72.5254423166,27.4653072167,1.0145331688,0.927668647265,1.19858459701,constructed_exact_power_root,3.22535569074,0.333333333333,2.89202235741,C_from_near_power_row_as_positive_control,positive_control_survivor,local_residue_sieve,blocked_unfilled,darmon_granville_ceiling,blocked_unfilled,blocked_unfilled,Z,survivor_kandidat_requires_overlap_check,blocked_unfilled,blocked_unfilled,positive_control_passed,Q_251,pass_predefined,25,9.88103237026e-06,27.4653072167,1.09861228867,blocked_unfilled,control_class=exact_power_anchor,27.4653072167,positive_control_survivor
rank149_Q251_actual_near_miss,actual_near_miss,149,6,7,3,241,201,237820,13450707367768000,237820,251,prime_block_le_251,25,2695432382774658040741908270274374888347028088573,111.515643094,177147,12.0847351753,14,13,0,,87.0516385547,12.0847351753,1.00185635261,0.989355161233,1.02159102589,none_visible,3.00275241926,0.333333333333,2.66941908592,existing_near_power_csv,local_obstruction_before_drift,local_residue_sieve,blocked_unfilled,darmon_granville_ceiling,blocked_unfilled,blocked_unfilled,Z,residue_only,blocked_unfilled,blocked_unfilled,under_test,Q_251,pass_predefined,25,0,12.0847351753,0.483389407014,blocked_unfilled,control_class=actual_near_miss,12.0847351753,local_obstruction_before_drift
rank149_Q251_random_root_sets,random_root_sets,149,6,7,3,241,201,237820,13450707367768000,237820,251,prime_block_le_251,25,2695432382774658040741908270274374888347028088573,111.515643094,177147,12.0847351753,14,13,0,,87.0516385547,12.0847351753,0.993221437315,0.974075164223,1.00087741429,none_visible,3.00275241926,0.333333333333,2.66941908592,deterministic_seeded_random_sets_same_cardinality,local_obstruction_before_drift,local_residue_sieve,blocked_unfilled,darmon_granville_ceiling,blocked_unfilled,blocked_unfilled,Z,residue_only,blocked_unfilled,blocked_unfilled,negative_control_passed,Q_251,pass_predefined,25,0,12.0847351753,0.483389407014,blocked_unfilled,control_class=random_root_sets,12.0847351753,local_obstruction_before_drift
rank149_Q251_exact_power_anchor,exact_power_anchor,149,6,7,3,241,201,237820,13450707367768000,237820,251,prime_block_le_251,25,2695432382774658040741908270274374888347028088573,111.515643094,847288609443,27.4653072167,0,0,1,237820,71.6710665134,27.4653072167,1.005747305,0.978212747269,1.03919771256,constructed_exact_power_root,3.00275241926,0.333333333333,2.66941908592,C_from_near_power_row_as_positive_control,positive_control_survivor,local_residue_sieve,blocked_unfilled,darmon_granville_ceiling,blocked_unfilled,blocked_unfilled,Z,survivor_kandidat_requires_overlap_check,blocked_unfilled,blocked_unfilled,positive_control_passed,Q_251,pass_predefined,25,4.20486081911e-06,27.4653072167,1.09861228867,blocked_unfilled,control_class=exact_power_anchor,27.4653072167,positive_control_survivor
rank150_Q251_actual_near_miss,actual_near_miss,150,7,7,3,161,185,217016,10220573438660096,217016,251,prime_block_le_251,25,2695432382774658040741908270274374888347028088573,111.515643094,531441,13.183347464,13,7,0,,86.0445692675,13.183347464,1.00320029469,0.960720766108,1.04994562613,none_visible,3.02512278795,0.333333333333,2.69178945462,existing_near_power_csv,local_obstruction_before_drift,local_residue_sieve,blocked_unfilled,darmon_granville_ceiling,blocked_unfilled,blocked_unfilled,Z,residue_only,blocked_unfilled,blocked_unfilled,under_test,Q_251,pass_predefined,25,0,13.183347464,0.527333898561,blocked_unfilled,control_class=actual_near_miss,13.183347464,local_obstruction_before_drift
rank150_Q251_random_root_sets,random_root_sets,150,7,7,3,161,185,217016,10220573438660096,217016,251,prime_block_le_251,25,2695432382774658040741908270274374888347028088573,111.515643094,531441,13.183347464,13,7,0,,86.0445692675,13.183347464,0.994804972719,0.932464272988,1.0266135011,none_visible,3.02512278795,0.333333333333,2.69178945462,deterministic_seeded_random_sets_same_cardinality,local_obstruction_before_drift,local_residue_sieve,blocked_unfilled,darmon_granville_ceiling,blocked_unfilled,blocked_unfilled,Z,residue_only,blocked_unfilled,blocked_unfilled,negative_control_passed,Q_251,pass_predefined,25,0,13.183347464,0.527333898561,blocked_unfilled,control_class=random_root_sets,13.183347464,local_obstruction_before_drift
rank150_Q251_exact_power_anchor,exact_power_anchor,150,7,7,3,161,185,217016,10220573438660096,217016,251,prime_block_le_251,25,2695432382774658040741908270274374888347028088573,111.515643094,847288609443,27.4653072167,0,0,1,217016,71.7626095149,27.4653072167,1.00650634737,0.982684840442,1.04227184478,constructed_exact_power_root,3.02512278795,0.333333333333,2.69178945462,C_from_near_power_row_as_positive_control,positive_control_survivor,local_residue_sieve,blocked_unfilled,darmon_granville_ceiling,blocked_unfilled,blocked_unfilled,Z,survivor_kandidat_requires_overlap_check,blocked_unfilled,blocked_unfilled,positive_control_passed,Q_251,pass_predefined,25,4.60795517381e-06,27.4653072167,1.09861228867,blocked_unfilled,control_class=exact_power_anchor,27.4653072167,positive_control_survivor
rank151_Q251_actual_near_miss,actual_near_miss,151,6,7,3,203,178,178961,5731591019717681,178961,251,prime_block_le_251,25,2695432382774658040741908270274374888347028088573,111.515643094,6561,8.78889830934,17,7,0,,90.6318216007,8.78889830934,1.01332240251,0.99965417667,1.04998978673,none_visible,3.0733457721,0.333333333333,2.74001243876,existing_near_power_csv,local_obstruction_before_drift,local_residue_sieve,blocked_unfilled,darmon_granville_ceiling,blocked_unfilled,blocked_unfilled,Z,residue_only,blocked_unfilled,blocked_unfilled,under_test,Q_251,pass_predefined,25,0,8.78889830934,0.351555932374,blocked_unfilled,control_class=actual_near_miss,8.78889830934,local_obstruction_before_drift
rank151_Q251_random_root_sets,random_root_sets,151,6,7,3,203,178,178961,5731591019717681,178961,251,prime_block_le_251,25,2695432382774658040741908270274374888347028088573,111.515643094,6561,8.78889830934,17,7,0,,90.6318216007,8.78889830934,0.97961611393,0.899991245765,1.00064197724,none_visible,3.0733457721,0.333333333333,2.74001243876,deterministic_seeded_random_sets_same_cardinality,local_obstruction_before_drift,local_residue_sieve,blocked_unfilled,darmon_granville_ceiling,blocked_unfilled,blocked_unfilled,Z,residue_only,blocked_unfilled,blocked_unfilled,negative_control_passed,Q_251,pass_predefined,25,0,8.78889830934,0.351555932374,blocked_unfilled,control_class=random_root_sets,8.78889830934,local_obstruction_before_drift
rank151_Q251_exact_power_anchor,exact_power_anchor,151,6,7,3,203,178,178961,5731591019717681,178961,251,prime_block_le_251,25,2695432382774658040741908270274374888347028088573,111.515643094,282429536481,26.366694928,0,0,1,178961,73.0540249821,26.366694928,1.00899828785,0.988387289844,1.07305502316,constructed_exact_power_root,3.0733457721,0.333333333333,2.74001243876,C_from_near_power_row_as_positive_control,positive_control_survivor,local_residue_sieve,blocked_unfilled,darmon_granville_ceiling,blocked_unfilled,blocked_unfilled,Z,survivor_kandidat_requires_overlap_check,blocked_unfilled,blocked_unfilled,positive_control_passed,Q_251,pass_predefined,25,5.5878096345e-06,26.366694928,1.05466779712,blocked_unfilled,control_class=exact_power_anchor,26.366694928,positive_control_survivor
rank152_Q251_actual_near_miss,actual_near_miss,152,6,7,3,201,128,85676,628894137795776,85676,251,prime_block_le_251,25,2695432382774658040741908270274374888347028088573,111.515643094,6561,8.78889830934,17,7,0,,91.368416766,8.78889830934,0.99061080616,0.967535313922,1.00469858018,none_visible,3.27265430002,0.333333333333,2.93932096668,existing_near_power_csv,local_obstruction_before_drift,local_residue_sieve,blocked_unfilled,darmon_granville_ceiling,blocked_unfilled,blocked_unfilled,Z,residue_only,blocked_unfilled,blocked_unfilled,under_test,Q_251,pass_predefined,25,0,8.78889830934,0.351555932374,blocked_unfilled,control_class=actual_near_miss,8.78889830934,local_obstruction_before_drift
rank152_Q251_random_root_sets,random_root_sets,152,6,7,3,201,128,85676,628894137795776,85676,251,prime_block_le_251,25,2695432382774658040741908270274374888347028088573,111.515643094,6561,8.78889830934,17,7,0,,91.368416766,8.78889830934,1.00554377251,0.969649221097,1.06379849666,none_visible,3.27265430002,0.333333333333,2.93932096668,deterministic_seeded_random_sets_same_cardinality,local_obstruction_before_drift,local_residue_sieve,blocked_unfilled,darmon_granville_ceiling,blocked_unfilled,blocked_unfilled,Z,residue_only,blocked_unfilled,blocked_unfilled,negative_control_passed,Q_251,pass_predefined,25,0,8.78889830934,0.351555932374,blocked_unfilled,control_class=random_root_sets,8.78889830934,local_obstruction_before_drift
rank152_Q251_exact_power_anchor,exact_power_anchor,152,6,7,3,201,128,85676,628894137795776,85676,251,prime_block_le_251,25,2695432382774658040741908270274374888347028088573,111.515643094,847288609443,27.4653072167,0,0,1,85676,72.6920078587,27.4653072167,1.01948901373,0.98384093043,1.0983939493,constructed_exact_power_root,3.27265430002,0.333333333333,2.93932096668,C_from_near_power_row_as_positive_control,positive_control_survivor,local_residue_sieve,blocked_unfilled,darmon_granville_ceiling,blocked_unfilled,blocked_unfilled,Z,survivor_kandidat_requires_overlap_check,blocked_unfilled,blocked_unfilled,positive_control_passed,Q_251,pass_predefined,25,1.16718801064e-05,27.4653072167,1.09861228867,blocked_unfilled,control_class=exact_power_anchor,27.4653072167,positive_control_survivor
rank153_Q251_actual_near_miss,actual_near_miss,153,6,6,4,74,203,2894,70144578055696,2894,251,prime_block_le_251,53,32133165458954322436165317614053356655440093295804604057122379340449075183940351576262600371617210115,231.425812895,33554432,17.328679514,33,3,0,,206.126738474,17.328679514,0.859423307751,0,2.02565653075,none_visible,7.25891927532,0.25,7.00891927532,existing_near_power_csv,local_obstruction_before_drift,local_residue_sieve,blocked_unfilled,darmon_granville_ceiling,blocked_unfilled,blocked_unfilled,Z,residue_only,blocked_unfilled,blocked_unfilled,under_test,Q_251,pass_predefined,53,0,17.328679514,0.326956217245,blocked_unfilled,control_class=actual_near_miss,17.328679514,local_obstruction_before_drift
rank153_Q251_random_root_sets,random_root_sets,153,6,6,4,74,203,2894,70144578055696,2894,251,prime_block_le_251,53,32133165458954322436165317614053356655440093295804604057122379340449075183940351576262600371617210115,231.425812895,33554432,17.328679514,33,3,0,,206.126738474,17.328679514,1.25888180628,0,5.18218728404,none_visible,7.25891927532,0.25,7.00891927532,deterministic_seeded_random_sets_same_cardinality,local_obstruction_before_drift,local_residue_sieve,blocked_unfilled,darmon_granville_ceiling,blocked_unfilled,blocked_unfilled,Z,residue_only,blocked_unfilled,blocked_unfilled,negative_control_passed,Q_251,pass_predefined,53,0,17.328679514,0.326956217245,blocked_unfilled,control_class=random_root_sets,17.328679514,local_obstruction_before_drift
rank153_Q251_exact_power_anchor,exact_power_anchor,153,6,6,4,74,203,2894,70144578055696,2894,251,prime_block_le_251,53,32133165458954322436165317614053356655440093295804604057122379340449075183940351576262600371617210115,231.425812895,151115727451828646838272,53.3723329031,0,0,1,2894,170.083085085,53.3723329031,1.06424480966,0.634739979267,1.49153420871,constructed_exact_power_root,7.25891927532,0.25,7.00891927532,C_from_near_power_row_as_positive_control,positive_control_survivor,local_residue_sieve,blocked_unfilled,darmon_granville_ceiling,blocked_unfilled,blocked_unfilled,Z,survivor_kandidat_requires_overlap_check,blocked_unfilled,blocked_unfilled,positive_control_passed,Q_251,pass_predefined,53,0.000345542501728,53.3723329031,1.00702514912,blocked_unfilled,control_class=exact_power_anchor,53.3723329031,positive_control_survivor
rank154_Q251_actual_near_miss,actual_near_miss,154,6,6,3,153,250,63576,256968328766976,63576,251,prime_block_le_251,25,2695432382774658040741908270274374888347028088573,111.515643094,59049,10.9861228867,15,7,0,,89.4695288878,10.9861228867,1.01175476576,0.98556583197,1.06450372607,none_visible,3.36093220665,0.333333333333,3.02759887331,existing_near_power_csv,local_obstruction_before_drift,local_residue_sieve,blocked_unfilled,darmon_granville_ceiling,blocked_unfilled,blocked_unfilled,Z,residue_only,blocked_unfilled,blocked_unfilled,under_test,Q_251,pass_predefined,25,0,10.9861228867,0.439444915467,blocked_unfilled,control_class=actual_near_miss,10.9861228867,local_obstruction_before_drift
rank154_Q251_random_root_sets,random_root_sets,154,6,6,3,153,250,63576,256968328766976,63576,251,prime_block_le_251,25,2695432382774658040741908270274374888347028088573,111.515643094,59049,10.9861228867,15,7,0,,89.4695288878,10.9861228867,0.986831353395,0.868079149365,1.03992946325,none_visible,3.36093220665,0.333333333333,3.02759887331,deterministic_seeded_random_sets_same_cardinality,local_obstruction_before_drift,local_residue_sieve,blocked_unfilled,darmon_granville_ceiling,blocked_unfilled,blocked_unfilled,Z,residue_only,blocked_unfilled,blocked_unfilled,negative_control_passed,Q_251,pass_predefined,25,0,10.9861228867,0.439444915467,blocked_unfilled,control_class=random_root_sets,10.9861228867,local_obstruction_before_drift
rank154_Q251_exact_power_anchor,exact_power_anchor,154,6,6,3,153,250,63576,256968328766976,63576,251,prime_block_le_251,25,2695432382774658040741908270274374888347028088573,111.515643094,847288609443,27.4653072167,0,0,1,63576,72.9903445578,27.4653072167,1.00799626227,0.822340366036,1.24948967465,constructed_exact_power_root,3.36093220665,0.333333333333,3.02759887331,C_from_near_power_row_as_positive_control,positive_control_survivor,local_residue_sieve,blocked_unfilled,darmon_granville_ceiling,blocked_unfilled,blocked_unfilled,Z,survivor_kandidat_requires_overlap_check,blocked_unfilled,blocked_unfilled,positive_control_passed,Q_251,pass_predefined,25,1.57292059897e-05,27.4653072167,1.09861228867,blocked_unfilled,control_class=exact_power_anchor,27.4653072167,positive_control_survivor
rank155_Q251_actual_near_miss,actual_near_miss,155,6,7,3,65,93,39202,60245508310408,39202,251,prime_block_le_251,25,2695432382774658040741908270274374888347028088573,111.515643094,1594323,14.2819597527,12,7,0,,86.6572002965,14.2819597527,0.976631955664,0.625693700435,1.0915571201,none_visible,3.51457860554,0.333333333333,3.1812452722,existing_near_power_csv,local_obstruction_before_drift,local_residue_sieve,blocked_unfilled,darmon_granville_ceiling,blocked_unfilled,blocked_unfilled,Z,residue_only,blocked_unfilled,blocked_unfilled,under_test,Q_251,pass_predefined,25,0,14.2819597527,0.571278390107,blocked_unfilled,control_class=actual_near_miss,14.2819597527,local_obstruction_before_drift
rank155_Q251_random_root_sets,random_root_sets,155,6,7,3,65,93,39202,60245508310408,39202,251,prime_block_le_251,25,2695432382774658040741908270274374888347028088573,111.515643094,1594323,14.2819597527,12,7,0,,86.6572002965,14.2819597527,1.03259329173,0.938540550652,1.30266312943,none_visible,3.51457860554,0.333333333333,3.1812452722,deterministic_seeded_random_sets_same_cardinality,local_obstruction_before_drift,local_residue_sieve,blocked_unfilled,darmon_granville_ceiling,blocked_unfilled,blocked_unfilled,Z,residue_only,blocked_unfilled,blocked_unfilled,negative_control_passed,Q_251,pass_predefined,25,0,14.2819597527,0.571278390107,blocked_unfilled,control_class=random_root_sets,14.2819597527,local_obstruction_before_drift
rank155_Q251_exact_power_anchor,exact_power_anchor,155,6,7,3,65,93,39202,60245508310408,39202,251,prime_block_le_251,25,2695432382774658040741908270274374888347028088573,111.515643094,847288609443,27.4653072167,0,0,1,39202,73.4738528325,27.4653072167,0.992834714593,0.578961390859,1.08857824714,constructed_exact_power_root,3.51457860554,0.333333333333,3.1812452722,C_from_near_power_row_as_positive_control,positive_control_survivor,local_residue_sieve,blocked_unfilled,darmon_granville_ceiling,blocked_unfilled,blocked_unfilled,Z,survivor_kandidat_requires_overlap_check,blocked_unfilled,blocked_unfilled,positive_control_passed,Q_251,pass_predefined,25,2.5508902607e-05,27.4653072167,1.09861228867,blocked_unfilled,control_class=exact_power_anchor,27.4653072167,positive_control_survivor
rank156_Q251_actual_near_miss,actual_near_miss,156,6,6,3,123,193,38063,55145368716047,38063,251,prime_block_le_251,25,2695432382774658040741908270274374888347028088573,111.515643094,19683,9.88751059801,16,7,0,,91.0811345354,9.88751059801,1.10095105483,0.951008123958,1.41194861151,none_visible,3.52440392707,0.333333333333,3.19107059374,existing_near_power_csv,local_obstruction_before_drift,local_residue_sieve,blocked_unfilled,darmon_granville_ceiling,blocked_unfilled,blocked_unfilled,Z,residue_only,blocked_unfilled,blocked_unfilled,under_test,Q_251,pass_predefined,25,0,9.88751059801,0.395500423921,blocked_unfilled,control_class=actual_near_miss,9.88751059801,local_obstruction_before_drift
rank156_Q251_random_root_sets,random_root_sets,156,6,6,3,123,193,38063,55145368716047,38063,251,prime_block_le_251,25,2695432382774658040741908270274374888347028088573,111.515643094,19683,9.88751059801,16,7,0,,91.0811345354,9.88751059801,1.02756212653,0.918331304533,1.25506543246,none_visible,3.52440392707,0.333333333333,3.19107059374,deterministic_seeded_random_sets_same_cardinality,local_obstruction_before_drift,local_residue_sieve,blocked_unfilled,darmon_granville_ceiling,blocked_unfilled,blocked_unfilled,Z,residue_only,blocked_unfilled,blocked_unfilled,negative_control_passed,Q_251,pass_predefined,25,0,9.88751059801,0.395500423921,blocked_unfilled,control_class=random_root_sets,9.88751059801,local_obstruction_before_drift
rank156_Q251_exact_power_anchor,exact_power_anchor,156,6,6,3,123,193,38063,55145368716047,38063,251,prime_block_le_251,25,2695432382774658040741908270274374888347028088573,111.515643094,847288609443,27.4653072167,0,0,1,38063,73.5033379167,27.4653072167,0.998922108668,0.686770763092,1.12171633578,constructed_exact_power_root,3.52440392707,0.333333333333,3.19107059374,C_from_near_power_row_as_positive_control,positive_control_survivor,local_residue_sieve,blocked_unfilled,darmon_granville_ceiling,blocked_unfilled,blocked_unfilled,Z,survivor_kandidat_requires_overlap_check,blocked_unfilled,blocked_unfilled,positive_control_passed,Q_251,pass_predefined,25,2.62722328771e-05,27.4653072167,1.09861228867,blocked_unfilled,control_class=exact_power_anchor,27.4653072167,positive_control_survivor
rank157_Q251_actual_near_miss,actual_near_miss,157,7,7,3,182,229,340966,39639961520548696,340966,251,prime_block_le_251,25,2695432382774658040741908270274374888347028088573,111.515643094,6561,8.78889830934,17,7,0,,89.9872067402,8.78889830934,1.00131065528,1.00001107963,1.00651091311,none_visible,2.91783586668,0.333333333333,2.58450253335,existing_near_power_csv,local_obstruction_before_drift,local_residue_sieve,blocked_unfilled,darmon_granville_ceiling,blocked_unfilled,blocked_unfilled,Z,residue_only,blocked_unfilled,blocked_unfilled,under_test,Q_251,pass_predefined,25,0,8.78889830934,0.351555932374,blocked_unfilled,control_class=actual_near_miss,8.78889830934,local_obstruction_before_drift
rank157_Q251_random_root_sets,random_root_sets,157,7,7,3,182,229,340966,39639961520548696,340966,251,prime_block_le_251,25,2695432382774658040741908270274374888347028088573,111.515643094,6561,8.78889830934,17,7,0,,89.9872067402,8.78889830934,1.00102691429,0.999850099098,1.00616320819,none_visible,2.91783586668,0.333333333333,2.58450253335,deterministic_seeded_random_sets_same_cardinality,local_obstruction_before_drift,local_residue_sieve,blocked_unfilled,darmon_granville_ceiling,blocked_unfilled,blocked_unfilled,Z,residue_only,blocked_unfilled,blocked_unfilled,negative_control_passed,Q_251,pass_predefined,25,0,8.78889830934,0.351555932374,blocked_unfilled,control_class=random_root_sets,8.78889830934,local_obstruction_before_drift
rank157_Q251_exact_power_anchor,exact_power_anchor,157,7,7,3,182,229,340966,39639961520548696,340966,251,prime_block_le_251,25,2695432382774658040741908270274374888347028088573,111.515643094,847288609443,27.4653072167,0,0,1,340966,71.3107978328,27.4653072167,1.00433362966,0.981835595208,1.02732660865,constructed_exact_power_root,2.91783586668,0.333333333333,2.58450253335,C_from_near_power_row_as_positive_control,positive_control_survivor,local_residue_sieve,blocked_unfilled,darmon_granville_ceiling,blocked_unfilled,blocked_unfilled,Z,survivor_kandidat_requires_overlap_check,blocked_unfilled,blocked_unfilled,positive_control_passed,Q_251,pass_predefined,25,2.93284374395e-06,27.4653072167,1.09861228867,blocked_unfilled,control_class=exact_power_anchor,27.4653072167,positive_control_survivor
rank158_Q251_actual_near_miss,actual_near_miss,158,6,7,3,188,165,149981,3373717662443141,149981,251,prime_block_le_251,25,2695432382774658040741908270274374888347028088573,111.515643094,2187,7.69028602068,18,7,0,,91.907093175,7.69028602068,0.999822323173,0.993701424403,1.00481097976,none_visible,3.11890065099,0.333333333333,2.78556731766,existing_near_power_csv,local_obstruction_before_drift,local_residue_sieve,blocked_unfilled,darmon_granville_ceiling,blocked_unfilled,blocked_unfilled,Z,residue_only,blocked_unfilled,blocked_unfilled,under_test,Q_251,pass_predefined,25,0,7.69028602068,0.307611440827,blocked_unfilled,control_class=actual_near_miss,7.69028602068,local_obstruction_before_drift
rank158_Q251_random_root_sets,random_root_sets,158,6,7,3,188,165,149981,3373717662443141,149981,251,prime_block_le_251,25,2695432382774658040741908270274374888347028088573,111.515643094,2187,7.69028602068,18,7,0,,91.907093175,7.69028602068,0.996022582614,0.9682219007,1.01923354736,none_visible,3.11890065099,0.333333333333,2.78556731766,deterministic_seeded_random_sets_same_cardinality,local_obstruction_before_drift,local_residue_sieve,blocked_unfilled,darmon_granville_ceiling,blocked_unfilled,blocked_unfilled,Z,residue_only,blocked_unfilled,blocked_unfilled,negative_control_passed,Q_251,pass_predefined,25,0,7.69028602068,0.307611440827,blocked_unfilled,control_class=random_root_sets,7.69028602068,local_obstruction_before_drift
rank158_Q251_exact_power_anchor,exact_power_anchor,158,6,7,3,188,165,149981,3373717662443141,149981,251,prime_block_le_251,25,2695432382774658040741908270274374888347028088573,111.515643094,94143178827,25.2680826394,0,0,1,149981,74.3292965563,25.2680826394,1.01121527863,0.981262070973,1.0593141798,constructed_exact_power_root,3.11890065099,0.333333333333,2.78556731766,C_from_near_power_row_as_positive_control,positive_control_survivor,local_residue_sieve,blocked_unfilled,darmon_granville_ceiling,blocked_unfilled,blocked_unfilled,Z,survivor_kandidat_requires_overlap_check,blocked_unfilled,blocked_unfilled,positive_control_passed,Q_251,pass_predefined,25,6.66751121809e-06,25.2680826394,1.01072330557,blocked_unfilled,control_class=exact_power_anchor,25.2680826394,positive_control_survivor
rank159_Q251_actual_near_miss,actual_near_miss,159,6,7,3,149,129,84596,605409854140736,84596,251,prime_block_le_251,25,2695432382774658040741908270274374888347028088573,111.515643094,729,6.59167373201,19,7,0,,93.5783270989,6.59167373201,1.01332555781,0.962764196889,1.09458025333,none_visible,3.27631351044,0.333333333333,2.9429801771,existing_near_power_csv,local_obstruction_before_drift,local_residue_sieve,blocked_unfilled,darmon_granville_ceiling,blocked_unfilled,blocked_unfilled,Z,residue_only,blocked_unfilled,blocked_unfilled,under_test,Q_251,pass_predefined,25,0,6.59167373201,0.26366694928,blocked_unfilled,control_class=actual_near_miss,6.59167373201,local_obstruction_before_drift
rank159_Q251_random_root_sets,random_root_sets,159,6,7,3,149,129,84596,605409854140736,84596,251,prime_block_le_251,25,2695432382774658040741908270274374888347028088573,111.515643094,729,6.59167373201,19,7,0,,93.5783270989,6.59167373201,0.999660871804,0.962764196889,1.03019317961,none_visible,3.27631351044,0.333333333333,2.9429801771,deterministic_seeded_random_sets_same_cardinality,local_obstruction_before_drift,local_residue_sieve,blocked_unfilled,darmon_granville_ceiling,blocked_unfilled,blocked_unfilled,Z,residue_only,blocked_unfilled,blocked_unfilled,negative_control_passed,Q_251,pass_predefined,25,0,6.59167373201,0.26366694928,blocked_unfilled,control_class=random_root_sets,6.59167373201,local_obstruction_before_drift
rank159_Q251_exact_power_anchor,exact_power_anchor,159,6,7,3,149,129,84596,605409854140736,84596,251,prime_block_le_251,25,2695432382774658040741908270274374888347028088573,111.515643094,847288609443,27.4653072167,0,0,1,84596,72.7046936142,27.4653072167,1.0293426228,0.927013885605,1.3047661828,constructed_exact_power_root,3.27631351044,0.333333333333,2.9429801771,C_from_near_power_row_as_positive_control,positive_control_survivor,local_residue_sieve,blocked_unfilled,darmon_granville_ceiling,blocked_unfilled,blocked_unfilled,Z,survivor_kandidat_requires_overlap_check,blocked_unfilled,blocked_unfilled,positive_control_passed,Q_251,pass_predefined,25,1.18208898766e-05,27.4653072167,1.09861228867,blocked_unfilled,control_class=exact_power_anchor,27.4653072167,positive_control_survivor
rank160_Q251_actual_near_miss,actual_near_miss,160,6,7,3,204,229,321069,33097495072171509,321069,251,prime_block_le_251,25,2695432382774658040741908270274374888347028088573,111.515643094,14348907,16.47918433,10,13,0,,82.3570474318,16.47918433,0.999380393286,0.959044109937,1.05345891382,none_visible,2.93167246154,0.333333333333,2.5983391282,existing_near_power_csv,local_obstruction_before_drift,local_residue_sieve,blocked_unfilled,darmon_granville_ceiling,blocked_unfilled,blocked_unfilled,Z,residue_only,blocked_unfilled,blocked_unfilled,under_test,Q_251,pass_predefined,25,0,16.47918433,0.659167373201,blocked_unfilled,control_class=actual_near_miss,16.47918433,local_obstruction_before_drift
rank160_Q251_random_root_sets,random_root_sets,160,6,7,3,204,229,321069,33097495072171509,321069,251,prime_block_le_251,25,2695432382774658040741908270274374888347028088573,111.515643094,14348907,16.47918433,10,13,0,,82.3570474318,16.47918433,1.00238264069,0.970269457482,1.05345891382,none_visible,2.93167246154,0.333333333333,2.5983391282,deterministic_seeded_random_sets_same_cardinality,local_obstruction_before_drift,local_residue_sieve,blocked_unfilled,darmon_granville_ceiling,blocked_unfilled,blocked_unfilled,Z,residue_only,blocked_unfilled,blocked_unfilled,negative_control_passed,Q_251,pass_predefined,25,0,16.47918433,0.659167373201,blocked_unfilled,control_class=random_root_sets,16.47918433,local_obstruction_before_drift
rank160_Q251_exact_power_anchor,exact_power_anchor,160,6,7,3,204,229,321069,33097495072171509,321069,251,prime_block_le_251,25,2695432382774658040741908270274374888347028088573,111.515643094,282429536481,26.366694928,0,0,1,321069,72.4695368338,26.366694928,1.00232919819,0.969949000232,1.0426810298,constructed_exact_power_root,2.93167246154,0.333333333333,2.5983391282,C_from_near_power_row_as_positive_control,positive_control_survivor,local_residue_sieve,blocked_unfilled,darmon_granville_ceiling,blocked_unfilled,blocked_unfilled,Z,survivor_kandidat_requires_overlap_check,blocked_unfilled,blocked_unfilled,positive_control_passed,Q_251,pass_predefined,25,3.11459530506e-06,26.366694928,1.05466779712,blocked_unfilled,control_class=exact_power_anchor,26.366694928,positive_control_survivor
rank161_Q251_actual_near_miss,actual_near_miss,161,7,7,3,159,218,296128,25967995095089152,296128,251,prime_block_le_251,25,2695432382774658040741908270274374888347028088573,111.515643094,19683,9.88751059801,15,31,0,,89.0295854238,9.88751059801,1.00031509564,0.99215804577,1.00634035132,none_visible,2.95048951424,0.333333333333,2.61715618091,existing_near_power_csv,local_obstruction_before_drift,local_residue_sieve,blocked_unfilled,darmon_granville_ceiling,blocked_unfilled,blocked_unfilled,Z,residue_only,blocked_unfilled,blocked_unfilled,under_test,Q_251,pass_predefined,25,0,9.88751059801,0.395500423921,blocked_unfilled,control_class=actual_near_miss,9.88751059801,local_obstruction_before_drift
rank161_Q251_random_root_sets,random_root_sets,161,7,7,3,159,218,296128,25967995095089152,296128,251,prime_block_le_251,25,2695432382774658040741908270274374888347028088573,111.515643094,19683,9.88751059801,15,31,0,,89.0295854238,9.88751059801,0.997740800108,0.990416306462,1.001864434,none_visible,2.95048951424,0.333333333333,2.61715618091,deterministic_seeded_random_sets_same_cardinality,local_obstruction_before_drift,local_residue_sieve,blocked_unfilled,darmon_granville_ceiling,blocked_unfilled,blocked_unfilled,Z,residue_only,blocked_unfilled,blocked_unfilled,negative_control_passed,Q_251,pass_predefined,25,0,9.88751059801,0.395500423921,blocked_unfilled,control_class=random_root_sets,9.88751059801,local_obstruction_before_drift
rank161_Q251_exact_power_anchor,exact_power_anchor,161,7,7,3,159,218,296128,25967995095089152,296128,251,prime_block_le_251,25,2695432382774658040741908270274374888347028088573,111.515643094,282429536481,26.366694928,0,0,1,296128,72.5504010938,26.366694928,1.00203220117,0.971019664169,1.05608948383,constructed_exact_power_root,2.95048951424,0.333333333333,2.61715618091,C_from_near_power_row_as_positive_control,positive_control_survivor,local_residue_sieve,blocked_unfilled,darmon_granville_ceiling,blocked_unfilled,blocked_unfilled,Z,survivor_kandidat_requires_overlap_check,blocked_unfilled,blocked_unfilled,positive_control_passed,Q_251,pass_predefined,25,3.37691808947e-06,26.366694928,1.05466779712,blocked_unfilled,control_class=exact_power_anchor,26.366694928,positive_control_survivor
rank162_Q251_actual_near_miss,actual_near_miss,162,7,7,3,131,162,153124,3590292207490624,153124,251,prime_block_le_251,25,2695432382774658040741908270274374888347028088573,111.515643094,4782969,15.3805720414,11,31,0,,84.1960677231,15.3805720414,1.00340079667,0.993216100822,1.0359258582,none_visible,3.11348275941,0.333333333333,2.78014942607,existing_near_power_csv,local_obstruction_before_drift,local_residue_sieve,blocked_unfilled,darmon_granville_ceiling,blocked_unfilled,blocked_unfilled,Z,residue_only,blocked_unfilled,blocked_unfilled,under_test,Q_251,pass_predefined,25,0,15.3805720414,0.615222881654,blocked_unfilled,control_class=actual_near_miss,15.3805720414,local_obstruction_before_drift
rank162_Q251_random_root_sets,random_root_sets,162,7,7,3,131,162,153124,3590292207490624,153124,251,prime_block_le_251,25,2695432382774658040741908270274374888347028088573,111.515643094,4782969,15.3805720414,11,31,0,,84.1960677231,15.3805720414,1.00391537879,0.977595499943,1.06639426579,none_visible,3.11348275941,0.333333333333,2.78014942607,deterministic_seeded_random_sets_same_cardinality,local_obstruction_before_drift,local_residue_sieve,blocked_unfilled,darmon_granville_ceiling,blocked_unfilled,blocked_unfilled,Z,residue_only,blocked_unfilled,blocked_unfilled,negative_control_passed,Q_251,pass_predefined,25,0,15.3805720414,0.615222881654,blocked_unfilled,control_class=random_root_sets,15.3805720414,local_obstruction_before_drift
rank162_Q251_exact_power_anchor,exact_power_anchor,162,7,7,3,131,162,153124,3590292207490624,153124,251,prime_block_le_251,25,2695432382774658040741908270274374888347028088573,111.515643094,847288609443,27.4653072167,0,0,1,153124,72.1113325477,27.4653072167,1.00601349354,0.961120834531,1.0646317146,constructed_exact_power_root,3.11348275941,0.333333333333,2.78014942607,C_from_near_power_row_as_positive_control,positive_control_survivor,local_residue_sieve,blocked_unfilled,darmon_granville_ceiling,blocked_unfilled,blocked_unfilled,Z,survivor_kandidat_requires_overlap_check,blocked_unfilled,blocked_unfilled,positive_control_passed,Q_251,pass_predefined,25,6.53065489407e-06,27.4653072167,1.09861228867,blocked_unfilled,control_class=exact_power_anchor,27.4653072167,positive_control_survivor
rank163_Q251_actual_near_miss,actual_near_miss,163,6,7,3,217,184,193498,7244850723821992,193498,251,prime_block_le_251,25,2695432382774658040741908270274374888347028088573,111.515643094,4782969,15.3805720414,11,7,0,,83.9620485972,15.3805720414,1.01399886374,0.94871379664,1.07748802457,none_visible,3.05362790279,0.333333333333,2.72029456946,existing_near_power_csv,local_obstruction_before_drift,local_residue_sieve,blocked_unfilled,darmon_granville_ceiling,blocked_unfilled,blocked_unfilled,Z,residue_only,blocked_unfilled,blocked_unfilled,under_test,Q_251,pass_predefined,25,0,15.3805720414,0.615222881654,blocked_unfilled,control_class=actual_near_miss,15.3805720414,local_obstruction_before_drift
rank163_Q251_random_root_sets,random_root_sets,163,6,7,3,217,184,193498,7244850723821992,193498,251,prime_block_le_251,25,2695432382774658040741908270274374888347028088573,111.515643094,4782969,15.3805720414,11,7,0,,83.9620485972,15.3805720414,0.990780045607,0.94871379664,1.01395190992,none_visible,3.05362790279,0.333333333333,2.72029456946,deterministic_seeded_random_sets_same_cardinality,local_obstruction_before_drift,local_residue_sieve,blocked_unfilled,darmon_granville_ceiling,blocked_unfilled,blocked_unfilled,Z,residue_only,blocked_unfilled,blocked_unfilled,negative_control_passed,Q_251,pass_predefined,25,0,15.3805720414,0.615222881654,blocked_unfilled,control_class=random_root_sets,15.3805720414,local_obstruction_before_drift
rank163_Q251_exact_power_anchor,exact_power_anchor,163,6,7,3,217,184,193498,7244850723821992,193498,251,prime_block_le_251,25,2695432382774658040741908270274374888347028088573,111.515643094,847288609443,27.4653072167,0,0,1,193498,71.8773134219,27.4653072167,1.00456098599,0.967687865852,1.04308629087,constructed_exact_power_root,3.05362790279,0.333333333333,2.72029456946,C_from_near_power_row_as_positive_control,positive_control_survivor,local_residue_sieve,blocked_unfilled,darmon_granville_ceiling,blocked_unfilled,blocked_unfilled,Z,survivor_kandidat_requires_overlap_check,blocked_unfilled,blocked_unfilled,positive_control_passed,Q_251,pass_predefined,25,5.16801207248e-06,27.4653072167,1.09861228867,blocked_unfilled,control_class=exact_power_anchor,27.4653072167,positive_control_survivor
rank164_Q251_actual_near_miss,actual_near_miss,164,7,7,3,185,199,270421,19775216339828461,270421,251,prime_block_le_251,25,2695432382774658040741908270274374888347028088573,111.515643094,59049,10.9861228867,15,13,0,,88.0217849245,10.9861228867,0.999501508873,0.989818344976,1.00900817614,none_visible,2.97191139649,0.333333333333,2.63857806315,existing_near_power_csv,local_obstruction_before_drift,local_residue_sieve,blocked_unfilled,darmon_granville_ceiling,blocked_unfilled,blocked_unfilled,Z,residue_only,blocked_unfilled,blocked_unfilled,under_test,Q_251,pass_predefined,25,0,10.9861228867,0.439444915467,blocked_unfilled,control_class=actual_near_miss,10.9861228867,local_obstruction_before_drift
rank164_Q251_random_root_sets,random_root_sets,164,7,7,3,185,199,270421,19775216339828461,270421,251,prime_block_le_251,25,2695432382774658040741908270274374888347028088573,111.515643094,59049,10.9861228867,15,13,0,,88.0217849245,10.9861228867,1.00236006034,0.989818344976,1.02114891636,none_visible,2.97191139649,0.333333333333,2.63857806315,deterministic_seeded_random_sets_same_cardinality,local_obstruction_before_drift,local_residue_sieve,blocked_unfilled,darmon_granville_ceiling,blocked_unfilled,blocked_unfilled,Z,residue_only,blocked_unfilled,blocked_unfilled,negative_control_passed,Q_251,pass_predefined,25,0,10.9861228867,0.439444915467,blocked_unfilled,control_class=random_root_sets,10.9861228867,local_obstruction_before_drift
rank164_Q251_exact_power_anchor,exact_power_anchor,164,7,7,3,185,199,270421,19775216339828461,270421,251,prime_block_le_251,25,2695432382774658040741908270274374888347028088573,111.515643094,847288609443,27.4653072167,0,0,1,270421,71.5426005945,27.4653072167,1.00062984781,0.952398913792,1.02814294912,constructed_exact_power_root,2.97191139649,0.333333333333,2.63857806315,C_from_near_power_row_as_positive_control,positive_control_survivor,local_residue_sieve,blocked_unfilled,darmon_granville_ceiling,blocked_unfilled,blocked_unfilled,Z,survivor_kandidat_requires_overlap_check,blocked_unfilled,blocked_unfilled,positive_control_passed,Q_251,pass_predefined,25,3.69793766017e-06,27.4653072167,1.09861228867,blocked_unfilled,control_class=exact_power_anchor,27.4653072167,positive_control_survivor
rank165_Q251_actual_near_miss,actual_near_miss,165,7,7,3,81,199,231344,12381541599555584,231344,251,prime_block_le_251,25,2695432382774658040741908270274374888347028088573,111.515643094,6561,8.78889830934,16,13,0,,90.3750837255,8.78889830934,0.988665928468,0.929230928833,1.01336489768,none_visible,3.00946414033,0.333333333333,2.676130807,existing_near_power_csv,local_obstruction_before_drift,local_residue_sieve,blocked_unfilled,darmon_granville_ceiling,blocked_unfilled,blocked_unfilled,Z,residue_only,blocked_unfilled,blocked_unfilled,under_test,Q_251,pass_predefined,25,0,8.78889830934,0.351555932374,blocked_unfilled,control_class=actual_near_miss,8.78889830934,local_obstruction_before_drift
rank165_Q251_random_root_sets,random_root_sets,165,7,7,3,81,199,231344,12381541599555584,231344,251,prime_block_le_251,25,2695432382774658040741908270274374888347028088573,111.515643094,6561,8.78889830934,16,13,0,,90.3750837255,8.78889830934,1.00126531149,0.994726467944,1.01255753817,none_visible,3.00946414033,0.333333333333,2.676130807,deterministic_seeded_random_sets_same_cardinality,local_obstruction_before_drift,local_residue_sieve,blocked_unfilled,darmon_granville_ceiling,blocked_unfilled,blocked_unfilled,Z,residue_only,blocked_unfilled,blocked_unfilled,negative_control_passed,Q_251,pass_predefined,25,0,8.78889830934,0.351555932374,blocked_unfilled,control_class=random_root_sets,8.78889830934,local_obstruction_before_drift
rank165_Q251_exact_power_anchor,exact_power_anchor,165,7,7,3,81,199,231344,12381541599555584,231344,251,prime_block_le_251,25,2695432382774658040741908270274374888347028088573,111.515643094,282429536481,26.366694928,0,0,1,231344,72.7972871068,26.366694928,1.00423489519,0.947834778031,1.0329936756,constructed_exact_power_root,3.00946414033,0.333333333333,2.676130807,C_from_near_power_row_as_positive_control,positive_control_survivor,local_residue_sieve,blocked_unfilled,darmon_granville_ceiling,blocked_unfilled,blocked_unfilled,Z,survivor_kandidat_requires_overlap_check,blocked_unfilled,blocked_unfilled,positive_control_passed,Q_251,pass_predefined,25,4.32256725915e-06,26.366694928,1.05466779712,blocked_unfilled,control_class=exact_power_anchor,26.366694928,positive_control_survivor
rank166_Q251_actual_near_miss,actual_near_miss,166,6,7,3,221,161,142940,2920527724184000,142940,251,prime_block_le_251,25,2695432382774658040741908270274374888347028088573,111.515643094,243,5.49306144334,19,19,0,,94.15240141,5.49306144334,1.0005461499,0.987994962922,1.02148998026,none_visible,3.13153467575,0.333333333333,2.79820134241,existing_near_power_csv,local_obstruction_before_drift,local_residue_sieve,blocked_unfilled,darmon_granville_ceiling,blocked_unfilled,blocked_unfilled,Z,residue_only,blocked_unfilled,blocked_unfilled,under_test,Q_251,pass_predefined,25,0,5.49306144334,0.219722457734,blocked_unfilled,control_class=actual_near_miss,5.49306144334,local_obstruction_before_drift
rank166_Q251_random_root_sets,random_root_sets,166,6,7,3,221,161,142940,2920527724184000,142940,251,prime_block_le_251,25,2695432382774658040741908270274374888347028088573,111.515643094,243,5.49306144334,19,19,0,,94.15240141,5.49306144334,0.999817328172,0.987994962922,1.00606081806,none_visible,3.13153467575,0.333333333333,2.79820134241,deterministic_seeded_random_sets_same_cardinality,local_obstruction_before_drift,local_residue_sieve,blocked_unfilled,darmon_granville_ceiling,blocked_unfilled,blocked_unfilled,Z,residue_only,blocked_unfilled,blocked_unfilled,negative_control_passed,Q_251,pass_predefined,25,0,5.49306144334,0.219722457734,blocked_unfilled,control_class=random_root_sets,5.49306144334,local_obstruction_before_drift
rank166_Q251_exact_power_anchor,exact_power_anchor,166,6,7,3,221,161,142940,2920527724184000,142940,251,prime_block_le_251,25,2695432382774658040741908270274374888347028088573,111.515643094,282429536481,26.366694928,0,0,1,142940,73.2787679253,26.366694928,1.00654768382,0.992393856008,1.04445377237,constructed_exact_power_root,3.13153467575,0.333333333333,2.79820134241,C_from_near_power_row_as_positive_control,positive_control_survivor,local_residue_sieve,blocked_unfilled,darmon_granville_ceiling,blocked_unfilled,blocked_unfilled,Z,survivor_kandidat_requires_overlap_check,blocked_unfilled,blocked_unfilled,positive_control_passed,Q_251,pass_predefined,25,6.99594235344e-06,26.366694928,1.05466779712,blocked_unfilled,control_class=exact_power_anchor,26.366694928,positive_control_survivor
rank167_Q251_actual_near_miss,actual_near_miss,167,6,7,4,127,91,2734,55871977259536,2734,251,prime_block_le_251,53,32133165458954322436165317614053356655440093295804604057122379340449075183940351576262600371617210115,231.425812895,16777216,16.6355323334,31,3,0,,206.876759544,16.6355323334,1.02271223047,0,2.54604059985,none_visible,7.31108859096,0.25,7.06108859096,existing_near_power_csv,local_obstruction_before_drift,local_residue_sieve,blocked_unfilled,darmon_granville_ceiling,blocked_unfilled,blocked_unfilled,Z,residue_only,blocked_unfilled,blocked_unfilled,under_test,Q_251,pass_predefined,53,0,16.6355323334,0.313877968555,blocked_unfilled,control_class=actual_near_miss,16.6355323334,local_obstruction_before_drift
rank167_Q251_random_root_sets,random_root_sets,167,6,7,4,127,91,2734,55871977259536,2734,251,prime_block_le_251,53,32133165458954322436165317614053356655440093295804604057122379340449075183940351576262600371617210115,231.425812895,16777216,16.6355323334,31,3,0,,206.876759544,16.6355323334,1.00296421604,0,4.83641185077,none_visible,7.31108859096,0.25,7.06108859096,deterministic_seeded_random_sets_same_cardinality,local_obstruction_before_drift,local_residue_sieve,blocked_unfilled,darmon_granville_ceiling,blocked_unfilled,blocked_unfilled,Z,residue_only,blocked_unfilled,blocked_unfilled,negative_control_passed,Q_251,pass_predefined,53,0,16.6355323334,0.313877968555,blocked_unfilled,control_class=random_root_sets,16.6355323334,local_obstruction_before_drift
rank167_Q251_exact_power_anchor,exact_power_anchor,167,6,7,4,127,91,2734,55871977259536,2734,251,prime_block_le_251,53,32133165458954322436165317614053356655440093295804604057122379340449075183940351576262600371617210115,231.425812895,151115727451828646838272,53.3723329031,0,0,1,2734,170.139958975,53.3723329031,1.08564793648,0.924012435991,1.57882223848,constructed_exact_power_root,7.31108859096,0.25,7.06108859096,C_from_near_power_row_as_positive_control,positive_control_survivor,local_residue_sieve,blocked_unfilled,darmon_granville_ceiling,blocked_unfilled,blocked_unfilled,Z,survivor_kandidat_requires_overlap_check,blocked_unfilled,blocked_unfilled,positive_control_passed,Q_251,pass_predefined,53,0.000365764447696,53.3723329031,1.00702514912,blocked_unfilled,control_class=exact_power_anchor,53.3723329031,positive_control_survivor
rank168_Q251_actual_near_miss,actual_near_miss,168,7,7,3,193,250,414101,71009889658672301,414101,251,prime_block_le_251,25,2695432382774658040741908270274374888347028088573,111.515643094,177147,12.0847351753,14,7,0,,86.4970427343,12.0847351753,1.00009823154,0.989751829197,1.00938257414,none_visible,2.8739963268,0.333333333333,2.54066299347,existing_near_power_csv,local_obstruction_before_drift,local_residue_sieve,blocked_unfilled,darmon_granville_ceiling,blocked_unfilled,blocked_unfilled,Z,residue_only,blocked_unfilled,blocked_unfilled,under_test,Q_251,pass_predefined,25,0,12.0847351753,0.483389407014,blocked_unfilled,control_class=actual_near_miss,12.0847351753,local_obstruction_before_drift
rank168_Q251_random_root_sets,random_root_sets,168,7,7,3,193,250,414101,71009889658672301,414101,251,prime_block_le_251,25,2695432382774658040741908270274374888347028088573,111.515643094,177147,12.0847351753,14,7,0,,86.4970427343,12.0847351753,1.003165465,0.995101839084,1.02176924631,none_visible,2.8739963268,0.333333333333,2.54066299347,deterministic_seeded_random_sets_same_cardinality,local_obstruction_before_drift,local_residue_sieve,blocked_unfilled,darmon_granville_ceiling,blocked_unfilled,blocked_unfilled,Z,residue_only,blocked_unfilled,blocked_unfilled,negative_control_passed,Q_251,pass_predefined,25,0,12.0847351753,0.483389407014,blocked_unfilled,control_class=random_root_sets,12.0847351753,local_obstruction_before_drift
rank168_Q251_exact_power_anchor,exact_power_anchor,168,7,7,3,193,250,414101,71009889658672301,414101,251,prime_block_le_251,25,2695432382774658040741908270274374888347028088573,111.515643094,847288609443,27.4653072167,0,0,1,414101,71.116470693,27.4653072167,1.00244255137,0.984184212708,1.03657749626,constructed_exact_power_root,2.8739963268,0.333333333333,2.54066299347,C_from_near_power_row_as_positive_control,positive_control_survivor,local_residue_sieve,blocked_unfilled,darmon_granville_ceiling,blocked_unfilled,blocked_unfilled,Z,survivor_kandidat_requires_overlap_check,blocked_unfilled,blocked_unfilled,positive_control_passed,Q_251,pass_predefined,25,2.41486980229e-06,27.4653072167,1.09861228867,blocked_unfilled,control_class=exact_power_anchor,27.4653072167,positive_control_survivor
rank169_Q251_actual_near_miss,actual_near_miss,169,7,7,3,229,237,421762,75024367721822728,421762,251,prime_block_le_251,25,2695432382774658040741908270274374888347028088573,111.515643094,19683,9.88751059801,16,7,0,,88.6759360432,9.88751059801,1.00357741912,0.99894200468,1.0177488199,none_visible,2.86992875429,0.333333333333,2.53659542096,existing_near_power_csv,local_obstruction_before_drift,local_residue_sieve,blocked_unfilled,darmon_granville_ceiling,blocked_unfilled,blocked_unfilled,Z,residue_only,blocked_unfilled,blocked_unfilled,under_test,Q_251,pass_predefined,25,0,9.88751059801,0.395500423921,blocked_unfilled,control_class=actual_near_miss,9.88751059801,local_obstruction_before_drift
rank169_Q251_random_root_sets,random_root_sets,169,7,7,3,229,237,421762,75024367721822728,421762,251,prime_block_le_251,25,2695432382774658040741908270274374888347028088573,111.515643094,19683,9.88751059801,16,7,0,,88.6759360432,9.88751059801,0.998817000004,0.974131013331,1.00573388151,none_visible,2.86992875429,0.333333333333,2.53659542096,deterministic_seeded_random_sets_same_cardinality,local_obstruction_before_drift,local_residue_sieve,blocked_unfilled,darmon_granville_ceiling,blocked_unfilled,blocked_unfilled,Z,residue_only,blocked_unfilled,blocked_unfilled,negative_control_passed,Q_251,pass_predefined,25,0,9.88751059801,0.395500423921,blocked_unfilled,control_class=random_root_sets,9.88751059801,local_obstruction_before_drift
rank169_Q251_exact_power_anchor,exact_power_anchor,169,7,7,3,229,237,421762,75024367721822728,421762,251,prime_block_le_251,25,2695432382774658040741908270274374888347028088573,111.515643094,282429536481,26.366694928,0,0,1,421762,72.1967517132,26.366694928,1.00286963009,0.974131013331,1.02245447538,constructed_exact_power_root,2.86992875429,0.333333333333,2.53659542096,C_from_near_power_row_as_positive_control,positive_control_survivor,local_residue_sieve,blocked_unfilled,darmon_granville_ceiling,blocked_unfilled,blocked_unfilled,Z,survivor_kandidat_requires_overlap_check,blocked_unfilled,blocked_unfilled,positive_control_passed,Q_251,pass_predefined,25,2.37100544857e-06,26.366694928,1.05466779712,blocked_unfilled,control_class=exact_power_anchor,26.366694928,positive_control_survivor
rank170_Q251_actual_near_miss,actual_near_miss,170,4,5,3,194,235,8955,718119583875,8955,251,prime_block_le_251,25,2695432382774658040741908270274374888347028088573,111.515643094,59049,10.9861228867,14,7,0,,91.4295528929,10.9861228867,0.866139338669,0,1.44183882375,none_visible,4.08483676333,0.333333333333,3.75150343,existing_near_power_csv,local_obstruction_before_drift,local_residue_sieve,blocked_unfilled,darmon_granville_ceiling,blocked_unfilled,blocked_unfilled,Z,residue_only,blocked_unfilled,blocked_unfilled,under_test,Q_251,pass_predefined,25,0,10.9861228867,0.439444915467,blocked_unfilled,control_class=actual_near_miss,10.9861228867,local_obstruction_before_drift
rank170_Q251_random_root_sets,random_root_sets,170,4,5,3,194,235,8955,718119583875,8955,251,prime_block_le_251,25,2695432382774658040741908270274374888347028088573,111.515643094,59049,10.9861228867,14,7,0,,91.4295528929,10.9861228867,1.00656740493,0,1.75146100875,none_visible,4.08483676333,0.333333333333,3.75150343,deterministic_seeded_random_sets_same_cardinality,local_obstruction_before_drift,local_residue_sieve,blocked_unfilled,darmon_granville_ceiling,blocked_unfilled,blocked_unfilled,Z,residue_only,blocked_unfilled,blocked_unfilled,negative_control_passed,Q_251,pass_predefined,25,0,10.9861228867,0.439444915467,blocked_unfilled,control_class=random_root_sets,10.9861228867,local_obstruction_before_drift
rank170_Q251_exact_power_anchor,exact_power_anchor,170,4,5,3,194,235,8955,718119583875,8955,251,prime_block_le_251,25,2695432382774658040741908270274374888347028088573,111.515643094,282429536481,26.366694928,0,0,1,8955,76.0489808516,26.366694928,1.20975608495,0.633624914697,2.85925925926,constructed_exact_power_root,4.08483676333,0.333333333333,3.75150343,C_from_near_power_row_as_positive_control,positive_control_survivor,local_residue_sieve,blocked_unfilled,darmon_granville_ceiling,blocked_unfilled,blocked_unfilled,Z,survivor_kandidat_requires_overlap_check,blocked_unfilled,blocked_unfilled,positive_control_passed,Q_251,pass_predefined,25,0.000111669458403,26.366694928,1.05466779712,blocked_unfilled,control_class=exact_power_anchor,26.366694928,positive_control_survivor
rank171_Q251_actual_near_miss,actual_near_miss,171,7,7,3,87,218,286175,23436625181609375,286175,251,prime_block_le_251,25,2695432382774658040741908270274374888347028088573,111.515643094,2187,7.69028602068,17,7,0,,91.2609982826,7.69028602068,0.996023245849,0.978166040593,1.0062397717,none_visible,2.95851795148,0.333333333333,2.62518461815,existing_near_power_csv,local_obstruction_before_drift,local_residue_sieve,blocked_unfilled,darmon_granville_ceiling,blocked_unfilled,blocked_unfilled,Z,residue_only,blocked_unfilled,blocked_unfilled,under_test,Q_251,pass_predefined,25,0,7.69028602068,0.307611440827,blocked_unfilled,control_class=actual_near_miss,7.69028602068,local_obstruction_before_drift
rank171_Q251_random_root_sets,random_root_sets,171,7,7,3,87,218,286175,23436625181609375,286175,251,prime_block_le_251,25,2695432382774658040741908270274374888347028088573,111.515643094,2187,7.69028602068,17,7,0,,91.2609982826,7.69028602068,0.9979099258,0.98366733642,1.02306009338,none_visible,2.95851795148,0.333333333333,2.62518461815,deterministic_seeded_random_sets_same_cardinality,local_obstruction_before_drift,local_residue_sieve,blocked_unfilled,darmon_granville_ceiling,blocked_unfilled,blocked_unfilled,Z,residue_only,blocked_unfilled,blocked_unfilled,negative_control_passed,Q_251,pass_predefined,25,0,7.69028602068,0.307611440827,blocked_unfilled,control_class=random_root_sets,7.69028602068,local_obstruction_before_drift
rank171_Q251_exact_power_anchor,exact_power_anchor,171,7,7,3,87,218,286175,23436625181609375,286175,251,prime_block_le_251,25,2695432382774658040741908270274374888347028088573,111.515643094,847288609443,27.4653072167,0,0,1,286175,71.4859770866,27.4653072167,1.00424190068,0.978166040593,1.07068052765,constructed_exact_power_root,2.95851795148,0.333333333333,2.62518461815,C_from_near_power_row_as_positive_control,positive_control_survivor,local_residue_sieve,blocked_unfilled,darmon_granville_ceiling,blocked_unfilled,blocked_unfilled,Z,survivor_kandidat_requires_overlap_check,blocked_unfilled,blocked_unfilled,positive_control_passed,Q_251,pass_predefined,25,3.4943653359e-06,27.4653072167,1.09861228867,blocked_unfilled,control_class=exact_power_anchor,27.4653072167,positive_control_survivor
rank172_Q251_actual_near_miss,actual_near_miss,172,7,7,3,157,199,245021,14709906899144261,245021,251,prime_block_le_251,25,2695432382774658040741908270274374888347028088573,111.515643094,19683,9.88751059801,16,31,0,,89.2190332959,9.88751059801,1.00481086882,0.992218354073,1.02758221631,none_visible,2.99553419888,0.333333333333,2.66220086555,existing_near_power_csv,local_obstruction_before_drift,local_residue_sieve,blocked_unfilled,darmon_granville_ceiling,blocked_unfilled,blocked_unfilled,Z,residue_only,blocked_unfilled,blocked_unfilled,under_test,Q_251,pass_predefined,25,0,9.88751059801,0.395500423921,blocked_unfilled,control_class=actual_near_miss,9.88751059801,local_obstruction_before_drift
rank172_Q251_random_root_sets,random_root_sets,172,7,7,3,157,199,245021,14709906899144261,245021,251,prime_block_le_251,25,2695432382774658040741908270274374888347028088573,111.515643094,19683,9.88751059801,16,31,0,,89.2190332959,9.88751059801,0.993957037243,0.978671215937,1.00581038632,none_visible,2.99553419888,0.333333333333,2.66220086555,deterministic_seeded_random_sets_same_cardinality,local_obstruction_before_drift,local_residue_sieve,blocked_unfilled,darmon_granville_ceiling,blocked_unfilled,blocked_unfilled,Z,residue_only,blocked_unfilled,blocked_unfilled,negative_control_passed,Q_251,pass_predefined,25,0,9.88751059801,0.395500423921,blocked_unfilled,control_class=random_root_sets,9.88751059801,local_obstruction_before_drift
rank172_Q251_exact_power_anchor,exact_power_anchor,172,7,7,3,157,199,245021,14709906899144261,245021,251,prime_block_le_251,25,2695432382774658040741908270274374888347028088573,111.515643094,282429536481,26.366694928,0,0,1,245021,72.7398489659,26.366694928,1.00076508937,0.926306089863,1.03205303491,constructed_exact_power_root,2.99553419888,0.333333333333,2.66220086555,C_from_near_power_row_as_positive_control,positive_control_survivor,local_residue_sieve,blocked_unfilled,darmon_granville_ceiling,blocked_unfilled,blocked_unfilled,Z,survivor_kandidat_requires_overlap_check,blocked_unfilled,blocked_unfilled,positive_control_passed,Q_251,pass_predefined,25,4.08128282882e-06,26.366694928,1.05466779712,blocked_unfilled,control_class=exact_power_anchor,26.366694928,positive_control_survivor
rank173_Q251_actual_near_miss,actual_near_miss,173,5,5,3,79,219,7973,506833476317,7973,251,prime_block_le_251,25,2695432382774658040741908270274374888347028088573,111.515643094,177147,12.0847351753,14,37,0,,90.4470918062,12.0847351753,1.08277380604,0.961118775869,1.50587399139,none_visible,4.1376493648,0.333333333333,3.80431603147,existing_near_power_csv,local_obstruction_before_drift,local_residue_sieve,blocked_unfilled,darmon_granville_ceiling,blocked_unfilled,blocked_unfilled,Z,residue_only,blocked_unfilled,blocked_unfilled,under_test,Q_251,pass_predefined,25,0,12.0847351753,0.483389407014,blocked_unfilled,control_class=actual_near_miss,12.0847351753,local_obstruction_before_drift
rank173_Q251_random_root_sets,random_root_sets,173,5,5,3,79,219,7973,506833476317,7973,251,prime_block_le_251,25,2695432382774658040741908270274374888347028088573,111.515643094,177147,12.0847351753,14,37,0,,90.4470918062,12.0847351753,0.878584667698,0.356634195967,1.06790975097,none_visible,4.1376493648,0.333333333333,3.80431603147,deterministic_seeded_random_sets_same_cardinality,local_obstruction_before_drift,local_residue_sieve,blocked_unfilled,darmon_granville_ceiling,blocked_unfilled,blocked_unfilled,Z,residue_only,blocked_unfilled,blocked_unfilled,negative_control_passed,Q_251,pass_predefined,25,0,12.0847351753,0.483389407014,blocked_unfilled,control_class=random_root_sets,12.0847351753,local_obstruction_before_drift
rank173_Q251_exact_power_anchor,exact_power_anchor,173,5,5,3,79,219,7973,506833476317,7973,251,prime_block_le_251,25,2695432382774658040741908270274374888347028088573,111.515643094,94143178827,25.2680826394,0,0,1,7973,77.2637443422,25.2680826394,1.26141177864,0.585002160068,2.1349972825,constructed_exact_power_root,4.1376493648,0.333333333333,3.80431603147,C_from_near_power_row_as_positive_control,positive_control_survivor,local_residue_sieve,blocked_unfilled,darmon_granville_ceiling,blocked_unfilled,blocked_unfilled,Z,survivor_kandidat_requires_overlap_check,blocked_unfilled,blocked_unfilled,positive_control_passed,Q_251,pass_predefined,25,0.00012542330365,25.2680826394,1.01072330557,blocked_unfilled,control_class=exact_power_anchor,25.2680826394,positive_control_survivor
rank174_Q251_actual_near_miss,actual_near_miss,174,7,7,3,111,217,283831,22865435737145191,283831,251,prime_block_le_251,25,2695432382774658040741908270274374888347028088573,111.515643094,177147,12.0847351753,14,13,0,,86.8747736491,12.0847351753,0.996262956164,0.939584549335,1.01063543682,none_visible,2.96045584041,0.333333333333,2.62712250707,existing_near_power_csv,local_obstruction_before_drift,local_residue_sieve,blocked_unfilled,darmon_granville_ceiling,blocked_unfilled,blocked_unfilled,Z,residue_only,blocked_unfilled,blocked_unfilled,under_test,Q_251,pass_predefined,25,0,12.0847351753,0.483389407014,blocked_unfilled,control_class=actual_near_miss,12.0847351753,local_obstruction_before_drift
rank174_Q251_random_root_sets,random_root_sets,174,7,7,3,111,217,283831,22865435737145191,283831,251,prime_block_le_251,25,2695432382774658040741908270274374888347028088573,111.515643094,177147,12.0847351753,14,13,0,,86.8747736491,12.0847351753,0.998905804276,0.961336147214,1.04060514884,none_visible,2.96045584041,0.333333333333,2.62712250707,deterministic_seeded_random_sets_same_cardinality,local_obstruction_before_drift,local_residue_sieve,blocked_unfilled,darmon_granville_ceiling,blocked_unfilled,blocked_unfilled,Z,residue_only,blocked_unfilled,blocked_unfilled,negative_control_passed,Q_251,pass_predefined,25,0,12.0847351753,0.483389407014,blocked_unfilled,control_class=random_root_sets,12.0847351753,local_obstruction_before_drift
rank174_Q251_exact_power_anchor,exact_power_anchor,174,7,7,3,111,217,283831,22865435737145191,283831,251,prime_block_le_251,25,2695432382774658040741908270274374888347028088573,111.515643094,847288609443,27.4653072167,0,0,1,283831,71.4942016078,27.4653072167,1.00661995721,0.980858719136,1.05953151308,constructed_exact_power_root,2.96045584041,0.333333333333,2.62712250707,C_from_near_power_row_as_positive_control,positive_control_survivor,local_residue_sieve,blocked_unfilled,darmon_granville_ceiling,blocked_unfilled,blocked_unfilled,Z,survivor_kandidat_requires_overlap_check,blocked_unfilled,blocked_unfilled,positive_control_passed,Q_251,pass_predefined,25,3.52322332656e-06,27.4653072167,1.09861228867,blocked_unfilled,control_class=exact_power_anchor,27.4653072167,positive_control_survivor
rank175_Q251_actual_near_miss,actual_near_miss,175,6,7,3,120,157,133030,2354229369127000,133030,251,prime_block_le_251,25,2695432382774658040741908270274374888347028088573,111.515643094,1594323,14.2819597527,11,7,0,,85.4353533957,14.2819597527,0.987656148507,0.934394079865,1.02072882474,none_visible,3.15060531469,0.333333333333,2.81727198136,existing_near_power_csv,local_obstruction_before_drift,local_residue_sieve,blocked_unfilled,darmon_granville_ceiling,blocked_unfilled,blocked_unfilled,Z,residue_only,blocked_unfilled,blocked_unfilled,under_test,Q_251,pass_predefined,25,0,14.2819597527,0.571278390107,blocked_unfilled,control_class=actual_near_miss,14.2819597527,local_obstruction_before_drift
rank175_Q251_random_root_sets,random_root_sets,175,6,7,3,120,157,133030,2354229369127000,133030,251,prime_block_le_251,25,2695432382774658040741908270274374888347028088573,111.515643094,1594323,14.2819597527,11,7,0,,85.4353533957,14.2819597527,1.01619961052,0.968601067428,1.09009747175,none_visible,3.15060531469,0.333333333333,2.81727198136,deterministic_seeded_random_sets_same_cardinality,local_obstruction_before_drift,local_residue_sieve,blocked_unfilled,darmon_granville_ceiling,blocked_unfilled,blocked_unfilled,Z,residue_only,blocked_unfilled,blocked_unfilled,negative_control_passed,Q_251,pass_predefined,25,0,14.2819597527,0.571278390107,blocked_unfilled,control_class=random_root_sets,14.2819597527,local_obstruction_before_drift
rank175_Q251_exact_power_anchor,exact_power_anchor,175,6,7,3,120,157,133030,2354229369127000,133030,251,prime_block_le_251,25,2695432382774658040741908270274374888347028088573,111.515643094,847288609443,27.4653072167,0,0,1,133030,72.2520059317,27.4653072167,1.0189321679,0.970243136469,1.15162745245,constructed_exact_power_root,3.15060531469,0.333333333333,2.81727198136,C_from_near_power_row_as_positive_control,positive_control_survivor,local_residue_sieve,blocked_unfilled,darmon_granville_ceiling,blocked_unfilled,blocked_unfilled,Z,survivor_kandidat_requires_overlap_check,blocked_unfilled,blocked_unfilled,positive_control_passed,Q_251,pass_predefined,25,7.5171014057e-06,27.4653072167,1.09861228867,blocked_unfilled,control_class=exact_power_anchor,27.4653072167,positive_control_survivor
rank176_Q251_actual_near_miss,actual_near_miss,176,5,5,3,107,211,7561,432252699481,7561,251,prime_block_le_251,25,2695432382774658040741908270274374888347028088573,111.515643094,243,5.49306144334,20,7,0,,97.0918229152,5.49306144334,0.693739070376,0,1.12245587738,none_visible,4.16223101889,0.333333333333,3.82889768556,existing_near_power_csv,local_obstruction_before_drift,local_residue_sieve,blocked_unfilled,darmon_granville_ceiling,blocked_unfilled,blocked_unfilled,Z,residue_only,blocked_unfilled,blocked_unfilled,under_test,Q_251,pass_predefined,25,0,5.49306144334,0.219722457734,blocked_unfilled,control_class=actual_near_miss,5.49306144334,local_obstruction_before_drift
rank176_Q251_random_root_sets,random_root_sets,176,5,5,3,107,211,7561,432252699481,7561,251,prime_block_le_251,25,2695432382774658040741908270274374888347028088573,111.515643094,243,5.49306144334,20,7,0,,97.0918229152,5.49306144334,0.911218386751,0.308439506826,1.20491116695,none_visible,4.16223101889,0.333333333333,3.82889768556,deterministic_seeded_random_sets_same_cardinality,local_obstruction_before_drift,local_residue_sieve,blocked_unfilled,darmon_granville_ceiling,blocked_unfilled,blocked_unfilled,Z,residue_only,blocked_unfilled,blocked_unfilled,negative_control_passed,Q_251,pass_predefined,25,0,5.49306144334,0.219722457734,blocked_unfilled,control_class=random_root_sets,5.49306144334,local_obstruction_before_drift
rank176_Q251_exact_power_anchor,exact_power_anchor,176,5,5,3,107,211,7561,432252699481,7561,251,prime_block_le_251,25,2695432382774658040741908270274374888347028088573,111.515643094,847288609443,27.4653072167,0,0,1,7561,75.1195771418,27.4653072167,1.25007592568,0.934370821026,2.25640347397,constructed_exact_power_root,4.16223101889,0.333333333333,3.82889768556,C_from_near_power_row_as_positive_control,positive_control_survivor,local_residue_sieve,blocked_unfilled,darmon_granville_ceiling,blocked_unfilled,blocked_unfilled,Z,survivor_kandidat_requires_overlap_check,blocked_unfilled,blocked_unfilled,positive_control_passed,Q_251,pass_predefined,25,0.000132257637879,27.4653072167,1.09861228867,blocked_unfilled,control_class=exact_power_anchor,27.4653072167,positive_control_survivor
rank177_Q251_actual_near_miss,actual_near_miss,177,5,6,3,195,226,51112,133526856636928,51112,251,prime_block_le_251,25,2695432382774658040741908270274374888347028088573,111.515643094,531441,13.183347464,12,19,0,,87.4905210478,13.183347464,0.970366457395,0.751428236031,1.06117067529,none_visible,3.42857903466,0.333333333333,3.09524570133,existing_near_power_csv,local_obstruction_before_drift,local_residue_sieve,blocked_unfilled,darmon_granville_ceiling,blocked_unfilled,blocked_unfilled,Z,residue_only,blocked_unfilled,blocked_unfilled,under_test,Q_251,pass_predefined,25,0,13.183347464,0.527333898561,blocked_unfilled,control_class=actual_near_miss,13.183347464,local_obstruction_before_drift
rank177_Q251_random_root_sets,random_root_sets,177,5,6,3,195,226,51112,133526856636928,51112,251,prime_block_le_251,25,2695432382774658040741908270274374888347028088573,111.515643094,531441,13.183347464,12,19,0,,87.4905210478,13.183347464,1.01164599311,0.868230552512,1.16888836716,none_visible,3.42857903466,0.333333333333,3.09524570133,deterministic_seeded_random_sets_same_cardinality,local_obstruction_before_drift,local_residue_sieve,blocked_unfilled,darmon_granville_ceiling,blocked_unfilled,blocked_unfilled,Z,residue_only,blocked_unfilled,blocked_unfilled,negative_control_passed,Q_251,pass_predefined,25,0,13.183347464,0.527333898561,blocked_unfilled,control_class=random_root_sets,13.183347464,local_obstruction_before_drift
rank177_Q251_exact_power_anchor,exact_power_anchor,177,5,6,3,195,226,51112,133526856636928,51112,251,prime_block_le_251,25,2695432382774658040741908270274374888347028088573,111.515643094,847288609443,27.4653072167,0,0,1,51112,73.2085612951,27.4653072167,1.01134373388,0.918412288482,1.12516086677,constructed_exact_power_root,3.42857903466,0.333333333333,3.09524570133,C_from_near_power_row_as_positive_control,positive_control_survivor,local_residue_sieve,blocked_unfilled,darmon_granville_ceiling,blocked_unfilled,blocked_unfilled,Z,survivor_kandidat_requires_overlap_check,blocked_unfilled,blocked_unfilled,positive_control_passed,Q_251,pass_predefined,25,1.95648771326e-05,27.4653072167,1.09861228867,blocked_unfilled,control_class=exact_power_anchor,27.4653072167,positive_control_survivor
rank178_Q251_actual_near_miss,actual_near_miss,178,7,6,3,43,178,31774,32078619752824,31774,251,prime_block_le_251,25,2695432382774658040741908270274374888347028088573,111.515643094,59049,10.9861228867,15,7,0,,90.1631165831,10.9861228867,1.00449548392,0.805837057552,1.1257422211,none_visible,3.58580298227,0.333333333333,3.25246964894,existing_near_power_csv,local_obstruction_before_drift,local_residue_sieve,blocked_unfilled,darmon_granville_ceiling,blocked_unfilled,blocked_unfilled,Z,residue_only,blocked_unfilled,blocked_unfilled,under_test,Q_251,pass_predefined,25,0,10.9861228867,0.439444915467,blocked_unfilled,control_class=actual_near_miss,10.9861228867,local_obstruction_before_drift
rank178_Q251_random_root_sets,random_root_sets,178,7,6,3,43,178,31774,32078619752824,31774,251,prime_block_le_251,25,2695432382774658040741908270274374888347028088573,111.515643094,59049,10.9861228867,15,7,0,,90.1631165831,10.9861228867,1.01156936295,0.892885867551,1.24146227174,none_visible,3.58580298227,0.333333333333,3.25246964894,deterministic_seeded_random_sets_same_cardinality,local_obstruction_before_drift,local_residue_sieve,blocked_unfilled,darmon_granville_ceiling,blocked_unfilled,blocked_unfilled,Z,residue_only,blocked_unfilled,blocked_unfilled,negative_control_passed,Q_251,pass_predefined,25,0,10.9861228867,0.439444915467,blocked_unfilled,control_class=random_root_sets,10.9861228867,local_obstruction_before_drift
rank178_Q251_exact_power_anchor,exact_power_anchor,178,7,6,3,43,178,31774,32078619752824,31774,251,prime_block_le_251,25,2695432382774658040741908270274374888347028088573,111.515643094,847288609443,27.4653072167,0,0,1,31774,73.6839322531,27.4653072167,1.02569769367,0.714308694041,1.7369232706,constructed_exact_power_root,3.58580298227,0.333333333333,3.25246964894,C_from_near_power_row_as_positive_control,positive_control_survivor,local_residue_sieve,blocked_unfilled,darmon_granville_ceiling,blocked_unfilled,blocked_unfilled,Z,survivor_kandidat_requires_overlap_check,blocked_unfilled,blocked_unfilled,positive_control_passed,Q_251,pass_predefined,25,3.14722729276e-05,27.4653072167,1.09861228867,blocked_unfilled,control_class=exact_power_anchor,27.4653072167,positive_control_survivor
rank179_Q251_actual_near_miss,actual_near_miss,179,6,6,3,101,187,35256,43822698057216,35256,251,prime_block_le_251,25,2695432382774658040741908270274374888347028088573,111.515643094,59049,10.9861228867,13,7,0,,90.0591292009,10.9861228867,1.00795795486,0.92980233467,1.08937485818,none_visible,3.55019034229,0.333333333333,3.21685700896,existing_near_power_csv,local_obstruction_before_drift,local_residue_sieve,blocked_unfilled,darmon_granville_ceiling,blocked_unfilled,blocked_unfilled,Z,residue_only,blocked_unfilled,blocked_unfilled,under_test,Q_251,pass_predefined,25,0,10.9861228867,0.439444915467,blocked_unfilled,control_class=actual_near_miss,10.9861228867,local_obstruction_before_drift
rank179_Q251_random_root_sets,random_root_sets,179,6,6,3,101,187,35256,43822698057216,35256,251,prime_block_le_251,25,2695432382774658040741908270274374888347028088573,111.515643094,59049,10.9861228867,13,7,0,,90.0591292009,10.9861228867,1.03070385039,0.978994907092,1.18561694779,none_visible,3.55019034229,0.333333333333,3.21685700896,deterministic_seeded_random_sets_same_cardinality,local_obstruction_before_drift,local_residue_sieve,blocked_unfilled,darmon_granville_ceiling,blocked_unfilled,blocked_unfilled,Z,residue_only,blocked_unfilled,blocked_unfilled,negative_control_passed,Q_251,pass_predefined,25,0,10.9861228867,0.439444915467,blocked_unfilled,control_class=random_root_sets,10.9861228867,local_obstruction_before_drift
rank179_Q251_exact_power_anchor,exact_power_anchor,179,6,6,3,101,187,35256,43822698057216,35256,251,prime_block_le_251,25,2695432382774658040741908270274374888347028088573,111.515643094,282429536481,26.366694928,0,0,1,35256,74.6785571595,26.366694928,1.02775164616,0.741449839901,1.20977044097,constructed_exact_power_root,3.55019034229,0.333333333333,3.21685700896,C_from_near_power_row_as_positive_control,positive_control_survivor,local_residue_sieve,blocked_unfilled,darmon_granville_ceiling,blocked_unfilled,blocked_unfilled,Z,survivor_kandidat_requires_overlap_check,blocked_unfilled,blocked_unfilled,positive_control_passed,Q_251,pass_predefined,25,2.83639664171e-05,26.366694928,1.05466779712,blocked_unfilled,control_class=exact_power_anchor,26.366694928,positive_control_survivor
rank180_Q251_actual_near_miss,actual_near_miss,180,6,7,3,212,151,123436,1880725960305856,123436,251,prime_block_le_251,25,2695432382774658040741908270274374888347028088573,111.515643094,6561,8.78889830934,17,7,0,,91.0032667026,8.78889830934,1.01476402912,0.99463509655,1.05365173495,none_visible,3.17072124595,0.333333333333,2.83738791262,existing_near_power_csv,local_obstruction_before_drift,local_residue_sieve,blocked_unfilled,darmon_granville_ceiling,blocked_unfilled,blocked_unfilled,Z,residue_only,blocked_unfilled,blocked_unfilled,under_test,Q_251,pass_predefined,25,0,8.78889830934,0.351555932374,blocked_unfilled,control_class=actual_near_miss,8.78889830934,local_obstruction_before_drift
rank180_Q251_random_root_sets,random_root_sets,180,6,7,3,212,151,123436,1880725960305856,123436,251,prime_block_le_251,25,2695432382774658040741908270274374888347028088573,111.515643094,6561,8.78889830934,17,7,0,,91.0032667026,8.78889830934,1.00784906464,0.981950160407,1.05365173495,none_visible,3.17072124595,0.333333333333,2.83738791262,deterministic_seeded_random_sets_same_cardinality,local_obstruction_before_drift,local_residue_sieve,blocked_unfilled,darmon_granville_ceiling,blocked_unfilled,blocked_unfilled,Z,residue_only,blocked_unfilled,blocked_unfilled,negative_control_passed,Q_251,pass_predefined,25,0,8.78889830934,0.351555932374,blocked_unfilled,control_class=random_root_sets,8.78889830934,local_obstruction_before_drift
rank180_Q251_exact_power_anchor,exact_power_anchor,180,6,7,3,212,151,123436,1880725960305856,123436,251,prime_block_le_251,25,2695432382774658040741908270274374888347028088573,111.515643094,847288609443,27.4653072167,0,0,1,123436,72.3268577953,27.4653072167,1.00023208908,0.911904864779,1.09292624878,constructed_exact_power_root,3.17072124595,0.333333333333,2.83738791262,C_from_near_power_row_as_positive_control,positive_control_survivor,local_residue_sieve,blocked_unfilled,darmon_granville_ceiling,blocked_unfilled,blocked_unfilled,Z,survivor_kandidat_requires_overlap_check,blocked_unfilled,blocked_unfilled,positive_control_passed,Q_251,pass_predefined,25,8.10136426974e-06,27.4653072167,1.09861228867,blocked_unfilled,control_class=exact_power_anchor,27.4653072167,positive_control_survivor
rank181_Q251_actual_near_miss,actual_near_miss,181,6,7,3,152,165,149508,3341898809704512,149508,251,prime_block_le_251,25,2695432382774658040741908270274374888347028088573,111.515643094,729,6.59167373201,19,7,0,,93.00886418,6.59167373201,1.00579129173,0.995505257244,1.02164135401,none_visible,3.11972747729,0.333333333333,2.78639414396,existing_near_power_csv,local_obstruction_before_drift,local_residue_sieve,blocked_unfilled,darmon_granville_ceiling,blocked_unfilled,blocked_unfilled,Z,residue_only,blocked_unfilled,blocked_unfilled,under_test,Q_251,pass_predefined,25,0,6.59167373201,0.26366694928,blocked_unfilled,control_class=actual_near_miss,6.59167373201,local_obstruction_before_drift
rank181_Q251_random_root_sets,random_root_sets,181,6,7,3,152,165,149508,3341898809704512,149508,251,prime_block_le_251,25,2695432382774658040741908270274374888347028088573,111.515643094,729,6.59167373201,19,7,0,,93.00886418,6.59167373201,0.989027268701,0.944156834417,1.02977544122,none_visible,3.11972747729,0.333333333333,2.78639414396,deterministic_seeded_random_sets_same_cardinality,local_obstruction_before_drift,local_residue_sieve,blocked_unfilled,darmon_granville_ceiling,blocked_unfilled,blocked_unfilled,Z,residue_only,blocked_unfilled,blocked_unfilled,negative_control_passed,Q_251,pass_predefined,25,0,6.59167373201,0.26366694928,blocked_unfilled,control_class=random_root_sets,6.59167373201,local_obstruction_before_drift
rank181_Q251_exact_power_anchor,exact_power_anchor,181,6,7,3,152,165,149508,3341898809704512,149508,251,prime_block_le_251,25,2695432382774658040741908270274374888347028088573,111.515643094,847288609443,27.4653072167,0,0,1,149508,72.1352306953,27.4653072167,1.00626511749,0.943351229068,1.04954621529,constructed_exact_power_root,3.11972747729,0.333333333333,2.78639414396,C_from_near_power_row_as_positive_control,positive_control_survivor,local_residue_sieve,blocked_unfilled,darmon_granville_ceiling,blocked_unfilled,blocked_unfilled,Z,survivor_kandidat_requires_overlap_check,blocked_unfilled,blocked_unfilled,positive_control_passed,Q_251,pass_predefined,25,6.68860529202e-06,27.4653072167,1.09861228867,blocked_unfilled,control_class=exact_power_anchor,27.4653072167,positive_control_survivor
rank182_Q251_actual_near_miss,actual_near_miss,182,7,7,3,203,227,356385,45264554441366625,356385,251,prime_block_le_251,25,2695432382774658040741908270274374888347028088573,111.515643094,19683,9.88751059801,15,7,0,,88.8443656099,9.88751059801,0.994026885545,0.946353272756,1.00991343631,none_visible,2.90774083745,0.333333333333,2.57440750412,existing_near_power_csv,local_obstruction_before_drift,local_residue_sieve,blocked_unfilled,darmon_granville_ceiling,blocked_unfilled,blocked_unfilled,Z,residue_only,blocked_unfilled,blocked_unfilled,under_test,Q_251,pass_predefined,25,0,9.88751059801,0.395500423921,blocked_unfilled,control_class=actual_near_miss,9.88751059801,local_obstruction_before_drift
rank182_Q251_random_root_sets,random_root_sets,182,7,7,3,203,227,356385,45264554441366625,356385,251,prime_block_le_251,25,2695432382774658040741908270274374888347028088573,111.515643094,19683,9.88751059801,15,7,0,,88.8443656099,9.88751059801,1.0077875276,0.990670202169,1.06679823474,none_visible,2.90774083745,0.333333333333,2.57440750412,deterministic_seeded_random_sets_same_cardinality,local_obstruction_before_drift,local_residue_sieve,blocked_unfilled,darmon_granville_ceiling,blocked_unfilled,blocked_unfilled,Z,residue_only,blocked_unfilled,blocked_unfilled,negative_control_passed,Q_251,pass_predefined,25,0,9.88751059801,0.395500423921,blocked_unfilled,control_class=random_root_sets,9.88751059801,local_obstruction_before_drift
rank182_Q251_exact_power_anchor,exact_power_anchor,182,7,7,3,203,227,356385,45264554441366625,356385,251,prime_block_le_251,25,2695432382774658040741908270274374888347028088573,111.515643094,847288609443,27.4653072167,0,0,1,356385,71.2665689912,27.4653072167,1.00138589457,0.980766119038,1.01221899537,constructed_exact_power_root,2.90774083745,0.333333333333,2.57440750412,C_from_near_power_row_as_positive_control,positive_control_survivor,local_residue_sieve,blocked_unfilled,darmon_granville_ceiling,blocked_unfilled,blocked_unfilled,Z,survivor_kandidat_requires_overlap_check,blocked_unfilled,blocked_unfilled,positive_control_passed,Q_251,pass_predefined,25,2.80595423489e-06,27.4653072167,1.09861228867,blocked_unfilled,control_class=exact_power_anchor,27.4653072167,positive_control_survivor
rank183_Q251_actual_near_miss,actual_near_miss,183,6,7,3,106,135,93547,818633651978323,93547,251,prime_block_le_251,25,2695432382774658040741908270274374888347028088573,111.515643094,19683,9.88751059801,16,7,0,,90.1819132333,9.88751059801,0.993727900295,0.957981905709,1.03106341079,none_visible,3.24752480955,0.333333333333,2.91419147621,existing_near_power_csv,local_obstruction_before_drift,local_residue_sieve,blocked_unfilled,darmon_granville_ceiling,blocked_unfilled,blocked_unfilled,Z,residue_only,blocked_unfilled,blocked_unfilled,under_test,Q_251,pass_predefined,25,0,9.88751059801,0.395500423921,blocked_unfilled,control_class=actual_near_miss,9.88751059801,local_obstruction_before_drift
rank183_Q251_random_root_sets,random_root_sets,183,6,7,3,106,135,93547,818633651978323,93547,251,prime_block_le_251,25,2695432382774658040741908270274374888347028088573,111.515643094,19683,9.88751059801,16,7,0,,90.1819132333,9.88751059801,1.00436025622,0.957981905709,1.03241864161,none_visible,3.24752480955,0.333333333333,2.91419147621,deterministic_seeded_random_sets_same_cardinality,local_obstruction_before_drift,local_residue_sieve,blocked_unfilled,darmon_granville_ceiling,blocked_unfilled,blocked_unfilled,Z,residue_only,blocked_unfilled,blocked_unfilled,negative_control_passed,Q_251,pass_predefined,25,0,9.88751059801,0.395500423921,blocked_unfilled,control_class=random_root_sets,9.88751059801,local_obstruction_before_drift
rank183_Q251_exact_power_anchor,exact_power_anchor,183,6,7,3,106,135,93547,818633651978323,93547,251,prime_block_le_251,25,2695432382774658040741908270274374888347028088573,111.515643094,282429536481,26.366694928,0,0,1,93547,73.7027289033,26.366694928,1.01328085625,0.970483048925,1.11436912877,constructed_exact_power_root,3.24752480955,0.333333333333,2.91419147621,C_from_near_power_row_as_positive_control,positive_control_survivor,local_residue_sieve,blocked_unfilled,darmon_granville_ceiling,blocked_unfilled,blocked_unfilled,Z,survivor_kandidat_requires_overlap_check,blocked_unfilled,blocked_unfilled,positive_control_passed,Q_251,pass_predefined,25,1.06898136765e-05,26.366694928,1.05466779712,blocked_unfilled,control_class=exact_power_anchor,26.366694928,positive_control_survivor
rank184_Q251_actual_near_miss,actual_near_miss,184,6,7,3,169,203,242323,14229312292552267,242323,251,prime_block_le_251,25,2695432382774658040741908270274374888347028088573,111.515643094,59049,10.9861228867,15,19,0,,88.1314933815,10.9861228867,0.993243993338,0.968580961958,1.00175935975,none_visible,2.99820943713,0.333333333333,2.6648761038,existing_near_power_csv,local_obstruction_before_drift,local_residue_sieve,blocked_unfilled,darmon_granville_ceiling,blocked_unfilled,blocked_unfilled,Z,residue_only,blocked_unfilled,blocked_unfilled,under_test,Q_251,pass_predefined,25,0,10.9861228867,0.439444915467,blocked_unfilled,control_class=actual_near_miss,10.9861228867,local_obstruction_before_drift
rank184_Q251_random_root_sets,random_root_sets,184,6,7,3,169,203,242323,14229312292552267,242323,251,prime_block_le_251,25,2695432382774658040741908270274374888347028088573,111.515643094,59049,10.9861228867,15,19,0,,88.1314933815,10.9861228867,0.998867392736,0.986191524902,1.00671326196,none_visible,2.99820943713,0.333333333333,2.6648761038,deterministic_seeded_random_sets_same_cardinality,local_obstruction_before_drift,local_residue_sieve,blocked_unfilled,darmon_granville_ceiling,blocked_unfilled,blocked_unfilled,Z,residue_only,blocked_unfilled,blocked_unfilled,negative_control_passed,Q_251,pass_predefined,25,0,10.9861228867,0.439444915467,blocked_unfilled,control_class=random_root_sets,10.9861228867,local_obstruction_before_drift
rank184_Q251_exact_power_anchor,exact_power_anchor,184,6,7,3,169,203,242323,14229312292552267,242323,251,prime_block_le_251,25,2695432382774658040741908270274374888347028088573,111.515643094,847288609443,27.4653072167,0,0,1,242323,71.6523090514,27.4653072167,0.999543309275,0.981902942216,1.01458934287,constructed_exact_power_root,2.99820943713,0.333333333333,2.6648761038,C_from_near_power_row_as_positive_control,positive_control_survivor,local_residue_sieve,blocked_unfilled,darmon_granville_ceiling,blocked_unfilled,blocked_unfilled,Z,survivor_kandidat_requires_overlap_check,blocked_unfilled,blocked_unfilled,positive_control_passed,Q_251,pass_predefined,25,4.12672342287e-06,27.4653072167,1.09861228867,blocked_unfilled,control_class=exact_power_anchor,27.4653072167,positive_control_survivor
rank185_Q251_actual_near_miss,actual_near_miss,185,7,7,3,109,153,128975,2145441166859375,128975,251,prime_block_le_251,25,2695432382774658040741908270274374888347028088573,111.515643094,19683,9.88751059801,16,7,0,,89.86075863,9.88751059801,1.00090618337,0.991511705542,1.01245547156,none_visible,3.15889351815,0.333333333333,2.82556018482,existing_near_power_csv,local_obstruction_before_drift,local_residue_sieve,blocked_unfilled,darmon_granville_ceiling,blocked_unfilled,blocked_unfilled,Z,residue_only,blocked_unfilled,blocked_unfilled,under_test,Q_251,pass_predefined,25,0,9.88751059801,0.395500423921,blocked_unfilled,control_class=actual_near_miss,9.88751059801,local_obstruction_before_drift
rank185_Q251_random_root_sets,random_root_sets,185,7,7,3,109,153,128975,2145441166859375,128975,251,prime_block_le_251,25,2695432382774658040741908270274374888347028088573,111.515643094,19683,9.88751059801,16,7,0,,89.86075863,9.88751059801,0.995020675842,0.973628825569,1.00491051237,none_visible,3.15889351815,0.333333333333,2.82556018482,deterministic_seeded_random_sets_same_cardinality,local_obstruction_before_drift,local_residue_sieve,blocked_unfilled,darmon_granville_ceiling,blocked_unfilled,blocked_unfilled,Z,residue_only,blocked_unfilled,blocked_unfilled,negative_control_passed,Q_251,pass_predefined,25,0,9.88751059801,0.395500423921,blocked_unfilled,control_class=random_root_sets,9.88751059801,local_obstruction_before_drift
rank185_Q251_exact_power_anchor,exact_power_anchor,185,7,7,3,109,153,128975,2145441166859375,128975,251,prime_block_le_251,25,2695432382774658040741908270274374888347028088573,111.515643094,94143178827,25.2680826394,0,0,1,128975,74.4801865886,25.2680826394,1.0012550523,0.939477504254,1.04902414335,constructed_exact_power_root,3.15889351815,0.333333333333,2.82556018482,C_from_near_power_row_as_positive_control,positive_control_survivor,local_residue_sieve,blocked_unfilled,darmon_granville_ceiling,blocked_unfilled,blocked_unfilled,Z,survivor_kandidat_requires_overlap_check,blocked_unfilled,blocked_unfilled,positive_control_passed,Q_251,pass_predefined,25,7.75344058926e-06,25.2680826394,1.01072330557,blocked_unfilled,control_class=exact_power_anchor,25.2680826394,positive_control_survivor
rank186_Q251_actual_near_miss,actual_near_miss,186,7,7,3,130,131,108846,1289547729479736,108846,251,prime_block_le_251,25,2695432382774658040741908270274374888347028088573,111.515643094,6561,8.78889830934,16,7,0,,91.1290554666,8.78889830934,1.02462487776,0.998036981913,1.08083183785,none_visible,3.20511095026,0.333333333333,2.87177761693,existing_near_power_csv,local_obstruction_before_drift,local_residue_sieve,blocked_unfilled,darmon_granville_ceiling,blocked_unfilled,blocked_unfilled,Z,residue_only,blocked_unfilled,blocked_unfilled,under_test,Q_251,pass_predefined,25,0,8.78889830934,0.351555932374,blocked_unfilled,control_class=actual_near_miss,8.78889830934,local_obstruction_before_drift
rank186_Q251_random_root_sets,random_root_sets,186,7,7,3,130,131,108846,1289547729479736,108846,251,prime_block_le_251,25,2695432382774658040741908270274374888347028088573,111.515643094,6561,8.78889830934,16,7,0,,91.1290554666,8.78889830934,1.00820131705,0.996061714104,1.05670805031,none_visible,3.20511095026,0.333333333333,2.87177761693,deterministic_seeded_random_sets_same_cardinality,local_obstruction_before_drift,local_residue_sieve,blocked_unfilled,darmon_granville_ceiling,blocked_unfilled,blocked_unfilled,Z,residue_only,blocked_unfilled,blocked_unfilled,negative_control_passed,Q_251,pass_predefined,25,0,8.78889830934,0.351555932374,blocked_unfilled,control_class=random_root_sets,8.78889830934,local_obstruction_before_drift
rank186_Q251_exact_power_anchor,exact_power_anchor,186,7,7,3,130,131,108846,1289547729479736,108846,251,prime_block_le_251,25,2695432382774658040741908270274374888347028088573,111.515643094,847288609443,27.4653072167,0,0,1,108846,72.4526465592,27.4653072167,1.00513373975,0.960643682103,1.09472404437,constructed_exact_power_root,3.20511095026,0.333333333333,2.87177761693,C_from_near_power_row_as_positive_control,positive_control_survivor,local_residue_sieve,blocked_unfilled,darmon_granville_ceiling,blocked_unfilled,blocked_unfilled,Z,survivor_kandidat_requires_overlap_check,blocked_unfilled,blocked_unfilled,positive_control_passed,Q_251,pass_predefined,25,9.18729213752e-06,27.4653072167,1.09861228867,blocked_unfilled,control_class=exact_power_anchor,27.4653072167,positive_control_survivor
rank187_Q251_actual_near_miss,actual_near_miss,187,6,6,3,65,152,23151,12408213711951,23151,251,prime_block_le_251,25,2695432382774658040741908270274374888347028088573,111.515643094,4782969,15.3805720414,11,7,0,,86.0852777976,15.3805720414,1.00302953445,0.895737645122,1.10539501533,none_visible,3.69877071973,0.333333333333,3.36543738639,existing_near_power_csv,local_obstruction_before_drift,local_residue_sieve,blocked_unfilled,darmon_granville_ceiling,blocked_unfilled,blocked_unfilled,Z,residue_only,blocked_unfilled,blocked_unfilled,under_test,Q_251,pass_predefined,25,0,15.3805720414,0.615222881654,blocked_unfilled,control_class=actual_near_miss,15.3805720414,local_obstruction_before_drift
rank187_Q251_random_root_sets,random_root_sets,187,6,6,3,65,152,23151,12408213711951,23151,251,prime_block_le_251,25,2695432382774658040741908270274374888347028088573,111.515643094,4782969,15.3805720414,11,7,0,,86.0852777976,15.3805720414,0.992536550266,0.895737645122,1.0549196339,none_visible,3.69877071973,0.333333333333,3.36543738639,deterministic_seeded_random_sets_same_cardinality,local_obstruction_before_drift,local_residue_sieve,blocked_unfilled,darmon_granville_ceiling,blocked_unfilled,blocked_unfilled,Z,residue_only,blocked_unfilled,blocked_unfilled,negative_control_passed,Q_251,pass_predefined,25,0,15.3805720414,0.615222881654,blocked_unfilled,control_class=random_root_sets,15.3805720414,local_obstruction_before_drift
rank187_Q251_exact_power_anchor,exact_power_anchor,187,6,6,3,65,152,23151,12408213711951,23151,251,prime_block_le_251,25,2695432382774658040741908270274374888347028088573,111.515643094,847288609443,27.4653072167,0,0,1,23151,74.0005426223,27.4653072167,1.03837227254,0.735274214217,1.35495946899,constructed_exact_power_root,3.69877071973,0.333333333333,3.36543738639,C_from_near_power_row_as_positive_control,positive_control_survivor,local_residue_sieve,blocked_unfilled,darmon_granville_ceiling,blocked_unfilled,blocked_unfilled,Z,survivor_kandidat_requires_overlap_check,blocked_unfilled,blocked_unfilled,positive_control_passed,Q_251,pass_predefined,25,4.31946784156e-05,27.4653072167,1.09861228867,blocked_unfilled,control_class=exact_power_anchor,27.4653072167,positive_control_survivor
rank188_Q251_actual_near_miss,actual_near_miss,188,7,7,3,59,130,85725,629973790453125,85725,251,prime_block_le_251,25,2695432382774658040741908270274374888347028088573,111.515643094,177147,12.0847351753,12,13,0,,88.0720081414,12.0847351753,1.00621301967,0.914805093808,1.11453031334,none_visible,3.27248956854,0.333333333333,2.9391562352,existing_near_power_csv,local_obstruction_before_drift,local_residue_sieve,blocked_unfilled,darmon_granville_ceiling,blocked_unfilled,blocked_unfilled,Z,residue_only,blocked_unfilled,blocked_unfilled,under_test,Q_251,pass_predefined,25,0,12.0847351753,0.483389407014,blocked_unfilled,control_class=actual_near_miss,12.0847351753,local_obstruction_before_drift
rank188_Q251_random_root_sets,random_root_sets,188,7,7,3,59,130,85725,629973790453125,85725,251,prime_block_le_251,25,2695432382774658040741908270274374888347028088573,111.515643094,177147,12.0847351753,12,13,0,,88.0720081414,12.0847351753,0.976386269618,0.815001458151,1.09776611257,none_visible,3.27248956854,0.333333333333,2.9391562352,deterministic_seeded_random_sets_same_cardinality,local_obstruction_before_drift,local_residue_sieve,blocked_unfilled,darmon_granville_ceiling,blocked_unfilled,blocked_unfilled,Z,residue_only,blocked_unfilled,blocked_unfilled,negative_control_passed,Q_251,pass_predefined,25,0,12.0847351753,0.483389407014,blocked_unfilled,control_class=random_root_sets,12.0847351753,local_obstruction_before_drift
rank188_Q251_exact_power_anchor,exact_power_anchor,188,7,7,3,59,130,85725,629973790453125,85725,251,prime_block_le_251,25,2695432382774658040741908270274374888347028088573,111.515643094,282429536481,26.366694928,0,0,1,85725,73.7900483887,26.366694928,1.01227336552,0.914805093808,1.09517384401,constructed_exact_power_root,3.27248956854,0.333333333333,2.9391562352,C_from_near_power_row_as_positive_control,positive_control_survivor,local_residue_sieve,blocked_unfilled,darmon_granville_ceiling,blocked_unfilled,blocked_unfilled,Z,survivor_kandidat_requires_overlap_check,blocked_unfilled,blocked_unfilled,positive_control_passed,Q_251,pass_predefined,25,1.16652085156e-05,26.366694928,1.05466779712,blocked_unfilled,control_class=exact_power_anchor,26.366694928,positive_control_survivor
rank189_Q251_actual_near_miss,actual_near_miss,189,7,7,3,147,197,235123,12998263692805867,235123,251,prime_block_le_251,25,2695432382774658040741908270274374888347028088573,111.515643094,177147,12.0847351753,13,13,0,,87.0630438583,12.0847351753,1.00857324752,0.972285900477,1.04128146639,none_visible,3.00552147482,0.333333333333,2.67218814149,existing_near_power_csv,local_obstruction_before_drift,local_residue_sieve,blocked_unfilled,darmon_granville_ceiling,blocked_unfilled,blocked_unfilled,Z,residue_only,blocked_unfilled,blocked_unfilled,under_test,Q_251,pass_predefined,25,0,12.0847351753,0.483389407014,blocked_unfilled,control_class=actual_near_miss,12.0847351753,local_obstruction_before_drift
rank189_Q251_random_root_sets,random_root_sets,189,7,7,3,147,197,235123,12998263692805867,235123,251,prime_block_le_251,25,2695432382774658040741908270274374888347028088573,111.515643094,177147,12.0847351753,13,13,0,,87.0630438583,12.0847351753,0.996284429164,0.973980521779,1.00820657935,none_visible,3.00552147482,0.333333333333,2.67218814149,deterministic_seeded_random_sets_same_cardinality,local_obstruction_before_drift,local_residue_sieve,blocked_unfilled,darmon_granville_ceiling,blocked_unfilled,blocked_unfilled,Z,residue_only,blocked_unfilled,blocked_unfilled,negative_control_passed,Q_251,pass_predefined,25,0,12.0847351753,0.483389407014,blocked_unfilled,control_class=random_root_sets,12.0847351753,local_obstruction_before_drift
rank189_Q251_exact_power_anchor,exact_power_anchor,189,7,7,3,147,197,235123,12998263692805867,235123,251,prime_block_le_251,25,2695432382774658040741908270274374888347028088573,111.515643094,282429536481,26.366694928,0,0,1,235123,72.7810841056,26.366694928,1.00096397536,0.941168381372,1.04321756887,constructed_exact_power_root,3.00552147482,0.333333333333,2.67218814149,C_from_near_power_row_as_positive_control,positive_control_survivor,local_residue_sieve,blocked_unfilled,darmon_granville_ceiling,blocked_unfilled,blocked_unfilled,Z,survivor_kandidat_requires_overlap_check,blocked_unfilled,blocked_unfilled,positive_control_passed,Q_251,pass_predefined,25,4.25309306193e-06,26.366694928,1.05466779712,blocked_unfilled,control_class=exact_power_anchor,26.366694928,positive_control_survivor
rank190_Q251_actual_near_miss,actual_near_miss,190,6,6,3,230,247,72120,375117352128000,72120,251,prime_block_le_251,25,2695432382774658040741908270274374888347028088573,111.515643094,6561,8.78889830934,15,7,0,,91.5406581074,8.78889830934,0.994156001999,0.944111665742,1.01959234609,none_visible,3.32304603957,0.333333333333,2.98971270624,existing_near_power_csv,local_obstruction_before_drift,local_residue_sieve,blocked_unfilled,darmon_granville_ceiling,blocked_unfilled,blocked_unfilled,Z,residue_only,blocked_unfilled,blocked_unfilled,under_test,Q_251,pass_predefined,25,0,8.78889830934,0.351555932374,blocked_unfilled,control_class=actual_near_miss,8.78889830934,local_obstruction_before_drift
rank190_Q251_random_root_sets,random_root_sets,190,6,6,3,230,247,72120,375117352128000,72120,251,prime_block_le_251,25,2695432382774658040741908270274374888347028088573,111.515643094,6561,8.78889830934,15,7,0,,91.5406581074,8.78889830934,1.01377248482,0.944111665742,1.12723084982,none_visible,3.32304603957,0.333333333333,2.98971270624,deterministic_seeded_random_sets_same_cardinality,local_obstruction_before_drift,local_residue_sieve,blocked_unfilled,darmon_granville_ceiling,blocked_unfilled,blocked_unfilled,Z,residue_only,blocked_unfilled,blocked_unfilled,negative_control_passed,Q_251,pass_predefined,25,0,8.78889830934,0.351555932374,blocked_unfilled,control_class=random_root_sets,8.78889830934,local_obstruction_before_drift
rank190_Q251_exact_power_anchor,exact_power_anchor,190,6,6,3,230,247,72120,375117352128000,72120,251,prime_block_le_251,25,2695432382774658040741908270274374888347028088573,111.515643094,847288609443,27.4653072167,0,0,1,72120,72.8642492001,27.4653072167,1.00517508114,0.86990201516,1.10534448758,constructed_exact_power_root,3.32304603957,0.333333333333,2.98971270624,C_from_near_power_row_as_positive_control,positive_control_survivor,local_residue_sieve,blocked_unfilled,darmon_granville_ceiling,blocked_unfilled,blocked_unfilled,Z,survivor_kandidat_requires_overlap_check,blocked_unfilled,blocked_unfilled,positive_control_passed,Q_251,pass_predefined,25,1.38657792568e-05,27.4653072167,1.09861228867,blocked_unfilled,control_class=exact_power_anchor,27.4653072167,positive_control_survivor
rank191_Q251_actual_near_miss,actual_near_miss,191,6,7,3,228,161,143330,2944498264037000,143330,251,prime_block_le_251,25,2695432382774658040741908270274374888347028088573,111.515643094,59049,10.9861228867,15,13,0,,88.6566152645,10.9861228867,0.99069633833,0.953429149515,1.01230106126,none_visible,3.13081602271,0.333333333333,2.79748268937,existing_near_power_csv,local_obstruction_before_drift,local_residue_sieve,blocked_unfilled,darmon_granville_ceiling,blocked_unfilled,blocked_unfilled,Z,residue_only,blocked_unfilled,blocked_unfilled,under_test,Q_251,pass_predefined,25,0,10.9861228867,0.439444915467,blocked_unfilled,control_class=actual_near_miss,10.9861228867,local_obstruction_before_drift
rank191_Q251_random_root_sets,random_root_sets,191,6,7,3,228,161,143330,2944498264037000,143330,251,prime_block_le_251,25,2695432382774658040741908270274374888347028088573,111.515643094,59049,10.9861228867,15,13,0,,88.6566152645,10.9861228867,1.00041766691,0.97489709063,1.02448816639,none_visible,3.13081602271,0.333333333333,2.79748268937,deterministic_seeded_random_sets_same_cardinality,local_obstruction_before_drift,local_residue_sieve,blocked_unfilled,darmon_granville_ceiling,blocked_unfilled,blocked_unfilled,Z,residue_only,blocked_unfilled,blocked_unfilled,negative_control_passed,Q_251,pass_predefined,25,0,10.9861228867,0.439444915467,blocked_unfilled,control_class=random_root_sets,10.9861228867,local_obstruction_before_drift
rank191_Q251_exact_power_anchor,exact_power_anchor,191,6,7,3,228,161,143330,2944498264037000,143330,251,prime_block_le_251,25,2695432382774658040741908270274374888347028088573,111.515643094,847288609443,27.4653072167,0,0,1,143330,72.1774309345,27.4653072167,1.01296328597,0.976544415762,1.07416218982,constructed_exact_power_root,3.13081602271,0.333333333333,2.79748268937,C_from_near_power_row_as_positive_control,positive_control_survivor,local_residue_sieve,blocked_unfilled,darmon_granville_ceiling,blocked_unfilled,blocked_unfilled,Z,survivor_kandidat_requires_overlap_check,blocked_unfilled,blocked_unfilled,positive_control_passed,Q_251,pass_predefined,25,6.97690643968e-06,27.4653072167,1.09861228867,blocked_unfilled,control_class=exact_power_anchor,27.4653072167,positive_control_survivor
rank192_Q251_actual_near_miss,actual_near_miss,192,7,7,3,79,134,92637,794974954718853,92637,251,prime_block_le_251,25,2695432382774658040741908270274374888347028088573,111.515643094,6561,8.78889830934,17,7,0,,91.2903008759,8.78889830934,1.02170341961,1.00008875743,1.05045500178,none_visible,3.25030064656,0.333333333333,2.91696731323,existing_near_power_csv,local_obstruction_before_drift,local_residue_sieve,blocked_unfilled,darmon_granville_ceiling,blocked_unfilled,blocked_unfilled,Z,residue_only,blocked_unfilled,blocked_unfilled,under_test,Q_251,pass_predefined,25,0,8.78889830934,0.351555932374,blocked_unfilled,control_class=actual_near_miss,8.78889830934,local_obstruction_before_drift
rank192_Q251_random_root_sets,random_root_sets,192,7,7,3,79,134,92637,794974954718853,92637,251,prime_block_le_251,25,2695432382774658040741908270274374888347028088573,111.515643094,6561,8.78889830934,17,7,0,,91.2903008759,8.78889830934,0.989844127899,0.933737779361,1.04126740815,none_visible,3.25030064656,0.333333333333,2.91696731323,deterministic_seeded_random_sets_same_cardinality,local_obstruction_before_drift,local_residue_sieve,blocked_unfilled,darmon_granville_ceiling,blocked_unfilled,blocked_unfilled,Z,residue_only,blocked_unfilled,blocked_unfilled,negative_control_passed,Q_251,pass_predefined,25,0,8.78889830934,0.351555932374,blocked_unfilled,control_class=random_root_sets,8.78889830934,local_obstruction_before_drift
rank192_Q251_exact_power_anchor,exact_power_anchor,192,7,7,3,79,134,92637,794974954718853,92637,251,prime_block_le_251,25,2695432382774658040741908270274374888347028088573,111.515643094,282429536481,26.366694928,0,0,1,92637,73.7125042572,26.366694928,1.01044464075,0.875259825388,1.05912084564,constructed_exact_power_root,3.25030064656,0.333333333333,2.91696731323,C_from_near_power_row_as_positive_control,positive_control_survivor,local_residue_sieve,blocked_unfilled,darmon_granville_ceiling,blocked_unfilled,blocked_unfilled,Z,survivor_kandidat_requires_overlap_check,blocked_unfilled,blocked_unfilled,positive_control_passed,Q_251,pass_predefined,25,1.0794822803e-05,26.366694928,1.05466779712,blocked_unfilled,control_class=exact_power_anchor,26.366694928,positive_control_survivor
rank193_Q251_actual_near_miss,actual_near_miss,193,7,7,3,196,229,353402,44137426657600808,353402,251,prime_block_le_251,25,2695432382774658040741908270274374888347028088573,111.515643094,6561,8.78889830934,17,7,0,,89.9513832866,8.78889830934,1.00608183693,0.998063898274,1.03071887287,none_visible,2.90965394887,0.333333333333,2.57632061554,existing_near_power_csv,local_obstruction_before_drift,local_residue_sieve,blocked_unfilled,darmon_granville_ceiling,blocked_unfilled,blocked_unfilled,Z,residue_only,blocked_unfilled,blocked_unfilled,under_test,Q_251,pass_predefined,25,0,8.78889830934,0.351555932374,blocked_unfilled,control_class=actual_near_miss,8.78889830934,local_obstruction_before_drift
rank193_Q251_random_root_sets,random_root_sets,193,7,7,3,196,229,353402,44137426657600808,353402,251,prime_block_le_251,25,2695432382774658040741908270274374888347028088573,111.515643094,6561,8.78889830934,17,7,0,,89.9513832866,8.78889830934,0.997383886671,0.980027780765,1.002276916,none_visible,2.90965394887,0.333333333333,2.57632061554,deterministic_seeded_random_sets_same_cardinality,local_obstruction_before_drift,local_residue_sieve,blocked_unfilled,darmon_granville_ceiling,blocked_unfilled,blocked_unfilled,Z,residue_only,blocked_unfilled,blocked_unfilled,negative_control_passed,Q_251,pass_predefined,25,0,8.78889830934,0.351555932374,blocked_unfilled,control_class=random_root_sets,8.78889830934,local_obstruction_before_drift
rank193_Q251_exact_power_anchor,exact_power_anchor,193,7,7,3,196,229,353402,44137426657600808,353402,251,prime_block_le_251,25,2695432382774658040741908270274374888347028088573,111.515643094,282429536481,26.366694928,0,0,1,353402,72.3735866679,26.366694928,1.00076457888,0.976381948414,1.03847805678,constructed_exact_power_root,2.90965394887,0.333333333333,2.57632061554,C_from_near_power_row_as_positive_control,positive_control_survivor,local_residue_sieve,blocked_unfilled,darmon_granville_ceiling,blocked_unfilled,blocked_unfilled,Z,survivor_kandidat_requires_overlap_check,blocked_unfilled,blocked_unfilled,positive_control_passed,Q_251,pass_predefined,25,2.82963876831e-06,26.366694928,1.05466779712,blocked_unfilled,control_class=exact_power_anchor,26.366694928,positive_control_survivor
rank194_Q251_actual_near_miss,actual_near_miss,194,6,7,3,110,119,69775,339703119859375,69775,251,prime_block_le_251,25,2695432382774658040741908270274374888347028088573,111.515643094,2187,7.69028602068,18,13,0,,92.672326015,7.69028602068,0.999183619305,0.97584139496,1.02594052311,none_visible,3.33289496252,0.333333333333,2.99956162918,existing_near_power_csv,local_obstruction_before_drift,local_residue_sieve,blocked_unfilled,darmon_granville_ceiling,blocked_unfilled,blocked_unfilled,Z,residue_only,blocked_unfilled,blocked_unfilled,under_test,Q_251,pass_predefined,25,0,7.69028602068,0.307611440827,blocked_unfilled,control_class=actual_near_miss,7.69028602068,local_obstruction_before_drift
rank194_Q251_random_root_sets,random_root_sets,194,6,7,3,110,119,69775,339703119859375,69775,251,prime_block_le_251,25,2695432382774658040741908270274374888347028088573,111.515643094,2187,7.69028602068,18,13,0,,92.672326015,7.69028602068,0.999183619305,0.97584139496,1.02594052311,none_visible,3.33289496252,0.333333333333,2.99956162918,deterministic_seeded_random_sets_same_cardinality,local_obstruction_before_drift,local_residue_sieve,blocked_unfilled,darmon_granville_ceiling,blocked_unfilled,blocked_unfilled,Z,residue_only,blocked_unfilled,blocked_unfilled,negative_control_passed,Q_251,pass_predefined,25,0,7.69028602068,0.307611440827,blocked_unfilled,control_class=random_root_sets,7.69028602068,local_obstruction_before_drift
rank194_Q251_exact_power_anchor,exact_power_anchor,194,6,7,3,110,119,69775,339703119859375,69775,251,prime_block_le_251,25,2695432382774658040741908270274374888347028088573,111.515643094,847288609443,27.4653072167,0,0,1,69775,72.897304819,27.4653072167,1.00976657776,0.96672479,1.10088140451,constructed_exact_power_root,3.33289496252,0.333333333333,2.99956162918,C_from_near_power_row_as_positive_control,positive_control_survivor,local_residue_sieve,blocked_unfilled,darmon_granville_ceiling,blocked_unfilled,blocked_unfilled,Z,survivor_kandidat_requires_overlap_check,blocked_unfilled,blocked_unfilled,positive_control_passed,Q_251,pass_predefined,25,1.43317807238e-05,27.4653072167,1.09861228867,blocked_unfilled,control_class=exact_power_anchor,27.4653072167,positive_control_survivor
rank195_Q251_actual_near_miss,actual_near_miss,195,6,7,3,216,247,383020,56190688799608000,383020,251,prime_block_le_251,25,2695432382774658040741908270274374888347028088573,111.515643094,59049,10.9861228867,13,7,0,,87.6736777213,10.9861228867,1.00344980271,0.982196752128,1.04274711503,none_visible,2.89143874246,0.333333333333,2.55810540913,existing_near_power_csv,local_obstruction_before_drift,local_residue_sieve,blocked_unfilled,darmon_granville_ceiling,blocked_unfilled,blocked_unfilled,Z,residue_only,blocked_unfilled,blocked_unfilled,under_test,Q_251,pass_predefined,25,0,10.9861228867,0.439444915467,blocked_unfilled,control_class=actual_near_miss,10.9861228867,local_obstruction_before_drift
rank195_Q251_random_root_sets,random_root_sets,195,6,7,3,216,247,383020,56190688799608000,383020,251,prime_block_le_251,25,2695432382774658040741908270274374888347028088573,111.515643094,59049,10.9861228867,13,7,0,,87.6736777213,10.9861228867,1.00066478581,0.987905186268,1.01700027269,none_visible,2.89143874246,0.333333333333,2.55810540913,deterministic_seeded_random_sets_same_cardinality,local_obstruction_before_drift,local_residue_sieve,blocked_unfilled,darmon_granville_ceiling,blocked_unfilled,blocked_unfilled,Z,residue_only,blocked_unfilled,blocked_unfilled,negative_control_passed,Q_251,pass_predefined,25,0,10.9861228867,0.439444915467,blocked_unfilled,control_class=random_root_sets,10.9861228867,local_obstruction_before_drift
rank195_Q251_exact_power_anchor,exact_power_anchor,195,6,7,3,216,247,383020,56190688799608000,383020,251,prime_block_le_251,25,2695432382774658040741908270274374888347028088573,111.515643094,847288609443,27.4653072167,0,0,1,383020,71.1944933913,27.4653072167,1.00343857153,0.980458229625,1.03737779866,constructed_exact_power_root,2.89143874246,0.333333333333,2.55810540913,C_from_near_power_row_as_positive_control,positive_control_survivor,local_residue_sieve,blocked_unfilled,darmon_granville_ceiling,blocked_unfilled,blocked_unfilled,Z,survivor_kandidat_requires_overlap_check,blocked_unfilled,blocked_unfilled,positive_control_passed,Q_251,pass_predefined,25,2.61082972169e-06,27.4653072167,1.09861228867,blocked_unfilled,control_class=exact_power_anchor,27.4653072167,positive_control_survivor
rank196_Q251_actual_near_miss,actual_near_miss,196,6,7,3,228,223,302077,27564681496130533,302077,251,prime_block_le_251,25,2695432382774658040741908270274374888347028088573,111.515643094,243,5.49306144334,18,13,0,,93.40414442,5.49306144334,0.99515766093,0.986511165475,0.999725235619,none_visible,2.94583872405,0.333333333333,2.61250539072,existing_near_power_csv,local_obstruction_before_drift,local_residue_sieve,blocked_unfilled,darmon_granville_ceiling,blocked_unfilled,blocked_unfilled,Z,residue_only,blocked_unfilled,blocked_unfilled,under_test,Q_251,pass_predefined,25,0,5.49306144334,0.219722457734,blocked_unfilled,control_class=actual_near_miss,5.49306144334,local_obstruction_before_drift
rank196_Q251_random_root_sets,random_root_sets,196,6,7,3,228,223,302077,27564681496130533,302077,251,prime_block_le_251,25,2695432382774658040741908270274374888347028088573,111.515643094,243,5.49306144334,18,13,0,,93.40414442,5.49306144334,0.999927538711,0.986511165475,1.00816568844,none_visible,2.94583872405,0.333333333333,2.61250539072,deterministic_seeded_random_sets_same_cardinality,local_obstruction_before_drift,local_residue_sieve,blocked_unfilled,darmon_granville_ceiling,blocked_unfilled,blocked_unfilled,Z,residue_only,blocked_unfilled,blocked_unfilled,negative_control_passed,Q_251,pass_predefined,25,0,5.49306144334,0.219722457734,blocked_unfilled,control_class=random_root_sets,5.49306144334,local_obstruction_before_drift
rank196_Q251_exact_power_anchor,exact_power_anchor,196,6,7,3,228,223,302077,27564681496130533,302077,251,prime_block_le_251,25,2695432382774658040741908270274374888347028088573,111.515643094,847288609443,27.4653072167,0,0,1,302077,71.4318986466,27.4653072167,1.00221431462,0.980472234268,1.02112559233,constructed_exact_power_root,2.94583872405,0.333333333333,2.61250539072,C_from_near_power_row_as_positive_control,positive_control_survivor,local_residue_sieve,blocked_unfilled,darmon_granville_ceiling,blocked_unfilled,blocked_unfilled,Z,survivor_kandidat_requires_overlap_check,blocked_unfilled,blocked_unfilled,positive_control_passed,Q_251,pass_predefined,25,3.31041423213e-06,27.4653072167,1.09861228867,blocked_unfilled,control_class=exact_power_anchor,27.4653072167,positive_control_survivor
rank197_Q251_actual_near_miss,actual_near_miss,197,7,7,3,165,167,190856,6952123086742016,190856,251,prime_block_le_251,25,2695432382774658040741908270274374888347028088573,111.515643094,6561,8.78889830934,17,7,0,,90.5674702888,8.78889830934,1.0076794372,0.979074974501,1.04314363825,none_visible,3.05708050621,0.333333333333,2.72374717288,existing_near_power_csv,local_obstruction_before_drift,local_residue_sieve,blocked_unfilled,darmon_granville_ceiling,blocked_unfilled,blocked_unfilled,Z,residue_only,blocked_unfilled,blocked_unfilled,under_test,Q_251,pass_predefined,25,0,8.78889830934,0.351555932374,blocked_unfilled,control_class=actual_near_miss,8.78889830934,local_obstruction_before_drift
rank197_Q251_random_root_sets,random_root_sets,197,7,7,3,165,167,190856,6952123086742016,190856,251,prime_block_le_251,25,2695432382774658040741908270274374888347028088573,111.515643094,6561,8.78889830934,17,7,0,,90.5674702888,8.78889830934,1.00280773471,0.986146623632,1.01943582829,none_visible,3.05708050621,0.333333333333,2.72374717288,deterministic_seeded_random_sets_same_cardinality,local_obstruction_before_drift,local_residue_sieve,blocked_unfilled,darmon_granville_ceiling,blocked_unfilled,blocked_unfilled,Z,residue_only,blocked_unfilled,blocked_unfilled,negative_control_passed,Q_251,pass_predefined,25,0,8.78889830934,0.351555932374,blocked_unfilled,control_class=random_root_sets,8.78889830934,local_obstruction_before_drift
rank197_Q251_exact_power_anchor,exact_power_anchor,197,7,7,3,165,167,190856,6952123086742016,190856,251,prime_block_le_251,25,2695432382774658040741908270274374888347028088573,111.515643094,847288609443,27.4653072167,0,0,1,190856,71.8910613814,27.4653072167,1.00385114374,0.986600718168,1.04891878927,constructed_exact_power_root,3.05708050621,0.333333333333,2.72374717288,C_from_near_power_row_as_positive_control,positive_control_survivor,local_residue_sieve,blocked_unfilled,darmon_granville_ceiling,blocked_unfilled,blocked_unfilled,Z,survivor_kandidat_requires_overlap_check,blocked_unfilled,blocked_unfilled,positive_control_passed,Q_251,pass_predefined,25,5.23955233265e-06,27.4653072167,1.09861228867,blocked_unfilled,control_class=exact_power_anchor,27.4653072167,positive_control_survivor
rank198_Q251_actual_near_miss,actual_near_miss,198,6,7,3,221,245,375871,53102682256901311,375871,251,prime_block_le_251,25,2695432382774658040741908270274374888347028088573,111.515643094,177147,12.0847351753,14,13,0,,86.5939066403,12.0847351753,0.997136192411,0.978864202523,1.0091547366,none_visible,2.8956825839,0.333333333333,2.56234925057,existing_near_power_csv,local_obstruction_before_drift,local_residue_sieve,blocked_unfilled,darmon_granville_ceiling,blocked_unfilled,blocked_unfilled,Z,residue_only,blocked_unfilled,blocked_unfilled,under_test,Q_251,pass_predefined,25,0,12.0847351753,0.483389407014,blocked_unfilled,control_class=actual_near_miss,12.0847351753,local_obstruction_before_drift
rank198_Q251_random_root_sets,random_root_sets,198,6,7,3,221,245,375871,53102682256901311,375871,251,prime_block_le_251,25,2695432382774658040741908270274374888347028088573,111.515643094,177147,12.0847351753,14,13,0,,86.5939066403,12.0847351753,0.999722097327,0.993085393659,1.01370298734,none_visible,2.8956825839,0.333333333333,2.56234925057,deterministic_seeded_random_sets_same_cardinality,local_obstruction_before_drift,local_residue_sieve,blocked_unfilled,darmon_granville_ceiling,blocked_unfilled,blocked_unfilled,Z,residue_only,blocked_unfilled,blocked_unfilled,negative_control_passed,Q_251,pass_predefined,25,0,12.0847351753,0.483389407014,blocked_unfilled,control_class=random_root_sets,12.0847351753,local_obstruction_before_drift
rank198_Q251_exact_power_anchor,exact_power_anchor,198,6,7,3,221,245,375871,53102682256901311,375871,251,prime_block_le_251,25,2695432382774658040741908270274374888347028088573,111.515643094,847288609443,27.4653072167,0,0,1,375871,71.213334599,27.4653072167,1.00120601365,0.970694141814,1.02181333489,constructed_exact_power_root,2.8956825839,0.333333333333,2.56234925057,C_from_near_power_row_as_positive_control,positive_control_survivor,local_residue_sieve,blocked_unfilled,darmon_granville_ceiling,blocked_unfilled,blocked_unfilled,Z,survivor_kandidat_requires_overlap_check,blocked_unfilled,blocked_unfilled,positive_control_passed,Q_251,pass_predefined,25,2.66048724163e-06,27.4653072167,1.09861228867,blocked_unfilled,control_class=exact_power_anchor,27.4653072167,positive_control_survivor
rank199_Q251_actual_near_miss,actual_near_miss,199,7,7,3,83,201,236821,13281913022415661,236821,251,prime_block_le_251,25,2695432382774658040741908270274374888347028088573,111.515643094,243,5.49306144334,20,7,0,,93.6475217903,5.49306144334,1.01012825439,0.997875094598,1.02015868525,none_visible,3.00377383628,0.333333333333,2.67044050295,existing_near_power_csv,local_obstruction_before_drift,local_residue_sieve,blocked_unfilled,darmon_granville_ceiling,blocked_unfilled,blocked_unfilled,Z,residue_only,blocked_unfilled,blocked_unfilled,under_test,Q_251,pass_predefined,25,0,5.49306144334,0.219722457734,blocked_unfilled,control_class=actual_near_miss,5.49306144334,local_obstruction_before_drift
rank199_Q251_random_root_sets,random_root_sets,199,7,7,3,83,201,236821,13281913022415661,236821,251,prime_block_le_251,25,2695432382774658040741908270274374888347028088573,111.515643094,243,5.49306144334,20,7,0,,93.6475217903,5.49306144334,0.994016577922,0.974818299241,1.00984428464,none_visible,3.00377383628,0.333333333333,2.67044050295,deterministic_seeded_random_sets_same_cardinality,local_obstruction_before_drift,local_residue_sieve,blocked_unfilled,darmon_granville_ceiling,blocked_unfilled,blocked_unfilled,Z,residue_only,blocked_unfilled,blocked_unfilled,negative_control_passed,Q_251,pass_predefined,25,0,5.49306144334,0.219722457734,blocked_unfilled,control_class=random_root_sets,5.49306144334,local_obstruction_before_drift
rank199_Q251_exact_power_anchor,exact_power_anchor,199,7,7,3,83,201,236821,13281913022415661,236821,251,prime_block_le_251,25,2695432382774658040741908270274374888347028088573,111.515643094,282429536481,26.366694928,0,0,1,236821,72.7738883056,26.366694928,1.00859607671,0.998215248366,1.03573772784,constructed_exact_power_root,3.00377383628,0.333333333333,2.67044050295,C_from_near_power_row_as_positive_control,positive_control_survivor,local_residue_sieve,blocked_unfilled,darmon_granville_ceiling,blocked_unfilled,blocked_unfilled,Z,survivor_kandidat_requires_overlap_check,blocked_unfilled,blocked_unfilled,positive_control_passed,Q_251,pass_predefined,25,4.22259850267e-06,26.366694928,1.05466779712,blocked_unfilled,control_class=exact_power_anchor,26.366694928,positive_control_survivor
rank200_Q251_actual_near_miss,actual_near_miss,200,7,7,3,179,226,330197,36001398328555373,330197,251,prime_block_le_251,25,2695432382774658040741908270274374888347028088573,111.515643094,4782969,15.3805720414,11,19,0,,83.4276263277,15.3805720414,1.00266693939,0.991495312731,1.03104106538,none_visible,2.92520501452,0.333333333333,2.59187168119,existing_near_power_csv,local_obstruction_before_drift,local_residue_sieve,blocked_unfilled,darmon_granville_ceiling,blocked_unfilled,blocked_unfilled,Z,residue_only,blocked_unfilled,blocked_unfilled,under_test,Q_251,pass_predefined,25,0,15.3805720414,0.615222881654,blocked_unfilled,control_class=actual_near_miss,15.3805720414,local_obstruction_before_drift
rank200_Q251_random_root_sets,random_root_sets,200,7,7,3,179,226,330197,36001398328555373,330197,251,prime_block_le_251,25,2695432382774658040741908270274374888347028088573,111.515643094,4782969,15.3805720414,11,19,0,,83.4276263277,15.3805720414,1.00054311012,0.979489012115,1.01865956787,none_visible,2.92520501452,0.333333333333,2.59187168119,deterministic_seeded_random_sets_same_cardinality,local_obstruction_before_drift,local_residue_sieve,blocked_unfilled,darmon_granville_ceiling,blocked_unfilled,blocked_unfilled,Z,residue_only,blocked_unfilled,blocked_unfilled,negative_control_passed,Q_251,pass_predefined,25,0,15.3805720414,0.615222881654,blocked_unfilled,control_class=random_root_sets,15.3805720414,local_obstruction_before_drift
rank200_Q251_exact_power_anchor,exact_power_anchor,200,7,7,3,179,226,330197,36001398328555373,330197,251,prime_block_le_251,25,2695432382774658040741908270274374888347028088573,111.515643094,94143178827,25.2680826394,0,0,1,330197,73.5401157297,25.2680826394,1.0017463761,0.982219032207,1.03443432591,constructed_exact_power_root,2.92520501452,0.333333333333,2.59187168119,C_from_near_power_row_as_positive_control,positive_control_survivor,local_residue_sieve,blocked_unfilled,darmon_granville_ceiling,blocked_unfilled,blocked_unfilled,Z,survivor_kandidat_requires_overlap_check,blocked_unfilled,blocked_unfilled,positive_control_passed,Q_251,pass_predefined,25,3.02849511049e-06,25.2680826394,1.01072330557,blocked_unfilled,control_class=exact_power_anchor,25.2680826394,positive_control_survivor
rank201_Q251_actual_near_miss,actual_near_miss,201,7,6,3,71,175,33566,37818018565496,33566,251,prime_block_le_251,25,2695432382774658040741908270274374888347028088573,111.515643094,19683,9.88751059801,16,13,0,,91.2068635672,9.88751059801,1.04422505909,0.913440849537,1.52139069296,none_visible,3.56692465045,0.333333333333,3.23359131712,existing_near_power_csv,local_obstruction_before_drift,local_residue_sieve,blocked_unfilled,darmon_granville_ceiling,blocked_unfilled,blocked_unfilled,Z,residue_only,blocked_unfilled,blocked_unfilled,under_test,Q_251,pass_predefined,25,0,9.88751059801,0.395500423921,blocked_unfilled,control_class=actual_near_miss,9.88751059801,local_obstruction_before_drift
rank201_Q251_random_root_sets,random_root_sets,201,7,6,3,71,175,33566,37818018565496,33566,251,prime_block_le_251,25,2695432382774658040741908270274374888347028088573,111.515643094,19683,9.88751059801,16,13,0,,91.2068635672,9.88751059801,0.977143289837,0.845217051646,1.10125656253,none_visible,3.56692465045,0.333333333333,3.23359131712,deterministic_seeded_random_sets_same_cardinality,local_obstruction_before_drift,local_residue_sieve,blocked_unfilled,darmon_granville_ceiling,blocked_unfilled,blocked_unfilled,Z,residue_only,blocked_unfilled,blocked_unfilled,negative_control_passed,Q_251,pass_predefined,25,0,9.88751059801,0.395500423921,blocked_unfilled,control_class=random_root_sets,9.88751059801,local_obstruction_before_drift
rank201_Q251_exact_power_anchor,exact_power_anchor,201,7,6,3,71,175,33566,37818018565496,33566,251,prime_block_le_251,25,2695432382774658040741908270274374888347028088573,111.515643094,282429536481,26.366694928,0,0,1,33566,74.7276792372,26.366694928,0.994099242841,0.676173641317,1.25093844962,constructed_exact_power_root,3.56692465045,0.333333333333,3.23359131712,C_from_near_power_row_as_positive_control,positive_control_survivor,local_residue_sieve,blocked_unfilled,darmon_granville_ceiling,blocked_unfilled,blocked_unfilled,Z,survivor_kandidat_requires_overlap_check,blocked_unfilled,blocked_unfilled,positive_control_passed,Q_251,pass_predefined,25,2.97920514807e-05,26.366694928,1.05466779712,blocked_unfilled,control_class=exact_power_anchor,26.366694928,positive_control_survivor
rank202_Q251_actual_near_miss,actual_near_miss,202,7,6,3,53,190,36398,48220594676792,36398,251,prime_block_le_251,25,2695432382774658040741908270274374888347028088573,111.515643094,59049,10.9861228867,13,7,0,,90.0272511003,10.9861228867,0.984073939017,0.809513343224,1.07196060834,none_visible,3.53941425919,0.333333333333,3.20608092585,existing_near_power_csv,local_obstruction_before_drift,local_residue_sieve,blocked_unfilled,darmon_granville_ceiling,blocked_unfilled,blocked_unfilled,Z,residue_only,blocked_unfilled,blocked_unfilled,under_test,Q_251,pass_predefined,25,0,10.9861228867,0.439444915467,blocked_unfilled,control_class=actual_near_miss,10.9861228867,local_obstruction_before_drift
rank202_Q251_random_root_sets,random_root_sets,202,7,6,3,53,190,36398,48220594676792,36398,251,prime_block_le_251,25,2695432382774658040741908270274374888347028088573,111.515643094,59049,10.9861228867,13,7,0,,90.0272511003,10.9861228867,1.00685185833,0.832490796198,1.21427001484,none_visible,3.53941425919,0.333333333333,3.20608092585,deterministic_seeded_random_sets_same_cardinality,local_obstruction_before_drift,local_residue_sieve,blocked_unfilled,darmon_granville_ceiling,blocked_unfilled,blocked_unfilled,Z,residue_only,blocked_unfilled,blocked_unfilled,negative_control_passed,Q_251,pass_predefined,25,0,10.9861228867,0.439444915467,blocked_unfilled,control_class=random_root_sets,10.9861228867,local_obstruction_before_drift
rank202_Q251_exact_power_anchor,exact_power_anchor,202,7,6,3,53,190,36398,48220594676792,36398,251,prime_block_le_251,25,2695432382774658040741908270274374888347028088573,111.515643094,847288609443,27.4653072167,0,0,1,36398,73.5480667703,27.4653072167,1.02279467431,0.935344432844,1.17081829893,constructed_exact_power_root,3.53941425919,0.333333333333,3.20608092585,C_from_near_power_row_as_positive_control,positive_control_survivor,local_residue_sieve,blocked_unfilled,darmon_granville_ceiling,blocked_unfilled,blocked_unfilled,Z,survivor_kandidat_requires_overlap_check,blocked_unfilled,blocked_unfilled,positive_control_passed,Q_251,pass_predefined,25,2.7474037035e-05,27.4653072167,1.09861228867,blocked_unfilled,control_class=exact_power_anchor,27.4653072167,positive_control_survivor
rank203_Q251_actual_near_miss,actual_near_miss,203,5,6,3,198,139,19589,7516865833469,19589,251,prime_block_le_251,25,2695432382774658040741908270274374888347028088573,111.515643094,531441,13.183347464,13,7,0,,88.4495721669,13.183347464,1.0069787672,0.644738260135,1.33445074049,none_visible,3.76129931894,0.333333333333,3.42796598561,existing_near_power_csv,local_obstruction_before_drift,local_residue_sieve,blocked_unfilled,darmon_granville_ceiling,blocked_unfilled,blocked_unfilled,Z,residue_only,blocked_unfilled,blocked_unfilled,under_test,Q_251,pass_predefined,25,0,13.183347464,0.527333898561,blocked_unfilled,control_class=actual_near_miss,13.183347464,local_obstruction_before_drift
rank203_Q251_random_root_sets,random_root_sets,203,5,6,3,198,139,19589,7516865833469,19589,251,prime_block_le_251,25,2695432382774658040741908270274374888347028088573,111.515643094,531441,13.183347464,13,7,0,,88.4495721669,13.183347464,1.0118686482,0.714499634148,1.33445074049,none_visible,3.76129931894,0.333333333333,3.42796598561,deterministic_seeded_random_sets_same_cardinality,local_obstruction_before_drift,local_residue_sieve,blocked_unfilled,darmon_granville_ceiling,blocked_unfilled,blocked_unfilled,Z,residue_only,blocked_unfilled,blocked_unfilled,negative_control_passed,Q_251,pass_predefined,25,0,13.183347464,0.527333898561,blocked_unfilled,control_class=random_root_sets,13.183347464,local_obstruction_before_drift
rank203_Q251_exact_power_anchor,exact_power_anchor,203,5,6,3,198,139,19589,7516865833469,19589,251,prime_block_le_251,25,2695432382774658040741908270274374888347028088573,111.515643094,282429536481,26.366694928,0,0,1,19589,75.2662247029,26.366694928,1.09561512224,0.238166544716,1.96064117617,constructed_exact_power_root,3.76129931894,0.333333333333,3.42796598561,C_from_near_power_row_as_positive_control,positive_control_survivor,local_residue_sieve,blocked_unfilled,darmon_granville_ceiling,blocked_unfilled,blocked_unfilled,Z,survivor_kandidat_requires_overlap_check,blocked_unfilled,blocked_unfilled,positive_control_passed,Q_251,pass_predefined,25,5.10490581449e-05,26.366694928,1.05466779712,blocked_unfilled,control_class=exact_power_anchor,26.366694928,positive_control_survivor
rank204_Q251_actual_near_miss,actual_near_miss,204,6,7,3,204,199,231650,12430738017125000,231650,251,prime_block_le_251,25,2695432382774658040741908270274374888347028088573,111.515643094,59049,10.9861228867,15,7,0,,88.1765373166,10.9861228867,1.00332557898,0.967486389908,1.067423076,none_visible,3.00914211246,0.333333333333,2.67580877913,existing_near_power_csv,local_obstruction_before_drift,local_residue_sieve,blocked_unfilled,darmon_granville_ceiling,blocked_unfilled,blocked_unfilled,Z,residue_only,blocked_unfilled,blocked_unfilled,under_test,Q_251,pass_predefined,25,0,10.9861228867,0.439444915467,blocked_unfilled,control_class=actual_near_miss,10.9861228867,local_obstruction_before_drift
rank204_Q251_random_root_sets,random_root_sets,204,6,7,3,204,199,231650,12430738017125000,231650,251,prime_block_le_251,25,2695432382774658040741908270274374888347028088573,111.515643094,59049,10.9861228867,15,7,0,,88.1765373166,10.9861228867,0.993633274976,0.966722785812,1.00308127683,none_visible,3.00914211246,0.333333333333,2.67580877913,deterministic_seeded_random_sets_same_cardinality,local_obstruction_before_drift,local_residue_sieve,blocked_unfilled,darmon_granville_ceiling,blocked_unfilled,blocked_unfilled,Z,residue_only,blocked_unfilled,blocked_unfilled,negative_control_passed,Q_251,pass_predefined,25,0,10.9861228867,0.439444915467,blocked_unfilled,control_class=random_root_sets,10.9861228867,local_obstruction_before_drift
rank204_Q251_exact_power_anchor,exact_power_anchor,204,6,7,3,204,199,231650,12430738017125000,231650,251,prime_block_le_251,25,2695432382774658040741908270274374888347028088573,111.515643094,847288609443,27.4653072167,0,0,1,231650,71.6973529865,27.4653072167,1.00315242503,0.976428520037,1.03238650263,constructed_exact_power_root,3.00914211246,0.333333333333,2.67580877913,C_from_near_power_row_as_positive_control,positive_control_survivor,local_residue_sieve,blocked_unfilled,darmon_granville_ceiling,blocked_unfilled,blocked_unfilled,Z,survivor_kandidat_requires_overlap_check,blocked_unfilled,blocked_unfilled,positive_control_passed,Q_251,pass_predefined,25,4.31685732787e-06,27.4653072167,1.09861228867,blocked_unfilled,control_class=exact_power_anchor,27.4653072167,positive_control_survivor
rank205_Q251_actual_near_miss,actual_near_miss,205,6,7,3,207,113,67964,313932872337344,67964,251,prime_block_le_251,25,2695432382774658040741908270274374888347028088573,111.515643094,27,3.295836866,22,7,0,,97.0930727959,3.295836866,1.03429593445,0.988544588965,1.08004727993,none_visible,3.34077213747,0.333333333333,3.00743880414,existing_near_power_csv,local_obstruction_before_drift,local_residue_sieve,blocked_unfilled,darmon_granville_ceiling,blocked_unfilled,blocked_unfilled,Z,residue_only,blocked_unfilled,blocked_unfilled,under_test,Q_251,pass_predefined,25,0,3.295836866,0.13183347464,blocked_unfilled,control_class=actual_near_miss,3.295836866,local_obstruction_before_drift
rank205_Q251_random_root_sets,random_root_sets,205,6,7,3,207,113,67964,313932872337344,67964,251,prime_block_le_251,25,2695432382774658040741908270274374888347028088573,111.515643094,27,3.295836866,22,7,0,,97.0930727959,3.295836866,0.957149700168,0.925754811371,0.988544588965,none_visible,3.34077213747,0.333333333333,3.00743880414,deterministic_seeded_random_sets_same_cardinality,local_obstruction_before_drift,local_residue_sieve,blocked_unfilled,darmon_granville_ceiling,blocked_unfilled,blocked_unfilled,Z,residue_only,blocked_unfilled,blocked_unfilled,negative_control_passed,Q_251,pass_predefined,25,0,3.295836866,0.13183347464,blocked_unfilled,control_class=random_root_sets,3.295836866,local_obstruction_before_drift
rank205_Q251_exact_power_anchor,exact_power_anchor,205,6,7,3,207,113,67964,313932872337344,67964,251,prime_block_le_251,25,2695432382774658040741908270274374888347028088573,111.515643094,282429536481,26.366694928,0,0,1,67964,74.0222147338,26.366694928,1.00028909641,0.846171829531,1.08777522741,constructed_exact_power_root,3.34077213747,0.333333333333,3.00743880414,C_from_near_power_row_as_positive_control,positive_control_survivor,local_residue_sieve,blocked_unfilled,darmon_granville_ceiling,blocked_unfilled,blocked_unfilled,Z,survivor_kandidat_requires_overlap_check,blocked_unfilled,blocked_unfilled,positive_control_passed,Q_251,pass_predefined,25,1.4713671944e-05,26.366694928,1.05466779712,blocked_unfilled,control_class=exact_power_anchor,26.366694928,positive_control_survivor
rank206_Q251_actual_near_miss,actual_near_miss,206,6,7,3,203,244,372197,51560676262489373,372197,251,prime_block_le_251,25,2695432382774658040741908270274374888347028088573,111.515643094,1594323,14.2819597527,12,13,0,,84.4065047784,14.2819597527,1.00222559857,0.98471239693,1.02198984827,none_visible,2.89790002134,0.333333333333,2.56456668801,existing_near_power_csv,local_obstruction_before_drift,local_residue_sieve,blocked_unfilled,darmon_granville_ceiling,blocked_unfilled,blocked_unfilled,Z,residue_only,blocked_unfilled,blocked_unfilled,under_test,Q_251,pass_predefined,25,0,14.2819597527,0.571278390107,blocked_unfilled,control_class=actual_near_miss,14.2819597527,local_obstruction_before_drift
rank206_Q251_random_root_sets,random_root_sets,206,6,7,3,203,244,372197,51560676262489373,372197,251,prime_block_le_251,25,2695432382774658040741908270274374888347028088573,111.515643094,1594323,14.2819597527,12,13,0,,84.4065047784,14.2819597527,1.0012726733,0.976966498924,1.02414372556,none_visible,2.89790002134,0.333333333333,2.56456668801,deterministic_seeded_random_sets_same_cardinality,local_obstruction_before_drift,local_residue_sieve,blocked_unfilled,darmon_granville_ceiling,blocked_unfilled,blocked_unfilled,Z,residue_only,blocked_unfilled,blocked_unfilled,negative_control_passed,Q_251,pass_predefined,25,0,14.2819597527,0.571278390107,blocked_unfilled,control_class=random_root_sets,14.2819597527,local_obstruction_before_drift
rank206_Q251_exact_power_anchor,exact_power_anchor,206,6,7,3,203,244,372197,51560676262489373,372197,251,prime_block_le_251,25,2695432382774658040741908270274374888347028088573,111.515643094,282429536481,26.366694928,0,0,1,372197,72.3217696031,26.366694928,1.00125433873,0.970232012736,1.02198984827,constructed_exact_power_root,2.89790002134,0.333333333333,2.56456668801,C_from_near_power_row_as_positive_control,positive_control_survivor,local_residue_sieve,blocked_unfilled,darmon_granville_ceiling,blocked_unfilled,blocked_unfilled,Z,survivor_kandidat_requires_overlap_check,blocked_unfilled,blocked_unfilled,positive_control_passed,Q_251,pass_predefined,25,2.68674922151e-06,26.366694928,1.05466779712,blocked_unfilled,control_class=exact_power_anchor,26.366694928,positive_control_survivor
rank207_Q251_actual_near_miss,actual_near_miss,207,6,7,3,221,191,210969,9389791155283209,210969,251,prime_block_le_251,25,2695432382774658040741908270274374888347028088573,111.515643094,729,6.59167373201,19,7,0,,92.6645028798,6.59167373201,1.00905630685,0.959191476789,1.06560100194,none_visible,3.03209614262,0.333333333333,2.69876280929,existing_near_power_csv,local_obstruction_before_drift,local_residue_sieve,blocked_unfilled,darmon_granville_ceiling,blocked_unfilled,blocked_unfilled,Z,residue_only,blocked_unfilled,blocked_unfilled,under_test,Q_251,pass_predefined,25,0,6.59167373201,0.26366694928,blocked_unfilled,control_class=actual_near_miss,6.59167373201,local_obstruction_before_drift
rank207_Q251_random_root_sets,random_root_sets,207,6,7,3,221,191,210969,9389791155283209,210969,251,prime_block_le_251,25,2695432382774658040741908270274374888347028088573,111.515643094,729,6.59167373201,19,7,0,,92.6645028798,6.59167373201,0.992636200895,0.988257885176,0.995812970942,none_visible,3.03209614262,0.333333333333,2.69876280929,deterministic_seeded_random_sets_same_cardinality,local_obstruction_before_drift,local_residue_sieve,blocked_unfilled,darmon_granville_ceiling,blocked_unfilled,blocked_unfilled,Z,residue_only,blocked_unfilled,blocked_unfilled,negative_control_passed,Q_251,pass_predefined,25,0,6.59167373201,0.26366694928,blocked_unfilled,control_class=random_root_sets,6.59167373201,local_obstruction_before_drift
rank207_Q251_exact_power_anchor,exact_power_anchor,207,6,7,3,221,191,210969,9389791155283209,210969,251,prime_block_le_251,25,2695432382774658040741908270274374888347028088573,111.515643094,847288609443,27.4653072167,0,0,1,210969,71.7908693951,27.4653072167,1.00766011261,0.986376092117,1.06560100194,constructed_exact_power_root,3.03209614262,0.333333333333,2.69876280929,C_from_near_power_row_as_positive_control,positive_control_survivor,local_residue_sieve,blocked_unfilled,darmon_granville_ceiling,blocked_unfilled,blocked_unfilled,Z,survivor_kandidat_requires_overlap_check,blocked_unfilled,blocked_unfilled,positive_control_passed,Q_251,pass_predefined,25,4.74003289583e-06,27.4653072167,1.09861228867,blocked_unfilled,control_class=exact_power_anchor,27.4653072167,positive_control_survivor
rank208_Q251_actual_near_miss,actual_near_miss,208,7,7,3,89,196,223446,11156237565520536,223446,251,prime_block_le_251,25,2695432382774658040741908270274374888347028088573,111.515643094,19683,9.88751059801,14,7,0,,89.311207443,9.88751059801,0.993433362473,0.940627464553,1.0154046665,none_visible,3.01795138568,0.333333333333,2.68461805235,existing_near_power_csv,local_obstruction_before_drift,local_residue_sieve,blocked_unfilled,darmon_granville_ceiling,blocked_unfilled,blocked_unfilled,Z,residue_only,blocked_unfilled,blocked_unfilled,under_test,Q_251,pass_predefined,25,0,9.88751059801,0.395500423921,blocked_unfilled,control_class=actual_near_miss,9.88751059801,local_obstruction_before_drift
rank208_Q251_random_root_sets,random_root_sets,208,7,7,3,89,196,223446,11156237565520536,223446,251,prime_block_le_251,25,2695432382774658040741908270274374888347028088573,111.515643094,19683,9.88751059801,14,7,0,,89.311207443,9.88751059801,1.00471945993,0.995627578923,1.01803368848,none_visible,3.01795138568,0.333333333333,2.68461805235,deterministic_seeded_random_sets_same_cardinality,local_obstruction_before_drift,local_residue_sieve,blocked_unfilled,darmon_granville_ceiling,blocked_unfilled,blocked_unfilled,Z,residue_only,blocked_unfilled,blocked_unfilled,negative_control_passed,Q_251,pass_predefined,25,0,9.88751059801,0.395500423921,blocked_unfilled,control_class=random_root_sets,9.88751059801,local_obstruction_before_drift
rank208_Q251_exact_power_anchor,exact_power_anchor,208,7,7,3,89,196,223446,11156237565520536,223446,251,prime_block_le_251,25,2695432382774658040741908270274374888347028088573,111.515643094,282429536481,26.366694928,0,0,1,223446,72.8320231129,26.366694928,1.01017374402,0.97985742516,1.14271457086,constructed_exact_power_root,3.01795138568,0.333333333333,2.68461805235,C_from_near_power_row_as_positive_control,positive_control_survivor,local_residue_sieve,blocked_unfilled,darmon_granville_ceiling,blocked_unfilled,blocked_unfilled,Z,survivor_kandidat_requires_overlap_check,blocked_unfilled,blocked_unfilled,positive_control_passed,Q_251,pass_predefined,25,4.47535422429e-06,26.366694928,1.05466779712,blocked_unfilled,control_class=exact_power_anchor,26.366694928,positive_control_survivor
rank209_Q251_actual_near_miss,actual_near_miss,209,6,6,3,223,248,70849,355632280170049,70849,251,prime_block_le_251,25,2695432382774658040741908270274374888347028088573,111.515643094,6561,8.78889830934,16,7,0,,91.558438654,8.78889830934,0.995851505785,0.963212842336,1.04113599972,none_visible,3.32833650836,0.333333333333,2.99500317503,existing_near_power_csv,local_obstruction_before_drift,local_residue_sieve,blocked_unfilled,darmon_granville_ceiling,blocked_unfilled,blocked_unfilled,Z,residue_only,blocked_unfilled,blocked_unfilled,under_test,Q_251,pass_predefined,25,0,8.78889830934,0.351555932374,blocked_unfilled,control_class=actual_near_miss,8.78889830934,local_obstruction_before_drift
rank209_Q251_random_root_sets,random_root_sets,209,6,6,3,223,248,70849,355632280170049,70849,251,prime_block_le_251,25,2695432382774658040741908270274374888347028088573,111.515643094,6561,8.78889830934,16,7,0,,91.558438654,8.78889830934,1.01318394677,0.961243081922,1.12122338432,none_visible,3.32833650836,0.333333333333,2.99500317503,deterministic_seeded_random_sets_same_cardinality,local_obstruction_before_drift,local_residue_sieve,blocked_unfilled,darmon_granville_ceiling,blocked_unfilled,blocked_unfilled,Z,residue_only,blocked_unfilled,blocked_unfilled,negative_control_passed,Q_251,pass_predefined,25,0,8.78889830934,0.351555932374,blocked_unfilled,control_class=random_root_sets,8.78889830934,local_obstruction_before_drift
rank209_Q251_exact_power_anchor,exact_power_anchor,209,6,6,3,223,248,70849,355632280170049,70849,251,prime_block_le_251,25,2695432382774658040741908270274374888347028088573,111.515643094,847288609443,27.4653072167,0,0,1,70849,72.8820297467,27.4653072167,1.03021318684,0.963727238368,1.28139815351,constructed_exact_power_root,3.32833650836,0.333333333333,2.99500317503,C_from_near_power_row_as_positive_control,positive_control_survivor,local_residue_sieve,blocked_unfilled,darmon_granville_ceiling,blocked_unfilled,blocked_unfilled,Z,survivor_kandidat_requires_overlap_check,blocked_unfilled,blocked_unfilled,positive_control_passed,Q_251,pass_predefined,25,1.41145252579e-05,27.4653072167,1.09861228867,blocked_unfilled,control_class=exact_power_anchor,27.4653072167,positive_control_survivor
rank210_Q251_actual_near_miss,actual_near_miss,210,7,7,3,129,226,313148,30707815807097792,313148,251,prime_block_le_251,25,2695432382774658040741908270274374888347028088573,111.515643094,177147,12.0847351753,14,7,0,,86.7764767175,12.0847351753,0.997363369539,0.988849787747,1.00399136794,none_visible,2.93745964874,0.333333333333,2.60412631541,existing_near_power_csv,local_obstruction_before_drift,local_residue_sieve,blocked_unfilled,darmon_granville_ceiling,blocked_unfilled,blocked_unfilled,Z,residue_only,blocked_unfilled,blocked_unfilled,under_test,Q_251,pass_predefined,25,0,12.0847351753,0.483389407014,blocked_unfilled,control_class=actual_near_miss,12.0847351753,local_obstruction_before_drift
rank210_Q251_random_root_sets,random_root_sets,210,7,7,3,129,226,313148,30707815807097792,313148,251,prime_block_le_251,25,2695432382774658040741908270274374888347028088573,111.515643094,177147,12.0847351753,14,7,0,,86.7764767175,12.0847351753,0.998890194626,0.978289640823,1.00790148215,none_visible,2.93745964874,0.333333333333,2.60412631541,deterministic_seeded_random_sets_same_cardinality,local_obstruction_before_drift,local_residue_sieve,blocked_unfilled,darmon_granville_ceiling,blocked_unfilled,blocked_unfilled,Z,residue_only,blocked_unfilled,blocked_unfilled,negative_control_passed,Q_251,pass_predefined,25,0,12.0847351753,0.483389407014,blocked_unfilled,control_class=random_root_sets,12.0847351753,local_obstruction_before_drift
rank210_Q251_exact_power_anchor,exact_power_anchor,210,7,7,3,129,226,313148,30707815807097792,313148,251,prime_block_le_251,25,2695432382774658040741908270274374888347028088573,111.515643094,847288609443,27.4653072167,0,0,1,313148,71.3959046762,27.4653072167,1.00383478892,0.989654164236,1.03511083861,constructed_exact_power_root,2.93745964874,0.333333333333,2.60412631541,C_from_near_power_row_as_positive_control,positive_control_survivor,local_residue_sieve,blocked_unfilled,darmon_granville_ceiling,blocked_unfilled,blocked_unfilled,Z,survivor_kandidat_requires_overlap_check,blocked_unfilled,blocked_unfilled,positive_control_passed,Q_251,pass_predefined,25,3.19337821094e-06,27.4653072167,1.09861228867,blocked_unfilled,control_class=exact_power_anchor,27.4653072167,positive_control_survivor
rank211_Q251_actual_near_miss,actual_near_miss,211,5,6,3,222,209,43775,83883871109375,43775,251,prime_block_le_251,25,2695432382774658040741908270274374888347028088573,111.515643094,531441,13.183347464,12,7,0,,87.6454774729,13.183347464,1.02549865685,0.914245827781,1.12328193413,none_visible,3.47829264845,0.333333333333,3.14495931512,existing_near_power_csv,local_obstruction_before_drift,local_residue_sieve,blocked_unfilled,darmon_granville_ceiling,blocked_unfilled,blocked_unfilled,Z,residue_only,blocked_unfilled,blocked_unfilled,under_test,Q_251,pass_predefined,25,0,13.183347464,0.527333898561,blocked_unfilled,control_class=actual_near_miss,13.183347464,local_obstruction_before_drift
rank211_Q251_random_root_sets,random_root_sets,211,5,6,3,222,209,43775,83883871109375,43775,251,prime_block_le_251,25,2695432382774658040741908270274374888347028088573,111.515643094,531441,13.183347464,12,7,0,,87.6454774729,13.183347464,0.985015335152,0.898625547306,1.06204962244,none_visible,3.47829264845,0.333333333333,3.14495931512,deterministic_seeded_random_sets_same_cardinality,local_obstruction_before_drift,local_residue_sieve,blocked_unfilled,darmon_granville_ceiling,blocked_unfilled,blocked_unfilled,Z,residue_only,blocked_unfilled,blocked_unfilled,negative_control_passed,Q_251,pass_predefined,25,0,13.183347464,0.527333898561,blocked_unfilled,control_class=random_root_sets,13.183347464,local_obstruction_before_drift
rank211_Q251_exact_power_anchor,exact_power_anchor,211,5,6,3,222,209,43775,83883871109375,43775,251,prime_block_le_251,25,2695432382774658040741908270274374888347028088573,111.515643094,282429536481,26.366694928,0,0,1,43775,74.4621300089,26.366694928,1.03137170294,0.84442667682,1.17235611397,constructed_exact_power_root,3.47829264845,0.333333333333,3.14495931512,C_from_near_power_row_as_positive_control,positive_control_survivor,local_residue_sieve,blocked_unfilled,darmon_granville_ceiling,blocked_unfilled,blocked_unfilled,Z,survivor_kandidat_requires_overlap_check,blocked_unfilled,blocked_unfilled,positive_control_passed,Q_251,pass_predefined,25,2.28440890919e-05,26.366694928,1.05466779712,blocked_unfilled,control_class=exact_power_anchor,26.366694928,positive_control_survivor
rank212_Q251_actual_near_miss,actual_near_miss,212,7,6,3,72,245,60939,226300737716019,60939,251,prime_block_le_251,25,2695432382774658040741908270274374888347028088573,111.515643094,6561,8.78889830934,17,7,0,,91.7091161419,8.78889830934,1.01880985852,0.997797433134,1.03740899369,none_visible,3.37385495885,0.333333333333,3.04052162552,existing_near_power_csv,local_obstruction_before_drift,local_residue_sieve,blocked_unfilled,darmon_granville_ceiling,blocked_unfilled,blocked_unfilled,Z,residue_only,blocked_unfilled,blocked_unfilled,under_test,Q_251,pass_predefined,25,0,8.78889830934,0.351555932374,blocked_unfilled,control_class=actual_near_miss,8.78889830934,local_obstruction_before_drift
rank212_Q251_random_root_sets,random_root_sets,212,7,6,3,72,245,60939,226300737716019,60939,251,prime_block_le_251,25,2695432382774658040741908270274374888347028088573,111.515643094,6561,8.78889830934,17,7,0,,91.7091161419,8.78889830934,1.01148012441,0.932637555588,1.06217146108,none_visible,3.37385495885,0.333333333333,3.04052162552,deterministic_seeded_random_sets_same_cardinality,local_obstruction_before_drift,local_residue_sieve,blocked_unfilled,darmon_granville_ceiling,blocked_unfilled,blocked_unfilled,Z,residue_only,blocked_unfilled,blocked_unfilled,negative_control_passed,Q_251,pass_predefined,25,0,8.78889830934,0.351555932374,blocked_unfilled,control_class=random_root_sets,8.78889830934,local_obstruction_before_drift
rank212_Q251_exact_power_anchor,exact_power_anchor,212,7,6,3,72,245,60939,226300737716019,60939,251,prime_block_le_251,25,2695432382774658040741908270274374888347028088573,111.515643094,94143178827,25.2680826394,0,0,1,60939,75.2299318119,25.2680826394,1.03943492673,0.910365739145,1.22494808105,constructed_exact_power_root,3.37385495885,0.333333333333,3.04052162552,C_from_near_power_row_as_positive_control,positive_control_survivor,local_residue_sieve,blocked_unfilled,darmon_granville_ceiling,blocked_unfilled,blocked_unfilled,Z,survivor_kandidat_requires_overlap_check,blocked_unfilled,blocked_unfilled,positive_control_passed,Q_251,pass_predefined,25,1.64098524754e-05,25.2680826394,1.01072330557,blocked_unfilled,control_class=exact_power_anchor,25.2680826394,positive_control_survivor
rank213_Q251_actual_near_miss,actual_near_miss,213,6,5,4,37,173,630,157529610000,630,251,prime_block_le_251,53,32133165458954322436165317614053356655440093295804604057122379340449075183940351576262600371617210115,231.425812895,8589934592,22.8738569585,28,5,0,,202.106236117,22.8738569585,1.14737929894,0,11.6037698413,none_visible,8.9759491329,0.25,8.7259491329,existing_near_power_csv,local_obstruction_before_drift,local_residue_sieve,blocked_unfilled,darmon_granville_ceiling,blocked_unfilled,blocked_unfilled,Z,residue_only,blocked_unfilled,blocked_unfilled,under_test,Q_251,pass_predefined,53,0,22.8738569585,0.431582206764,blocked_unfilled,control_class=actual_near_miss,22.8738569585,local_obstruction_before_drift
rank213_Q251_random_root_sets,random_root_sets,213,6,5,4,37,173,630,157529610000,630,251,prime_block_le_251,53,32133165458954322436165317614053356655440093295804604057122379340449075183940351576262600371617210115,231.425812895,8589934592,22.8738569585,28,5,0,,202.106236117,22.8738569585,0.353443287037,0,1.60367063492,none_visible,8.9759491329,0.25,8.7259491329,deterministic_seeded_random_sets_same_cardinality,local_obstruction_before_drift,local_residue_sieve,blocked_unfilled,darmon_granville_ceiling,blocked_unfilled,blocked_unfilled,Z,residue_only,blocked_unfilled,blocked_unfilled,negative_control_passed,Q_251,pass_predefined,53,0,22.8738569585,0.431582206764,blocked_unfilled,control_class=random_root_sets,22.8738569585,local_obstruction_before_drift
rank213_Q251_exact_power_anchor,exact_power_anchor,213,6,5,4,37,173,630,157529610000,630,251,prime_block_le_251,53,32133165458954322436165317614053356655440093295804604057122379340449075183940351576262600371617210115,231.425812895,9444732965739290427392,50.5997441809,0,0,1,630,174.380348895,50.5997441809,1.29831349206,0.620436507937,3.08511904762,constructed_exact_power_root,8.9759491329,0.25,8.7259491329,C_from_near_power_row_as_positive_control,positive_control_survivor,local_residue_sieve,blocked_unfilled,darmon_granville_ceiling,blocked_unfilled,blocked_unfilled,Z,survivor_kandidat_requires_overlap_check,blocked_unfilled,blocked_unfilled,positive_control_passed,Q_251,pass_predefined,53,0.0015873015873,50.5997441809,0.954712154356,blocked_unfilled,control_class=exact_power_anchor,50.5997441809,positive_control_survivor
rank214_Q251_actual_near_miss,actual_near_miss,214,7,7,3,69,146,112439,1421513286860519,112439,251,prime_block_le_251,25,2695432382774658040741908270274374888347028088573,111.515643094,729,6.59167373201,18,7,0,,93.2938032307,6.59167373201,0.995811391395,0.947852218141,1.01884280958,none_visible,3.19616079526,0.333333333333,2.86282746193,existing_near_power_csv,local_obstruction_before_drift,local_residue_sieve,blocked_unfilled,darmon_granville_ceiling,blocked_unfilled,blocked_unfilled,Z,residue_only,blocked_unfilled,blocked_unfilled,under_test,Q_251,pass_predefined,25,0,6.59167373201,0.26366694928,blocked_unfilled,control_class=actual_near_miss,6.59167373201,local_obstruction_before_drift
rank214_Q251_random_root_sets,random_root_sets,214,7,7,3,69,146,112439,1421513286860519,112439,251,prime_block_le_251,25,2695432382774658040741908270274374888347028088573,111.515643094,729,6.59167373201,18,7,0,,93.2938032307,6.59167373201,0.98214406297,0.900459607234,1.01356785062,none_visible,3.19616079526,0.333333333333,2.86282746193,deterministic_seeded_random_sets_same_cardinality,local_obstruction_before_drift,local_residue_sieve,blocked_unfilled,darmon_granville_ceiling,blocked_unfilled,blocked_unfilled,Z,residue_only,blocked_unfilled,blocked_unfilled,negative_control_passed,Q_251,pass_predefined,25,0,6.59167373201,0.26366694928,blocked_unfilled,control_class=random_root_sets,6.59167373201,local_obstruction_before_drift
rank214_Q251_exact_power_anchor,exact_power_anchor,214,7,7,3,69,146,112439,1421513286860519,112439,251,prime_block_le_251,25,2695432382774658040741908270274374888347028088573,111.515643094,282429536481,26.366694928,0,0,1,112439,73.5187820347,26.366694928,1.01765969894,0.954341662788,1.14528173795,constructed_exact_power_root,3.19616079526,0.333333333333,2.86282746193,C_from_near_power_row_as_positive_control,positive_control_survivor,local_residue_sieve,blocked_unfilled,darmon_granville_ceiling,blocked_unfilled,blocked_unfilled,Z,survivor_kandidat_requires_overlap_check,blocked_unfilled,blocked_unfilled,positive_control_passed,Q_251,pass_predefined,25,8.89371125677e-06,26.366694928,1.05466779712,blocked_unfilled,control_class=exact_power_anchor,26.366694928,positive_control_survivor
rank215_Q251_actual_near_miss,actual_near_miss,215,6,6,3,211,241,65745,284176518368625,65745,251,prime_block_le_251,25,2695432382774658040741908270274374888347028088573,111.515643094,729,6.59167373201,17,7,0,,93.8304304606,6.59167373201,1.00643032785,0.977311329125,1.06158812246,none_visible,3.35076852944,0.333333333333,3.01743519611,existing_near_power_csv,local_obstruction_before_drift,local_residue_sieve,blocked_unfilled,darmon_granville_ceiling,blocked_unfilled,blocked_unfilled,Z,residue_only,blocked_unfilled,blocked_unfilled,under_test,Q_251,pass_predefined,25,0,6.59167373201,0.26366694928,blocked_unfilled,control_class=actual_near_miss,6.59167373201,local_obstruction_before_drift
rank215_Q251_random_root_sets,random_root_sets,215,6,6,3,211,241,65745,284176518368625,65745,251,prime_block_le_251,25,2695432382774658040741908270274374888347028088573,111.515643094,729,6.59167373201,17,7,0,,93.8304304606,6.59167373201,1.00544624674,0.89826687285,1.11925368216,none_visible,3.35076852944,0.333333333333,3.01743519611,deterministic_seeded_random_sets_same_cardinality,local_obstruction_before_drift,local_residue_sieve,blocked_unfilled,darmon_granville_ceiling,blocked_unfilled,blocked_unfilled,Z,residue_only,blocked_unfilled,blocked_unfilled,negative_control_passed,Q_251,pass_predefined,25,0,6.59167373201,0.26366694928,blocked_unfilled,control_class=random_root_sets,6.59167373201,local_obstruction_before_drift
rank215_Q251_exact_power_anchor,exact_power_anchor,215,6,6,3,211,241,65745,284176518368625,65745,251,prime_block_le_251,25,2695432382774658040741908270274374888347028088573,111.515643094,847288609443,27.4653072167,0,0,1,65745,72.9567969759,27.4653072167,1.01303176132,0.944605842438,1.11925368216,constructed_exact_power_root,3.35076852944,0.333333333333,3.01743519611,C_from_near_power_row_as_positive_control,positive_control_survivor,local_residue_sieve,blocked_unfilled,darmon_granville_ceiling,blocked_unfilled,blocked_unfilled,Z,survivor_kandidat_requires_overlap_check,blocked_unfilled,blocked_unfilled,positive_control_passed,Q_251,pass_predefined,25,1.52102821507e-05,27.4653072167,1.09861228867,blocked_unfilled,control_class=exact_power_anchor,27.4653072167,positive_control_survivor
rank216_Q251_actual_near_miss,actual_near_miss,216,6,7,3,149,168,155886,3788099168646456,155886,251,prime_block_le_251,25,2695432382774658040741908270274374888347028088573,111.515643094,59049,10.9861228867,15,13,0,,88.5726399575,10.9861228867,0.998945414843,0.97682280641,1.02147010565,none_visible,3.10882774224,0.333333333333,2.7754944089,existing_near_power_csv,local_obstruction_before_drift,local_residue_sieve,blocked_unfilled,darmon_granville_ceiling,blocked_unfilled,blocked_unfilled,Z,residue_only,blocked_unfilled,blocked_unfilled,under_test,Q_251,pass_predefined,25,0,10.9861228867,0.439444915467,blocked_unfilled,control_class=actual_near_miss,10.9861228867,local_obstruction_before_drift
rank216_Q251_random_root_sets,random_root_sets,216,6,7,3,149,168,155886,3788099168646456,155886,251,prime_block_le_251,25,2695432382774658040741908270274374888347028088573,111.515643094,59049,10.9861228867,15,13,0,,88.5726399575,10.9861228867,0.999360168708,0.984989030445,1.01106292775,none_visible,3.10882774224,0.333333333333,2.7754944089,deterministic_seeded_random_sets_same_cardinality,local_obstruction_before_drift,local_residue_sieve,blocked_unfilled,darmon_granville_ceiling,blocked_unfilled,blocked_unfilled,Z,residue_only,blocked_unfilled,blocked_unfilled,negative_control_passed,Q_251,pass_predefined,25,0,10.9861228867,0.439444915467,blocked_unfilled,control_class=random_root_sets,10.9861228867,local_obstruction_before_drift
rank216_Q251_exact_power_anchor,exact_power_anchor,216,6,7,3,149,168,155886,3788099168646456,155886,251,prime_block_le_251,25,2695432382774658040741908270274374888347028088573,111.515643094,847288609443,27.4653072167,0,0,1,155886,72.0934556275,27.4653072167,1.01516763081,0.983428773448,1.10675536396,constructed_exact_power_root,3.10882774224,0.333333333333,2.7754944089,C_from_near_power_row_as_positive_control,positive_control_survivor,local_residue_sieve,blocked_unfilled,darmon_granville_ceiling,blocked_unfilled,blocked_unfilled,Z,survivor_kandidat_requires_overlap_check,blocked_unfilled,blocked_unfilled,positive_control_passed,Q_251,pass_predefined,25,6.41494425413e-06,27.4653072167,1.09861228867,blocked_unfilled,control_class=exact_power_anchor,27.4653072167,positive_control_survivor
rank217_Q251_actual_near_miss,actual_near_miss,217,5,7,3,243,92,38402,56631951820808,38402,251,prime_block_le_251,25,2695432382774658040741908270274374888347028088573,111.515643094,19683,9.88751059801,15,7,0,,91.0722676755,9.88751059801,1.01726954808,0.853630308607,1.32980053122,none_visible,3.52144344999,0.333333333333,3.18811011666,existing_near_power_csv,local_obstruction_before_drift,local_residue_sieve,blocked_unfilled,darmon_granville_ceiling,blocked_unfilled,blocked_unfilled,Z,residue_only,blocked_unfilled,blocked_unfilled,under_test,Q_251,pass_predefined,25,0,9.88751059801,0.395500423921,blocked_unfilled,control_class=actual_near_miss,9.88751059801,local_obstruction_before_drift
rank217_Q251_random_root_sets,random_root_sets,217,5,7,3,243,92,38402,56631951820808,38402,251,prime_block_le_251,25,2695432382774658040741908270274374888347028088573,111.515643094,19683,9.88751059801,15,7,0,,91.0722676755,9.88751059801,0.940482137954,0.814485935339,1.03428930206,none_visible,3.52144344999,0.333333333333,3.18811011666,deterministic_seeded_random_sets_same_cardinality,local_obstruction_before_drift,local_residue_sieve,blocked_unfilled,darmon_granville_ceiling,blocked_unfilled,blocked_unfilled,Z,residue_only,blocked_unfilled,blocked_unfilled,negative_control_passed,Q_251,pass_predefined,25,0,9.88751059801,0.395500423921,blocked_unfilled,control_class=random_root_sets,9.88751059801,local_obstruction_before_drift
rank217_Q251_exact_power_anchor,exact_power_anchor,217,5,7,3,243,92,38402,56631951820808,38402,251,prime_block_le_251,25,2695432382774658040741908270274374888347028088573,111.515643094,31381059609,24.1694703507,0,0,1,38402,76.7903079228,24.1694703507,1.00720942871,0.728937728938,1.33279516692,constructed_exact_power_root,3.52144344999,0.333333333333,3.18811011666,C_from_near_power_row_as_positive_control,positive_control_survivor,local_residue_sieve,blocked_unfilled,darmon_granville_ceiling,blocked_unfilled,blocked_unfilled,Z,survivor_kandidat_requires_overlap_check,blocked_unfilled,blocked_unfilled,positive_control_passed,Q_251,pass_predefined,25,2.60403104005e-05,24.1694703507,0.966778814028,blocked_unfilled,control_class=exact_power_anchor,24.1694703507,positive_control_survivor
rank218_Q251_actual_near_miss,actual_near_miss,218,6,7,3,203,199,231637,12428645327391853,231637,251,prime_block_le_251,25,2695432382774658040741908270274374888347028088573,111.515643094,59049,10.9861228867,15,7,0,,88.1765934373,10.9861228867,0.996531823393,0.963056660014,1.01613012314,none_visible,3.00915578333,0.333333333333,2.67582245,existing_near_power_csv,local_obstruction_before_drift,local_residue_sieve,blocked_unfilled,darmon_granville_ceiling,blocked_unfilled,blocked_unfilled,Z,residue_only,blocked_unfilled,blocked_unfilled,under_test,Q_251,pass_predefined,25,0,10.9861228867,0.439444915467,blocked_unfilled,control_class=actual_near_miss,10.9861228867,local_obstruction_before_drift
rank218_Q251_random_root_sets,random_root_sets,218,6,7,3,203,199,231637,12428645327391853,231637,251,prime_block_le_251,25,2695432382774658040741908270274374888347028088573,111.515643094,59049,10.9861228867,15,7,0,,88.1765934373,10.9861228867,1.00848411337,0.994040004164,1.03521889854,none_visible,3.00915578333,0.333333333333,2.67582245,deterministic_seeded_random_sets_same_cardinality,local_obstruction_before_drift,local_residue_sieve,blocked_unfilled,darmon_granville_ceiling,blocked_unfilled,blocked_unfilled,Z,residue_only,blocked_unfilled,blocked_unfilled,negative_control_passed,Q_251,pass_predefined,25,0,10.9861228867,0.439444915467,blocked_unfilled,control_class=random_root_sets,10.9861228867,local_obstruction_before_drift
rank218_Q251_exact_power_anchor,exact_power_anchor,218,6,7,3,203,199,231637,12428645327391853,231637,251,prime_block_le_251,25,2695432382774658040741908270274374888347028088573,111.515643094,282429536481,26.366694928,0,0,1,231637,72.7960213959,26.366694928,1.00330340064,0.966777040513,1.03244444253,constructed_exact_power_root,3.00915578333,0.333333333333,2.67582245,C_from_near_power_row_as_positive_control,positive_control_survivor,local_residue_sieve,blocked_unfilled,darmon_granville_ceiling,blocked_unfilled,blocked_unfilled,Z,survivor_kandidat_requires_overlap_check,blocked_unfilled,blocked_unfilled,positive_control_passed,Q_251,pass_predefined,25,4.3170995998e-06,26.366694928,1.05466779712,blocked_unfilled,control_class=exact_power_anchor,26.366694928,positive_control_survivor
rank219_Q251_actual_near_miss,actual_near_miss,219,6,7,4,140,103,3380,130516915360000,3380,251,prime_block_le_251,53,32133165458954322436165317614053356655440093295804604057122379340449075183940351576262600371617210115,231.425812895,268435456,19.4081210557,30,3,0,,203.892060851,19.4081210557,0.997892011834,0,2.89963017751,none_visible,7.12024128413,0.25,6.87024128413,existing_near_power_csv,local_obstruction_before_drift,local_residue_sieve,blocked_unfilled,darmon_granville_ceiling,blocked_unfilled,blocked_unfilled,Z,residue_only,blocked_unfilled,blocked_unfilled,under_test,Q_251,pass_predefined,53,0,19.4081210557,0.366190963315,blocked_unfilled,control_class=actual_near_miss,19.4081210557,local_obstruction_before_drift
rank219_Q251_random_root_sets,random_root_sets,219,6,7,4,140,103,3380,130516915360000,3380,251,prime_block_le_251,53,32133165458954322436165317614053356655440093295804604057122379340449075183940351576262600371617210115,231.425812895,268435456,19.4081210557,30,3,0,,203.892060851,19.4081210557,0.762602541689,0,1.27965976331,none_visible,7.12024128413,0.25,6.87024128413,deterministic_seeded_random_sets_same_cardinality,local_obstruction_before_drift,local_residue_sieve,blocked_unfilled,darmon_granville_ceiling,blocked_unfilled,blocked_unfilled,Z,residue_only,blocked_unfilled,blocked_unfilled,negative_control_passed,Q_251,pass_predefined,53,0,19.4081210557,0.366190963315,blocked_unfilled,control_class=random_root_sets,19.4081210557,local_obstruction_before_drift
rank219_Q251_exact_power_anchor,exact_power_anchor,219,6,7,4,140,103,3380,130516915360000,3380,251,prime_block_le_251,53,32133165458954322436165317614053356655440093295804604057122379340449075183940351576262600371617210115,231.425812895,9444732965739290427392,50.5997441809,0,0,1,3380,172.700437726,50.5997441809,1.0604097325,0.755732248521,1.4549556213,constructed_exact_power_root,7.12024128413,0.25,6.87024128413,C_from_near_power_row_as_positive_control,positive_control_survivor,local_residue_sieve,blocked_unfilled,darmon_granville_ceiling,blocked_unfilled,blocked_unfilled,Z,survivor_kandidat_requires_overlap_check,blocked_unfilled,blocked_unfilled,positive_control_passed,Q_251,pass_predefined,53,0.000295857988166,50.5997441809,0.954712154356,blocked_unfilled,control_class=exact_power_anchor,50.5997441809,positive_control_survivor
rank220_Q251_actual_near_miss,actual_near_miss,220,7,7,3,143,236,347594,41996859349860584,347594,251,prime_block_le_251,25,2695432382774658040741908270274374888347028088573,111.515643094,2187,7.69028602068,18,13,0,,91.0665666624,7.69028602068,1.00123046918,0.987929084571,1.02284625805,none_visible,2.91343300062,0.333333333333,2.58009966728,existing_near_power_csv,local_obstruction_before_drift,local_residue_sieve,blocked_unfilled,darmon_granville_ceiling,blocked_unfilled,blocked_unfilled,Z,residue_only,blocked_unfilled,blocked_unfilled,under_test,Q_251,pass_predefined,25,0,7.69028602068,0.307611440827,blocked_unfilled,control_class=actual_near_miss,7.69028602068,local_obstruction_before_drift
rank220_Q251_random_root_sets,random_root_sets,220,7,7,3,143,236,347594,41996859349860584,347594,251,prime_block_le_251,25,2695432382774658040741908270274374888347028088573,111.515643094,2187,7.69028602068,18,13,0,,91.0665666624,7.69028602068,1.00208304964,0.992975840908,1.01135360347,none_visible,2.91343300062,0.333333333333,2.58009966728,deterministic_seeded_random_sets_same_cardinality,local_obstruction_before_drift,local_residue_sieve,blocked_unfilled,darmon_granville_ceiling,blocked_unfilled,blocked_unfilled,Z,residue_only,blocked_unfilled,blocked_unfilled,negative_control_passed,Q_251,pass_predefined,25,0,7.69028602068,0.307611440827,blocked_unfilled,control_class=random_root_sets,7.69028602068,local_obstruction_before_drift
rank220_Q251_exact_power_anchor,exact_power_anchor,220,7,7,3,143,236,347594,41996859349860584,347594,251,prime_block_le_251,25,2695432382774658040741908270274374888347028088573,111.515643094,282429536481,26.366694928,0,0,1,347594,72.390157755,26.366694928,1.00262140654,0.992734499317,1.01333004725,constructed_exact_power_root,2.91343300062,0.333333333333,2.58009966728,C_from_near_power_row_as_positive_control,positive_control_survivor,local_residue_sieve,blocked_unfilled,darmon_granville_ceiling,blocked_unfilled,blocked_unfilled,Z,survivor_kandidat_requires_overlap_check,blocked_unfilled,blocked_unfilled,positive_control_passed,Q_251,pass_predefined,25,2.87691962462e-06,26.366694928,1.05466779712,blocked_unfilled,control_class=exact_power_anchor,26.366694928,positive_control_survivor
rank221_Q251_actual_near_miss,actual_near_miss,221,6,7,3,200,171,163108,4339361060955712,163108,251,prime_block_le_251,25,2695432382774658040741908270274374888347028088573,111.515643094,19683,9.88751059801,16,7,0,,89.625964659,9.88751059801,0.992596078127,0.941376266032,1.00908600437,none_visible,3.09709725243,0.333333333333,2.76376391909,existing_near_power_csv,local_obstruction_before_drift,local_residue_sieve,blocked_unfilled,darmon_granville_ceiling,blocked_unfilled,blocked_unfilled,Z,residue_only,blocked_unfilled,blocked_unfilled,under_test,Q_251,pass_predefined,25,0,9.88751059801,0.395500423921,blocked_unfilled,control_class=actual_near_miss,9.88751059801,local_obstruction_before_drift
rank221_Q251_random_root_sets,random_root_sets,221,6,7,3,200,171,163108,4339361060955712,163108,251,prime_block_le_251,25,2695432382774658040741908270274374888347028088573,111.515643094,19683,9.88751059801,16,7,0,,89.625964659,9.88751059801,0.997870276136,0.976242053663,1.01741790715,none_visible,3.09709725243,0.333333333333,2.76376391909,deterministic_seeded_random_sets_same_cardinality,local_obstruction_before_drift,local_residue_sieve,blocked_unfilled,darmon_granville_ceiling,blocked_unfilled,blocked_unfilled,Z,residue_only,blocked_unfilled,blocked_unfilled,negative_control_passed,Q_251,pass_predefined,25,0,9.88751059801,0.395500423921,blocked_unfilled,control_class=random_root_sets,9.88751059801,local_obstruction_before_drift
rank221_Q251_exact_power_anchor,exact_power_anchor,221,6,7,3,200,171,163108,4339361060955712,163108,251,prime_block_le_251,25,2695432382774658040741908270274374888347028088573,111.515643094,847288609443,27.4653072167,0,0,1,163108,72.0481680403,27.4653072167,1.00293315654,0.939885093176,1.04653222269,constructed_exact_power_root,3.09709725243,0.333333333333,2.76376391909,C_from_near_power_row_as_positive_control,positive_control_survivor,local_residue_sieve,blocked_unfilled,darmon_granville_ceiling,blocked_unfilled,blocked_unfilled,Z,survivor_kandidat_requires_overlap_check,blocked_unfilled,blocked_unfilled,positive_control_passed,Q_251,pass_predefined,25,6.13090712902e-06,27.4653072167,1.09861228867,blocked_unfilled,control_class=exact_power_anchor,27.4653072167,positive_control_survivor
rank222_Q251_actual_near_miss,actual_near_miss,222,7,7,3,95,164,148287,3260687939475903,148287,251,prime_block_le_251,25,2695432382774658040741908270274374888347028088573,111.515643094,243,5.49306144334,18,13,0,,94.1156767866,5.49306144334,0.999886481395,0.984969087723,1.02173487898,none_visible,3.12187604214,0.333333333333,2.7885427088,existing_near_power_csv,local_obstruction_before_drift,local_residue_sieve,blocked_unfilled,darmon_granville_ceiling,blocked_unfilled,blocked_unfilled,Z,residue_only,blocked_unfilled,blocked_unfilled,under_test,Q_251,pass_predefined,25,0,5.49306144334,0.219722457734,blocked_unfilled,control_class=actual_near_miss,5.49306144334,local_obstruction_before_drift
rank222_Q251_random_root_sets,random_root_sets,222,7,7,3,95,164,148287,3260687939475903,148287,251,prime_block_le_251,25,2695432382774658040741908270274374888347028088573,111.515643094,243,5.49306144334,18,13,0,,94.1156767866,5.49306144334,1.0002842336,0.998729940363,1.00507049768,none_visible,3.12187604214,0.333333333333,2.7885427088,deterministic_seeded_random_sets_same_cardinality,local_obstruction_before_drift,local_residue_sieve,blocked_unfilled,darmon_granville_ceiling,blocked_unfilled,blocked_unfilled,Z,residue_only,blocked_unfilled,blocked_unfilled,negative_control_passed,Q_251,pass_predefined,25,0,5.49306144334,0.219722457734,blocked_unfilled,control_class=random_root_sets,5.49306144334,local_obstruction_before_drift
rank222_Q251_exact_power_anchor,exact_power_anchor,222,7,7,3,95,164,148287,3260687939475903,148287,251,prime_block_le_251,25,2695432382774658040741908270274374888347028088573,111.515643094,847288609443,27.4653072167,0,0,1,148287,72.1434310132,27.4653072167,1.00630699502,0.939588620565,1.0470086911,constructed_exact_power_root,3.12187604214,0.333333333333,2.7885427088,C_from_near_power_row_as_positive_control,positive_control_survivor,local_residue_sieve,blocked_unfilled,darmon_granville_ceiling,blocked_unfilled,blocked_unfilled,Z,survivor_kandidat_requires_overlap_check,blocked_unfilled,blocked_unfilled,positive_control_passed,Q_251,pass_predefined,25,6.7436794864e-06,27.4653072167,1.09861228867,blocked_unfilled,control_class=exact_power_anchor,27.4653072167,positive_control_survivor
rank223_Q251_actual_near_miss,actual_near_miss,223,6,7,3,244,149,122571,1841463809175411,122571,251,prime_block_le_251,25,2695432382774658040741908270274374888347028088573,111.515643094,6561,8.78889830934,17,7,0,,91.0102990518,8.78889830934,1.00468170505,0.997663938996,1.01445874001,none_visible,3.17262435032,0.333333333333,2.83929101698,existing_near_power_csv,local_obstruction_before_drift,local_residue_sieve,blocked_unfilled,darmon_granville_ceiling,blocked_unfilled,blocked_unfilled,Z,residue_only,blocked_unfilled,blocked_unfilled,under_test,Q_251,pass_predefined,25,0,8.78889830934,0.351555932374,blocked_unfilled,control_class=actual_near_miss,8.78889830934,local_obstruction_before_drift
rank223_Q251_random_root_sets,random_root_sets,223,6,7,3,244,149,122571,1841463809175411,122571,251,prime_block_le_251,25,2695432382774658040741908270274374888347028088573,111.515643094,6561,8.78889830934,17,7,0,,91.0102990518,8.78889830934,1.00369737113,0.979541109507,1.08615414739,none_visible,3.17262435032,0.333333333333,2.83929101698,deterministic_seeded_random_sets_same_cardinality,local_obstruction_before_drift,local_residue_sieve,blocked_unfilled,darmon_granville_ceiling,blocked_unfilled,blocked_unfilled,Z,residue_only,blocked_unfilled,blocked_unfilled,negative_control_passed,Q_251,pass_predefined,25,0,8.78889830934,0.351555932374,blocked_unfilled,control_class=random_root_sets,8.78889830934,local_obstruction_before_drift
rank223_Q251_exact_power_anchor,exact_power_anchor,223,6,7,3,244,149,122571,1841463809175411,122571,251,prime_block_le_251,25,2695432382774658040741908270274374888347028088573,111.515643094,847288609443,27.4653072167,0,0,1,122571,72.3338901445,27.4653072167,1.01099619661,0.972141316733,1.10899714361,constructed_exact_power_root,3.17262435032,0.333333333333,2.83929101698,C_from_near_power_row_as_positive_control,positive_control_survivor,local_residue_sieve,blocked_unfilled,darmon_granville_ceiling,blocked_unfilled,blocked_unfilled,Z,survivor_kandidat_requires_overlap_check,blocked_unfilled,blocked_unfilled,positive_control_passed,Q_251,pass_predefined,25,8.15853668486e-06,27.4653072167,1.09861228867,blocked_unfilled,control_class=exact_power_anchor,27.4653072167,positive_control_survivor
rank224_Q251_actual_near_miss,actual_near_miss,224,7,7,3,71,106,54227,159458155395083,54227,251,prime_block_le_251,25,2695432382774658040741908270274374888347028088573,111.515643094,177147,12.0847351753,14,7,0,,88.5299737004,12.0847351753,1.00666785509,0.95943800034,1.08812952957,none_visible,3.40997205255,0.333333333333,3.07663871922,existing_near_power_csv,local_obstruction_before_drift,local_residue_sieve,blocked_unfilled,darmon_granville_ceiling,blocked_unfilled,blocked_unfilled,Z,residue_only,blocked_unfilled,blocked_unfilled,under_test,Q_251,pass_predefined,25,0,12.0847351753,0.483389407014,blocked_unfilled,control_class=actual_near_miss,12.0847351753,local_obstruction_before_drift
rank224_Q251_random_root_sets,random_root_sets,224,7,7,3,71,106,54227,159458155395083,54227,251,prime_block_le_251,25,2695432382774658040741908270274374888347028088573,111.515643094,177147,12.0847351753,14,7,0,,88.5299737004,12.0847351753,1.00783148206,0.906774607975,1.06775632475,none_visible,3.40997205255,0.333333333333,3.07663871922,deterministic_seeded_random_sets_same_cardinality,local_obstruction_before_drift,local_residue_sieve,blocked_unfilled,darmon_granville_ceiling,blocked_unfilled,blocked_unfilled,Z,residue_only,blocked_unfilled,blocked_unfilled,negative_control_passed,Q_251,pass_predefined,25,0,12.0847351753,0.483389407014,blocked_unfilled,control_class=random_root_sets,12.0847351753,local_obstruction_before_drift
rank224_Q251_exact_power_anchor,exact_power_anchor,224,7,7,3,71,106,54227,159458155395083,54227,251,prime_block_le_251,25,2695432382774658040741908270274374888347028088573,111.515643094,282429536481,26.366694928,0,0,1,54227,74.2480139477,26.366694928,1.00352803612,0.903135584364,1.15693904021,constructed_exact_power_root,3.40997205255,0.333333333333,3.07663871922,C_from_near_power_row_as_positive_control,positive_control_survivor,local_residue_sieve,blocked_unfilled,darmon_granville_ceiling,blocked_unfilled,blocked_unfilled,Z,survivor_kandidat_requires_overlap_check,blocked_unfilled,blocked_unfilled,positive_control_passed,Q_251,pass_predefined,25,1.84409980268e-05,26.366694928,1.05466779712,blocked_unfilled,control_class=exact_power_anchor,26.366694928,positive_control_survivor
rank225_Q251_actual_near_miss,actual_near_miss,225,6,6,3,169,185,39872,63387563982848,39872,251,prime_block_le_251,25,2695432382774658040741908270274374888347028088573,111.515643094,2187,7.69028602068,17,7,0,,93.2319274713,7.69028602068,1.0247422705,0.973476235063,1.18784276351,none_visible,3.50895625189,0.333333333333,3.17562291855,existing_near_power_csv,local_obstruction_before_drift,local_residue_sieve,blocked_unfilled,darmon_granville_ceiling,blocked_unfilled,blocked_unfilled,Z,residue_only,blocked_unfilled,blocked_unfilled,under_test,Q_251,pass_predefined,25,0,7.69028602068,0.307611440827,blocked_unfilled,control_class=actual_near_miss,7.69028602068,local_obstruction_before_drift
rank225_Q251_random_root_sets,random_root_sets,225,6,6,3,169,185,39872,63387563982848,39872,251,prime_block_le_251,25,2695432382774658040741908270274374888347028088573,111.515643094,2187,7.69028602068,17,7,0,,93.2319274713,7.69028602068,0.953278268236,0.712705658106,1.00230738363,none_visible,3.50895625189,0.333333333333,3.17562291855,deterministic_seeded_random_sets_same_cardinality,local_obstruction_before_drift,local_residue_sieve,blocked_unfilled,darmon_granville_ceiling,blocked_unfilled,blocked_unfilled,Z,residue_only,blocked_unfilled,blocked_unfilled,negative_control_passed,Q_251,pass_predefined,25,0,7.69028602068,0.307611440827,blocked_unfilled,control_class=random_root_sets,7.69028602068,local_obstruction_before_drift
rank225_Q251_exact_power_anchor,exact_power_anchor,225,6,6,3,169,185,39872,63387563982848,39872,251,prime_block_le_251,25,2695432382774658040741908270274374888347028088573,111.515643094,282429536481,26.366694928,0,0,1,39872,74.5555185639,26.366694928,0.981336573331,0.784457486178,1.16817148208,constructed_exact_power_root,3.50895625189,0.333333333333,3.17562291855,C_from_near_power_row_as_positive_control,positive_control_survivor,local_residue_sieve,blocked_unfilled,darmon_granville_ceiling,blocked_unfilled,blocked_unfilled,Z,survivor_kandidat_requires_overlap_check,blocked_unfilled,blocked_unfilled,positive_control_passed,Q_251,pass_predefined,25,2.50802568218e-05,26.366694928,1.05466779712,blocked_unfilled,control_class=exact_power_anchor,26.366694928,positive_control_survivor
rank226_Q251_actual_near_miss,actual_near_miss,226,7,7,3,118,175,174844,5345055272603584,174844,251,prime_block_le_251,25,2695432382774658040741908270274374888347028088573,111.515643094,19683,9.88751059801,16,31,0,,89.5564830693,9.88751059801,0.998097907595,0.982290880251,1.02800782412,none_visible,3.07927108527,0.333333333333,2.74593775193,existing_near_power_csv,local_obstruction_before_drift,local_residue_sieve,blocked_unfilled,darmon_granville_ceiling,blocked_unfilled,blocked_unfilled,Z,residue_only,blocked_unfilled,blocked_unfilled,under_test,Q_251,pass_predefined,25,0,9.88751059801,0.395500423921,blocked_unfilled,control_class=actual_near_miss,9.88751059801,local_obstruction_before_drift
rank226_Q251_random_root_sets,random_root_sets,226,7,7,3,118,175,174844,5345055272603584,174844,251,prime_block_le_251,25,2695432382774658040741908270274374888347028088573,111.515643094,19683,9.88751059801,16,31,0,,89.5564830693,9.88751059801,1.00057606908,0.98353389307,1.01616297957,none_visible,3.07927108527,0.333333333333,2.74593775193,deterministic_seeded_random_sets_same_cardinality,local_obstruction_before_drift,local_residue_sieve,blocked_unfilled,darmon_granville_ceiling,blocked_unfilled,blocked_unfilled,Z,residue_only,blocked_unfilled,blocked_unfilled,negative_control_passed,Q_251,pass_predefined,25,0,9.88751059801,0.395500423921,blocked_unfilled,control_class=random_root_sets,9.88751059801,local_obstruction_before_drift
rank226_Q251_exact_power_anchor,exact_power_anchor,226,7,7,3,118,175,174844,5345055272603584,174844,251,prime_block_le_251,25,2695432382774658040741908270274374888347028088573,111.515643094,847288609443,27.4653072167,0,0,1,174844,71.9786864506,27.4653072167,1.00519166504,0.987029707752,1.03847747452,constructed_exact_power_root,3.07927108527,0.333333333333,2.74593775193,C_from_near_power_row_as_positive_control,positive_control_survivor,local_residue_sieve,blocked_unfilled,darmon_granville_ceiling,blocked_unfilled,blocked_unfilled,Z,survivor_kandidat_requires_overlap_check,blocked_unfilled,blocked_unfilled,positive_control_passed,Q_251,pass_predefined,25,5.71938413672e-06,27.4653072167,1.09861228867,blocked_unfilled,control_class=exact_power_anchor,27.4653072167,positive_control_survivor
rank227_Q251_actual_near_miss,actual_near_miss,227,7,7,3,93,212,268268,19306636261744832,268268,251,prime_block_le_251,25,2695432382774658040741908270274374888347028088573,111.515643094,2187,7.69028602068,17,7,0,,91.3256153136,7.69028602068,1.00176588396,0.992299574389,1.01655434118,none_visible,2.97381191913,0.333333333333,2.64047858579,existing_near_power_csv,local_obstruction_before_drift,local_residue_sieve,blocked_unfilled,darmon_granville_ceiling,blocked_unfilled,blocked_unfilled,Z,residue_only,blocked_unfilled,blocked_unfilled,under_test,Q_251,pass_predefined,25,0,7.69028602068,0.307611440827,blocked_unfilled,control_class=actual_near_miss,7.69028602068,local_obstruction_before_drift
rank227_Q251_random_root_sets,random_root_sets,227,7,7,3,93,212,268268,19306636261744832,268268,251,prime_block_le_251,25,2695432382774658040741908270274374888347028088573,111.515643094,2187,7.69028602068,17,7,0,,91.3256153136,7.69028602068,0.999110224057,0.989681131472,1.00402375402,none_visible,2.97381191913,0.333333333333,2.64047858579,deterministic_seeded_random_sets_same_cardinality,local_obstruction_before_drift,local_residue_sieve,blocked_unfilled,darmon_granville_ceiling,blocked_unfilled,blocked_unfilled,Z,residue_only,blocked_unfilled,blocked_unfilled,negative_control_passed,Q_251,pass_predefined,25,0,7.69028602068,0.307611440827,blocked_unfilled,control_class=random_root_sets,7.69028602068,local_obstruction_before_drift
rank227_Q251_exact_power_anchor,exact_power_anchor,227,7,7,3,93,212,268268,19306636261744832,268268,251,prime_block_le_251,25,2695432382774658040741908270274374888347028088573,111.515643094,31381059609,24.1694703507,0,0,1,268268,74.8464309836,24.1694703507,1.00623317741,0.991286077107,1.03288461124,constructed_exact_power_root,2.97381191913,0.333333333333,2.64047858579,C_from_near_power_row_as_positive_control,positive_control_survivor,local_residue_sieve,blocked_unfilled,darmon_granville_ceiling,blocked_unfilled,blocked_unfilled,Z,survivor_kandidat_requires_overlap_check,blocked_unfilled,blocked_unfilled,positive_control_passed,Q_251,pass_predefined,25,3.72761566791e-06,24.1694703507,0.966778814028,blocked_unfilled,control_class=exact_power_anchor,24.1694703507,positive_control_survivor
rank228_Q251_actual_near_miss,actual_near_miss,228,7,7,3,110,183,191911,7068049873791031,191911,251,prime_block_le_251,25,2695432382774658040741908270274374888347028088573,111.515643094,59049,10.9861228867,15,19,0,,88.3647332055,10.9861228867,1.00756079641,0.983549666252,1.03740912309,none_visible,3.05569518197,0.333333333333,2.72236184864,existing_near_power_csv,local_obstruction_before_drift,local_residue_sieve,blocked_unfilled,darmon_granville_ceiling,blocked_unfilled,blocked_unfilled,Z,residue_only,blocked_unfilled,blocked_unfilled,under_test,Q_251,pass_predefined,25,0,10.9861228867,0.439444915467,blocked_unfilled,control_class=actual_near_miss,10.9861228867,local_obstruction_before_drift
rank228_Q251_random_root_sets,random_root_sets,228,7,7,3,110,183,191911,7068049873791031,191911,251,prime_block_le_251,25,2695432382774658040741908270274374888347028088573,111.515643094,59049,10.9861228867,15,19,0,,88.3647332055,10.9861228867,0.99572737903,0.948254370226,1.03482285481,none_visible,3.05569518197,0.333333333333,2.72236184864,deterministic_seeded_random_sets_same_cardinality,local_obstruction_before_drift,local_residue_sieve,blocked_unfilled,darmon_granville_ceiling,blocked_unfilled,blocked_unfilled,Z,residue_only,blocked_unfilled,blocked_unfilled,negative_control_passed,Q_251,pass_predefined,25,0,10.9861228867,0.439444915467,blocked_unfilled,control_class=random_root_sets,10.9861228867,local_obstruction_before_drift
rank228_Q251_exact_power_anchor,exact_power_anchor,228,7,7,3,110,183,191911,7068049873791031,191911,251,prime_block_le_251,25,2695432382774658040741908270274374888347028088573,111.515643094,847288609443,27.4653072167,0,0,1,191911,71.8855488755,27.4653072167,1.00635549716,0.950585890798,1.08639826679,constructed_exact_power_root,3.05569518197,0.333333333333,2.72236184864,C_from_near_power_row_as_positive_control,positive_control_survivor,local_residue_sieve,blocked_unfilled,darmon_granville_ceiling,blocked_unfilled,blocked_unfilled,Z,survivor_kandidat_requires_overlap_check,blocked_unfilled,blocked_unfilled,positive_control_passed,Q_251,pass_predefined,25,5.21074873249e-06,27.4653072167,1.09861228867,blocked_unfilled,control_class=exact_power_anchor,27.4653072167,positive_control_survivor
rank229_Q251_actual_near_miss,actual_near_miss,229,6,7,3,187,222,298577,26617609554626033,298577,251,prime_block_le_251,25,2695432382774658040741908270274374888347028088573,111.515643094,6561,8.78889830934,16,19,0,,90.1199616497,8.78889830934,0.995750026143,0.978488333365,1.00573274789,none_visible,2.94856194743,0.333333333333,2.6152286141,existing_near_power_csv,local_obstruction_before_drift,local_residue_sieve,blocked_unfilled,darmon_granville_ceiling,blocked_unfilled,blocked_unfilled,Z,residue_only,blocked_unfilled,blocked_unfilled,under_test,Q_251,pass_predefined,25,0,8.78889830934,0.351555932374,blocked_unfilled,control_class=actual_near_miss,8.78889830934,local_obstruction_before_drift
rank229_Q251_random_root_sets,random_root_sets,229,6,7,3,187,222,298577,26617609554626033,298577,251,prime_block_le_251,25,2695432382774658040741908270274374888347028088573,111.515643094,6561,8.78889830934,16,19,0,,90.1199616497,8.78889830934,0.997090644401,0.981598642152,1.01519764304,none_visible,2.94856194743,0.333333333333,2.6152286141,deterministic_seeded_random_sets_same_cardinality,local_obstruction_before_drift,local_residue_sieve,blocked_unfilled,darmon_granville_ceiling,blocked_unfilled,blocked_unfilled,Z,residue_only,blocked_unfilled,blocked_unfilled,negative_control_passed,Q_251,pass_predefined,25,0,8.78889830934,0.351555932374,blocked_unfilled,control_class=random_root_sets,8.78889830934,local_obstruction_before_drift
rank229_Q251_exact_power_anchor,exact_power_anchor,229,6,7,3,187,222,298577,26617609554626033,298577,251,prime_block_le_251,25,2695432382774658040741908270274374888347028088573,111.515643094,282429536481,26.366694928,0,0,1,298577,72.5421650311,26.366694928,1.00311789105,0.9691961091,1.03309550151,constructed_exact_power_root,2.94856194743,0.333333333333,2.6152286141,C_from_near_power_row_as_positive_control,positive_control_survivor,local_residue_sieve,blocked_unfilled,darmon_granville_ceiling,blocked_unfilled,blocked_unfilled,Z,survivor_kandidat_requires_overlap_check,blocked_unfilled,blocked_unfilled,positive_control_passed,Q_251,pass_predefined,25,3.34921979925e-06,26.366694928,1.05466779712,blocked_unfilled,control_class=exact_power_anchor,26.366694928,positive_control_survivor
rank230_Q251_actual_near_miss,actual_near_miss,230,7,7,3,157,180,203870,8473444100603000,203870,251,prime_block_le_251,25,2695432382774658040741908270274374888347028088573,111.515643094,531441,13.183347464,12,13,0,,86.1070578153,13.183347464,0.999653918892,0.948035512827,1.02979840094,none_visible,3.04058551617,0.333333333333,2.70725218283,existing_near_power_csv,local_obstruction_before_drift,local_residue_sieve,blocked_unfilled,darmon_granville_ceiling,blocked_unfilled,blocked_unfilled,Z,residue_only,blocked_unfilled,blocked_unfilled,under_test,Q_251,pass_predefined,25,0,13.183347464,0.527333898561,blocked_unfilled,control_class=actual_near_miss,13.183347464,local_obstruction_before_drift
rank230_Q251_random_root_sets,random_root_sets,230,7,7,3,157,180,203870,8473444100603000,203870,251,prime_block_le_251,25,2695432382774658040741908270274374888347028088573,111.515643094,531441,13.183347464,12,13,0,,86.1070578153,13.183347464,0.990772215046,0.943000168953,1.01380999875,none_visible,3.04058551617,0.333333333333,2.70725218283,deterministic_seeded_random_sets_same_cardinality,local_obstruction_before_drift,local_residue_sieve,blocked_unfilled,darmon_granville_ceiling,blocked_unfilled,blocked_unfilled,Z,residue_only,blocked_unfilled,blocked_unfilled,negative_control_passed,Q_251,pass_predefined,25,0,13.183347464,0.527333898561,blocked_unfilled,control_class=random_root_sets,13.183347464,local_obstruction_before_drift
rank230_Q251_exact_power_anchor,exact_power_anchor,230,7,7,3,157,180,203870,8473444100603000,203870,251,prime_block_le_251,25,2695432382774658040741908270274374888347028088573,111.515643094,94143178827,25.2680826394,0,0,1,203870,74.0223226399,25.2680826394,1.00691113073,0.990261223111,1.05274875602,constructed_exact_power_root,3.04058551617,0.333333333333,2.70725218283,C_from_near_power_row_as_positive_control,positive_control_survivor,local_residue_sieve,blocked_unfilled,darmon_granville_ceiling,blocked_unfilled,blocked_unfilled,Z,survivor_kandidat_requires_overlap_check,blocked_unfilled,blocked_unfilled,positive_control_passed,Q_251,pass_predefined,25,4.90508657478e-06,25.2680826394,1.01072330557,blocked_unfilled,control_class=exact_power_anchor,25.2680826394,positive_control_survivor
rank231_Q251_actual_near_miss,actual_near_miss,231,7,7,3,185,216,308475,29353501784671875,308475,251,prime_block_le_251,25,2695432382774658040741908270274374888347028088573,111.515643094,6561,8.78889830934,17,7,0,,90.087348703,8.78889830934,0.999063544806,0.992042575033,1.00236215793,none_visible,2.94095388663,0.333333333333,2.6076205533,existing_near_power_csv,local_obstruction_before_drift,local_residue_sieve,blocked_unfilled,darmon_granville_ceiling,blocked_unfilled,blocked_unfilled,Z,residue_only,blocked_unfilled,blocked_unfilled,under_test,Q_251,pass_predefined,25,0,8.78889830934,0.351555932374,blocked_unfilled,control_class=actual_near_miss,8.78889830934,local_obstruction_before_drift
rank231_Q251_random_root_sets,random_root_sets,231,7,7,3,185,216,308475,29353501784671875,308475,251,prime_block_le_251,25,2695432382774658040741908270274374888347028088573,111.515643094,6561,8.78889830934,17,7,0,,90.087348703,8.78889830934,0.995359506636,0.986342491288,1.00044051832,none_visible,2.94095388663,0.333333333333,2.6076205533,deterministic_seeded_random_sets_same_cardinality,local_obstruction_before_drift,local_residue_sieve,blocked_unfilled,darmon_granville_ceiling,blocked_unfilled,blocked_unfilled,Z,residue_only,blocked_unfilled,blocked_unfilled,negative_control_passed,Q_251,pass_predefined,25,0,8.78889830934,0.351555932374,blocked_unfilled,control_class=random_root_sets,8.78889830934,local_obstruction_before_drift
rank231_Q251_exact_power_anchor,exact_power_anchor,231,7,7,3,185,216,308475,29353501784671875,308475,251,prime_block_le_251,25,2695432382774658040741908270274374888347028088573,111.515643094,847288609443,27.4653072167,0,0,1,308475,71.4109397956,27.4653072167,1.00434656149,0.981449604236,1.04357133209,constructed_exact_power_root,2.94095388663,0.333333333333,2.6076205533,C_from_near_power_row_as_positive_control,positive_control_survivor,local_residue_sieve,blocked_unfilled,darmon_granville_ceiling,blocked_unfilled,blocked_unfilled,Z,survivor_kandidat_requires_overlap_check,blocked_unfilled,blocked_unfilled,positive_control_passed,Q_251,pass_predefined,25,3.2417537888e-06,27.4653072167,1.09861228867,blocked_unfilled,control_class=exact_power_anchor,27.4653072167,positive_control_survivor
rank232_Q251_actual_near_miss,actual_near_miss,232,7,7,3,137,235,343374,40485753162717624,343374,251,prime_block_le_251,25,2695432382774658040741908270274374888347028088573,111.515643094,243,5.49306144334,19,13,0,,93.2760061396,5.49306144334,0.998332754114,0.988592289716,1.00588700497,none_visible,2.91622491068,0.333333333333,2.58289157734,existing_near_power_csv,local_obstruction_before_drift,local_residue_sieve,blocked_unfilled,darmon_granville_ceiling,blocked_unfilled,blocked_unfilled,Z,residue_only,blocked_unfilled,blocked_unfilled,under_test,Q_251,pass_predefined,25,0,5.49306144334,0.219722457734,blocked_unfilled,control_class=actual_near_miss,5.49306144334,local_obstruction_before_drift
rank232_Q251_random_root_sets,random_root_sets,232,7,7,3,137,235,343374,40485753162717624,343374,251,prime_block_le_251,25,2695432382774658040741908270274374888347028088573,111.515643094,243,5.49306144334,19,13,0,,93.2760061396,5.49306144334,0.999041213889,0.993605935349,1.00130437625,none_visible,2.91622491068,0.333333333333,2.58289157734,deterministic_seeded_random_sets_same_cardinality,local_obstruction_before_drift,local_residue_sieve,blocked_unfilled,darmon_granville_ceiling,blocked_unfilled,blocked_unfilled,Z,residue_only,blocked_unfilled,blocked_unfilled,negative_control_passed,Q_251,pass_predefined,25,0,5.49306144334,0.219722457734,blocked_unfilled,control_class=random_root_sets,5.49306144334,local_obstruction_before_drift
rank232_Q251_exact_power_anchor,exact_power_anchor,232,7,7,3,137,235,343374,40485753162717624,343374,251,prime_block_le_251,25,2695432382774658040741908270274374888347028088573,111.515643094,282429536481,26.366694928,0,0,1,343374,72.4023726549,26.366694928,1.00044986581,0.958425636316,1.01876282615,constructed_exact_power_root,2.91622491068,0.333333333333,2.58289157734,C_from_near_power_row_as_positive_control,positive_control_survivor,local_residue_sieve,blocked_unfilled,darmon_granville_ceiling,blocked_unfilled,blocked_unfilled,Z,survivor_kandidat_requires_overlap_check,blocked_unfilled,blocked_unfilled,positive_control_passed,Q_251,pass_predefined,25,2.91227640998e-06,26.366694928,1.05466779712,blocked_unfilled,control_class=exact_power_anchor,26.366694928,positive_control_survivor
rank233_Q251_actual_near_miss,actual_near_miss,233,6,6,3,155,243,60346,219758390301736,60346,251,prime_block_le_251,25,2695432382774658040741908270274374888347028088573,111.515643094,19683,9.88751059801,15,7,0,,90.6202825518,9.88751059801,1.03226619498,0.9588557835,1.10942822317,none_visible,3.3768520846,0.333333333333,3.04351875127,existing_near_power_csv,local_obstruction_before_drift,local_residue_sieve,blocked_unfilled,darmon_granville_ceiling,blocked_unfilled,blocked_unfilled,Z,residue_only,blocked_unfilled,blocked_unfilled,under_test,Q_251,pass_predefined,25,0,9.88751059801,0.395500423921,blocked_unfilled,control_class=actual_near_miss,9.88751059801,local_obstruction_before_drift
rank233_Q251_random_root_sets,random_root_sets,233,6,6,3,155,243,60346,219758390301736,60346,251,prime_block_le_251,25,2695432382774658040741908270274374888347028088573,111.515643094,19683,9.88751059801,15,7,0,,90.6202825518,9.88751059801,1.00134614669,0.890580982998,1.03376639159,none_visible,3.3768520846,0.333333333333,3.04351875127,deterministic_seeded_random_sets_same_cardinality,local_obstruction_before_drift,local_residue_sieve,blocked_unfilled,darmon_granville_ceiling,blocked_unfilled,blocked_unfilled,Z,residue_only,blocked_unfilled,blocked_unfilled,negative_control_passed,Q_251,pass_predefined,25,0,9.88751059801,0.395500423921,blocked_unfilled,control_class=random_root_sets,9.88751059801,local_obstruction_before_drift
rank233_Q251_exact_power_anchor,exact_power_anchor,233,6,6,3,155,243,60346,219758390301736,60346,251,prime_block_le_251,25,2695432382774658040741908270274374888347028088573,111.515643094,94143178827,25.2680826394,0,0,1,60346,75.2397105104,25.2680826394,1.04922393518,0.971562139809,1.39160839161,constructed_exact_power_root,3.3768520846,0.333333333333,3.04351875127,C_from_near_power_row_as_positive_control,positive_control_survivor,local_residue_sieve,blocked_unfilled,darmon_granville_ceiling,blocked_unfilled,blocked_unfilled,Z,survivor_kandidat_requires_overlap_check,blocked_unfilled,blocked_unfilled,positive_control_passed,Q_251,pass_predefined,25,1.65711066185e-05,25.2680826394,1.01072330557,blocked_unfilled,control_class=exact_power_anchor,25.2680826394,positive_control_survivor
rank234_Q251_actual_near_miss,actual_near_miss,234,7,7,3,149,229,326031,34655860607887791,326031,251,prime_block_le_251,25,2695432382774658040741908270274374888347028088573,111.515643094,2187,7.69028602068,17,31,0,,91.1306093256,7.69028602068,0.999904868331,0.993345554393,1.00513891147,none_visible,2.92813073325,0.333333333333,2.59479739992,existing_near_power_csv,local_obstruction_before_drift,local_residue_sieve,blocked_unfilled,darmon_granville_ceiling,blocked_unfilled,blocked_unfilled,Z,residue_only,blocked_unfilled,blocked_unfilled,under_test,Q_251,pass_predefined,25,0,7.69028602068,0.307611440827,blocked_unfilled,control_class=actual_near_miss,7.69028602068,local_obstruction_before_drift
rank234_Q251_random_root_sets,random_root_sets,234,7,7,3,149,229,326031,34655860607887791,326031,251,prime_block_le_251,25,2695432382774658040741908270274374888347028088573,111.515643094,2187,7.69028602068,17,31,0,,91.1306093256,7.69028602068,1.00123242736,0.998954768786,1.00513891147,none_visible,2.92813073325,0.333333333333,2.59479739992,deterministic_seeded_random_sets_same_cardinality,local_obstruction_before_drift,local_residue_sieve,blocked_unfilled,darmon_granville_ceiling,blocked_unfilled,blocked_unfilled,Z,residue_only,blocked_unfilled,blocked_unfilled,negative_control_passed,Q_251,pass_predefined,25,0,7.69028602068,0.307611440827,blocked_unfilled,control_class=random_root_sets,7.69028602068,local_obstruction_before_drift
rank234_Q251_exact_power_anchor,exact_power_anchor,234,7,7,3,149,229,326031,34655860607887791,326031,251,prime_block_le_251,25,2695432382774658040741908270274374888347028088573,111.515643094,847288609443,27.4653072167,0,0,1,326031,71.3555881295,27.4653072167,1.00200898301,0.981680678627,1.01565188586,constructed_exact_power_root,2.92813073325,0.333333333333,2.59479739992,C_from_near_power_row_as_positive_control,positive_control_survivor,local_residue_sieve,blocked_unfilled,darmon_granville_ceiling,blocked_unfilled,blocked_unfilled,Z,survivor_kandidat_requires_overlap_check,blocked_unfilled,blocked_unfilled,positive_control_passed,Q_251,pass_predefined,25,3.06719299698e-06,27.4653072167,1.09861228867,blocked_unfilled,control_class=exact_power_anchor,27.4653072167,positive_control_survivor
rank235_Q251_actual_near_miss,actual_near_miss,235,7,7,3,123,163,151584,3483053049544704,151584,251,prime_block_le_251,25,2695432382774658040741908270274374888347028088573,111.515643094,6561,8.78889830934,16,19,0,,90.797849579,8.78889830934,0.999759575915,0.997354602069,1.00278759998,none_visible,3.11612101459,0.333333333333,2.78278768125,existing_near_power_csv,local_obstruction_before_drift,local_residue_sieve,blocked_unfilled,darmon_granville_ceiling,blocked_unfilled,blocked_unfilled,Z,residue_only,blocked_unfilled,blocked_unfilled,under_test,Q_251,pass_predefined,25,0,8.78889830934,0.351555932374,blocked_unfilled,control_class=actual_near_miss,8.78889830934,local_obstruction_before_drift
rank235_Q251_random_root_sets,random_root_sets,235,7,7,3,123,163,151584,3483053049544704,151584,251,prime_block_le_251,25,2695432382774658040741908270274374888347028088573,111.515643094,6561,8.78889830934,16,19,0,,90.797849579,8.78889830934,0.995631684962,0.976741168813,1.00024408909,none_visible,3.11612101459,0.333333333333,2.78278768125,deterministic_seeded_random_sets_same_cardinality,local_obstruction_before_drift,local_residue_sieve,blocked_unfilled,darmon_granville_ceiling,blocked_unfilled,blocked_unfilled,Z,residue_only,blocked_unfilled,blocked_unfilled,negative_control_passed,Q_251,pass_predefined,25,0,8.78889830934,0.351555932374,blocked_unfilled,control_class=random_root_sets,8.78889830934,local_obstruction_before_drift
rank235_Q251_exact_power_anchor,exact_power_anchor,235,7,7,3,123,163,151584,3483053049544704,151584,251,prime_block_le_251,25,2695432382774658040741908270274374888347028088573,111.515643094,847288609443,27.4653072167,0,0,1,151584,72.1214406717,27.4653072167,0.994831431931,0.889978127272,1.03803391739,constructed_exact_power_root,3.11612101459,0.333333333333,2.78278768125,C_from_near_power_row_as_positive_control,positive_control_survivor,local_residue_sieve,blocked_unfilled,darmon_granville_ceiling,blocked_unfilled,blocked_unfilled,Z,survivor_kandidat_requires_overlap_check,blocked_unfilled,blocked_unfilled,positive_control_passed,Q_251,pass_predefined,25,6.59700232214e-06,27.4653072167,1.09861228867,blocked_unfilled,control_class=exact_power_anchor,27.4653072167,positive_control_survivor
rank236_Q251_actual_near_miss,actual_near_miss,236,6,7,3,181,169,158376,3972538457381376,158376,251,prime_block_le_251,25,2695432382774658040741908270274374888347028088573,111.515643094,19683,9.88751059801,15,7,0,,89.6554052643,9.88751059801,0.992322069,0.863217911805,1.04540460676,none_visible,3.10471292897,0.333333333333,2.77137959563,existing_near_power_csv,local_obstruction_before_drift,local_residue_sieve,blocked_unfilled,darmon_granville_ceiling,blocked_unfilled,blocked_unfilled,Z,residue_only,blocked_unfilled,blocked_unfilled,under_test,Q_251,pass_predefined,25,0,9.88751059801,0.395500423921,blocked_unfilled,control_class=actual_near_miss,9.88751059801,local_obstruction_before_drift
rank236_Q251_random_root_sets,random_root_sets,236,6,7,3,181,169,158376,3972538457381376,158376,251,prime_block_le_251,25,2695432382774658040741908270274374888347028088573,111.515643094,19683,9.88751059801,15,7,0,,89.6554052643,9.88751059801,0.996292071314,0.929248539341,1.05504411443,none_visible,3.10471292897,0.333333333333,2.77137959563,deterministic_seeded_random_sets_same_cardinality,local_obstruction_before_drift,local_residue_sieve,blocked_unfilled,darmon_granville_ceiling,blocked_unfilled,blocked_unfilled,Z,residue_only,blocked_unfilled,blocked_unfilled,negative_control_passed,Q_251,pass_predefined,25,0,9.88751059801,0.395500423921,blocked_unfilled,control_class=random_root_sets,9.88751059801,local_obstruction_before_drift
rank236_Q251_exact_power_anchor,exact_power_anchor,236,6,7,3,181,169,158376,3972538457381376,158376,251,prime_block_le_251,25,2695432382774658040741908270274374888347028088573,111.515643094,847288609443,27.4653072167,0,0,1,158376,72.0776086456,27.4653072167,1.00358675276,0.931295706981,1.07480510515,constructed_exact_power_root,3.10471292897,0.333333333333,2.77137959563,C_from_near_power_row_as_positive_control,positive_control_survivor,local_residue_sieve,blocked_unfilled,darmon_granville_ceiling,blocked_unfilled,blocked_unfilled,Z,survivor_kandidat_requires_overlap_check,blocked_unfilled,blocked_unfilled,positive_control_passed,Q_251,pass_predefined,25,6.31408799313e-06,27.4653072167,1.09861228867,blocked_unfilled,control_class=exact_power_anchor,27.4653072167,positive_control_survivor
rank237_Q251_actual_near_miss,actual_near_miss,237,7,7,3,142,197,233183,12679165075939487,233183,251,prime_block_le_251,25,2695432382774658040741908270274374888347028088573,111.515643094,2187,7.69028602068,18,7,0,,91.4657782414,7.69028602068,0.99183831297,0.948998569078,1.01210589489,none_visible,3.00753622244,0.333333333333,2.67420288911,existing_near_power_csv,local_obstruction_before_drift,local_residue_sieve,blocked_unfilled,darmon_granville_ceiling,blocked_unfilled,blocked_unfilled,Z,residue_only,blocked_unfilled,blocked_unfilled,under_test,Q_251,pass_predefined,25,0,7.69028602068,0.307611440827,blocked_unfilled,control_class=actual_near_miss,7.69028602068,local_obstruction_before_drift
rank237_Q251_random_root_sets,random_root_sets,237,7,7,3,142,197,233183,12679165075939487,233183,251,prime_block_le_251,25,2695432382774658040741908270274374888347028088573,111.515643094,2187,7.69028602068,18,7,0,,91.4657782414,7.69028602068,0.996641963449,0.973331865721,1.02429994182,none_visible,3.00753622244,0.333333333333,2.67420288911,deterministic_seeded_random_sets_same_cardinality,local_obstruction_before_drift,local_residue_sieve,blocked_unfilled,darmon_granville_ceiling,blocked_unfilled,blocked_unfilled,Z,residue_only,blocked_unfilled,blocked_unfilled,negative_control_passed,Q_251,pass_predefined,25,0,7.69028602068,0.307611440827,blocked_unfilled,control_class=random_root_sets,7.69028602068,local_obstruction_before_drift
rank237_Q251_exact_power_anchor,exact_power_anchor,237,7,7,3,142,197,233183,12679165075939487,233183,251,prime_block_le_251,25,2695432382774658040741908270274374888347028088573,111.515643094,847288609443,27.4653072167,0,0,1,233183,71.6907570454,27.4653072167,1.00055509971,0.948998569078,1.02559935044,constructed_exact_power_root,3.00753622244,0.333333333333,2.67420288911,C_from_near_power_row_as_positive_control,positive_control_survivor,local_residue_sieve,blocked_unfilled,darmon_granville_ceiling,blocked_unfilled,blocked_unfilled,Z,survivor_kandidat_requires_overlap_check,blocked_unfilled,blocked_unfilled,positive_control_passed,Q_251,pass_predefined,25,4.28847729037e-06,27.4653072167,1.09861228867,blocked_unfilled,control_class=exact_power_anchor,27.4653072167,positive_control_survivor
rank238_Q251_actual_near_miss,actual_near_miss,238,7,7,3,182,235,358809,46194469470069129,358809,251,prime_block_le_251,25,2695432382774658040741908270274374888347028088573,111.515643094,59049,10.9861228867,13,7,0,,87.7389747149,10.9861228867,0.994841519887,0.981653191531,1.0109355612,none_visible,2.90619982183,0.333333333333,2.5728664885,existing_near_power_csv,local_obstruction_before_drift,local_residue_sieve,blocked_unfilled,darmon_granville_ceiling,blocked_unfilled,blocked_unfilled,Z,residue_only,blocked_unfilled,blocked_unfilled,under_test,Q_251,pass_predefined,25,0,10.9861228867,0.439444915467,blocked_unfilled,control_class=actual_near_miss,10.9861228867,local_obstruction_before_drift
rank238_Q251_random_root_sets,random_root_sets,238,7,7,3,182,235,358809,46194469470069129,358809,251,prime_block_le_251,25,2695432382774658040741908270274374888347028088573,111.515643094,59049,10.9861228867,13,7,0,,87.7389747149,10.9861228867,1.00161696562,0.963362123024,1.04250110164,none_visible,2.90619982183,0.333333333333,2.5728664885,deterministic_seeded_random_sets_same_cardinality,local_obstruction_before_drift,local_residue_sieve,blocked_unfilled,darmon_granville_ceiling,blocked_unfilled,blocked_unfilled,Z,residue_only,blocked_unfilled,blocked_unfilled,negative_control_passed,Q_251,pass_predefined,25,0,10.9861228867,0.439444915467,blocked_unfilled,control_class=random_root_sets,10.9861228867,local_obstruction_before_drift
rank238_Q251_exact_power_anchor,exact_power_anchor,238,7,7,3,182,235,358809,46194469470069129,358809,251,prime_block_le_251,25,2695432382774658040741908270274374888347028088573,111.515643094,847288609443,27.4653072167,0,0,1,358809,71.2597903849,27.4653072167,1.00351374656,0.99081002861,1.02720419809,constructed_exact_power_root,2.90619982183,0.333333333333,2.5728664885,C_from_near_power_row_as_positive_control,positive_control_survivor,local_residue_sieve,blocked_unfilled,darmon_granville_ceiling,blocked_unfilled,blocked_unfilled,Z,survivor_kandidat_requires_overlap_check,blocked_unfilled,blocked_unfilled,positive_control_passed,Q_251,pass_predefined,25,2.78699809648e-06,27.4653072167,1.09861228867,blocked_unfilled,control_class=exact_power_anchor,27.4653072167,positive_control_survivor
rank239_Q251_actual_near_miss,actual_near_miss,239,7,7,3,94,213,271242,19955876792704488,271242,251,prime_block_le_251,25,2695432382774658040741908270274374888347028088573,111.515643094,2187,7.69028602068,17,13,0,,91.3145903831,7.69028602068,1.00003716005,0.984220323139,1.01789996469,none_visible,2.97119129079,0.333333333333,2.63785795746,existing_near_power_csv,local_obstruction_before_drift,local_residue_sieve,blocked_unfilled,darmon_granville_ceiling,blocked_unfilled,blocked_unfilled,Z,residue_only,blocked_unfilled,blocked_unfilled,under_test,Q_251,pass_predefined,25,0,7.69028602068,0.307611440827,blocked_unfilled,control_class=actual_near_miss,7.69028602068,local_obstruction_before_drift
rank239_Q251_random_root_sets,random_root_sets,239,7,7,3,94,213,271242,19955876792704488,271242,251,prime_block_le_251,25,2695432382774658040741908270274374888347028088573,111.515643094,2187,7.69028602068,17,13,0,,91.3145903831,7.69028602068,1.00010428221,0.984220323139,1.01789996469,none_visible,2.97119129079,0.333333333333,2.63785795746,deterministic_seeded_random_sets_same_cardinality,local_obstruction_before_drift,local_residue_sieve,blocked_unfilled,darmon_granville_ceiling,blocked_unfilled,blocked_unfilled,Z,residue_only,blocked_unfilled,blocked_unfilled,negative_control_passed,Q_251,pass_predefined,25,0,7.69028602068,0.307611440827,blocked_unfilled,control_class=random_root_sets,7.69028602068,local_obstruction_before_drift
rank239_Q251_exact_power_anchor,exact_power_anchor,239,7,7,3,94,213,271242,19955876792704488,271242,251,prime_block_le_251,25,2695432382774658040741908270274374888347028088573,111.515643094,847288609443,27.4653072167,0,0,1,271242,71.5395691871,27.4653072167,1.00756141093,0.972123704212,1.06641875357,constructed_exact_power_root,2.97119129079,0.333333333333,2.63785795746,C_from_near_power_row_as_positive_control,positive_control_survivor,local_residue_sieve,blocked_unfilled,darmon_granville_ceiling,blocked_unfilled,blocked_unfilled,Z,survivor_kandidat_requires_overlap_check,blocked_unfilled,blocked_unfilled,positive_control_passed,Q_251,pass_predefined,25,3.68674467818e-06,27.4653072167,1.09861228867,blocked_unfilled,control_class=exact_power_anchor,27.4653072167,positive_control_survivor
rank240_Q251_actual_near_miss,actual_near_miss,240,7,7,3,124,245,376658,53436940892282312,376658,251,prime_block_le_251,25,2695432382774658040741908270274374888347028088573,111.515643094,19683,9.88751059801,16,7,0,,88.7890396032,9.88751059801,0.998413016583,0.973406467759,1.01913406857,none_visible,2.89521084873,0.333333333333,2.56187751539,existing_near_power_csv,local_obstruction_before_drift,local_residue_sieve,blocked_unfilled,darmon_granville_ceiling,blocked_unfilled,blocked_unfilled,Z,residue_only,blocked_unfilled,blocked_unfilled,under_test,Q_251,pass_predefined,25,0,9.88751059801,0.395500423921,blocked_unfilled,control_class=actual_near_miss,9.88751059801,local_obstruction_before_drift
rank240_Q251_random_root_sets,random_root_sets,240,7,7,3,124,245,376658,53436940892282312,376658,251,prime_block_le_251,25,2695432382774658040741908270274374888347028088573,111.515643094,19683,9.88751059801,16,7,0,,88.7890396032,9.88751059801,1.00142864644,0.996486644825,1.01070496607,none_visible,2.89521084873,0.333333333333,2.56187751539,deterministic_seeded_random_sets_same_cardinality,local_obstruction_before_drift,local_residue_sieve,blocked_unfilled,darmon_granville_ceiling,blocked_unfilled,blocked_unfilled,Z,residue_only,blocked_unfilled,blocked_unfilled,negative_control_passed,Q_251,pass_predefined,25,0,9.88751059801,0.395500423921,blocked_unfilled,control_class=random_root_sets,9.88751059801,local_obstruction_before_drift
rank240_Q251_exact_power_anchor,exact_power_anchor,240,7,7,3,124,245,376658,53436940892282312,376658,251,prime_block_le_251,25,2695432382774658040741908270274374888347028088573,111.515643094,847288609443,27.4653072167,0,0,1,376658,71.2112429845,27.4653072167,1.00507746442,0.992159111626,1.02565988244,constructed_exact_power_root,2.89521084873,0.333333333333,2.56187751539,C_from_near_power_row_as_positive_control,positive_control_survivor,local_residue_sieve,blocked_unfilled,darmon_granville_ceiling,blocked_unfilled,blocked_unfilled,Z,survivor_kandidat_requires_overlap_check,blocked_unfilled,blocked_unfilled,positive_control_passed,Q_251,pass_predefined,25,2.65492834348e-06,27.4653072167,1.09861228867,blocked_unfilled,control_class=exact_power_anchor,27.4653072167,positive_control_survivor
rank241_Q251_actual_near_miss,actual_near_miss,241,6,7,3,198,215,277183,21296085056487487,277183,251,prime_block_le_251,25,2695432382774658040741908270274374888347028088573,111.515643094,6561,8.78889830934,17,13,0,,90.1943115679,8.78889830934,1.0006193261,0.998434247411,1.00484196762,none_visible,2.96605458718,0.333333333333,2.63272125384,existing_near_power_csv,local_obstruction_before_drift,local_residue_sieve,blocked_unfilled,darmon_granville_ceiling,blocked_unfilled,blocked_unfilled,Z,residue_only,blocked_unfilled,blocked_unfilled,under_test,Q_251,pass_predefined,25,0,8.78889830934,0.351555932374,blocked_unfilled,control_class=actual_near_miss,8.78889830934,local_obstruction_before_drift
rank241_Q251_random_root_sets,random_root_sets,241,6,7,3,198,215,277183,21296085056487487,277183,251,prime_block_le_251,25,2695432382774658040741908270274374888347028088573,111.515643094,6561,8.78889830934,17,13,0,,90.1943115679,8.78889830934,1.00118762866,0.997409252692,1.01191831951,none_visible,2.96605458718,0.333333333333,2.63272125384,deterministic_seeded_random_sets_same_cardinality,local_obstruction_before_drift,local_residue_sieve,blocked_unfilled,darmon_granville_ceiling,blocked_unfilled,blocked_unfilled,Z,residue_only,blocked_unfilled,blocked_unfilled,negative_control_passed,Q_251,pass_predefined,25,0,8.78889830934,0.351555932374,blocked_unfilled,control_class=random_root_sets,8.78889830934,local_obstruction_before_drift
rank241_Q251_exact_power_anchor,exact_power_anchor,241,6,7,3,198,215,277183,21296085056487487,277183,251,prime_block_le_251,25,2695432382774658040741908270274374888347028088573,111.515643094,847288609443,27.4653072167,0,0,1,277183,71.5179026605,27.4653072167,1.00053442765,0.976235114627,1.04073401968,constructed_exact_power_root,2.96605458718,0.333333333333,2.63272125384,C_from_near_power_row_as_positive_control,positive_control_survivor,local_residue_sieve,blocked_unfilled,darmon_granville_ceiling,blocked_unfilled,blocked_unfilled,Z,survivor_kandidat_requires_overlap_check,blocked_unfilled,blocked_unfilled,positive_control_passed,Q_251,pass_predefined,25,3.60772486047e-06,27.4653072167,1.09861228867,blocked_unfilled,control_class=exact_power_anchor,27.4653072167,positive_control_survivor
rank242_Q251_actual_near_miss,actual_near_miss,242,7,7,3,163,225,318305,32250049234222625,318305,251,prime_block_le_251,25,2695432382774658040741908270274374888347028088573,111.515643094,729,6.59167373201,18,7,0,,92.2532040405,6.59167373201,1.00443844042,0.995074954315,1.01834055038,none_visible,2.93367291461,0.333333333333,2.60033958128,existing_near_power_csv,local_obstruction_before_drift,local_residue_sieve,blocked_unfilled,darmon_granville_ceiling,blocked_unfilled,blocked_unfilled,Z,residue_only,blocked_unfilled,blocked_unfilled,under_test,Q_251,pass_predefined,25,0,6.59167373201,0.26366694928,blocked_unfilled,control_class=actual_near_miss,6.59167373201,local_obstruction_before_drift
rank242_Q251_random_root_sets,random_root_sets,242,7,7,3,163,225,318305,32250049234222625,318305,251,prime_block_le_251,25,2695432382774658040741908270274374888347028088573,111.515643094,729,6.59167373201,18,7,0,,92.2532040405,6.59167373201,1.00205236417,0.995074954315,1.01834055038,none_visible,2.93367291461,0.333333333333,2.60033958128,deterministic_seeded_random_sets_same_cardinality,local_obstruction_before_drift,local_residue_sieve,blocked_unfilled,darmon_granville_ceiling,blocked_unfilled,blocked_unfilled,Z,residue_only,blocked_unfilled,blocked_unfilled,negative_control_passed,Q_251,pass_predefined,25,0,6.59167373201,0.26366694928,blocked_unfilled,control_class=random_root_sets,6.59167373201,local_obstruction_before_drift
rank242_Q251_exact_power_anchor,exact_power_anchor,242,7,7,3,163,225,318305,32250049234222625,318305,251,prime_block_le_251,25,2695432382774658040741908270274374888347028088573,111.515643094,282429536481,26.366694928,0,0,1,318305,72.4781828445,26.366694928,1.0009989109,0.963244547071,1.02730434995,constructed_exact_power_root,2.93367291461,0.333333333333,2.60033958128,C_from_near_power_row_as_positive_control,positive_control_survivor,local_residue_sieve,blocked_unfilled,darmon_granville_ceiling,blocked_unfilled,blocked_unfilled,Z,survivor_kandidat_requires_overlap_check,blocked_unfilled,blocked_unfilled,positive_control_passed,Q_251,pass_predefined,25,3.14164087903e-06,26.366694928,1.05466779712,blocked_unfilled,control_class=exact_power_anchor,26.366694928,positive_control_survivor
rank243_Q251_actual_near_miss,actual_near_miss,243,7,7,3,160,167,184759,6306912545957479,184759,251,prime_block_le_251,25,2695432382774658040741908270274374888347028088573,111.515643094,6561,8.78889830934,16,7,0,,90.5999372326,8.78889830934,0.991594530653,0.92132634044,1.02396996448,none_visible,3.06526518803,0.333333333333,2.73193185469,existing_near_power_csv,local_obstruction_before_drift,local_residue_sieve,blocked_unfilled,darmon_granville_ceiling,blocked_unfilled,blocked_unfilled,Z,residue_only,blocked_unfilled,blocked_unfilled,under_test,Q_251,pass_predefined,25,0,8.78889830934,0.351555932374,blocked_unfilled,control_class=actual_near_miss,8.78889830934,local_obstruction_before_drift
rank243_Q251_random_root_sets,random_root_sets,243,7,7,3,160,167,184759,6306912545957479,184759,251,prime_block_le_251,25,2695432382774658040741908270274374888347028088573,111.515643094,6561,8.78889830934,16,7,0,,90.5999372326,8.78889830934,1.00547650363,0.972840294654,1.0441698525,none_visible,3.06526518803,0.333333333333,2.73193185469,deterministic_seeded_random_sets_same_cardinality,local_obstruction_before_drift,local_residue_sieve,blocked_unfilled,darmon_granville_ceiling,blocked_unfilled,blocked_unfilled,Z,residue_only,blocked_unfilled,blocked_unfilled,negative_control_passed,Q_251,pass_predefined,25,0,8.78889830934,0.351555932374,blocked_unfilled,control_class=random_root_sets,8.78889830934,local_obstruction_before_drift
rank243_Q251_exact_power_anchor,exact_power_anchor,243,7,7,3,160,167,184759,6306912545957479,184759,251,prime_block_le_251,25,2695432382774658040741908270274374888347028088573,111.515643094,847288609443,27.4653072167,0,0,1,184759,71.9235283253,27.4653072167,1.00310582274,0.934306011856,1.04039075528,constructed_exact_power_root,3.06526518803,0.333333333333,2.73193185469,C_from_near_power_row_as_positive_control,positive_control_survivor,local_residue_sieve,blocked_unfilled,darmon_granville_ceiling,blocked_unfilled,blocked_unfilled,Z,survivor_kandidat_requires_overlap_check,blocked_unfilled,blocked_unfilled,positive_control_passed,Q_251,pass_predefined,25,5.41245622676e-06,27.4653072167,1.09861228867,blocked_unfilled,control_class=exact_power_anchor,27.4653072167,positive_control_survivor
rank244_Q251_actual_near_miss,actual_near_miss,244,6,7,3,219,203,242816,14316336626794496,242816,251,prime_block_le_251,25,2695432382774658040741908270274374888347028088573,111.515643094,531441,13.183347464,13,13,0,,85.9322363962,13.183347464,1.005322815,0.984189216892,1.04265049347,none_visible,2.99771802137,0.333333333333,2.66438468804,existing_near_power_csv,local_obstruction_before_drift,local_residue_sieve,blocked_unfilled,darmon_granville_ceiling,blocked_unfilled,blocked_unfilled,Z,residue_only,blocked_unfilled,blocked_unfilled,under_test,Q_251,pass_predefined,25,0,13.183347464,0.527333898561,blocked_unfilled,control_class=actual_near_miss,13.183347464,local_obstruction_before_drift
rank244_Q251_random_root_sets,random_root_sets,244,6,7,3,219,203,242816,14316336626794496,242816,251,prime_block_le_251,25,2695432382774658040741908270274374888347028088573,111.515643094,531441,13.183347464,13,13,0,,85.9322363962,13.183347464,1.00562528454,0.983663899139,1.04265049347,none_visible,2.99771802137,0.333333333333,2.66438468804,deterministic_seeded_random_sets_same_cardinality,local_obstruction_before_drift,local_residue_sieve,blocked_unfilled,darmon_granville_ceiling,blocked_unfilled,blocked_unfilled,Z,residue_only,blocked_unfilled,blocked_unfilled,negative_control_passed,Q_251,pass_predefined,25,0,13.183347464,0.527333898561,blocked_unfilled,control_class=random_root_sets,13.183347464,local_obstruction_before_drift
rank244_Q251_exact_power_anchor,exact_power_anchor,244,6,7,3,219,203,242816,14316336626794496,242816,251,prime_block_le_251,25,2695432382774658040741908270274374888347028088573,111.515643094,282429536481,26.366694928,0,0,1,242816,72.7488889322,26.366694928,1.00481453568,0.959657609969,1.03349587067,constructed_exact_power_root,2.99771802137,0.333333333333,2.66438468804,C_from_near_power_row_as_positive_control,positive_control_survivor,local_residue_sieve,blocked_unfilled,darmon_granville_ceiling,blocked_unfilled,blocked_unfilled,Z,survivor_kandidat_requires_overlap_check,blocked_unfilled,blocked_unfilled,positive_control_passed,Q_251,pass_predefined,25,4.11834475488e-06,26.366694928,1.05466779712,blocked_unfilled,control_class=exact_power_anchor,26.366694928,positive_control_survivor
rank245_Q251_actual_near_miss,actual_near_miss,245,7,7,3,122,209,261204,17821303645817664,261204,251,prime_block_le_251,25,2695432382774658040741908270274374888347028088573,111.515643094,6561,8.78889830934,17,7,0,,90.2536877945,8.78889830934,0.994871611631,0.962529500144,1.01493723935,none_visible,2.98017407124,0.333333333333,2.64684073791,existing_near_power_csv,local_obstruction_before_drift,local_residue_sieve,blocked_unfilled,darmon_granville_ceiling,blocked_unfilled,blocked_unfilled,Z,residue_only,blocked_unfilled,blocked_unfilled,under_test,Q_251,pass_predefined,25,0,8.78889830934,0.351555932374,blocked_unfilled,control_class=actual_near_miss,8.78889830934,local_obstruction_before_drift
rank245_Q251_random_root_sets,random_root_sets,245,7,7,3,122,209,261204,17821303645817664,261204,251,prime_block_le_251,25,2695432382774658040741908270274374888347028088573,111.515643094,6561,8.78889830934,17,7,0,,90.2536877945,8.78889830934,1.00560366002,0.985518768642,1.03295848796,none_visible,2.98017407124,0.333333333333,2.64684073791,deterministic_seeded_random_sets_same_cardinality,local_obstruction_before_drift,local_residue_sieve,blocked_unfilled,darmon_granville_ceiling,blocked_unfilled,blocked_unfilled,Z,residue_only,blocked_unfilled,blocked_unfilled,negative_control_passed,Q_251,pass_predefined,25,0,8.78889830934,0.351555932374,blocked_unfilled,control_class=random_root_sets,8.78889830934,local_obstruction_before_drift
rank245_Q251_exact_power_anchor,exact_power_anchor,245,7,7,3,122,209,261204,17821303645817664,261204,251,prime_block_le_251,25,2695432382774658040741908270274374888347028088573,111.515643094,847288609443,27.4653072167,0,0,1,261204,71.5772788872,27.4653072167,1.0024931379,0.951028485186,1.05643481723,constructed_exact_power_root,2.98017407124,0.333333333333,2.64684073791,C_from_near_power_row_as_positive_control,positive_control_survivor,local_residue_sieve,blocked_unfilled,darmon_granville_ceiling,blocked_unfilled,blocked_unfilled,Z,survivor_kandidat_requires_overlap_check,blocked_unfilled,blocked_unfilled,positive_control_passed,Q_251,pass_predefined,25,3.82842529211e-06,27.4653072167,1.09861228867,blocked_unfilled,control_class=exact_power_anchor,27.4653072167,positive_control_survivor
rank246_Q251_actual_near_miss,actual_near_miss,246,4,5,3,218,243,9471,849547194111,9471,251,prime_block_le_251,25,2695432382774658040741908270274374888347028088573,111.515643094,59049,10.9861228867,14,7,0,,91.3735304302,10.9861228867,0.934705944462,0,1.66874318094,none_visible,4.05984300286,0.333333333333,3.72650966953,existing_near_power_csv,local_obstruction_before_drift,local_residue_sieve,blocked_unfilled,darmon_granville_ceiling,blocked_unfilled,blocked_unfilled,Z,residue_only,blocked_unfilled,blocked_unfilled,under_test,Q_251,pass_predefined,25,0,10.9861228867,0.439444915467,blocked_unfilled,control_class=actual_near_miss,10.9861228867,local_obstruction_before_drift
rank246_Q251_random_root_sets,random_root_sets,246,4,5,3,218,243,9471,849547194111,9471,251,prime_block_le_251,25,2695432382774658040741908270274374888347028088573,111.515643094,59049,10.9861228867,14,7,0,,91.3735304302,10.9861228867,0.966855547343,0.834371590469,1.05490444515,none_visible,4.05984300286,0.333333333333,3.72650966953,deterministic_seeded_random_sets_same_cardinality,local_obstruction_before_drift,local_residue_sieve,blocked_unfilled,darmon_granville_ceiling,blocked_unfilled,blocked_unfilled,Z,residue_only,blocked_unfilled,blocked_unfilled,negative_control_passed,Q_251,pass_predefined,25,0,10.9861228867,0.439444915467,blocked_unfilled,control_class=random_root_sets,10.9861228867,local_obstruction_before_drift
rank246_Q251_exact_power_anchor,exact_power_anchor,246,4,5,3,218,243,9471,849547194111,9471,251,prime_block_le_251,25,2695432382774658040741908270274374888347028088573,111.515643094,282429536481,26.366694928,0,0,1,9471,75.9929583888,26.366694928,1.00578422631,0.246237051115,1.97041260456,constructed_exact_power_root,4.05984300286,0.333333333333,3.72650966953,C_from_near_power_row_as_positive_control,positive_control_survivor,local_residue_sieve,blocked_unfilled,darmon_granville_ceiling,blocked_unfilled,blocked_unfilled,Z,survivor_kandidat_requires_overlap_check,blocked_unfilled,blocked_unfilled,positive_control_passed,Q_251,pass_predefined,25,0.000105585471439,26.366694928,1.05466779712,blocked_unfilled,control_class=exact_power_anchor,26.366694928,positive_control_survivor
rank247_Q251_actual_near_miss,actual_near_miss,247,6,7,3,226,173,168348,4771158934560192,168348,251,prime_block_le_251,25,2695432382774658040741908270274374888347028088573,111.515643094,19683,9.88751059801,16,13,0,,89.5943439516,9.88751059801,0.98321507631,0.950077617,1.0004738861,none_visible,3.08895913318,0.333333333333,2.75562579985,existing_near_power_csv,local_obstruction_before_drift,local_residue_sieve,blocked_unfilled,darmon_granville_ceiling,blocked_unfilled,blocked_unfilled,Z,residue_only,blocked_unfilled,blocked_unfilled,under_test,Q_251,pass_predefined,25,0,9.88751059801,0.395500423921,blocked_unfilled,control_class=actual_near_miss,9.88751059801,local_obstruction_before_drift
rank247_Q251_random_root_sets,random_root_sets,247,6,7,3,226,173,168348,4771158934560192,168348,251,prime_block_le_251,25,2695432382774658040741908270274374888347028088573,111.515643094,19683,9.88751059801,16,13,0,,89.5943439516,9.88751059801,0.999760334413,0.993083770919,1.00765807864,none_visible,3.08895913318,0.333333333333,2.75562579985,deterministic_seeded_random_sets_same_cardinality,local_obstruction_before_drift,local_residue_sieve,blocked_unfilled,darmon_granville_ceiling,blocked_unfilled,blocked_unfilled,Z,residue_only,blocked_unfilled,blocked_unfilled,negative_control_passed,Q_251,pass_predefined,25,0,9.88751059801,0.395500423921,blocked_unfilled,control_class=random_root_sets,9.88751059801,local_obstruction_before_drift
rank247_Q251_exact_power_anchor,exact_power_anchor,247,6,7,3,226,173,168348,4771158934560192,168348,251,prime_block_le_251,25,2695432382774658040741908270274374888347028088573,111.515643094,847288609443,27.4653072167,0,0,1,168348,72.0165473329,27.4653072167,1.0025002222,0.943730315246,1.05633106554,constructed_exact_power_root,3.08895913318,0.333333333333,2.75562579985,C_from_near_power_row_as_positive_control,positive_control_survivor,local_residue_sieve,blocked_unfilled,darmon_granville_ceiling,blocked_unfilled,blocked_unfilled,Z,survivor_kandidat_requires_overlap_check,blocked_unfilled,blocked_unfilled,positive_control_passed,Q_251,pass_predefined,25,5.94007650819e-06,27.4653072167,1.09861228867,blocked_unfilled,control_class=exact_power_anchor,27.4653072167,positive_control_survivor
rank248_Q251_actual_near_miss,actual_near_miss,248,7,7,3,143,168,170997,4999947835616973,170997,251,prime_block_le_251,25,2695432382774658040741908270274374888347028088573,111.515643094,2187,7.69028602068,18,7,0,,91.7759557819,7.69028602068,1.00056065528,0.992136964066,1.01014052878,none_visible,3.08495668226,0.333333333333,2.75162334893,existing_near_power_csv,local_obstruction_before_drift,local_residue_sieve,blocked_unfilled,darmon_granville_ceiling,blocked_unfilled,blocked_unfilled,Z,residue_only,blocked_unfilled,blocked_unfilled,under_test,Q_251,pass_predefined,25,0,7.69028602068,0.307611440827,blocked_unfilled,control_class=actual_near_miss,7.69028602068,local_obstruction_before_drift
rank248_Q251_random_root_sets,random_root_sets,248,7,7,3,143,168,170997,4999947835616973,170997,251,prime_block_le_251,25,2695432382774658040741908270274374888347028088573,111.515643094,2187,7.69028602068,18,7,0,,91.7759557819,7.69028602068,0.998160028365,0.994332584132,0.999792718911,none_visible,3.08495668226,0.333333333333,2.75162334893,deterministic_seeded_random_sets_same_cardinality,local_obstruction_before_drift,local_residue_sieve,blocked_unfilled,darmon_granville_ceiling,blocked_unfilled,blocked_unfilled,Z,residue_only,blocked_unfilled,blocked_unfilled,negative_control_passed,Q_251,pass_predefined,25,0,7.69028602068,0.307611440827,blocked_unfilled,control_class=random_root_sets,7.69028602068,local_obstruction_before_drift
rank248_Q251_exact_power_anchor,exact_power_anchor,248,7,7,3,143,168,170997,4999947835616973,170997,251,prime_block_le_251,25,2695432382774658040741908270274374888347028088573,111.515643094,847288609443,27.4653072167,0,0,1,170997,72.0009345859,27.4653072167,1.00497831996,0.953353957477,1.07311889162,constructed_exact_power_root,3.08495668226,0.333333333333,2.75162334893,C_from_near_power_row_as_positive_control,positive_control_survivor,local_residue_sieve,blocked_unfilled,darmon_granville_ceiling,blocked_unfilled,blocked_unfilled,Z,survivor_kandidat_requires_overlap_check,blocked_unfilled,blocked_unfilled,positive_control_passed,Q_251,pass_predefined,25,5.84805581384e-06,27.4653072167,1.09861228867,blocked_unfilled,control_class=exact_power_anchor,27.4653072167,positive_control_survivor
rank249_Q251_actual_near_miss,actual_near_miss,249,5,6,3,173,202,40835,68092249182875,40835,251,prime_block_le_251,25,2695432382774658040741908270274374888347028088573,111.515643094,81,4.39444915467,20,7,0,,96.5038991036,4.39444915467,0.959720011428,0.857377249908,1.12266438105,none_visible,3.50106892634,0.333333333333,3.167735593,existing_near_power_csv,local_obstruction_before_drift,local_residue_sieve,blocked_unfilled,darmon_granville_ceiling,blocked_unfilled,blocked_unfilled,Z,residue_only,blocked_unfilled,blocked_unfilled,under_test,Q_251,pass_predefined,25,0,4.39444915467,0.175777966187,blocked_unfilled,control_class=actual_near_miss,4.39444915467,local_obstruction_before_drift
rank249_Q251_random_root_sets,random_root_sets,249,5,6,3,173,202,40835,68092249182875,40835,251,prime_block_le_251,25,2695432382774658040741908270274374888347028088573,111.515643094,81,4.39444915467,20,7,0,,96.5038991036,4.39444915467,0.936331170156,0.857377249908,1.02910901596,none_visible,3.50106892634,0.333333333333,3.167735593,deterministic_seeded_random_sets_same_cardinality,local_obstruction_before_drift,local_residue_sieve,blocked_unfilled,darmon_granville_ceiling,blocked_unfilled,blocked_unfilled,Z,residue_only,blocked_unfilled,blocked_unfilled,negative_control_passed,Q_251,pass_predefined,25,0,4.39444915467,0.175777966187,blocked_unfilled,control_class=random_root_sets,4.39444915467,local_obstruction_before_drift
rank249_Q251_exact_power_anchor,exact_power_anchor,249,5,6,3,173,202,40835,68092249182875,40835,251,prime_block_le_251,25,2695432382774658040741908270274374888347028088573,111.515643094,847288609443,27.4653072167,0,0,1,40835,73.4330410416,27.4653072167,1.01158807577,0.833712909677,1.15227133586,constructed_exact_power_root,3.50106892634,0.333333333333,3.167735593,C_from_near_power_row_as_positive_control,positive_control_survivor,local_residue_sieve,blocked_unfilled,darmon_granville_ceiling,blocked_unfilled,blocked_unfilled,Z,survivor_kandidat_requires_overlap_check,blocked_unfilled,blocked_unfilled,positive_control_passed,Q_251,pass_predefined,25,2.44887963757e-05,27.4653072167,1.09861228867,blocked_unfilled,control_class=exact_power_anchor,27.4653072167,positive_control_survivor
rank250_Q251_actual_near_miss,actual_near_miss,250,6,6,3,177,193,43521,82432144309761,43521,251,prime_block_le_251,25,2695432382774658040741908270274374888347028088573,111.515643094,177147,12.0847351753,14,7,0,,88.7499090595,12.0847351753,1.03047775148,0.968400950754,1.14364457516,none_visible,3.48018771665,0.333333333333,3.14685438332,existing_near_power_csv,local_obstruction_before_drift,local_residue_sieve,blocked_unfilled,darmon_granville_ceiling,blocked_unfilled,blocked_unfilled,Z,residue_only,blocked_unfilled,blocked_unfilled,under_test,Q_251,pass_predefined,25,0,12.0847351753,0.483389407014,blocked_unfilled,control_class=actual_near_miss,12.0847351753,local_obstruction_before_drift
rank250_Q251_random_root_sets,random_root_sets,250,6,6,3,177,193,43521,82432144309761,43521,251,prime_block_le_251,25,2695432382774658040741908270274374888347028088573,111.515643094,177147,12.0847351753,14,7,0,,88.7499090595,12.0847351753,1.04572683941,0.935709197859,1.26810045725,none_visible,3.48018771665,0.333333333333,3.14685438332,deterministic_seeded_random_sets_same_cardinality,local_obstruction_before_drift,local_residue_sieve,blocked_unfilled,darmon_granville_ceiling,blocked_unfilled,blocked_unfilled,Z,residue_only,blocked_unfilled,blocked_unfilled,negative_control_passed,Q_251,pass_predefined,25,0,12.0847351753,0.483389407014,blocked_unfilled,control_class=random_root_sets,12.0847351753,local_obstruction_before_drift
rank250_Q251_exact_power_anchor,exact_power_anchor,250,6,6,3,177,193,43521,82432144309761,43521,251,prime_block_le_251,25,2695432382774658040741908270274374888347028088573,111.515643094,282429536481,26.366694928,0,0,1,43521,74.4679493068,26.366694928,1.01068907135,0.845400304834,1.17665801184,constructed_exact_power_root,3.48018771665,0.333333333333,3.14685438332,C_from_near_power_row_as_positive_control,positive_control_survivor,local_residue_sieve,blocked_unfilled,darmon_granville_ceiling,blocked_unfilled,blocked_unfilled,Z,survivor_kandidat_requires_overlap_check,blocked_unfilled,blocked_unfilled,positive_control_passed,Q_251,pass_predefined,25,2.29774132028e-05,26.366694928,1.05466779712,blocked_unfilled,control_class=exact_power_anchor,26.366694928,positive_control_survivor
