case_id,control_class,rank,x,y,z,A,B,C,H,T,Q,block_id,prime_count,M_block,log_M_block,n_root_classes,log_n_root_classes,local_empty_roots,first_empty_q,n_low_sections,low_section_sample,D_root,D_drift,pair_corr_ratio_mean,pair_corr_ratio_min,pair_corr_ratio_max,anchor_type,detector_degree,target_degree,degree_gap,advice_source,decision
rank1_Q7_actual_near_miss,actual_near_miss,1,7,7,3,175,243,380429,55058052685693589,380429,7,prime_block_le_7,1,7,1.94591014906,1,0,1,7,0,,-10.9031446932,0,,,,none_visible,0.0504812785309,0.333333333333,-0.282852054802,existing_near_power_csv,local_obstruction_before_drift
rank1_Q7_random_root_sets,random_root_sets,1,7,7,3,175,243,380429,55058052685693589,380429,7,prime_block_le_7,1,7,1.94591014906,1,0,1,7,0,,-10.9031446932,0,,,,none_visible,0.0504812785309,0.333333333333,-0.282852054802,deterministic_seeded_random_sets_same_cardinality,local_obstruction_before_drift
rank1_Q7_exact_power_anchor,exact_power_anchor,1,7,7,3,175,243,380429,55058052685693589,380429,7,prime_block_le_7,1,7,1.94591014906,1,0,0,0,54347,7 14 21 28 35 42 49 56 63 70 77 84,-10.9031446932,-10.9031446932,,,,constructed_exact_power_root,0.0504812785309,0.333333333333,-0.282852054802,C_from_near_power_row_as_positive_control,positive_control_survivor
rank2_Q7_actual_near_miss,actual_near_miss,2,7,7,3,116,193,217276,10257352303600576,217276,7,prime_block_le_7,1,7,1.94591014906,3,1.09861228867,0,0,93119,1 2 4 8 9 11 15 16 18 22 23 25,-11.4416258534,-10.3430212354,,,,none_visible,0.0527822233631,0.333333333333,-0.28055110997,existing_near_power_csv,low_section_survivor_requires_anchor_audit
rank2_Q7_random_root_sets,random_root_sets,2,7,7,3,116,193,217276,10257352303600576,217276,7,prime_block_le_7,1,7,1.94591014906,3,1.09861228867,0,0,93118,1 5 6 8 12 13 15 19 20 22 26 27,-11.4416258534,-10.3430104964,,,,none_visible,0.0527822233631,0.333333333333,-0.28055110997,deterministic_seeded_random_sets_same_cardinality,low_section_survivor_requires_anchor_audit
rank2_Q7_exact_power_anchor,exact_power_anchor,2,7,7,3,116,193,217276,10257352303600576,217276,7,prime_block_le_7,1,7,1.94591014906,3,1.09861228867,0,0,93118,3 5 6 10 12 13 17 19 20 24 26 27,-11.4416258534,-10.3430104964,,,,constructed_exact_power_root,0.0527822233631,0.333333333333,-0.28055110997,C_from_near_power_row_as_positive_control,positive_control_survivor
rank3_Q7_actual_near_miss,actual_near_miss,3,7,7,3,123,233,335332,37707261911714368,335332,7,prime_block_le_7,1,7,1.94591014906,3,1.09861228867,0,0,143713,3 5 6 10 12 13 17 19 20 24 26 27,-11.8755785044,-10.7769612456,,,,none_visible,0.0509819240361,0.333333333333,-0.282351409297,existing_near_power_csv,low_section_survivor_requires_anchor_audit
rank3_Q7_random_root_sets,random_root_sets,3,7,7,3,123,233,335332,37707261911714368,335332,7,prime_block_le_7,1,7,1.94591014906,3,1.09861228867,0,0,143714,2 3 6 9 10 13 16 17 20 23 24 27,-11.8755785044,-10.7769682038,,,,none_visible,0.0509819240361,0.333333333333,-0.282351409297,deterministic_seeded_random_sets_same_cardinality,low_section_survivor_requires_anchor_audit
rank3_Q7_exact_power_anchor,exact_power_anchor,3,7,7,3,123,233,335332,37707261911714368,335332,7,prime_block_le_7,1,7,1.94591014906,3,1.09861228867,0,0,143715,1 2 4 8 9 11 15 16 18 22 23 25,-11.8755785044,-10.7769751621,,,,constructed_exact_power_root,0.0509819240361,0.333333333333,-0.282351409297,C_from_near_power_row_as_positive_control,positive_control_survivor
rank4_Q7_actual_near_miss,actual_near_miss,4,7,7,3,166,247,390533,59562540435549437,390533,7,prime_block_le_7,1,7,1.94591014906,1,0,0,0,55790,7 14 21 28 35 42 49 56 63 70 77 84,-10.9293576027,-10.9293499208,,,,none_visible,0.0503785031006,0.333333333333,-0.282954830233,existing_near_power_csv,low_section_survivor_requires_anchor_audit
rank4_Q7_random_root_sets,random_root_sets,4,7,7,3,166,247,390533,59562540435549437,390533,7,prime_block_le_7,1,7,1.94591014906,1,0,0,0,55790,5 12 19 26 33 40 47 54 61 68 75 82,-10.9293576027,-10.9293499208,,,,none_visible,0.0503785031006,0.333333333333,-0.282954830233,deterministic_seeded_random_sets_same_cardinality,low_section_survivor_requires_anchor_audit
rank4_Q7_exact_power_anchor,exact_power_anchor,4,7,7,3,166,247,390533,59562540435549437,390533,7,prime_block_le_7,1,7,1.94591014906,3,1.09861228867,0,0,167371,3 5 6 10 12 13 17 19 20 24 26 27,-12.0279698913,-10.9293558956,,,,constructed_exact_power_root,0.0503785031006,0.333333333333,-0.282954830233,C_from_near_power_row_as_positive_control,positive_control_survivor
rank5_Q7_actual_near_miss,actual_near_miss,5,5,6,4,198,227,3422,137126067287056,3422,7,prime_block_le_7,3,105,4.65396035016,2,0.69314718056,2,5,0,,-4.17716728485,0.69314718056,,,,none_visible,0.142970371341,0.25,-0.107029628659,existing_near_power_csv,local_obstruction_before_drift
rank5_Q7_random_root_sets,random_root_sets,5,5,6,4,198,227,3422,137126067287056,3422,7,prime_block_le_7,3,105,4.65396035016,2,0.69314718056,2,5,0,,-4.17716728485,0.69314718056,,,,none_visible,0.142970371341,0.25,-0.107029628659,deterministic_seeded_random_sets_same_cardinality,local_obstruction_before_drift
rank5_Q7_exact_power_anchor,exact_power_anchor,5,5,6,4,198,227,3422,137126067287056,3422,7,prime_block_le_7,3,105,4.65396035016,16,2.77258872224,0,0,521,1 8 13 22 29 34 41 43 62 64 71 76,-6.25660882653,-3.48316131951,1.00014611338,0.999780829924,1.00051139684,constructed_exact_power_root,0.142970371341,0.25,-0.107029628659,C_from_near_power_row_as_positive_control,positive_control_survivor
rank6_Q7_actual_near_miss,actual_near_miss,6,6,6,3,185,218,52827,147423882533283,52827,7,prime_block_le_7,1,7,1.94591014906,1,0,1,7,0,,-8.92886755357,0,,,,none_visible,0.0596459747582,0.333333333333,-0.273687358575,existing_near_power_csv,local_obstruction_before_drift
rank6_Q7_random_root_sets,random_root_sets,6,6,6,3,185,218,52827,147423882533283,52827,7,prime_block_le_7,1,7,1.94591014906,1,0,1,7,0,,-8.92886755357,0,,,,none_visible,0.0596459747582,0.333333333333,-0.273687358575,deterministic_seeded_random_sets_same_cardinality,local_obstruction_before_drift
rank6_Q7_exact_power_anchor,exact_power_anchor,6,6,6,3,185,218,52827,147423882533283,52827,7,prime_block_le_7,1,7,1.94591014906,3,1.09861228867,0,0,22640,3 5 6 10 12 13 17 19 20 24 26 27,-10.0274798422,-8.92886124365,,,,constructed_exact_power_root,0.0596459747582,0.333333333333,-0.273687358575,C_from_near_power_row_as_positive_control,positive_control_survivor
rank7_Q7_actual_near_miss,actual_near_miss,7,6,7,3,162,85,36873,50133199270617,36873,7,prime_block_le_7,1,7,1.94591014906,1,0,1,7,0,,-8.56932470583,0,,,,none_visible,0.0616854236071,0.333333333333,-0.271647909726,existing_near_power_csv,local_obstruction_before_drift
rank7_Q7_random_root_sets,random_root_sets,7,6,7,3,162,85,36873,50133199270617,36873,7,prime_block_le_7,1,7,1.94591014906,1,0,1,7,0,,-8.56932470583,0,,,,none_visible,0.0616854236071,0.333333333333,-0.271647909726,deterministic_seeded_random_sets_same_cardinality,local_obstruction_before_drift
rank7_Q7_exact_power_anchor,exact_power_anchor,7,6,7,3,162,85,36873,50133199270617,36873,7,prime_block_le_7,1,7,1.94591014906,3,1.09861228867,0,0,15804,1 2 4 8 9 11 15 16 18 22 23 25,-9.6679369945,-8.56940606286,,,,constructed_exact_power_root,0.0616854236071,0.333333333333,-0.271647909726,C_from_near_power_row_as_positive_control,positive_control_survivor
rank8_Q7_actual_near_miss,actual_near_miss,8,3,6,3,244,27,738,401947272,738,7,prime_block_le_7,1,7,1.94591014906,1,0,0,0,105,7 14 21 28 35 42 49 56 63 70 77 84,-4.65803367555,-4.65396035016,,,,none_visible,0.0982195993151,0.333333333333,-0.235113734018,existing_near_power_csv,low_section_survivor_requires_anchor_audit
rank8_Q7_random_root_sets,random_root_sets,8,3,6,3,244,27,738,401947272,738,7,prime_block_le_7,1,7,1.94591014906,1,0,0,0,106,1 8 15 22 29 36 43 50 57 64 71 78,-4.65803367555,-4.66343909411,,,,none_visible,0.0982195993151,0.333333333333,-0.235113734018,deterministic_seeded_random_sets_same_cardinality,low_section_survivor_requires_anchor_audit
rank8_Q7_exact_power_anchor,exact_power_anchor,8,3,6,3,244,27,738,401947272,738,7,prime_block_le_7,1,7,1.94591014906,3,1.09861228867,0,0,316,3 5 6 10 12 13 17 19 20 24 26 27,-5.75664596421,-4.65712992492,,,,constructed_exact_power_root,0.0982195993151,0.333333333333,-0.235113734018,C_from_near_power_row_as_positive_control,positive_control_survivor
rank9_Q7_actual_near_miss,actual_near_miss,9,7,7,3,192,205,291752,24833705446251008,291752,7,prime_block_le_7,1,7,1.94591014906,1,0,1,7,0,,-10.6377492563,0,,,,none_visible,0.0515459530062,0.333333333333,-0.281787380327,existing_near_power_csv,local_obstruction_before_drift
rank9_Q7_random_root_sets,random_root_sets,9,7,7,3,192,205,291752,24833705446251008,291752,7,prime_block_le_7,1,7,1.94591014906,1,0,1,7,0,,-10.6377492563,0,,,,none_visible,0.0515459530062,0.333333333333,-0.281787380327,deterministic_seeded_random_sets_same_cardinality,local_obstruction_before_drift
rank9_Q7_exact_power_anchor,exact_power_anchor,9,7,7,3,192,205,291752,24833705446251008,291752,7,prime_block_le_7,1,7,1.94591014906,3,1.09861228867,0,0,125037,3 5 6 10 12 13 17 19 20 24 26 27,-11.7363615449,-10.6377526838,,,,constructed_exact_power_root,0.0515459530062,0.333333333333,-0.281787380327,C_from_near_power_row_as_positive_control,positive_control_survivor
rank10_Q7_actual_near_miss,actual_near_miss,10,7,7,3,121,232,331882,36555362570660968,331882,7,prime_block_le_7,1,7,1.94591014906,1,0,1,7,0,,-10.766624614,0,,,,none_visible,0.0510233976498,0.333333333333,-0.282309935683,existing_near_power_csv,local_obstruction_before_drift
rank10_Q7_random_root_sets,random_root_sets,10,7,7,3,121,232,331882,36555362570660968,331882,7,prime_block_le_7,1,7,1.94591014906,1,0,1,7,0,,-10.766624614,0,,,,none_visible,0.0510233976498,0.333333333333,-0.282309935683,deterministic_seeded_random_sets_same_cardinality,local_obstruction_before_drift
rank10_Q7_exact_power_anchor,exact_power_anchor,10,7,7,3,121,232,331882,36555362570660968,331882,7,prime_block_le_7,1,7,1.94591014906,3,1.09861228867,0,0,142235,3 5 6 10 12 13 17 19 20 24 26 27,-11.8652369026,-10.7666236096,,,,constructed_exact_power_root,0.0510233976498,0.333333333333,-0.282309935683,C_from_near_power_row_as_positive_control,positive_control_survivor
rank11_Q7_actual_near_miss,actual_near_miss,11,6,7,3,243,121,83665,585640963104625,83665,7,prime_block_le_7,1,7,1.94591014906,1,0,1,7,0,,-9.38866585987,0,,,,none_visible,0.0572263766938,0.333333333333,-0.27610695664,existing_near_power_csv,local_obstruction_before_drift
rank11_Q7_random_root_sets,random_root_sets,11,6,7,3,243,121,83665,585640963104625,83665,7,prime_block_le_7,1,7,1.94591014906,1,0,1,7,0,,-9.38866585987,0,,,,none_visible,0.0572263766938,0.333333333333,-0.27610695664,deterministic_seeded_random_sets_same_cardinality,local_obstruction_before_drift
rank11_Q7_exact_power_anchor,exact_power_anchor,11,6,7,3,243,121,83665,585640963104625,83665,7,prime_block_le_7,1,7,1.94591014906,3,1.09861228867,0,0,35857,1 2 4 8 9 11 15 16 18 22 23 25,-10.4872781485,-9.38868179632,,,,constructed_exact_power_root,0.0572263766938,0.333333333333,-0.27610695664,C_from_near_power_row_as_positive_control,positive_control_survivor
rank12_Q7_actual_near_miss,actual_near_miss,12,5,6,3,153,137,18848,6695697416192,18848,7,prime_block_le_7,1,7,1.94591014906,1,0,0,0,2692,7 14 21 28 35 42 49 56 63 70 77 84,-7.8982519374,-7.89803969076,,,,none_visible,0.0658904953672,0.333333333333,-0.267442837966,existing_near_power_csv,low_section_survivor_requires_anchor_audit
rank12_Q7_random_root_sets,random_root_sets,12,5,6,3,153,137,18848,6695697416192,18848,7,prime_block_le_7,1,7,1.94591014906,1,0,0,0,2693,1 8 15 22 29 36 43 50 57 64 71 78,-7.8982519374,-7.89841109281,,,,none_visible,0.0658904953672,0.333333333333,-0.267442837966,deterministic_seeded_random_sets_same_cardinality,low_section_survivor_requires_anchor_audit
rank12_Q7_exact_power_anchor,exact_power_anchor,12,5,6,3,153,137,18848,6695697416192,18848,7,prime_block_le_7,1,7,1.94591014906,3,1.09861228867,0,0,8079,1 2 4 8 9 11 15 16 18 22 23 25,-8.99686422606,-7.89841109281,,,,constructed_exact_power_root,0.0658904953672,0.333333333333,-0.267442837966,C_from_near_power_row_as_positive_control,positive_control_survivor
rank13_Q7_actual_near_miss,actual_near_miss,13,7,7,3,169,231,339224,39035496952231424,339224,7,prime_block_le_7,1,7,1.94591014906,3,1.09861228867,0,0,145383,1 2 4 8 9 11 15 16 18 22 23 25,-11.8871180747,-10.7885146297,,,,none_visible,0.0509357256475,0.333333333333,-0.282397607686,existing_near_power_csv,low_section_survivor_requires_anchor_audit
rank13_Q7_random_root_sets,random_root_sets,13,7,7,3,169,231,339224,39035496952231424,339224,7,prime_block_le_7,1,7,1.94591014906,3,1.09861228867,0,0,145382,1 2 5 8 9 12 15 16 19 22 23 26,-11.8871180747,-10.7885077513,,,,none_visible,0.0509357256475,0.333333333333,-0.282397607686,deterministic_seeded_random_sets_same_cardinality,low_section_survivor_requires_anchor_audit
rank13_Q7_exact_power_anchor,exact_power_anchor,13,7,7,3,169,231,339224,39035496952231424,339224,7,prime_block_le_7,1,7,1.94591014906,3,1.09861228867,0,0,145383,1 2 4 8 9 11 15 16 18 22 23 25,-11.8871180747,-10.7885146297,,,,constructed_exact_power_root,0.0509357256475,0.333333333333,-0.282397607686,C_from_near_power_row_as_positive_control,positive_control_survivor
rank14_Q7_actual_near_miss,actual_near_miss,14,6,7,3,249,233,334775,37519673991734375,334775,7,prime_block_le_7,1,7,1.94591014906,1,0,1,7,0,,-10.7753037943,0,,,,none_visible,0.0509885864069,0.333333333333,-0.282344746926,existing_near_power_csv,local_obstruction_before_drift
rank14_Q7_random_root_sets,random_root_sets,14,6,7,3,249,233,334775,37519673991734375,334775,7,prime_block_le_7,1,7,1.94591014906,1,0,1,7,0,,-10.7753037943,0,,,,none_visible,0.0509885864069,0.333333333333,-0.282344746926,deterministic_seeded_random_sets_same_cardinality,local_obstruction_before_drift
rank14_Q7_exact_power_anchor,exact_power_anchor,14,6,7,3,249,233,334775,37519673991734375,334775,7,prime_block_le_7,1,7,1.94591014906,1,0,0,0,47825,7 14 21 28 35 42 49 56 63 70 77 84,-10.7753037943,-10.7753037943,,,,constructed_exact_power_root,0.0509885864069,0.333333333333,-0.282344746926,C_from_near_power_row_as_positive_control,positive_control_survivor
rank15_Q7_actual_near_miss,actual_near_miss,15,7,7,3,158,243,374419,52489645185002059,374419,7,prime_block_le_7,1,7,1.94591014906,1,0,1,7,0,,-10.8872206211,0,,,,none_visible,0.0505439185471,0.333333333333,-0.282789414786,existing_near_power_csv,local_obstruction_before_drift
rank15_Q7_random_root_sets,random_root_sets,15,7,7,3,158,243,374419,52489645185002059,374419,7,prime_block_le_7,1,7,1.94591014906,1,0,1,7,0,,-10.8872206211,0,,,,none_visible,0.0505439185471,0.333333333333,-0.282789414786,deterministic_seeded_random_sets_same_cardinality,local_obstruction_before_drift
rank15_Q7_exact_power_anchor,exact_power_anchor,15,7,7,3,158,243,374419,52489645185002059,374419,7,prime_block_le_7,1,7,1.94591014906,3,1.09861228867,0,0,160465,3 5 6 10 12 13 17 19 20 24 26 27,-11.9858329098,-10.8872188406,,,,constructed_exact_power_root,0.0505439185471,0.333333333333,-0.282789414786,C_from_near_power_row_as_positive_control,positive_control_survivor
rank16_Q7_actual_near_miss,actual_near_miss,16,7,7,3,233,236,427367,78055399815039863,427367,7,prime_block_le_7,1,7,1.94591014906,1,0,0,0,61052,7 14 21 28 35 42 49 56 63 70 77 84,-11.0194882588,-11.019481239,,,,none_visible,0.0500282903732,0.333333333333,-0.28330504296,existing_near_power_csv,low_section_survivor_requires_anchor_audit
rank16_Q7_random_root_sets,random_root_sets,16,7,7,3,233,236,427367,78055399815039863,427367,7,prime_block_le_7,1,7,1.94591014906,1,0,0,0,61053,1 8 15 22 29 36 43 50 57 64 71 78,-11.0194882588,-11.0194976184,,,,none_visible,0.0500282903732,0.333333333333,-0.28330504296,deterministic_seeded_random_sets_same_cardinality,low_section_survivor_requires_anchor_audit
rank16_Q7_exact_power_anchor,exact_power_anchor,16,7,7,3,233,236,427367,78055399815039863,427367,7,prime_block_le_7,1,7,1.94591014906,3,1.09861228867,0,0,183157,3 5 6 10 12 13 17 19 20 24 26 27,-12.1181005475,-11.0194866988,,,,constructed_exact_power_root,0.0500282903732,0.333333333333,-0.28330504296,C_from_near_power_row_as_positive_control,positive_control_survivor
rank17_Q7_actual_near_miss,actual_near_miss,17,6,7,3,162,197,225934,11533065905080504,225934,7,prime_block_le_7,1,7,1.94591014906,1,0,1,7,0,,-10.3820880512,0,,,,none_visible,0.0526149262693,0.333333333333,-0.280718407064,existing_near_power_csv,local_obstruction_before_drift
rank17_Q7_random_root_sets,random_root_sets,17,6,7,3,162,197,225934,11533065905080504,225934,7,prime_block_le_7,1,7,1.94591014906,1,0,1,7,0,,-10.3820880512,0,,,,none_visible,0.0526149262693,0.333333333333,-0.280718407064,deterministic_seeded_random_sets_same_cardinality,local_obstruction_before_drift
rank17_Q7_exact_power_anchor,exact_power_anchor,17,6,7,3,162,197,225934,11533065905080504,225934,7,prime_block_le_7,1,7,1.94591014906,3,1.09861228867,0,0,96830,1 2 4 8 9 11 15 16 18 22 23 25,-11.4807003398,-10.3820998539,,,,constructed_exact_power_root,0.0526149262693,0.333333333333,-0.280718407064,C_from_near_power_row_as_positive_control,positive_control_survivor
rank18_Q7_actual_near_miss,actual_near_miss,18,7,7,3,195,197,281203,22236162996552427,281203,7,prime_block_le_7,1,7,1.94591014906,1,0,0,0,40171,7 14 21 28 35 42 49 56 63 70 77 84,-10.6009219584,-10.6009006212,,,,none_visible,0.0516972500148,0.333333333333,-0.281636083318,existing_near_power_csv,low_section_survivor_requires_anchor_audit
rank18_Q7_random_root_sets,random_root_sets,18,7,7,3,195,197,281203,22236162996552427,281203,7,prime_block_le_7,1,7,1.94591014906,1,0,0,0,40172,3 10 17 24 31 38 45 52 59 66 73 80,-10.6009219584,-10.6009255145,,,,none_visible,0.0516972500148,0.333333333333,-0.281636083318,deterministic_seeded_random_sets_same_cardinality,low_section_survivor_requires_anchor_audit
rank18_Q7_exact_power_anchor,exact_power_anchor,18,7,7,3,195,197,281203,22236162996552427,281203,7,prime_block_le_7,1,7,1.94591014906,3,1.09861228867,0,0,120516,3 5 6 10 12 13 17 19 20 24 26 27,-11.699534247,-10.6009255145,,,,constructed_exact_power_root,0.0516972500148,0.333333333333,-0.281636083318,C_from_near_power_row_as_positive_control,positive_control_survivor
rank19_Q7_actual_near_miss,actual_near_miss,19,7,7,3,139,245,377950,53988722234875000,377950,7,prime_block_le_7,1,7,1.94591014906,3,1.09861228867,0,0,161979,3 5 6 10 12 13 17 19 20 24 26 27,-11.9952193303,-10.8966096875,,,,none_visible,0.0505069766868,0.333333333333,-0.282826356647,existing_near_power_csv,low_section_survivor_requires_anchor_audit
rank19_Q7_random_root_sets,random_root_sets,19,7,7,3,139,245,377950,53988722234875000,377950,7,prime_block_le_7,1,7,1.94591014906,3,1.09861228867,0,0,161978,4 6 7 11 13 14 18 20 21 25 27 28,-11.9952193303,-10.8966035139,,,,none_visible,0.0505069766868,0.333333333333,-0.282826356647,deterministic_seeded_random_sets_same_cardinality,low_section_survivor_requires_anchor_audit
rank19_Q7_exact_power_anchor,exact_power_anchor,19,7,7,3,139,245,377950,53988722234875000,377950,7,prime_block_le_7,1,7,1.94591014906,3,1.09861228867,0,0,161979,3 5 6 10 12 13 17 19 20 24 26 27,-11.9952193303,-10.8966096875,,,,constructed_exact_power_root,0.0505069766868,0.333333333333,-0.282826356647,C_from_near_power_row_as_positive_control,positive_control_survivor
rank20_Q7_actual_near_miss,actual_near_miss,20,6,7,3,157,161,141264,2818996251807744,141264,7,prime_block_le_7,1,7,1.94591014906,3,1.09861228867,0,0,60543,1 2 4 8 9 11 15 16 18 22 23 25,-11.0110878988,-9.91249684669,,,,none_visible,0.0546985677078,0.333333333333,-0.278634765626,existing_near_power_csv,low_section_survivor_requires_anchor_audit
rank20_Q7_random_root_sets,random_root_sets,20,6,7,3,157,161,141264,2818996251807744,141264,7,prime_block_le_7,1,7,1.94591014906,3,1.09861228867,0,0,60542,2 4 7 9 11 14 16 18 21 23 25 28,-11.0110878988,-9.91248032937,,,,none_visible,0.0546985677078,0.333333333333,-0.278634765626,deterministic_seeded_random_sets_same_cardinality,low_section_survivor_requires_anchor_audit
rank20_Q7_exact_power_anchor,exact_power_anchor,20,6,7,3,157,161,141264,2818996251807744,141264,7,prime_block_le_7,1,7,1.94591014906,3,1.09861228867,0,0,60543,1 2 4 8 9 11 15 16 18 22 23 25,-11.0110878988,-9.91249684669,,,,constructed_exact_power_root,0.0546985677078,0.333333333333,-0.278634765626,C_from_near_power_row_as_positive_control,positive_control_survivor
rank21_Q7_actual_near_miss,actual_near_miss,21,7,7,3,145,231,331550,36445767198875000,331550,7,prime_block_le_7,1,7,1.94591014906,1,0,1,7,0,,-10.7656237577,0,,,,none_visible,0.0510274150317,0.333333333333,-0.282305918302,existing_near_power_csv,local_obstruction_before_drift
rank21_Q7_random_root_sets,random_root_sets,21,7,7,3,145,231,331550,36445767198875000,331550,7,prime_block_le_7,1,7,1.94591014906,1,0,1,7,0,,-10.7656237577,0,,,,none_visible,0.0510274150317,0.333333333333,-0.282305918302,deterministic_seeded_random_sets_same_cardinality,local_obstruction_before_drift
rank21_Q7_exact_power_anchor,exact_power_anchor,21,7,7,3,145,231,331550,36445767198875000,331550,7,prime_block_le_7,1,7,1.94591014906,3,1.09861228867,0,0,142094,1 2 4 8 9 11 15 16 18 22 23 25,-11.8642360464,-10.7656318007,,,,constructed_exact_power_root,0.0510274150317,0.333333333333,-0.282305918302,C_from_near_power_row_as_positive_control,positive_control_survivor
rank22_Q7_actual_near_miss,actual_near_miss,22,7,7,3,181,216,304744,28301241748662784,304744,7,prime_block_le_7,1,7,1.94591014906,1,0,1,7,0,,-10.6813172098,0,,,,none_visible,0.0513681030615,0.333333333333,-0.281965230272,existing_near_power_csv,local_obstruction_before_drift
rank22_Q7_random_root_sets,random_root_sets,22,7,7,3,181,216,304744,28301241748662784,304744,7,prime_block_le_7,1,7,1.94591014906,1,0,1,7,0,,-10.6813172098,0,,,,none_visible,0.0513681030615,0.333333333333,-0.281965230272,deterministic_seeded_random_sets_same_cardinality,local_obstruction_before_drift
rank22_Q7_exact_power_anchor,exact_power_anchor,22,7,7,3,181,216,304744,28301241748662784,304744,7,prime_block_le_7,1,7,1.94591014906,3,1.09861228867,0,0,130605,3 5 6 10 12 13 17 19 20 24 26 27,-11.7799294985,-10.6813204913,,,,constructed_exact_power_root,0.0513681030615,0.333333333333,-0.281965230272,C_from_near_power_row_as_positive_control,positive_control_survivor
rank23_Q7_actual_near_miss,actual_near_miss,23,6,7,3,250,243,369079,50275686066280039,369079,7,prime_block_le_7,1,7,1.94591014906,3,1.09861228867,0,0,158176,3 5 6 10 12 13 17 19 20 24 26 27,-11.9714681319,-10.8728513274,,,,none_visible,0.0506005583333,0.333333333333,-0.282732775,existing_near_power_csv,low_section_survivor_requires_anchor_audit
rank23_Q7_random_root_sets,random_root_sets,23,6,7,3,250,243,369079,50275686066280039,369079,7,prime_block_le_7,1,7,1.94591014906,3,1.09861228867,0,0,158176,3 6 7 10 13 14 17 20 21 24 27 28,-11.9714681319,-10.8728513274,,,,none_visible,0.0506005583333,0.333333333333,-0.282732775,deterministic_seeded_random_sets_same_cardinality,low_section_survivor_requires_anchor_audit
rank23_Q7_exact_power_anchor,exact_power_anchor,23,6,7,3,250,243,369079,50275686066280039,369079,7,prime_block_le_7,1,7,1.94591014906,3,1.09861228867,0,0,158178,1 2 4 8 9 11 15 16 18 22 23 25,-11.9714681319,-10.8728639715,,,,constructed_exact_power_root,0.0506005583333,0.333333333333,-0.282732775,C_from_near_power_row_as_positive_control,positive_control_survivor
rank24_Q7_actual_near_miss,actual_near_miss,24,7,6,4,75,167,2433,35040350021121,2433,7,prime_block_le_7,3,105,4.65396035016,2,0.69314718056,2,5,0,,-3.83606717319,0.69314718056,,,,none_visible,0.149225079312,0.25,-0.100774920688,existing_near_power_csv,local_obstruction_before_drift
rank24_Q7_random_root_sets,random_root_sets,24,7,6,4,75,167,2433,35040350021121,2433,7,prime_block_le_7,3,105,4.65396035016,2,0.69314718056,2,5,0,,-3.83606717319,0.69314718056,,,,none_visible,0.149225079312,0.25,-0.100774920688,deterministic_seeded_random_sets_same_cardinality,local_obstruction_before_drift
rank24_Q7_exact_power_anchor,exact_power_anchor,24,7,6,4,75,167,2433,35040350021121,2433,7,prime_block_le_7,3,105,4.65396035016,8,2.07944154168,0,0,186,3 18 24 39 66 81 87 102 108 123 129 144,-5.22236153431,-3.14630513203,1.00095047267,1.00030826141,1.00159268393,constructed_exact_power_root,0.149225079312,0.25,-0.100774920688,C_from_near_power_row_as_positive_control,positive_control_survivor
rank25_Q7_actual_near_miss,actual_near_miss,25,7,7,3,103,178,179511,5784598208409831,179511,7,prime_block_le_7,1,7,1.94591014906,3,1.09861228867,0,0,76934,1 2 4 8 9 11 15 16 18 22 23 25,-11.250693906,-10.1520909018,,,,none_visible,0.0536152387006,0.333333333333,-0.279718094633,existing_near_power_csv,low_section_survivor_requires_anchor_audit
rank25_Q7_random_root_sets,random_root_sets,25,7,7,3,103,178,179511,5784598208409831,179511,7,prime_block_le_7,1,7,1.94591014906,3,1.09861228867,0,0,76934,2 3 4 9 10 11 16 17 18 23 24 25,-11.250693906,-10.1520909018,,,,none_visible,0.0536152387006,0.333333333333,-0.279718094633,deterministic_seeded_random_sets_same_cardinality,low_section_survivor_requires_anchor_audit
rank25_Q7_exact_power_anchor,exact_power_anchor,25,7,7,3,103,178,179511,5784598208409831,179511,7,prime_block_le_7,1,7,1.94591014906,3,1.09861228867,0,0,76933,3 5 6 10 12 13 17 19 20 24 26 27,-11.250693906,-10.1520779035,,,,constructed_exact_power_root,0.0536152387006,0.333333333333,-0.279718094633,C_from_near_power_row_as_positive_control,positive_control_survivor
rank26_Q7_actual_near_miss,actual_near_miss,26,6,7,3,226,151,124358,1923185546890712,124358,7,prime_block_le_7,1,7,1.94591014906,1,0,1,7,0,,-9.78500963265,0,,,,none_visible,0.0552929121009,0.333333333333,-0.278040421232,existing_near_power_csv,local_obstruction_before_drift
rank26_Q7_random_root_sets,random_root_sets,26,6,7,3,226,151,124358,1923185546890712,124358,7,prime_block_le_7,1,7,1.94591014906,1,0,1,7,0,,-9.78500963265,0,,,,none_visible,0.0552929121009,0.333333333333,-0.278040421232,deterministic_seeded_random_sets_same_cardinality,local_obstruction_before_drift
rank26_Q7_exact_power_anchor,exact_power_anchor,26,6,7,3,226,151,124358,1923185546890712,124358,7,prime_block_le_7,1,7,1.94591014906,3,1.09861228867,0,0,53296,3 5 6 10 12 13 17 19 20 24 26 27,-10.8836219213,-9.78500427177,,,,constructed_exact_power_root,0.0552929121009,0.333333333333,-0.278040421232,C_from_near_power_row_as_positive_control,positive_control_survivor
rank27_Q7_actual_near_miss,actual_near_miss,27,7,7,3,171,172,205898,8728837012610792,205898,7,prime_block_le_7,1,7,1.94591014906,1,0,0,0,29414,7 14 21 28 35 42 49 56 63 70 77 84,-10.2892260305,-10.2892260305,,,,none_visible,0.0530142621083,0.333333333333,-0.280319071225,existing_near_power_csv,low_section_survivor_requires_anchor_audit
rank27_Q7_random_root_sets,random_root_sets,27,7,7,3,171,172,205898,8728837012610792,205898,7,prime_block_le_7,1,7,1.94591014906,1,0,0,0,29414,4 11 18 25 32 39 46 53 60 67 74 81,-10.2892260305,-10.2892260305,,,,none_visible,0.0530142621083,0.333333333333,-0.280319071225,deterministic_seeded_random_sets_same_cardinality,low_section_survivor_requires_anchor_audit
rank27_Q7_exact_power_anchor,exact_power_anchor,27,7,7,3,171,172,205898,8728837012610792,205898,7,prime_block_le_7,1,7,1.94591014906,1,0,0,0,29414,7 14 21 28 35 42 49 56 63 70 77 84,-10.2892260305,-10.2892260305,,,,constructed_exact_power_root,0.0530142621083,0.333333333333,-0.280319071225,C_from_near_power_row_as_positive_control,positive_control_survivor
rank28_Q7_actual_near_miss,actual_near_miss,28,6,6,3,89,170,29097,24634550495673,29097,7,prime_block_le_7,1,7,1.94591014906,1,0,1,7,0,,-8.33248020601,0,,,,none_visible,0.0631068381279,0.333333333333,-0.270226495205,existing_near_power_csv,local_obstruction_before_drift
rank28_Q7_random_root_sets,random_root_sets,28,6,6,3,89,170,29097,24634550495673,29097,7,prime_block_le_7,1,7,1.94591014906,1,0,1,7,0,,-8.33248020601,0,,,,none_visible,0.0631068381279,0.333333333333,-0.270226495205,deterministic_seeded_random_sets_same_cardinality,local_obstruction_before_drift
rank28_Q7_exact_power_anchor,exact_power_anchor,28,6,6,3,89,170,29097,24634550495673,29097,7,prime_block_le_7,1,7,1.94591014906,3,1.09861228867,0,0,12470,3 5 6 10 12 13 17 19 20 24 26 27,-9.43109249467,-8.33246875001,,,,constructed_exact_power_root,0.0631068381279,0.333333333333,-0.270226495205,C_from_near_power_row_as_positive_control,positive_control_survivor
rank29_Q7_actual_near_miss,actual_near_miss,29,7,6,3,21,100,10006,1001801080216,10006,7,prime_block_le_7,1,7,1.94591014906,3,1.09861228867,0,0,4289,1 2 4 8 9 11 15 16 18 22 23 25,-8.36364233166,-7.26519659585,,,,none_visible,0.0704202505746,0.333333333333,-0.262913082759,existing_near_power_csv,low_section_survivor_requires_anchor_audit
rank29_Q7_random_root_sets,random_root_sets,29,7,6,3,21,100,10006,1001801080216,10006,7,prime_block_le_7,1,7,1.94591014906,3,1.09861228867,0,0,4288,3 4 7 10 11 14 17 18 21 24 25 28,-8.36364233166,-7.26496341408,,,,none_visible,0.0704202505746,0.333333333333,-0.262913082759,deterministic_seeded_random_sets_same_cardinality,low_section_survivor_requires_anchor_audit
rank29_Q7_exact_power_anchor,exact_power_anchor,29,7,6,3,21,100,10006,1001801080216,10006,7,prime_block_le_7,1,7,1.94591014906,3,1.09861228867,0,0,4288,3 5 6 10 12 13 17 19 20 24 26 27,-8.36364233166,-7.26496341408,,,,constructed_exact_power_root,0.0704202505746,0.333333333333,-0.262913082759,C_from_near_power_row_as_positive_control,positive_control_survivor
rank30_Q7_actual_near_miss,actual_near_miss,30,7,7,3,214,233,386721,57835336698683361,386721,7,prime_block_le_7,1,7,1.94591014906,3,1.09861228867,0,0,165738,3 5 6 10 12 13 17 19 20 24 26 27,-12.0181609214,-10.9195512186,,,,none_visible,0.0504169130191,0.333333333333,-0.282916420314,existing_near_power_csv,low_section_survivor_requires_anchor_audit
rank30_Q7_random_root_sets,random_root_sets,30,7,7,3,214,233,386721,57835336698683361,386721,7,prime_block_le_7,1,7,1.94591014906,3,1.09861228867,0,0,165737,2 6 7 9 13 14 16 20 21 23 27 28,-12.0181609214,-10.9195451849,,,,none_visible,0.0504169130191,0.333333333333,-0.282916420314,deterministic_seeded_random_sets_same_cardinality,low_section_survivor_requires_anchor_audit
rank30_Q7_exact_power_anchor,exact_power_anchor,30,7,7,3,214,233,386721,57835336698683361,386721,7,prime_block_le_7,1,7,1.94591014906,3,1.09861228867,0,0,165738,3 5 6 10 12 13 17 19 20 24 26 27,-12.0181609214,-10.9195512186,,,,constructed_exact_power_root,0.0504169130191,0.333333333333,-0.282916420314,C_from_near_power_row_as_positive_control,positive_control_survivor
rank31_Q7_actual_near_miss,actual_near_miss,31,6,6,3,103,148,22704,11703267569664,22704,7,prime_block_le_7,1,7,1.94591014906,1,0,1,7,0,,-8.08438625034,0,,,,none_visible,0.064667751632,0.333333333333,-0.268665581701,existing_near_power_csv,local_obstruction_before_drift
rank31_Q7_random_root_sets,random_root_sets,31,6,6,3,103,148,22704,11703267569664,22704,7,prime_block_le_7,1,7,1.94591014906,1,0,1,7,0,,-8.08438625034,0,,,,none_visible,0.064667751632,0.333333333333,-0.268665581701,deterministic_seeded_random_sets_same_cardinality,local_obstruction_before_drift
rank31_Q7_exact_power_anchor,exact_power_anchor,31,6,6,3,103,148,22704,11703267569664,22704,7,prime_block_le_7,1,7,1.94591014906,3,1.09861228867,0,0,9730,3 5 6 10 12 13 17 19 20 24 26 27,-9.18299853901,-8.08435688651,,,,constructed_exact_power_root,0.064667751632,0.333333333333,-0.268665581701,C_from_near_power_row_as_positive_control,positive_control_survivor
rank32_Q7_actual_near_miss,actual_near_miss,32,7,6,4,90,239,3912,234204580417536,3912,7,prime_block_le_7,3,105,4.65396035016,8,2.07944154168,0,0,298,7 14 28 49 56 77 91 98 112 119 133 154,-5.69728522268,-3.61765194483,0.999808282209,0.999808282209,0.999808282209,none_visible,0.140657356383,0.25,-0.109342643617,existing_near_power_csv,low_section_survivor_requires_anchor_audit
rank32_Q7_random_root_sets,random_root_sets,32,7,6,4,90,239,3912,234204580417536,3912,7,prime_block_le_7,3,105,4.65396035016,8,2.07944154168,0,0,298,1 15 36 43 64 78 85 99 106 120 141 148,-5.69728522268,-3.61765194483,0.999808282209,0.999808282209,0.999808282209,none_visible,0.140657356383,0.25,-0.109342643617,deterministic_seeded_random_sets_same_cardinality,low_section_survivor_requires_anchor_audit
rank32_Q7_exact_power_anchor,exact_power_anchor,32,7,6,4,90,239,3912,234204580417536,3912,7,prime_block_le_7,3,105,4.65396035016,8,2.07944154168,0,0,298,6 27 36 48 57 69 78 99 111 132 141 153,-5.69728522268,-3.61765194483,1.00028757669,0.999808282209,1.00076687117,constructed_exact_power_root,0.140657356383,0.25,-0.109342643617,C_from_near_power_row_as_positive_control,positive_control_survivor
rank33_Q7_actual_near_miss,actual_near_miss,33,5,7,3,206,93,39266,60541055273096,39266,7,prime_block_le_7,1,7,1.94591014906,1,0,0,0,5609,7 14 21 28 35 42 49 56 63 70 77 84,-8.6322041344,-8.63212772951,,,,none_visible,0.0613187472711,0.333333333333,-0.272014586062,existing_near_power_csv,low_section_survivor_requires_anchor_audit
rank33_Q7_random_root_sets,random_root_sets,33,5,7,3,206,93,39266,60541055273096,39266,7,prime_block_le_7,1,7,1.94591014906,1,0,0,0,5609,4 11 18 25 32 39 46 53 60 67 74 81,-8.6322041344,-8.63212772951,,,,none_visible,0.0613187472711,0.333333333333,-0.272014586062,deterministic_seeded_random_sets_same_cardinality,low_section_survivor_requires_anchor_audit
rank33_Q7_exact_power_anchor,exact_power_anchor,33,5,7,3,206,93,39266,60541055273096,39266,7,prime_block_le_7,1,7,1.94591014906,3,1.09861228867,0,0,16828,3 5 6 10 12 13 17 19 20 24 26 27,-9.73081642307,-8.63218715604,,,,constructed_exact_power_root,0.0613187472711,0.333333333333,-0.272014586062,C_from_near_power_row_as_positive_control,positive_control_survivor
rank34_Q7_actual_near_miss,actual_near_miss,34,7,7,3,217,218,358452,46056721898841408,358452,7,prime_block_le_7,1,7,1.94591014906,3,1.09861228867,0,0,153623,1 2 4 8 9 11 15 16 18 22 23 25,-11.9422521785,-10.8436445394,,,,none_visible,0.0507161482915,0.333333333333,-0.282617185042,existing_near_power_csv,low_section_survivor_requires_anchor_audit
rank34_Q7_random_root_sets,random_root_sets,34,7,7,3,217,218,358452,46056721898841408,358452,7,prime_block_le_7,1,7,1.94591014906,3,1.09861228867,0,0,153622,1 4 7 8 11 14 15 18 21 22 25 28,-11.9422521785,-10.8436380299,,,,none_visible,0.0507161482915,0.333333333333,-0.282617185042,deterministic_seeded_random_sets_same_cardinality,low_section_survivor_requires_anchor_audit
rank34_Q7_exact_power_anchor,exact_power_anchor,34,7,7,3,217,218,358452,46056721898841408,358452,7,prime_block_le_7,1,7,1.94591014906,3,1.09861228867,0,0,153622,3 5 6 10 12 13 17 19 20 24 26 27,-11.9422521785,-10.8436380299,,,,constructed_exact_power_root,0.0507161482915,0.333333333333,-0.282617185042,C_from_near_power_row_as_positive_control,positive_control_survivor
rank35_Q7_actual_near_miss,actual_near_miss,35,7,7,3,91,148,117132,1607039962123968,117132,7,prime_block_le_7,1,7,1.94591014906,3,1.09861228867,0,0,50200,1 2 4 8 9 11 15 16 18 22 23 25,-10.8237589226,-9.72515801701,,,,none_visible,0.0555765196258,0.333333333333,-0.277756813708,existing_near_power_csv,low_section_survivor_requires_anchor_audit
rank35_Q7_random_root_sets,random_root_sets,35,7,7,3,91,148,117132,1607039962123968,117132,7,prime_block_le_7,1,7,1.94591014906,3,1.09861228867,0,0,50200,1 6 7 8 13 14 15 20 21 22 27 28,-10.8237589226,-9.72515801701,,,,none_visible,0.0555765196258,0.333333333333,-0.277756813708,deterministic_seeded_random_sets_same_cardinality,low_section_survivor_requires_anchor_audit
rank35_Q7_exact_power_anchor,exact_power_anchor,35,7,7,3,91,148,117132,1607039962123968,117132,7,prime_block_le_7,1,7,1.94591014906,3,1.09861228867,0,0,50200,1 2 4 8 9 11 15 16 18 22 23 25,-10.8237589226,-9.72515801701,,,,constructed_exact_power_root,0.0555765196258,0.333333333333,-0.277756813708,C_from_near_power_row_as_positive_control,positive_control_survivor
rank36_Q7_actual_near_miss,actual_near_miss,36,7,7,3,108,149,121685,1801818905094125,121685,7,prime_block_le_7,1,7,1.94591014906,1,0,1,7,0,,-9.76328086842,0,,,,none_visible,0.055395519245,0.333333333333,-0.277937814088,existing_near_power_csv,local_obstruction_before_drift
rank36_Q7_random_root_sets,random_root_sets,36,7,7,3,108,149,121685,1801818905094125,121685,7,prime_block_le_7,1,7,1.94591014906,1,0,1,7,0,,-9.76328086842,0,,,,none_visible,0.055395519245,0.333333333333,-0.277937814088,deterministic_seeded_random_sets_same_cardinality,local_obstruction_before_drift
rank36_Q7_exact_power_anchor,exact_power_anchor,36,7,7,3,108,149,121685,1801818905094125,121685,7,prime_block_le_7,1,7,1.94591014906,3,1.09861228867,0,0,52152,1 2 4 8 9 11 15 16 18 22 23 25,-10.8618931571,-9.76330552194,,,,constructed_exact_power_root,0.055395519245,0.333333333333,-0.277937814088,C_from_near_power_row_as_positive_control,positive_control_survivor
rank37_Q7_actual_near_miss,actual_near_miss,37,5,7,4,118,79,2094,19226786746896,2094,7,prime_block_le_7,3,105,4.65396035016,2,0.69314718056,2,3,0,,-3.68601822183,0.69314718056,,,,none_visible,0.152153228963,0.25,-0.0978467710373,existing_near_power_csv,local_obstruction_before_drift
rank37_Q7_random_root_sets,random_root_sets,37,5,7,4,118,79,2094,19226786746896,2094,7,prime_block_le_7,3,105,4.65396035016,2,0.69314718056,2,3,0,,-3.68601822183,0.69314718056,,,,none_visible,0.152153228963,0.25,-0.0978467710373,deterministic_seeded_random_sets_same_cardinality,local_obstruction_before_drift
rank37_Q7_exact_power_anchor,exact_power_anchor,37,5,7,4,118,79,2094,19226786746896,2094,7,prime_block_le_7,3,105,4.65396035016,8,2.07944154168,0,0,160,6 27 36 48 57 69 78 99 111 132 141 153,-5.07231258295,-2.99573227355,1.00092526266,1.00077602674,1.00107449857,constructed_exact_power_root,0.152153228963,0.25,-0.0978467710373,C_from_near_power_row_as_positive_control,positive_control_survivor
rank38_Q7_actual_near_miss,actual_near_miss,38,6,7,3,245,134,99734,992041207978904,99734,7,prime_block_le_7,1,7,1.94591014906,3,1.09861228867,0,0,42744,1 2 4 8 9 11 15 16 18 22 23 25,-10.6629640605,-9.56437182497,,,,none_visible,0.0563529067201,0.333333333333,-0.276980426613,existing_near_power_csv,low_section_survivor_requires_anchor_audit
rank38_Q7_random_root_sets,random_root_sets,38,6,7,3,245,134,99734,992041207978904,99734,7,prime_block_le_7,1,7,1.94591014906,3,1.09861228867,0,0,42744,1 2 5 8 9 12 15 16 19 22 23 26,-10.6629640605,-9.56437182497,,,,none_visible,0.0563529067201,0.333333333333,-0.276980426613,deterministic_seeded_random_sets_same_cardinality,low_section_survivor_requires_anchor_audit
rank38_Q7_exact_power_anchor,exact_power_anchor,38,6,7,3,245,134,99734,992041207978904,99734,7,prime_block_le_7,1,7,1.94591014906,3,1.09861228867,0,0,42743,3 5 6 10 12 13 17 19 20 24 26 27,-10.6629640605,-9.5643484296,,,,constructed_exact_power_root,0.0563529067201,0.333333333333,-0.276980426613,C_from_near_power_row_as_positive_control,positive_control_survivor
rank39_Q7_actual_near_miss,actual_near_miss,39,7,7,3,99,182,188593,6707747514563857,188593,7,prime_block_le_7,1,7,1.94591014906,3,1.09861228867,0,0,80826,1 2 4 8 9 11 15 16 18 22 23 25,-11.3000486725,-10.2014416863,,,,none_visible,0.0533973995551,0.333333333333,-0.279935933778,existing_near_power_csv,low_section_survivor_requires_anchor_audit
rank39_Q7_random_root_sets,random_root_sets,39,7,7,3,99,182,188593,6707747514563857,188593,7,prime_block_le_7,1,7,1.94591014906,3,1.09861228867,0,0,80825,2 6 7 9 13 14 16 20 21 23 27 28,-11.3000486725,-10.2014293139,,,,none_visible,0.0533973995551,0.333333333333,-0.279935933778,deterministic_seeded_random_sets_same_cardinality,low_section_survivor_requires_anchor_audit
rank39_Q7_exact_power_anchor,exact_power_anchor,39,7,7,3,99,182,188593,6707747514563857,188593,7,prime_block_le_7,1,7,1.94591014906,3,1.09861228867,0,0,80826,3 5 6 10 12 13 17 19 20 24 26 27,-11.3000486725,-10.2014416863,,,,constructed_exact_power_root,0.0533973995551,0.333333333333,-0.279935933778,C_from_near_power_row_as_positive_control,positive_control_survivor
rank40_Q7_actual_near_miss,actual_near_miss,40,7,7,3,121,214,275602,20933752951467208,275602,7,prime_block_le_7,1,7,1.94591014906,3,1.09861228867,0,0,118115,3 5 6 10 12 13 17 19 20 24 26 27,-11.6794152146,-10.5808017165,,,,none_visible,0.0517802804669,0.333333333333,-0.281553052866,existing_near_power_csv,low_section_survivor_requires_anchor_audit
rank40_Q7_random_root_sets,random_root_sets,40,7,7,3,121,214,275602,20933752951467208,275602,7,prime_block_le_7,1,7,1.94591014906,3,1.09861228867,0,0,118116,2 3 5 9 10 12 16 17 19 23 24 26,-11.6794152146,-10.5808101827,,,,none_visible,0.0517802804669,0.333333333333,-0.281553052866,deterministic_seeded_random_sets_same_cardinality,low_section_survivor_requires_anchor_audit
rank40_Q7_exact_power_anchor,exact_power_anchor,40,7,7,3,121,214,275602,20933752951467208,275602,7,prime_block_le_7,1,7,1.94591014906,3,1.09861228867,0,0,118115,3 5 6 10 12 13 17 19 20 24 26 27,-11.6794152146,-10.5808017165,,,,constructed_exact_power_root,0.0517802804669,0.333333333333,-0.281553052866,C_from_near_power_row_as_positive_control,positive_control_survivor
rank41_Q7_actual_near_miss,actual_near_miss,41,7,7,3,105,206,251369,15883095686476409,251369,7,prime_block_le_7,1,7,1.94591014906,1,0,1,7,0,,-10.488767109,0,,,,none_visible,0.0521635345164,0.333333333333,-0.281169798817,existing_near_power_csv,local_obstruction_before_drift
rank41_Q7_random_root_sets,random_root_sets,41,7,7,3,105,206,251369,15883095686476409,251369,7,prime_block_le_7,1,7,1.94591014906,1,0,1,7,0,,-10.488767109,0,,,,none_visible,0.0521635345164,0.333333333333,-0.281169798817,deterministic_seeded_random_sets_same_cardinality,local_obstruction_before_drift
rank41_Q7_exact_power_anchor,exact_power_anchor,41,7,7,3,105,206,251369,15883095686476409,251369,7,prime_block_le_7,1,7,1.94591014906,3,1.09861228867,0,0,107730,3 5 6 10 12 13 17 19 20 24 26 27,-11.5873793977,-10.4887710872,,,,constructed_exact_power_root,0.0521635345164,0.333333333333,-0.281169798817,C_from_near_power_row_as_positive_control,positive_control_survivor
rank42_Q7_actual_near_miss,actual_near_miss,42,6,7,3,221,198,229241,12046943758644521,229241,7,prime_block_le_7,1,7,1.94591014906,1,0,1,7,0,,-10.3966189818,0,,,,none_visible,0.0525529824133,0.333333333333,-0.28078035092,existing_near_power_csv,local_obstruction_before_drift
rank42_Q7_random_root_sets,random_root_sets,42,6,7,3,221,198,229241,12046943758644521,229241,7,prime_block_le_7,1,7,1.94591014906,1,0,1,7,0,,-10.3966189818,0,,,,none_visible,0.0525529824133,0.333333333333,-0.28078035092,deterministic_seeded_random_sets_same_cardinality,local_obstruction_before_drift
rank42_Q7_exact_power_anchor,exact_power_anchor,42,6,7,3,221,198,229241,12046943758644521,229241,7,prime_block_le_7,1,7,1.94591014906,3,1.09861228867,0,0,98246,3 5 6 10 12 13 17 19 20 24 26 27,-11.4952312705,-10.3966175278,,,,constructed_exact_power_root,0.0525529824133,0.333333333333,-0.28078035092,C_from_near_power_row_as_positive_control,positive_control_survivor
rank43_Q7_actual_near_miss,actual_near_miss,43,6,7,3,235,249,390429,59514968106923589,390429,7,prime_block_le_7,1,7,1.94591014906,1,0,1,7,0,,-10.9290912645,0,,,,none_visible,0.0503795452534,0.333333333333,-0.28295378808,existing_near_power_csv,local_obstruction_before_drift
rank43_Q7_random_root_sets,random_root_sets,43,6,7,3,235,249,390429,59514968106923589,390429,7,prime_block_le_7,1,7,1.94591014906,1,0,1,7,0,,-10.9290912645,0,,,,none_visible,0.0503795452534,0.333333333333,-0.28295378808,deterministic_seeded_random_sets_same_cardinality,local_obstruction_before_drift
rank43_Q7_exact_power_anchor,exact_power_anchor,43,6,7,3,235,249,390429,59514968106923589,390429,7,prime_block_le_7,1,7,1.94591014906,3,1.09861228867,0,0,167328,1 2 4 8 9 11 15 16 18 22 23 25,-12.0277035532,-10.9290989483,,,,constructed_exact_power_root,0.0503795452534,0.333333333333,-0.28295378808,C_from_near_power_row_as_positive_control,positive_control_survivor
rank44_Q7_actual_near_miss,actual_near_miss,44,6,7,3,241,177,177988,5638611452894272,177988,7,prime_block_le_7,1,7,1.94591014906,1,0,1,7,0,,-10.1435612622,0,,,,none_visible,0.0536530253711,0.333333333333,-0.279680307962,existing_near_power_csv,local_obstruction_before_drift
rank44_Q7_random_root_sets,random_root_sets,44,6,7,3,241,177,177988,5638611452894272,177988,7,prime_block_le_7,1,7,1.94591014906,1,0,1,7,0,,-10.1435612622,0,,,,none_visible,0.0536530253711,0.333333333333,-0.279680307962,deterministic_seeded_random_sets_same_cardinality,local_obstruction_before_drift
rank44_Q7_exact_power_anchor,exact_power_anchor,44,6,7,3,241,177,177988,5638611452894272,177988,7,prime_block_le_7,1,7,1.94591014906,3,1.09861228867,0,0,76281,3 5 6 10 12 13 17 19 20 24 26 27,-11.2421735509,-10.1435668806,,,,constructed_exact_power_root,0.0536530253711,0.333333333333,-0.279680307962,C_from_near_power_row_as_positive_control,positive_control_survivor
rank45_Q7_actual_near_miss,actual_near_miss,45,5,6,3,182,141,20048,8057738350592,20048,7,prime_block_le_7,1,7,1.94591014906,3,1.09861228867,0,0,8592,1 2 4 8 9 11 15 16 18 22 23 25,-9.05858681675,-7.95997452808,,,,none_visible,0.0654799381875,0.333333333333,-0.267853395146,existing_near_power_csv,low_section_survivor_requires_anchor_audit
rank45_Q7_random_root_sets,random_root_sets,45,5,6,3,182,141,20048,8057738350592,20048,7,prime_block_le_7,1,7,1.94591014906,3,1.09861228867,0,0,8592,3 4 5 10 11 12 17 18 19 24 25 26,-9.05858681675,-7.95997452808,,,,none_visible,0.0654799381875,0.333333333333,-0.267853395146,deterministic_seeded_random_sets_same_cardinality,low_section_survivor_requires_anchor_audit
rank45_Q7_exact_power_anchor,exact_power_anchor,45,5,6,3,182,141,20048,8057738350592,20048,7,prime_block_le_7,1,7,1.94591014906,1,0,0,0,2864,7 14 21 28 35 42 49 56 63 70 77 84,-7.95997452808,-7.95997452808,,,,constructed_exact_power_root,0.0654799381875,0.333333333333,-0.267853395146,C_from_near_power_row_as_positive_control,positive_control_survivor
rank46_Q7_actual_near_miss,actual_near_miss,46,7,7,3,106,141,107961,1258347804744681,107961,7,prime_block_le_7,1,7,1.94591014906,1,0,1,7,0,,-9.64361518072,0,,,,none_visible,0.0559674963292,0.333333333333,-0.277365837004,existing_near_power_csv,local_obstruction_before_drift
rank46_Q7_random_root_sets,random_root_sets,46,7,7,3,106,141,107961,1258347804744681,107961,7,prime_block_le_7,1,7,1.94591014906,1,0,1,7,0,,-9.64361518072,0,,,,none_visible,0.0559674963292,0.333333333333,-0.277365837004,deterministic_seeded_random_sets_same_cardinality,local_obstruction_before_drift
rank46_Q7_exact_power_anchor,exact_power_anchor,46,7,7,3,106,141,107961,1258347804744681,107961,7,prime_block_le_7,1,7,1.94591014906,1,0,0,0,15423,7 14 21 28 35 42 49 56 63 70 77 84,-9.64361518072,-9.64361518072,,,,constructed_exact_power_root,0.0559674963292,0.333333333333,-0.277365837004,C_from_near_power_row_as_positive_control,positive_control_survivor
rank47_Q7_actual_near_miss,actual_near_miss,47,5,6,3,68,71,5060,129554216000,5060,7,prime_block_le_7,1,7,1.94591014906,1,0,1,7,0,,-6.58321161323,0,,,,none_visible,0.0760496490061,0.333333333333,-0.257283684327,existing_near_power_csv,local_obstruction_before_drift
rank47_Q7_random_root_sets,random_root_sets,47,5,6,3,68,71,5060,129554216000,5060,7,prime_block_le_7,1,7,1.94591014906,1,0,1,7,0,,-6.58321161323,0,,,,none_visible,0.0760496490061,0.333333333333,-0.257283684327,deterministic_seeded_random_sets_same_cardinality,local_obstruction_before_drift
rank47_Q7_exact_power_anchor,exact_power_anchor,47,5,6,3,68,71,5060,129554216000,5060,7,prime_block_le_7,1,7,1.94591014906,3,1.09861228867,0,0,2169,3 5 6 10 12 13 17 19 20 24 26 27,-7.68182390189,-6.58340922216,,,,constructed_exact_power_root,0.0760496490061,0.333333333333,-0.257283684327,C_from_near_power_row_as_positive_control,positive_control_survivor
rank48_Q7_actual_near_miss,actual_near_miss,48,5,7,3,187,103,49761,123216054498081,49761,7,prime_block_le_7,1,7,1.94591014906,3,1.09861228867,0,0,21327,1 2 4 8 9 11 15 16 18 22 23 25,-9.96768896329,-8.86911686593,,,,none_visible,0.0599757287667,0.333333333333,-0.273357604567,existing_near_power_csv,low_section_survivor_requires_anchor_audit
rank48_Q7_random_root_sets,random_root_sets,48,5,7,3,187,103,49761,123216054498081,49761,7,prime_block_le_7,1,7,1.94591014906,3,1.09861228867,0,0,21326,2 3 7 9 10 14 16 17 21 23 24 28,-9.96768896329,-8.86906997591,,,,none_visible,0.0599757287667,0.333333333333,-0.273357604567,deterministic_seeded_random_sets_same_cardinality,low_section_survivor_requires_anchor_audit
rank48_Q7_exact_power_anchor,exact_power_anchor,48,5,7,3,187,103,49761,123216054498081,49761,7,prime_block_le_7,1,7,1.94591014906,3,1.09861228867,0,0,21326,3 5 6 10 12 13 17 19 20 24 26 27,-9.96768896329,-8.86906997591,,,,constructed_exact_power_root,0.0599757287667,0.333333333333,-0.273357604567,C_from_near_power_row_as_positive_control,positive_control_survivor
rank49_Q7_actual_near_miss,actual_near_miss,49,7,7,3,154,171,184980,6329571721992000,184980,7,prime_block_le_7,1,7,1.94591014906,1,0,1,7,0,,-10.1820928411,0,,,,none_visible,0.053482565669,0.333333333333,-0.279850767664,existing_near_power_csv,local_obstruction_before_drift
rank49_Q7_random_root_sets,random_root_sets,49,7,7,3,154,171,184980,6329571721992000,184980,7,prime_block_le_7,1,7,1.94591014906,1,0,1,7,0,,-10.1820928411,0,,,,none_visible,0.053482565669,0.333333333333,-0.279850767664,deterministic_seeded_random_sets_same_cardinality,local_obstruction_before_drift
rank49_Q7_exact_power_anchor,exact_power_anchor,49,7,7,3,154,171,184980,6329571721992000,184980,7,prime_block_le_7,1,7,1.94591014906,3,1.09861228867,0,0,79277,3 5 6 10 12 13 17 19 20 24 26 27,-11.2807051297,-10.1820910391,,,,constructed_exact_power_root,0.053482565669,0.333333333333,-0.279850767664,C_from_near_power_row_as_positive_control,positive_control_survivor
rank50_Q7_actual_near_miss,actual_near_miss,50,7,7,4,149,204,11305,16333613199150625,11305,7,prime_block_le_7,3,105,4.65396035016,1,0,3,3,0,,-4.67904003455,0,,,,none_visible,0.124664099387,0.25,-0.125335900613,existing_near_power_csv,local_obstruction_before_drift
rank50_Q7_random_root_sets,random_root_sets,50,7,7,4,149,204,11305,16333613199150625,11305,7,prime_block_le_7,3,105,4.65396035016,1,0,3,3,0,,-4.67904003455,0,,,,none_visible,0.124664099387,0.25,-0.125335900613,deterministic_seeded_random_sets_same_cardinality,local_obstruction_before_drift
rank50_Q7_exact_power_anchor,exact_power_anchor,50,7,7,4,149,204,11305,16333613199150625,11305,7,prime_block_le_7,3,105,4.65396035016,2,0.69314718056,0,0,216,35 70 140 175 245 280 350 385 455 490 560 595,-5.37218721511,-4.68213122712,1.00022114109,1,1.00044228218,constructed_exact_power_root,0.124664099387,0.25,-0.125335900613,C_from_near_power_row_as_positive_control,positive_control_survivor
rank51_Q7_actual_near_miss,actual_near_miss,51,6,7,4,173,138,5595,979941981200625,5595,7,prime_block_le_7,3,105,4.65396035016,8,2.07944154168,1,7,0,,-6.05510981227,2.07944154168,1,1,1,none_visible,0.134825047366,0.25,-0.115174952634,existing_near_power_csv,local_obstruction_before_drift
rank51_Q7_random_root_sets,random_root_sets,51,6,7,4,173,138,5595,979941981200625,5595,7,prime_block_le_7,3,105,4.65396035016,8,2.07944154168,1,7,0,,-6.05510981227,2.07944154168,1,1,1,none_visible,0.134825047366,0.25,-0.115174952634,deterministic_seeded_random_sets_same_cardinality,local_obstruction_before_drift
rank51_Q7_exact_power_anchor,exact_power_anchor,51,6,7,4,173,138,5595,979941981200625,5595,7,prime_block_le_7,3,105,4.65396035016,2,0.69314718056,0,0,107,30 75 135 180 240 285 345 390 450 495 555 600,-4.66881545115,-3.9796816539,1.00044682752,1,1.00089365505,constructed_exact_power_root,0.134825047366,0.25,-0.115174952634,C_from_near_power_row_as_positive_control,positive_control_survivor
rank52_Q7_actual_near_miss,actual_near_miss,52,7,5,3,39,179,6847,320997007423,6847,7,prime_block_le_7,1,7,1.94591014906,3,1.09861228867,0,0,2934,3 5 6 10 12 13 17 19 20 24 26 27,-7.98426801873,-6.88550967003,,,,none_visible,0.073445267264,0.333333333333,-0.259888066069,existing_near_power_csv,low_section_survivor_requires_anchor_audit
rank52_Q7_random_root_sets,random_root_sets,52,7,5,3,39,179,6847,320997007423,6847,7,prime_block_le_7,1,7,1.94591014906,3,1.09861228867,0,0,2934,4 5 7 11 12 14 18 19 21 25 26 28,-7.98426801873,-6.88550967003,,,,none_visible,0.073445267264,0.333333333333,-0.259888066069,deterministic_seeded_random_sets_same_cardinality,low_section_survivor_requires_anchor_audit
rank52_Q7_exact_power_anchor,exact_power_anchor,52,7,5,3,39,179,6847,320997007423,6847,7,prime_block_le_7,1,7,1.94591014906,3,1.09861228867,0,0,2935,1 2 4 8 9 11 15 16 18 22 23 25,-7.98426801873,-6.88585044359,,,,constructed_exact_power_root,0.073445267264,0.333333333333,-0.259888066069,C_from_near_power_row_as_positive_control,positive_control_survivor
rank53_Q7_actual_near_miss,actual_near_miss,53,7,7,3,206,247,415692,71831510617053888,415692,7,prime_block_le_7,1,7,1.94591014906,1,0,1,7,0,,-10.9917897314,0,,,,none_visible,0.0501353967357,0.333333333333,-0.283197936598,existing_near_power_csv,local_obstruction_before_drift
rank53_Q7_random_root_sets,random_root_sets,53,7,7,3,206,247,415692,71831510617053888,415692,7,prime_block_le_7,1,7,1.94591014906,1,0,1,7,0,,-10.9917897314,0,,,,none_visible,0.0501353967357,0.333333333333,-0.283197936598,deterministic_seeded_random_sets_same_cardinality,local_obstruction_before_drift
rank53_Q7_exact_power_anchor,exact_power_anchor,53,7,7,3,206,247,415692,71831510617053888,415692,7,prime_block_le_7,1,7,1.94591014906,3,1.09861228867,0,0,178155,1 2 4 8 9 11 15 16 18 22 23 25,-12.09040202,-10.9917969482,,,,constructed_exact_power_root,0.0501353967357,0.333333333333,-0.283197936598,C_from_near_power_row_as_positive_control,positive_control_survivor
rank54_Q7_actual_near_miss,actual_near_miss,54,6,7,3,208,119,74824,418911964148224,74824,7,prime_block_le_7,1,7,1.94591014906,3,1.09861228867,0,0,32068,1 2 4 8 9 11 15 16 18 22 23 25,-10.3755961077,-9.27700163849,,,,none_visible,0.0577958517825,0.333333333333,-0.275537481551,existing_near_power_csv,low_section_survivor_requires_anchor_audit
rank54_Q7_random_root_sets,random_root_sets,54,6,7,3,208,119,74824,418911964148224,74824,7,prime_block_le_7,1,7,1.94591014906,3,1.09861228867,0,0,32067,3 6 7 10 13 14 17 20 21 24 27 28,-10.3755961077,-9.27697045427,,,,none_visible,0.0577958517825,0.333333333333,-0.275537481551,deterministic_seeded_random_sets_same_cardinality,low_section_survivor_requires_anchor_audit
rank54_Q7_exact_power_anchor,exact_power_anchor,54,6,7,3,208,119,74824,418911964148224,74824,7,prime_block_le_7,1,7,1.94591014906,3,1.09861228867,0,0,32068,1 2 4 8 9 11 15 16 18 22 23 25,-10.3755961077,-9.27700163849,,,,constructed_exact_power_root,0.0577958517825,0.333333333333,-0.275537481551,C_from_near_power_row_as_positive_control,positive_control_survivor
rank55_Q7_actual_near_miss,actual_near_miss,55,7,7,3,89,151,122409,1834171961263929,122409,7,prime_block_le_7,1,7,1.94591014906,1,0,1,7,0,,-9.76921302671,0,,,,none_visible,0.0553674687513,0.333333333333,-0.277965864582,existing_near_power_csv,local_obstruction_before_drift
rank55_Q7_random_root_sets,random_root_sets,55,7,7,3,89,151,122409,1834171961263929,122409,7,prime_block_le_7,1,7,1.94591014906,1,0,1,7,0,,-9.76921302671,0,,,,none_visible,0.0553674687513,0.333333333333,-0.277965864582,deterministic_seeded_random_sets_same_cardinality,local_obstruction_before_drift
rank55_Q7_exact_power_anchor,exact_power_anchor,55,7,7,3,89,151,122409,1834171961263929,122409,7,prime_block_le_7,1,7,1.94591014906,1,0,0,0,17487,7 14 21 28 35 42 49 56 63 70 77 84,-9.76921302671,-9.76921302671,,,,constructed_exact_power_root,0.0553674687513,0.333333333333,-0.277965864582,C_from_near_power_row_as_positive_control,positive_control_survivor
rank56_Q7_actual_near_miss,actual_near_miss,56,6,7,3,250,237,348272,42243090123419648,348272,7,prime_block_le_7,1,7,1.94591014906,1,0,0,0,49753,7 14 21 28 35 42 49 56 63 70 77 84,-10.8148289136,-10.8148260423,,,,none_visible,0.0508306543349,0.333333333333,-0.282502678998,existing_near_power_csv,low_section_survivor_requires_anchor_audit
rank56_Q7_random_root_sets,random_root_sets,56,6,7,3,250,237,348272,42243090123419648,348272,7,prime_block_le_7,1,7,1.94591014906,1,0,0,0,49753,7 14 21 28 35 42 49 56 63 70 77 84,-10.8148289136,-10.8148260423,,,,none_visible,0.0508306543349,0.333333333333,-0.282502678998,deterministic_seeded_random_sets_same_cardinality,low_section_survivor_requires_anchor_audit
rank56_Q7_exact_power_anchor,exact_power_anchor,56,6,7,3,250,237,348272,42243090123419648,348272,7,prime_block_le_7,1,7,1.94591014906,3,1.09861228867,0,0,149260,1 2 4 8 9 11 15 16 18 22 23 25,-11.9134412023,-10.814832742,,,,constructed_exact_power_root,0.0508306543349,0.333333333333,-0.282502678998,C_from_near_power_row_as_positive_control,positive_control_survivor
rank57_Q7_actual_near_miss,actual_near_miss,57,5,7,3,163,84,30942,29624098656888,30942,7,prime_block_le_7,1,7,1.94591014906,1,0,1,7,0,,-8.39395961422,0,,,,none_visible,0.0627316137632,0.333333333333,-0.27060171957,existing_near_power_csv,local_obstruction_before_drift
rank57_Q7_random_root_sets,random_root_sets,57,5,7,3,163,84,30942,29624098656888,30942,7,prime_block_le_7,1,7,1.94591014906,1,0,1,7,0,,-8.39395961422,0,,,,none_visible,0.0627316137632,0.333333333333,-0.27060171957,deterministic_seeded_random_sets_same_cardinality,local_obstruction_before_drift
rank57_Q7_exact_power_anchor,exact_power_anchor,57,5,7,3,163,84,30942,29624098656888,30942,7,prime_block_le_7,1,7,1.94591014906,3,1.09861228867,0,0,13262,1 2 4 8 9 11 15 16 18 22 23 25,-9.49257190289,-8.39404579326,,,,constructed_exact_power_root,0.0627316137632,0.333333333333,-0.27060171957,C_from_near_power_row_as_positive_control,positive_control_survivor
rank58_Q7_actual_near_miss,actual_near_miss,58,6,7,3,197,194,218283,10400632276871187,218283,7,prime_block_le_7,1,7,1.94591014906,3,1.09861228867,0,0,93549,3 5 6 10 12 13 17 19 20 24 26 27,-11.4462498046,-10.3476283535,,,,none_visible,0.0527623704748,0.333333333333,-0.280570962859,existing_near_power_csv,low_section_survivor_requires_anchor_audit
rank58_Q7_random_root_sets,random_root_sets,58,6,7,3,197,194,218283,10400632276871187,218283,7,prime_block_le_7,1,7,1.94591014906,3,1.09861228867,0,0,93550,1 3 5 8 10 12 15 17 19 22 24 26,-11.4462498046,-10.347639043,,,,none_visible,0.0527623704748,0.333333333333,-0.280570962859,deterministic_seeded_random_sets_same_cardinality,low_section_survivor_requires_anchor_audit
rank58_Q7_exact_power_anchor,exact_power_anchor,58,6,7,3,197,194,218283,10400632276871187,218283,7,prime_block_le_7,1,7,1.94591014906,3,1.09861228867,0,0,93551,1 2 4 8 9 11 15 16 18 22 23 25,-11.4462498046,-10.3476497324,,,,constructed_exact_power_root,0.0527623704748,0.333333333333,-0.280570962859,C_from_near_power_row_as_positive_control,positive_control_survivor
rank59_Q7_actual_near_miss,actual_near_miss,59,5,6,3,188,213,45407,93619955034143,45407,7,prime_block_le_7,1,7,1.94591014906,1,0,0,0,6486,7 14 21 28 35 42 49 56 63 70 77 84,-8.77751140811,-8.77740128687,,,,none_visible,0.0604878501599,0.333333333333,-0.272845483173,existing_near_power_csv,low_section_survivor_requires_anchor_audit
rank59_Q7_random_root_sets,random_root_sets,59,5,6,3,188,213,45407,93619955034143,45407,7,prime_block_le_7,1,7,1.94591014906,1,0,0,0,6486,6 13 20 27 34 41 48 55 62 69 76 83,-8.77751140811,-8.77740128687,,,,none_visible,0.0604878501599,0.333333333333,-0.272845483173,deterministic_seeded_random_sets_same_cardinality,low_section_survivor_requires_anchor_audit
rank59_Q7_exact_power_anchor,exact_power_anchor,59,5,6,3,188,213,45407,93619955034143,45407,7,prime_block_le_7,1,7,1.94591014906,3,1.09861228867,0,0,19460,3 5 6 10 12 13 17 19 20 24 26 27,-9.87612369678,-8.77750406707,,,,constructed_exact_power_root,0.0604878501599,0.333333333333,-0.272845483173,C_from_near_power_row_as_positive_control,positive_control_survivor
rank60_Q7_actual_near_miss,actual_near_miss,60,7,7,4,204,227,14626,45761713347855376,14626,7,prime_block_le_7,3,105,4.65396035016,2,0.69314718056,2,3,0,,-5.62974287623,0.69314718056,,,,none_visible,0.121316228379,0.25,-0.128683771621,existing_near_power_csv,local_obstruction_before_drift
rank60_Q7_random_root_sets,random_root_sets,60,7,7,4,204,227,14626,45761713347855376,14626,7,prime_block_le_7,3,105,4.65396035016,2,0.69314718056,2,3,0,,-5.62974287623,0.69314718056,,,,none_visible,0.121316228379,0.25,-0.128683771621,deterministic_seeded_random_sets_same_cardinality,local_obstruction_before_drift
rank60_Q7_exact_power_anchor,exact_power_anchor,60,7,7,4,204,227,14626,45761713347855376,14626,7,prime_block_le_7,3,105,4.65396035016,16,2.77258872224,0,0,2228,4 11 17 31 32 38 46 52 53 59 67 73,-7.70918441791,-4.93627087881,1.00001709285,0.999974360727,1.00005982497,constructed_exact_power_root,0.121316228379,0.25,-0.128683771621,C_from_near_power_row_as_positive_control,positive_control_survivor
rank61_Q7_actual_near_miss,actual_near_miss,61,6,7,3,185,188,202799,8340602569088399,202799,7,prime_block_le_7,1,7,1.94591014906,1,0,0,0,28971,7 14 21 28 35 42 49 56 63 70 77 84,-10.2740604707,-10.2740506086,,,,none_visible,0.0530800553076,0.333333333333,-0.280253278026,existing_near_power_csv,low_section_survivor_requires_anchor_audit
rank61_Q7_random_root_sets,random_root_sets,61,6,7,3,185,188,202799,8340602569088399,202799,7,prime_block_le_7,1,7,1.94591014906,1,0,0,0,28971,5 12 19 26 33 40 47 54 61 68 75 82,-10.2740604707,-10.2740506086,,,,none_visible,0.0530800553076,0.333333333333,-0.280253278026,deterministic_seeded_random_sets_same_cardinality,low_section_survivor_requires_anchor_audit
rank61_Q7_exact_power_anchor,exact_power_anchor,61,6,7,3,185,188,202799,8340602569088399,202799,7,prime_block_le_7,1,7,1.94591014906,3,1.09861228867,0,0,86915,1 2 4 8 9 11 15 16 18 22 23 25,-11.3726727593,-10.2740736199,,,,constructed_exact_power_root,0.0530800553076,0.333333333333,-0.280253278026,C_from_near_power_row_as_positive_control,positive_control_survivor
rank62_Q7_actual_near_miss,actual_near_miss,62,7,7,5,179,246,2271,60406777905120351,2271,7,prime_block_le_7,0,1,0,1,0,0,0,2271,1 2 3 4 5 6 7 8 9 10 11 12,-7.72797554211,-7.72797554211,,,,none_visible,0,0.2,-0.2,existing_near_power_csv,low_section_survivor_requires_anchor_audit
rank62_Q7_random_root_sets,random_root_sets,62,7,7,5,179,246,2271,60406777905120351,2271,7,prime_block_le_7,0,1,0,1,0,0,0,2271,1 2 3 4 5 6 7 8 9 10 11 12,-7.72797554211,-7.72797554211,,,,none_visible,0,0.2,-0.2,deterministic_seeded_random_sets_same_cardinality,low_section_survivor_requires_anchor_audit
rank62_Q7_exact_power_anchor,exact_power_anchor,62,7,7,5,179,246,2271,60406777905120351,2271,7,prime_block_le_7,0,1,0,1,0,0,0,2271,1 2 3 4 5 6 7 8 9 10 11 12,-7.72797554211,-7.72797554211,,,,constructed_exact_power_root,0,0.2,-0.2,C_from_near_power_row_as_positive_control,positive_control_survivor
rank63_Q7_actual_near_miss,actual_near_miss,63,7,7,3,108,217,283681,22829202875910241,283681,7,prime_block_le_7,1,7,1.94591014906,1,0,1,7,0,,-10.6096954973,0,,,,none_visible,0.0516611252869,0.333333333333,-0.281672208046,existing_near_power_csv,local_obstruction_before_drift
rank63_Q7_random_root_sets,random_root_sets,63,7,7,3,108,217,283681,22829202875910241,283681,7,prime_block_le_7,1,7,1.94591014906,1,0,1,7,0,,-10.6096954973,0,,,,none_visible,0.0516611252869,0.333333333333,-0.281672208046,deterministic_seeded_random_sets_same_cardinality,local_obstruction_before_drift
rank63_Q7_exact_power_anchor,exact_power_anchor,63,7,7,3,108,217,283681,22829202875910241,283681,7,prime_block_le_7,1,7,1.94591014906,3,1.09861228867,0,0,121578,3 5 6 10 12 13 17 19 20 24 26 27,-11.708307786,-10.6096990224,,,,constructed_exact_power_root,0.0516611252869,0.333333333333,-0.281672208046,C_from_near_power_row_as_positive_control,positive_control_survivor
rank64_Q7_actual_near_miss,actual_near_miss,64,6,7,4,240,179,8830,6079149367210000,8830,7,prime_block_le_7,3,105,4.65396035016,1,0,3,3,0,,-4.43194994344,0,,,,none_visible,0.128054322566,0.25,-0.121945677434,existing_near_power_csv,local_obstruction_before_drift
rank64_Q7_random_root_sets,random_root_sets,64,6,7,4,240,179,8830,6079149367210000,8830,7,prime_block_le_7,3,105,4.65396035016,1,0,3,3,0,,-4.43194994344,0,,,,none_visible,0.128054322566,0.25,-0.121945677434,deterministic_seeded_random_sets_same_cardinality,local_obstruction_before_drift
rank64_Q7_exact_power_anchor,exact_power_anchor,64,6,7,4,240,179,8830,6079149367210000,8830,7,prime_block_le_7,3,105,4.65396035016,4,1.38629436112,0,0,337,10 25 80 95 115 130 185 200 220 235 290 305,-5.81824430456,-4.43378856923,1.00070781427,1.00056625142,1.00084937712,constructed_exact_power_root,0.128054322566,0.25,-0.121945677434,C_from_near_power_row_as_positive_control,positive_control_survivor
rank65_Q7_actual_near_miss,actual_near_miss,65,7,7,3,100,169,159233,4037376327502337,159233,7,prime_block_le_7,1,7,1.94591014906,1,0,1,7,0,,-10.0322136683,0,,,,none_visible,0.0541517792138,0.333333333333,-0.27918155412,existing_near_power_csv,local_obstruction_before_drift
rank65_Q7_random_root_sets,random_root_sets,65,7,7,3,100,169,159233,4037376327502337,159233,7,prime_block_le_7,1,7,1.94591014906,1,0,1,7,0,,-10.0322136683,0,,,,none_visible,0.0541517792138,0.333333333333,-0.27918155412,deterministic_seeded_random_sets_same_cardinality,local_obstruction_before_drift
rank65_Q7_exact_power_anchor,exact_power_anchor,65,7,7,3,100,169,159233,4037376327502337,159233,7,prime_block_le_7,1,7,1.94591014906,3,1.09861228867,0,0,68244,1 2 4 8 9 11 15 16 18 22 23 25,-11.130825957,-10.0322325084,,,,constructed_exact_power_root,0.0541517792138,0.333333333333,-0.27918155412,C_from_near_power_row_as_positive_control,positive_control_survivor
rank66_Q7_actual_near_miss,actual_near_miss,66,6,7,3,160,199,231306,12375441316400616,231306,7,prime_block_le_7,1,7,1.94591014906,1,0,1,7,0,,-10.4055866392,0,,,,none_visible,0.0525148269455,0.333333333333,-0.280818506388,existing_near_power_csv,local_obstruction_before_drift
rank66_Q7_random_root_sets,random_root_sets,66,6,7,3,160,199,231306,12375441316400616,231306,7,prime_block_le_7,1,7,1.94591014906,1,0,1,7,0,,-10.4055866392,0,,,,none_visible,0.0525148269455,0.333333333333,-0.280818506388,deterministic_seeded_random_sets_same_cardinality,local_obstruction_before_drift
rank66_Q7_exact_power_anchor,exact_power_anchor,66,6,7,3,160,199,231306,12375441316400616,231306,7,prime_block_le_7,1,7,1.94591014906,3,1.09861228867,0,0,99131,3 5 6 10 12 13 17 19 20 24 26 27,-11.5041989278,-10.4055851981,,,,constructed_exact_power_root,0.0525148269455,0.333333333333,-0.280818506388,C_from_near_power_row_as_positive_control,positive_control_survivor
rank67_Q7_actual_near_miss,actual_near_miss,67,6,6,3,91,248,61554,233221637659464,61554,7,prime_block_le_7,1,7,1.94591014906,3,1.09861228867,0,0,26381,1 2 4 8 9 11 15 16 18 22 23 25,-10.1803722569,-9.08178704439,,,,none_visible,0.0588190170228,0.333333333333,-0.274514316311,existing_near_power_csv,low_section_survivor_requires_anchor_audit
rank67_Q7_random_root_sets,random_root_sets,67,6,6,3,91,248,61554,233221637659464,61554,7,prime_block_le_7,1,7,1.94591014906,3,1.09861228867,0,0,26380,2 4 5 9 11 12 16 18 19 23 25 26,-10.1803722569,-9.0817491376,,,,none_visible,0.0588190170228,0.333333333333,-0.274514316311,deterministic_seeded_random_sets_same_cardinality,low_section_survivor_requires_anchor_audit
rank67_Q7_exact_power_anchor,exact_power_anchor,67,6,6,3,91,248,61554,233221637659464,61554,7,prime_block_le_7,1,7,1.94591014906,3,1.09861228867,0,0,26380,3 5 6 10 12 13 17 19 20 24 26 27,-10.1803722569,-9.0817491376,,,,constructed_exact_power_root,0.0588190170228,0.333333333333,-0.274514316311,C_from_near_power_row_as_positive_control,positive_control_survivor
rank68_Q7_actual_near_miss,actual_near_miss,68,7,7,3,118,249,390757,59665090001128093,390757,7,prime_block_le_7,1,7,1.94591014906,1,0,1,7,0,,-10.9299310133,0,,,,none_visible,0.0503762595524,0.333333333333,-0.282957073781,existing_near_power_csv,local_obstruction_before_drift
rank68_Q7_random_root_sets,random_root_sets,68,7,7,3,118,249,390757,59665090001128093,390757,7,prime_block_le_7,1,7,1.94591014906,1,0,1,7,0,,-10.9299310133,0,,,,none_visible,0.0503762595524,0.333333333333,-0.282957073781,deterministic_seeded_random_sets_same_cardinality,local_obstruction_before_drift
rank68_Q7_exact_power_anchor,exact_power_anchor,68,7,7,3,118,249,390757,59665090001128093,390757,7,prime_block_le_7,1,7,1.94591014906,3,1.09861228867,0,0,167467,3 5 6 10 12 13 17 19 20 24 26 27,-12.028543302,-10.9299293072,,,,constructed_exact_power_root,0.0503762595524,0.333333333333,-0.282957073781,C_from_near_power_row_as_positive_control,positive_control_survivor
rank69_Q7_actual_near_miss,actual_near_miss,69,7,7,3,71,177,176000,5451776000000000,176000,7,prime_block_le_7,1,7,1.94591014906,1,0,1,7,0,,-10.132329125,0,,,,none_visible,0.0537029199071,0.333333333333,-0.279630413426,existing_near_power_csv,local_obstruction_before_drift
rank69_Q7_random_root_sets,random_root_sets,69,7,7,3,71,177,176000,5451776000000000,176000,7,prime_block_le_7,1,7,1.94591014906,1,0,1,7,0,,-10.132329125,0,,,,none_visible,0.0537029199071,0.333333333333,-0.279630413426,deterministic_seeded_random_sets_same_cardinality,local_obstruction_before_drift
rank69_Q7_exact_power_anchor,exact_power_anchor,69,7,7,3,71,177,176000,5451776000000000,176000,7,prime_block_le_7,1,7,1.94591014906,3,1.09861228867,0,0,75429,3 5 6 10 12 13 17 19 20 24 26 27,-11.2309414136,-10.1323348068,,,,constructed_exact_power_root,0.0537029199071,0.333333333333,-0.279630413426,C_from_near_power_row_as_positive_control,positive_control_survivor
rank70_Q7_actual_near_miss,actual_near_miss,70,4,6,3,188,101,10205,1062769365125,10205,7,prime_block_le_7,1,7,1.94591014906,1,0,1,7,0,,-7.28472292619,0,,,,none_visible,0.0702700141003,0.333333333333,-0.263063319233,existing_near_power_csv,local_obstruction_before_drift
rank70_Q7_random_root_sets,random_root_sets,70,4,6,3,188,101,10205,1062769365125,10205,7,prime_block_le_7,1,7,1.94591014906,1,0,1,7,0,,-7.28472292619,0,,,,none_visible,0.0702700141003,0.333333333333,-0.263063319233,deterministic_seeded_random_sets_same_cardinality,local_obstruction_before_drift
rank70_Q7_exact_power_anchor,exact_power_anchor,70,4,6,3,188,101,10205,1062769365125,10205,7,prime_block_le_7,1,7,1.94591014906,3,1.09861228867,0,0,4374,3 5 6 10 12 13 17 19 20 24 26 27,-8.38333521486,-7.28482091257,,,,constructed_exact_power_root,0.0702700141003,0.333333333333,-0.263063319233,C_from_near_power_row_as_positive_control,positive_control_survivor
rank71_Q7_actual_near_miss,actual_near_miss,71,7,7,3,203,206,310545,29948399895128625,310545,7,prime_block_le_7,1,7,1.94591014906,1,0,1,7,0,,-10.7001739483,0,,,,none_visible,0.0512915074229,0.333333333333,-0.28204182591,existing_near_power_csv,local_obstruction_before_drift
rank71_Q7_random_root_sets,random_root_sets,71,7,7,3,203,206,310545,29948399895128625,310545,7,prime_block_le_7,1,7,1.94591014906,1,0,1,7,0,,-10.7001739483,0,,,,none_visible,0.0512915074229,0.333333333333,-0.28204182591,deterministic_seeded_random_sets_same_cardinality,local_obstruction_before_drift
rank71_Q7_exact_power_anchor,exact_power_anchor,71,7,7,3,203,206,310545,29948399895128625,310545,7,prime_block_le_7,1,7,1.94591014906,3,1.09861228867,0,0,133092,1 2 4 8 9 11 15 16 18 22 23 25,-11.798786237,-10.7001836087,,,,constructed_exact_power_root,0.0512915074229,0.333333333333,-0.28204182591,C_from_near_power_row_as_positive_control,positive_control_survivor
rank72_Q7_actual_near_miss,actual_near_miss,72,6,7,3,241,205,248854,15411108481939864,248854,7,prime_block_le_7,1,7,1.94591014906,1,0,1,7,0,,-10.478711509,0,,,,none_visible,0.0522057519497,0.333333333333,-0.281127581384,existing_near_power_csv,local_obstruction_before_drift
rank72_Q7_random_root_sets,random_root_sets,72,6,7,3,241,205,248854,15411108481939864,248854,7,prime_block_le_7,1,7,1.94591014906,1,0,1,7,0,,-10.478711509,0,,,,none_visible,0.0522057519497,0.333333333333,-0.281127581384,deterministic_seeded_random_sets_same_cardinality,local_obstruction_before_drift
rank72_Q7_exact_power_anchor,exact_power_anchor,72,6,7,3,241,205,248854,15411108481939864,248854,7,prime_block_le_7,1,7,1.94591014906,3,1.09861228867,0,0,106653,1 2 4 8 9 11 15 16 18 22 23 25,-11.5773237977,-10.4787235642,,,,constructed_exact_power_root,0.0522057519497,0.333333333333,-0.281127581384,C_from_near_power_row_as_positive_control,positive_control_survivor
rank73_Q7_actual_near_miss,actual_near_miss,73,5,6,3,191,206,42483,76673543092587,42483,7,prime_block_le_7,1,7,1.94591014906,1,0,1,7,0,,-8.71094912584,0,,,,none_visible,0.0608656546568,0.333333333333,-0.272467678677,existing_near_power_csv,local_obstruction_before_drift
rank73_Q7_random_root_sets,random_root_sets,73,5,6,3,191,206,42483,76673543092587,42483,7,prime_block_le_7,1,7,1.94591014906,1,0,1,7,0,,-8.71094912584,0,,,,none_visible,0.0608656546568,0.333333333333,-0.272467678677,deterministic_seeded_random_sets_same_cardinality,local_obstruction_before_drift
rank73_Q7_exact_power_anchor,exact_power_anchor,73,5,6,3,191,206,42483,76673543092587,42483,7,prime_block_le_7,1,7,1.94591014906,1,0,0,0,6069,7 14 21 28 35 42 49 56 63 70 77 84,-8.71094912584,-8.71094912584,,,,constructed_exact_power_root,0.0608656546568,0.333333333333,-0.272467678677,C_from_near_power_row_as_positive_control,positive_control_survivor
rank74_Q7_actual_near_miss,actual_near_miss,74,7,7,3,92,171,163005,4331145547225125,163005,7,prime_block_le_7,1,7,1.94591014906,1,0,1,7,0,,-10.0556260051,0,,,,none_visible,0.0540461410956,0.333333333333,-0.279287192238,existing_near_power_csv,local_obstruction_before_drift
rank74_Q7_random_root_sets,random_root_sets,74,7,7,3,92,171,163005,4331145547225125,163005,7,prime_block_le_7,1,7,1.94591014906,1,0,1,7,0,,-10.0556260051,0,,,,none_visible,0.0540461410956,0.333333333333,-0.279287192238,deterministic_seeded_random_sets_same_cardinality,local_obstruction_before_drift
rank74_Q7_exact_power_anchor,exact_power_anchor,74,7,7,3,92,171,163005,4331145547225125,163005,7,prime_block_le_7,1,7,1.94591014906,3,1.09861228867,0,0,69859,3 5 6 10 12 13 17 19 20 24 26 27,-11.1542382938,-10.0556219152,,,,constructed_exact_power_root,0.0540461410956,0.333333333333,-0.279287192238,C_from_near_power_row_as_positive_control,positive_control_survivor
rank75_Q7_actual_near_miss,actual_near_miss,75,6,6,3,187,190,44782,89807055379768,44782,7,prime_block_le_7,1,7,1.94591014906,1,0,1,7,0,,-8.7636514029,0,,,,none_visible,0.0605661317884,0.333333333333,-0.272767201545,existing_near_power_csv,local_obstruction_before_drift
rank75_Q7_random_root_sets,random_root_sets,75,6,6,3,187,190,44782,89807055379768,44782,7,prime_block_le_7,1,7,1.94591014906,1,0,1,7,0,,-8.7636514029,0,,,,none_visible,0.0605661317884,0.333333333333,-0.272767201545,deterministic_seeded_random_sets_same_cardinality,local_obstruction_before_drift
rank75_Q7_exact_power_anchor,exact_power_anchor,75,6,6,3,187,190,44782,89807055379768,44782,7,prime_block_le_7,1,7,1.94591014906,3,1.09861228867,0,0,19192,3 5 6 10 12 13 17 19 20 24 26 27,-9.86226369156,-8.76363651585,,,,constructed_exact_power_root,0.0605661317884,0.333333333333,-0.272767201545,C_from_near_power_row_as_positive_control,positive_control_survivor
rank76_Q7_actual_near_miss,actual_near_miss,76,7,7,3,127,210,264687,18543761579690703,264687,7,prime_block_le_7,1,7,1.94591014906,3,1.09861228867,0,0,113438,1 2 4 8 9 11 15 16 18 22 23 25,-11.6390054144,-10.5403994225,,,,none_visible,0.0519478585516,0.333333333333,-0.281385474782,existing_near_power_csv,low_section_survivor_requires_anchor_audit
rank76_Q7_random_root_sets,random_root_sets,76,7,7,3,127,210,264687,18543761579690703,264687,7,prime_block_le_7,1,7,1.94591014906,3,1.09861228867,0,0,113437,2 5 7 9 12 14 16 19 21 23 26 28,-11.6390054144,-10.540390607,,,,none_visible,0.0519478585516,0.333333333333,-0.281385474782,deterministic_seeded_random_sets_same_cardinality,low_section_survivor_requires_anchor_audit
rank76_Q7_exact_power_anchor,exact_power_anchor,76,7,7,3,127,210,264687,18543761579690703,264687,7,prime_block_le_7,1,7,1.94591014906,3,1.09861228867,0,0,113437,3 5 6 10 12 13 17 19 20 24 26 27,-11.6390054144,-10.540390607,,,,constructed_exact_power_root,0.0519478585516,0.333333333333,-0.281385474782,C_from_near_power_row_as_positive_control,positive_control_survivor
rank77_Q7_actual_near_miss,actual_near_miss,77,7,7,3,89,206,250859,15786616544589779,250859,7,prime_block_le_7,1,7,1.94591014906,3,1.09861228867,0,0,107511,1 2 4 8 9 11 15 16 18 22 23 25,-11.5853484469,-10.4867361582,,,,none_visible,0.0521720557571,0.333333333333,-0.281161277576,existing_near_power_csv,low_section_survivor_requires_anchor_audit
rank77_Q7_random_root_sets,random_root_sets,77,7,7,3,89,206,250859,15786616544589779,250859,7,prime_block_le_7,1,7,1.94591014906,3,1.09861228867,0,0,107511,1 3 7 8 10 14 15 17 21 22 24 28,-11.5853484469,-10.4867361582,,,,none_visible,0.0521720557571,0.333333333333,-0.281161277576,deterministic_seeded_random_sets_same_cardinality,low_section_survivor_requires_anchor_audit
rank77_Q7_exact_power_anchor,exact_power_anchor,77,7,7,3,89,206,250859,15786616544589779,250859,7,prime_block_le_7,1,7,1.94591014906,1,0,0,0,35837,7 14 21 28 35 42 49 56 63 70 77 84,-10.4867361582,-10.4867361582,,,,constructed_exact_power_root,0.0521720557571,0.333333333333,-0.281161277576,C_from_near_power_row_as_positive_control,positive_control_survivor
rank78_Q7_actual_near_miss,actual_near_miss,78,6,7,3,199,145,112128,1409750403121152,112128,7,prime_block_le_7,1,7,1.94591014906,3,1.09861228867,0,0,48054,3 5 6 10 12 13 17 19 20 24 26 27,-10.7800984945,-9.68146836888,,,,none_visible,0.055785207329,0.333333333333,-0.277548126004,existing_near_power_csv,low_section_survivor_requires_anchor_audit
rank78_Q7_random_root_sets,random_root_sets,78,6,7,3,199,145,112128,1409750403121152,112128,7,prime_block_le_7,1,7,1.94591014906,3,1.09861228867,0,0,48056,1 2 5 8 9 12 15 16 19 22 23 26,-10.7800984945,-9.68150998786,,,,none_visible,0.055785207329,0.333333333333,-0.277548126004,deterministic_seeded_random_sets_same_cardinality,low_section_survivor_requires_anchor_audit
rank78_Q7_exact_power_anchor,exact_power_anchor,78,6,7,3,199,145,112128,1409750403121152,112128,7,prime_block_le_7,1,7,1.94591014906,3,1.09861228867,0,0,48056,1 2 4 8 9 11 15 16 18 22 23 25,-10.7800984945,-9.68150998786,,,,constructed_exact_power_root,0.055785207329,0.333333333333,-0.277548126004,C_from_near_power_row_as_positive_control,positive_control_survivor
rank79_Q7_actual_near_miss,actual_near_miss,79,5,6,3,143,168,28249,22542871522249,28249,7,prime_block_le_7,1,7,1.94591014906,1,0,1,7,0,,-8.30290318866,0,,,,none_visible,0.0632889579484,0.333333333333,-0.270044375385,existing_near_power_csv,local_obstruction_before_drift
rank79_Q7_random_root_sets,random_root_sets,79,5,6,3,143,168,28249,22542871522249,28249,7,prime_block_le_7,1,7,1.94591014906,1,0,1,7,0,,-8.30290318866,0,,,,none_visible,0.0632889579484,0.333333333333,-0.270044375385,deterministic_seeded_random_sets_same_cardinality,local_obstruction_before_drift
rank79_Q7_exact_power_anchor,exact_power_anchor,79,5,6,3,143,168,28249,22542871522249,28249,7,prime_block_le_7,1,7,1.94591014906,3,1.09861228867,0,0,12108,1 2 4 8 9 11 15 16 18 22 23 25,-9.40151547733,-8.30300938147,,,,constructed_exact_power_root,0.0632889579484,0.333333333333,-0.270044375385,C_from_near_power_row_as_positive_control,positive_control_survivor
rank80_Q7_actual_near_miss,actual_near_miss,80,6,7,4,220,103,3921,236367286326081,3921,7,prime_block_le_7,3,105,4.65396035016,1,0,3,3,0,,-3.62014165213,0,,,,none_visible,0.140618291534,0.25,-0.109381708466,existing_near_power_csv,local_obstruction_before_drift
rank80_Q7_random_root_sets,random_root_sets,80,6,7,4,220,103,3921,236367286326081,3921,7,prime_block_le_7,3,105,4.65396035016,1,0,3,3,0,,-3.62014165213,0,,,,none_visible,0.140618291534,0.25,-0.109381708466,deterministic_seeded_random_sets_same_cardinality,local_obstruction_before_drift
rank80_Q7_exact_power_anchor,exact_power_anchor,80,6,7,4,220,103,3921,236367286326081,3921,7,prime_block_le_7,3,105,4.65396035016,8,2.07944154168,0,0,299,6 27 36 48 57 69 78 99 111 132 141 153,-5.69958319381,-3.62100203171,1.00062165264,1.00038255547,1.00086074981,constructed_exact_power_root,0.140618291534,0.25,-0.109381708466,C_from_near_power_row_as_positive_control,positive_control_survivor
rank81_Q7_actual_near_miss,actual_near_miss,81,7,7,3,184,185,244169,14556989663478809,244169,7,prime_block_le_7,1,7,1.94591014906,1,0,1,7,0,,-10.4597057384,0,,,,none_visible,0.0522857327065,0.333333333333,-0.281047600627,existing_near_power_csv,local_obstruction_before_drift
rank81_Q7_random_root_sets,random_root_sets,81,7,7,3,184,185,244169,14556989663478809,244169,7,prime_block_le_7,1,7,1.94591014906,1,0,1,7,0,,-10.4597057384,0,,,,none_visible,0.0522857327065,0.333333333333,-0.281047600627,deterministic_seeded_random_sets_same_cardinality,local_obstruction_before_drift
rank81_Q7_exact_power_anchor,exact_power_anchor,81,7,7,3,184,185,244169,14556989663478809,244169,7,prime_block_le_7,1,7,1.94591014906,3,1.09861228867,0,0,104645,1 2 4 8 9 11 15 16 18 22 23 25,-11.5583180271,-10.4597166598,,,,constructed_exact_power_root,0.0522857327065,0.333333333333,-0.281047600627,C_from_near_power_row_as_positive_control,positive_control_survivor
rank82_Q7_actual_near_miss,actual_near_miss,82,7,7,3,124,215,278867,21686595244340363,278867,7,prime_block_le_7,1,7,1.94591014906,1,0,1,7,0,,-10.5925800956,0,,,,none_visible,0.0517316442168,0.333333333333,-0.281601689116,existing_near_power_csv,local_obstruction_before_drift
rank82_Q7_random_root_sets,random_root_sets,82,7,7,3,124,215,278867,21686595244340363,278867,7,prime_block_le_7,1,7,1.94591014906,1,0,1,7,0,,-10.5925800956,0,,,,none_visible,0.0517316442168,0.333333333333,-0.281601689116,deterministic_seeded_random_sets_same_cardinality,local_obstruction_before_drift
rank82_Q7_exact_power_anchor,exact_power_anchor,82,7,7,3,124,215,278867,21686595244340363,278867,7,prime_block_le_7,1,7,1.94591014906,3,1.09861228867,0,0,119515,1 2 4 8 9 11 15 16 18 22 23 25,-11.6911923842,-10.5925848768,,,,constructed_exact_power_root,0.0517316442168,0.333333333333,-0.281601689116,C_from_near_power_row_as_positive_control,positive_control_survivor
rank83_Q7_actual_near_miss,actual_near_miss,83,6,6,3,97,250,62571,244973601795411,62571,7,prime_block_le_7,1,7,1.94591014906,1,0,1,7,0,,-9.09814704191,0,,,,none_visible,0.0587317418894,0.333333333333,-0.274601591444,existing_near_power_csv,local_obstruction_before_drift
rank83_Q7_random_root_sets,random_root_sets,83,6,6,3,97,250,62571,244973601795411,62571,7,prime_block_le_7,1,7,1.94591014906,1,0,1,7,0,,-9.09814704191,0,,,,none_visible,0.0587317418894,0.333333333333,-0.274601591444,deterministic_seeded_random_sets_same_cardinality,local_obstruction_before_drift
rank83_Q7_exact_power_anchor,exact_power_anchor,83,6,6,3,97,250,62571,244973601795411,62571,7,prime_block_le_7,1,7,1.94591014906,3,1.09861228867,0,0,26816,3 5 6 10 12 13 17 19 20 24 26 27,-10.1967593306,-9.09814171461,,,,constructed_exact_power_root,0.0587317418894,0.333333333333,-0.274601591444,C_from_near_power_row_as_positive_control,positive_control_survivor
rank84_Q7_actual_near_miss,actual_near_miss,84,6,7,3,223,227,314750,31181515296875000,314750,7,prime_block_le_7,1,7,1.94591014906,1,0,1,7,0,,-10.7136238029,0,,,,none_visible,0.0512370138439,0.333333333333,-0.282096319489,existing_near_power_csv,local_obstruction_before_drift
rank84_Q7_random_root_sets,random_root_sets,84,6,7,3,223,227,314750,31181515296875000,314750,7,prime_block_le_7,1,7,1.94591014906,1,0,1,7,0,,-10.7136238029,0,,,,none_visible,0.0512370138439,0.333333333333,-0.282096319489,deterministic_seeded_random_sets_same_cardinality,local_obstruction_before_drift
rank84_Q7_exact_power_anchor,exact_power_anchor,84,6,7,3,223,227,314750,31181515296875000,314750,7,prime_block_le_7,1,7,1.94591014906,3,1.09861228867,0,0,134894,1 2 4 8 9 11 15 16 18 22 23 25,-11.8122360915,-10.7136322751,,,,constructed_exact_power_root,0.0512370138439,0.333333333333,-0.282096319489,C_from_near_power_row_as_positive_control,positive_control_survivor
rank85_Q7_actual_near_miss,actual_near_miss,85,7,7,3,97,241,361649,47300072421042449,361649,7,prime_block_le_7,1,7,1.94591014906,1,0,1,7,0,,-10.8525192581,0,,,,none_visible,0.050680962149,0.333333333333,-0.282652371184,existing_near_power_csv,local_obstruction_before_drift
rank85_Q7_random_root_sets,random_root_sets,85,7,7,3,97,241,361649,47300072421042449,361649,7,prime_block_le_7,1,7,1.94591014906,1,0,1,7,0,,-10.8525192581,0,,,,none_visible,0.050680962149,0.333333333333,-0.282652371184,deterministic_seeded_random_sets_same_cardinality,local_obstruction_before_drift
rank85_Q7_exact_power_anchor,exact_power_anchor,85,7,7,3,97,241,361649,47300072421042449,361649,7,prime_block_le_7,1,7,1.94591014906,3,1.09861228867,0,0,154993,1 2 4 8 9 11 15 16 18 22 23 25,-11.9511315468,-10.8525229449,,,,constructed_exact_power_root,0.050680962149,0.333333333333,-0.282652371184,C_from_near_power_row_as_positive_control,positive_control_survivor
rank86_Q7_actual_near_miss,actual_near_miss,86,7,7,3,183,202,274114,20596510676193544,274114,7,prime_block_le_7,1,7,1.94591014906,1,0,0,0,39159,7 14 21 28 35 42 49 56 63 70 77 84,-10.5753892082,-10.5753855601,,,,none_visible,0.0518026682252,0.333333333333,-0.281530665108,existing_near_power_csv,low_section_survivor_requires_anchor_audit
rank86_Q7_random_root_sets,random_root_sets,86,7,7,3,183,202,274114,20596510676193544,274114,7,prime_block_le_7,1,7,1.94591014906,1,0,0,0,39159,3 10 17 24 31 38 45 52 59 66 73 80,-10.5753892082,-10.5753855601,,,,none_visible,0.0518026682252,0.333333333333,-0.281530665108,deterministic_seeded_random_sets_same_cardinality,low_section_survivor_requires_anchor_audit
rank86_Q7_exact_power_anchor,exact_power_anchor,86,7,7,3,183,202,274114,20596510676193544,274114,7,prime_block_le_7,1,7,1.94591014906,3,1.09861228867,0,0,117478,1 2 4 8 9 11 15 16 18 22 23 25,-11.6740014968,-10.5753940723,,,,constructed_exact_power_root,0.0518026682252,0.333333333333,-0.281530665108,C_from_near_power_row_as_positive_control,positive_control_survivor
rank87_Q7_actual_near_miss,actual_near_miss,87,6,6,3,106,207,43105,80090858382625,43105,7,prime_block_le_7,1,7,1.94591014906,1,0,1,7,0,,-8.72548412959,0,,,,none_visible,0.0607827524141,0.333333333333,-0.272550580919,existing_near_power_csv,local_obstruction_before_drift
rank87_Q7_random_root_sets,random_root_sets,87,6,6,3,106,207,43105,80090858382625,43105,7,prime_block_le_7,1,7,1.94591014906,1,0,1,7,0,,-8.72548412959,0,,,,none_visible,0.0607827524141,0.333333333333,-0.272550580919,deterministic_seeded_random_sets_same_cardinality,local_obstruction_before_drift
rank87_Q7_exact_power_anchor,exact_power_anchor,87,6,6,3,106,207,43105,80090858382625,43105,7,prime_block_le_7,1,7,1.94591014906,3,1.09861228867,0,0,18474,3 5 6 10 12 13 17 19 20 24 26 27,-9.82409641826,-8.72550732848,,,,constructed_exact_power_root,0.0607827524141,0.333333333333,-0.272550580919,C_from_near_power_row_as_positive_control,positive_control_survivor
rank88_Q7_actual_near_miss,actual_near_miss,88,4,5,3,121,76,1401,2749884201,1401,7,prime_block_le_7,1,7,1.94591014906,3,1.09861228867,0,0,601,1 2 4 8 9 11 15 16 18 22 23 25,-6.39764368595,-5.29998264587,,,,none_visible,0.0895295996804,0.333333333333,-0.243803733653,existing_near_power_csv,low_section_survivor_requires_anchor_audit
rank88_Q7_random_root_sets,random_root_sets,88,4,5,3,121,76,1401,2749884201,1401,7,prime_block_le_7,1,7,1.94591014906,3,1.09861228867,0,0,600,3 5 7 10 12 14 17 19 21 24 26 28,-6.39764368595,-5.29831736655,,,,none_visible,0.0895295996804,0.333333333333,-0.243803733653,deterministic_seeded_random_sets_same_cardinality,low_section_survivor_requires_anchor_audit
rank88_Q7_exact_power_anchor,exact_power_anchor,88,4,5,3,121,76,1401,2749884201,1401,7,prime_block_le_7,1,7,1.94591014906,3,1.09861228867,0,0,601,1 2 4 8 9 11 15 16 18 22 23 25,-6.39764368595,-5.29998264587,,,,constructed_exact_power_root,0.0895295996804,0.333333333333,-0.243803733653,C_from_near_power_row_as_positive_control,positive_control_survivor
rank89_Q7_actual_near_miss,actual_near_miss,89,7,7,4,121,246,15307,54898481099454001,15307,7,prime_block_le_7,3,105,4.65396035016,2,0.69314718056,2,5,0,,-5.67525234949,0.69314718056,,,,none_visible,0.120743272784,0.25,-0.129256727216,existing_near_power_csv,local_obstruction_before_drift
rank89_Q7_random_root_sets,random_root_sets,89,7,7,4,121,246,15307,54898481099454001,15307,7,prime_block_le_7,3,105,4.65396035016,2,0.69314718056,2,5,0,,-5.67525234949,0.69314718056,,,,none_visible,0.120743272784,0.25,-0.129256727216,deterministic_seeded_random_sets_same_cardinality,local_obstruction_before_drift
rank89_Q7_exact_power_anchor,exact_power_anchor,89,7,7,4,121,246,15307,54898481099454001,15307,7,prime_block_le_7,3,105,4.65396035016,16,2.77258872224,0,0,2333,2 16 19 23 26 37 44 47 58 61 68 79,-7.75469389117,-4.98232154978,1.00005308029,1.00003266479,1.00007349579,constructed_exact_power_root,0.120743272784,0.25,-0.129256727216,C_from_near_power_row_as_positive_control,positive_control_survivor
rank90_Q7_actual_near_miss,actual_near_miss,90,7,7,3,158,193,231663,12432830941751247,231663,7,prime_block_le_7,1,7,1.94591014906,3,1.09861228867,0,0,99285,1 2 4 8 9 11 15 16 18 22 23 25,-11.505741148,-10.4071374926,,,,none_visible,0.0525082707105,0.333333333333,-0.280825062623,existing_near_power_csv,low_section_survivor_requires_anchor_audit
rank90_Q7_random_root_sets,random_root_sets,90,7,7,3,158,193,231663,12432830941751247,231663,7,prime_block_le_7,1,7,1.94591014906,3,1.09861228867,0,0,99283,3 6 7 10 13 14 17 20 21 24 27 28,-11.505741148,-10.4071173483,,,,none_visible,0.0525082707105,0.333333333333,-0.280825062623,deterministic_seeded_random_sets_same_cardinality,low_section_survivor_requires_anchor_audit
rank90_Q7_exact_power_anchor,exact_power_anchor,90,7,7,3,158,193,231663,12432830941751247,231663,7,prime_block_le_7,1,7,1.94591014906,3,1.09861228867,0,0,99284,3 5 6 10 12 13 17 19 20 24 26 27,-11.505741148,-10.4071274205,,,,constructed_exact_power_root,0.0525082707105,0.333333333333,-0.280825062623,C_from_near_power_row_as_positive_control,positive_control_survivor
rank91_Q7_actual_near_miss,actual_near_miss,91,6,7,3,214,151,123551,1885987433053151,123551,7,prime_block_le_7,1,7,1.94591014906,1,0,1,7,0,,-9.77849915622,0,,,,none_visible,0.0553236158397,0.333333333333,-0.278009717494,existing_near_power_csv,local_obstruction_before_drift
rank91_Q7_random_root_sets,random_root_sets,91,6,7,3,214,151,123551,1885987433053151,123551,7,prime_block_le_7,1,7,1.94591014906,1,0,1,7,0,,-9.77849915622,0,,,,none_visible,0.0553236158397,0.333333333333,-0.278009717494,deterministic_seeded_random_sets_same_cardinality,local_obstruction_before_drift
rank91_Q7_exact_power_anchor,exact_power_anchor,91,6,7,3,214,151,123551,1885987433053151,123551,7,prime_block_le_7,1,7,1.94591014906,3,1.09861228867,0,0,52951,1 2 4 8 9 11 15 16 18 22 23 25,-10.8771114449,-9.77850994792,,,,constructed_exact_power_root,0.0553236158397,0.333333333333,-0.278009717494,C_from_near_power_row_as_positive_control,positive_control_survivor
rank92_Q7_actual_near_miss,actual_near_miss,92,6,5,3,63,230,8905,706157817625,8905,7,prime_block_le_7,1,7,1.94591014906,3,1.09861228867,0,0,3816,3 5 6 10 12 13 17 19 20 24 26 27,-8.24707033534,-7.1483457439,,,,none_visible,0.071322900326,0.333333333333,-0.262010433007,existing_near_power_csv,low_section_survivor_requires_anchor_audit
rank92_Q7_random_root_sets,random_root_sets,92,6,5,3,63,230,8905,706157817625,8905,7,prime_block_le_7,1,7,1.94591014906,3,1.09861228867,0,0,3817,1 3 5 8 10 12 15 17 19 22 24 26,-8.24707033534,-7.14860776408,,,,none_visible,0.071322900326,0.333333333333,-0.262010433007,deterministic_seeded_random_sets_same_cardinality,low_section_survivor_requires_anchor_audit
rank92_Q7_exact_power_anchor,exact_power_anchor,92,6,5,3,63,230,8905,706157817625,8905,7,prime_block_le_7,1,7,1.94591014906,3,1.09861228867,0,0,3817,1 2 4 8 9 11 15 16 18 22 23 25,-8.24707033534,-7.14860776408,,,,constructed_exact_power_root,0.071322900326,0.333333333333,-0.262010433007,C_from_near_power_row_as_positive_control,positive_control_survivor
rank93_Q7_actual_near_miss,actual_near_miss,93,7,7,3,67,129,84368,600528000684032,84368,7,prime_block_le_7,1,7,1.94591014906,1,0,0,0,12052,7 14 21 28 35 42 49 56 63 70 77 84,-9.39703331271,-9.39698590025,,,,none_visible,0.0571841619892,0.333333333333,-0.276149171344,existing_near_power_csv,low_section_survivor_requires_anchor_audit
rank93_Q7_random_root_sets,random_root_sets,93,7,7,3,67,129,84368,600528000684032,84368,7,prime_block_le_7,1,7,1.94591014906,1,0,0,0,12053,2 9 16 23 30 37 44 51 58 65 72 79,-9.39703331271,-9.39706887059,,,,none_visible,0.0571841619892,0.333333333333,-0.276149171344,deterministic_seeded_random_sets_same_cardinality,low_section_survivor_requires_anchor_audit
rank93_Q7_exact_power_anchor,exact_power_anchor,93,7,7,3,67,129,84368,600528000684032,84368,7,prime_block_le_7,1,7,1.94591014906,3,1.09861228867,0,0,36159,1 2 4 8 9 11 15 16 18 22 23 25,-10.4956456014,-9.39706887059,,,,constructed_exact_power_root,0.0571841619892,0.333333333333,-0.276149171344,C_from_near_power_row_as_positive_control,positive_control_survivor
rank94_Q7_actual_near_miss,actual_near_miss,94,6,7,3,228,239,354855,44684076513576375,354855,7,prime_block_le_7,1,7,1.94591014906,1,0,1,7,0,,-10.8335543853,0,,,,none_visible,0.0507561732818,0.333333333333,-0.282577160052,existing_near_power_csv,local_obstruction_before_drift
rank94_Q7_random_root_sets,random_root_sets,94,6,7,3,228,239,354855,44684076513576375,354855,7,prime_block_le_7,1,7,1.94591014906,1,0,1,7,0,,-10.8335543853,0,,,,none_visible,0.0507561732818,0.333333333333,-0.282577160052,deterministic_seeded_random_sets_same_cardinality,local_obstruction_before_drift
rank94_Q7_exact_power_anchor,exact_power_anchor,94,6,7,3,228,239,354855,44684076513576375,354855,7,prime_block_le_7,1,7,1.94591014906,3,1.09861228867,0,0,152082,1 2 4 8 9 11 15 16 18 22 23 25,-11.9321666739,-10.8335628394,,,,constructed_exact_power_root,0.0507561732818,0.333333333333,-0.282577160052,C_from_near_power_row_as_positive_control,positive_control_survivor
rank95_Q7_actual_near_miss,actual_near_miss,95,7,7,3,92,177,176501,5498465582279501,176501,7,prime_block_le_7,1,7,1.94591014906,1,0,1,7,0,,-10.135171672,0,,,,none_visible,0.0536902841947,0.333333333333,-0.279643049139,existing_near_power_csv,local_obstruction_before_drift
rank95_Q7_random_root_sets,random_root_sets,95,7,7,3,92,177,176501,5498465582279501,176501,7,prime_block_le_7,1,7,1.94591014906,1,0,1,7,0,,-10.135171672,0,,,,none_visible,0.0536902841947,0.333333333333,-0.279643049139,deterministic_seeded_random_sets_same_cardinality,local_obstruction_before_drift
rank95_Q7_exact_power_anchor,exact_power_anchor,95,7,7,3,92,177,176501,5498465582279501,176501,7,prime_block_le_7,1,7,1.94591014906,3,1.09861228867,0,0,75643,3 5 6 10 12 13 17 19 20 24 26 27,-11.2337839607,-10.1351678949,,,,constructed_exact_power_root,0.0536902841947,0.333333333333,-0.279643049139,C_from_near_power_row_as_positive_control,positive_control_survivor
rank96_Q7_actual_near_miss,actual_near_miss,96,5,5,3,145,239,9450,843908625000,9450,7,prime_block_le_7,1,7,1.94591014906,1,0,1,7,0,,-7.20785987143,0,,,,none_visible,0.0708600625644,0.333333333333,-0.262473270769,existing_near_power_csv,local_obstruction_before_drift
rank96_Q7_random_root_sets,random_root_sets,96,5,5,3,145,239,9450,843908625000,9450,7,prime_block_le_7,1,7,1.94591014906,1,0,1,7,0,,-7.20785987143,0,,,,none_visible,0.0708600625644,0.333333333333,-0.262473270769,deterministic_seeded_random_sets_same_cardinality,local_obstruction_before_drift
rank96_Q7_exact_power_anchor,exact_power_anchor,96,5,5,3,145,239,9450,843908625000,9450,7,prime_block_le_7,1,7,1.94591014906,1,0,0,0,1350,7 14 21 28 35 42 49 56 63 70 77 84,-7.20785987143,-7.20785987143,,,,constructed_exact_power_root,0.0708600625644,0.333333333333,-0.262473270769,C_from_near_power_row_as_positive_control,positive_control_survivor
rank97_Q7_actual_near_miss,actual_near_miss,97,6,7,3,207,100,56323,178672344970267,56323,7,prime_block_le_7,1,7,1.94591014906,1,0,1,7,0,,-8.9929481074,0,,,,none_visible,0.0592965647003,0.333333333333,-0.274036768633,existing_near_power_csv,local_obstruction_before_drift
rank97_Q7_random_root_sets,random_root_sets,97,6,7,3,207,100,56323,178672344970267,56323,7,prime_block_le_7,1,7,1.94591014906,1,0,1,7,0,,-8.9929481074,0,,,,none_visible,0.0592965647003,0.333333333333,-0.274036768633,deterministic_seeded_random_sets_same_cardinality,local_obstruction_before_drift
rank97_Q7_exact_power_anchor,exact_power_anchor,97,6,7,3,207,100,56323,178672344970267,56323,7,prime_block_le_7,1,7,1.94591014906,3,1.09861228867,0,0,24139,1 2 4 8 9 11 15 16 18 22 23 25,-10.0915603961,-8.9929717801,,,,constructed_exact_power_root,0.0592965647003,0.333333333333,-0.274036768633,C_from_near_power_row_as_positive_control,positive_control_survivor
rank98_Q7_actual_near_miss,actual_near_miss,98,6,6,3,95,239,57196,187109988665536,57196,7,prime_block_le_7,1,7,1.94591014906,1,0,1,7,0,,-9.0083290958,0,,,,none_visible,0.0592133056302,0.333333333333,-0.274120027703,existing_near_power_csv,local_obstruction_before_drift
rank98_Q7_random_root_sets,random_root_sets,98,6,6,3,95,239,57196,187109988665536,57196,7,prime_block_le_7,1,7,1.94591014906,1,0,1,7,0,,-9.0083290958,0,,,,none_visible,0.0592133056302,0.333333333333,-0.274120027703,deterministic_seeded_random_sets_same_cardinality,local_obstruction_before_drift
rank98_Q7_exact_power_anchor,exact_power_anchor,98,6,6,3,95,239,57196,187109988665536,57196,7,prime_block_le_7,1,7,1.94591014906,3,1.09861228867,0,0,24513,3 5 6 10 12 13 17 19 20 24 26 27,-10.1069413845,-9.00834657938,,,,constructed_exact_power_root,0.0592133056302,0.333333333333,-0.274120027703,C_from_near_power_row_as_positive_control,positive_control_survivor
rank99_Q7_actual_near_miss,actual_near_miss,99,7,7,3,209,214,336118,37973035221035032,336118,7,prime_block_le_7,1,7,1.94591014906,1,0,1,7,0,,-10.7793074187,0,,,,none_visible,0.0509725443119,0.333333333333,-0.282360789021,existing_near_power_csv,local_obstruction_before_drift
rank99_Q7_random_root_sets,random_root_sets,99,7,7,3,209,214,336118,37973035221035032,336118,7,prime_block_le_7,1,7,1.94591014906,1,0,1,7,0,,-10.7793074187,0,,,,none_visible,0.0509725443119,0.333333333333,-0.282360789021,deterministic_seeded_random_sets_same_cardinality,local_obstruction_before_drift
rank99_Q7_exact_power_anchor,exact_power_anchor,99,7,7,3,209,214,336118,37973035221035032,336118,7,prime_block_le_7,1,7,1.94591014906,3,1.09861228867,0,0,144051,3 5 6 10 12 13 17 19 20 24 26 27,-11.8779197074,-10.7793103939,,,,constructed_exact_power_root,0.0509725443119,0.333333333333,-0.282360789021,C_from_near_power_row_as_positive_control,positive_control_survivor
rank100_Q7_actual_near_miss,actual_near_miss,100,5,7,3,197,114,63040,250523582464000,63040,7,prime_block_le_7,1,7,1.94591014906,1,0,1,7,0,,-9.10561457548,0,,,,none_visible,0.0586920567541,0.333333333333,-0.274641276579,existing_near_power_csv,local_obstruction_before_drift
rank100_Q7_random_root_sets,random_root_sets,100,5,7,3,197,114,63040,250523582464000,63040,7,prime_block_le_7,1,7,1.94591014906,1,0,1,7,0,,-9.10561457548,0,,,,none_visible,0.0586920567541,0.333333333333,-0.274641276579,deterministic_seeded_random_sets_same_cardinality,local_obstruction_before_drift
rank100_Q7_exact_power_anchor,exact_power_anchor,100,5,7,3,197,114,63040,250523582464000,63040,7,prime_block_le_7,1,7,1.94591014906,3,1.09861228867,0,0,27017,3 5 6 10 12 13 17 19 20 24 26 27,-10.2042268641,-9.10560928781,,,,constructed_exact_power_root,0.0586920567541,0.333333333333,-0.274641276579,C_from_near_power_row_as_positive_control,positive_control_survivor
rank101_Q7_actual_near_miss,actual_near_miss,101,6,7,3,216,205,248345,15316737235663625,248345,7,prime_block_le_7,1,7,1.94591014906,1,0,1,7,0,,-10.4766640384,0,,,,none_visible,0.052214356426,0.333333333333,-0.281118976907,existing_near_power_csv,local_obstruction_before_drift
rank101_Q7_random_root_sets,random_root_sets,101,6,7,3,216,205,248345,15316737235663625,248345,7,prime_block_le_7,1,7,1.94591014906,1,0,1,7,0,,-10.4766640384,0,,,,none_visible,0.052214356426,0.333333333333,-0.281118976907,deterministic_seeded_random_sets_same_cardinality,local_obstruction_before_drift
rank101_Q7_exact_power_anchor,exact_power_anchor,101,6,7,3,216,205,248345,15316737235663625,248345,7,prime_block_le_7,1,7,1.94591014906,3,1.09861228867,0,0,106434,3 5 6 10 12 13 17 19 20 24 26 27,-11.5752763271,-10.476668065,,,,constructed_exact_power_root,0.052214356426,0.333333333333,-0.281118976907,C_from_near_power_row_as_positive_control,positive_control_survivor
rank102_Q7_actual_near_miss,actual_near_miss,102,7,7,3,138,197,231882,12468123993460968,231882,7,prime_block_le_7,1,7,1.94591014906,3,1.09861228867,0,0,99378,3 5 6 10 12 13 17 19 20 24 26 27,-11.5066860402,-10.4080737515,,,,none_visible,0.0525042546253,0.333333333333,-0.280829078708,existing_near_power_csv,low_section_survivor_requires_anchor_audit
rank102_Q7_random_root_sets,random_root_sets,102,7,7,3,138,197,231882,12468123993460968,231882,7,prime_block_le_7,1,7,1.94591014906,3,1.09861228867,0,0,99378,1 4 7 8 11 14 15 18 21 22 25 28,-11.5066860402,-10.4080737515,,,,none_visible,0.0525042546253,0.333333333333,-0.280829078708,deterministic_seeded_random_sets_same_cardinality,low_section_survivor_requires_anchor_audit
rank102_Q7_exact_power_anchor,exact_power_anchor,102,7,7,3,138,197,231882,12468123993460968,231882,7,prime_block_le_7,1,7,1.94591014906,1,0,0,0,33126,7 14 21 28 35 42 49 56 63 70 77 84,-10.4080737515,-10.4080737515,,,,constructed_exact_power_root,0.0525042546253,0.333333333333,-0.280829078708,C_from_near_power_row_as_positive_control,positive_control_survivor
rank103_Q7_actual_near_miss,actual_near_miss,103,7,7,3,86,173,167182,4672706995152568,167182,7,prime_block_le_7,1,7,1.94591014906,1,0,0,0,23883,7 14 21 28 35 42 49 56 63 70 77 84,-10.0809281693,-10.0809221878,,,,none_visible,0.0539324383669,0.333333333333,-0.279400894966,existing_near_power_csv,low_section_survivor_requires_anchor_audit
rank103_Q7_random_root_sets,random_root_sets,103,7,7,3,86,173,167182,4672706995152568,167182,7,prime_block_le_7,1,7,1.94591014906,1,0,0,0,23883,3 10 17 24 31 38 45 52 59 66 73 80,-10.0809281693,-10.0809221878,,,,none_visible,0.0539324383669,0.333333333333,-0.279400894966,deterministic_seeded_random_sets_same_cardinality,low_section_survivor_requires_anchor_audit
rank103_Q7_exact_power_anchor,exact_power_anchor,103,7,7,3,86,173,167182,4672706995152568,167182,7,prime_block_le_7,1,7,1.94591014906,3,1.09861228867,0,0,71650,1 2 4 8 9 11 15 16 18 22 23 25,-11.1795404579,-10.0809361446,,,,constructed_exact_power_root,0.0539324383669,0.333333333333,-0.279400894966,C_from_near_power_row_as_positive_control,positive_control_survivor
rank104_Q7_actual_near_miss,actual_near_miss,104,5,7,3,229,90,36458,48459454583912,36458,7,prime_block_le_7,1,7,1.94591014906,1,0,1,7,0,,-8.55800604304,0,,,,none_visible,0.0617518937213,0.333333333333,-0.271581439612,existing_near_power_csv,local_obstruction_before_drift
rank104_Q7_random_root_sets,random_root_sets,104,5,7,3,229,90,36458,48459454583912,36458,7,prime_block_le_7,1,7,1.94591014906,1,0,1,7,0,,-8.55800604304,0,,,,none_visible,0.0617518937213,0.333333333333,-0.271581439612,deterministic_seeded_random_sets_same_cardinality,local_obstruction_before_drift
rank104_Q7_exact_power_anchor,exact_power_anchor,104,5,7,3,229,90,36458,48459454583912,36458,7,prime_block_le_7,1,7,1.94591014906,3,1.09861228867,0,0,15626,1 2 4 8 9 11 15 16 18 22 23 25,-9.65661833171,-8.55807918389,,,,constructed_exact_power_root,0.0617518937213,0.333333333333,-0.271581439612,C_from_near_power_row_as_positive_control,positive_control_survivor
rank105_Q7_actual_near_miss,actual_near_miss,105,7,6,3,28,61,4021,65013301261,4021,7,prime_block_le_7,1,7,1.94591014906,3,1.09861228867,0,0,1724,1 2 4 8 9 11 15 16 18 22 23 25,-7.45198804651,-6.35379016256,,,,none_visible,0.0781557261225,0.333333333333,-0.255177607211,existing_near_power_csv,low_section_survivor_requires_anchor_audit
rank105_Q7_random_root_sets,random_root_sets,105,7,6,3,28,61,4021,65013301261,4021,7,prime_block_le_7,1,7,1.94591014906,3,1.09861228867,0,0,1723,3 4 6 10 11 13 17 18 20 24 25 27,-7.45198804651,-6.35320994786,,,,none_visible,0.0781557261225,0.333333333333,-0.255177607211,deterministic_seeded_random_sets_same_cardinality,low_section_survivor_requires_anchor_audit
rank105_Q7_exact_power_anchor,exact_power_anchor,105,7,6,3,28,61,4021,65013301261,4021,7,prime_block_le_7,1,7,1.94591014906,3,1.09861228867,0,0,1723,3 5 6 10 12 13 17 19 20 24 26 27,-7.45198804651,-6.35320994786,,,,constructed_exact_power_root,0.0781557261225,0.333333333333,-0.255177607211,C_from_near_power_row_as_positive_control,positive_control_survivor
rank106_Q7_actual_near_miss,actual_near_miss,106,7,7,3,195,224,339173,39017893441970717,339173,7,prime_block_le_7,1,7,1.94591014906,3,1.09861228867,0,0,145359,3 5 6 10 12 13 17 19 20 24 26 27,-11.8869677203,-10.7883495349,,,,none_visible,0.0509363270494,0.333333333333,-0.282397006284,existing_near_power_csv,low_section_survivor_requires_anchor_audit
rank106_Q7_random_root_sets,random_root_sets,106,7,7,3,195,224,339173,39017893441970717,339173,7,prime_block_le_7,1,7,1.94591014906,3,1.09861228867,0,0,145359,4 5 7 11 12 14 18 19 21 25 26 28,-11.8869677203,-10.7883495349,,,,none_visible,0.0509363270494,0.333333333333,-0.282397006284,deterministic_seeded_random_sets_same_cardinality,low_section_survivor_requires_anchor_audit
rank106_Q7_exact_power_anchor,exact_power_anchor,106,7,7,3,195,224,339173,39017893441970717,339173,7,prime_block_le_7,1,7,1.94591014906,3,1.09861228867,0,0,145361,1 2 4 8 9 11 15 16 18 22 23 25,-11.8869677203,-10.7883632938,,,,constructed_exact_power_root,0.0509363270494,0.333333333333,-0.282397006284,C_from_near_power_row_as_positive_control,positive_control_survivor
rank107_Q7_actual_near_miss,actual_near_miss,107,5,6,3,169,125,15811,3952555856731,15811,7,prime_block_le_7,1,7,1.94591014906,1,0,1,7,0,,-7.72255103025,0,,,,none_visible,0.0670878958215,0.333333333333,-0.266245437512,existing_near_power_csv,local_obstruction_before_drift
rank107_Q7_random_root_sets,random_root_sets,107,5,6,3,169,125,15811,3952555856731,15811,7,prime_block_le_7,1,7,1.94591014906,1,0,1,7,0,,-7.72255103025,0,,,,none_visible,0.0670878958215,0.333333333333,-0.266245437512,deterministic_seeded_random_sets_same_cardinality,local_obstruction_before_drift
rank107_Q7_exact_power_anchor,exact_power_anchor,107,5,6,3,169,125,15811,3952555856731,15811,7,prime_block_le_7,1,7,1.94591014906,3,1.09861228867,0,0,6776,3 5 6 10 12 13 17 19 20 24 26 27,-8.82116331892,-7.72252994766,,,,constructed_exact_power_root,0.0670878958215,0.333333333333,-0.266245437512,C_from_near_power_row_as_positive_control,positive_control_survivor
rank108_Q7_actual_near_miss,actual_near_miss,108,7,7,3,210,223,356832,45435088927162368,356832,7,prime_block_le_7,1,7,1.94591014906,3,1.09861228867,0,0,152928,3 5 6 10 12 13 17 19 20 24 26 27,-11.9377225014,-10.8391102127,,,,none_visible,0.0507341168022,0.333333333333,-0.282599216531,existing_near_power_csv,low_section_survivor_requires_anchor_audit
rank108_Q7_random_root_sets,random_root_sets,108,7,7,3,210,223,356832,45435088927162368,356832,7,prime_block_le_7,1,7,1.94591014906,3,1.09861228867,0,0,152928,5 6 7 12 13 14 19 20 21 26 27 28,-11.9377225014,-10.8391102127,,,,none_visible,0.0507341168022,0.333333333333,-0.282599216531,deterministic_seeded_random_sets_same_cardinality,low_section_survivor_requires_anchor_audit
rank108_Q7_exact_power_anchor,exact_power_anchor,108,7,7,3,210,223,356832,45435088927162368,356832,7,prime_block_le_7,1,7,1.94591014906,1,0,0,0,50976,7 14 21 28 35 42 49 56 63 70 77 84,-10.8391102127,-10.8391102127,,,,constructed_exact_power_root,0.0507341168022,0.333333333333,-0.282599216531,C_from_near_power_row_as_positive_control,positive_control_survivor
rank109_Q7_actual_near_miss,actual_near_miss,109,6,6,3,84,211,44580,88597239912000,44580,7,prime_block_le_7,1,7,1.94591014906,3,1.09861228867,0,0,19107,1 2 4 8 9 11 15 16 18 22 23 25,-9.85774274655,-8.75919775037,,,,none_visible,0.0605917100334,0.333333333333,-0.2727416233,existing_near_power_csv,low_section_survivor_requires_anchor_audit
rank109_Q7_random_root_sets,random_root_sets,109,6,6,3,84,211,44580,88597239912000,44580,7,prime_block_le_7,1,7,1.94591014906,3,1.09861228867,0,0,19106,1 3 5 8 10 12 15 17 19 22 24 26,-9.85774274655,-8.75914541216,,,,none_visible,0.0605917100334,0.333333333333,-0.2727416233,deterministic_seeded_random_sets_same_cardinality,low_section_survivor_requires_anchor_audit
rank109_Q7_exact_power_anchor,exact_power_anchor,109,6,6,3,84,211,44580,88597239912000,44580,7,prime_block_le_7,1,7,1.94591014906,3,1.09861228867,0,0,19107,1 2 4 8 9 11 15 16 18 22 23 25,-9.85774274655,-8.75919775037,,,,constructed_exact_power_root,0.0605917100334,0.333333333333,-0.2727416233,C_from_near_power_row_as_positive_control,positive_control_survivor
rank110_Q7_actual_near_miss,actual_near_miss,110,6,7,3,73,71,20989,9246454621669,20989,7,prime_block_le_7,1,7,1.94591014906,1,0,1,7,0,,-8.00584362089,0,,,,none_visible,0.0651781315481,0.333333333333,-0.268155201785,existing_near_power_csv,local_obstruction_before_drift
rank110_Q7_random_root_sets,random_root_sets,110,6,7,3,73,71,20989,9246454621669,20989,7,prime_block_le_7,1,7,1.94591014906,1,0,1,7,0,,-8.00584362089,0,,,,none_visible,0.0651781315481,0.333333333333,-0.268155201785,deterministic_seeded_random_sets_same_cardinality,local_obstruction_before_drift
rank110_Q7_exact_power_anchor,exact_power_anchor,110,6,7,3,73,71,20989,9246454621669,20989,7,prime_block_le_7,1,7,1.94591014906,3,1.09861228867,0,0,8995,3 5 6 10 12 13 17 19 20 24 26 27,-9.10445590956,-8.00581185772,,,,constructed_exact_power_root,0.0651781315481,0.333333333333,-0.268155201785,C_from_near_power_row_as_positive_control,positive_control_survivor
rank111_Q7_actual_near_miss,actual_near_miss,111,6,6,3,127,212,45626,94981098574376,45626,7,prime_block_le_7,1,7,1.94591014906,1,0,1,7,0,,-8.7823228594,0,,,,none_visible,0.0604607222681,0.333333333333,-0.272872611065,existing_near_power_csv,local_obstruction_before_drift
rank111_Q7_random_root_sets,random_root_sets,111,6,6,3,127,212,45626,94981098574376,45626,7,prime_block_le_7,1,7,1.94591014906,1,0,1,7,0,,-8.7823228594,0,,,,none_visible,0.0604607222681,0.333333333333,-0.272872611065,deterministic_seeded_random_sets_same_cardinality,local_obstruction_before_drift
rank111_Q7_exact_power_anchor,exact_power_anchor,111,6,6,3,127,212,45626,94981098574376,45626,7,prime_block_le_7,1,7,1.94591014906,1,0,0,0,6518,7 14 21 28 35 42 49 56 63 70 77 84,-8.7823228594,-8.7823228594,,,,constructed_exact_power_root,0.0604607222681,0.333333333333,-0.272872611065,C_from_near_power_row_as_positive_control,positive_control_survivor
rank112_Q7_actual_near_miss,actual_near_miss,112,6,7,3,233,243,368873,50191549511754617,368873,7,prime_block_le_7,1,7,1.94591014906,3,1.09861228867,0,0,158088,3 5 6 10 12 13 17 19 20 24 26 27,-11.97090983,-10.8722948303,,,,none_visible,0.0506027622599,0.333333333333,-0.282730571073,existing_near_power_csv,low_section_survivor_requires_anchor_audit
rank112_Q7_random_root_sets,random_root_sets,112,6,7,3,233,243,368873,50191549511754617,368873,7,prime_block_le_7,1,7,1.94591014906,3,1.09861228867,0,0,158089,1 3 6 8 10 13 15 17 20 22 24 27,-11.97090983,-10.8723011559,,,,none_visible,0.0506027622599,0.333333333333,-0.282730571073,deterministic_seeded_random_sets_same_cardinality,low_section_survivor_requires_anchor_audit
rank112_Q7_exact_power_anchor,exact_power_anchor,112,6,7,3,233,243,368873,50191549511754617,368873,7,prime_block_le_7,1,7,1.94591014906,3,1.09861228867,0,0,158089,1 2 4 8 9 11 15 16 18 22 23 25,-11.97090983,-10.8723011559,,,,constructed_exact_power_root,0.0506027622599,0.333333333333,-0.282730571073,C_from_near_power_row_as_positive_control,positive_control_survivor
rank113_Q7_actual_near_miss,actual_near_miss,113,7,7,3,81,131,88149,684939432371949,88149,7,prime_block_le_7,1,7,1.94591014906,1,0,1,7,0,,-9.44087369441,0,,,,none_visible,0.0569639966183,0.333333333333,-0.276369336715,existing_near_power_csv,local_obstruction_before_drift
rank113_Q7_random_root_sets,random_root_sets,113,7,7,3,81,131,88149,684939432371949,88149,7,prime_block_le_7,1,7,1.94591014906,1,0,1,7,0,,-9.44087369441,0,,,,none_visible,0.0569639966183,0.333333333333,-0.276369336715,deterministic_seeded_random_sets_same_cardinality,local_obstruction_before_drift
rank113_Q7_exact_power_anchor,exact_power_anchor,113,7,7,3,81,131,88149,684939432371949,88149,7,prime_block_le_7,1,7,1.94591014906,3,1.09861228867,0,0,37778,3 5 6 10 12 13 17 19 20 24 26 27,-10.5394859831,-9.44086991292,,,,constructed_exact_power_root,0.0569639966183,0.333333333333,-0.276369336715,C_from_near_power_row_as_positive_control,positive_control_survivor
rank114_Q7_actual_near_miss,actual_near_miss,114,7,7,3,137,237,350081,42904774389581441,350081,7,prime_block_le_7,1,7,1.94591014906,1,0,1,7,0,,-10.8200096862,0,,,,none_visible,0.0508100258126,0.333333333333,-0.282523307521,existing_near_power_csv,local_obstruction_before_drift
rank114_Q7_random_root_sets,random_root_sets,114,7,7,3,137,237,350081,42904774389581441,350081,7,prime_block_le_7,1,7,1.94591014906,1,0,1,7,0,,-10.8200096862,0,,,,none_visible,0.0508100258126,0.333333333333,-0.282523307521,deterministic_seeded_random_sets_same_cardinality,local_obstruction_before_drift
rank114_Q7_exact_power_anchor,exact_power_anchor,114,7,7,3,137,237,350081,42904774389581441,350081,7,prime_block_le_7,1,7,1.94591014906,3,1.09861228867,0,0,150036,1 2 4 8 9 11 15 16 18 22 23 25,-11.9186219749,-10.8200182556,,,,constructed_exact_power_root,0.0508100258126,0.333333333333,-0.282523307521,C_from_near_power_row_as_positive_control,positive_control_survivor
rank115_Q7_actual_near_miss,actual_near_miss,115,7,7,3,103,231,327794,35221106836282184,327794,7,prime_block_le_7,1,7,1.94591014906,1,0,1,7,0,,-10.7542304922,0,,,,none_visible,0.0510731916026,0.333333333333,-0.282260141731,existing_near_power_csv,local_obstruction_before_drift
rank115_Q7_random_root_sets,random_root_sets,115,7,7,3,103,231,327794,35221106836282184,327794,7,prime_block_le_7,1,7,1.94591014906,1,0,1,7,0,,-10.7542304922,0,,,,none_visible,0.0510731916026,0.333333333333,-0.282260141731,deterministic_seeded_random_sets_same_cardinality,local_obstruction_before_drift
rank115_Q7_exact_power_anchor,exact_power_anchor,115,7,7,3,103,231,327794,35221106836282184,327794,7,prime_block_le_7,1,7,1.94591014906,3,1.09861228867,0,0,140483,3 5 6 10 12 13 17 19 20 24 26 27,-11.8528427809,-10.7542294753,,,,constructed_exact_power_root,0.0510731916026,0.333333333333,-0.282260141731,C_from_near_power_row_as_positive_control,positive_control_survivor
rank116_Q7_actual_near_miss,actual_near_miss,116,7,7,3,86,227,314453,31093329363837677,314453,7,prime_block_le_7,1,7,1.94591014906,1,0,1,7,0,,-10.7126797513,0,,,,none_visible,0.0512408349947,0.333333333333,-0.282092498339,existing_near_power_csv,local_obstruction_before_drift
rank116_Q7_random_root_sets,random_root_sets,116,7,7,3,86,227,314453,31093329363837677,314453,7,prime_block_le_7,1,7,1.94591014906,1,0,1,7,0,,-10.7126797513,0,,,,none_visible,0.0512408349947,0.333333333333,-0.282092498339,deterministic_seeded_random_sets_same_cardinality,local_obstruction_before_drift
rank116_Q7_exact_power_anchor,exact_power_anchor,116,7,7,3,86,227,314453,31093329363837677,314453,7,prime_block_le_7,1,7,1.94591014906,3,1.09861228867,0,0,134766,3 5 6 10 12 13 17 19 20 24 26 27,-11.81129204,-10.7126829315,,,,constructed_exact_power_root,0.0512408349947,0.333333333333,-0.282092498339,C_from_near_power_row_as_positive_control,positive_control_survivor
rank117_Q7_actual_near_miss,actual_near_miss,117,7,7,4,74,177,8594,5454832223930896,8594,7,prime_block_le_7,3,105,4.65396035016,1,0,3,3,0,,-4.40485921418,0,,,,none_visible,0.128437273673,0.25,-0.121562726327,existing_near_power_csv,local_obstruction_before_drift
rank117_Q7_random_root_sets,random_root_sets,117,7,7,4,74,177,8594,5454832223930896,8594,7,prime_block_le_7,3,105,4.65396035016,1,0,3,3,0,,-4.40485921418,0,,,,none_visible,0.128437273673,0.25,-0.121562726327,deterministic_seeded_random_sets_same_cardinality,local_obstruction_before_drift
rank117_Q7_exact_power_anchor,exact_power_anchor,117,7,7,4,74,177,8594,5454832223930896,8594,7,prime_block_le_7,3,105,4.65396035016,16,2.77258872224,0,0,1311,2 16 19 23 26 37 44 47 58 61 68 79,-7.17744793642,-4.40595676152,1.00022544799,1.00011636025,1.00033453572,constructed_exact_power_root,0.128437273673,0.25,-0.121562726327,C_from_near_power_row_as_positive_control,positive_control_survivor
rank118_Q7_actual_near_miss,actual_near_miss,118,6,7,3,171,179,180830,5913048577787000,180830,7,prime_block_le_7,1,7,1.94591014906,1,0,1,7,0,,-10.1594024933,0,,,,none_visible,0.0535828140515,0.333333333333,-0.279750519282,existing_near_power_csv,local_obstruction_before_drift
rank118_Q7_random_root_sets,random_root_sets,118,6,7,3,171,179,180830,5913048577787000,180830,7,prime_block_le_7,1,7,1.94591014906,1,0,1,7,0,,-10.1594024933,0,,,,none_visible,0.0535828140515,0.333333333333,-0.279750519282,deterministic_seeded_random_sets_same_cardinality,local_obstruction_before_drift
rank118_Q7_exact_power_anchor,exact_power_anchor,118,6,7,3,171,179,180830,5913048577787000,180830,7,prime_block_le_7,1,7,1.94591014906,3,1.09861228867,0,0,77499,3 5 6 10 12 13 17 19 20 24 26 27,-11.258014782,-10.1594080234,,,,constructed_exact_power_root,0.0535828140515,0.333333333333,-0.279750519282,C_from_near_power_row_as_positive_control,positive_control_survivor
rank119_Q7_actual_near_miss,actual_near_miss,119,6,7,3,216,191,210857,9374844432292793,210857,7,prime_block_le_7,1,7,1.94591014906,1,0,1,7,0,,-10.3130253085,0,,,,none_visible,0.0529113411679,0.333333333333,-0.280421992165,existing_near_power_csv,local_obstruction_before_drift
rank119_Q7_random_root_sets,random_root_sets,119,6,7,3,216,191,210857,9374844432292793,210857,7,prime_block_le_7,1,7,1.94591014906,1,0,1,7,0,,-10.3130253085,0,,,,none_visible,0.0529113411679,0.333333333333,-0.280421992165,deterministic_seeded_random_sets_same_cardinality,local_obstruction_before_drift
rank119_Q7_exact_power_anchor,exact_power_anchor,119,6,7,3,216,191,210857,9374844432292793,210857,7,prime_block_le_7,1,7,1.94591014906,3,1.09861228867,0,0,90367,3 5 6 10 12 13 17 19 20 24 26 27,-11.4116375972,-10.3130221468,,,,constructed_exact_power_root,0.0529113411679,0.333333333333,-0.280421992165,C_from_near_power_row_as_positive_control,positive_control_survivor
rank120_Q7_actual_near_miss,actual_near_miss,120,7,7,3,71,174,169130,4837956360497000,169130,7,prime_block_le_7,1,7,1.94591014906,1,0,0,0,24161,7 14 21 28 35 42 49 56 63 70 77 84,-10.0925127799,-10.0924950419,,,,none_visible,0.053880539019,0.333333333333,-0.279452794314,existing_near_power_csv,low_section_survivor_requires_anchor_audit
rank120_Q7_random_root_sets,random_root_sets,120,7,7,3,71,174,169130,4837956360497000,169130,7,prime_block_le_7,1,7,1.94591014906,1,0,0,0,24162,2 9 16 23 30 37 44 51 58 65 72 79,-10.0925127799,-10.0925364301,,,,none_visible,0.053880539019,0.333333333333,-0.279452794314,deterministic_seeded_random_sets_same_cardinality,low_section_survivor_requires_anchor_audit
rank120_Q7_exact_power_anchor,exact_power_anchor,120,7,7,3,71,174,169130,4837956360497000,169130,7,prime_block_le_7,1,7,1.94591014906,3,1.09861228867,0,0,72484,3 5 6 10 12 13 17 19 20 24 26 27,-11.1911250686,-10.0925088382,,,,constructed_exact_power_root,0.053880539019,0.333333333333,-0.279452794314,C_from_near_power_row_as_positive_control,positive_control_survivor
rank121_Q7_actual_near_miss,actual_near_miss,121,6,6,3,59,178,31698,31848984040392,31698,7,prime_block_le_7,1,7,1.94591014906,1,0,1,7,0,,-8.41809871734,0,,,,none_visible,0.0625855038059,0.333333333333,-0.270747829527,existing_near_power_csv,local_obstruction_before_drift
rank121_Q7_random_root_sets,random_root_sets,121,6,6,3,59,178,31698,31848984040392,31698,7,prime_block_le_7,1,7,1.94591014906,1,0,1,7,0,,-8.41809871734,0,,,,none_visible,0.0625855038059,0.333333333333,-0.270747829527,deterministic_seeded_random_sets_same_cardinality,local_obstruction_before_drift
rank121_Q7_exact_power_anchor,exact_power_anchor,121,6,6,3,59,178,31698,31848984040392,31698,7,prime_block_le_7,1,7,1.94591014906,3,1.09861228867,0,0,13586,1 2 4 8 9 11 15 16 18 22 23 25,-9.51671100601,-8.41818284108,,,,constructed_exact_power_root,0.0625855038059,0.333333333333,-0.270747829527,C_from_near_power_row_as_positive_control,positive_control_survivor
rank122_Q7_actual_near_miss,actual_near_miss,122,5,7,3,199,105,52051,141022117888651,52051,7,prime_block_le_7,1,7,1.94591014906,1,0,1,7,0,,-8.9140691371,0,,,,none_visible,0.0597272517065,0.333333333333,-0.273606081627,existing_near_power_csv,local_obstruction_before_drift
rank122_Q7_random_root_sets,random_root_sets,122,5,7,3,199,105,52051,141022117888651,52051,7,prime_block_le_7,1,7,1.94591014906,1,0,1,7,0,,-8.9140691371,0,,,,none_visible,0.0597272517065,0.333333333333,-0.273606081627,deterministic_seeded_random_sets_same_cardinality,local_obstruction_before_drift
rank122_Q7_exact_power_anchor,exact_power_anchor,122,5,7,3,199,105,52051,141022117888651,52051,7,prime_block_le_7,1,7,1.94591014906,3,1.09861228867,0,0,22308,3 5 6 10 12 13 17 19 20 24 26 27,-10.0126814258,-8.91408834884,,,,constructed_exact_power_root,0.0597272517065,0.333333333333,-0.273606081627,C_from_near_power_row_as_positive_control,positive_control_survivor
rank123_Q7_actual_near_miss,actual_near_miss,123,6,7,3,141,161,141145,2811878131623625,141145,7,prime_block_le_7,1,7,1.94591014906,3,1.09861228867,0,0,60492,1 2 4 8 9 11 15 16 18 22 23 25,-11.0102451494,-9.9116541152,,,,none_visible,0.054702455291,0.333333333333,-0.278630878042,existing_near_power_csv,low_section_survivor_requires_anchor_audit
rank123_Q7_random_root_sets,random_root_sets,123,6,7,3,141,161,141145,2811878131623625,141145,7,prime_block_le_7,1,7,1.94591014906,3,1.09861228867,0,0,60491,2 4 6 9 11 13 16 18 20 23 25 27,-11.0102451494,-9.91163758395,,,,none_visible,0.054702455291,0.333333333333,-0.278630878042,deterministic_seeded_random_sets_same_cardinality,low_section_survivor_requires_anchor_audit
rank123_Q7_exact_power_anchor,exact_power_anchor,123,6,7,3,141,161,141145,2811878131623625,141145,7,prime_block_le_7,1,7,1.94591014906,3,1.09861228867,0,0,60492,1 2 4 8 9 11 15 16 18 22 23 25,-11.0102451494,-9.9116541152,,,,constructed_exact_power_root,0.054702455291,0.333333333333,-0.278630878042,C_from_near_power_row_as_positive_control,positive_control_survivor
rank124_Q7_actual_near_miss,actual_near_miss,124,7,6,4,64,157,2098,19374117772816,2098,7,prime_block_le_7,3,105,4.65396035016,2,0.69314718056,2,3,0,,-3.68792661936,0.69314718056,,,,none_visible,0.152115265997,0.25,-0.0978847340029,existing_near_power_csv,local_obstruction_before_drift
rank124_Q7_random_root_sets,random_root_sets,124,7,6,4,64,157,2098,19374117772816,2098,7,prime_block_le_7,3,105,4.65396035016,2,0.69314718056,2,3,0,,-3.68792661936,0.69314718056,,,,none_visible,0.152115265997,0.25,-0.0978847340029,deterministic_seeded_random_sets_same_cardinality,local_obstruction_before_drift
rank124_Q7_exact_power_anchor,exact_power_anchor,124,7,6,4,64,157,2098,19374117772816,2098,7,prime_block_le_7,3,105,4.65396035016,16,2.77258872224,0,0,320,2 16 19 23 26 37 44 47 58 61 68 79,-5.76736816104,-2.99573227355,1.0005064347,1.00005958055,1.00095328885,constructed_exact_power_root,0.152115265997,0.25,-0.0978847340029,C_from_near_power_row_as_positive_control,positive_control_survivor
rank125_Q7_actual_near_miss,actual_near_miss,125,6,6,4,128,157,2098,19374117772816,2098,7,prime_block_le_7,3,105,4.65396035016,2,0.69314718056,2,3,0,,-3.68792661936,0.69314718056,,,,none_visible,0.152115265997,0.25,-0.0978847340029,existing_near_power_csv,local_obstruction_before_drift
rank125_Q7_random_root_sets,random_root_sets,125,6,6,4,128,157,2098,19374117772816,2098,7,prime_block_le_7,3,105,4.65396035016,2,0.69314718056,2,3,0,,-3.68792661936,0.69314718056,,,,none_visible,0.152115265997,0.25,-0.0978847340029,deterministic_seeded_random_sets_same_cardinality,local_obstruction_before_drift
rank125_Q7_exact_power_anchor,exact_power_anchor,125,6,6,4,128,157,2098,19374117772816,2098,7,prime_block_le_7,3,105,4.65396035016,16,2.77258872224,0,0,320,2 16 19 23 26 37 44 47 58 61 68 79,-5.76736816104,-2.99573227355,1.0005064347,1.00005958055,1.00095328885,constructed_exact_power_root,0.152115265997,0.25,-0.0978847340029,C_from_near_power_row_as_positive_control,positive_control_survivor
rank126_Q7_actual_near_miss,actual_near_miss,126,7,7,3,217,246,425757,77176555446273093,425757,7,prime_block_le_7,1,7,1.94591014906,3,1.09861228867,0,0,182468,1 2 4 8 9 11 15 16 18 22 23 25,-12.1143261796,-11.0157178055,,,,none_visible,0.0500428583912,0.333333333333,-0.283290474942,existing_near_power_csv,low_section_survivor_requires_anchor_audit
rank126_Q7_random_root_sets,random_root_sets,126,7,7,3,217,246,425757,77176555446273093,425757,7,prime_block_le_7,1,7,1.94591014906,3,1.09861228867,0,0,182467,2 6 7 9 13 14 16 20 21 23 27 28,-12.1143261796,-11.0157123251,,,,none_visible,0.0500428583912,0.333333333333,-0.283290474942,deterministic_seeded_random_sets_same_cardinality,low_section_survivor_requires_anchor_audit
rank126_Q7_exact_power_anchor,exact_power_anchor,126,7,7,3,217,246,425757,77176555446273093,425757,7,prime_block_le_7,1,7,1.94591014906,3,1.09861228867,0,0,182467,3 5 6 10 12 13 17 19 20 24 26 27,-12.1143261796,-11.0157123251,,,,constructed_exact_power_root,0.0500428583912,0.333333333333,-0.283290474942,C_from_near_power_row_as_positive_control,positive_control_survivor
rank127_Q7_actual_near_miss,actual_near_miss,127,5,7,3,197,81,28510,23173501051000,28510,7,prime_block_le_7,1,7,1.94591014906,1,0,1,7,0,,-8.31210003285,0,,,,none_visible,0.0632322160779,0.333333333333,-0.270101117255,existing_near_power_csv,local_obstruction_before_drift
rank127_Q7_random_root_sets,random_root_sets,127,5,7,3,197,81,28510,23173501051000,28510,7,prime_block_le_7,1,7,1.94591014906,1,0,1,7,0,,-8.31210003285,0,,,,none_visible,0.0632322160779,0.333333333333,-0.270101117255,deterministic_seeded_random_sets_same_cardinality,local_obstruction_before_drift
rank127_Q7_exact_power_anchor,exact_power_anchor,127,5,7,3,197,81,28510,23173501051000,28510,7,prime_block_le_7,1,7,1.94591014906,3,1.09861228867,0,0,12219,3 5 6 10 12 13 17 19 20 24 26 27,-9.41071232152,-8.31213510765,,,,constructed_exact_power_root,0.0632322160779,0.333333333333,-0.270101117255,C_from_near_power_row_as_positive_control,positive_control_survivor
rank128_Q7_actual_near_miss,actual_near_miss,128,6,6,3,127,244,59928,215223332746752,59928,7,prime_block_le_7,1,7,1.94591014906,1,0,1,7,0,,-9.05498897157,0,,,,none_visible,0.0589621547511,0.333333333333,-0.274371178582,existing_near_power_csv,local_obstruction_before_drift
rank128_Q7_random_root_sets,random_root_sets,128,6,6,3,127,244,59928,215223332746752,59928,7,prime_block_le_7,1,7,1.94591014906,1,0,1,7,0,,-9.05498897157,0,,,,none_visible,0.0589621547511,0.333333333333,-0.274371178582,deterministic_seeded_random_sets_same_cardinality,local_obstruction_before_drift
rank128_Q7_exact_power_anchor,exact_power_anchor,128,6,6,3,127,244,59928,215223332746752,59928,7,prime_block_le_7,1,7,1.94591014906,3,1.09861228867,0,0,25684,1 2 4 8 9 11 15 16 18 22 23 25,-10.1536012602,-9.05501122025,,,,constructed_exact_power_root,0.0589621547511,0.333333333333,-0.274371178582,C_from_near_power_row_as_positive_control,positive_control_survivor
rank129_Q7_actual_near_miss,actual_near_miss,129,6,7,3,167,198,228638,11952128053790072,228638,7,prime_block_le_7,1,7,1.94591014906,1,0,1,7,0,,-10.3939850967,0,,,,none_visible,0.0525641995685,0.333333333333,-0.280769133765,existing_near_power_csv,local_obstruction_before_drift
rank129_Q7_random_root_sets,random_root_sets,129,6,7,3,167,198,228638,11952128053790072,228638,7,prime_block_le_7,1,7,1.94591014906,1,0,1,7,0,,-10.3939850967,0,,,,none_visible,0.0525641995685,0.333333333333,-0.280769133765,deterministic_seeded_random_sets_same_cardinality,local_obstruction_before_drift
rank129_Q7_exact_power_anchor,exact_power_anchor,129,6,7,3,167,198,228638,11952128053790072,228638,7,prime_block_le_7,1,7,1.94591014906,3,1.09861228867,0,0,97989,1 2 4 8 9 11 15 16 18 22 23 25,-11.4925973854,-10.3939982178,,,,constructed_exact_power_root,0.0525641995685,0.333333333333,-0.280769133765,C_from_near_power_row_as_positive_control,positive_control_survivor
rank130_Q7_actual_near_miss,actual_near_miss,130,7,7,3,103,238,351364,43378226058516544,351364,7,prime_block_le_7,1,7,1.94591014906,1,0,1,7,0,,-10.8236678531,0,,,,none_visible,0.0507954700025,0.333333333333,-0.282537863331,existing_near_power_csv,local_obstruction_before_drift
rank130_Q7_random_root_sets,random_root_sets,130,7,7,3,103,238,351364,43378226058516544,351364,7,prime_block_le_7,1,7,1.94591014906,1,0,1,7,0,,-10.8236678531,0,,,,none_visible,0.0507954700025,0.333333333333,-0.282537863331,deterministic_seeded_random_sets_same_cardinality,local_obstruction_before_drift
rank130_Q7_exact_power_anchor,exact_power_anchor,130,7,7,3,103,238,351364,43378226058516544,351364,7,prime_block_le_7,1,7,1.94591014906,3,1.09861228867,0,0,150585,3 5 6 10 12 13 17 19 20 24 26 27,-11.9222801417,-10.8236706991,,,,constructed_exact_power_root,0.0507954700025,0.333333333333,-0.282537863331,C_from_near_power_row_as_positive_control,positive_control_survivor
rank131_Q7_actual_near_miss,actual_near_miss,131,6,7,3,227,192,213672,9755349769640448,213672,7,prime_block_le_7,1,7,1.94591014906,1,0,1,7,0,,-10.3262872589,0,,,,none_visible,0.0528541625262,0.333333333333,-0.280479170807,existing_near_power_csv,local_obstruction_before_drift
rank131_Q7_random_root_sets,random_root_sets,131,6,7,3,227,192,213672,9755349769640448,213672,7,prime_block_le_7,1,7,1.94591014906,1,0,1,7,0,,-10.3262872589,0,,,,none_visible,0.0528541625262,0.333333333333,-0.280479170807,deterministic_seeded_random_sets_same_cardinality,local_obstruction_before_drift
rank131_Q7_exact_power_anchor,exact_power_anchor,131,6,7,3,227,192,213672,9755349769640448,213672,7,prime_block_le_7,1,7,1.94591014906,3,1.09861228867,0,0,91575,1 2 4 8 9 11 15 16 18 22 23 25,-11.4248995475,-10.326301299,,,,constructed_exact_power_root,0.0528541625262,0.333333333333,-0.280479170807,C_from_near_power_row_as_positive_control,positive_control_survivor
rank132_Q7_actual_near_miss,actual_near_miss,132,5,6,4,172,149,1825,11093062890625,1825,7,prime_block_le_7,3,105,4.65396035016,1,0,3,3,0,,-2.85537491586,0,,,,none_visible,0.15493915857,0.25,-0.0950608414296,existing_near_power_csv,local_obstruction_before_drift
rank132_Q7_random_root_sets,random_root_sets,132,5,6,4,172,149,1825,11093062890625,1825,7,prime_block_le_7,3,105,4.65396035016,1,0,3,3,0,,-2.85537491586,0,,,,none_visible,0.15493915857,0.25,-0.0950608414296,deterministic_seeded_random_sets_same_cardinality,local_obstruction_before_drift
rank132_Q7_exact_power_anchor,exact_power_anchor,132,5,6,4,172,149,1825,11093062890625,1825,7,prime_block_le_7,3,105,4.65396035016,4,1.38629436112,0,0,70,5 40 65 100 110 145 170 205 215 250 275 310,-4.24166927698,-2.86220088093,1.00479452055,1.00273972603,1.00684931507,constructed_exact_power_root,0.15493915857,0.25,-0.0950608414296,C_from_near_power_row_as_positive_control,positive_control_survivor
rank133_Q7_actual_near_miss,actual_near_miss,133,6,7,3,233,225,308473,29352930847419817,308473,7,prime_block_le_7,1,7,1.94591014906,1,0,1,7,0,,-10.6934794492,0,,,,none_visible,0.0513186741583,0.333333333333,-0.282014659175,existing_near_power_csv,local_obstruction_before_drift
rank133_Q7_random_root_sets,random_root_sets,133,6,7,3,233,225,308473,29352930847419817,308473,7,prime_block_le_7,1,7,1.94591014906,1,0,1,7,0,,-10.6934794492,0,,,,none_visible,0.0513186741583,0.333333333333,-0.282014659175,deterministic_seeded_random_sets_same_cardinality,local_obstruction_before_drift
rank133_Q7_exact_power_anchor,exact_power_anchor,133,6,7,3,233,225,308473,29352930847419817,308473,7,prime_block_le_7,1,7,1.94591014906,3,1.09861228867,0,0,132204,1 2 4 8 9 11 15 16 18 22 23 25,-11.7920917379,-10.6934891745,,,,constructed_exact_power_root,0.0513186741583,0.333333333333,-0.282014659175,C_from_near_power_row_as_positive_control,positive_control_survivor
rank134_Q7_actual_near_miss,actual_near_miss,134,6,7,3,241,229,321469,33221351612604709,321469,7,prime_block_le_7,1,7,1.94591014906,3,1.09861228867,0,0,137772,3 5 6 10 12 13 17 19 20 24 26 27,-11.8333585346,-10.7347431352,,,,none_visible,0.051151667244,0.333333333333,-0.282181666089,existing_near_power_csv,low_section_survivor_requires_anchor_audit
rank134_Q7_random_root_sets,random_root_sets,134,6,7,3,241,229,321469,33221351612604709,321469,7,prime_block_le_7,1,7,1.94591014906,3,1.09861228867,0,0,137773,1 3 6 8 10 13 15 17 20 22 24 27,-11.8333585346,-10.7347503936,,,,none_visible,0.051151667244,0.333333333333,-0.282181666089,deterministic_seeded_random_sets_same_cardinality,low_section_survivor_requires_anchor_audit
rank134_Q7_exact_power_anchor,exact_power_anchor,134,6,7,3,241,229,321469,33221351612604709,321469,7,prime_block_le_7,1,7,1.94591014906,3,1.09861228867,0,0,137773,1 2 4 8 9 11 15 16 18 22 23 25,-11.8333585346,-10.7347503936,,,,constructed_exact_power_root,0.051151667244,0.333333333333,-0.282181666089,C_from_near_power_row_as_positive_control,positive_control_survivor
rank135_Q7_actual_near_miss,actual_near_miss,135,6,7,3,187,230,324250,34091016765625000,324250,7,prime_block_le_7,1,7,1.94591014906,1,0,0,0,46321,7 14 21 28 35 42 49 56 63 70 77 84,-10.7433599531,-10.743350701,,,,none_visible,0.0511169445625,0.333333333333,-0.282216388771,existing_near_power_csv,low_section_survivor_requires_anchor_audit
rank135_Q7_random_root_sets,random_root_sets,135,6,7,3,187,230,324250,34091016765625000,324250,7,prime_block_le_7,1,7,1.94591014906,1,0,0,0,46321,7 14 21 28 35 42 49 56 63 70 77 84,-10.7433599531,-10.743350701,,,,none_visible,0.0511169445625,0.333333333333,-0.282216388771,deterministic_seeded_random_sets_same_cardinality,low_section_survivor_requires_anchor_audit
rank135_Q7_exact_power_anchor,exact_power_anchor,135,6,7,3,187,230,324250,34091016765625000,324250,7,prime_block_le_7,1,7,1.94591014906,3,1.09861228867,0,0,138964,3 5 6 10 12 13 17 19 20 24 26 27,-11.8419722418,-10.7433578971,,,,constructed_exact_power_root,0.0511169445625,0.333333333333,-0.282216388771,C_from_near_power_row_as_positive_control,positive_control_survivor
rank136_Q7_actual_near_miss,actual_near_miss,136,5,6,3,207,164,27070,19836487243000,27070,7,prime_block_le_7,1,7,1.94591014906,1,0,1,7,0,,-8.26027123355,0,,,,none_visible,0.0635533204865,0.333333333333,-0.269780012847,existing_near_power_csv,local_obstruction_before_drift
rank136_Q7_random_root_sets,random_root_sets,136,5,6,3,207,164,27070,19836487243000,27070,7,prime_block_le_7,1,7,1.94591014906,1,0,1,7,0,,-8.26027123355,0,,,,none_visible,0.0635533204865,0.333333333333,-0.269780012847,deterministic_seeded_random_sets_same_cardinality,local_obstruction_before_drift
rank136_Q7_exact_power_anchor,exact_power_anchor,136,5,6,3,207,164,27070,19836487243000,27070,7,prime_block_le_7,1,7,1.94591014906,3,1.09861228867,0,0,11602,1 2 4 8 9 11 15 16 18 22 23 25,-9.35888352222,-8.26032048736,,,,constructed_exact_power_root,0.0635533204865,0.333333333333,-0.269780012847,C_from_near_power_row_as_positive_control,positive_control_survivor
rank137_Q7_actual_near_miss,actual_near_miss,137,6,7,3,222,125,84181,596543669701741,84181,7,prime_block_le_7,1,7,1.94591014906,1,0,0,0,12025,7 14 21 28 35 42 49 56 63 70 77 84,-9.3948143725,-9.39474309497,,,,none_visible,0.0571953507131,0.333333333333,-0.27613798262,existing_near_power_csv,low_section_survivor_requires_anchor_audit
rank137_Q7_random_root_sets,random_root_sets,137,6,7,3,222,125,84181,596543669701741,84181,7,prime_block_le_7,1,7,1.94591014906,1,0,0,0,12026,6 13 20 27 34 41 48 55 62 69 76 83,-9.3948143725,-9.3948262516,,,,none_visible,0.0571953507131,0.333333333333,-0.27613798262,deterministic_seeded_random_sets_same_cardinality,low_section_survivor_requires_anchor_audit
rank137_Q7_exact_power_anchor,exact_power_anchor,137,6,7,3,222,125,84181,596543669701741,84181,7,prime_block_le_7,1,7,1.94591014906,3,1.09861228867,0,0,36078,3 5 6 10 12 13 17 19 20 24 26 27,-10.4934266612,-9.3948262516,,,,constructed_exact_power_root,0.0571953507131,0.333333333333,-0.27613798262,C_from_near_power_row_as_positive_control,positive_control_survivor
rank138_Q7_actual_near_miss,actual_near_miss,138,6,7,3,243,188,204134,8506404623478104,204134,7,prime_block_le_7,1,7,1.94591014906,1,0,0,0,29162,7 14 21 28 35 42 49 56 63 70 77 84,-10.2806217709,-10.2806217709,,,,none_visible,0.0530515701917,0.333333333333,-0.280281763142,existing_near_power_csv,low_section_survivor_requires_anchor_audit
rank138_Q7_random_root_sets,random_root_sets,138,6,7,3,243,188,204134,8506404623478104,204134,7,prime_block_le_7,1,7,1.94591014906,1,0,0,0,29162,2 9 16 23 30 37 44 51 58 65 72 79,-10.2806217709,-10.2806217709,,,,none_visible,0.0530515701917,0.333333333333,-0.280281763142,deterministic_seeded_random_sets_same_cardinality,low_section_survivor_requires_anchor_audit
rank138_Q7_exact_power_anchor,exact_power_anchor,138,6,7,3,243,188,204134,8506404623478104,204134,7,prime_block_le_7,1,7,1.94591014906,1,0,0,0,29162,7 14 21 28 35 42 49 56 63 70 77 84,-10.2806217709,-10.2806217709,,,,constructed_exact_power_root,0.0530515701917,0.333333333333,-0.280281763142,C_from_near_power_row_as_positive_control,positive_control_survivor
rank139_Q7_actual_near_miss,actual_near_miss,139,6,7,3,208,203,242650,14286994809625000,242650,7,prime_block_le_7,1,7,1.94591014906,3,1.09861228867,0,0,103994,1 2 4 8 9 11 15 16 18 22 23 25,-11.5520774944,-10.4534761955,,,,none_visible,0.052312047808,0.333333333333,-0.281021285525,existing_near_power_csv,low_section_survivor_requires_anchor_audit
rank139_Q7_random_root_sets,random_root_sets,139,6,7,3,208,203,242650,14286994809625000,242650,7,prime_block_le_7,1,7,1.94591014906,3,1.09861228867,0,0,103993,1 6 7 8 13 14 15 20 21 22 27 28,-11.5520774944,-10.4534665795,,,,none_visible,0.052312047808,0.333333333333,-0.281021285525,deterministic_seeded_random_sets_same_cardinality,low_section_survivor_requires_anchor_audit
rank139_Q7_exact_power_anchor,exact_power_anchor,139,6,7,3,208,203,242650,14286994809625000,242650,7,prime_block_le_7,1,7,1.94591014906,3,1.09861228867,0,0,103994,1 2 4 8 9 11 15 16 18 22 23 25,-11.5520774944,-10.4534761955,,,,constructed_exact_power_root,0.052312047808,0.333333333333,-0.281021285525,C_from_near_power_row_as_positive_control,positive_control_survivor
rank140_Q7_actual_near_miss,actual_near_miss,140,7,7,3,121,160,145245,3064104500581125,145245,7,prime_block_le_7,1,7,1.94591014906,3,1.09861228867,0,0,62249,1 2 4 8 9 11 15 16 18 22 23 25,-11.0388793903,-9.94028546127,,,,none_visible,0.0545706750514,0.333333333333,-0.278762658282,existing_near_power_csv,low_section_survivor_requires_anchor_audit
rank140_Q7_random_root_sets,random_root_sets,140,7,7,3,121,160,145245,3064104500581125,145245,7,prime_block_le_7,1,7,1.94591014906,3,1.09861228867,0,0,62247,3 4 5 10 11 12 17 18 19 24 25 26,-11.0388793903,-9.94025333173,,,,none_visible,0.0545706750514,0.333333333333,-0.278762658282,deterministic_seeded_random_sets_same_cardinality,low_section_survivor_requires_anchor_audit
rank140_Q7_exact_power_anchor,exact_power_anchor,140,7,7,3,121,160,145245,3064104500581125,145245,7,prime_block_le_7,1,7,1.94591014906,3,1.09861228867,0,0,62249,1 2 4 8 9 11 15 16 18 22 23 25,-11.0388793903,-9.94028546127,,,,constructed_exact_power_root,0.0545706750514,0.333333333333,-0.278762658282,C_from_near_power_row_as_positive_control,positive_control_survivor
rank141_Q7_actual_near_miss,actual_near_miss,141,6,6,4,158,165,2445,35736782900625,2445,7,prime_block_le_7,3,105,4.65396035016,4,1.38629436112,1,5,0,,-4.53413441287,1.38629436112,1.00061349693,1.00061349693,1.00061349693,none_visible,0.149130973314,0.25,-0.100869026686,existing_near_power_csv,local_obstruction_before_drift
rank141_Q7_random_root_sets,random_root_sets,141,6,6,4,158,165,2445,35736782900625,2445,7,prime_block_le_7,3,105,4.65396035016,4,1.38629436112,1,5,0,,-4.53413441287,1.38629436112,1.00061349693,1.00061349693,1.00061349693,none_visible,0.149130973314,0.25,-0.100869026686,deterministic_seeded_random_sets_same_cardinality,local_obstruction_before_drift
rank141_Q7_exact_power_anchor,exact_power_anchor,141,6,6,4,158,165,2445,35736782900625,2445,7,prime_block_le_7,3,105,4.65396035016,2,0.69314718056,0,0,47,30 75 135 180 240 285 345 390 450 495 555 600,-3.84098723231,-3.15700042115,1.00102249489,1,1.00204498978,constructed_exact_power_root,0.149130973314,0.25,-0.100869026686,C_from_near_power_row_as_positive_control,positive_control_survivor
rank142_Q7_actual_near_miss,actual_near_miss,142,6,7,3,91,125,78156,477405010420416,78156,7,prime_block_le_7,1,7,1.94591014906,3,1.09861228867,0,0,33495,3 5 6 10 12 13 17 19 20 24 26 27,-10.4191642479,-9.32053916427,,,,none_visible,0.0575723514724,0.333333333333,-0.275760981861,existing_near_power_csv,low_section_survivor_requires_anchor_audit
rank142_Q7_random_root_sets,random_root_sets,142,6,7,3,91,125,78156,477405010420416,78156,7,prime_block_le_7,1,7,1.94591014906,3,1.09861228867,0,0,33496,1 2 4 8 9 11 15 16 18 22 23 25,-10.4191642479,-9.32056901903,,,,none_visible,0.0575723514724,0.333333333333,-0.275760981861,deterministic_seeded_random_sets_same_cardinality,low_section_survivor_requires_anchor_audit
rank142_Q7_exact_power_anchor,exact_power_anchor,142,6,7,3,91,125,78156,477405010420416,78156,7,prime_block_le_7,1,7,1.94591014906,3,1.09861228867,0,0,33496,1 2 4 8 9 11 15 16 18 22 23 25,-10.4191642479,-9.32056901903,,,,constructed_exact_power_root,0.0575723514724,0.333333333333,-0.275760981861,C_from_near_power_row_as_positive_control,positive_control_survivor
rank143_Q7_actual_near_miss,actual_near_miss,143,6,6,3,203,211,54087,158226302836503,54087,7,prime_block_le_7,1,7,1.94591014906,3,1.09861228867,0,0,23181,1 2 4 8 9 11 15 16 18 22 23 25,-10.0510512798,-8.95247596793,,,,none_visible,0.0595169697728,0.333333333333,-0.27381636356,existing_near_power_csv,low_section_survivor_requires_anchor_audit
rank143_Q7_random_root_sets,random_root_sets,143,6,6,3,203,211,54087,158226302836503,54087,7,prime_block_le_7,1,7,1.94591014906,3,1.09861228867,0,0,23180,1 3 6 8 10 13 15 17 20 22 24 27,-10.0510512798,-8.95243282823,,,,none_visible,0.0595169697728,0.333333333333,-0.27381636356,deterministic_seeded_random_sets_same_cardinality,low_section_survivor_requires_anchor_audit
rank143_Q7_exact_power_anchor,exact_power_anchor,143,6,6,3,203,211,54087,158226302836503,54087,7,prime_block_le_7,1,7,1.94591014906,3,1.09861228867,0,0,23180,3 5 6 10 12 13 17 19 20 24 26 27,-10.0510512798,-8.95243282823,,,,constructed_exact_power_root,0.0595169697728,0.333333333333,-0.27381636356,C_from_near_power_row_as_positive_control,positive_control_survivor
rank144_Q7_actual_near_miss,actual_near_miss,144,7,7,3,53,131,87208,663237356902912,87208,7,prime_block_le_7,1,7,1.94591014906,1,0,1,7,0,,-9.43014119975,0,,,,none_visible,0.0570177380941,0.333333333333,-0.276315595239,existing_near_power_csv,local_obstruction_before_drift
rank144_Q7_random_root_sets,random_root_sets,144,7,7,3,53,131,87208,663237356902912,87208,7,prime_block_le_7,1,7,1.94591014906,1,0,1,7,0,,-9.43014119975,0,,,,none_visible,0.0570177380941,0.333333333333,-0.276315595239,deterministic_seeded_random_sets_same_cardinality,local_obstruction_before_drift
rank144_Q7_exact_power_anchor,exact_power_anchor,144,7,7,3,53,131,87208,663237356902912,87208,7,prime_block_le_7,1,7,1.94591014906,3,1.09861228867,0,0,37376,1 2 4 8 9 11 15 16 18 22 23 25,-10.5287534884,-9.43017177752,,,,constructed_exact_power_root,0.0570177380941,0.333333333333,-0.276315595239,C_from_near_power_row_as_positive_control,positive_control_survivor
rank145_Q7_actual_near_miss,actual_near_miss,145,6,7,3,107,108,55708,172883163454912,55708,7,prime_block_le_7,1,7,1.94591014906,1,0,1,7,0,,-8.98196889312,0,,,,none_visible,0.0593561398189,0.333333333333,-0.273977193514,existing_near_power_csv,local_obstruction_before_drift
rank145_Q7_random_root_sets,random_root_sets,145,6,7,3,107,108,55708,172883163454912,55708,7,prime_block_le_7,1,7,1.94591014906,1,0,1,7,0,,-8.98196889312,0,,,,none_visible,0.0593561398189,0.333333333333,-0.273977193514,deterministic_seeded_random_sets_same_cardinality,local_obstruction_before_drift
rank145_Q7_exact_power_anchor,exact_power_anchor,145,6,7,3,107,108,55708,172883163454912,55708,7,prime_block_le_7,1,7,1.94591014906,3,1.09861228867,0,0,23876,1 2 4 8 9 11 15 16 18 22 23 25,-10.0805811818,-8.98201676062,,,,constructed_exact_power_root,0.0593561398189,0.333333333333,-0.273977193514,C_from_near_power_row_as_positive_control,positive_control_survivor
rank146_Q7_actual_near_miss,actual_near_miss,146,6,7,3,232,245,375964,53142108853841344,375964,7,prime_block_le_7,1,7,1.94591014906,3,1.09861228867,0,0,161128,1 2 4 8 9 11 15 16 18 22 23 25,-11.9899508127,-10.8913420705,,,,none_visible,0.0505277051858,0.333333333333,-0.282805628148,existing_near_power_csv,low_section_survivor_requires_anchor_audit
rank146_Q7_random_root_sets,random_root_sets,146,6,7,3,232,245,375964,53142108853841344,375964,7,prime_block_le_7,1,7,1.94591014906,3,1.09861228867,0,0,161127,2 3 5 9 10 12 16 17 19 23 24 26,-11.9899508127,-10.8913358642,,,,none_visible,0.0505277051858,0.333333333333,-0.282805628148,deterministic_seeded_random_sets_same_cardinality,low_section_survivor_requires_anchor_audit
rank146_Q7_exact_power_anchor,exact_power_anchor,146,6,7,3,232,245,375964,53142108853841344,375964,7,prime_block_le_7,1,7,1.94591014906,3,1.09861228867,0,0,161128,1 2 4 8 9 11 15 16 18 22 23 25,-11.9899508127,-10.8913420705,,,,constructed_exact_power_root,0.0505277051858,0.333333333333,-0.282805628148,C_from_near_power_row_as_positive_control,positive_control_survivor
rank147_Q7_actual_near_miss,actual_near_miss,147,7,7,3,171,214,291735,24829364618490375,291735,7,prime_block_le_7,1,7,1.94591014906,1,0,0,0,41676,7 14 21 28 35 42 49 56 63 70 77 84,-10.6376909859,-10.6376807025,,,,none_visible,0.0515461916979,0.333333333333,-0.281787141635,existing_near_power_csv,low_section_survivor_requires_anchor_audit
rank147_Q7_random_root_sets,random_root_sets,147,7,7,3,171,214,291735,24829364618490375,291735,7,prime_block_le_7,1,7,1.94591014906,1,0,0,0,41677,3 10 17 24 31 38 45 52 59 66 73 80,-10.6376909859,-10.6377046969,,,,none_visible,0.0515461916979,0.333333333333,-0.281787141635,deterministic_seeded_random_sets_same_cardinality,low_section_survivor_requires_anchor_audit
rank147_Q7_exact_power_anchor,exact_power_anchor,147,7,7,3,171,214,291735,24829364618490375,291735,7,prime_block_le_7,1,7,1.94591014906,3,1.09861228867,0,0,125029,3 5 6 10 12 13 17 19 20 24 26 27,-11.7363032746,-10.6376887007,,,,constructed_exact_power_root,0.0515461916979,0.333333333333,-0.281787141635,C_from_near_power_row_as_positive_control,positive_control_survivor
rank148_Q7_actual_near_miss,actual_near_miss,148,6,7,3,180,139,101204,1036556630137664,101204,7,prime_block_le_7,1,7,1.94591014906,1,0,0,0,14457,7 14 21 28 35 42 49 56 63 70 77 84,-9.57898341169,-9.57893400531,,,,none_visible,0.0562813628545,0.333333333333,-0.277051970479,existing_near_power_csv,low_section_survivor_requires_anchor_audit
rank148_Q7_random_root_sets,random_root_sets,148,6,7,3,180,139,101204,1036556630137664,101204,7,prime_block_le_7,1,7,1.94591014906,1,0,0,0,14458,2 9 16 23 30 37 44 51 58 65 72 79,-9.57898341169,-9.57900317356,,,,none_visible,0.0562813628545,0.333333333333,-0.277051970479,deterministic_seeded_random_sets_same_cardinality,low_section_survivor_requires_anchor_audit
rank148_Q7_exact_power_anchor,exact_power_anchor,148,6,7,3,180,139,101204,1036556630137664,101204,7,prime_block_le_7,1,7,1.94591014906,3,1.09861228867,0,0,43373,3 5 6 10 12 13 17 19 20 24 26 27,-10.6775957004,-9.57898011801,,,,constructed_exact_power_root,0.0562813628545,0.333333333333,-0.277051970479,C_from_near_power_row_as_positive_control,positive_control_survivor
rank149_Q7_actual_near_miss,actual_near_miss,149,6,7,3,241,201,237820,13450707367768000,237820,7,prime_block_le_7,1,7,1.94591014906,3,1.09861228867,0,0,101922,3 5 6 10 12 13 17 19 20 24 26 27,-11.5319715036,-10.4333508052,,,,none_visible,0.0523970112678,0.333333333333,-0.280936322066,existing_near_power_csv,low_section_survivor_requires_anchor_audit
rank149_Q7_random_root_sets,random_root_sets,149,6,7,3,241,201,237820,13450707367768000,237820,7,prime_block_le_7,1,7,1.94591014906,3,1.09861228867,0,0,101923,1 3 4 8 10 11 15 17 18 22 24 25,-11.5319715036,-10.4333606166,,,,none_visible,0.0523970112678,0.333333333333,-0.280936322066,deterministic_seeded_random_sets_same_cardinality,low_section_survivor_requires_anchor_audit
rank149_Q7_exact_power_anchor,exact_power_anchor,149,6,7,3,241,201,237820,13450707367768000,237820,7,prime_block_le_7,1,7,1.94591014906,3,1.09861228867,0,0,101924,1 2 4 8 9 11 15 16 18 22 23 25,-11.5319715036,-10.4333704278,,,,constructed_exact_power_root,0.0523970112678,0.333333333333,-0.280936322066,C_from_near_power_row_as_positive_control,positive_control_survivor
rank150_Q7_actual_near_miss,actual_near_miss,150,7,7,3,161,185,217016,10220573438660096,217016,7,prime_block_le_7,1,7,1.94591014906,1,0,1,7,0,,-10.3418162135,0,,,,none_visible,0.0527873666141,0.333333333333,-0.280545966719,existing_near_power_csv,local_obstruction_before_drift
rank150_Q7_random_root_sets,random_root_sets,150,7,7,3,161,185,217016,10220573438660096,217016,7,prime_block_le_7,1,7,1.94591014906,1,0,1,7,0,,-10.3418162135,0,,,,none_visible,0.0527873666141,0.333333333333,-0.280545966719,deterministic_seeded_random_sets_same_cardinality,local_obstruction_before_drift
rank150_Q7_exact_power_anchor,exact_power_anchor,150,7,7,3,161,185,217016,10220573438660096,217016,7,prime_block_le_7,1,7,1.94591014906,3,1.09861228867,0,0,93008,1 2 4 8 9 11 15 16 18 22 23 25,-11.4404285021,-10.3418285013,,,,constructed_exact_power_root,0.0527873666141,0.333333333333,-0.280545966719,C_from_near_power_row_as_positive_control,positive_control_survivor
rank151_Q7_actual_near_miss,actual_near_miss,151,6,7,3,203,178,178961,5731591019717681,178961,7,prime_block_le_7,1,7,1.94591014906,1,0,1,7,0,,-10.1490130349,0,,,,none_visible,0.0536288413316,0.333333333333,-0.279704492002,existing_near_power_csv,local_obstruction_before_drift
rank151_Q7_random_root_sets,random_root_sets,151,6,7,3,203,178,178961,5731591019717681,178961,7,prime_block_le_7,1,7,1.94591014906,1,0,1,7,0,,-10.1490130349,0,,,,none_visible,0.0536288413316,0.333333333333,-0.279704492002,deterministic_seeded_random_sets_same_cardinality,local_obstruction_before_drift
rank151_Q7_exact_power_anchor,exact_power_anchor,151,6,7,3,203,178,178961,5731591019717681,178961,7,prime_block_le_7,1,7,1.94591014906,3,1.09861228867,0,0,76698,3 5 6 10 12 13 17 19 20 24 26 27,-11.2476253236,-10.1490186227,,,,constructed_exact_power_root,0.0536288413316,0.333333333333,-0.279704492002,C_from_near_power_row_as_positive_control,positive_control_survivor
rank152_Q7_actual_near_miss,actual_near_miss,152,6,7,3,201,128,85676,628894137795776,85676,7,prime_block_le_7,1,7,1.94591014906,1,0,1,7,0,,-9.41241786964,0,,,,none_visible,0.057106707544,0.333333333333,-0.276226625789,existing_near_power_csv,local_obstruction_before_drift
rank152_Q7_random_root_sets,random_root_sets,152,6,7,3,201,128,85676,628894137795776,85676,7,prime_block_le_7,1,7,1.94591014906,1,0,1,7,0,,-9.41241786964,0,,,,none_visible,0.057106707544,0.333333333333,-0.276226625789,deterministic_seeded_random_sets_same_cardinality,local_obstruction_before_drift
rank152_Q7_exact_power_anchor,exact_power_anchor,152,6,7,3,201,128,85676,628894137795776,85676,7,prime_block_le_7,1,7,1.94591014906,3,1.09861228867,0,0,36718,3 5 6 10 12 13 17 19 20 24 26 27,-10.5110301583,-9.41241008835,,,,constructed_exact_power_root,0.057106707544,0.333333333333,-0.276226625789,C_from_near_power_row_as_positive_control,positive_control_survivor
rank153_Q7_actual_near_miss,actual_near_miss,153,6,6,4,74,203,2894,70144578055696,2894,7,prime_block_le_7,3,105,4.65396035016,2,0.69314718056,1,3,0,,-4.00958173759,0.69314718056,1.00380096752,1.00380096752,1.00380096752,none_visible,0.145976466798,0.25,-0.104023533202,existing_near_power_csv,local_obstruction_before_drift
rank153_Q7_random_root_sets,random_root_sets,153,6,6,4,74,203,2894,70144578055696,2894,7,prime_block_le_7,3,105,4.65396035016,2,0.69314718056,1,3,0,,-4.00958173759,0.69314718056,1.00380096752,1.00380096752,1.00380096752,none_visible,0.145976466798,0.25,-0.104023533202,deterministic_seeded_random_sets_same_cardinality,local_obstruction_before_drift
rank153_Q7_exact_power_anchor,exact_power_anchor,153,6,6,4,74,203,2894,70144578055696,2894,7,prime_block_le_7,3,105,4.65396035016,16,2.77258872224,0,0,442,4 11 17 31 32 38 46 52 53 59 67 73,-6.08902327927,-3.31872115984,1.00056150657,1.0003455425,1.00077747063,constructed_exact_power_root,0.145976466798,0.25,-0.104023533202,C_from_near_power_row_as_positive_control,positive_control_survivor
rank154_Q7_actual_near_miss,actual_near_miss,154,6,6,3,153,250,63576,256968328766976,63576,7,prime_block_le_7,1,7,1.94591014906,1,0,1,7,0,,-9.11408117056,0,,,,none_visible,0.0586471270733,0.333333333333,-0.27468620626,existing_near_power_csv,local_obstruction_before_drift
rank154_Q7_random_root_sets,random_root_sets,154,6,6,3,153,250,63576,256968328766976,63576,7,prime_block_le_7,1,7,1.94591014906,1,0,1,7,0,,-9.11408117056,0,,,,none_visible,0.0586471270733,0.333333333333,-0.27468620626,deterministic_seeded_random_sets_same_cardinality,local_obstruction_before_drift
rank154_Q7_exact_power_anchor,exact_power_anchor,154,6,6,3,153,250,63576,256968328766976,63576,7,prime_block_le_7,1,7,1.94591014906,3,1.09861228867,0,0,27248,1 2 4 8 9 11 15 16 18 22 23 25,-10.2126934592,-9.11412311423,,,,constructed_exact_power_root,0.0586471270733,0.333333333333,-0.27468620626,C_from_near_power_row_as_positive_control,positive_control_survivor
rank155_Q7_actual_near_miss,actual_near_miss,155,6,7,3,65,93,39202,60245508310408,39202,7,prime_block_le_7,1,7,1.94591014906,1,0,1,7,0,,-8.63057289583,0,,,,none_visible,0.0613282046214,0.333333333333,-0.272005128712,existing_near_power_csv,local_obstruction_before_drift
rank155_Q7_random_root_sets,random_root_sets,155,6,7,3,65,93,39202,60245508310408,39202,7,prime_block_le_7,1,7,1.94591014906,1,0,1,7,0,,-8.63057289583,0,,,,none_visible,0.0613282046214,0.333333333333,-0.272005128712,deterministic_seeded_random_sets_same_cardinality,local_obstruction_before_drift
rank155_Q7_exact_power_anchor,exact_power_anchor,155,6,7,3,65,93,39202,60245508310408,39202,7,prime_block_le_7,1,7,1.94591014906,3,1.09861228867,0,0,16802,1 2 4 8 9 11 15 16 18 22 23 25,-9.7291851845,-8.63064091726,,,,constructed_exact_power_root,0.0613282046214,0.333333333333,-0.272005128712,C_from_near_power_row_as_positive_control,positive_control_survivor
rank156_Q7_actual_near_miss,actual_near_miss,156,6,6,3,123,193,38063,55145368716047,38063,7,prime_block_le_7,1,7,1.94591014906,1,0,1,7,0,,-8.6010878116,0,,,,none_visible,0.0614996531498,0.333333333333,-0.271833680184,existing_near_power_csv,local_obstruction_before_drift
rank156_Q7_random_root_sets,random_root_sets,156,6,6,3,123,193,38063,55145368716047,38063,7,prime_block_le_7,1,7,1.94591014906,1,0,1,7,0,,-8.6010878116,0,,,,none_visible,0.0614996531498,0.333333333333,-0.271833680184,deterministic_seeded_random_sets_same_cardinality,local_obstruction_before_drift
rank156_Q7_exact_power_anchor,exact_power_anchor,156,6,6,3,123,193,38063,55145368716047,38063,7,prime_block_le_7,1,7,1.94591014906,3,1.09861228867,0,0,16314,1 2 4 8 9 11 15 16 18 22 23 25,-9.69970010027,-8.60116662519,,,,constructed_exact_power_root,0.0614996531498,0.333333333333,-0.271833680184,C_from_near_power_row_as_positive_control,positive_control_survivor
rank157_Q7_actual_near_miss,actual_near_miss,157,7,7,3,182,229,340966,39639961520548696,340966,7,prime_block_le_7,1,7,1.94591014906,1,0,1,7,0,,-10.7936278955,0,,,,none_visible,0.0509152462266,0.333333333333,-0.282418087107,existing_near_power_csv,local_obstruction_before_drift
rank157_Q7_random_root_sets,random_root_sets,157,7,7,3,182,229,340966,39639961520548696,340966,7,prime_block_le_7,1,7,1.94591014906,1,0,1,7,0,,-10.7936278955,0,,,,none_visible,0.0509152462266,0.333333333333,-0.282418087107,deterministic_seeded_random_sets_same_cardinality,local_obstruction_before_drift
rank157_Q7_exact_power_anchor,exact_power_anchor,157,7,7,3,182,229,340966,39639961520548696,340966,7,prime_block_le_7,1,7,1.94591014906,3,1.09861228867,0,0,146128,3 5 6 10 12 13 17 19 20 24 26 27,-11.8922401842,-10.7936259403,,,,constructed_exact_power_root,0.0509152462266,0.333333333333,-0.282418087107,C_from_near_power_row_as_positive_control,positive_control_survivor
rank158_Q7_actual_near_miss,actual_near_miss,158,6,7,3,188,165,149981,3373717662443141,149981,7,prime_block_le_7,1,7,1.94591014906,1,0,1,7,0,,-9.97235374933,0,,,,none_visible,0.0544237585173,0.333333333333,-0.278909574816,existing_near_power_csv,local_obstruction_before_drift
rank158_Q7_random_root_sets,random_root_sets,158,6,7,3,188,165,149981,3373717662443141,149981,7,prime_block_le_7,1,7,1.94591014906,1,0,1,7,0,,-9.97235374933,0,,,,none_visible,0.0544237585173,0.333333333333,-0.278909574816,deterministic_seeded_random_sets_same_cardinality,local_obstruction_before_drift
rank158_Q7_exact_power_anchor,exact_power_anchor,158,6,7,3,188,165,149981,3373717662443141,149981,7,prime_block_le_7,1,7,1.94591014906,3,1.09861228867,0,0,64278,3 5 6 10 12 13 17 19 20 24 26 27,-11.070966038,-9.97236041682,,,,constructed_exact_power_root,0.0544237585173,0.333333333333,-0.278909574816,C_from_near_power_row_as_positive_control,positive_control_survivor
rank159_Q7_actual_near_miss,actual_near_miss,159,6,7,3,149,129,84596,605409854140736,84596,7,prime_block_le_7,1,7,1.94591014906,1,0,1,7,0,,-9.3997321141,0,,,,none_visible,0.0571705595247,0.333333333333,-0.276162773809,existing_near_power_csv,local_obstruction_before_drift
rank159_Q7_random_root_sets,random_root_sets,159,6,7,3,149,129,84596,605409854140736,84596,7,prime_block_le_7,1,7,1.94591014906,1,0,1,7,0,,-9.3997321141,0,,,,none_visible,0.0571705595247,0.333333333333,-0.276162773809,deterministic_seeded_random_sets_same_cardinality,local_obstruction_before_drift
rank159_Q7_exact_power_anchor,exact_power_anchor,159,6,7,3,149,129,84596,605409854140736,84596,7,prime_block_le_7,1,7,1.94591014906,3,1.09861228867,0,0,36256,1 2 4 8 9 11 15 16 18 22 23 25,-10.4983444028,-9.39974787516,,,,constructed_exact_power_root,0.0571705595247,0.333333333333,-0.276162773809,C_from_near_power_row_as_positive_control,positive_control_survivor
rank160_Q7_actual_near_miss,actual_near_miss,160,6,7,3,204,229,321069,33097495072171509,321069,7,prime_block_le_7,1,7,1.94591014906,3,1.09861228867,0,0,137601,3 5 6 10 12 13 17 19 20 24 26 27,-11.8321134719,-10.7335011832,,,,none_visible,0.0511566901139,0.333333333333,-0.282176643219,existing_near_power_csv,low_section_survivor_requires_anchor_audit
rank160_Q7_random_root_sets,random_root_sets,160,6,7,3,204,229,321069,33097495072171509,321069,7,prime_block_le_7,1,7,1.94591014906,3,1.09861228867,0,0,137601,1 5 7 8 12 14 15 19 21 22 26 28,-11.8321134719,-10.7335011832,,,,none_visible,0.0511566901139,0.333333333333,-0.282176643219,deterministic_seeded_random_sets_same_cardinality,low_section_survivor_requires_anchor_audit
rank160_Q7_exact_power_anchor,exact_power_anchor,160,6,7,3,204,229,321069,33097495072171509,321069,7,prime_block_le_7,1,7,1.94591014906,1,0,0,0,45867,7 14 21 28 35 42 49 56 63 70 77 84,-10.7335011832,-10.7335011832,,,,constructed_exact_power_root,0.0511566901139,0.333333333333,-0.282176643219,C_from_near_power_row_as_positive_control,positive_control_survivor
rank161_Q7_actual_near_miss,actual_near_miss,161,7,7,3,159,218,296128,25967995095089152,296128,7,prime_block_le_7,1,7,1.94591014906,3,1.09861228867,0,0,126912,3 5 6 10 12 13 17 19 20 24 26 27,-11.7512492119,-10.6526369232,,,,none_visible,0.0514850413013,0.333333333333,-0.281848292032,existing_near_power_csv,low_section_survivor_requires_anchor_audit
rank161_Q7_random_root_sets,random_root_sets,161,7,7,3,159,218,296128,25967995095089152,296128,7,prime_block_le_7,1,7,1.94591014906,3,1.09861228867,0,0,126912,1 2 4 8 9 11 15 16 18 22 23 25,-11.7512492119,-10.6526369232,,,,none_visible,0.0514850413013,0.333333333333,-0.281848292032,deterministic_seeded_random_sets_same_cardinality,low_section_survivor_requires_anchor_audit
rank161_Q7_exact_power_anchor,exact_power_anchor,161,7,7,3,159,218,296128,25967995095089152,296128,7,prime_block_le_7,1,7,1.94591014906,1,0,0,0,42304,7 14 21 28 35 42 49 56 63 70 77 84,-10.6526369232,-10.6526369232,,,,constructed_exact_power_root,0.0514850413013,0.333333333333,-0.281848292032,C_from_near_power_row_as_positive_control,positive_control_survivor
rank162_Q7_actual_near_miss,actual_near_miss,162,7,7,3,131,162,153124,3590292207490624,153124,7,prime_block_le_7,1,7,1.94591014906,3,1.09861228867,0,0,65625,3 5 6 10 12 13 17 19 20 24 26 27,-11.0917054693,-9.99309971123,,,,none_visible,0.0543292181468,0.333333333333,-0.279004115187,existing_near_power_csv,low_section_survivor_requires_anchor_audit
rank162_Q7_random_root_sets,random_root_sets,162,7,7,3,131,162,153124,3590292207490624,153124,7,prime_block_le_7,1,7,1.94591014906,3,1.09861228867,0,0,65625,2 5 6 9 12 13 16 19 20 23 26 27,-11.0917054693,-9.99309971123,,,,none_visible,0.0543292181468,0.333333333333,-0.279004115187,deterministic_seeded_random_sets_same_cardinality,low_section_survivor_requires_anchor_audit
rank162_Q7_exact_power_anchor,exact_power_anchor,162,7,7,3,131,162,153124,3590292207490624,153124,7,prime_block_le_7,1,7,1.94591014906,3,1.09861228867,0,0,65625,3 5 6 10 12 13 17 19 20 24 26 27,-11.0917054693,-9.99309971123,,,,constructed_exact_power_root,0.0543292181468,0.333333333333,-0.279004115187,C_from_near_power_row_as_positive_control,positive_control_survivor
rank163_Q7_actual_near_miss,actual_near_miss,163,6,7,3,217,184,193498,7244850723821992,193498,7,prime_block_le_7,1,7,1.94591014906,1,0,1,7,0,,-10.2271123064,0,,,,none_visible,0.0532847711999,0.333333333333,-0.280048562133,existing_near_power_csv,local_obstruction_before_drift
rank163_Q7_random_root_sets,random_root_sets,163,6,7,3,217,184,193498,7244850723821992,193498,7,prime_block_le_7,1,7,1.94591014906,1,0,1,7,0,,-10.2271123064,0,,,,none_visible,0.0532847711999,0.333333333333,-0.280048562133,deterministic_seeded_random_sets_same_cardinality,local_obstruction_before_drift
rank163_Q7_exact_power_anchor,exact_power_anchor,163,6,7,3,217,184,193498,7244850723821992,193498,7,prime_block_le_7,1,7,1.94591014906,3,1.09861228867,0,0,82929,1 2 4 8 9 11 15 16 18 22 23 25,-11.3257245951,-10.2271278103,,,,constructed_exact_power_root,0.0532847711999,0.333333333333,-0.280048562133,C_from_near_power_row_as_positive_control,positive_control_survivor
rank164_Q7_actual_near_miss,actual_near_miss,164,7,7,3,185,199,270421,19775216339828461,270421,7,prime_block_le_7,1,7,1.94591014906,3,1.09861228867,0,0,115894,3 5 6 10 12 13 17 19 20 24 26 27,-11.6604374225,-10.5618189706,,,,none_visible,0.0518588458808,0.333333333333,-0.281474487453,existing_near_power_csv,low_section_survivor_requires_anchor_audit
rank164_Q7_random_root_sets,random_root_sets,164,7,7,3,185,199,270421,19775216339828461,270421,7,prime_block_le_7,1,7,1.94591014906,3,1.09861228867,0,0,115894,1 6 7 8 13 14 15 20 21 22 27 28,-11.6604374225,-10.5618189706,,,,none_visible,0.0518588458808,0.333333333333,-0.281474487453,deterministic_seeded_random_sets_same_cardinality,low_section_survivor_requires_anchor_audit
rank164_Q7_exact_power_anchor,exact_power_anchor,164,7,7,3,185,199,270421,19775216339828461,270421,7,prime_block_le_7,1,7,1.94591014906,3,1.09861228867,0,0,115896,1 2 4 8 9 11 15 16 18 22 23 25,-11.6604374225,-10.5618362276,,,,constructed_exact_power_root,0.0518588458808,0.333333333333,-0.281474487453,C_from_near_power_row_as_positive_control,positive_control_survivor
rank165_Q7_actual_near_miss,actual_near_miss,165,7,7,3,81,199,231344,12381541599555584,231344,7,prime_block_le_7,1,7,1.94591014906,1,0,0,0,33049,7 14 21 28 35 42 49 56 63 70 77 84,-10.4057509102,-10.4057465876,,,,none_visible,0.052514128524,0.333333333333,-0.280819204809,existing_near_power_csv,low_section_survivor_requires_anchor_audit
rank165_Q7_random_root_sets,random_root_sets,165,7,7,3,81,199,231344,12381541599555584,231344,7,prime_block_le_7,1,7,1.94591014906,1,0,0,0,33049,3 10 17 24 31 38 45 52 59 66 73 80,-10.4057509102,-10.4057465876,,,,none_visible,0.052514128524,0.333333333333,-0.280819204809,deterministic_seeded_random_sets_same_cardinality,low_section_survivor_requires_anchor_audit
rank165_Q7_exact_power_anchor,exact_power_anchor,165,7,7,3,81,199,231344,12381541599555584,231344,7,prime_block_le_7,1,7,1.94591014906,3,1.09861228867,0,0,99148,1 2 4 8 9 11 15 16 18 22 23 25,-11.5043631989,-10.4057566736,,,,constructed_exact_power_root,0.052514128524,0.333333333333,-0.280819204809,C_from_near_power_row_as_positive_control,positive_control_survivor
rank166_Q7_actual_near_miss,actual_near_miss,166,6,7,3,221,161,142940,2920527724184000,142940,7,prime_block_le_7,1,7,1.94591014906,3,1.09861228867,0,0,61260,1 2 4 8 9 11 15 16 18 22 23 25,-11.0228823804,-9.92427009172,,,,none_visible,0.0546442179642,0.333333333333,-0.278689115369,existing_near_power_csv,low_section_survivor_requires_anchor_audit
rank166_Q7_random_root_sets,random_root_sets,166,6,7,3,221,161,142940,2920527724184000,142940,7,prime_block_le_7,1,7,1.94591014906,3,1.09861228867,0,0,61260,4 6 7 11 13 14 18 20 21 25 27 28,-11.0228823804,-9.92427009172,,,,none_visible,0.0546442179642,0.333333333333,-0.278689115369,deterministic_seeded_random_sets_same_cardinality,low_section_survivor_requires_anchor_audit
rank166_Q7_exact_power_anchor,exact_power_anchor,166,6,7,3,221,161,142940,2920527724184000,142940,7,prime_block_le_7,1,7,1.94591014906,1,0,0,0,20420,7 14 21 28 35 42 49 56 63 70 77 84,-9.92427009172,-9.92427009172,,,,constructed_exact_power_root,0.0546442179642,0.333333333333,-0.278689115369,C_from_near_power_row_as_positive_control,positive_control_survivor
rank167_Q7_actual_near_miss,actual_near_miss,167,6,7,4,127,91,2734,55871977259536,2734,7,prime_block_le_7,3,105,4.65396035016,2,0.69314718056,1,3,0,,-3.95270784769,0.69314718056,0.998536942209,0.998536942209,0.998536942209,none_visible,0.147025588862,0.25,-0.102974411138,existing_near_power_csv,local_obstruction_before_drift
rank167_Q7_random_root_sets,random_root_sets,167,6,7,4,127,91,2734,55871977259536,2734,7,prime_block_le_7,3,105,4.65396035016,2,0.69314718056,1,3,0,,-3.95270784769,0.69314718056,0.998536942209,0.998536942209,0.998536942209,none_visible,0.147025588862,0.25,-0.102974411138,deterministic_seeded_random_sets_same_cardinality,local_obstruction_before_drift
rank167_Q7_exact_power_anchor,exact_power_anchor,167,6,7,4,127,91,2734,55871977259536,2734,7,prime_block_le_7,3,105,4.65396035016,16,2.77258872224,0,0,417,4 11 17 31 32 38 46 52 53 59 67 73,-6.03214938937,-3.26049749956,1.00116587418,1.00059436723,1.00173738113,constructed_exact_power_root,0.147025588862,0.25,-0.102974411138,C_from_near_power_row_as_positive_control,positive_control_survivor
rank168_Q7_actual_near_miss,actual_near_miss,168,7,7,3,193,250,414101,71009889658672301,414101,7,prime_block_le_7,1,7,1.94591014906,1,0,1,7,0,,-10.9879550354,0,,,,none_visible,0.0501502611249,0.333333333333,-0.283183072208,existing_near_power_csv,local_obstruction_before_drift
rank168_Q7_random_root_sets,random_root_sets,168,7,7,3,193,250,414101,71009889658672301,414101,7,prime_block_le_7,1,7,1.94591014906,1,0,1,7,0,,-10.9879550354,0,,,,none_visible,0.0501502611249,0.333333333333,-0.283183072208,deterministic_seeded_random_sets_same_cardinality,local_obstruction_before_drift
rank168_Q7_exact_power_anchor,exact_power_anchor,168,7,7,3,193,250,414101,71009889658672301,414101,7,prime_block_le_7,1,7,1.94591014906,3,1.09861228867,0,0,177473,1 2 4 8 9 11 15 16 18 22 23 25,-12.086567324,-10.987961475,,,,constructed_exact_power_root,0.0501502611249,0.333333333333,-0.283183072208,C_from_near_power_row_as_positive_control,positive_control_survivor
rank169_Q7_actual_near_miss,actual_near_miss,169,7,7,3,229,237,421762,75024367721822728,421762,7,prime_block_le_7,1,7,1.94591014906,1,0,1,7,0,,-11.0062863038,0,,,,none_visible,0.0500792833641,0.333333333333,-0.283254049969,existing_near_power_csv,local_obstruction_before_drift
rank169_Q7_random_root_sets,random_root_sets,169,7,7,3,229,237,421762,75024367721822728,421762,7,prime_block_le_7,1,7,1.94591014906,1,0,1,7,0,,-11.0062863038,0,,,,none_visible,0.0500792833641,0.333333333333,-0.283254049969,deterministic_seeded_random_sets_same_cardinality,local_obstruction_before_drift
rank169_Q7_exact_power_anchor,exact_power_anchor,169,7,7,3,229,237,421762,75024367721822728,421762,7,prime_block_le_7,1,7,1.94591014906,3,1.09861228867,0,0,180755,3 5 6 10 12 13 17 19 20 24 26 27,-12.1048985925,-11.0062855135,,,,constructed_exact_power_root,0.0500792833641,0.333333333333,-0.283254049969,C_from_near_power_row_as_positive_control,positive_control_survivor
rank170_Q7_actual_near_miss,actual_near_miss,170,4,5,3,194,235,8955,718119583875,8955,7,prime_block_le_7,1,7,1.94591014906,1,0,1,7,0,,-7.15405716544,0,,,,none_visible,0.0712790160596,0.333333333333,-0.262054317274,existing_near_power_csv,local_obstruction_before_drift
rank170_Q7_random_root_sets,random_root_sets,170,4,5,3,194,235,8955,718119583875,8955,7,prime_block_le_7,1,7,1.94591014906,1,0,1,7,0,,-7.15405716544,0,,,,none_visible,0.0712790160596,0.333333333333,-0.262054317274,deterministic_seeded_random_sets_same_cardinality,local_obstruction_before_drift
rank170_Q7_exact_power_anchor,exact_power_anchor,170,4,5,3,194,235,8955,718119583875,8955,7,prime_block_le_7,1,7,1.94591014906,3,1.09861228867,0,0,3839,1 2 4 8 9 11 15 16 18 22 23 25,-8.25266945411,-7.15435490633,,,,constructed_exact_power_root,0.0712790160596,0.333333333333,-0.262054317274,C_from_near_power_row_as_positive_control,positive_control_survivor
rank171_Q7_actual_near_miss,actual_near_miss,171,7,7,3,87,218,286175,23436625181609375,286175,7,prime_block_le_7,1,7,1.94591014906,1,0,1,7,0,,-10.6184486417,0,,,,none_visible,0.0516251348081,0.333333333333,-0.281708198525,existing_near_power_csv,local_obstruction_before_drift
rank171_Q7_random_root_sets,random_root_sets,171,7,7,3,87,218,286175,23436625181609375,286175,7,prime_block_le_7,1,7,1.94591014906,1,0,1,7,0,,-10.6184486417,0,,,,none_visible,0.0516251348081,0.333333333333,-0.281708198525,deterministic_seeded_random_sets_same_cardinality,local_obstruction_before_drift
rank171_Q7_exact_power_anchor,exact_power_anchor,171,7,7,3,87,218,286175,23436625181609375,286175,7,prime_block_le_7,1,7,1.94591014906,3,1.09861228867,0,0,122647,1 2 4 8 9 11 15 16 18 22 23 25,-11.7170609304,-10.6184533009,,,,constructed_exact_power_root,0.0516251348081,0.333333333333,-0.281708198525,C_from_near_power_row_as_positive_control,positive_control_survivor
rank172_Q7_actual_near_miss,actual_near_miss,172,7,7,3,157,199,245021,14709906899144261,245021,7,prime_block_le_7,1,7,1.94591014906,3,1.09861228867,0,0,105009,3 5 6 10 12 13 17 19 20 24 26 27,-11.5618013398,-10.4631890511,,,,none_visible,0.0522710557705,0.333333333333,-0.281062277563,existing_near_power_csv,low_section_survivor_requires_anchor_audit
rank172_Q7_random_root_sets,random_root_sets,172,7,7,3,157,199,245021,14709906899144261,245021,7,prime_block_le_7,1,7,1.94591014906,3,1.09861228867,0,0,105009,1 5 6 8 12 13 15 19 20 22 26 27,-11.5618013398,-10.4631890511,,,,none_visible,0.0522710557705,0.333333333333,-0.281062277563,deterministic_seeded_random_sets_same_cardinality,low_section_survivor_requires_anchor_audit
rank172_Q7_exact_power_anchor,exact_power_anchor,172,7,7,3,157,199,245021,14709906899144261,245021,7,prime_block_le_7,1,7,1.94591014906,1,0,0,0,35003,7 14 21 28 35 42 49 56 63 70 77 84,-10.4631890511,-10.4631890511,,,,constructed_exact_power_root,0.0522710557705,0.333333333333,-0.281062277563,C_from_near_power_row_as_positive_control,positive_control_survivor
rank173_Q7_actual_near_miss,actual_near_miss,173,5,5,3,79,219,7973,506833476317,7973,7,prime_block_le_7,1,7,1.94591014906,3,1.09861228867,0,0,3417,1 2 4 8 9 11 15 16 18 22 23 25,-8.13651825212,-7.03790596345,,,,none_visible,0.0722005780427,0.333333333333,-0.261132755291,existing_near_power_csv,low_section_survivor_requires_anchor_audit
rank173_Q7_random_root_sets,random_root_sets,173,5,5,3,79,219,7973,506833476317,7973,7,prime_block_le_7,1,7,1.94591014906,3,1.09861228867,0,0,3417,3 4 7 10 11 14 17 18 21 24 25 28,-8.13651825212,-7.03790596345,,,,none_visible,0.0722005780427,0.333333333333,-0.261132755291,deterministic_seeded_random_sets_same_cardinality,low_section_survivor_requires_anchor_audit
rank173_Q7_exact_power_anchor,exact_power_anchor,173,5,5,3,79,219,7973,506833476317,7973,7,prime_block_le_7,1,7,1.94591014906,1,0,0,0,1139,7 14 21 28 35 42 49 56 63 70 77 84,-7.03790596345,-7.03790596345,,,,constructed_exact_power_root,0.0722005780427,0.333333333333,-0.261132755291,C_from_near_power_row_as_positive_control,positive_control_survivor
rank174_Q7_actual_near_miss,actual_near_miss,174,7,7,3,111,217,283831,22865435737145191,283831,7,prime_block_le_7,1,7,1.94591014906,3,1.09861228867,0,0,121641,3 5 6 10 12 13 17 19 20 24 26 27,-11.7088364092,-10.6102170741,,,,none_visible,0.0516589503126,0.333333333333,-0.281674383021,existing_near_power_csv,low_section_survivor_requires_anchor_audit
rank174_Q7_random_root_sets,random_root_sets,174,7,7,3,111,217,283831,22865435737145191,283831,7,prime_block_le_7,1,7,1.94591014906,3,1.09861228867,0,0,121642,2 4 7 9 11 14 16 18 21 23 25 28,-11.7088364092,-10.6102252949,,,,none_visible,0.0516589503126,0.333333333333,-0.281674383021,deterministic_seeded_random_sets_same_cardinality,low_section_survivor_requires_anchor_audit
rank174_Q7_exact_power_anchor,exact_power_anchor,174,7,7,3,111,217,283831,22865435737145191,283831,7,prime_block_le_7,1,7,1.94591014906,3,1.09861228867,0,0,121643,1 2 4 8 9 11 15 16 18 22 23 25,-11.7088364092,-10.6102335158,,,,constructed_exact_power_root,0.0516589503126,0.333333333333,-0.281674383021,C_from_near_power_row_as_positive_control,positive_control_survivor
rank175_Q7_actual_near_miss,actual_near_miss,175,6,7,3,120,157,133030,2354229369127000,133030,7,prime_block_le_7,1,7,1.94591014906,1,0,1,7,0,,-9.85241979662,0,,,,none_visible,0.0549769941456,0.333333333333,-0.278356339188,existing_near_power_csv,local_obstruction_before_drift
rank175_Q7_random_root_sets,random_root_sets,175,6,7,3,120,157,133030,2354229369127000,133030,7,prime_block_le_7,1,7,1.94591014906,1,0,1,7,0,,-9.85241979662,0,,,,none_visible,0.0549769941456,0.333333333333,-0.278356339188,deterministic_seeded_random_sets_same_cardinality,local_obstruction_before_drift
rank175_Q7_exact_power_anchor,exact_power_anchor,175,6,7,3,120,157,133030,2354229369127000,133030,7,prime_block_le_7,1,7,1.94591014906,3,1.09861228867,0,0,57014,1 2 4 8 9 11 15 16 18 22 23 25,-10.9510320853,-9.85243984203,,,,constructed_exact_power_root,0.0549769941456,0.333333333333,-0.278356339188,C_from_near_power_row_as_positive_control,positive_control_survivor
rank176_Q7_actual_near_miss,actual_near_miss,176,5,5,3,107,211,7561,432252699481,7561,7,prime_block_le_7,1,7,1.94591014906,1,0,1,7,0,,-6.9848485865,0,,,,none_visible,0.0726295195692,0.333333333333,-0.260703813764,existing_near_power_csv,local_obstruction_before_drift
rank176_Q7_random_root_sets,random_root_sets,176,5,5,3,107,211,7561,432252699481,7561,7,prime_block_le_7,1,7,1.94591014906,1,0,1,7,0,,-6.9848485865,0,,,,none_visible,0.0726295195692,0.333333333333,-0.260703813764,deterministic_seeded_random_sets_same_cardinality,local_obstruction_before_drift
rank176_Q7_exact_power_anchor,exact_power_anchor,176,5,5,3,107,211,7561,432252699481,7561,7,prime_block_le_7,1,7,1.94591014906,3,1.09861228867,0,0,3241,1 2 4 8 9 11 15 16 18 22 23 25,-8.08346087517,-6.98502491447,,,,constructed_exact_power_root,0.0726295195692,0.333333333333,-0.260703813764,C_from_near_power_row_as_positive_control,positive_control_survivor
rank177_Q7_actual_near_miss,actual_near_miss,177,5,6,3,195,226,51112,133526856636928,51112,7,prime_block_le_7,1,7,1.94591014906,1,0,0,0,7301,7 14 21 28 35 42 49 56 63 70 77 84,-8.89586443323,-8.89576660406,,,,none_visible,0.0598275412783,0.333333333333,-0.273505792055,existing_near_power_csv,low_section_survivor_requires_anchor_audit
rank177_Q7_random_root_sets,random_root_sets,177,5,6,3,195,226,51112,133526856636928,51112,7,prime_block_le_7,1,7,1.94591014906,1,0,0,0,7302,5 12 19 26 33 40 47 54 61 68 75 82,-8.89586443323,-8.89590356222,,,,none_visible,0.0598275412783,0.333333333333,-0.273505792055,deterministic_seeded_random_sets_same_cardinality,low_section_survivor_requires_anchor_audit
rank177_Q7_exact_power_anchor,exact_power_anchor,177,5,6,3,195,226,51112,133526856636928,51112,7,prime_block_le_7,1,7,1.94591014906,3,1.09861228867,0,0,21905,3 5 6 10 12 13 17 19 20 24 26 27,-9.99447672189,-8.89585791158,,,,constructed_exact_power_root,0.0598275412783,0.333333333333,-0.273505792055,C_from_near_power_row_as_positive_control,positive_control_survivor
rank178_Q7_actual_near_miss,actual_near_miss,178,7,6,3,43,178,31774,32078619752824,31774,7,prime_block_le_7,1,7,1.94591014906,1,0,1,7,0,,-8.42049347522,0,,,,none_visible,0.0625710458382,0.333333333333,-0.270762287495,existing_near_power_csv,local_obstruction_before_drift
rank178_Q7_random_root_sets,random_root_sets,178,7,6,3,43,178,31774,32078619752824,31774,7,prime_block_le_7,1,7,1.94591014906,1,0,1,7,0,,-8.42049347522,0,,,,none_visible,0.0625710458382,0.333333333333,-0.270762287495,deterministic_seeded_random_sets_same_cardinality,local_obstruction_before_drift
rank178_Q7_exact_power_anchor,exact_power_anchor,178,7,6,3,43,178,31774,32078619752824,31774,7,prime_block_le_7,1,7,1.94591014906,3,1.09861228867,0,0,13618,1 2 4 8 9 11 15 16 18 22 23 25,-9.51910576389,-8.42053543737,,,,constructed_exact_power_root,0.0625710458382,0.333333333333,-0.270762287495,C_from_near_power_row_as_positive_control,positive_control_survivor
rank179_Q7_actual_near_miss,actual_near_miss,179,6,6,3,101,187,35256,43822698057216,35256,7,prime_block_le_7,1,7,1.94591014906,1,0,1,7,0,,-8.52448085747,0,,,,none_visible,0.0619496173493,0.333333333333,-0.271383715984,existing_near_power_csv,local_obstruction_before_drift
rank179_Q7_random_root_sets,random_root_sets,179,6,6,3,101,187,35256,43822698057216,35256,7,prime_block_le_7,1,7,1.94591014906,1,0,1,7,0,,-8.52448085747,0,,,,none_visible,0.0619496173493,0.333333333333,-0.271383715984,deterministic_seeded_random_sets_same_cardinality,local_obstruction_before_drift
rank179_Q7_exact_power_anchor,exact_power_anchor,179,6,6,3,101,187,35256,43822698057216,35256,7,prime_block_le_7,1,7,1.94591014906,3,1.09861228867,0,0,15111,1 2 4 8 9 11 15 16 18 22 23 25,-9.62309314613,-8.52456594575,,,,constructed_exact_power_root,0.0619496173493,0.333333333333,-0.271383715984,C_from_near_power_row_as_positive_control,positive_control_survivor
rank180_Q7_actual_near_miss,actual_near_miss,180,6,7,3,212,151,123436,1880725960305856,123436,7,prime_block_le_7,1,7,1.94591014906,1,0,1,7,0,,-9.77756793305,0,,,,none_visible,0.0553280103233,0.333333333333,-0.27800532301,existing_near_power_csv,local_obstruction_before_drift
rank180_Q7_random_root_sets,random_root_sets,180,6,7,3,212,151,123436,1880725960305856,123436,7,prime_block_le_7,1,7,1.94591014906,1,0,1,7,0,,-9.77756793305,0,,,,none_visible,0.0553280103233,0.333333333333,-0.27800532301,deterministic_seeded_random_sets_same_cardinality,local_obstruction_before_drift
rank180_Q7_exact_power_anchor,exact_power_anchor,180,6,7,3,212,151,123436,1880725960305856,123436,7,prime_block_le_7,1,7,1.94591014906,3,1.09861228867,0,0,52901,3 5 6 10 12 13 17 19 20 24 26 27,-10.8761802217,-9.77756523259,,,,constructed_exact_power_root,0.0553280103233,0.333333333333,-0.27800532301,C_from_near_power_row_as_positive_control,positive_control_survivor
rank181_Q7_actual_near_miss,actual_near_miss,181,6,7,3,152,165,149508,3341898809704512,149508,7,prime_block_le_7,1,7,1.94591014906,1,0,1,7,0,,-9.96919503303,0,,,,none_visible,0.0544381863558,0.333333333333,-0.278895146978,existing_near_power_csv,local_obstruction_before_drift
rank181_Q7_random_root_sets,random_root_sets,181,6,7,3,152,165,149508,3341898809704512,149508,7,prime_block_le_7,1,7,1.94591014906,1,0,1,7,0,,-9.96919503303,0,,,,none_visible,0.0544381863558,0.333333333333,-0.278895146978,deterministic_seeded_random_sets_same_cardinality,local_obstruction_before_drift
rank181_Q7_exact_power_anchor,exact_power_anchor,181,6,7,3,152,165,149508,3341898809704512,149508,7,prime_block_le_7,1,7,1.94591014906,3,1.09861228867,0,0,64076,1 2 4 8 9 11 15 16 18 22 23 25,-11.0678073217,-9.96921286915,,,,constructed_exact_power_root,0.0544381863558,0.333333333333,-0.278895146978,C_from_near_power_row_as_positive_control,positive_control_survivor
rank182_Q7_actual_near_miss,actual_near_miss,182,7,7,3,203,227,356385,45264554441366625,356385,7,prime_block_le_7,1,7,1.94591014906,1,0,1,7,0,,-10.8378567371,0,,,,none_visible,0.0507390913905,0.333333333333,-0.282594241943,existing_near_power_csv,local_obstruction_before_drift
rank182_Q7_random_root_sets,random_root_sets,182,7,7,3,203,227,356385,45264554441366625,356385,7,prime_block_le_7,1,7,1.94591014906,1,0,1,7,0,,-10.8378567371,0,,,,none_visible,0.0507390913905,0.333333333333,-0.282594241943,deterministic_seeded_random_sets_same_cardinality,local_obstruction_before_drift
rank182_Q7_exact_power_anchor,exact_power_anchor,182,7,7,3,203,227,356385,45264554441366625,356385,7,prime_block_le_7,1,7,1.94591014906,3,1.09861228867,0,0,152737,1 2 4 8 9 11 15 16 18 22 23 25,-11.9364690258,-10.8378604784,,,,constructed_exact_power_root,0.0507390913905,0.333333333333,-0.282594241943,C_from_near_power_row_as_positive_control,positive_control_survivor
rank183_Q7_actual_near_miss,actual_near_miss,183,6,7,3,106,135,93547,818633651978323,93547,7,prime_block_le_7,1,7,1.94591014906,1,0,1,7,0,,-9.50030911372,0,,,,none_visible,0.0566682064585,0.333333333333,-0.276665126875,existing_near_power_csv,local_obstruction_before_drift
rank183_Q7_random_root_sets,random_root_sets,183,6,7,3,106,135,93547,818633651978323,93547,7,prime_block_le_7,1,7,1.94591014906,1,0,1,7,0,,-9.50030911372,0,,,,none_visible,0.0566682064585,0.333333333333,-0.276665126875,deterministic_seeded_random_sets_same_cardinality,local_obstruction_before_drift
rank183_Q7_exact_power_anchor,exact_power_anchor,183,6,7,3,106,135,93547,818633651978323,93547,7,prime_block_le_7,1,7,1.94591014906,3,1.09861228867,0,0,40092,3 5 6 10 12 13 17 19 20 24 26 27,-10.5989214024,-9.50031980348,,,,constructed_exact_power_root,0.0566682064585,0.333333333333,-0.276665126875,C_from_near_power_row_as_positive_control,positive_control_survivor
rank184_Q7_actual_near_miss,actual_near_miss,184,6,7,3,169,203,242323,14229312292552267,242323,7,prime_block_le_7,1,7,1.94591014906,3,1.09861228867,0,0,103854,1 2 4 8 9 11 15 16 18 22 23 25,-11.5507289656,-10.452129057,,,,none_visible,0.0523177377705,0.333333333333,-0.281015595563,existing_near_power_csv,low_section_survivor_requires_anchor_audit
rank184_Q7_random_root_sets,random_root_sets,184,6,7,3,169,203,242323,14229312292552267,242323,7,prime_block_le_7,1,7,1.94591014906,3,1.09861228867,0,0,103852,1 5 6 8 12 13 15 19 20 22 26 27,-11.5507289656,-10.452109799,,,,none_visible,0.0523177377705,0.333333333333,-0.281015595563,deterministic_seeded_random_sets_same_cardinality,low_section_survivor_requires_anchor_audit
rank184_Q7_exact_power_anchor,exact_power_anchor,184,6,7,3,169,203,242323,14229312292552267,242323,7,prime_block_le_7,1,7,1.94591014906,3,1.09861228867,0,0,103854,1 2 4 8 9 11 15 16 18 22 23 25,-11.5507289656,-10.452129057,,,,constructed_exact_power_root,0.0523177377705,0.333333333333,-0.281015595563,C_from_near_power_row_as_positive_control,positive_control_survivor
rank185_Q7_actual_near_miss,actual_near_miss,185,7,7,3,109,153,128975,2145441166859375,128975,7,prime_block_le_7,1,7,1.94591014906,1,0,1,7,0,,-9.82146371706,0,,,,none_visible,0.0551216204849,0.333333333333,-0.278211712848,existing_near_power_csv,local_obstruction_before_drift
rank185_Q7_random_root_sets,random_root_sets,185,7,7,3,109,153,128975,2145441166859375,128975,7,prime_block_le_7,1,7,1.94591014906,1,0,1,7,0,,-9.82146371706,0,,,,none_visible,0.0551216204849,0.333333333333,-0.278211712848,deterministic_seeded_random_sets_same_cardinality,local_obstruction_before_drift
rank185_Q7_exact_power_anchor,exact_power_anchor,185,7,7,3,109,153,128975,2145441166859375,128975,7,prime_block_le_7,1,7,1.94591014906,1,0,0,0,18425,7 14 21 28 35 42 49 56 63 70 77 84,-9.82146371706,-9.82146371706,,,,constructed_exact_power_root,0.0551216204849,0.333333333333,-0.278211712848,C_from_near_power_row_as_positive_control,positive_control_survivor
rank186_Q7_actual_near_miss,actual_near_miss,186,7,7,3,130,131,108846,1289547729479736,108846,7,prime_block_le_7,1,7,1.94591014906,1,0,1,7,0,,-9.65177916911,0,,,,none_visible,0.0559280989995,0.333333333333,-0.277405234334,existing_near_power_csv,local_obstruction_before_drift
rank186_Q7_random_root_sets,random_root_sets,186,7,7,3,130,131,108846,1289547729479736,108846,7,prime_block_le_7,1,7,1.94591014906,1,0,1,7,0,,-9.65177916911,0,,,,none_visible,0.0559280989995,0.333333333333,-0.277405234334,deterministic_seeded_random_sets_same_cardinality,local_obstruction_before_drift
rank186_Q7_exact_power_anchor,exact_power_anchor,186,7,7,3,130,131,108846,1289547729479736,108846,7,prime_block_le_7,1,7,1.94591014906,3,1.09861228867,0,0,46648,3 5 6 10 12 13 17 19 20 24 26 27,-10.7503914578,-9.65177304423,,,,constructed_exact_power_root,0.0559280989995,0.333333333333,-0.277405234334,C_from_near_power_row_as_positive_control,positive_control_survivor
rank187_Q7_actual_near_miss,actual_near_miss,187,6,6,3,65,152,23151,12408213711951,23151,7,prime_block_le_7,1,7,1.94591014906,1,0,1,7,0,,-8.10388310607,0,,,,none_visible,0.0645422945413,0.333333333333,-0.268791038792,existing_near_power_csv,local_obstruction_before_drift
rank187_Q7_random_root_sets,random_root_sets,187,6,6,3,65,152,23151,12408213711951,23151,7,prime_block_le_7,1,7,1.94591014906,1,0,1,7,0,,-8.10388310607,0,,,,none_visible,0.0645422945413,0.333333333333,-0.268791038792,deterministic_seeded_random_sets_same_cardinality,local_obstruction_before_drift
rank187_Q7_exact_power_anchor,exact_power_anchor,187,6,6,3,65,152,23151,12408213711951,23151,7,prime_block_le_7,1,7,1.94591014906,3,1.09861228867,0,0,9923,1 2 4 8 9 11 15 16 18 22 23 25,-9.20249539474,-8.10399828525,,,,constructed_exact_power_root,0.0645422945413,0.333333333333,-0.268791038792,C_from_near_power_row_as_positive_control,positive_control_survivor
rank188_Q7_actual_near_miss,actual_near_miss,188,7,7,3,59,130,85725,629973790453125,85725,7,prime_block_le_7,1,7,1.94591014906,1,0,0,0,12246,7 14 21 28 35 42 49 56 63 70 77 84,-9.41298962828,-9.41295463204,,,,none_visible,0.0571038330355,0.333333333333,-0.276229500298,existing_near_power_csv,low_section_survivor_requires_anchor_audit
rank188_Q7_random_root_sets,random_root_sets,188,7,7,3,59,130,85725,629973790453125,85725,7,prime_block_le_7,1,7,1.94591014906,1,0,0,0,12247,1 8 15 22 29 36 43 50 57 64 71 78,-9.41298962828,-9.41303628802,,,,none_visible,0.0571038330355,0.333333333333,-0.276229500298,deterministic_seeded_random_sets_same_cardinality,low_section_survivor_requires_anchor_audit
rank188_Q7_exact_power_anchor,exact_power_anchor,188,7,7,3,59,130,85725,629973790453125,85725,7,prime_block_le_7,1,7,1.94591014906,3,1.09861228867,0,0,36739,3 5 6 10 12 13 17 19 20 24 26 27,-10.5116019169,-9.41298185144,,,,constructed_exact_power_root,0.0571038330355,0.333333333333,-0.276229500298,C_from_near_power_row_as_positive_control,positive_control_survivor
rank189_Q7_actual_near_miss,actual_near_miss,189,7,7,3,147,197,235123,12998263692805867,235123,7,prime_block_le_7,1,7,1.94591014906,3,1.09861228867,0,0,100767,1 2 4 8 9 11 15 16 18 22 23 25,-11.5205662001,-10.4219539114,,,,none_visible,0.0524453303482,0.333333333333,-0.280888002985,existing_near_power_csv,low_section_survivor_requires_anchor_audit
rank189_Q7_random_root_sets,random_root_sets,189,7,7,3,147,197,235123,12998263692805867,235123,7,prime_block_le_7,1,7,1.94591014906,3,1.09861228867,0,0,100767,2 3 7 9 10 14 16 17 21 23 24 28,-11.5205662001,-10.4219539114,,,,none_visible,0.0524453303482,0.333333333333,-0.280888002985,deterministic_seeded_random_sets_same_cardinality,low_section_survivor_requires_anchor_audit
rank189_Q7_exact_power_anchor,exact_power_anchor,189,7,7,3,147,197,235123,12998263692805867,235123,7,prime_block_le_7,1,7,1.94591014906,1,0,0,0,33589,7 14 21 28 35 42 49 56 63 70 77 84,-10.4219539114,-10.4219539114,,,,constructed_exact_power_root,0.0524453303482,0.333333333333,-0.280888002985,C_from_near_power_row_as_positive_control,positive_control_survivor
rank190_Q7_actual_near_miss,actual_near_miss,190,6,6,3,230,247,72120,375117352128000,72120,7,prime_block_le_7,1,7,1.94591014906,1,0,1,7,0,,-9.24017652826,0,,,,none_visible,0.0579860263078,0.333333333333,-0.275347307026,existing_near_power_csv,local_obstruction_before_drift
rank190_Q7_random_root_sets,random_root_sets,190,6,6,3,230,247,72120,375117352128000,72120,7,prime_block_le_7,1,7,1.94591014906,1,0,1,7,0,,-9.24017652826,0,,,,none_visible,0.0579860263078,0.333333333333,-0.275347307026,deterministic_seeded_random_sets_same_cardinality,local_obstruction_before_drift
rank190_Q7_exact_power_anchor,exact_power_anchor,190,6,6,3,230,247,72120,375117352128000,72120,7,prime_block_le_7,1,7,1.94591014906,3,1.09861228867,0,0,30909,3 5 6 10 12 13 17 19 20 24 26 27,-10.3387888169,-9.24019039395,,,,constructed_exact_power_root,0.0579860263078,0.333333333333,-0.275347307026,C_from_near_power_row_as_positive_control,positive_control_survivor
rank191_Q7_actual_near_miss,actual_near_miss,191,6,7,3,228,161,143330,2944498264037000,143330,7,prime_block_le_7,1,7,1.94591014906,3,1.09861228867,0,0,61428,1 2 4 8 9 11 15 16 18 22 23 25,-11.0256070825,-9.92700874758,,,,none_visible,0.0546316777124,0.333333333333,-0.278701655621,existing_near_power_csv,low_section_survivor_requires_anchor_audit
rank191_Q7_random_root_sets,random_root_sets,191,6,7,3,228,161,143330,2944498264037000,143330,7,prime_block_le_7,1,7,1.94591014906,3,1.09861228867,0,0,61427,2 3 7 9 10 14 16 17 21 23 24 28,-11.0256070825,-9.92699246822,,,,none_visible,0.0546316777124,0.333333333333,-0.278701655621,deterministic_seeded_random_sets_same_cardinality,low_section_survivor_requires_anchor_audit
rank191_Q7_exact_power_anchor,exact_power_anchor,191,6,7,3,228,161,143330,2944498264037000,143330,7,prime_block_le_7,1,7,1.94591014906,3,1.09861228867,0,0,61427,3 5 6 10 12 13 17 19 20 24 26 27,-11.0256070825,-9.92699246822,,,,constructed_exact_power_root,0.0546316777124,0.333333333333,-0.278701655621,C_from_near_power_row_as_positive_control,positive_control_survivor
rank192_Q7_actual_near_miss,actual_near_miss,192,7,7,3,79,134,92637,794974954718853,92637,7,prime_block_le_7,1,7,1.94591014906,1,0,1,7,0,,-9.49053375981,0,,,,none_visible,0.0567166438729,0.333333333333,-0.27661668946,existing_near_power_csv,local_obstruction_before_drift
rank192_Q7_random_root_sets,random_root_sets,192,7,7,3,79,134,92637,794974954718853,92637,7,prime_block_le_7,1,7,1.94591014906,1,0,1,7,0,,-9.49053375981,0,,,,none_visible,0.0567166438729,0.333333333333,-0.27661668946,deterministic_seeded_random_sets_same_cardinality,local_obstruction_before_drift
rank192_Q7_exact_power_anchor,exact_power_anchor,192,7,7,3,79,134,92637,794974954718853,92637,7,prime_block_le_7,1,7,1.94591014906,3,1.09861228867,0,0,39702,3 5 6 10 12 13 17 19 20 24 26 27,-10.5891460485,-9.49054455457,,,,constructed_exact_power_root,0.0567166438729,0.333333333333,-0.27661668946,C_from_near_power_row_as_positive_control,positive_control_survivor
rank193_Q7_actual_near_miss,actual_near_miss,193,7,7,3,196,229,353402,44137426657600808,353402,7,prime_block_le_7,1,7,1.94591014906,1,0,1,7,0,,-10.8294513491,0,,,,none_visible,0.0507724745359,0.333333333333,-0.282560858797,existing_near_power_csv,local_obstruction_before_drift
rank193_Q7_random_root_sets,random_root_sets,193,7,7,3,196,229,353402,44137426657600808,353402,7,prime_block_le_7,1,7,1.94591014906,1,0,1,7,0,,-10.8294513491,0,,,,none_visible,0.0507724745359,0.333333333333,-0.282560858797,deterministic_seeded_random_sets_same_cardinality,local_obstruction_before_drift
rank193_Q7_exact_power_anchor,exact_power_anchor,193,7,7,3,196,229,353402,44137426657600808,353402,7,prime_block_le_7,1,7,1.94591014906,1,0,0,0,50486,7 14 21 28 35 42 49 56 63 70 77 84,-10.8294513491,-10.8294513491,,,,constructed_exact_power_root,0.0507724745359,0.333333333333,-0.282560858797,C_from_near_power_row_as_positive_control,positive_control_survivor
rank194_Q7_actual_near_miss,actual_near_miss,194,6,7,3,110,119,69775,339703119859375,69775,7,prime_block_le_7,1,7,1.94591014906,3,1.09861228867,0,0,29904,1 2 4 8 9 11 15 16 18 22 23 25,-10.305733198,-9.20713524103,,,,none_visible,0.0581578866727,0.333333333333,-0.275175446661,existing_near_power_csv,low_section_survivor_requires_anchor_audit
rank194_Q7_random_root_sets,random_root_sets,194,6,7,3,110,119,69775,339703119859375,69775,7,prime_block_le_7,1,7,1.94591014906,3,1.09861228867,0,0,29904,2 3 6 9 10 13 16 17 20 23 24 27,-10.305733198,-9.20713524103,,,,none_visible,0.0581578866727,0.333333333333,-0.275175446661,deterministic_seeded_random_sets_same_cardinality,low_section_survivor_requires_anchor_audit
rank194_Q7_exact_power_anchor,exact_power_anchor,194,6,7,3,110,119,69775,339703119859375,69775,7,prime_block_le_7,1,7,1.94591014906,3,1.09861228867,0,0,29904,3 5 6 10 12 13 17 19 20 24 26 27,-10.305733198,-9.20713524103,,,,constructed_exact_power_root,0.0581578866727,0.333333333333,-0.275175446661,C_from_near_power_row_as_positive_control,positive_control_survivor
rank195_Q7_actual_near_miss,actual_near_miss,195,6,7,3,216,247,383020,56190688799608000,383020,7,prime_block_le_7,1,7,1.94591014906,1,0,1,7,0,,-10.9099323371,0,,,,none_visible,0.0504546253621,0.333333333333,-0.282878707971,existing_near_power_csv,local_obstruction_before_drift
rank195_Q7_random_root_sets,random_root_sets,195,6,7,3,216,247,383020,56190688799608000,383020,7,prime_block_le_7,1,7,1.94591014906,1,0,1,7,0,,-10.9099323371,0,,,,none_visible,0.0504546253621,0.333333333333,-0.282878707971,deterministic_seeded_random_sets_same_cardinality,local_obstruction_before_drift
rank195_Q7_exact_power_anchor,exact_power_anchor,195,6,7,3,216,247,383020,56190688799608000,383020,7,prime_block_le_7,1,7,1.94591014906,3,1.09861228867,0,0,164152,1 2 4 8 9 11 15 16 18 22 23 25,-12.0085446257,-10.9099358182,,,,constructed_exact_power_root,0.0504546253621,0.333333333333,-0.282878707971,C_from_near_power_row_as_positive_control,positive_control_survivor
rank196_Q7_actual_near_miss,actual_near_miss,196,6,7,3,228,223,302077,27564681496130533,302077,7,prime_block_le_7,1,7,1.94591014906,1,0,0,0,43153,7 14 21 28 35 42 49 56 63 70 77 84,-10.6725270817,-10.672507219,,,,none_visible,0.05140388659,0.333333333333,-0.281929446743,existing_near_power_csv,low_section_survivor_requires_anchor_audit
rank196_Q7_random_root_sets,random_root_sets,196,6,7,3,228,223,302077,27564681496130533,302077,7,prime_block_le_7,1,7,1.94591014906,1,0,0,0,43154,4 11 18 25 32 39 46 53 60 67 74 81,-10.6725270817,-10.6725303921,,,,none_visible,0.05140388659,0.333333333333,-0.281929446743,deterministic_seeded_random_sets_same_cardinality,low_section_survivor_requires_anchor_audit
rank196_Q7_exact_power_anchor,exact_power_anchor,196,6,7,3,228,223,302077,27564681496130533,302077,7,prime_block_le_7,1,7,1.94591014906,3,1.09861228867,0,0,129462,3 5 6 10 12 13 17 19 20 24 26 27,-11.7711393704,-10.6725303921,,,,constructed_exact_power_root,0.05140388659,0.333333333333,-0.281929446743,C_from_near_power_row_as_positive_control,positive_control_survivor
rank197_Q7_actual_near_miss,actual_near_miss,197,7,7,3,165,167,190856,6952123086742016,190856,7,prime_block_le_7,1,7,1.94591014906,1,0,1,7,0,,-10.2133643469,0,,,,none_visible,0.0533450179586,0.333333333333,-0.279988315375,existing_near_power_csv,local_obstruction_before_drift
rank197_Q7_random_root_sets,random_root_sets,197,7,7,3,165,167,190856,6952123086742016,190856,7,prime_block_le_7,1,7,1.94591014906,1,0,1,7,0,,-10.2133643469,0,,,,none_visible,0.0533450179586,0.333333333333,-0.279988315375,deterministic_seeded_random_sets_same_cardinality,local_obstruction_before_drift
rank197_Q7_exact_power_anchor,exact_power_anchor,197,7,7,3,165,167,190856,6952123086742016,190856,7,prime_block_le_7,1,7,1.94591014906,3,1.09861228867,0,0,81796,1 2 4 8 9 11 15 16 18 22 23 25,-11.3119766356,-10.213371333,,,,constructed_exact_power_root,0.0533450179586,0.333333333333,-0.279988315375,C_from_near_power_row_as_positive_control,positive_control_survivor
rank198_Q7_actual_near_miss,actual_near_miss,198,6,7,3,221,245,375871,53102682256901311,375871,7,prime_block_le_7,1,7,1.94591014906,3,1.09861228867,0,0,161088,1 2 4 8 9 11 15 16 18 22 23 25,-11.989703418,-10.8910937898,,,,none_visible,0.0505286789558,0.333333333333,-0.282804654378,existing_near_power_csv,low_section_survivor_requires_anchor_audit
rank198_Q7_random_root_sets,random_root_sets,198,6,7,3,221,245,375871,53102682256901311,375871,7,prime_block_le_7,1,7,1.94591014906,3,1.09861228867,0,0,161087,4 5 7 11 12 14 18 19 21 25 26 28,-11.989703418,-10.891087582,,,,none_visible,0.0505286789558,0.333333333333,-0.282804654378,deterministic_seeded_random_sets_same_cardinality,low_section_survivor_requires_anchor_audit
rank198_Q7_exact_power_anchor,exact_power_anchor,198,6,7,3,221,245,375871,53102682256901311,375871,7,prime_block_le_7,1,7,1.94591014906,3,1.09861228867,0,0,161088,3 5 6 10 12 13 17 19 20 24 26 27,-11.989703418,-10.8910937898,,,,constructed_exact_power_root,0.0505286789558,0.333333333333,-0.282804654378,C_from_near_power_row_as_positive_control,positive_control_survivor
rank199_Q7_actual_near_miss,actual_near_miss,199,7,7,3,83,201,236821,13281913022415661,236821,7,prime_block_le_7,1,7,1.94591014906,1,0,1,7,0,,-10.4291497114,0,,,,none_visible,0.0524148346484,0.333333333333,-0.280918498685,existing_near_power_csv,local_obstruction_before_drift
rank199_Q7_random_root_sets,random_root_sets,199,7,7,3,83,201,236821,13281913022415661,236821,7,prime_block_le_7,1,7,1.94591014906,1,0,1,7,0,,-10.4291497114,0,,,,none_visible,0.0524148346484,0.333333333333,-0.280918498685,deterministic_seeded_random_sets_same_cardinality,local_obstruction_before_drift
rank199_Q7_exact_power_anchor,exact_power_anchor,199,7,7,3,83,201,236821,13281913022415661,236821,7,prime_block_le_7,1,7,1.94591014906,3,1.09861228867,0,0,101496,1 2 4 8 9 11 15 16 18 22 23 25,-11.5277620001,-10.4291623792,,,,constructed_exact_power_root,0.0524148346484,0.333333333333,-0.280918498685,C_from_near_power_row_as_positive_control,positive_control_survivor
rank200_Q7_actual_near_miss,actual_near_miss,200,7,7,3,179,226,330197,36001398328555373,330197,7,prime_block_le_7,1,7,1.94591014906,3,1.09861228867,0,0,141513,3 5 6 10 12 13 17 19 20 24 26 27,-11.8601468646,-10.761534576,,,,none_visible,0.051043835357,0.333333333333,-0.282289497976,existing_near_power_csv,low_section_survivor_requires_anchor_audit
rank200_Q7_random_root_sets,random_root_sets,200,7,7,3,179,226,330197,36001398328555373,330197,7,prime_block_le_7,1,7,1.94591014906,3,1.09861228867,0,0,141513,1 3 7 8 10 14 15 17 21 22 24 28,-11.8601468646,-10.761534576,,,,none_visible,0.051043835357,0.333333333333,-0.282289497976,deterministic_seeded_random_sets_same_cardinality,low_section_survivor_requires_anchor_audit
rank200_Q7_exact_power_anchor,exact_power_anchor,200,7,7,3,179,226,330197,36001398328555373,330197,7,prime_block_le_7,1,7,1.94591014906,1,0,0,0,47171,7 14 21 28 35 42 49 56 63 70 77 84,-10.761534576,-10.761534576,,,,constructed_exact_power_root,0.051043835357,0.333333333333,-0.282289497976,C_from_near_power_row_as_positive_control,positive_control_survivor
rank201_Q7_actual_near_miss,actual_near_miss,201,7,6,3,71,175,33566,37818018565496,33566,7,prime_block_le_7,1,7,1.94591014906,3,1.09861228867,0,0,14386,1 2 4 8 9 11 15 16 18 22 23 25,-9.57397106848,-8.47539850176,,,,none_visible,0.0622416253509,0.333333333333,-0.271091707982,existing_near_power_csv,low_section_survivor_requires_anchor_audit
rank201_Q7_random_root_sets,random_root_sets,201,7,6,3,71,175,33566,37818018565496,33566,7,prime_block_le_7,1,7,1.94591014906,3,1.09861228867,0,0,14385,2 3 5 9 10 12 16 17 19 23 24 26,-9.57397106848,-8.47532898732,,,,none_visible,0.0622416253509,0.333333333333,-0.271091707982,deterministic_seeded_random_sets_same_cardinality,low_section_survivor_requires_anchor_audit
rank201_Q7_exact_power_anchor,exact_power_anchor,201,7,6,3,71,175,33566,37818018565496,33566,7,prime_block_le_7,1,7,1.94591014906,3,1.09861228867,0,0,14386,1 2 4 8 9 11 15 16 18 22 23 25,-9.57397106848,-8.47539850176,,,,constructed_exact_power_root,0.0622416253509,0.333333333333,-0.271091707982,C_from_near_power_row_as_positive_control,positive_control_survivor
rank202_Q7_actual_near_miss,actual_near_miss,202,7,6,3,53,190,36398,48220594676792,36398,7,prime_block_le_7,1,7,1.94591014906,1,0,1,7,0,,-8.55635895801,0,,,,none_visible,0.0617615783541,0.333333333333,-0.271571754979,existing_near_power_csv,local_obstruction_before_drift
rank202_Q7_random_root_sets,random_root_sets,202,7,6,3,53,190,36398,48220594676792,36398,7,prime_block_le_7,1,7,1.94591014906,1,0,1,7,0,,-8.55635895801,0,,,,none_visible,0.0617615783541,0.333333333333,-0.271571754979,deterministic_seeded_random_sets_same_cardinality,local_obstruction_before_drift
rank202_Q7_exact_power_anchor,exact_power_anchor,202,7,6,3,53,190,36398,48220594676792,36398,7,prime_block_le_7,1,7,1.94591014906,3,1.09861228867,0,0,15599,3 5 6 10 12 13 17 19 20 24 26 27,-9.65497124667,-8.55634979995,,,,constructed_exact_power_root,0.0617615783541,0.333333333333,-0.271571754979,C_from_near_power_row_as_positive_control,positive_control_survivor
rank203_Q7_actual_near_miss,actual_near_miss,203,5,6,3,198,139,19589,7516865833469,19589,7,prime_block_le_7,1,7,1.94591014906,1,0,1,7,0,,-7.93681331413,0,,,,none_visible,0.0656333973897,0.333333333333,-0.267699935944,existing_near_power_csv,local_obstruction_before_drift
rank203_Q7_random_root_sets,random_root_sets,203,5,6,3,198,139,19589,7516865833469,19589,7,prime_block_le_7,1,7,1.94591014906,1,0,1,7,0,,-7.93681331413,0,,,,none_visible,0.0656333973897,0.333333333333,-0.267699935944,deterministic_seeded_random_sets_same_cardinality,local_obstruction_before_drift
rank203_Q7_exact_power_anchor,exact_power_anchor,203,5,6,3,198,139,19589,7516865833469,19589,7,prime_block_le_7,1,7,1.94591014906,3,1.09861228867,0,0,8395,3 5 6 10 12 13 17 19 20 24 26 27,-9.0354256028,-7.93677928084,,,,constructed_exact_power_root,0.0656333973897,0.333333333333,-0.267699935944,C_from_near_power_row_as_positive_control,positive_control_survivor
rank204_Q7_actual_near_miss,actual_near_miss,204,6,7,3,204,199,231650,12430738017125000,231650,7,prime_block_le_7,1,7,1.94591014906,1,0,1,7,0,,-10.4070727418,0,,,,none_visible,0.052508509247,0.333333333333,-0.280824824086,existing_near_power_csv,local_obstruction_before_drift
rank204_Q7_random_root_sets,random_root_sets,204,6,7,3,204,199,231650,12430738017125000,231650,7,prime_block_le_7,1,7,1.94591014906,1,0,1,7,0,,-10.4070727418,0,,,,none_visible,0.052508509247,0.333333333333,-0.280824824086,deterministic_seeded_random_sets_same_cardinality,local_obstruction_before_drift
rank204_Q7_exact_power_anchor,exact_power_anchor,204,6,7,3,204,199,231650,12430738017125000,231650,7,prime_block_le_7,1,7,1.94591014906,3,1.09861228867,0,0,99279,3 5 6 10 12 13 17 19 20 24 26 27,-11.5056850305,-10.4070770586,,,,constructed_exact_power_root,0.052508509247,0.333333333333,-0.280824824086,C_from_near_power_row_as_positive_control,positive_control_survivor
rank205_Q7_actual_near_miss,actual_near_miss,205,6,7,3,207,113,67964,313932872337344,67964,7,prime_block_le_7,1,7,1.94591014906,1,0,1,7,0,,-9.18082328315,0,,,,none_visible,0.0582953407039,0.333333333333,-0.275037992629,existing_near_power_csv,local_obstruction_before_drift
rank205_Q7_random_root_sets,random_root_sets,205,6,7,3,207,113,67964,313932872337344,67964,7,prime_block_le_7,1,7,1.94591014906,1,0,1,7,0,,-9.18082328315,0,,,,none_visible,0.0582953407039,0.333333333333,-0.275037992629,deterministic_seeded_random_sets_same_cardinality,local_obstruction_before_drift
rank205_Q7_exact_power_anchor,exact_power_anchor,205,6,7,3,207,113,67964,313932872337344,67964,7,prime_block_le_7,1,7,1.94591014906,3,1.09861228867,0,0,29128,1 2 4 8 9 11 15 16 18 22 23 25,-10.2794355718,-9.18084290119,,,,constructed_exact_power_root,0.0582953407039,0.333333333333,-0.275037992629,C_from_near_power_row_as_positive_control,positive_control_survivor
rank206_Q7_actual_near_miss,actual_near_miss,206,6,7,3,203,244,372197,51560676262489373,372197,7,prime_block_le_7,1,7,1.94591014906,3,1.09861228867,0,0,159513,3 5 6 10 12 13 17 19 20 24 26 27,-11.9798807026,-10.8812684139,,,,none_visible,0.050567372487,0.333333333333,-0.282765960846,existing_near_power_csv,low_section_survivor_requires_anchor_audit
rank206_Q7_random_root_sets,random_root_sets,206,6,7,3,203,244,372197,51560676262489373,372197,7,prime_block_le_7,1,7,1.94591014906,3,1.09861228867,0,0,159513,3 6 7 10 13 14 17 20 21 24 27 28,-11.9798807026,-10.8812684139,,,,none_visible,0.050567372487,0.333333333333,-0.282765960846,deterministic_seeded_random_sets_same_cardinality,low_section_survivor_requires_anchor_audit
rank206_Q7_exact_power_anchor,exact_power_anchor,206,6,7,3,203,244,372197,51560676262489373,372197,7,prime_block_le_7,1,7,1.94591014906,1,0,0,0,53171,7 14 21 28 35 42 49 56 63 70 77 84,-10.8812684139,-10.8812684139,,,,constructed_exact_power_root,0.050567372487,0.333333333333,-0.282765960846,C_from_near_power_row_as_positive_control,positive_control_survivor
rank207_Q7_actual_near_miss,actual_near_miss,207,6,7,3,221,191,210969,9389791155283209,210969,7,prime_block_le_7,1,7,1.94591014906,1,0,1,7,0,,-10.3135563332,0,,,,none_visible,0.0529090492879,0.333333333333,-0.280424284045,existing_near_power_csv,local_obstruction_before_drift
rank207_Q7_random_root_sets,random_root_sets,207,6,7,3,221,191,210969,9389791155283209,210969,7,prime_block_le_7,1,7,1.94591014906,1,0,1,7,0,,-10.3135563332,0,,,,none_visible,0.0529090492879,0.333333333333,-0.280424284045,deterministic_seeded_random_sets_same_cardinality,local_obstruction_before_drift
rank207_Q7_exact_power_anchor,exact_power_anchor,207,6,7,3,221,191,210969,9389791155283209,210969,7,prime_block_le_7,1,7,1.94591014906,3,1.09861228867,0,0,90415,3 5 6 10 12 13 17 19 20 24 26 27,-11.4121686218,-10.3135531732,,,,constructed_exact_power_root,0.0529090492879,0.333333333333,-0.280424284045,C_from_near_power_row_as_positive_control,positive_control_survivor
rank208_Q7_actual_near_miss,actual_near_miss,208,7,7,3,89,196,223446,11156237565520536,223446,7,prime_block_le_7,1,7,1.94591014906,1,0,1,7,0,,-10.371014904,0,,,,none_visible,0.0526622280768,0.333333333333,-0.280671105257,existing_near_power_csv,local_obstruction_before_drift
rank208_Q7_random_root_sets,random_root_sets,208,7,7,3,89,196,223446,11156237565520536,223446,7,prime_block_le_7,1,7,1.94591014906,1,0,1,7,0,,-10.371014904,0,,,,none_visible,0.0526622280768,0.333333333333,-0.280671105257,deterministic_seeded_random_sets_same_cardinality,local_obstruction_before_drift
rank208_Q7_exact_power_anchor,exact_power_anchor,208,7,7,3,89,196,223446,11156237565520536,223446,7,prime_block_le_7,1,7,1.94591014906,3,1.09861228867,0,0,95763,3 5 6 10 12 13 17 19 20 24 26 27,-11.4696271927,-10.3710193794,,,,constructed_exact_power_root,0.0526622280768,0.333333333333,-0.280671105257,C_from_near_power_row_as_positive_control,positive_control_survivor
rank209_Q7_actual_near_miss,actual_near_miss,209,6,6,3,223,248,70849,355632280170049,70849,7,prime_block_le_7,1,7,1.94591014906,1,0,1,7,0,,-9.22239598164,0,,,,none_visible,0.0580783431938,0.333333333333,-0.27525499014,existing_near_power_csv,local_obstruction_before_drift
rank209_Q7_random_root_sets,random_root_sets,209,6,6,3,223,248,70849,355632280170049,70849,7,prime_block_le_7,1,7,1.94591014906,1,0,1,7,0,,-9.22239598164,0,,,,none_visible,0.0580783431938,0.333333333333,-0.27525499014,deterministic_seeded_random_sets_same_cardinality,local_obstruction_before_drift
rank209_Q7_exact_power_anchor,exact_power_anchor,209,6,6,3,223,248,70849,355632280170049,70849,7,prime_block_le_7,1,7,1.94591014906,3,1.09861228867,0,0,30365,1 2 4 8 9 11 15 16 18 22 23 25,-10.3210082703,-9.22243361966,,,,constructed_exact_power_root,0.0580783431938,0.333333333333,-0.27525499014,C_from_near_power_row_as_positive_control,positive_control_survivor
rank210_Q7_actual_near_miss,actual_near_miss,210,7,7,3,129,226,313148,30707815807097792,313148,7,prime_block_le_7,1,7,1.94591014906,1,0,1,7,0,,-10.7085210522,0,,,,none_visible,0.0512576745677,0.333333333333,-0.282075658766,existing_near_power_csv,local_obstruction_before_drift
rank210_Q7_random_root_sets,random_root_sets,210,7,7,3,129,226,313148,30707815807097792,313148,7,prime_block_le_7,1,7,1.94591014906,1,0,1,7,0,,-10.7085210522,0,,,,none_visible,0.0512576745677,0.333333333333,-0.282075658766,deterministic_seeded_random_sets_same_cardinality,local_obstruction_before_drift
rank210_Q7_exact_power_anchor,exact_power_anchor,210,7,7,3,129,226,313148,30707815807097792,313148,7,prime_block_le_7,1,7,1.94591014906,3,1.09861228867,0,0,134206,3 5 6 10 12 13 17 19 20 24 26 27,-11.8071333408,-10.7085189232,,,,constructed_exact_power_root,0.0512576745677,0.333333333333,-0.282075658766,C_from_near_power_row_as_positive_control,positive_control_survivor
rank211_Q7_actual_near_miss,actual_near_miss,211,5,6,3,222,209,43775,83883871109375,43775,7,prime_block_le_7,1,7,1.94591014906,1,0,1,7,0,,-8.7409080081,0,,,,none_visible,0.0606950269775,0.333333333333,-0.272638306356,existing_near_power_csv,local_obstruction_before_drift
rank211_Q7_random_root_sets,random_root_sets,211,5,6,3,222,209,43775,83883871109375,43775,7,prime_block_le_7,1,7,1.94591014906,1,0,1,7,0,,-8.7409080081,0,,,,none_visible,0.0606950269775,0.333333333333,-0.272638306356,deterministic_seeded_random_sets_same_cardinality,local_obstruction_before_drift
rank211_Q7_exact_power_anchor,exact_power_anchor,211,5,6,3,222,209,43775,83883871109375,43775,7,prime_block_le_7,1,7,1.94591014906,3,1.09861228867,0,0,18762,1 2 4 8 9 11 15 16 18 22 23 25,-9.83952029677,-8.74097653802,,,,constructed_exact_power_root,0.0606950269775,0.333333333333,-0.272638306356,C_from_near_power_row_as_positive_control,positive_control_survivor
rank212_Q7_actual_near_miss,actual_near_miss,212,7,6,3,72,245,60939,226300737716019,60939,7,prime_block_le_7,1,7,1.94591014906,1,0,1,7,0,,-9.07171849377,0,,,,none_visible,0.0588726247162,0.333333333333,-0.274460708617,existing_near_power_csv,local_obstruction_before_drift
rank212_Q7_random_root_sets,random_root_sets,212,7,6,3,72,245,60939,226300737716019,60939,7,prime_block_le_7,1,7,1.94591014906,1,0,1,7,0,,-9.07171849377,0,,,,none_visible,0.0588726247162,0.333333333333,-0.274460708617,deterministic_seeded_random_sets_same_cardinality,local_obstruction_before_drift
rank212_Q7_exact_power_anchor,exact_power_anchor,212,7,6,3,72,245,60939,226300737716019,60939,7,prime_block_le_7,1,7,1.94591014906,3,1.09861228867,0,0,26118,1 2 4 8 9 11 15 16 18 22 23 25,-10.1703307824,-9.07176772211,,,,constructed_exact_power_root,0.0588726247162,0.333333333333,-0.274460708617,C_from_near_power_row_as_positive_control,positive_control_survivor
rank213_Q7_actual_near_miss,actual_near_miss,213,6,5,4,37,173,630,157529610000,630,7,prime_block_le_7,3,105,4.65396035016,2,0.69314718056,1,5,0,,-2.48490664979,0.69314718056,1,1,1,none_visible,0.180505842659,0.25,-0.0694941573414,existing_near_power_csv,local_obstruction_before_drift
rank213_Q7_random_root_sets,random_root_sets,213,6,5,4,37,173,630,157529610000,630,7,prime_block_le_7,3,105,4.65396035016,2,0.69314718056,1,5,0,,-2.48490664979,0.69314718056,1,1,1,none_visible,0.180505842659,0.25,-0.0694941573414,deterministic_seeded_random_sets_same_cardinality,local_obstruction_before_drift
rank213_Q7_exact_power_anchor,exact_power_anchor,213,6,5,4,37,173,630,157529610000,630,7,prime_block_le_7,3,105,4.65396035016,1,0,0,0,6,105 210 315 420 525 630,-1.79175946923,-1.79175946923,1,1,1,constructed_exact_power_root,0.180505842659,0.25,-0.0694941573414,C_from_near_power_row_as_positive_control,positive_control_survivor
rank214_Q7_actual_near_miss,actual_near_miss,214,7,7,3,69,146,112439,1421513286860519,112439,7,prime_block_le_7,1,7,1.94591014906,1,0,1,7,0,,-9.68425598229,0,,,,none_visible,0.0557719218304,0.333333333333,-0.277561411503,existing_near_power_csv,local_obstruction_before_drift
rank214_Q7_random_root_sets,random_root_sets,214,7,7,3,69,146,112439,1421513286860519,112439,7,prime_block_le_7,1,7,1.94591014906,1,0,1,7,0,,-9.68425598229,0,,,,none_visible,0.0557719218304,0.333333333333,-0.277561411503,deterministic_seeded_random_sets_same_cardinality,local_obstruction_before_drift
rank214_Q7_exact_power_anchor,exact_power_anchor,214,7,7,3,69,146,112439,1421513286860519,112439,7,prime_block_le_7,1,7,1.94591014906,3,1.09861228867,0,0,48188,3 5 6 10 12 13 17 19 20 24 26 27,-10.782868271,-9.68425301772,,,,constructed_exact_power_root,0.0557719218304,0.333333333333,-0.277561411503,C_from_near_power_row_as_positive_control,positive_control_survivor
rank215_Q7_actual_near_miss,actual_near_miss,215,6,6,3,211,241,65745,284176518368625,65745,7,prime_block_le_7,1,7,1.94591014906,1,0,1,7,0,,-9.14762875247,0,,,,none_visible,0.0584697743533,0.333333333333,-0.27486355898,existing_near_power_csv,local_obstruction_before_drift
rank215_Q7_random_root_sets,random_root_sets,215,6,6,3,211,241,65745,284176518368625,65745,7,prime_block_le_7,1,7,1.94591014906,1,0,1,7,0,,-9.14762875247,0,,,,none_visible,0.0584697743533,0.333333333333,-0.27486355898,deterministic_seeded_random_sets_same_cardinality,local_obstruction_before_drift
rank215_Q7_exact_power_anchor,exact_power_anchor,215,6,6,3,211,241,65745,284176518368625,65745,7,prime_block_le_7,1,7,1.94591014906,3,1.09861228867,0,0,28177,1 2 4 8 9 11 15 16 18 22 23 25,-10.2462410411,-9.14764903264,,,,constructed_exact_power_root,0.0584697743533,0.333333333333,-0.27486355898,C_from_near_power_row_as_positive_control,positive_control_survivor
rank216_Q7_actual_near_miss,actual_near_miss,216,6,7,3,149,168,155886,3788099168646456,155886,7,prime_block_le_7,1,7,1.94591014906,3,1.09861228867,0,0,66809,1 2 4 8 9 11 15 16 18 22 23 25,-11.1095823895,-10.0109807923,,,,none_visible,0.054247989676,0.333333333333,-0.279085343657,existing_near_power_csv,low_section_survivor_requires_anchor_audit
rank216_Q7_random_root_sets,random_root_sets,216,6,7,3,149,168,155886,3788099168646456,155886,7,prime_block_le_7,1,7,1.94591014906,3,1.09861228867,0,0,66809,1 2 4 8 9 11 15 16 18 22 23 25,-11.1095823895,-10.0109807923,,,,none_visible,0.054247989676,0.333333333333,-0.279085343657,deterministic_seeded_random_sets_same_cardinality,low_section_survivor_requires_anchor_audit
rank216_Q7_exact_power_anchor,exact_power_anchor,216,6,7,3,149,168,155886,3788099168646456,155886,7,prime_block_le_7,1,7,1.94591014906,3,1.09861228867,0,0,66808,3 5 6 10 12 13 17 19 20 24 26 27,-11.1095823895,-10.0109658242,,,,constructed_exact_power_root,0.054247989676,0.333333333333,-0.279085343657,C_from_near_power_row_as_positive_control,positive_control_survivor
rank217_Q7_actual_near_miss,actual_near_miss,217,5,7,3,243,92,38402,56631951820808,38402,7,prime_block_le_7,1,7,1.94591014906,1,0,1,7,0,,-8.6099546715,0,,,,none_visible,0.0614479938289,0.333333333333,-0.271885339504,existing_near_power_csv,local_obstruction_before_drift
rank217_Q7_random_root_sets,random_root_sets,217,5,7,3,243,92,38402,56631951820808,38402,7,prime_block_le_7,1,7,1.94591014906,1,0,1,7,0,,-8.6099546715,0,,,,none_visible,0.0614479938289,0.333333333333,-0.271885339504,deterministic_seeded_random_sets_same_cardinality,local_obstruction_before_drift
rank217_Q7_exact_power_anchor,exact_power_anchor,217,5,7,3,243,92,38402,56631951820808,38402,7,prime_block_le_7,1,7,1.94591014906,1,0,0,0,5486,7 14 21 28 35 42 49 56 63 70 77 84,-8.6099546715,-8.6099546715,,,,constructed_exact_power_root,0.0614479938289,0.333333333333,-0.271885339504,C_from_near_power_row_as_positive_control,positive_control_survivor
rank218_Q7_actual_near_miss,actual_near_miss,218,6,7,3,203,199,231637,12428645327391853,231637,7,prime_block_le_7,1,7,1.94591014906,1,0,1,7,0,,-10.4070166211,0,,,,none_visible,0.052508747799,0.333333333333,-0.280824585534,existing_near_power_csv,local_obstruction_before_drift
rank218_Q7_random_root_sets,random_root_sets,218,6,7,3,203,199,231637,12428645327391853,231637,7,prime_block_le_7,1,7,1.94591014906,1,0,1,7,0,,-10.4070166211,0,,,,none_visible,0.052508747799,0.333333333333,-0.280824585534,deterministic_seeded_random_sets_same_cardinality,local_obstruction_before_drift
rank218_Q7_exact_power_anchor,exact_power_anchor,218,6,7,3,203,199,231637,12428645327391853,231637,7,prime_block_le_7,1,7,1.94591014906,1,0,0,0,33091,7 14 21 28 35 42 49 56 63 70 77 84,-10.4070166211,-10.4070166211,,,,constructed_exact_power_root,0.052508747799,0.333333333333,-0.280824585534,C_from_near_power_row_as_positive_control,positive_control_survivor
rank219_Q7_actual_near_miss,actual_near_miss,219,6,7,4,140,103,3380,130516915360000,3380,7,prime_block_le_7,3,105,4.65396035016,1,0,3,3,0,,-3.47167063832,0,,,,none_visible,0.143187660034,0.25,-0.106812339966,existing_near_power_csv,local_obstruction_before_drift
rank219_Q7_random_root_sets,random_root_sets,219,6,7,4,140,103,3380,130516915360000,3380,7,prime_block_le_7,3,105,4.65396035016,1,0,3,3,0,,-3.47167063832,0,,,,none_visible,0.143187660034,0.25,-0.106812339966,deterministic_seeded_random_sets_same_cardinality,local_obstruction_before_drift
rank219_Q7_exact_power_anchor,exact_power_anchor,219,6,7,4,140,103,3380,130516915360000,3380,7,prime_block_le_7,3,105,4.65396035016,4,1.38629436112,0,0,129,20 50 55 85 125 155 160 190 230 260 265 295,-4.85796499944,-3.47351804324,1.0025887574,1.00073964497,1.00443786982,constructed_exact_power_root,0.143187660034,0.25,-0.106812339966,C_from_near_power_row_as_positive_control,positive_control_survivor
rank220_Q7_actual_near_miss,actual_near_miss,220,7,7,3,143,236,347594,41996859349860584,347594,7,prime_block_le_7,1,7,1.94591014906,3,1.09861228867,0,0,148970,1 2 4 8 9 11 15 16 18 22 23 25,-11.9114925506,-10.8128879337,,,,none_visible,0.0508384177071,0.333333333333,-0.282494915626,existing_near_power_csv,low_section_survivor_requires_anchor_audit
rank220_Q7_random_root_sets,random_root_sets,220,7,7,3,143,236,347594,41996859349860584,347594,7,prime_block_le_7,1,7,1.94591014906,3,1.09861228867,0,0,148968,3 4 7 10 11 14 17 18 21 24 25 28,-11.9114925506,-10.8128745081,,,,none_visible,0.0508384177071,0.333333333333,-0.282494915626,deterministic_seeded_random_sets_same_cardinality,low_section_survivor_requires_anchor_audit
rank220_Q7_exact_power_anchor,exact_power_anchor,220,7,7,3,143,236,347594,41996859349860584,347594,7,prime_block_le_7,1,7,1.94591014906,3,1.09861228867,0,0,148970,1 2 4 8 9 11 15 16 18 22 23 25,-11.9114925506,-10.8128879337,,,,constructed_exact_power_root,0.0508384177071,0.333333333333,-0.282494915626,C_from_near_power_row_as_positive_control,positive_control_survivor
rank221_Q7_actual_near_miss,actual_near_miss,221,6,7,3,200,171,163108,4339361060955712,163108,7,prime_block_le_7,1,7,1.94591014906,1,0,1,7,0,,-10.056257688,0,,,,none_visible,0.0540432966075,0.333333333333,-0.279290036726,existing_near_power_csv,local_obstruction_before_drift
rank221_Q7_random_root_sets,random_root_sets,221,6,7,3,200,171,163108,4339361060955712,163108,7,prime_block_le_7,1,7,1.94591014906,1,0,1,7,0,,-10.056257688,0,,,,none_visible,0.0540432966075,0.333333333333,-0.279290036726,deterministic_seeded_random_sets_same_cardinality,local_obstruction_before_drift
rank221_Q7_exact_power_anchor,exact_power_anchor,221,6,7,3,200,171,163108,4339361060955712,163108,7,prime_block_le_7,1,7,1.94591014906,3,1.09861228867,0,0,69904,1 2 4 8 9 11 15 16 18 22 23 25,-11.1548699767,-10.0562658625,,,,constructed_exact_power_root,0.0540432966075,0.333333333333,-0.279290036726,C_from_near_power_row_as_positive_control,positive_control_survivor
rank222_Q7_actual_near_miss,actual_near_miss,222,7,7,3,95,164,148287,3260687939475903,148287,7,prime_block_le_7,1,7,1.94591014906,1,0,0,0,21183,7 14 21 28 35 42 49 56 63 70 77 84,-9.96099471508,-9.96095425218,,,,none_visible,0.0544756780837,0.333333333333,-0.27885765525,existing_near_power_csv,low_section_survivor_requires_anchor_audit
rank222_Q7_random_root_sets,random_root_sets,222,7,7,3,95,164,148287,3260687939475903,148287,7,prime_block_le_7,1,7,1.94591014906,1,0,0,0,21184,6 13 20 27 34 41 48 55 62 69 76 83,-9.96099471508,-9.96100145874,,,,none_visible,0.0544756780837,0.333333333333,-0.27885765525,deterministic_seeded_random_sets_same_cardinality,low_section_survivor_requires_anchor_audit
rank222_Q7_exact_power_anchor,exact_power_anchor,222,7,7,3,95,164,148287,3260687939475903,148287,7,prime_block_le_7,1,7,1.94591014906,3,1.09861228867,0,0,63552,3 5 6 10 12 13 17 19 20 24 26 27,-11.0596070037,-9.96100145874,,,,constructed_exact_power_root,0.0544756780837,0.333333333333,-0.27885765525,C_from_near_power_row_as_positive_control,positive_control_survivor
rank223_Q7_actual_near_miss,actual_near_miss,223,6,7,3,244,149,122571,1841463809175411,122571,7,prime_block_le_7,1,7,1.94591014906,1,0,1,7,0,,-9.77053558385,0,,,,none_visible,0.055361218849,0.333333333333,-0.277972114484,existing_near_power_csv,local_obstruction_before_drift
rank223_Q7_random_root_sets,random_root_sets,223,6,7,3,244,149,122571,1841463809175411,122571,7,prime_block_le_7,1,7,1.94591014906,1,0,1,7,0,,-9.77053558385,0,,,,none_visible,0.055361218849,0.333333333333,-0.277972114484,deterministic_seeded_random_sets_same_cardinality,local_obstruction_before_drift
rank223_Q7_exact_power_anchor,exact_power_anchor,223,6,7,3,244,149,122571,1841463809175411,122571,7,prime_block_le_7,1,7,1.94591014906,3,1.09861228867,0,0,52531,1 2 4 8 9 11 15 16 18 22 23 25,-10.8691478725,-9.77054646184,,,,constructed_exact_power_root,0.055361218849,0.333333333333,-0.277972114484,C_from_near_power_row_as_positive_control,positive_control_survivor
rank224_Q7_actual_near_miss,actual_near_miss,224,7,7,3,71,106,54227,159458155395083,54227,7,prime_block_le_7,1,7,1.94591014906,1,0,1,7,0,,-8.95502406932,0,,,,none_visible,0.0595028557514,0.333333333333,-0.273830477582,existing_near_power_csv,local_obstruction_before_drift
rank224_Q7_random_root_sets,random_root_sets,224,7,7,3,71,106,54227,159458155395083,54227,7,prime_block_le_7,1,7,1.94591014906,1,0,1,7,0,,-8.95502406932,0,,,,none_visible,0.0595028557514,0.333333333333,-0.273830477582,deterministic_seeded_random_sets_same_cardinality,local_obstruction_before_drift
rank224_Q7_exact_power_anchor,exact_power_anchor,224,7,7,3,71,106,54227,159458155395083,54227,7,prime_block_le_7,1,7,1.94591014906,3,1.09861228867,0,0,23240,3 5 6 10 12 13 17 19 20 24 26 27,-10.053636358,-8.9550179223,,,,constructed_exact_power_root,0.0595028557514,0.333333333333,-0.273830477582,C_from_near_power_row_as_positive_control,positive_control_survivor
rank225_Q7_actual_near_miss,actual_near_miss,225,6,6,3,169,185,39872,63387563982848,39872,7,prime_block_le_7,1,7,1.94591014906,1,0,1,7,0,,-8.64751945309,0,,,,none_visible,0.0612300964572,0.333333333333,-0.272103236876,existing_near_power_csv,local_obstruction_before_drift
rank225_Q7_random_root_sets,random_root_sets,225,6,6,3,169,185,39872,63387563982848,39872,7,prime_block_le_7,1,7,1.94591014906,1,0,1,7,0,,-8.64751945309,0,,,,none_visible,0.0612300964572,0.333333333333,-0.272103236876,deterministic_seeded_random_sets_same_cardinality,local_obstruction_before_drift
rank225_Q7_exact_power_anchor,exact_power_anchor,225,6,6,3,169,185,39872,63387563982848,39872,7,prime_block_le_7,1,7,1.94591014906,1,0,0,0,5696,7 14 21 28 35 42 49 56 63 70 77 84,-8.64751945309,-8.64751945309,,,,constructed_exact_power_root,0.0612300964572,0.333333333333,-0.272103236876,C_from_near_power_row_as_positive_control,positive_control_survivor
rank226_Q7_actual_near_miss,actual_near_miss,226,7,7,3,118,175,174844,5345055272603584,174844,7,prime_block_le_7,1,7,1.94591014906,3,1.09861228867,0,0,74933,3 5 6 10 12 13 17 19 20 24 26 27,-11.2243515664,-10.1257373713,,,,none_visible,0.0537322360367,0.333333333333,-0.279601097297,existing_near_power_csv,low_section_survivor_requires_anchor_audit
rank226_Q7_random_root_sets,random_root_sets,226,7,7,3,118,175,174844,5345055272603584,174844,7,prime_block_le_7,1,7,1.94591014906,3,1.09861228867,0,0,74934,1 2 4 8 9 11 15 16 18 22 23 25,-11.2243515664,-10.1257507164,,,,none_visible,0.0537322360367,0.333333333333,-0.279601097297,deterministic_seeded_random_sets_same_cardinality,low_section_survivor_requires_anchor_audit
rank226_Q7_exact_power_anchor,exact_power_anchor,226,7,7,3,118,175,174844,5345055272603584,174844,7,prime_block_le_7,1,7,1.94591014906,3,1.09861228867,0,0,74933,3 5 6 10 12 13 17 19 20 24 26 27,-11.2243515664,-10.1257373713,,,,constructed_exact_power_root,0.0537322360367,0.333333333333,-0.279601097297,C_from_near_power_row_as_positive_control,positive_control_survivor
rank227_Q7_actual_near_miss,actual_near_miss,227,7,7,3,93,212,268268,19306636261744832,268268,7,prime_block_le_7,1,7,1.94591014906,1,0,1,7,0,,-10.5538316108,0,,,,none_visible,0.0518920093563,0.333333333333,-0.281441323977,existing_near_power_csv,local_obstruction_before_drift
rank227_Q7_random_root_sets,random_root_sets,227,7,7,3,93,212,268268,19306636261744832,268268,7,prime_block_le_7,1,7,1.94591014906,1,0,1,7,0,,-10.5538316108,0,,,,none_visible,0.0518920093563,0.333333333333,-0.281441323977,deterministic_seeded_random_sets_same_cardinality,local_obstruction_before_drift
rank227_Q7_exact_power_anchor,exact_power_anchor,227,7,7,3,93,212,268268,19306636261744832,268268,7,prime_block_le_7,1,7,1.94591014906,1,0,0,0,38324,7 14 21 28 35 42 49 56 63 70 77 84,-10.5538316108,-10.5538316108,,,,constructed_exact_power_root,0.0518920093563,0.333333333333,-0.281441323977,C_from_near_power_row_as_positive_control,positive_control_survivor
rank228_Q7_actual_near_miss,actual_near_miss,228,7,7,3,110,183,191911,7068049873791031,191911,7,prime_block_le_7,1,7,1.94591014906,3,1.09861228867,0,0,82248,3 5 6 10 12 13 17 19 20 24 26 27,-11.3174891415,-10.2188820636,,,,none_visible,0.0533208445205,0.333333333333,-0.280012488813,existing_near_power_csv,low_section_survivor_requires_anchor_audit
rank228_Q7_random_root_sets,random_root_sets,228,7,7,3,110,183,191911,7068049873791031,191911,7,prime_block_le_7,1,7,1.94591014906,3,1.09861228867,0,0,82247,2 3 7 9 10 14 16 17 21 23 24 28,-11.3174891415,-10.2188699051,,,,none_visible,0.0533208445205,0.333333333333,-0.280012488813,deterministic_seeded_random_sets_same_cardinality,low_section_survivor_requires_anchor_audit
rank228_Q7_exact_power_anchor,exact_power_anchor,228,7,7,3,110,183,191911,7068049873791031,191911,7,prime_block_le_7,1,7,1.94591014906,3,1.09861228867,0,0,82248,3 5 6 10 12 13 17 19 20 24 26 27,-11.3174891415,-10.2188820636,,,,constructed_exact_power_root,0.0533208445205,0.333333333333,-0.280012488813,C_from_near_power_row_as_positive_control,positive_control_survivor
rank229_Q7_actual_near_miss,actual_near_miss,229,6,7,3,187,222,298577,26617609554626033,298577,7,prime_block_le_7,1,7,1.94591014906,3,1.09861228867,0,0,127962,3 5 6 10 12 13 17 19 20 24 26 27,-11.7594852746,-10.6608763352,,,,none_visible,0.0514514059143,0.333333333333,-0.281881927419,existing_near_power_csv,low_section_survivor_requires_anchor_audit
rank229_Q7_random_root_sets,random_root_sets,229,6,7,3,187,222,298577,26617609554626033,298577,7,prime_block_le_7,1,7,1.94591014906,3,1.09861228867,0,0,127962,2 4 5 9 11 12 16 18 19 23 25 26,-11.7594852746,-10.6608763352,,,,none_visible,0.0514514059143,0.333333333333,-0.281881927419,deterministic_seeded_random_sets_same_cardinality,low_section_survivor_requires_anchor_audit
rank229_Q7_exact_power_anchor,exact_power_anchor,229,6,7,3,187,222,298577,26617609554626033,298577,7,prime_block_le_7,1,7,1.94591014906,3,1.09861228867,0,0,127962,3 5 6 10 12 13 17 19 20 24 26 27,-11.7594852746,-10.6608763352,,,,constructed_exact_power_root,0.0514514059143,0.333333333333,-0.281881927419,C_from_near_power_row_as_positive_control,positive_control_survivor
rank230_Q7_actual_near_miss,actual_near_miss,230,7,7,3,157,180,203870,8473444100603000,203870,7,prime_block_le_7,1,7,1.94591014906,3,1.09861228867,0,0,87374,1 2 4 8 9 11 15 16 18 22 23 25,-11.3779399544,-10.2793407459,,,,none_visible,0.0530571859769,0.333333333333,-0.280276147356,existing_near_power_csv,low_section_survivor_requires_anchor_audit
rank230_Q7_random_root_sets,random_root_sets,230,7,7,3,157,180,203870,8473444100603000,203870,7,prime_block_le_7,1,7,1.94591014906,3,1.09861228867,0,0,87372,3 4 7 10 11 14 17 18 21 24 25 28,-11.3779399544,-10.2793178555,,,,none_visible,0.0530571859769,0.333333333333,-0.280276147356,deterministic_seeded_random_sets_same_cardinality,low_section_survivor_requires_anchor_audit
rank230_Q7_exact_power_anchor,exact_power_anchor,230,7,7,3,157,180,203870,8473444100603000,203870,7,prime_block_le_7,1,7,1.94591014906,3,1.09861228867,0,0,87374,1 2 4 8 9 11 15 16 18 22 23 25,-11.3779399544,-10.2793407459,,,,constructed_exact_power_root,0.0530571859769,0.333333333333,-0.280276147356,C_from_near_power_row_as_positive_control,positive_control_survivor
rank231_Q7_actual_near_miss,actual_near_miss,231,7,7,3,185,216,308475,29353501784671875,308475,7,prime_block_le_7,1,7,1.94591014906,1,0,1,7,0,,-10.6934859327,0,,,,none_visible,0.0513186478338,0.333333333333,-0.2820146855,existing_near_power_csv,local_obstruction_before_drift
rank231_Q7_random_root_sets,random_root_sets,231,7,7,3,185,216,308475,29353501784671875,308475,7,prime_block_le_7,1,7,1.94591014906,1,0,1,7,0,,-10.6934859327,0,,,,none_visible,0.0513186478338,0.333333333333,-0.2820146855,deterministic_seeded_random_sets_same_cardinality,local_obstruction_before_drift
rank231_Q7_exact_power_anchor,exact_power_anchor,231,7,7,3,185,216,308475,29353501784671875,308475,7,prime_block_le_7,1,7,1.94591014906,3,1.09861228867,0,0,132204,3 5 6 10 12 13 17 19 20 24 26 27,-11.7920982214,-10.6934891745,,,,constructed_exact_power_root,0.0513186478338,0.333333333333,-0.2820146855,C_from_near_power_row_as_positive_control,positive_control_survivor
rank232_Q7_actual_near_miss,actual_near_miss,232,7,7,3,137,235,343374,40485753162717624,343374,7,prime_block_le_7,1,7,1.94591014906,3,1.09861228867,0,0,147161,1 2 4 8 9 11 15 16 18 22 23 25,-11.8992776507,-10.8006702159,,,,none_visible,0.0508871355907,0.333333333333,-0.282446197743,existing_near_power_csv,low_section_survivor_requires_anchor_audit
rank232_Q7_random_root_sets,random_root_sets,232,7,7,3,137,235,343374,40485753162717624,343374,7,prime_block_le_7,1,7,1.94591014906,3,1.09861228867,0,0,147161,1 2 4 8 9 11 15 16 18 22 23 25,-11.8992776507,-10.8006702159,,,,none_visible,0.0508871355907,0.333333333333,-0.282446197743,deterministic_seeded_random_sets_same_cardinality,low_section_survivor_requires_anchor_audit
rank232_Q7_exact_power_anchor,exact_power_anchor,232,7,7,3,137,235,343374,40485753162717624,343374,7,prime_block_le_7,1,7,1.94591014906,3,1.09861228867,0,0,147160,3 5 6 10 12 13 17 19 20 24 26 27,-11.8992776507,-10.8006634206,,,,constructed_exact_power_root,0.0508871355907,0.333333333333,-0.282446197743,C_from_near_power_row_as_positive_control,positive_control_survivor
rank233_Q7_actual_near_miss,actual_near_miss,233,6,6,3,155,243,60346,219758390301736,60346,7,prime_block_le_7,1,7,1.94591014906,1,0,1,7,0,,-9.06193979524,0,,,,none_visible,0.058924923544,0.333333333333,-0.274408409789,existing_near_power_csv,local_obstruction_before_drift
rank233_Q7_random_root_sets,random_root_sets,233,6,6,3,155,243,60346,219758390301736,60346,7,prime_block_le_7,1,7,1.94591014906,1,0,1,7,0,,-9.06193979524,0,,,,none_visible,0.058924923544,0.333333333333,-0.274408409789,deterministic_seeded_random_sets_same_cardinality,local_obstruction_before_drift
rank233_Q7_exact_power_anchor,exact_power_anchor,233,6,6,3,155,243,60346,219758390301736,60346,7,prime_block_le_7,1,7,1.94591014906,3,1.09861228867,0,0,25863,3 5 6 10 12 13 17 19 20 24 26 27,-10.1605520839,-9.06195636621,,,,constructed_exact_power_root,0.058924923544,0.333333333333,-0.274408409789,C_from_near_power_row_as_positive_control,positive_control_survivor
rank234_Q7_actual_near_miss,actual_near_miss,234,7,7,3,149,229,326031,34655860607887791,326031,7,prime_block_le_7,1,7,1.94591014906,1,0,0,0,46575,7 14 21 28 35 42 49 56 63 70 77 84,-10.7488375988,-10.7488191955,,,,none_visible,0.0510948881565,0.333333333333,-0.282238445177,existing_near_power_csv,low_section_survivor_requires_anchor_audit
rank234_Q7_random_root_sets,random_root_sets,234,7,7,3,149,229,326031,34655860607887791,326031,7,prime_block_le_7,1,7,1.94591014906,1,0,0,0,46576,3 10 17 24 31 38 45 52 59 66 73 80,-10.7488375988,-10.748840666,,,,none_visible,0.0510948881565,0.333333333333,-0.282238445177,deterministic_seeded_random_sets_same_cardinality,low_section_survivor_requires_anchor_audit
rank234_Q7_exact_power_anchor,exact_power_anchor,234,7,7,3,149,229,326031,34655860607887791,326031,7,prime_block_le_7,1,7,1.94591014906,3,1.09861228867,0,0,139728,3 5 6 10 12 13 17 19 20 24 26 27,-11.8474498875,-10.748840666,,,,constructed_exact_power_root,0.0510948881565,0.333333333333,-0.282238445177,C_from_near_power_row_as_positive_control,positive_control_survivor
rank235_Q7_actual_near_miss,actual_near_miss,235,7,7,3,123,163,151584,3483053049544704,151584,7,prime_block_le_7,1,7,1.94591014906,3,1.09861228867,0,0,64965,3 5 6 10 12 13 17 19 20 24 26 27,-11.0815973453,-9.98299165365,,,,none_visible,0.0543752548049,0.333333333333,-0.278958078528,existing_near_power_csv,low_section_survivor_requires_anchor_audit
rank235_Q7_random_root_sets,random_root_sets,235,7,7,3,123,163,151584,3483053049544704,151584,7,prime_block_le_7,1,7,1.94591014906,3,1.09861228867,0,0,64965,1 5 6 8 12 13 15 19 20 22 26 27,-11.0815973453,-9.98299165365,,,,none_visible,0.0543752548049,0.333333333333,-0.278958078528,deterministic_seeded_random_sets_same_cardinality,low_section_survivor_requires_anchor_audit
rank235_Q7_exact_power_anchor,exact_power_anchor,235,7,7,3,123,163,151584,3483053049544704,151584,7,prime_block_le_7,1,7,1.94591014906,3,1.09861228867,0,0,64965,3 5 6 10 12 13 17 19 20 24 26 27,-11.0815973453,-9.98299165365,,,,constructed_exact_power_root,0.0543752548049,0.333333333333,-0.278958078528,C_from_near_power_row_as_positive_control,positive_control_survivor
rank236_Q7_actual_near_miss,actual_near_miss,236,6,7,3,181,169,158376,3972538457381376,158376,7,prime_block_le_7,1,7,1.94591014906,1,0,1,7,0,,-10.0268170827,0,,,,none_visible,0.0541761875801,0.333333333333,-0.279157145753,existing_near_power_csv,local_obstruction_before_drift
rank236_Q7_random_root_sets,random_root_sets,236,6,7,3,181,169,158376,3972538457381376,158376,7,prime_block_le_7,1,7,1.94591014906,1,0,1,7,0,,-10.0268170827,0,,,,none_visible,0.0541761875801,0.333333333333,-0.279157145753,deterministic_seeded_random_sets_same_cardinality,local_obstruction_before_drift
rank236_Q7_exact_power_anchor,exact_power_anchor,236,6,7,3,181,169,158376,3972538457381376,158376,7,prime_block_le_7,1,7,1.94591014906,3,1.09861228867,0,0,67876,1 2 4 8 9 11 15 16 18 22 23 25,-11.1254293713,-10.0268255014,,,,constructed_exact_power_root,0.0541761875801,0.333333333333,-0.279157145753,C_from_near_power_row_as_positive_control,positive_control_survivor
rank237_Q7_actual_near_miss,actual_near_miss,237,7,7,3,142,197,233183,12679165075939487,233183,7,prime_block_le_7,1,7,1.94591014906,1,0,1,7,0,,-10.4136686829,0,,,,none_visible,0.0524804870108,0.333333333333,-0.280852846323,existing_near_power_csv,local_obstruction_before_drift
rank237_Q7_random_root_sets,random_root_sets,237,7,7,3,142,197,233183,12679165075939487,233183,7,prime_block_le_7,1,7,1.94591014906,1,0,1,7,0,,-10.4136686829,0,,,,none_visible,0.0524804870108,0.333333333333,-0.280852846323,deterministic_seeded_random_sets_same_cardinality,local_obstruction_before_drift
rank237_Q7_exact_power_anchor,exact_power_anchor,237,7,7,3,142,197,233183,12679165075939487,233183,7,prime_block_le_7,1,7,1.94591014906,3,1.09861228867,0,0,99936,3 5 6 10 12 13 17 19 20 24 26 27,-11.5122809716,-10.4136729714,,,,constructed_exact_power_root,0.0524804870108,0.333333333333,-0.280852846323,C_from_near_power_row_as_positive_control,positive_control_survivor
rank238_Q7_actual_near_miss,actual_near_miss,238,7,7,3,182,235,358809,46194469470069129,358809,7,prime_block_le_7,1,7,1.94591014906,1,0,1,7,0,,-10.8446353434,0,,,,none_visible,0.0507122011906,0.333333333333,-0.282621132143,existing_near_power_csv,local_obstruction_before_drift
rank238_Q7_random_root_sets,random_root_sets,238,7,7,3,182,235,358809,46194469470069129,358809,7,prime_block_le_7,1,7,1.94591014906,1,0,1,7,0,,-10.8446353434,0,,,,none_visible,0.0507122011906,0.333333333333,-0.282621132143,deterministic_seeded_random_sets_same_cardinality,local_obstruction_before_drift
rank238_Q7_exact_power_anchor,exact_power_anchor,238,7,7,3,182,235,358809,46194469470069129,358809,7,prime_block_le_7,1,7,1.94591014906,3,1.09861228867,0,0,153775,3 5 6 10 12 13 17 19 20 24 26 27,-11.9432476321,-10.8446334854,,,,constructed_exact_power_root,0.0507122011906,0.333333333333,-0.282621132143,C_from_near_power_row_as_positive_control,positive_control_survivor
rank239_Q7_actual_near_miss,actual_near_miss,239,7,7,3,94,213,271242,19955876792704488,271242,7,prime_block_le_7,1,7,1.94591014906,3,1.09861228867,0,0,116247,3 5 6 10 12 13 17 19 20 24 26 27,-11.6634688299,-10.564860228,,,,none_visible,0.0518462802806,0.333333333333,-0.281487053053,existing_near_power_csv,low_section_survivor_requires_anchor_audit
rank239_Q7_random_root_sets,random_root_sets,239,7,7,3,94,213,271242,19955876792704488,271242,7,prime_block_le_7,1,7,1.94591014906,3,1.09861228867,0,0,116246,2 4 7 9 11 14 16 18 21 23 25 28,-11.6634688299,-10.5648516256,,,,none_visible,0.0518462802806,0.333333333333,-0.281487053053,deterministic_seeded_random_sets_same_cardinality,low_section_survivor_requires_anchor_audit
rank239_Q7_exact_power_anchor,exact_power_anchor,239,7,7,3,94,213,271242,19955876792704488,271242,7,prime_block_le_7,1,7,1.94591014906,3,1.09861228867,0,0,116247,3 5 6 10 12 13 17 19 20 24 26 27,-11.6634688299,-10.564860228,,,,constructed_exact_power_root,0.0518462802806,0.333333333333,-0.281487053053,C_from_near_power_row_as_positive_control,positive_control_survivor
rank240_Q7_actual_near_miss,actual_near_miss,240,7,7,3,124,245,376658,53436940892282312,376658,7,prime_block_le_7,1,7,1.94591014906,1,0,1,7,0,,-10.8931827439,0,,,,none_visible,0.0505204473371,0.333333333333,-0.282812885996,existing_near_power_csv,local_obstruction_before_drift
rank240_Q7_random_root_sets,random_root_sets,240,7,7,3,124,245,376658,53436940892282312,376658,7,prime_block_le_7,1,7,1.94591014906,1,0,1,7,0,,-10.8931827439,0,,,,none_visible,0.0505204473371,0.333333333333,-0.282812885996,deterministic_seeded_random_sets_same_cardinality,local_obstruction_before_drift
rank240_Q7_exact_power_anchor,exact_power_anchor,240,7,7,3,124,245,376658,53436940892282312,376658,7,prime_block_le_7,1,7,1.94591014906,3,1.09861228867,0,0,161426,1 2 4 8 9 11 15 16 18 22 23 25,-11.9917950325,-10.8931898236,,,,constructed_exact_power_root,0.0505204473371,0.333333333333,-0.282812885996,C_from_near_power_row_as_positive_control,positive_control_survivor
rank241_Q7_actual_near_miss,actual_near_miss,241,6,7,3,198,215,277183,21296085056487487,277183,7,prime_block_le_7,1,7,1.94591014906,3,1.09861228867,0,0,118792,3 5 6 10 12 13 17 19 20 24 26 27,-11.6851353565,-10.5865170549,,,,none_visible,0.0517566465449,0.333333333333,-0.281576686788,existing_near_power_csv,low_section_survivor_requires_anchor_audit
rank241_Q7_random_root_sets,random_root_sets,241,6,7,3,198,215,277183,21296085056487487,277183,7,prime_block_le_7,1,7,1.94591014906,3,1.09861228867,0,0,118792,4 5 7 11 12 14 18 19 21 25 26 28,-11.6851353565,-10.5865170549,,,,none_visible,0.0517566465449,0.333333333333,-0.281576686788,deterministic_seeded_random_sets_same_cardinality,low_section_survivor_requires_anchor_audit
rank241_Q7_exact_power_anchor,exact_power_anchor,241,6,7,3,198,215,277183,21296085056487487,277183,7,prime_block_le_7,1,7,1.94591014906,3,1.09861228867,0,0,118794,1 2 4 8 9 11 15 16 18 22 23 25,-11.6851353565,-10.5865338909,,,,constructed_exact_power_root,0.0517566465449,0.333333333333,-0.281576686788,C_from_near_power_row_as_positive_control,positive_control_survivor
rank242_Q7_actual_near_miss,actual_near_miss,242,7,7,3,163,225,318305,32250049234222625,318305,7,prime_block_le_7,1,7,1.94591014906,1,0,1,7,0,,-10.7248551725,0,,,,none_visible,0.0511915973415,0.333333333333,-0.282141735992,existing_near_power_csv,local_obstruction_before_drift
rank242_Q7_random_root_sets,random_root_sets,242,7,7,3,163,225,318305,32250049234222625,318305,7,prime_block_le_7,1,7,1.94591014906,1,0,1,7,0,,-10.7248551725,0,,,,none_visible,0.0511915973415,0.333333333333,-0.282141735992,deterministic_seeded_random_sets_same_cardinality,local_obstruction_before_drift
rank242_Q7_exact_power_anchor,exact_power_anchor,242,7,7,3,163,225,318305,32250049234222625,318305,7,prime_block_le_7,1,7,1.94591014906,3,1.09861228867,0,0,136417,1 2 4 8 9 11 15 16 18 22 23 25,-11.8234674612,-10.7248593614,,,,constructed_exact_power_root,0.0511915973415,0.333333333333,-0.282141735992,C_from_near_power_row_as_positive_control,positive_control_survivor
rank243_Q7_actual_near_miss,actual_near_miss,243,7,7,3,160,167,184759,6306912545957479,184759,7,prime_block_le_7,1,7,1.94591014906,1,0,1,7,0,,-10.180897403,0,,,,none_visible,0.0534878378802,0.333333333333,-0.279845495453,existing_near_power_csv,local_obstruction_before_drift
rank243_Q7_random_root_sets,random_root_sets,243,7,7,3,160,167,184759,6306912545957479,184759,7,prime_block_le_7,1,7,1.94591014906,1,0,1,7,0,,-10.180897403,0,,,,none_visible,0.0534878378802,0.333333333333,-0.279845495453,deterministic_seeded_random_sets_same_cardinality,local_obstruction_before_drift
rank243_Q7_exact_power_anchor,exact_power_anchor,243,7,7,3,160,167,184759,6306912545957479,184759,7,prime_block_le_7,1,7,1.94591014906,3,1.09861228867,0,0,79183,1 2 4 8 9 11 15 16 18 22 23 25,-11.2795096917,-10.1809046196,,,,constructed_exact_power_root,0.0534878378802,0.333333333333,-0.279845495453,C_from_near_power_row_as_positive_control,positive_control_survivor
rank244_Q7_actual_near_miss,actual_near_miss,244,6,7,3,219,203,242816,14316336626794496,242816,7,prime_block_le_7,1,7,1.94591014906,3,1.09861228867,0,0,104064,1 2 4 8 9 11 15 16 18 22 23 25,-11.5527613735,-10.4541490848,,,,none_visible,0.0523091627321,0.333333333333,-0.281024170601,existing_near_power_csv,low_section_survivor_requires_anchor_audit
rank244_Q7_random_root_sets,random_root_sets,244,6,7,3,219,203,242816,14316336626794496,242816,7,prime_block_le_7,1,7,1.94591014906,3,1.09861228867,0,0,104064,1 2 5 8 9 12 15 16 19 22 23 26,-11.5527613735,-10.4541490848,,,,none_visible,0.0523091627321,0.333333333333,-0.281024170601,deterministic_seeded_random_sets_same_cardinality,low_section_survivor_requires_anchor_audit
rank244_Q7_exact_power_anchor,exact_power_anchor,244,6,7,3,219,203,242816,14316336626794496,242816,7,prime_block_le_7,1,7,1.94591014906,1,0,0,0,34688,7 14 21 28 35 42 49 56 63 70 77 84,-10.4541490848,-10.4541490848,,,,constructed_exact_power_root,0.0523091627321,0.333333333333,-0.281024170601,C_from_near_power_row_as_positive_control,positive_control_survivor
rank245_Q7_actual_near_miss,actual_near_miss,245,7,7,3,122,209,261204,17821303645817664,261204,7,prime_block_le_7,1,7,1.94591014906,1,0,1,7,0,,-10.5271468411,0,,,,none_visible,0.0520030267529,0.333333333333,-0.28133030658,existing_near_power_csv,local_obstruction_before_drift
rank245_Q7_random_root_sets,random_root_sets,245,7,7,3,122,209,261204,17821303645817664,261204,7,prime_block_le_7,1,7,1.94591014906,1,0,1,7,0,,-10.5271468411,0,,,,none_visible,0.0520030267529,0.333333333333,-0.28133030658,deterministic_seeded_random_sets_same_cardinality,local_obstruction_before_drift
rank245_Q7_exact_power_anchor,exact_power_anchor,245,7,7,3,122,209,261204,17821303645817664,261204,7,prime_block_le_7,1,7,1.94591014906,3,1.09861228867,0,0,111945,3 5 6 10 12 13 17 19 20 24 26 27,-11.6257591298,-10.5271506696,,,,constructed_exact_power_root,0.0520030267529,0.333333333333,-0.28133030658,C_from_near_power_row_as_positive_control,positive_control_survivor
rank246_Q7_actual_near_miss,actual_near_miss,246,4,5,3,218,243,9471,849547194111,9471,7,prime_block_le_7,1,7,1.94591014906,1,0,1,7,0,,-7.21007962817,0,,,,none_visible,0.0708428834166,0.333333333333,-0.262490449917,existing_near_power_csv,local_obstruction_before_drift
rank246_Q7_random_root_sets,random_root_sets,246,4,5,3,218,243,9471,849547194111,9471,7,prime_block_le_7,1,7,1.94591014906,1,0,1,7,0,,-7.21007962817,0,,,,none_visible,0.0708428834166,0.333333333333,-0.262490449917,deterministic_seeded_random_sets_same_cardinality,local_obstruction_before_drift
rank246_Q7_exact_power_anchor,exact_power_anchor,246,4,5,3,218,243,9471,849547194111,9471,7,prime_block_le_7,1,7,1.94591014906,1,0,0,0,1353,7 14 21 28 35 42 49 56 63 70 77 84,-7.21007962817,-7.21007962817,,,,constructed_exact_power_root,0.0708428834166,0.333333333333,-0.262490449917,C_from_near_power_row_as_positive_control,positive_control_survivor
rank247_Q7_actual_near_miss,actual_near_miss,247,6,7,3,226,173,168348,4771158934560192,168348,7,prime_block_le_7,1,7,1.94591014906,3,1.09861228867,0,0,72149,3 5 6 10 12 13 17 19 20 24 26 27,-11.1864906841,-10.0878764154,,,,none_visible,0.0539012891869,0.333333333333,-0.279432044146,existing_near_power_csv,low_section_survivor_requires_anchor_audit
rank247_Q7_random_root_sets,random_root_sets,247,6,7,3,226,173,168348,4771158934560192,168348,7,prime_block_le_7,1,7,1.94591014906,3,1.09861228867,0,0,72149,3 4 6 10 11 13 17 18 20 24 25 27,-11.1864906841,-10.0878764154,,,,none_visible,0.0539012891869,0.333333333333,-0.279432044146,deterministic_seeded_random_sets_same_cardinality,low_section_survivor_requires_anchor_audit
rank247_Q7_exact_power_anchor,exact_power_anchor,247,6,7,3,226,173,168348,4771158934560192,168348,7,prime_block_le_7,1,7,1.94591014906,3,1.09861228867,0,0,72149,3 5 6 10 12 13 17 19 20 24 26 27,-11.1864906841,-10.0878764154,,,,constructed_exact_power_root,0.0539012891869,0.333333333333,-0.279432044146,C_from_near_power_row_as_positive_control,positive_control_survivor
rank248_Q7_actual_near_miss,actual_near_miss,248,7,7,3,143,168,170997,4999947835616973,170997,7,prime_block_le_7,1,7,1.94591014906,1,0,1,7,0,,-10.1034911424,0,,,,none_visible,0.0538314477758,0.333333333333,-0.279501885558,existing_near_power_csv,local_obstruction_before_drift
rank248_Q7_random_root_sets,random_root_sets,248,7,7,3,143,168,170997,4999947835616973,170997,7,prime_block_le_7,1,7,1.94591014906,1,0,1,7,0,,-10.1034911424,0,,,,none_visible,0.0538314477758,0.333333333333,-0.279501885558,deterministic_seeded_random_sets_same_cardinality,local_obstruction_before_drift
rank248_Q7_exact_power_anchor,exact_power_anchor,248,7,7,3,143,168,170997,4999947835616973,170997,7,prime_block_le_7,1,7,1.94591014906,3,1.09861228867,0,0,73285,1 2 4 8 9 11 15 16 18 22 23 25,-11.2021034311,-10.1034989398,,,,constructed_exact_power_root,0.0538314477758,0.333333333333,-0.279501885558,C_from_near_power_row_as_positive_control,positive_control_survivor
rank249_Q7_actual_near_miss,actual_near_miss,249,5,6,3,173,202,40835,68092249182875,40835,7,prime_block_le_7,1,7,1.94591014906,1,0,1,7,0,,-8.67138468674,0,,,,none_visible,0.0610924653015,0.333333333333,-0.272240868032,existing_near_power_csv,local_obstruction_before_drift
rank249_Q7_random_root_sets,random_root_sets,249,5,6,3,173,202,40835,68092249182875,40835,7,prime_block_le_7,1,7,1.94591014906,1,0,1,7,0,,-8.67138468674,0,,,,none_visible,0.0610924653015,0.333333333333,-0.272240868032,deterministic_seeded_random_sets_same_cardinality,local_obstruction_before_drift
rank249_Q7_exact_power_anchor,exact_power_anchor,249,5,6,3,173,202,40835,68092249182875,40835,7,prime_block_le_7,1,7,1.94591014906,3,1.09861228867,0,0,17502,1 2 4 8 9 11 15 16 18 22 23 25,-9.76999697541,-8.67145815043,,,,constructed_exact_power_root,0.0610924653015,0.333333333333,-0.272240868032,C_from_near_power_row_as_positive_control,positive_control_survivor
rank250_Q7_actual_near_miss,actual_near_miss,250,6,6,3,177,193,43521,82432144309761,43521,7,prime_block_le_7,1,7,1.94591014906,1,0,1,7,0,,-8.73508871015,0,,,,none_visible,0.0607280952748,0.333333333333,-0.272605238059,existing_near_power_csv,local_obstruction_before_drift
rank250_Q7_random_root_sets,random_root_sets,250,6,6,3,177,193,43521,82432144309761,43521,7,prime_block_le_7,1,7,1.94591014906,1,0,1,7,0,,-8.73508871015,0,,,,none_visible,0.0607280952748,0.333333333333,-0.272605238059,deterministic_seeded_random_sets_same_cardinality,local_obstruction_before_drift
rank250_Q7_exact_power_anchor,exact_power_anchor,250,6,6,3,177,193,43521,82432144309761,43521,7,prime_block_le_7,1,7,1.94591014906,3,1.09861228867,0,0,18653,1 2 4 8 9 11 15 16 18 22 23 25,-9.83370099882,-8.73514998138,,,,constructed_exact_power_root,0.0607280952748,0.333333333333,-0.272605238059,C_from_near_power_row_as_positive_control,positive_control_survivor
