case_id,control_class,rank,x,y,z,A,B,C,H,T,Q,block_id,prime_count,M_block,log_M_block,n_root_classes,log_n_root_classes,local_empty_roots,first_empty_q,n_low_sections,low_section_sample,D_root,D_drift,pair_corr_ratio_mean,pair_corr_ratio_min,pair_corr_ratio_max,anchor_type,detector_degree,target_degree,degree_gap,advice_source,decision
rank1_Q61_actual_near_miss,actual_near_miss,1,7,7,3,175,243,380429,55058052685693589,380429,61,prime_block_le_61,7,5201836549,22.3722775827,9,2.19722457734,4,7,0,,7.32599816305,2.19722457734,0.999545688333,0.999338466135,0.99975291053,none_visible,0.580387114261,0.333333333333,0.247053780927,existing_near_power_csv,local_obstruction_before_drift
rank1_Q61_random_root_sets,random_root_sets,1,7,7,3,175,243,380429,55058052685693589,380429,61,prime_block_le_61,7,5201836549,22.3722775827,9,2.19722457734,4,7,0,,7.32599816305,2.19722457734,1.00028666467,1.00005432464,1.00051900471,none_visible,0.580387114261,0.333333333333,0.247053780927,deterministic_seeded_random_sets_same_cardinality,local_obstruction_before_drift
rank1_Q61_exact_power_anchor,exact_power_anchor,1,7,7,3,175,243,380429,55058052685693589,380429,61,prime_block_le_61,7,5201836549,22.3722775827,729,6.59167373201,0,0,1,380429,2.93154900838,6.59167373201,1.000187751,0.999950932588,1.00065072735,constructed_exact_power_root,0.580387114261,0.333333333333,0.247053780927,C_from_near_power_row_as_positive_control,positive_control_survivor
rank2_Q61_actual_near_miss,actual_near_miss,2,7,7,3,116,193,217276,10257352303600576,217276,61,prime_block_le_61,7,5201836549,22.3722775827,81,4.39444915467,3,19,0,,5.68890471425,4.39444915467,0.999587314445,0.999112240243,1.00000767074,none_visible,0.606841252708,0.333333333333,0.273507919375,existing_near_power_csv,local_obstruction_before_drift
rank2_Q61_random_root_sets,random_root_sets,2,7,7,3,116,193,217276,10257352303600576,217276,61,prime_block_le_61,7,5201836549,22.3722775827,81,4.39444915467,3,19,0,,5.68890471425,4.39444915467,1.0004576872,1.00000767074,1.00073945888,none_visible,0.606841252708,0.333333333333,0.273507919375,deterministic_seeded_random_sets_same_cardinality,local_obstruction_before_drift
rank2_Q61_exact_power_anchor,exact_power_anchor,2,7,7,3,116,193,217276,10257352303600576,217276,61,prime_block_le_61,7,5201836549,22.3722775827,2187,7.69028602068,0,0,1,217276,2.39306784825,7.69028602068,1.00023012206,0.999925849559,1.00066377429,constructed_exact_power_root,0.606841252708,0.333333333333,0.273507919375,C_from_near_power_row_as_positive_control,positive_control_survivor
rank3_Q61_actual_near_miss,actual_near_miss,3,7,7,3,123,233,335332,37707261911714368,335332,61,prime_block_le_61,7,5201836549,22.3722775827,27,3.295836866,4,13,0,,6.35356435185,3.295836866,1.00012292958,0.999971835541,1.00027402362,none_visible,0.586143073866,0.333333333333,0.252809740533,existing_near_power_csv,local_obstruction_before_drift
rank3_Q61_random_root_sets,random_root_sets,3,7,7,3,123,233,335332,37707261911714368,335332,61,prime_block_le_61,7,5201836549,22.3722775827,27,3.295836866,4,13,0,,6.35356435185,3.295836866,0.999603543818,0.999191183,1.00001590464,none_visible,0.586143073866,0.333333333333,0.252809740533,deterministic_seeded_random_sets_same_cardinality,local_obstruction_before_drift
rank3_Q61_exact_power_anchor,exact_power_anchor,3,7,7,3,123,233,335332,37707261911714368,335332,61,prime_block_le_61,7,5201836549,22.3722775827,2187,7.69028602068,0,0,1,335332,1.95911519718,7.69028602068,1.00025127116,1.00000894636,1.00068356799,constructed_exact_power_root,0.586143073866,0.333333333333,0.252809740533,C_from_near_power_row_as_positive_control,positive_control_survivor
rank4_Q61_actual_near_miss,actual_near_miss,4,7,7,3,166,247,390533,59562540435549437,390533,61,prime_block_le_61,7,5201836549,22.3722775827,1,0,6,13,0,,9.49700983095,0,,,,none_visible,0.579205497291,0.333333333333,0.245872163957,existing_near_power_csv,local_obstruction_before_drift
rank4_Q61_random_root_sets,random_root_sets,4,7,7,3,166,247,390533,59562540435549437,390533,61,prime_block_le_61,7,5201836549,22.3722775827,1,0,6,13,0,,9.49700983095,0,,,,none_visible,0.579205497291,0.333333333333,0.245872163957,deterministic_seeded_random_sets_same_cardinality,local_obstruction_before_drift
rank4_Q61_exact_power_anchor,exact_power_anchor,4,7,7,3,166,247,390533,59562540435549437,390533,61,prime_block_le_61,7,5201836549,22.3722775827,729,6.59167373201,0,0,1,390533,2.90533609894,6.59167373201,1.00034435369,0.999236655773,1.0017315367,constructed_exact_power_root,0.579205497291,0.333333333333,0.245872163957,C_from_near_power_row_as_positive_control,positive_control_survivor
rank5_Q61_actual_near_miss,actual_near_miss,5,5,6,4,198,227,3422,137126067287056,3422,61,prime_block_le_61,17,58644190679703485491635,52.4257754724,16384,9.70406052784,7,5,0,,34.5837344901,9.70406052784,1.03376030911,0.999780829924,1.18118059614,none_visible,1.61052781356,0.25,1.36052781356,existing_near_power_csv,local_obstruction_before_drift
rank5_Q61_random_root_sets,random_root_sets,5,5,6,4,198,227,3422,137126067287056,3422,61,prime_block_le_61,17,58644190679703485491635,52.4257754724,16384,9.70406052784,7,5,0,,34.5837344901,9.70406052784,1.00885203585,0.929865575687,1.09190531853,none_visible,1.61052781356,0.25,1.36052781356,deterministic_seeded_random_sets_same_cardinality,local_obstruction_before_drift
rank5_Q61_exact_power_anchor,exact_power_anchor,5,5,6,4,198,227,3422,137126067287056,3422,61,prime_block_le_61,17,58644190679703485491635,52.4257754724,4194304,15.2492379723,0,0,1,3422,29.0385570457,15.2492379723,1.02839051541,0.999780829924,1.14224137931,constructed_exact_power_root,1.61052781356,0.25,1.36052781356,C_from_near_power_row_as_positive_control,positive_control_survivor
rank6_Q61_actual_near_miss,actual_near_miss,6,6,6,3,185,218,52827,147423882533283,52827,61,prime_block_le_61,7,5201836549,22.3722775827,27,3.295836866,4,7,0,,8.20166301405,3.295836866,0.999258586203,0.998769568592,0.999747603814,none_visible,0.685754326646,0.333333333333,0.352420993313,existing_near_power_csv,local_obstruction_before_drift
rank6_Q61_random_root_sets,random_root_sets,6,6,6,3,185,218,52827,147423882533283,52827,61,prime_block_le_61,7,5201836549,22.3722775827,27,3.295836866,4,7,0,,8.20166301405,3.295836866,0.997400319281,0.996031069971,0.998769568592,none_visible,0.685754326646,0.333333333333,0.352420993313,deterministic_seeded_random_sets_same_cardinality,local_obstruction_before_drift
rank6_Q61_exact_power_anchor,exact_power_anchor,6,6,6,3,185,218,52827,147423882533283,52827,61,prime_block_le_61,7,5201836549,22.3722775827,2187,7.69028602068,0,0,1,52827,3.80721385937,7.69028602068,1.00044519883,0.998569754944,1.00222529304,constructed_exact_power_root,0.685754326646,0.333333333333,0.352420993313,C_from_near_power_row_as_positive_control,positive_control_survivor
rank7_Q61_actual_near_miss,actual_near_miss,7,6,7,3,162,85,36873,50133199270617,36873,61,prime_block_le_61,7,5201836549,22.3722775827,27,3.295836866,4,7,0,,8.56120586179,3.295836866,1.00148859298,1.00064786941,1.00232931654,none_visible,0.709202025805,0.333333333333,0.375868692471,existing_near_power_csv,local_obstruction_before_drift
rank7_Q61_random_root_sets,random_root_sets,7,6,7,3,162,85,36873,50133199270617,36873,61,prime_block_le_61,7,5201836549,22.3722775827,27,3.295836866,4,7,0,,8.56120586179,3.295836866,1.0002742145,0.998219112449,1.00232931654,none_visible,0.709202025805,0.333333333333,0.375868692471,deterministic_seeded_random_sets_same_cardinality,local_obstruction_before_drift
rank7_Q61_exact_power_anchor,exact_power_anchor,7,6,7,3,162,85,36873,50133199270617,36873,61,prime_block_le_61,7,5201836549,22.3722775827,2187,7.69028602068,0,0,1,36873,4.16675670712,7.69028602068,1.00313639108,1.00033448142,1.00678906879,constructed_exact_power_root,0.709202025805,0.333333333333,0.375868692471,C_from_near_power_row_as_positive_control,positive_control_survivor
rank8_Q61_actual_near_miss,actual_near_miss,8,3,6,3,244,27,738,401947272,738,61,prime_block_le_61,7,5201836549,22.3722775827,27,3.295836866,1,37,0,,12.4724968921,3.295836866,0.695874736525,0,1.00406504065,none_visible,1.12923823384,0.333333333333,0.79590490051,existing_near_power_csv,local_obstruction_before_drift
rank8_Q61_random_root_sets,random_root_sets,8,3,6,3,244,27,738,401947272,738,61,prime_block_le_61,7,5201836549,22.3722775827,27,3.295836866,1,37,0,,12.4724968921,3.295836866,1.19831376092,0.886781090033,1.80623306233,none_visible,1.12923823384,0.333333333333,0.79590490051,deterministic_seeded_random_sets_same_cardinality,local_obstruction_before_drift
rank8_Q61_exact_power_anchor,exact_power_anchor,8,3,6,3,244,27,738,401947272,738,61,prime_block_le_61,7,5201836549,22.3722775827,2187,7.69028602068,0,0,1,738,8.0780477374,7.69028602068,1.23795543511,0.863444745559,1.91629027401,constructed_exact_power_root,1.12923823384,0.333333333333,0.79590490051,C_from_near_power_row_as_positive_control,positive_control_survivor
rank9_Q61_actual_near_miss,actual_near_miss,9,7,7,3,192,205,291752,24833705446251008,291752,61,prime_block_le_61,7,5201836549,22.3722775827,3,1.09861228867,6,7,0,,8.6900058887,1.09861228867,,,,none_visible,0.592627758007,0.333333333333,0.259294424674,existing_near_power_csv,local_obstruction_before_drift
rank9_Q61_random_root_sets,random_root_sets,9,7,7,3,192,205,291752,24833705446251008,291752,61,prime_block_le_61,7,5201836549,22.3722775827,3,1.09861228867,6,7,0,,8.6900058887,1.09861228867,,,,none_visible,0.592627758007,0.333333333333,0.259294424674,deterministic_seeded_random_sets_same_cardinality,local_obstruction_before_drift
rank9_Q61_exact_power_anchor,exact_power_anchor,9,7,7,3,192,205,291752,24833705446251008,291752,61,prime_block_le_61,7,5201836549,22.3722775827,2187,7.69028602068,0,0,1,291752,2.09833215669,7.69028602068,1.00040254889,0.999891460327,1.00194266973,constructed_exact_power_root,0.592627758007,0.333333333333,0.259294424674,C_from_near_power_row_as_positive_control,positive_control_survivor
rank10_Q61_actual_near_miss,actual_near_miss,10,7,7,3,121,232,331882,36555362570660968,331882,61,prime_block_le_61,7,5201836549,22.3722775827,1,0,7,7,0,,9.65974281964,0,,,,none_visible,0.586619899171,0.333333333333,0.253286565837,existing_near_power_csv,local_obstruction_before_drift
rank10_Q61_random_root_sets,random_root_sets,10,7,7,3,121,232,331882,36555362570660968,331882,61,prime_block_le_61,7,5201836549,22.3722775827,1,0,7,7,0,,9.65974281964,0,,,,none_visible,0.586619899171,0.333333333333,0.253286565837,deterministic_seeded_random_sets_same_cardinality,local_obstruction_before_drift
rank10_Q61_exact_power_anchor,exact_power_anchor,10,7,7,3,121,232,331882,36555362570660968,331882,61,prime_block_le_61,7,5201836549,22.3722775827,2187,7.69028602068,0,0,2,151322 331882,1.96945679897,6.99713884012,1.00045196787,0.999949781348,1.00197694093,constructed_exact_power_root,0.586619899171,0.333333333333,0.253286565837,C_from_near_power_row_as_positive_control,positive_control_survivor
rank11_Q61_actual_near_miss,actual_near_miss,11,6,7,3,243,121,83665,585640963104625,83665,61,prime_block_le_61,7,5201836549,22.3722775827,27,3.295836866,3,7,0,,7.74186470775,3.295836866,0.998107974705,0.994489930078,1.00015670963,none_visible,0.657936022928,0.333333333333,0.324602689595,existing_near_power_csv,local_obstruction_before_drift
rank11_Q61_random_root_sets,random_root_sets,11,6,7,3,243,121,83665,585640963104625,83665,61,prime_block_le_61,7,5201836549,22.3722775827,27,3.295836866,3,7,0,,7.74186470775,3.295836866,1.00061931291,0.999677284408,1.0020239447,none_visible,0.657936022928,0.333333333333,0.324602689595,deterministic_seeded_random_sets_same_cardinality,local_obstruction_before_drift
rank11_Q61_exact_power_anchor,exact_power_anchor,11,6,7,3,243,121,83665,585640963104625,83665,61,prime_block_le_61,7,5201836549,22.3722775827,2187,7.69028602068,0,0,1,83665,3.34741555307,7.69028602068,1.00062971595,0.99926558962,1.00363885071,constructed_exact_power_root,0.657936022928,0.333333333333,0.324602689595,C_from_near_power_row_as_positive_control,positive_control_survivor
rank12_Q61_actual_near_miss,actual_near_miss,12,5,6,3,153,137,18848,6695697416192,18848,61,prime_block_le_61,7,5201836549,22.3722775827,9,2.19722457734,4,13,0,,10.3308909189,2.19722457734,0.999831989247,0.999663978495,1,none_visible,0.75754805695,0.333333333333,0.424214723617,existing_near_power_csv,local_obstruction_before_drift
rank12_Q61_random_root_sets,random_root_sets,12,5,6,3,153,137,18848,6695697416192,18848,61,prime_block_le_61,7,5201836549,22.3722775827,9,2.19722457734,4,13,0,,10.3308909189,2.19722457734,0.999831989247,0.999663978495,1,none_visible,0.75754805695,0.333333333333,0.424214723617,deterministic_seeded_random_sets_same_cardinality,local_obstruction_before_drift
rank12_Q61_exact_power_anchor,exact_power_anchor,12,5,6,3,153,137,18848,6695697416192,18848,61,prime_block_le_61,7,5201836549,22.3722775827,243,5.49306144334,0,0,1,18848,7.03505405289,5.49306144334,1.00991361693,1,1.03453947368,constructed_exact_power_root,0.75754805695,0.333333333333,0.424214723617,C_from_near_power_row_as_positive_control,positive_control_survivor
rank13_Q61_actual_near_miss,actual_near_miss,13,7,7,3,169,231,339224,39035496952231424,339224,61,prime_block_le_61,7,5201836549,22.3722775827,27,3.295836866,4,13,0,,6.34202478156,3.295836866,1.00015525631,0.999999672455,1.00031084017,none_visible,0.585611927464,0.333333333333,0.252278594131,existing_near_power_csv,local_obstruction_before_drift
rank13_Q61_random_root_sets,random_root_sets,13,7,7,3,169,231,339224,39035496952231424,339224,61,prime_block_le_61,7,5201836549,22.3722775827,27,3.295836866,4,13,0,,6.34202478156,3.295836866,0.999965444007,0.999931215559,0.999999672455,none_visible,0.585611927464,0.333333333333,0.252278594131,deterministic_seeded_random_sets_same_cardinality,local_obstruction_before_drift
rank13_Q61_exact_power_anchor,exact_power_anchor,13,7,7,3,169,231,339224,39035496952231424,339224,61,prime_block_le_61,7,5201836549,22.3722775827,2187,7.69028602068,0,0,1,339224,1.94757562689,7.69028602068,1.00045588799,0.999924992204,1.00176939787,constructed_exact_power_root,0.585611927464,0.333333333333,0.252278594131,C_from_near_power_row_as_positive_control,positive_control_survivor
rank14_Q61_actual_near_miss,actual_near_miss,14,6,7,3,249,233,334775,37519673991734375,334775,61,prime_block_le_61,7,5201836549,22.3722775827,9,2.19722457734,5,7,0,,7.45383906198,2.19722457734,1.00202391324,1.00202391324,1.00202391324,none_visible,0.586219671652,0.333333333333,0.252886338319,existing_near_power_csv,local_obstruction_before_drift
rank14_Q61_random_root_sets,random_root_sets,14,6,7,3,249,233,334775,37519673991734375,334775,61,prime_block_le_61,7,5201836549,22.3722775827,9,2.19722457734,5,7,0,,7.45383906198,2.19722457734,1.00115334512,1.00115334512,1.00115334512,none_visible,0.586219671652,0.333333333333,0.252886338319,deterministic_seeded_random_sets_same_cardinality,local_obstruction_before_drift
rank14_Q61_exact_power_anchor,exact_power_anchor,14,6,7,3,249,233,334775,37519673991734375,334775,61,prime_block_le_61,7,5201836549,22.3722775827,729,6.59167373201,0,0,2,326746 334775,3.05938990731,5.89852655145,0.999955083154,0.999597739775,1.00031132021,constructed_exact_power_root,0.586219671652,0.333333333333,0.252886338319,C_from_near_power_row_as_positive_control,positive_control_survivor
rank15_Q61_actual_near_miss,actual_near_miss,15,7,7,3,158,243,374419,52489645185002059,374419,61,prime_block_le_61,7,5201836549,22.3722775827,1,0,7,7,0,,9.53914681252,0,,,,none_visible,0.581107291311,0.333333333333,0.247773957978,existing_near_power_csv,local_obstruction_before_drift
rank15_Q61_random_root_sets,random_root_sets,15,7,7,3,158,243,374419,52489645185002059,374419,61,prime_block_le_61,7,5201836549,22.3722775827,1,0,7,7,0,,9.53914681252,0,,,,none_visible,0.581107291311,0.333333333333,0.247773957978,deterministic_seeded_random_sets_same_cardinality,local_obstruction_before_drift
rank15_Q61_exact_power_anchor,exact_power_anchor,15,7,7,3,158,243,374419,52489645185002059,374419,61,prime_block_le_61,7,5201836549,22.3722775827,2187,7.69028602068,0,0,1,374419,1.84886079184,7.69028602068,1.00010549678,0.99999020705,1.00031930953,constructed_exact_power_root,0.581107291311,0.333333333333,0.247773957978,C_from_near_power_row_as_positive_control,positive_control_survivor
rank16_Q61_actual_near_miss,actual_near_miss,16,7,7,3,233,236,427367,78055399815039863,427367,61,prime_block_le_61,7,5201836549,22.3722775827,9,2.19722457734,4,13,0,,7.2096545975,2.19722457734,1.00007019728,0.999949301966,1.00019109259,none_visible,0.57517907482,0.333333333333,0.241845741486,existing_near_power_csv,local_obstruction_before_drift
rank16_Q61_random_root_sets,random_root_sets,16,7,7,3,233,236,427367,78055399815039863,427367,61,prime_block_le_61,7,5201836549,22.3722775827,9,2.19722457734,4,13,0,,7.2096545975,2.19722457734,0.999896913998,0.999844526029,0.999949301966,none_visible,0.57517907482,0.333333333333,0.241845741486,deterministic_seeded_random_sets_same_cardinality,local_obstruction_before_drift
rank16_Q61_exact_power_anchor,exact_power_anchor,16,7,7,3,233,236,427367,78055399815039863,427367,61,prime_block_le_61,7,5201836549,22.3722775827,729,6.59167373201,0,0,1,427367,2.81520544283,6.59167373201,0.999780221856,0.998950160713,1.00025193023,constructed_exact_power_root,0.57517907482,0.333333333333,0.241845741486,C_from_near_power_row_as_positive_control,positive_control_survivor
rank17_Q61_actual_near_miss,actual_near_miss,17,6,7,3,162,197,225934,11533065905080504,225934,61,prime_block_le_61,7,5201836549,22.3722775827,9,2.19722457734,5,7,0,,7.84705480514,2.19722457734,0.999837710718,0.999837710718,0.999837710718,none_visible,0.604917825245,0.333333333333,0.271584491912,existing_near_power_csv,local_obstruction_before_drift
rank17_Q61_random_root_sets,random_root_sets,17,6,7,3,162,197,225934,11533065905080504,225934,61,prime_block_le_61,7,5201836549,22.3722775827,9,2.19722457734,5,7,0,,7.84705480514,2.19722457734,0.999837710718,0.999837710718,0.999837710718,none_visible,0.604917825245,0.333333333333,0.271584491912,deterministic_seeded_random_sets_same_cardinality,local_obstruction_before_drift
rank17_Q61_exact_power_anchor,exact_power_anchor,17,6,7,3,162,197,225934,11533065905080504,225934,61,prime_block_le_61,7,5201836549,22.3722775827,2187,7.69028602068,0,0,1,225934,2.3539933618,7.69028602068,1.00040031356,0.999994590357,1.00100422641,constructed_exact_power_root,0.604917825245,0.333333333333,0.271584491912,C_from_near_power_row_as_positive_control,positive_control_survivor
rank18_Q61_actual_near_miss,actual_near_miss,18,7,7,3,195,197,281203,22236162996552427,281203,61,prime_block_le_61,7,5201836549,22.3722775827,9,2.19722457734,4,13,0,,7.62822089792,2.19722457734,1.00015824867,1.00010312835,1.00021336899,none_visible,0.594367231269,0.333333333333,0.261033897936,existing_near_power_csv,local_obstruction_before_drift
rank18_Q61_random_root_sets,random_root_sets,18,7,7,3,195,197,281203,22236162996552427,281203,61,prime_block_le_61,7,5201836549,22.3722775827,9,2.19722457734,4,13,0,,7.62822089792,2.19722457734,1.00015824867,1.00010312835,1.00021336899,none_visible,0.594367231269,0.333333333333,0.261033897936,deterministic_seeded_random_sets_same_cardinality,local_obstruction_before_drift
rank18_Q61_exact_power_anchor,exact_power_anchor,18,7,7,3,195,197,281203,22236162996552427,281203,61,prime_block_le_61,7,5201836549,22.3722775827,729,6.59167373201,0,0,1,281203,3.23377174325,6.59167373201,1.00012209448,0.999550739738,1.00046229948,constructed_exact_power_root,0.594367231269,0.333333333333,0.261033897936,C_from_near_power_row_as_positive_control,positive_control_survivor
rank19_Q61_actual_near_miss,actual_near_miss,19,7,7,3,139,245,377950,53988722234875000,377950,61,prime_block_le_61,7,5201836549,22.3722775827,3,1.09861228867,6,13,0,,8.43114810329,1.09861228867,,,,none_visible,0.580682567922,0.333333333333,0.247349234589,existing_near_power_csv,local_obstruction_before_drift
rank19_Q61_random_root_sets,random_root_sets,19,7,7,3,139,245,377950,53988722234875000,377950,61,prime_block_le_61,7,5201836549,22.3722775827,3,1.09861228867,6,13,0,,8.43114810329,1.09861228867,,,,none_visible,0.580682567922,0.333333333333,0.247349234589,deterministic_seeded_random_sets_same_cardinality,local_obstruction_before_drift
rank19_Q61_exact_power_anchor,exact_power_anchor,19,7,7,3,139,245,377950,53988722234875000,377950,61,prime_block_le_61,7,5201836549,22.3722775827,2187,7.69028602068,0,0,1,377950,1.83947437128,7.69028602068,1.00004282361,0.999066895974,1.00091252517,constructed_exact_power_root,0.580682567922,0.333333333333,0.247349234589,C_from_near_power_row_as_positive_control,positive_control_survivor
rank20_Q61_actual_near_miss,actual_near_miss,20,6,7,3,157,161,141264,2818996251807744,141264,61,prime_block_le_61,7,5201836549,22.3722775827,81,4.39444915467,3,13,0,,6.11944266887,4.39444915467,0.999592043057,0.999289745913,0.999977190068,none_visible,0.628873609981,0.333333333333,0.295540276647,existing_near_power_csv,local_obstruction_before_drift
rank20_Q61_random_root_sets,random_root_sets,20,6,7,3,157,161,141264,2818996251807744,141264,61,prime_block_le_61,7,5201836549,22.3722775827,81,4.39444915467,3,13,0,,6.11944266887,4.39444915467,0.999370236133,0.998021828318,1.00021630108,none_visible,0.628873609981,0.333333333333,0.295540276647,deterministic_seeded_random_sets_same_cardinality,local_obstruction_before_drift
rank20_Q61_exact_power_anchor,exact_power_anchor,20,6,7,3,157,161,141264,2818996251807744,141264,61,prime_block_le_61,7,5201836549,22.3722775827,2187,7.69028602068,0,0,1,141264,2.82360580286,7.69028602068,0.999976403519,0.99854960295,1.00141106958,constructed_exact_power_root,0.628873609981,0.333333333333,0.295540276647,C_from_near_power_row_as_positive_control,positive_control_survivor
rank21_Q61_actual_near_miss,actual_near_miss,21,7,7,3,145,231,331550,36445767198875000,331550,61,prime_block_le_61,7,5201836549,22.3722775827,81,4.39444915467,3,7,0,,5.26629452121,4.39444915467,1.00021995453,0.999464133112,1.00110692203,none_visible,0.586666087317,0.333333333333,0.253332753983,existing_near_power_csv,local_obstruction_before_drift
rank21_Q61_random_root_sets,random_root_sets,21,7,7,3,145,231,331550,36445767198875000,331550,61,prime_block_le_61,7,5201836549,22.3722775827,81,4.39444915467,3,7,0,,5.26629452121,4.39444915467,1.00040427398,0.999766752124,1.00122220547,none_visible,0.586666087317,0.333333333333,0.253332753983,deterministic_seeded_random_sets_same_cardinality,local_obstruction_before_drift
rank21_Q61_exact_power_anchor,exact_power_anchor,21,7,7,3,145,231,331550,36445767198875000,331550,61,prime_block_le_61,7,5201836549,22.3722775827,729,6.59167373201,0,0,1,331550,3.06906994387,6.59167373201,1.00036299759,0.999723520836,1.00210124164,constructed_exact_power_root,0.586666087317,0.333333333333,0.253332753983,C_from_near_power_row_as_positive_control,positive_control_survivor
rank22_Q61_actual_near_miss,actual_near_miss,22,7,7,3,181,216,304744,28301241748662784,304744,61,prime_block_le_61,7,5201836549,22.3722775827,1,0,7,7,0,,9.7450502238,0,,,,none_visible,0.590583003612,0.333333333333,0.257249670278,existing_near_power_csv,local_obstruction_before_drift
rank22_Q61_random_root_sets,random_root_sets,22,7,7,3,181,216,304744,28301241748662784,304744,61,prime_block_le_61,7,5201836549,22.3722775827,1,0,7,7,0,,9.7450502238,0,,,,none_visible,0.590583003612,0.333333333333,0.257249670278,deterministic_seeded_random_sets_same_cardinality,local_obstruction_before_drift
rank22_Q61_exact_power_anchor,exact_power_anchor,22,7,7,3,181,216,304744,28301241748662784,304744,61,prime_block_le_61,7,5201836549,22.3722775827,2187,7.69028602068,0,0,1,304744,2.05476420312,7.69028602068,1.00029970511,1.00001604261,1.00117475652,constructed_exact_power_root,0.590583003612,0.333333333333,0.257249670278,C_from_near_power_row_as_positive_control,positive_control_survivor
rank23_Q61_actual_near_miss,actual_near_miss,23,6,7,3,250,243,369079,50275686066280039,369079,61,prime_block_le_61,7,5201836549,22.3722775827,9,2.19722457734,5,13,0,,7.35628701309,2.19722457734,0.999989162212,0.999989162212,0.999989162212,none_visible,0.581758483258,0.333333333333,0.248425149925,existing_near_power_csv,local_obstruction_before_drift
rank23_Q61_random_root_sets,random_root_sets,23,6,7,3,250,243,369079,50275686066280039,369079,61,prime_block_le_61,7,5201836549,22.3722775827,9,2.19722457734,5,13,0,,7.35628701309,2.19722457734,1.00002920182,1.00002920182,1.00002920182,none_visible,0.581758483258,0.333333333333,0.248425149925,deterministic_seeded_random_sets_same_cardinality,local_obstruction_before_drift
rank23_Q61_exact_power_anchor,exact_power_anchor,23,6,7,3,250,243,369079,50275686066280039,369079,61,prime_block_le_61,7,5201836549,22.3722775827,2187,7.69028602068,0,0,2,106822 369079,1.86322556975,6.99713884012,1.00001535353,0.999701057678,1.00025227962,constructed_exact_power_root,0.581758483258,0.333333333333,0.248425149925,C_from_near_power_row_as_positive_control,positive_control_survivor
rank24_Q61_actual_near_miss,actual_near_miss,24,7,6,4,75,167,2433,35040350021121,2433,61,prime_block_le_61,17,58644190679703485491635,52.4257754724,512,6.23832462504,11,5,0,,38.3905705046,6.23832462504,0.960095561036,0.830661734484,1.06262844225,none_visible,1.6809856368,0.25,1.4309856368,existing_near_power_csv,local_obstruction_before_drift
rank24_Q61_random_root_sets,random_root_sets,24,7,6,4,75,167,2433,35040350021121,2433,61,prime_block_le_61,17,58644190679703485491635,52.4257754724,512,6.23832462504,11,5,0,,38.3905705046,6.23832462504,0.91141594739,0.736487875051,1.01320386354,none_visible,1.6809856368,0.25,1.4309856368,deterministic_seeded_random_sets_same_cardinality,local_obstruction_before_drift
rank24_Q61_exact_power_anchor,exact_power_anchor,24,7,6,4,75,167,2433,35040350021121,2433,61,prime_block_le_61,17,58644190679703485491635,52.4257754724,16777216,16.6355323334,0,0,1,2433,27.9933627962,16.6355323334,1.03010525843,0.963933415536,1.10943279901,constructed_exact_power_root,1.6809856368,0.25,1.4309856368,C_from_near_power_row_as_positive_control,positive_control_survivor
rank25_Q61_actual_near_miss,actual_near_miss,25,7,7,3,103,178,179511,5784598208409831,179511,61,prime_block_le_61,7,5201836549,22.3722775827,81,4.39444915467,3,19,0,,5.87983666164,4.39444915467,1.00021519366,1.00004951724,1.00053045341,none_visible,0.616418493656,0.333333333333,0.283085160323,existing_near_power_csv,local_obstruction_before_drift
rank25_Q61_random_root_sets,random_root_sets,25,7,7,3,103,178,179511,5784598208409831,179511,61,prime_block_le_61,7,5201836549,22.3722775827,81,4.39444915467,3,19,0,,5.87983666164,4.39444915467,0.999483576473,0.998560905274,1.00004951724,none_visible,0.616418493656,0.333333333333,0.283085160323,deterministic_seeded_random_sets_same_cardinality,local_obstruction_before_drift
rank25_Q61_exact_power_anchor,exact_power_anchor,25,7,7,3,103,178,179511,5784598208409831,179511,61,prime_block_le_61,7,5201836549,22.3722775827,2187,7.69028602068,0,0,1,179511,2.58399979563,7.69028602068,1.00002867873,0.998481058728,1.00151522748,constructed_exact_power_root,0.616418493656,0.333333333333,0.283085160323,C_from_near_power_row_as_positive_control,positive_control_survivor
rank26_Q61_actual_near_miss,actual_near_miss,26,6,7,3,226,151,124358,1923185546890712,124358,61,prime_block_le_61,7,5201836549,22.3722775827,3,1.09861228867,6,7,0,,9.54274551231,1.09861228867,,,,none_visible,0.635706832854,0.333333333333,0.302373499521,existing_near_power_csv,local_obstruction_before_drift
rank26_Q61_random_root_sets,random_root_sets,26,6,7,3,226,151,124358,1923185546890712,124358,61,prime_block_le_61,7,5201836549,22.3722775827,3,1.09861228867,6,7,0,,9.54274551231,1.09861228867,,,,none_visible,0.635706832854,0.333333333333,0.302373499521,deterministic_seeded_random_sets_same_cardinality,local_obstruction_before_drift
rank26_Q61_exact_power_anchor,exact_power_anchor,26,6,7,3,226,151,124358,1923185546890712,124358,61,prime_block_le_61,7,5201836549,22.3722775827,729,6.59167373201,0,0,1,124358,4.04968406897,6.59167373201,1.00047294758,0.998173731396,1.00217383147,constructed_exact_power_root,0.635706832854,0.333333333333,0.302373499521,C_from_near_power_row_as_positive_control,positive_control_survivor
rank27_Q61_actual_near_miss,actual_near_miss,27,7,7,3,171,172,205898,8728837012610792,205898,61,prime_block_le_61,7,5201836549,22.3722775827,27,3.295836866,3,31,0,,6.84130453716,3.295836866,1.00012069982,0.999819220088,1.0003728923,none_visible,0.609509019881,0.333333333333,0.276175686548,existing_near_power_csv,local_obstruction_before_drift
rank27_Q61_random_root_sets,random_root_sets,27,7,7,3,171,172,205898,8728837012610792,205898,61,prime_block_le_61,7,5201836549,22.3722775827,27,3.295836866,3,31,0,,6.84130453716,3.295836866,1.00001349104,0.999932005168,1.000085803,none_visible,0.609509019881,0.333333333333,0.276175686548,deterministic_seeded_random_sets_same_cardinality,local_obstruction_before_drift
rank27_Q61_exact_power_anchor,exact_power_anchor,27,7,7,3,171,172,205898,8728837012610792,205898,61,prime_block_le_61,7,5201836549,22.3722775827,729,6.59167373201,0,0,1,205898,3.54546767116,6.59167373201,1.00066052123,0.999634662686,1.00357512512,constructed_exact_power_root,0.609509019881,0.333333333333,0.276175686548,C_from_near_power_row_as_positive_control,positive_control_survivor
rank28_Q61_actual_near_miss,actual_near_miss,28,6,6,3,89,170,29097,24634550495673,29097,61,prime_block_le_61,7,5201836549,22.3722775827,3,1.09861228867,5,7,0,,10.9952749389,1.09861228867,1.00168402241,1.00168402241,1.00168402241,none_visible,0.725544137095,0.333333333333,0.392210803762,existing_near_power_csv,local_obstruction_before_drift
rank28_Q61_random_root_sets,random_root_sets,28,6,6,3,89,170,29097,24634550495673,29097,61,prime_block_le_61,7,5201836549,22.3722775827,3,1.09861228867,5,7,0,,10.9952749389,1.09861228867,0.996024790643,0.996024790643,0.996024790643,none_visible,0.725544137095,0.333333333333,0.392210803762,deterministic_seeded_random_sets_same_cardinality,local_obstruction_before_drift
rank28_Q61_exact_power_anchor,exact_power_anchor,28,6,6,3,89,170,29097,24634550495673,29097,61,prime_block_le_61,7,5201836549,22.3722775827,729,6.59167373201,0,0,1,29097,5.50221349561,6.59167373201,1.00597172421,1.00044296281,1.02166317261,constructed_exact_power_root,0.725544137095,0.333333333333,0.392210803762,C_from_near_power_row_as_positive_control,positive_control_survivor
rank29_Q61_actual_near_miss,actual_near_miss,29,7,6,3,21,100,10006,1001801080216,10006,61,prime_block_le_61,7,5201836549,22.3722775827,243,5.49306144334,2,13,0,,7.66827594729,5.49306144334,0.997990094832,0.980733781953,1.01944388922,none_visible,0.809626998483,0.333333333333,0.47629366515,existing_near_power_csv,local_obstruction_before_drift
rank29_Q61_random_root_sets,random_root_sets,29,7,6,3,21,100,10006,1001801080216,10006,61,prime_block_le_61,7,5201836549,22.3722775827,243,5.49306144334,2,13,0,,7.66827594729,5.49306144334,1.01258966842,1.00001110445,1.02469629334,none_visible,0.809626998483,0.333333333333,0.47629366515,deterministic_seeded_random_sets_same_cardinality,local_obstruction_before_drift
rank29_Q61_exact_power_anchor,exact_power_anchor,29,7,6,3,21,100,10006,1001801080216,10006,61,prime_block_le_61,7,5201836549,22.3722775827,2187,7.69028602068,0,0,1,10006,5.47105136995,7.69028602068,1.00014065635,0.989361938393,1.01894418904,constructed_exact_power_root,0.809626998483,0.333333333333,0.47629366515,C_from_near_power_row_as_positive_control,positive_control_survivor
rank30_Q61_actual_near_miss,actual_near_miss,30,7,7,3,214,233,386721,57835336698683361,386721,61,prime_block_le_61,7,5201836549,22.3722775827,9,2.19722457734,5,13,0,,7.30959422356,2.19722457734,0.999996552209,0.999996552209,0.999996552209,none_visible,0.579647099057,0.333333333333,0.246313765723,existing_near_power_csv,local_obstruction_before_drift
rank30_Q61_random_root_sets,random_root_sets,30,7,7,3,214,233,386721,57835336698683361,386721,61,prime_block_le_61,7,5201836549,22.3722775827,9,2.19722457734,5,13,0,,7.30959422356,2.19722457734,0.999873868298,0.999873868298,0.999873868298,none_visible,0.579647099057,0.333333333333,0.246313765723,deterministic_seeded_random_sets_same_cardinality,local_obstruction_before_drift
rank30_Q61_exact_power_anchor,exact_power_anchor,30,7,7,3,214,233,386721,57835336698683361,386721,61,prime_block_le_61,7,5201836549,22.3722775827,2187,7.69028602068,0,0,1,386721,1.81653278022,7.69028602068,0.999995690261,0.999858927869,1.00017784857,constructed_exact_power_root,0.579647099057,0.333333333333,0.246313765723,C_from_near_power_row_as_positive_control,positive_control_survivor
rank31_Q61_actual_near_miss,actual_near_miss,31,6,6,3,103,148,22704,11703267569664,22704,61,prime_block_le_61,7,5201836549,22.3722775827,9,2.19722457734,3,7,0,,10.1447566059,2.19722457734,1.00975843708,1.00088090204,1.02723455485,none_visible,0.743490078851,0.333333333333,0.410156745518,existing_near_power_csv,local_obstruction_before_drift
rank31_Q61_random_root_sets,random_root_sets,31,6,6,3,103,148,22704,11703267569664,22704,61,prime_block_le_61,7,5201836549,22.3722775827,9,2.19722457734,3,7,0,,10.1447566059,2.19722457734,0.997566100279,0.994097956307,1.00088090204,none_visible,0.743490078851,0.333333333333,0.410156745518,deterministic_seeded_random_sets_same_cardinality,local_obstruction_before_drift
rank31_Q61_exact_power_anchor,exact_power_anchor,31,6,6,3,103,148,22704,11703267569664,22704,61,prime_block_le_61,7,5201836549,22.3722775827,729,6.59167373201,0,0,1,22704,5.75030745127,6.59167373201,1.0060146034,0.998463315324,1.02777777778,constructed_exact_power_root,0.743490078851,0.333333333333,0.410156745518,C_from_near_power_row_as_positive_control,positive_control_survivor
rank32_Q61_actual_near_miss,actual_near_miss,32,7,6,4,90,239,3912,234204580417536,3912,61,prime_block_le_61,17,58644190679703485491635,52.4257754724,64,4.15888308336,11,11,0,,39.9950883579,4.15888308336,0.988969836401,0.953923824131,1.00536809816,none_visible,1.58447224073,0.25,1.33447224073,existing_near_power_csv,local_obstruction_before_drift
rank32_Q61_random_root_sets,random_root_sets,32,7,6,4,90,239,3912,234204580417536,3912,61,prime_block_le_61,17,58644190679703485491635,52.4257754724,64,4.15888308336,11,11,0,,39.9950883579,4.15888308336,1.00631390593,0.985940695297,1.04064417178,none_visible,1.58447224073,0.25,1.33447224073,deterministic_seeded_random_sets_same_cardinality,local_obstruction_before_drift
rank32_Q61_exact_power_anchor,exact_power_anchor,32,7,6,4,90,239,3912,234204580417536,3912,61,prime_block_le_61,17,58644190679703485491635,52.4257754724,16777216,16.6355323334,0,0,1,3912,27.5184391078,16.6355323334,1.02307603208,0.976674335378,1.12666155419,constructed_exact_power_root,1.58447224073,0.25,1.33447224073,C_from_near_power_row_as_positive_control,positive_control_survivor
rank33_Q61_actual_near_miss,actual_near_miss,33,5,7,3,206,93,39266,60541055273096,39266,61,prime_block_le_61,7,5201836549,22.3722775827,3,1.09861228867,5,19,0,,10.6955510106,1.09861228867,1.0003989881,1.0003989881,1.0003989881,none_visible,0.704986319968,0.333333333333,0.371652986634,existing_near_power_csv,local_obstruction_before_drift
rank33_Q61_random_root_sets,random_root_sets,33,5,7,3,206,93,39266,60541055273096,39266,61,prime_block_le_61,7,5201836549,22.3722775827,3,1.09861228867,5,19,0,,10.6955510106,1.09861228867,1.0003989881,1.0003989881,1.0003989881,none_visible,0.704986319968,0.333333333333,0.371652986634,deterministic_seeded_random_sets_same_cardinality,local_obstruction_before_drift
rank33_Q61_exact_power_anchor,exact_power_anchor,33,5,7,3,206,93,39266,60541055273096,39266,61,prime_block_le_61,7,5201836549,22.3722775827,2187,7.69028602068,0,0,1,39266,4.10387727854,7.69028602068,1.00124789895,0.996420425927,1.00846081145,constructed_exact_power_root,0.704986319968,0.333333333333,0.371652986634,C_from_near_power_row_as_positive_control,positive_control_survivor
rank34_Q61_actual_near_miss,actual_near_miss,34,7,7,3,217,218,358452,46056721898841408,358452,61,prime_block_le_61,7,5201836549,22.3722775827,243,5.49306144334,2,13,0,,4.08966610049,5.49306144334,0.999826181593,0.999747370483,0.999993800503,none_visible,0.583087429835,0.333333333333,0.249754096501,existing_near_power_csv,local_obstruction_before_drift
rank34_Q61_random_root_sets,random_root_sets,34,7,7,3,217,218,358452,46056721898841408,358452,61,prime_block_le_61,7,5201836549,22.3722775827,243,5.49306144334,2,13,0,,4.08966610049,5.49306144334,1.0002269016,0.999993800503,1.00044698376,none_visible,0.583087429835,0.333333333333,0.249754096501,deterministic_seeded_random_sets_same_cardinality,local_obstruction_before_drift
rank34_Q61_exact_power_anchor,exact_power_anchor,34,7,7,3,217,218,358452,46056721898841408,358452,61,prime_block_le_61,7,5201836549,22.3722775827,2187,7.69028602068,0,0,1,358452,1.89244152316,7.69028602068,1.00029442446,1.00001983839,1.0008818785,constructed_exact_power_root,0.583087429835,0.333333333333,0.249754096501,C_from_near_power_row_as_positive_control,positive_control_survivor
rank35_Q61_actual_near_miss,actual_near_miss,35,7,7,3,91,148,117132,1607039962123968,117132,61,prime_block_le_61,7,5201836549,22.3722775827,243,5.49306144334,2,37,0,,5.20815935638,5.49306144334,1.00019564821,0.999557005012,1.00093911143,none_visible,0.638967490226,0.333333333333,0.305634156893,existing_near_power_csv,local_obstruction_before_drift
rank35_Q61_random_root_sets,random_root_sets,35,7,7,3,91,148,117132,1607039962123968,117132,61,prime_block_le_61,7,5201836549,22.3722775827,243,5.49306144334,2,37,0,,5.20815935638,5.49306144334,1.00033532918,1.00004458408,1.00093911143,none_visible,0.638967490226,0.333333333333,0.305634156893,deterministic_seeded_random_sets_same_cardinality,local_obstruction_before_drift
rank35_Q61_exact_power_anchor,exact_power_anchor,35,7,7,3,91,148,117132,1607039962123968,117132,61,prime_block_le_61,7,5201836549,22.3722775827,729,6.59167373201,0,0,1,117132,4.10954706771,6.59167373201,1.00109167751,1.00000758878,1.00513950073,constructed_exact_power_root,0.638967490226,0.333333333333,0.305634156893,C_from_near_power_row_as_positive_control,positive_control_survivor
rank36_Q61_actual_near_miss,actual_near_miss,36,7,7,3,108,149,121685,1801818905094125,121685,61,prime_block_le_61,7,5201836549,22.3722775827,9,2.19722457734,5,7,0,,8.46586198787,2.19722457734,1.0000821794,1.0000821794,1.0000821794,none_visible,0.636886515026,0.333333333333,0.303553181693,existing_near_power_csv,local_obstruction_before_drift
rank36_Q61_random_root_sets,random_root_sets,36,7,7,3,108,149,121685,1801818905094125,121685,61,prime_block_le_61,7,5201836549,22.3722775827,9,2.19722457734,5,7,0,,8.46586198787,2.19722457734,1.0000821794,1.0000821794,1.0000821794,none_visible,0.636886515026,0.333333333333,0.303553181693,deterministic_seeded_random_sets_same_cardinality,local_obstruction_before_drift
rank36_Q61_exact_power_anchor,exact_power_anchor,36,7,7,3,108,149,121685,1801818905094125,121685,61,prime_block_le_61,7,5201836549,22.3722775827,2187,7.69028602068,0,0,1,121685,2.97280054453,7.69028602068,0.999120680445,0.993955248752,1.00094414997,constructed_exact_power_root,0.636886515026,0.333333333333,0.303553181693,C_from_near_power_row_as_positive_control,positive_control_survivor
rank37_Q61_actual_near_miss,actual_near_miss,37,5,7,4,118,79,2094,19226786746896,2094,61,prime_block_le_61,17,58644190679703485491635,52.4257754724,64,4.15888308336,11,3,0,,40.6200609976,4.15888308336,1.08649713467,1.013252149,1.32425978988,none_visible,1.71397055816,0.25,1.46397055816,existing_near_power_csv,local_obstruction_before_drift
rank37_Q61_random_root_sets,random_root_sets,37,5,7,4,118,79,2094,19226786746896,2094,61,prime_block_le_61,17,58644190679703485491635,52.4257754724,64,4.15888308336,11,3,0,,40.6200609976,4.15888308336,0.947719675263,0.662129894938,1.04345749761,none_visible,1.71397055816,0.25,1.46397055816,deterministic_seeded_random_sets_same_cardinality,local_obstruction_before_drift
rank37_Q61_exact_power_anchor,exact_power_anchor,37,5,7,4,118,79,2094,19226786746896,2094,61,prime_block_le_61,17,58644190679703485491635,52.4257754724,16777216,16.6355323334,0,0,1,2094,28.1434117476,16.6355323334,1.06457997553,0.743493314231,1.49331423114,constructed_exact_power_root,1.71397055816,0.25,1.46397055816,C_from_near_power_row_as_positive_control,positive_control_survivor
rank38_Q61_actual_near_miss,actual_near_miss,38,6,7,3,245,134,99734,992041207978904,99734,61,prime_block_le_61,7,5201836549,22.3722775827,9,2.19722457734,5,13,0,,8.66479108446,2.19722457734,1.00001225482,1.00001225482,1.00001225482,none_visible,0.647893671938,0.333333333333,0.314560338605,existing_near_power_csv,local_obstruction_before_drift
rank38_Q61_random_root_sets,random_root_sets,38,6,7,3,245,134,99734,992041207978904,99734,61,prime_block_le_61,7,5201836549,22.3722775827,9,2.19722457734,5,13,0,,8.66479108446,2.19722457734,1.00016042674,1.00016042674,1.00016042674,none_visible,0.647893671938,0.333333333333,0.314560338605,deterministic_seeded_random_sets_same_cardinality,local_obstruction_before_drift
rank38_Q61_exact_power_anchor,exact_power_anchor,38,6,7,3,245,134,99734,992041207978904,99734,61,prime_block_le_61,7,5201836549,22.3722775827,2187,7.69028602068,0,0,1,99734,3.17172964112,7.69028602068,1.00026663518,0.999273623394,1.00232061729,constructed_exact_power_root,0.647893671938,0.333333333333,0.314560338605,C_from_near_power_row_as_positive_control,positive_control_survivor
rank39_Q61_actual_near_miss,actual_near_miss,39,7,7,3,99,182,188593,6707747514563857,188593,61,prime_block_le_61,7,5201836549,22.3722775827,81,4.39444915467,3,19,0,,5.8304818951,4.39444915467,1.00010860149,0.999849175503,1.00053318816,none_visible,0.613913980365,0.333333333333,0.280580647032,existing_near_power_csv,local_obstruction_before_drift
rank39_Q61_random_root_sets,random_root_sets,39,7,7,3,99,182,188593,6707747514563857,188593,61,prime_block_le_61,7,5201836549,22.3722775827,81,4.39444915467,3,19,0,,5.8304818951,4.39444915467,1.00051394233,0.999943440813,1.00139453744,none_visible,0.613913980365,0.333333333333,0.280580647032,deterministic_seeded_random_sets_same_cardinality,local_obstruction_before_drift
rank39_Q61_exact_power_anchor,exact_power_anchor,39,7,7,3,99,182,188593,6707747514563857,188593,61,prime_block_le_61,7,5201836549,22.3722775827,2187,7.69028602068,0,0,1,188593,2.5346450291,7.69028602068,1.00032001109,0.999849175503,1.00109053182,constructed_exact_power_root,0.613913980365,0.333333333333,0.280580647032,C_from_near_power_row_as_positive_control,positive_control_survivor
rank40_Q61_actual_near_miss,actual_near_miss,40,7,7,3,121,214,275602,20933752951467208,275602,61,prime_block_le_61,7,5201836549,22.3722775827,9,2.19722457734,4,13,0,,7.64833993035,2.19722457734,0.999503511102,0.99932148533,0.999685536873,none_visible,0.595321838718,0.333333333333,0.261988505384,existing_near_power_csv,local_obstruction_before_drift
rank40_Q61_random_root_sets,random_root_sets,40,7,7,3,121,214,275602,20933752951467208,275602,61,prime_block_le_61,7,5201836549,22.3722775827,9,2.19722457734,4,13,0,,7.64833993035,2.19722457734,0.999685536873,0.99932148533,1.00004958842,none_visible,0.595321838718,0.333333333333,0.261988505384,deterministic_seeded_random_sets_same_cardinality,local_obstruction_before_drift
rank40_Q61_exact_power_anchor,exact_power_anchor,40,7,7,3,121,214,275602,20933752951467208,275602,61,prime_block_le_61,7,5201836549,22.3722775827,2187,7.69028602068,0,0,1,275602,2.15527848701,7.69028602068,1.00029343173,0.999882681064,1.00143645144,constructed_exact_power_root,0.595321838718,0.333333333333,0.261988505384,C_from_near_power_row_as_positive_control,positive_control_survivor
rank41_Q61_actual_near_miss,actual_near_miss,41,7,7,3,105,206,251369,15883095686476409,251369,61,prime_block_le_61,7,5201836549,22.3722775827,9,2.19722457734,5,7,0,,7.74037574728,2.19722457734,1.00003580394,1.00003580394,1.00003580394,none_visible,0.599728139792,0.333333333333,0.266394806459,existing_near_power_csv,local_obstruction_before_drift
rank41_Q61_random_root_sets,random_root_sets,41,7,7,3,105,206,251369,15883095686476409,251369,61,prime_block_le_61,7,5201836549,22.3722775827,9,2.19722457734,5,7,0,,7.74037574728,2.19722457734,1.00003580394,1.00003580394,1.00003580394,none_visible,0.599728139792,0.333333333333,0.266394806459,deterministic_seeded_random_sets_same_cardinality,local_obstruction_before_drift
rank41_Q61_exact_power_anchor,exact_power_anchor,41,7,7,3,105,206,251369,15883095686476409,251369,61,prime_block_le_61,7,5201836549,22.3722775827,2187,7.69028602068,0,0,1,251369,2.24731430393,7.69028602068,1.00008479492,0.999427579022,1.00082083842,constructed_exact_power_root,0.599728139792,0.333333333333,0.266394806459,C_from_near_power_row_as_positive_control,positive_control_survivor
rank42_Q61_actual_near_miss,actual_near_miss,42,6,7,3,221,198,229241,12046943758644521,229241,61,prime_block_le_61,7,5201836549,22.3722775827,3,1.09861228867,6,7,0,,8.93113616311,1.09861228867,,,,none_visible,0.604205652002,0.333333333333,0.270872318669,existing_near_power_csv,local_obstruction_before_drift
rank42_Q61_random_root_sets,random_root_sets,42,6,7,3,221,198,229241,12046943758644521,229241,61,prime_block_le_61,7,5201836549,22.3722775827,3,1.09861228867,6,7,0,,8.93113616311,1.09861228867,,,,none_visible,0.604205652002,0.333333333333,0.270872318669,deterministic_seeded_random_sets_same_cardinality,local_obstruction_before_drift
rank42_Q61_exact_power_anchor,exact_power_anchor,42,6,7,3,221,198,229241,12046943758644521,229241,61,prime_block_le_61,7,5201836549,22.3722775827,2187,7.69028602068,0,0,1,229241,2.33946243111,7.69028602068,1.00033912232,1.00003586715,1.00069359321,constructed_exact_power_root,0.604205652002,0.333333333333,0.270872318669,C_from_near_power_row_as_positive_control,positive_control_survivor
rank43_Q61_actual_near_miss,actual_near_miss,43,6,7,3,235,249,390429,59514968106923589,390429,61,prime_block_le_61,7,5201836549,22.3722775827,27,3.295836866,4,7,0,,6.20143930313,3.295836866,0.999913485479,0.999734480106,1.00009249085,none_visible,0.579217479001,0.333333333333,0.245884145668,existing_near_power_csv,local_obstruction_before_drift
rank43_Q61_random_root_sets,random_root_sets,43,6,7,3,235,249,390429,59514968106923589,390429,61,prime_block_le_61,7,5201836549,22.3722775827,27,3.295836866,4,7,0,,6.20143930313,3.295836866,0.99998192871,0.999734480106,1.00022937731,none_visible,0.579217479001,0.333333333333,0.245884145668,deterministic_seeded_random_sets_same_cardinality,local_obstruction_before_drift
rank43_Q61_exact_power_anchor,exact_power_anchor,43,6,7,3,235,249,390429,59514968106923589,390429,61,prime_block_le_61,7,5201836549,22.3722775827,729,6.59167373201,0,0,1,390429,2.90560243712,6.59167373201,1.00012351086,0.999829247657,1.0006400367,constructed_exact_power_root,0.579217479001,0.333333333333,0.245884145668,C_from_near_power_row_as_positive_control,positive_control_survivor
rank44_Q61_actual_near_miss,actual_near_miss,44,6,7,3,241,177,177988,5638611452894272,177988,61,prime_block_le_61,7,5201836549,22.3722775827,3,1.09861228867,6,7,0,,9.18419388274,1.09861228867,,,,none_visible,0.616852929892,0.333333333333,0.283519596559,existing_near_power_csv,local_obstruction_before_drift
rank44_Q61_random_root_sets,random_root_sets,44,6,7,3,241,177,177988,5638611452894272,177988,61,prime_block_le_61,7,5201836549,22.3722775827,3,1.09861228867,6,7,0,,9.18419388274,1.09861228867,,,,none_visible,0.616852929892,0.333333333333,0.283519596559,deterministic_seeded_random_sets_same_cardinality,local_obstruction_before_drift
rank44_Q61_exact_power_anchor,exact_power_anchor,44,6,7,3,241,177,177988,5638611452894272,177988,61,prime_block_le_61,7,5201836549,22.3722775827,2187,7.69028602068,0,0,1,177988,2.59252015073,7.69028602068,1.00053010232,1.00004494685,1.00211250197,constructed_exact_power_root,0.616852929892,0.333333333333,0.283519596559,C_from_near_power_row_as_positive_control,positive_control_survivor
rank45_Q61_actual_near_miss,actual_near_miss,45,5,6,3,182,141,20048,8057738350592,20048,61,prime_block_le_61,7,5201836549,22.3722775827,27,3.295836866,4,31,0,,9.17055603954,3.295836866,0.999035647779,0.99795490822,1.00011638734,none_visible,0.752827849703,0.333333333333,0.41949451637,existing_near_power_csv,local_obstruction_before_drift
rank45_Q61_random_root_sets,random_root_sets,45,5,6,3,182,141,20048,8057738350592,20048,61,prime_block_le_61,7,5201836549,22.3722775827,27,3.295836866,4,31,0,,9.17055603954,3.295836866,1.00083688038,0.99961204221,1.00206171854,none_visible,0.752827849703,0.333333333333,0.41949451637,deterministic_seeded_random_sets_same_cardinality,local_obstruction_before_drift
rank45_Q61_exact_power_anchor,exact_power_anchor,45,5,6,3,182,141,20048,8057738350592,20048,61,prime_block_le_61,7,5201836549,22.3722775827,729,6.59167373201,0,0,1,20048,5.87471917354,6.59167373201,0.999129866099,0.988538618427,1.00522080341,constructed_exact_power_root,0.752827849703,0.333333333333,0.41949451637,C_from_near_power_row_as_positive_control,positive_control_survivor
rank46_Q61_actual_near_miss,actual_near_miss,46,7,7,3,106,141,107961,1258347804744681,107961,61,prime_block_le_61,7,5201836549,22.3722775827,3,1.09861228867,4,7,0,,9.68413996423,1.09861228867,1.00088149116,0.99979622271,1.0019667596,none_visible,0.643462579242,0.333333333333,0.310129245909,existing_near_power_csv,local_obstruction_before_drift
rank46_Q61_random_root_sets,random_root_sets,46,7,7,3,106,141,107961,1258347804744681,107961,61,prime_block_le_61,7,5201836549,22.3722775827,3,1.09861228867,4,7,0,,9.68413996423,1.09861228867,1.00088149116,0.99979622271,1.0019667596,none_visible,0.643462579242,0.333333333333,0.310129245909,deterministic_seeded_random_sets_same_cardinality,local_obstruction_before_drift
rank46_Q61_exact_power_anchor,exact_power_anchor,46,7,7,3,106,141,107961,1258347804744681,107961,61,prime_block_le_61,7,5201836549,22.3722775827,729,6.59167373201,0,0,1,107961,4.19107852089,6.59167373201,1.00084924357,0.999855915048,1.00210261113,constructed_exact_power_root,0.643462579242,0.333333333333,0.310129245909,C_from_near_power_row_as_positive_control,positive_control_survivor
rank47_Q61_actual_near_miss,actual_near_miss,47,5,6,3,68,71,5060,129554216000,5060,61,prime_block_le_61,7,5201836549,22.3722775827,9,2.19722457734,5,7,0,,11.6459312431,2.19722457734,0.994268774704,0.994268774704,0.994268774704,none_visible,0.874348622137,0.333333333333,0.541015288804,existing_near_power_csv,local_obstruction_before_drift
rank47_Q61_random_root_sets,random_root_sets,47,5,6,3,68,71,5060,129554216000,5060,61,prime_block_le_61,7,5201836549,22.3722775827,9,2.19722457734,5,7,0,,11.6459312431,2.19722457734,1.00654369785,1.00654369785,1.00654369785,none_visible,0.874348622137,0.333333333333,0.541015288804,deterministic_seeded_random_sets_same_cardinality,local_obstruction_before_drift
rank47_Q61_exact_power_anchor,exact_power_anchor,47,5,6,3,68,71,5060,129554216000,5060,61,prime_block_le_61,7,5201836549,22.3722775827,2187,7.69028602068,0,0,1,5060,6.15286979972,7.69028602068,1.00113453374,0.97821695213,1.03265261309,constructed_exact_power_root,0.874348622137,0.333333333333,0.541015288804,C_from_near_power_row_as_positive_control,positive_control_survivor
rank48_Q61_actual_near_miss,actual_near_miss,48,5,7,3,187,103,49761,123216054498081,49761,61,prime_block_le_61,7,5201836549,22.3722775827,9,2.19722457734,5,13,0,,9.36006618167,2.19722457734,0.999915149972,0.999915149972,0.999915149972,none_visible,0.689545533663,0.333333333333,0.35621220033,existing_near_power_csv,local_obstruction_before_drift
rank48_Q61_random_root_sets,random_root_sets,48,5,7,3,187,103,49761,123216054498081,49761,61,prime_block_le_61,7,5201836549,22.3722775827,9,2.19722457734,5,13,0,,9.36006618167,2.19722457734,0.999915149972,0.999915149972,0.999915149972,none_visible,0.689545533663,0.333333333333,0.35621220033,deterministic_seeded_random_sets_same_cardinality,local_obstruction_before_drift
rank48_Q61_exact_power_anchor,exact_power_anchor,48,5,7,3,187,103,49761,123216054498081,49761,61,prime_block_le_61,7,5201836549,22.3722775827,729,6.59167373201,0,0,1,49761,4.965617027,6.59167373201,1.00385137252,0.999915149972,1.00892041737,constructed_exact_power_root,0.689545533663,0.333333333333,0.35621220033,C_from_near_power_row_as_positive_control,positive_control_survivor
rank49_Q61_actual_near_miss,actual_near_miss,49,7,7,3,154,171,184980,6329571721992000,184980,61,prime_block_le_61,7,5201836549,22.3722775827,9,2.19722457734,4,7,0,,8.04705001524,2.19722457734,0.999930322798,0.999619178049,1.00024146755,none_visible,0.61489314168,0.333333333333,0.281559808347,existing_near_power_csv,local_obstruction_before_drift
rank49_Q61_random_root_sets,random_root_sets,49,7,7,3,154,171,184980,6329571721992000,184980,61,prime_block_le_61,7,5201836549,22.3722775827,9,2.19722457734,4,7,0,,8.04705001524,2.19722457734,1.00088598167,1.00024146755,1.00153049579,none_visible,0.61489314168,0.333333333333,0.281559808347,deterministic_seeded_random_sets_same_cardinality,local_obstruction_before_drift
rank49_Q61_exact_power_anchor,exact_power_anchor,49,7,7,3,154,171,184980,6329571721992000,184980,61,prime_block_le_61,7,5201836549,22.3722775827,2187,7.69028602068,0,0,1,184980,2.55398857189,7.69028602068,1.00062038739,0.999975973379,1.00175274204,constructed_exact_power_root,0.61489314168,0.333333333333,0.281559808347,C_from_near_power_row_as_positive_control,positive_control_survivor
rank50_Q61_actual_near_miss,actual_near_miss,50,7,7,4,149,204,11305,16333613199150625,11305,61,prime_block_le_61,17,58644190679703485491635,52.4257754724,256,5.54517744448,10,3,0,,37.5475976432,5.54517744448,1.00095735663,0.992746572313,1.00986289253,none_visible,1.40431193912,0.25,1.15431193912,existing_near_power_csv,local_obstruction_before_drift
rank50_Q61_random_root_sets,random_root_sets,50,7,7,4,149,204,11305,16333613199150625,11305,61,prime_block_le_61,17,58644190679703485491635,52.4257754724,256,5.54517744448,10,3,0,,37.5475976432,5.54517744448,1.00028656199,0.992746572313,1.00986289253,none_visible,1.40431193912,0.25,1.15431193912,deterministic_seeded_random_sets_same_cardinality,local_obstruction_before_drift
rank50_Q61_exact_power_anchor,exact_power_anchor,50,7,7,4,149,204,11305,16333613199150625,11305,61,prime_block_le_61,17,58644190679703485491635,52.4257754724,524288,13.1697964306,0,0,1,11305,29.9229786571,13.1697964306,1.01147342161,0.998026315789,1.07183768244,constructed_exact_power_root,1.40431193912,0.25,1.15431193912,C_from_near_power_row_as_positive_control,positive_control_survivor
rank51_Q61_actual_near_miss,actual_near_miss,51,6,7,4,173,138,5595,979941981200625,5595,61,prime_block_le_61,17,58644190679703485491635,52.4257754724,512,6.23832462504,7,7,0,,37.5578222266,6.23832462504,1.00505908053,0.932439678284,1.04441465594,none_visible,1.51877264296,0.25,1.26877264296,existing_near_power_csv,local_obstruction_before_drift
rank51_Q61_random_root_sets,random_root_sets,51,6,7,4,173,138,5595,979941981200625,5595,61,prime_block_le_61,17,58644190679703485491635,52.4257754724,512,6.23832462504,7,7,0,,37.5578222266,6.23832462504,1.01949657432,0.922520107239,1.12475424486,none_visible,1.51877264296,0.25,1.26877264296,deterministic_seeded_random_sets_same_cardinality,local_obstruction_before_drift
rank51_Q61_exact_power_anchor,exact_power_anchor,51,6,7,4,173,138,5595,979941981200625,5595,61,prime_block_le_61,17,58644190679703485491635,52.4257754724,4194304,15.2492379723,0,0,1,5595,28.5469088794,15.2492379723,1.01361427614,0.993342269884,1.06347184987,constructed_exact_power_root,1.51877264296,0.25,1.26877264296,C_from_near_power_row_as_positive_control,positive_control_survivor
rank52_Q61_actual_near_miss,actual_near_miss,52,7,5,3,39,179,6847,320997007423,6847,61,prime_block_le_61,7,5201836549,22.3722775827,9,2.19722457734,5,13,0,,11.3434871262,2.19722457734,0.987699397952,0.987699397952,0.987699397952,none_visible,0.844405846366,0.333333333333,0.511072513032,existing_near_power_csv,local_obstruction_before_drift
rank52_Q61_random_root_sets,random_root_sets,52,7,5,3,39,179,6847,320997007423,6847,61,prime_block_le_61,7,5201836549,22.3722775827,9,2.19722457734,5,13,0,,11.3434871262,2.19722457734,0.991902374114,0.991902374114,0.991902374114,none_visible,0.844405846366,0.333333333333,0.511072513032,deterministic_seeded_random_sets_same_cardinality,local_obstruction_before_drift
rank52_Q61_exact_power_anchor,exact_power_anchor,52,7,5,3,39,179,6847,320997007423,6847,61,prime_block_le_61,7,5201836549,22.3722775827,2187,7.69028602068,0,0,1,6847,5.85042568288,7.69028602068,1.02707592944,1.00206091881,1.10669717476,constructed_exact_power_root,0.844405846366,0.333333333333,0.511072513032,C_from_near_power_row_as_positive_control,positive_control_survivor
rank53_Q61_actual_near_miss,actual_near_miss,53,7,7,3,206,247,415692,71831510617053888,415692,61,prime_block_le_61,7,5201836549,22.3722775827,3,1.09861228867,6,7,0,,8.3359654136,1.09861228867,,,,none_visible,0.576410484849,0.333333333333,0.243077151515,existing_near_power_csv,local_obstruction_before_drift
rank53_Q61_random_root_sets,random_root_sets,53,7,7,3,206,247,415692,71831510617053888,415692,61,prime_block_le_61,7,5201836549,22.3722775827,3,1.09861228867,6,7,0,,8.3359654136,1.09861228867,,,,none_visible,0.576410484849,0.333333333333,0.243077151515,deterministic_seeded_random_sets_same_cardinality,local_obstruction_before_drift
rank53_Q61_exact_power_anchor,exact_power_anchor,53,7,7,3,206,247,415692,71831510617053888,415692,61,prime_block_le_61,7,5201836549,22.3722775827,2187,7.69028602068,0,0,1,415692,1.74429168159,7.69028602068,0.999930103164,0.999077041014,1.00038302932,constructed_exact_power_root,0.576410484849,0.333333333333,0.243077151515,C_from_near_power_row_as_positive_control,positive_control_survivor
rank54_Q61_actual_near_miss,actual_near_miss,54,6,7,3,208,119,74824,418911964148224,74824,61,prime_block_le_61,7,5201836549,22.3722775827,3,1.09861228867,6,13,0,,10.0507713259,1.09861228867,,,,none_visible,0.664483321511,0.333333333333,0.331149988177,existing_near_power_csv,local_obstruction_before_drift
rank54_Q61_random_root_sets,random_root_sets,54,6,7,3,208,119,74824,418911964148224,74824,61,prime_block_le_61,7,5201836549,22.3722775827,3,1.09861228867,6,13,0,,10.0507713259,1.09861228867,,,,none_visible,0.664483321511,0.333333333333,0.331149988177,deterministic_seeded_random_sets_same_cardinality,local_obstruction_before_drift
rank54_Q61_exact_power_anchor,exact_power_anchor,54,6,7,3,208,119,74824,418911964148224,74824,61,prime_block_le_61,7,5201836549,22.3722775827,2187,7.69028602068,0,0,1,74824,3.45909759389,7.69028602068,1.00190595412,0.999811409292,1.00882218421,constructed_exact_power_root,0.664483321511,0.333333333333,0.331149988177,C_from_near_power_row_as_positive_control,positive_control_survivor
rank55_Q61_actual_near_miss,actual_near_miss,55,7,7,3,89,151,122409,1834171961263929,122409,61,prime_block_le_61,7,5201836549,22.3722775827,3,1.09861228867,6,7,0,,9.55854211824,1.09861228867,,,,none_visible,0.636564016358,0.333333333333,0.303230683024,existing_near_power_csv,local_obstruction_before_drift
rank55_Q61_random_root_sets,random_root_sets,55,7,7,3,89,151,122409,1834171961263929,122409,61,prime_block_le_61,7,5201836549,22.3722775827,3,1.09861228867,6,7,0,,9.55854211824,1.09861228867,,,,none_visible,0.636564016358,0.333333333333,0.303230683024,deterministic_seeded_random_sets_same_cardinality,local_obstruction_before_drift
rank55_Q61_exact_power_anchor,exact_power_anchor,55,7,7,3,89,151,122409,1834171961263929,122409,61,prime_block_le_61,7,5201836549,22.3722775827,729,6.59167373201,0,0,1,122409,4.0654806749,6.59167373201,1.00017851508,0.999356438025,1.00157305064,constructed_exact_power_root,0.636564016358,0.333333333333,0.303230683024,C_from_near_power_row_as_positive_control,positive_control_survivor
rank56_Q61_actual_near_miss,actual_near_miss,56,6,7,3,250,237,348272,42243090123419648,348272,61,prime_block_le_61,7,5201836549,22.3722775827,27,3.295836866,3,13,0,,6.31570165402,3.295836866,0.999567919668,0.998727367626,1.00007305912,none_visible,0.58440391456,0.333333333333,0.251070581227,existing_near_power_csv,local_obstruction_before_drift
rank56_Q61_random_root_sets,random_root_sets,56,6,7,3,250,237,348272,42243090123419648,348272,61,prime_block_le_61,7,5201836549,22.3722775827,27,3.295836866,3,13,0,,6.31570165402,3.295836866,1.00004796166,0.999903332261,1.00016749361,none_visible,0.58440391456,0.333333333333,0.251070581227,deterministic_seeded_random_sets_same_cardinality,local_obstruction_before_drift
rank56_Q61_exact_power_anchor,exact_power_anchor,56,6,7,3,250,237,348272,42243090123419648,348272,61,prime_block_le_61,7,5201836549,22.3722775827,2187,7.69028602068,0,0,1,348272,1.92125249935,7.69028602068,0.999902747363,0.998338144388,1.00045079708,constructed_exact_power_root,0.58440391456,0.333333333333,0.251070581227,C_from_near_power_row_as_positive_control,positive_control_survivor
rank57_Q61_actual_near_miss,actual_near_miss,57,5,7,3,163,84,30942,29624098656888,30942,61,prime_block_le_61,7,5201836549,22.3722775827,3,1.09861228867,6,7,0,,10.9337955307,1.09861228867,,,,none_visible,0.721230153921,0.333333333333,0.387896820588,existing_near_power_csv,local_obstruction_before_drift
rank57_Q61_random_root_sets,random_root_sets,57,5,7,3,163,84,30942,29624098656888,30942,61,prime_block_le_61,7,5201836549,22.3722775827,3,1.09861228867,6,7,0,,10.9337955307,1.09861228867,,,,none_visible,0.721230153921,0.333333333333,0.387896820588,deterministic_seeded_random_sets_same_cardinality,local_obstruction_before_drift
rank57_Q61_exact_power_anchor,exact_power_anchor,57,5,7,3,163,84,30942,29624098656888,30942,61,prime_block_le_61,7,5201836549,22.3722775827,2187,7.69028602068,0,0,1,30942,4.34212179872,7.69028602068,0.999961098064,0.996753783064,1.00552287793,constructed_exact_power_root,0.721230153921,0.333333333333,0.387896820588,C_from_near_power_row_as_positive_control,positive_control_survivor
rank58_Q61_actual_near_miss,actual_near_miss,58,6,7,3,197,194,218283,10400632276871187,218283,61,prime_block_le_61,7,5201836549,22.3722775827,27,3.295836866,4,13,0,,6.78289305165,3.295836866,1.00040900014,0.999930263822,1.00088773646,none_visible,0.606613002536,0.333333333333,0.273279669202,existing_near_power_csv,local_obstruction_before_drift
rank58_Q61_random_root_sets,random_root_sets,58,6,7,3,197,194,218283,10400632276871187,218283,61,prime_block_le_61,7,5201836549,22.3722775827,27,3.295836866,4,13,0,,6.78289305165,3.295836866,0.999693313522,0.999456363223,0.999930263822,none_visible,0.606613002536,0.333333333333,0.273279669202,deterministic_seeded_random_sets_same_cardinality,local_obstruction_before_drift
rank58_Q61_exact_power_anchor,exact_power_anchor,58,6,7,3,197,194,218283,10400632276871187,218283,61,prime_block_le_61,7,5201836549,22.3722775827,729,6.59167373201,0,0,1,218283,3.48705618565,6.59167373201,1.00034469354,0.999550532515,1.00137588971,constructed_exact_power_root,0.606613002536,0.333333333333,0.273279669202,C_from_near_power_row_as_positive_control,positive_control_survivor
rank59_Q61_actual_near_miss,actual_near_miss,59,5,6,3,188,213,45407,93619955034143,45407,61,prime_block_le_61,7,5201836549,22.3722775827,27,3.295836866,3,19,0,,8.35301915951,3.295836866,1.00047064044,0.996926562963,1.00444131228,none_visible,0.69543343243,0.333333333333,0.362100099097,existing_near_power_csv,local_obstruction_before_drift
rank59_Q61_random_root_sets,random_root_sets,59,5,6,3,188,213,45407,93619955034143,45407,61,prime_block_le_61,7,5201836549,22.3722775827,27,3.295836866,3,19,0,,8.35301915951,3.295836866,0.999957585264,0.999280580821,1.0005481289,none_visible,0.69543343243,0.333333333333,0.362100099097,deterministic_seeded_random_sets_same_cardinality,local_obstruction_before_drift
rank59_Q61_exact_power_anchor,exact_power_anchor,59,5,6,3,188,213,45407,93619955034143,45407,61,prime_block_le_61,7,5201836549,22.3722775827,2187,7.69028602068,0,0,1,45407,3.95857000484,7.69028602068,1.00102447901,0.994866185586,1.00480346887,constructed_exact_power_root,0.69543343243,0.333333333333,0.362100099097,C_from_near_power_row_as_positive_control,positive_control_survivor
rank60_Q61_actual_near_miss,actual_near_miss,60,7,7,4,204,227,14626,45761713347855376,14626,61,prime_block_le_61,17,58644190679703485491635,52.4257754724,1024,6.9314718056,10,3,0,,35.903747621,6.9314718056,0.99507227426,0.962088062355,1.01281963626,none_visible,1.36659895479,0.25,1.11659895479,existing_near_power_csv,local_obstruction_before_drift
rank60_Q61_random_root_sets,random_root_sets,60,7,7,4,204,227,14626,45761713347855376,14626,61,prime_block_le_61,17,58644190679703485491635,52.4257754724,1024,6.9314718056,10,3,0,,35.903747621,6.9314718056,0.997284373718,0.973865034869,1.01553739915,none_visible,1.36659895479,0.25,1.11659895479,deterministic_seeded_random_sets_same_cardinality,local_obstruction_before_drift
rank60_Q61_exact_power_anchor,exact_power_anchor,60,7,7,4,204,227,14626,45761713347855376,14626,61,prime_block_le_61,17,58644190679703485491635,52.4257754724,33554432,17.328679514,0,0,1,14626,25.5065399126,17.328679514,1.00697628581,0.994444824286,1.0363393956,constructed_exact_power_root,1.36659895479,0.25,1.11659895479,C_from_near_power_row_as_positive_control,positive_control_survivor
rank61_Q61_actual_near_miss,actual_near_miss,61,6,7,3,185,188,202799,8340602569088399,202799,61,prime_block_le_61,7,5201836549,22.3722775827,9,2.19722457734,4,31,0,,7.95508238562,2.19722457734,0.999919460484,0.999898092857,0.999940828111,none_visible,0.610265449318,0.333333333333,0.276932115984,existing_near_power_csv,local_obstruction_before_drift
rank61_Q61_random_root_sets,random_root_sets,61,6,7,3,185,188,202799,8340602569088399,202799,61,prime_block_le_61,7,5201836549,22.3722775827,9,2.19722457734,4,31,0,,7.95508238562,2.19722457734,0.999919460484,0.999898092857,0.999940828111,none_visible,0.610265449318,0.333333333333,0.276932115984,deterministic_seeded_random_sets_same_cardinality,local_obstruction_before_drift
rank61_Q61_exact_power_anchor,exact_power_anchor,61,6,7,3,185,188,202799,8340602569088399,202799,61,prime_block_le_61,7,5201836549,22.3722775827,2187,7.69028602068,0,0,1,202799,2.46202094228,7.69028602068,1.00040269758,0.999743040591,1.00244303199,constructed_exact_power_root,0.610265449318,0.333333333333,0.276932115984,C_from_near_power_row_as_positive_control,positive_control_survivor
rank62_Q61_actual_near_miss,actual_near_miss,62,7,7,5,179,246,2271,60406777905120351,2271,61,prime_block_le_61,4,852841,13.6563284082,5,1.60943791243,3,11,0,,4.31891495362,1.60943791243,,,,none_visible,0.353425766781,0.2,0.153425766781,existing_near_power_csv,local_obstruction_before_drift
rank62_Q61_random_root_sets,random_root_sets,62,7,7,5,179,246,2271,60406777905120351,2271,61,prime_block_le_61,4,852841,13.6563284082,5,1.60943791243,3,11,0,,4.31891495362,1.60943791243,,,,none_visible,0.353425766781,0.2,0.153425766781,deterministic_seeded_random_sets_same_cardinality,local_obstruction_before_drift
rank62_Q61_exact_power_anchor,exact_power_anchor,62,7,7,5,179,246,2271,60406777905120351,2271,61,prime_block_le_61,4,852841,13.6563284082,625,6.43775164974,0,0,2,903 2271,-0.509398783681,5.74460446918,1.00464993395,0.969123734038,1.02978423602,constructed_exact_power_root,0.353425766781,0.2,0.153425766781,C_from_near_power_row_as_positive_control,positive_control_survivor
rank63_Q61_actual_near_miss,actual_near_miss,63,7,7,3,108,217,283681,22829202875910241,283681,61,prime_block_le_61,7,5201836549,22.3722775827,27,3.295836866,3,7,0,,6.52083507027,3.295836866,1.0003424556,0.999849596319,1.0008742214,none_visible,0.593951902514,0.333333333333,0.260618569181,existing_near_power_csv,local_obstruction_before_drift
rank63_Q61_random_root_sets,random_root_sets,63,7,7,3,108,217,283681,22829202875910241,283681,61,prime_block_le_61,7,5201836549,22.3722775827,27,3.295836866,3,7,0,,6.52083507027,3.295836866,1.00018826572,1.00007285178,1.00035211695,none_visible,0.593951902514,0.333333333333,0.260618569181,deterministic_seeded_random_sets_same_cardinality,local_obstruction_before_drift
rank63_Q61_exact_power_anchor,exact_power_anchor,63,7,7,3,108,217,283681,22829202875910241,283681,61,prime_block_le_61,7,5201836549,22.3722775827,729,6.59167373201,0,0,1,283681,3.22499820427,6.59167373201,1.00051081111,1.00002271722,1.00138418388,constructed_exact_power_root,0.593951902514,0.333333333333,0.260618569181,C_from_near_power_row_as_positive_control,positive_control_survivor
rank64_Q61_actual_near_miss,actual_near_miss,64,6,7,4,240,179,8830,6079149367210000,8830,61,prime_block_le_61,17,58644190679703485491635,52.4257754724,1024,6.9314718056,10,3,0,,36.4083933732,6.9314718056,1.00101217441,0.979388448471,1.01896942242,none_visible,1.44250201076,0.25,1.19250201076,existing_near_power_csv,local_obstruction_before_drift
rank64_Q61_random_root_sets,random_root_sets,64,6,7,4,240,179,8830,6079149367210000,8830,61,prime_block_le_61,17,58644190679703485491635,52.4257754724,1024,6.9314718056,10,3,0,,36.4083933732,6.9314718056,0.991357587769,0.929600792752,1.01896942242,none_visible,1.44250201076,0.25,1.19250201076,deterministic_seeded_random_sets_same_cardinality,local_obstruction_before_drift
rank64_Q61_exact_power_anchor,exact_power_anchor,64,6,7,4,240,179,8830,6079149367210000,8830,61,prime_block_le_61,17,58644190679703485491635,52.4257754724,8388608,15.9423851529,0,0,1,8830,27.3974800259,15.9423851529,1.00990187925,0.998591449604,1.02995469989,constructed_exact_power_root,1.44250201076,0.25,1.19250201076,C_from_near_power_row_as_positive_control,positive_control_survivor
rank65_Q61_actual_near_miss,actual_near_miss,65,7,7,3,100,169,159233,4037376327502337,159233,61,prime_block_le_61,7,5201836549,22.3722775827,81,4.39444915467,3,7,0,,5.99970461066,4.39444915467,1.00076524246,0.999344775685,1.00249529515,none_visible,0.622587140909,0.333333333333,0.289253807576,existing_near_power_csv,local_obstruction_before_drift
rank65_Q61_random_root_sets,random_root_sets,65,7,7,3,100,169,159233,4037376327502337,159233,61,prime_block_le_61,7,5201836549,22.3722775827,81,4.39444915467,3,7,0,,5.99970461066,4.39444915467,1.00002512042,0.999344775685,1.00045565653,none_visible,0.622587140909,0.333333333333,0.289253807576,deterministic_seeded_random_sets_same_cardinality,local_obstruction_before_drift
rank65_Q61_exact_power_anchor,exact_power_anchor,65,7,7,3,100,169,159233,4037376327502337,159233,61,prime_block_le_61,7,5201836549,22.3722775827,2187,7.69028602068,0,0,1,159233,2.70386774466,7.69028602068,0.999261971334,0.995684172111,1.00078012863,constructed_exact_power_root,0.622587140909,0.333333333333,0.289253807576,C_from_near_power_row_as_positive_control,positive_control_survivor
rank66_Q61_actual_near_miss,actual_near_miss,66,6,7,3,160,199,231306,12375441316400616,231306,61,prime_block_le_61,7,5201836549,22.3722775827,9,2.19722457734,5,7,0,,7.82355621712,2.19722457734,0.999875585684,0.999875585684,0.999875585684,none_visible,0.603766975676,0.333333333333,0.270433642342,existing_near_power_csv,local_obstruction_before_drift
rank66_Q61_random_root_sets,random_root_sets,66,6,7,3,160,199,231306,12375441316400616,231306,61,prime_block_le_61,7,5201836549,22.3722775827,9,2.19722457734,5,7,0,,7.82355621712,2.19722457734,0.999875585684,0.999875585684,0.999875585684,none_visible,0.603766975676,0.333333333333,0.270433642342,deterministic_seeded_random_sets_same_cardinality,local_obstruction_before_drift
rank66_Q61_exact_power_anchor,exact_power_anchor,66,6,7,3,160,199,231306,12375441316400616,231306,61,prime_block_le_61,7,5201836549,22.3722775827,729,6.59167373201,0,0,1,231306,3.42910706245,6.59167373201,1.00059581167,0.998886996254,1.00421615618,constructed_exact_power_root,0.603766975676,0.333333333333,0.270433642342,C_from_near_power_row_as_positive_control,positive_control_survivor
rank67_Q61_actual_near_miss,actual_near_miss,67,6,6,3,91,248,61554,233221637659464,61554,61,prime_block_le_61,7,5201836549,22.3722775827,729,6.59167373201,1,37,0,,4.75293373336,6.59167373201,1.00019206262,0.998348333712,1.00377265851,none_visible,0.676246730412,0.333333333333,0.342913397078,existing_near_power_csv,local_obstruction_before_drift
rank67_Q61_random_root_sets,random_root_sets,67,6,6,3,91,248,61554,233221637659464,61554,61,prime_block_le_61,7,5201836549,22.3722775827,729,6.59167373201,1,37,0,,4.75293373336,6.59167373201,0.999621651089,0.996165968093,1.00377265851,none_visible,0.676246730412,0.333333333333,0.342913397078,deterministic_seeded_random_sets_same_cardinality,local_obstruction_before_drift
rank67_Q61_exact_power_anchor,exact_power_anchor,67,6,6,3,91,248,61554,233221637659464,61554,61,prime_block_le_61,7,5201836549,22.3722775827,2187,7.69028602068,0,0,1,61554,3.65432144469,7.69028602068,1.00006588614,0.994303105133,1.00366435253,constructed_exact_power_root,0.676246730412,0.333333333333,0.342913397078,C_from_near_power_row_as_positive_control,positive_control_survivor
rank68_Q61_actual_near_miss,actual_near_miss,68,7,7,3,118,249,390757,59665090001128093,390757,61,prime_block_le_61,7,5201836549,22.3722775827,27,3.295836866,4,7,0,,6.20059955428,3.295836866,1.00010307628,0.999992322594,1.00021382996,none_visible,0.579179703045,0.333333333333,0.245846369712,existing_near_power_csv,local_obstruction_before_drift
rank68_Q61_random_root_sets,random_root_sets,68,7,7,3,118,249,390757,59665090001128093,390757,61,prime_block_le_61,7,5201836549,22.3722775827,27,3.295836866,4,7,0,,6.20059955428,3.295836866,1.00026785615,0.999992322594,1.00054338971,none_visible,0.579179703045,0.333333333333,0.245846369712,deterministic_seeded_random_sets_same_cardinality,local_obstruction_before_drift
rank68_Q61_exact_power_anchor,exact_power_anchor,68,7,7,3,118,249,390757,59665090001128093,390757,61,prime_block_le_61,7,5201836549,22.3722775827,729,6.59167373201,0,0,1,390757,2.90476268828,6.59167373201,0.999886876745,0.998895306631,1.00019762211,constructed_exact_power_root,0.579179703045,0.333333333333,0.245846369712,C_from_near_power_row_as_positive_control,positive_control_survivor
rank69_Q61_actual_near_miss,actual_near_miss,69,7,7,3,71,177,176000,5451776000000000,176000,61,prime_block_le_61,7,5201836549,22.3722775827,27,3.295836866,3,7,0,,6.99820144265,3.295836866,1.00012920875,0.99975,1.00063068182,none_visible,0.617426571184,0.333333333333,0.28409323785,existing_near_power_csv,local_obstruction_before_drift
rank69_Q61_random_root_sets,random_root_sets,69,7,7,3,71,177,176000,5451776000000000,176000,61,prime_block_le_61,7,5201836549,22.3722775827,27,3.295836866,3,7,0,,6.99820144265,3.295836866,1.00049494949,0.999515151515,1.00227462121,none_visible,0.617426571184,0.333333333333,0.28409323785,deterministic_seeded_random_sets_same_cardinality,local_obstruction_before_drift
rank69_Q61_exact_power_anchor,exact_power_anchor,69,7,7,3,71,177,176000,5451776000000000,176000,61,prime_block_le_61,7,5201836549,22.3722775827,2187,7.69028602068,0,0,1,176000,2.60375228798,7.69028602068,1.0002081229,1.00000441919,1.00040151515,constructed_exact_power_root,0.617426571184,0.333333333333,0.28409323785,C_from_near_power_row_as_positive_control,positive_control_survivor
rank70_Q61_actual_near_miss,actual_near_miss,70,4,6,3,188,101,10205,1062769365125,10205,61,prime_block_le_61,7,5201836549,22.3722775827,9,2.19722457734,5,7,0,,10.9444199301,2.19722457734,0.995046001415,0.995046001415,0.995046001415,none_visible,0.807899718265,0.333333333333,0.474566384931,existing_near_power_csv,local_obstruction_before_drift
rank70_Q61_random_root_sets,random_root_sets,70,4,6,3,188,101,10205,1062769365125,10205,61,prime_block_le_61,7,5201836549,22.3722775827,9,2.19722457734,5,7,0,,10.9444199301,2.19722457734,0.987391801405,0.987391801405,0.987391801405,none_visible,0.807899718265,0.333333333333,0.474566384931,deterministic_seeded_random_sets_same_cardinality,local_obstruction_before_drift
rank70_Q61_exact_power_anchor,exact_power_anchor,70,4,6,3,188,101,10205,1062769365125,10205,61,prime_block_le_61,7,5201836549,22.3722775827,729,6.59167373201,0,0,1,10205,6.54997077543,6.59167373201,1.01205654454,1.00042462845,1.02812346889,constructed_exact_power_root,0.807899718265,0.333333333333,0.474566384931,C_from_near_power_row_as_positive_control,positive_control_survivor
rank71_Q61_actual_near_miss,actual_near_miss,71,7,7,3,203,206,310545,29948399895128625,310545,61,prime_block_le_61,7,5201836549,22.3722775827,27,3.295836866,4,7,0,,6.43035661928,3.295836866,0.999831121272,0.999542739378,1.00011950317,none_visible,0.589702377705,0.333333333333,0.256369044372,existing_near_power_csv,local_obstruction_before_drift
rank71_Q61_random_root_sets,random_root_sets,71,7,7,3,203,206,310545,29948399895128625,310545,61,prime_block_le_61,7,5201836549,22.3722775827,27,3.295836866,4,7,0,,6.43035661928,3.295836866,1.00035242701,1.00017496122,1.00052989279,none_visible,0.589702377705,0.333333333333,0.256369044372,deterministic_seeded_random_sets_same_cardinality,local_obstruction_before_drift
rank71_Q61_exact_power_anchor,exact_power_anchor,71,7,7,3,203,206,310545,29948399895128625,310545,61,prime_block_le_61,7,5201836549,22.3722775827,2187,7.69028602068,0,0,2,290343 310545,2.03590746461,6.99713884012,0.999988073536,0.999495510581,1.00038570184,constructed_exact_power_root,0.589702377705,0.333333333333,0.256369044372,C_from_near_power_row_as_positive_control,positive_control_survivor
rank72_Q61_actual_near_miss,actual_near_miss,72,6,7,3,241,205,248854,15411108481939864,248854,61,prime_block_le_61,7,5201836549,22.3722775827,3,1.09861228867,6,7,0,,8.84904363591,1.09861228867,,,,none_visible,0.600213516846,0.333333333333,0.266880183513,existing_near_power_csv,local_obstruction_before_drift
rank72_Q61_random_root_sets,random_root_sets,72,6,7,3,241,205,248854,15411108481939864,248854,61,prime_block_le_61,7,5201836549,22.3722775827,3,1.09861228867,6,7,0,,8.84904363591,1.09861228867,,,,none_visible,0.600213516846,0.333333333333,0.266880183513,deterministic_seeded_random_sets_same_cardinality,local_obstruction_before_drift
rank72_Q61_exact_power_anchor,exact_power_anchor,72,6,7,3,241,205,248854,15411108481939864,248854,61,prime_block_le_61,7,5201836549,22.3722775827,2187,7.69028602068,0,0,1,248854,2.25736990391,7.69028602068,0.999933696063,0.999486981657,1.00015939734,constructed_exact_power_root,0.600213516846,0.333333333333,0.266880183513,C_from_near_power_row_as_positive_control,positive_control_survivor
rank73_Q61_actual_near_miss,actual_near_miss,73,5,6,3,191,206,42483,76673543092587,42483,61,prime_block_le_61,7,5201836549,22.3722775827,9,2.19722457734,5,7,0,,9.51819373045,2.19722457734,0.998234587953,0.998234587953,0.998234587953,none_visible,0.699777079581,0.333333333333,0.366443746248,existing_near_power_csv,local_obstruction_before_drift
rank73_Q61_random_root_sets,random_root_sets,73,5,6,3,191,206,42483,76673543092587,42483,61,prime_block_le_61,7,5201836549,22.3722775827,9,2.19722457734,5,7,0,,9.51819373045,2.19722457734,0.999775073428,0.999775073428,0.999775073428,none_visible,0.699777079581,0.333333333333,0.366443746248,deterministic_seeded_random_sets_same_cardinality,local_obstruction_before_drift
rank73_Q61_exact_power_anchor,exact_power_anchor,73,5,6,3,191,206,42483,76673543092587,42483,61,prime_block_le_61,7,5201836549,22.3722775827,729,6.59167373201,0,0,1,42483,5.12374457578,6.59167373201,1.00324443503,1.00002353883,1.00845828527,constructed_exact_power_root,0.699777079581,0.333333333333,0.366443746248,C_from_near_power_row_as_positive_control,positive_control_survivor
rank74_Q61_actual_near_miss,actual_near_miss,74,7,7,3,92,171,163005,4331145547225125,163005,61,prime_block_le_61,7,5201836549,22.3722775827,27,3.295836866,4,7,0,,7.07490456251,3.295836866,1.0001673432,1.00000340821,1.00033127818,none_visible,0.621372611397,0.333333333333,0.288039278064,existing_near_power_csv,local_obstruction_before_drift
rank74_Q61_random_root_sets,random_root_sets,74,7,7,3,92,171,163005,4331145547225125,163005,61,prime_block_le_61,7,5201836549,22.3722775827,27,3.295836866,4,7,0,,7.07490456251,3.295836866,1.00000340821,1.00000340821,1.00000340821,none_visible,0.621372611397,0.333333333333,0.288039278064,deterministic_seeded_random_sets_same_cardinality,local_obstruction_before_drift
rank74_Q61_exact_power_anchor,exact_power_anchor,74,7,7,3,92,171,163005,4331145547225125,163005,61,prime_block_le_61,7,5201836549,22.3722775827,2187,7.69028602068,0,0,1,163005,2.68045540784,7.69028602068,1.00029742328,0.998818032167,1.00154187499,constructed_exact_power_root,0.621372611397,0.333333333333,0.288039278064,C_from_near_power_row_as_positive_control,positive_control_survivor
rank75_Q61_actual_near_miss,actual_near_miss,75,6,6,3,187,190,44782,89807055379768,44782,61,prime_block_le_61,7,5201836549,22.3722775827,27,3.295836866,4,7,0,,8.36687916472,3.295836866,0.998125486927,0.996794346935,0.999456626919,none_visible,0.696333442291,0.333333333333,0.363000108957,existing_near_power_csv,local_obstruction_before_drift
rank75_Q61_random_root_sets,random_root_sets,75,6,6,3,187,190,44782,89807055379768,44782,61,prime_block_le_61,7,5201836549,22.3722775827,27,3.295836866,4,7,0,,8.36687916472,3.295836866,1.00459758137,1.00120087932,1.00799428342,none_visible,0.696333442291,0.333333333333,0.363000108957,deterministic_seeded_random_sets_same_cardinality,local_obstruction_before_drift
rank75_Q61_exact_power_anchor,exact_power_anchor,75,6,6,3,187,190,44782,89807055379768,44782,61,prime_block_le_61,7,5201836549,22.3722775827,2187,7.69028602068,0,0,1,44782,3.97243001005,7.69028602068,1.00297614617,1.00000248116,1.00875103588,constructed_exact_power_root,0.696333442291,0.333333333333,0.363000108957,C_from_near_power_row_as_positive_control,positive_control_survivor
rank76_Q61_actual_near_miss,actual_near_miss,76,7,7,3,127,210,264687,18543761579690703,264687,61,prime_block_le_61,7,5201836549,22.3722775827,27,3.295836866,4,31,0,,6.59013744187,3.295836866,0.999998110976,0.999951724951,1.000044497,none_visible,0.597248496754,0.333333333333,0.263915163421,existing_near_power_csv,local_obstruction_before_drift
rank76_Q61_random_root_sets,random_root_sets,76,7,7,3,127,210,264687,18543761579690703,264687,61,prime_block_le_61,7,5201836549,22.3722775827,27,3.295836866,4,31,0,,6.59013744187,3.295836866,1.00004995418,1.000044497,1.00005541136,none_visible,0.597248496754,0.333333333333,0.263915163421,deterministic_seeded_random_sets_same_cardinality,local_obstruction_before_drift
rank76_Q61_exact_power_anchor,exact_power_anchor,76,7,7,3,127,210,264687,18543761579690703,264687,61,prime_block_le_61,7,5201836549,22.3722775827,2187,7.69028602068,0,0,1,264687,2.1956882872,7.69028602068,1.00015105193,0.999094108219,1.00089161916,constructed_exact_power_root,0.597248496754,0.333333333333,0.263915163421,C_from_near_power_row_as_positive_control,positive_control_survivor
rank77_Q61_actual_near_miss,actual_near_miss,77,7,7,3,89,206,250859,15786616544589779,250859,61,prime_block_le_61,7,5201836549,22.3722775827,729,6.59167373201,1,13,0,,3.34795754339,6.59167373201,0.999625376097,0.999135858081,0.999975196336,none_visible,0.599826109147,0.333333333333,0.266492775813,existing_near_power_csv,local_obstruction_before_drift
rank77_Q61_random_root_sets,random_root_sets,77,7,7,3,89,206,250859,15786616544589779,250859,61,prime_block_le_61,7,5201836549,22.3722775827,729,6.59167373201,1,13,0,,3.34795754339,6.59167373201,1.00045621024,0.999958365279,1.00133142522,none_visible,0.599826109147,0.333333333333,0.266492775813,deterministic_seeded_random_sets_same_cardinality,local_obstruction_before_drift
rank77_Q61_exact_power_anchor,exact_power_anchor,77,7,7,3,89,206,250859,15786616544589779,250859,61,prime_block_le_61,7,5201836549,22.3722775827,729,6.59167373201,0,0,1,250859,3.34795754339,6.59167373201,1.00091463509,0.999958365279,1.00378300161,constructed_exact_power_root,0.599826109147,0.333333333333,0.266492775813,C_from_near_power_row_as_positive_control,positive_control_survivor
rank78_Q61_actual_near_miss,actual_near_miss,78,6,7,3,199,145,112128,1409750403121152,112128,61,prime_block_le_61,7,5201836549,22.3722775827,27,3.295836866,4,19,0,,7.44904436182,3.295836866,0.999999009069,0.99996036276,1.00003765538,none_visible,0.641366788686,0.333333333333,0.308033455353,existing_near_power_csv,local_obstruction_before_drift
rank78_Q61_random_root_sets,random_root_sets,78,6,7,3,199,145,112128,1409750403121152,112128,61,prime_block_le_61,7,5201836549,22.3722775827,27,3.295836866,4,19,0,,7.44904436182,3.295836866,0.999953921709,0.999947480657,0.99996036276,none_visible,0.641366788686,0.333333333333,0.308033455353,deterministic_seeded_random_sets_same_cardinality,local_obstruction_before_drift
rank78_Q61_exact_power_anchor,exact_power_anchor,78,6,7,3,199,145,112128,1409750403121152,112128,61,prime_block_le_61,7,5201836549,22.3722775827,2187,7.69028602068,0,0,1,112128,3.05459520715,7.69028602068,1.00159209581,1.00008918379,1.00427586726,constructed_exact_power_root,0.641366788686,0.333333333333,0.308033455353,C_from_near_power_row_as_positive_control,positive_control_survivor
rank79_Q61_actual_near_miss,actual_near_miss,79,5,6,3,143,168,28249,22542871522249,28249,61,prime_block_le_61,7,5201836549,22.3722775827,9,2.19722457734,5,7,0,,9.92623966763,2.19722457734,0.997034309966,0.997034309966,0.997034309966,none_visible,0.72763798258,0.333333333333,0.394304649246,existing_near_power_csv,local_obstruction_before_drift
rank79_Q61_random_root_sets,random_root_sets,79,5,6,3,143,168,28249,22542871522249,28249,61,prime_block_le_61,7,5201836549,22.3722775827,9,2.19722457734,5,7,0,,9.92623966763,2.19722457734,1.00081812139,1.00081812139,1.00081812139,none_visible,0.72763798258,0.333333333333,0.394304649246,deterministic_seeded_random_sets_same_cardinality,local_obstruction_before_drift
rank79_Q61_exact_power_anchor,exact_power_anchor,79,5,6,3,143,168,28249,22542871522249,28249,61,prime_block_le_61,7,5201836549,22.3722775827,729,6.59167373201,0,0,1,28249,5.53179051295,6.59167373201,0.997887175292,0.990430339717,1.00260776193,constructed_exact_power_root,0.72763798258,0.333333333333,0.394304649246,C_from_near_power_row_as_positive_control,positive_control_survivor
rank80_Q61_actual_near_miss,actual_near_miss,80,6,7,4,220,103,3921,236367286326081,3921,61,prime_block_le_61,17,58644190679703485491635,52.4257754724,64,4.15888308336,9,3,0,,39.9927903868,4.15888308336,0.988195431195,0.917112981382,1.03085947462,none_visible,1.58403218434,0.25,1.33403218434,existing_near_power_csv,local_obstruction_before_drift
rank80_Q61_random_root_sets,random_root_sets,80,6,7,4,220,103,3921,236367286326081,3921,61,prime_block_le_61,17,58644190679703485491635,52.4257754724,64,4.15888308336,9,3,0,,39.9927903868,4.15888308336,1.00718657777,0.934901810763,1.03175210406,none_visible,1.58403218434,0.25,1.33403218434,deterministic_seeded_random_sets_same_cardinality,local_obstruction_before_drift
rank80_Q61_exact_power_anchor,exact_power_anchor,80,6,7,4,220,103,3921,236367286326081,3921,61,prime_block_le_61,17,58644190679703485491635,52.4257754724,16777216,16.6355323334,0,0,1,3921,27.5161411367,16.6355323334,1.00695673138,0.897188217292,1.11176995664,constructed_exact_power_root,1.58403218434,0.25,1.33403218434,C_from_near_power_row_as_positive_control,positive_control_survivor
rank81_Q61_actual_near_miss,actual_near_miss,81,7,7,3,184,185,244169,14556989663478809,244169,61,prime_block_le_61,7,5201836549,22.3722775827,9,2.19722457734,5,7,0,,7.76943711787,2.19722457734,0.999857566776,0.999857566776,0.999857566776,none_visible,0.601133061715,0.333333333333,0.267799728381,existing_near_power_csv,local_obstruction_before_drift
rank81_Q61_random_root_sets,random_root_sets,81,7,7,3,184,185,244169,14556989663478809,244169,61,prime_block_le_61,7,5201836549,22.3722775827,9,2.19722457734,5,7,0,,7.76943711787,2.19722457734,0.999857566776,0.999857566776,0.999857566776,none_visible,0.601133061715,0.333333333333,0.267799728381,deterministic_seeded_random_sets_same_cardinality,local_obstruction_before_drift
rank81_Q61_exact_power_anchor,exact_power_anchor,81,7,7,3,184,185,244169,14556989663478809,244169,61,prime_block_le_61,7,5201836549,22.3722775827,729,6.59167373201,0,0,1,244169,3.3749879632,6.59167373201,1.00031194241,0.999481233626,1.00263888263,constructed_exact_power_root,0.601133061715,0.333333333333,0.267799728381,C_from_near_power_row_as_positive_control,positive_control_survivor
rank82_Q61_actual_near_miss,actual_near_miss,82,7,7,3,124,215,278867,21686595244340363,278867,61,prime_block_le_61,7,5201836549,22.3722775827,9,2.19722457734,5,7,0,,7.63656276071,2.19722457734,1.00003227345,1.00003227345,1.00003227345,none_visible,0.594762664036,0.333333333333,0.261429330703,existing_near_power_csv,local_obstruction_before_drift
rank82_Q61_random_root_sets,random_root_sets,82,7,7,3,124,215,278867,21686595244340363,278867,61,prime_block_le_61,7,5201836549,22.3722775827,9,2.19722457734,5,7,0,,7.63656276071,2.19722457734,1.00003227345,1.00003227345,1.00003227345,none_visible,0.594762664036,0.333333333333,0.261429330703,deterministic_seeded_random_sets_same_cardinality,local_obstruction_before_drift
rank82_Q61_exact_power_anchor,exact_power_anchor,82,7,7,3,124,215,278867,21686595244340363,278867,61,prime_block_le_61,7,5201836549,22.3722775827,2187,7.69028602068,0,0,1,278867,2.14350131737,7.69028602068,1.00063590648,1.00006335159,1.00130448485,constructed_exact_power_root,0.594762664036,0.333333333333,0.261429330703,C_from_near_power_row_as_positive_control,positive_control_survivor
rank83_Q61_actual_near_miss,actual_near_miss,83,6,6,3,97,250,62571,244973601795411,62571,61,prime_block_le_61,7,5201836549,22.3722775827,3,1.09861228867,5,7,0,,10.229608103,1.09861228867,1.00121462019,1.00121462019,1.00121462019,none_visible,0.675243321539,0.333333333333,0.341909988206,existing_near_power_csv,local_obstruction_before_drift
rank83_Q61_random_root_sets,random_root_sets,83,6,6,3,97,250,62571,244973601795411,62571,61,prime_block_le_61,7,5201836549,22.3722775827,3,1.09861228867,5,7,0,,10.229608103,1.09861228867,0.996990085929,0.996990085929,0.996990085929,none_visible,0.675243321539,0.333333333333,0.341909988206,deterministic_seeded_random_sets_same_cardinality,local_obstruction_before_drift
rank83_Q61_exact_power_anchor,exact_power_anchor,83,6,6,3,97,250,62571,244973601795411,62571,61,prime_block_le_61,7,5201836549,22.3722775827,2187,7.69028602068,0,0,1,62571,3.63793437104,7.69028602068,1.00264529125,0.999902333172,1.00617787083,constructed_exact_power_root,0.675243321539,0.333333333333,0.341909988206,C_from_near_power_row_as_positive_control,positive_control_survivor
rank84_Q61_actual_near_miss,actual_near_miss,84,6,7,3,223,227,314750,31181515296875000,314750,61,prime_block_le_61,7,5201836549,22.3722775827,1,0,7,7,0,,9.71274363077,0,,,,none_visible,0.589075860867,0.333333333333,0.255742527534,existing_near_power_csv,local_obstruction_before_drift
rank84_Q61_random_root_sets,random_root_sets,84,6,7,3,223,227,314750,31181515296875000,314750,61,prime_block_le_61,7,5201836549,22.3722775827,1,0,7,7,0,,9.71274363077,0,,,,none_visible,0.589075860867,0.333333333333,0.255742527534,deterministic_seeded_random_sets_same_cardinality,local_obstruction_before_drift
rank84_Q61_exact_power_anchor,exact_power_anchor,84,6,7,3,223,227,314750,31181515296875000,314750,61,prime_block_le_61,7,5201836549,22.3722775827,2187,7.69028602068,0,0,1,314750,2.0224576101,7.69028602068,0.9999295149,0.999166534286,1.0005249316,constructed_exact_power_root,0.589075860867,0.333333333333,0.255742527534,C_from_near_power_row_as_positive_control,positive_control_survivor
rank85_Q61_actual_near_miss,actual_near_miss,85,7,7,3,97,241,361649,47300072421042449,361649,61,prime_block_le_61,7,5201836549,22.3722775827,27,3.295836866,3,7,0,,6.27801130951,3.295836866,1.00012432763,1.00009278487,1.00017420206,none_visible,0.582682892068,0.333333333333,0.249349558734,existing_near_power_csv,local_obstruction_before_drift
rank85_Q61_random_root_sets,random_root_sets,85,7,7,3,97,241,361649,47300072421042449,361649,61,prime_block_le_61,7,5201836549,22.3722775827,27,3.295836866,3,7,0,,6.27801130951,3.295836866,1.00039295314,1.00010599596,1.00089866141,none_visible,0.582682892068,0.333333333333,0.249349558734,deterministic_seeded_random_sets_same_cardinality,local_obstruction_before_drift
rank85_Q61_exact_power_anchor,exact_power_anchor,85,7,7,3,97,241,361649,47300072421042449,361649,61,prime_block_le_61,7,5201836549,22.3722775827,2187,7.69028602068,0,0,2,328892 361649,1.88356215483,6.99713884012,1.0001639609,0.999753597795,1.00089866141,constructed_exact_power_root,0.582682892068,0.333333333333,0.249349558734,C_from_near_power_row_as_positive_control,positive_control_survivor
rank86_Q61_actual_near_miss,actual_near_miss,86,7,7,3,183,202,274114,20596510676193544,274114,61,prime_block_le_61,7,5201836549,22.3722775827,3,1.09861228867,5,13,0,,8.75236593678,1.09861228867,0.99962181185,0.99962181185,0.99962181185,none_visible,0.595579232485,0.333333333333,0.262245899151,existing_near_power_csv,local_obstruction_before_drift
rank86_Q61_random_root_sets,random_root_sets,86,7,7,3,183,202,274114,20596510676193544,274114,61,prime_block_le_61,7,5201836549,22.3722775827,3,1.09861228867,5,13,0,,8.75236593678,1.09861228867,0.999987839609,0.999987839609,0.999987839609,none_visible,0.595579232485,0.333333333333,0.262245899151,deterministic_seeded_random_sets_same_cardinality,local_obstruction_before_drift
rank86_Q61_exact_power_anchor,exact_power_anchor,86,7,7,3,183,202,274114,20596510676193544,274114,61,prime_block_le_61,7,5201836549,22.3722775827,2187,7.69028602068,0,0,1,274114,2.16069220477,7.69028602068,1.00032123699,0.999880828171,1.00155653001,constructed_exact_power_root,0.595579232485,0.333333333333,0.262245899151,C_from_near_power_row_as_positive_control,positive_control_survivor
rank87_Q61_actual_near_miss,actual_near_miss,87,6,6,3,106,207,43105,80090858382625,43105,61,prime_block_le_61,7,5201836549,22.3722775827,9,2.19722457734,3,7,0,,9.5036587267,2.19722457734,0.998702565226,0.994849785408,1.00278389978,none_visible,0.698823946166,0.333333333333,0.365490612832,existing_near_power_csv,local_obstruction_before_drift
rank87_Q61_random_root_sets,random_root_sets,87,6,6,3,106,207,43105,80090858382625,43105,61,prime_block_le_61,7,5201836549,22.3722775827,9,2.19722457734,3,7,0,,9.5036587267,2.19722457734,0.997396538169,0.994849785408,1.00028612303,none_visible,0.698823946166,0.333333333333,0.365490612832,deterministic_seeded_random_sets_same_cardinality,local_obstruction_before_drift
rank87_Q61_exact_power_anchor,exact_power_anchor,87,6,6,3,106,207,43105,80090858382625,43105,61,prime_block_le_61,7,5201836549,22.3722775827,729,6.59167373201,0,0,1,43105,5.10920957203,6.59167373201,1.00245481533,0.999600458828,1.00886981402,constructed_exact_power_root,0.698823946166,0.333333333333,0.365490612832,C_from_near_power_row_as_positive_control,positive_control_survivor
rank88_Q61_actual_near_miss,actual_near_miss,88,4,5,3,121,76,1401,2749884201,1401,61,prime_block_le_61,7,5201836549,22.3722775827,9,2.19722457734,5,13,0,,12.930111459,2.19722457734,1.00206201919,1.00206201919,1.00206201919,none_visible,1.02932864443,0.333333333333,0.6959953111,existing_near_power_csv,local_obstruction_before_drift
rank88_Q61_random_root_sets,random_root_sets,88,4,5,3,121,76,1401,2749884201,1401,61,prime_block_le_61,7,5201836549,22.3722775827,9,2.19722457734,5,13,0,,12.930111459,2.19722457734,1.00206201919,1.00206201919,1.00206201919,none_visible,1.02932864443,0.333333333333,0.6959953111,deterministic_seeded_random_sets_same_cardinality,local_obstruction_before_drift
rank88_Q61_exact_power_anchor,exact_power_anchor,88,4,5,3,121,76,1401,2749884201,1401,61,prime_block_le_61,7,5201836549,22.3722775827,2187,7.69028602068,0,0,1,1401,7.43705001567,7.69028602068,1.15927776456,0.979459116504,1.66420810532,constructed_exact_power_root,1.02932864443,0.333333333333,0.6959953111,C_from_near_power_row_as_positive_control,positive_control_survivor
rank89_Q61_actual_near_miss,actual_near_miss,89,7,7,4,121,246,15307,54898481099454001,15307,61,prime_block_le_61,17,58644190679703485491635,52.4257754724,512,6.23832462504,10,5,0,,36.5513853283,6.23832462504,1.00060838179,0.995892402169,1.00627980662,none_visible,1.36014474395,0.25,1.11014474395,existing_near_power_csv,local_obstruction_before_drift
rank89_Q61_random_root_sets,random_root_sets,89,7,7,4,121,246,15307,54898481099454001,15307,61,prime_block_le_61,17,58644190679703485491635,52.4257754724,512,6.23832462504,10,5,0,,36.5513853283,6.23832462504,1.00243352714,0.992862742536,1.02142810479,none_visible,1.36014474395,0.25,1.11014474395,deterministic_seeded_random_sets_same_cardinality,local_obstruction_before_drift
rank89_Q61_exact_power_anchor,exact_power_anchor,89,7,7,4,121,246,15307,54898481099454001,15307,61,prime_block_le_61,17,58644190679703485491635,52.4257754724,33554432,17.328679514,0,0,1,15307,25.4610304393,17.328679514,1.00612873195,0.996758019207,1.02865519044,constructed_exact_power_root,1.36014474395,0.25,1.11014474395,C_from_near_power_row_as_positive_control,positive_control_survivor
rank90_Q61_actual_near_miss,actual_near_miss,90,7,7,3,158,193,231663,12432830941751247,231663,61,prime_block_le_61,7,5201836549,22.3722775827,27,3.295836866,3,31,0,,6.72340170826,3.295836866,1.00002526019,0.999968344823,1.00009928215,none_visible,0.603691598141,0.333333333333,0.270358264808,existing_near_power_csv,local_obstruction_before_drift
rank90_Q61_random_root_sets,random_root_sets,90,7,7,3,158,193,231663,12432830941751247,231663,61,prime_block_le_61,7,5201836549,22.3722775827,27,3.295836866,3,31,0,,6.72340170826,3.295836866,1.00033014112,1.00009928215,1.00079185906,none_visible,0.603691598141,0.333333333333,0.270358264808,deterministic_seeded_random_sets_same_cardinality,local_obstruction_before_drift
rank90_Q61_exact_power_anchor,exact_power_anchor,90,7,7,3,158,193,231663,12432830941751247,231663,61,prime_block_le_61,7,5201836549,22.3722775827,729,6.59167373201,0,0,1,231663,3.42756484226,6.59167373201,1.00056131984,0.999636924709,1.00266862737,constructed_exact_power_root,0.603691598141,0.333333333333,0.270358264808,C_from_near_power_row_as_positive_control,positive_control_survivor
rank91_Q61_actual_near_miss,actual_near_miss,91,6,7,3,214,151,123551,1885987433053151,123551,61,prime_block_le_61,7,5201836549,22.3722775827,1,0,5,7,0,,10.6478682774,0,0.992594151403,0.992594151403,0.992594151403,none_visible,0.636059836084,0.333333333333,0.302726502751,existing_near_power_csv,local_obstruction_before_drift
rank91_Q61_random_root_sets,random_root_sets,91,6,7,3,214,151,123551,1885987433053151,123551,61,prime_block_le_61,7,5201836549,22.3722775827,1,0,5,7,0,,10.6478682774,0,1.00338321827,1.00338321827,1.00338321827,none_visible,0.636059836084,0.333333333333,0.302726502751,deterministic_seeded_random_sets_same_cardinality,local_obstruction_before_drift
rank91_Q61_exact_power_anchor,exact_power_anchor,91,6,7,3,214,151,123551,1885987433053151,123551,61,prime_block_le_61,7,5201836549,22.3722775827,2187,7.69028602068,0,0,1,123551,2.95758225673,7.69028602068,1.00057810885,1.00003147598,1.00253246747,constructed_exact_power_root,0.636059836084,0.333333333333,0.302726502751,C_from_near_power_row_as_positive_control,positive_control_survivor
rank92_Q61_actual_near_miss,actual_near_miss,92,6,5,3,63,230,8905,706157817625,8905,61,prime_block_le_61,7,5201836549,22.3722775827,9,2.19722457734,5,13,0,,11.0806848096,2.19722457734,0.995258593799,0.995258593799,0.995258593799,none_visible,0.820004831606,0.333333333333,0.486671498272,existing_near_power_csv,local_obstruction_before_drift
rank92_Q61_random_root_sets,random_root_sets,92,6,5,3,63,230,8905,706157817625,8905,61,prime_block_le_61,7,5201836549,22.3722775827,9,2.19722457734,5,13,0,,11.0806848096,2.19722457734,0.999014286606,0.999014286606,0.999014286606,none_visible,0.820004831606,0.333333333333,0.486671498272,deterministic_seeded_random_sets_same_cardinality,local_obstruction_before_drift
rank92_Q61_exact_power_anchor,exact_power_anchor,92,6,5,3,63,230,8905,706157817625,8905,61,prime_block_le_61,7,5201836549,22.3722775827,729,6.59167373201,0,0,1,8905,6.68623565495,6.59167373201,1.00956599497,0.999488427226,1.03227899432,constructed_exact_power_root,0.820004831606,0.333333333333,0.486671498272,C_from_near_power_row_as_positive_control,positive_control_survivor
rank93_Q61_actual_near_miss,actual_near_miss,93,7,7,3,67,129,84368,600528000684032,84368,61,prime_block_le_61,7,5201836549,22.3722775827,3,1.09861228867,5,13,0,,9.93072183224,1.09861228867,1.00042275112,1.00042275112,1.00042275112,none_visible,0.657450677245,0.333333333333,0.324117343912,existing_near_power_csv,local_obstruction_before_drift
rank93_Q61_random_root_sets,random_root_sets,93,7,7,3,67,129,84368,600528000684032,84368,61,prime_block_le_61,7,5201836549,22.3722775827,3,1.09861228867,5,13,0,,9.93072183224,1.09861228867,1.00042275112,1.00042275112,1.00042275112,none_visible,0.657450677245,0.333333333333,0.324117343912,deterministic_seeded_random_sets_same_cardinality,local_obstruction_before_drift
rank93_Q61_exact_power_anchor,exact_power_anchor,93,7,7,3,67,129,84368,600528000684032,84368,61,prime_block_le_61,7,5201836549,22.3722775827,2187,7.69028602068,0,0,1,84368,3.33904810023,7.69028602068,1.00080138336,0.999880154666,1.00178846113,constructed_exact_power_root,0.657450677245,0.333333333333,0.324117343912,C_from_near_power_row_as_positive_control,positive_control_survivor
rank94_Q61_actual_near_miss,actual_near_miss,94,6,7,3,228,239,354855,44684076513576375,354855,61,prime_block_le_61,7,5201836549,22.3722775827,27,3.295836866,4,7,0,,6.29697618236,3.295836866,1.00016704789,1.00001064598,1.0003234498,none_visible,0.583547600204,0.333333333333,0.250214266871,existing_near_power_csv,local_obstruction_before_drift
rank94_Q61_random_root_sets,random_root_sets,94,6,7,3,228,239,354855,44684076513576375,354855,61,prime_block_le_61,7,5201836549,22.3722775827,27,3.295836866,4,7,0,,6.29697618236,3.295836866,1.00002802397,0.999825280748,1.00023076718,none_visible,0.583547600204,0.333333333333,0.250214266871,deterministic_seeded_random_sets_same_cardinality,local_obstruction_before_drift
rank94_Q61_exact_power_anchor,exact_power_anchor,94,6,7,3,228,239,354855,44684076513576375,354855,61,prime_block_le_61,7,5201836549,22.3722775827,2187,7.69028602068,0,0,1,354855,1.90252702769,7.69028602068,1.00037266134,0.999957102979,1.00117168358,constructed_exact_power_root,0.583547600204,0.333333333333,0.250214266871,C_from_near_power_row_as_positive_control,positive_control_survivor
rank95_Q61_actual_near_miss,actual_near_miss,95,7,7,3,92,177,176501,5498465582279501,176501,61,prime_block_le_61,7,5201836549,22.3722775827,3,1.09861228867,5,7,0,,9.19258347295,1.09861228867,0.999835694982,0.999835694982,0.999835694982,none_visible,0.617281297432,0.333333333333,0.283947964099,existing_near_power_csv,local_obstruction_before_drift
rank95_Q61_random_root_sets,random_root_sets,95,7,7,3,92,177,176501,5498465582279501,176501,61,prime_block_le_61,7,5201836549,22.3722775827,3,1.09861228867,5,7,0,,9.19258347295,1.09861228867,0.999835694982,0.999835694982,0.999835694982,none_visible,0.617281297432,0.333333333333,0.283947964099,deterministic_seeded_random_sets_same_cardinality,local_obstruction_before_drift
rank95_Q61_exact_power_anchor,exact_power_anchor,95,7,7,3,92,177,176501,5498465582279501,176501,61,prime_block_le_61,7,5201836549,22.3722775827,729,6.59167373201,0,0,1,176501,3.69952202961,6.59167373201,0.999845032879,0.998996543299,1.00058923179,constructed_exact_power_root,0.617281297432,0.333333333333,0.283947964099,C_from_near_power_row_as_positive_control,positive_control_survivor
rank96_Q61_actual_near_miss,actual_near_miss,96,5,5,3,145,239,9450,843908625000,9450,61,prime_block_le_61,7,5201836549,22.3722775827,1,0,7,7,0,,13.2185075622,0,,,,none_visible,0.814683550515,0.333333333333,0.481350217182,existing_near_power_csv,local_obstruction_before_drift
rank96_Q61_random_root_sets,random_root_sets,96,5,5,3,145,239,9450,843908625000,9450,61,prime_block_le_61,7,5201836549,22.3722775827,1,0,7,7,0,,13.2185075622,0,,,,none_visible,0.814683550515,0.333333333333,0.481350217182,deterministic_seeded_random_sets_same_cardinality,local_obstruction_before_drift
rank96_Q61_exact_power_anchor,exact_power_anchor,96,5,5,3,145,239,9450,843908625000,9450,61,prime_block_le_61,7,5201836549,22.3722775827,729,6.59167373201,0,0,1,9450,6.62683383018,6.59167373201,0.991310993533,0.956061140506,1.0114638448,constructed_exact_power_root,0.814683550515,0.333333333333,0.481350217182,C_from_near_power_row_as_positive_control,positive_control_survivor
rank97_Q61_actual_near_miss,actual_near_miss,97,6,7,3,207,100,56323,178672344970267,56323,61,prime_block_le_61,7,5201836549,22.3722775827,3,1.09861228867,6,7,0,,10.3348070376,1.09861228867,,,,none_visible,0.681737132528,0.333333333333,0.348403799195,existing_near_power_csv,local_obstruction_before_drift
rank97_Q61_random_root_sets,random_root_sets,97,6,7,3,207,100,56323,178672344970267,56323,61,prime_block_le_61,7,5201836549,22.3722775827,3,1.09861228867,6,7,0,,10.3348070376,1.09861228867,,,,none_visible,0.681737132528,0.333333333333,0.348403799195,deterministic_seeded_random_sets_same_cardinality,local_obstruction_before_drift
rank97_Q61_exact_power_anchor,exact_power_anchor,97,6,7,3,207,100,56323,178672344970267,56323,61,prime_block_le_61,7,5201836549,22.3722775827,2187,7.69028602068,0,0,1,56323,3.74313330554,7.69028602068,1.00208453753,0.999927008307,1.00436569233,constructed_exact_power_root,0.681737132528,0.333333333333,0.348403799195,C_from_near_power_row_as_positive_control,positive_control_survivor
rank98_Q61_actual_near_miss,actual_near_miss,98,6,6,3,95,239,57196,187109988665536,57196,61,prime_block_le_61,7,5201836549,22.3722775827,3,1.09861228867,4,7,0,,10.3194260492,1.09861228867,0.99801268154,0.995576613749,1.00044874933,none_visible,0.680779896641,0.333333333333,0.347446563308,existing_near_power_csv,local_obstruction_before_drift
rank98_Q61_random_root_sets,random_root_sets,98,6,6,3,95,239,57196,187109988665536,57196,61,prime_block_le_61,7,5201836549,22.3722775827,3,1.09861228867,4,7,0,,10.3194260492,1.09861228867,0.998732428841,0.995576613749,1.00188824393,none_visible,0.680779896641,0.333333333333,0.347446563308,deterministic_seeded_random_sets_same_cardinality,local_obstruction_before_drift
rank98_Q61_exact_power_anchor,exact_power_anchor,98,6,6,3,95,239,57196,187109988665536,57196,61,prime_block_le_61,7,5201836549,22.3722775827,2187,7.69028602068,0,0,1,57196,3.72775231715,7.69028602068,1.00005730781,0.998236084886,1.00139869921,constructed_exact_power_root,0.680779896641,0.333333333333,0.347446563308,C_from_near_power_row_as_positive_control,positive_control_survivor
rank99_Q61_actual_near_miss,actual_near_miss,99,7,7,3,209,214,336118,37973035221035032,336118,61,prime_block_le_61,7,5201836549,22.3722775827,3,1.09861228867,6,7,0,,8.54844772624,1.09861228867,,,,none_visible,0.586035234461,0.333333333333,0.252701901128,existing_near_power_csv,local_obstruction_before_drift
rank99_Q61_random_root_sets,random_root_sets,99,7,7,3,209,214,336118,37973035221035032,336118,61,prime_block_le_61,7,5201836549,22.3722775827,3,1.09861228867,6,7,0,,8.54844772624,1.09861228867,,,,none_visible,0.586035234461,0.333333333333,0.252701901128,deterministic_seeded_random_sets_same_cardinality,local_obstruction_before_drift
rank99_Q61_exact_power_anchor,exact_power_anchor,99,7,7,3,209,214,336118,37973035221035032,336118,61,prime_block_le_61,7,5201836549,22.3722775827,2187,7.69028602068,0,0,2,252461 336118,1.95677399423,6.99713884012,1.00029812061,0.999986777131,1.00086312281,constructed_exact_power_root,0.586035234461,0.333333333333,0.252701901128,C_from_near_power_row_as_positive_control,positive_control_survivor
rank100_Q61_actual_near_miss,actual_near_miss,100,5,7,3,197,114,63040,250523582464000,63040,61,prime_block_le_61,7,5201836549,22.3722775827,9,2.19722457734,5,7,0,,9.12352828081,2.19722457734,1.00240940496,1.00240940496,1.00240940496,none_visible,0.674787058508,0.333333333333,0.341453725174,existing_near_power_csv,local_obstruction_before_drift
rank100_Q61_random_root_sets,random_root_sets,100,5,7,3,197,114,63040,250523582464000,63040,61,prime_block_le_61,7,5201836549,22.3722775827,9,2.19722457734,5,7,0,,9.12352828081,2.19722457734,0.998692188381,0.998692188381,0.998692188381,none_visible,0.674787058508,0.333333333333,0.341453725174,deterministic_seeded_random_sets_same_cardinality,local_obstruction_before_drift
rank100_Q61_exact_power_anchor,exact_power_anchor,100,5,7,3,197,114,63040,250523582464000,63040,61,prime_block_le_61,7,5201836549,22.3722775827,2187,7.69028602068,0,0,1,63040,3.63046683747,7.69028602068,1.00073850818,0.998692188381,1.00322722786,constructed_exact_power_root,0.674787058508,0.333333333333,0.341453725174,C_from_near_power_row_as_positive_control,positive_control_survivor
rank101_Q61_actual_near_miss,actual_near_miss,101,6,7,3,216,205,248345,15316737235663625,248345,61,prime_block_le_61,7,5201836549,22.3722775827,3,1.09861228867,6,7,0,,8.85109110656,1.09861228867,,,,none_visible,0.600312443167,0.333333333333,0.266979109834,existing_near_power_csv,local_obstruction_before_drift
rank101_Q61_random_root_sets,random_root_sets,101,6,7,3,216,205,248345,15316737235663625,248345,61,prime_block_le_61,7,5201836549,22.3722775827,3,1.09861228867,6,7,0,,8.85109110656,1.09861228867,,,,none_visible,0.600312443167,0.333333333333,0.266979109834,deterministic_seeded_random_sets_same_cardinality,local_obstruction_before_drift
rank101_Q61_exact_power_anchor,exact_power_anchor,101,6,7,3,216,205,248345,15316737235663625,248345,61,prime_block_le_61,7,5201836549,22.3722775827,2187,7.69028602068,0,0,1,248345,2.25941737455,7.69028602068,1.00049714294,1.000057268,1.00153549833,constructed_exact_power_root,0.600312443167,0.333333333333,0.266979109834,C_from_near_power_row_as_positive_control,positive_control_survivor
rank102_Q61_actual_near_miss,actual_near_miss,102,7,7,3,138,197,231882,12468123993460968,231882,61,prime_block_le_61,7,5201836549,22.3722775827,27,3.295836866,4,13,0,,6.72245681611,3.295836866,0.999857686237,0.999738851849,0.999976520625,none_visible,0.603645424902,0.333333333333,0.270312091569,existing_near_power_csv,local_obstruction_before_drift
rank102_Q61_random_root_sets,random_root_sets,102,7,7,3,138,197,231882,12468123993460968,231882,61,prime_block_le_61,7,5201836549,22.3722775827,27,3.295836866,4,13,0,,6.72245681611,3.295836866,1.00008050071,0.999872540535,1.00028846089,none_visible,0.603645424902,0.333333333333,0.270312091569,deterministic_seeded_random_sets_same_cardinality,local_obstruction_before_drift
rank102_Q61_exact_power_anchor,exact_power_anchor,102,7,7,3,138,197,231882,12468123993460968,231882,61,prime_block_le_61,7,5201836549,22.3722775827,729,6.59167373201,0,0,1,231882,3.4266199501,6.59167373201,1.00042646212,0.999455182665,1.00297852643,constructed_exact_power_root,0.603645424902,0.333333333333,0.270312091569,C_from_near_power_row_as_positive_control,positive_control_survivor
rank103_Q61_actual_near_miss,actual_near_miss,103,7,7,3,86,173,167182,4672706995152568,167182,61,prime_block_le_61,7,5201836549,22.3722775827,3,1.09861228867,4,13,0,,9.24682697568,1.09861228867,0.999240348841,0.999240348841,0.999240348841,none_visible,0.620065362442,0.333333333333,0.286732029109,existing_near_power_csv,local_obstruction_before_drift
rank103_Q61_random_root_sets,random_root_sets,103,7,7,3,86,173,167182,4672706995152568,167182,61,prime_block_le_61,7,5201836549,22.3722775827,3,1.09861228867,4,13,0,,9.24682697568,1.09861228867,1.00318714535,1.00078955868,1.00558473201,none_visible,0.620065362442,0.333333333333,0.286732029109,deterministic_seeded_random_sets_same_cardinality,local_obstruction_before_drift
rank103_Q61_exact_power_anchor,exact_power_anchor,103,7,7,3,86,173,167182,4672706995152568,167182,61,prime_block_le_61,7,5201836549,22.3722775827,2187,7.69028602068,0,0,2,40709 167182,2.65515324367,6.99713884012,1.00006114428,0.998897409211,1.00091251185,constructed_exact_power_root,0.620065362442,0.333333333333,0.286732029109,C_from_near_power_row_as_positive_control,positive_control_survivor
rank104_Q61_actual_near_miss,actual_near_miss,104,5,7,3,229,90,36458,48459454583912,36458,61,prime_block_le_61,7,5201836549,22.3722775827,1,0,7,7,0,,11.8683613906,0,,,,none_visible,0.709966237783,0.333333333333,0.37663290445,existing_near_power_csv,local_obstruction_before_drift
rank104_Q61_random_root_sets,random_root_sets,104,5,7,3,229,90,36458,48459454583912,36458,61,prime_block_le_61,7,5201836549,22.3722775827,1,0,7,7,0,,11.8683613906,0,,,,none_visible,0.709966237783,0.333333333333,0.37663290445,deterministic_seeded_random_sets_same_cardinality,local_obstruction_before_drift
rank104_Q61_exact_power_anchor,exact_power_anchor,104,5,7,3,229,90,36458,48459454583912,36458,61,prime_block_le_61,7,5201836549,22.3722775827,2187,7.69028602068,0,0,1,36458,4.17807536991,7.69028602068,1.00048863939,0.99805560127,1.00674749026,constructed_exact_power_root,0.709966237783,0.333333333333,0.37663290445,C_from_near_power_row_as_positive_control,positive_control_survivor
rank105_Q61_actual_near_miss,actual_near_miss,105,7,6,3,28,61,4021,65013301261,4021,61,prime_block_le_61,7,5201836549,22.3722775827,81,4.39444915467,3,19,0,,9.67854252111,4.39444915467,1.01519798834,0.998286772224,1.0450689436,none_visible,0.898562351575,0.333333333333,0.565229018241,existing_near_power_csv,local_obstruction_before_drift
rank105_Q61_random_root_sets,random_root_sets,105,7,6,3,28,61,4021,65013301261,4021,61,prime_block_le_61,7,5201836549,22.3722775827,81,4.39444915467,3,19,0,,9.67854252111,4.39444915467,0.999456556781,0.992815496422,1.00331592473,none_visible,0.898562351575,0.333333333333,0.565229018241,deterministic_seeded_random_sets_same_cardinality,local_obstruction_before_drift
rank105_Q61_exact_power_anchor,exact_power_anchor,105,7,6,3,28,61,4021,65013301261,4021,61,prime_block_le_61,7,5201836549,22.3722775827,2187,7.69028602068,0,0,1,4021,6.38270565511,7.69028602068,1.03484484236,0.9508414159,1.15968940838,constructed_exact_power_root,0.898562351575,0.333333333333,0.565229018241,C_from_near_power_row_as_positive_control,positive_control_survivor
rank106_Q61_actual_near_miss,actual_near_miss,106,7,7,3,195,224,339173,39017893441970717,339173,61,prime_block_le_61,7,5201836549,22.3722775827,81,4.39444915467,3,13,0,,5.24356284733,4.39444915467,0.999957740347,0.9996661815,1.00020147044,none_visible,0.585618841829,0.333333333333,0.252285508495,existing_near_power_csv,local_obstruction_before_drift
rank106_Q61_random_root_sets,random_root_sets,106,7,7,3,195,224,339173,39017893441970717,339173,61,prime_block_le_61,7,5201836549,22.3722775827,81,4.39444915467,3,13,0,,5.24356284733,4.39444915467,0.999300477163,0.997623631598,1.00018738389,none_visible,0.585618841829,0.333333333333,0.252285508495,deterministic_seeded_random_sets_same_cardinality,local_obstruction_before_drift
rank106_Q61_exact_power_anchor,exact_power_anchor,106,7,7,3,195,224,339173,39017893441970717,339173,61,prime_block_le_61,7,5201836549,22.3722775827,2187,7.69028602068,0,0,1,339173,1.94772598133,7.69028602068,1.000045208,0.9996661815,1.00024798882,constructed_exact_power_root,0.585618841829,0.333333333333,0.252285508495,C_from_near_power_row_as_positive_control,positive_control_survivor
rank107_Q61_actual_near_miss,actual_near_miss,107,5,6,3,169,125,15811,3952555856731,15811,61,prime_block_le_61,7,5201836549,22.3722775827,9,2.19722457734,5,7,0,,10.506591826,2.19722457734,0.999810258681,0.999810258681,0.999810258681,none_visible,0.771314661412,0.333333333333,0.437981328079,existing_near_power_csv,local_obstruction_before_drift
rank107_Q61_random_root_sets,random_root_sets,107,5,6,3,169,125,15811,3952555856731,15811,61,prime_block_le_61,7,5201836549,22.3722775827,9,2.19722457734,5,7,0,,10.506591826,2.19722457734,0.999810258681,0.999810258681,0.999810258681,none_visible,0.771314661412,0.333333333333,0.437981328079,deterministic_seeded_random_sets_same_cardinality,local_obstruction_before_drift
rank107_Q61_exact_power_anchor,exact_power_anchor,107,5,6,3,169,125,15811,3952555856731,15811,61,prime_block_le_61,7,5201836549,22.3722775827,2187,7.69028602068,0,0,1,15811,5.01353038269,7.69028602068,1.00462640871,0.999501050605,1.01381597903,constructed_exact_power_root,0.771314661412,0.333333333333,0.437981328079,C_from_near_power_row_as_positive_control,positive_control_survivor
rank108_Q61_actual_near_miss,actual_near_miss,108,7,7,3,210,223,356832,45435088927162368,356832,61,prime_block_le_61,7,5201836549,22.3722775827,27,3.295836866,4,13,0,,6.29142035491,3.295836866,0.999971508534,0.999873578852,1.00006943822,none_visible,0.583294015174,0.333333333333,0.249960681841,existing_near_power_csv,local_obstruction_before_drift
rank108_Q61_random_root_sets,random_root_sets,108,7,7,3,210,223,356832,45435088927162368,356832,61,prime_block_le_61,7,5201836549,22.3722775827,27,3.295836866,4,13,0,,6.29142035491,3.295836866,0.999931184547,0.999792930878,1.00006943822,none_visible,0.583294015174,0.333333333333,0.249960681841,deterministic_seeded_random_sets_same_cardinality,local_obstruction_before_drift
rank108_Q61_exact_power_anchor,exact_power_anchor,108,7,7,3,210,223,356832,45435088927162368,356832,61,prime_block_le_61,7,5201836549,22.3722775827,729,6.59167373201,0,0,1,356832,2.99558348891,6.59167373201,1.00023255056,0.999919040644,1.00072614315,constructed_exact_power_root,0.583294015174,0.333333333333,0.249960681841,C_from_near_power_row_as_positive_control,positive_control_survivor
rank109_Q61_actual_near_miss,actual_near_miss,109,6,6,3,84,211,44580,88597239912000,44580,61,prime_block_le_61,7,5201836549,22.3722775827,27,3.295836866,3,31,0,,8.37140010974,3.295836866,1.0009637273,0.999818054932,1.00284881113,none_visible,0.696627517327,0.333333333333,0.363294183993,existing_near_power_csv,local_obstruction_before_drift
rank109_Q61_random_root_sets,random_root_sets,109,6,6,3,84,211,44580,88597239912000,44580,61,prime_block_le_61,7,5201836549,22.3722775827,27,3.295836866,3,31,0,,8.37140010974,3.295836866,0.99802186664,0.991672897662,1.00284881113,none_visible,0.696627517327,0.333333333333,0.363294183993,deterministic_seeded_random_sets_same_cardinality,local_obstruction_before_drift
rank109_Q61_exact_power_anchor,exact_power_anchor,109,6,6,3,84,211,44580,88597239912000,44580,61,prime_block_le_61,7,5201836549,22.3722775827,2187,7.69028602068,0,0,1,44580,3.97695095506,7.69028602068,1.00106799262,0.99825532127,1.0034320323,constructed_exact_power_root,0.696627517327,0.333333333333,0.363294183993,C_from_near_power_row_as_positive_control,positive_control_survivor
rank110_Q61_actual_near_miss,actual_near_miss,110,6,7,3,73,71,20989,9246454621669,20989,61,prime_block_le_61,7,5201836549,22.3722775827,3,1.09861228867,6,7,0,,11.3219115241,1.09861228867,,,,none_visible,0.749357955722,0.333333333333,0.416024622388,existing_near_power_csv,local_obstruction_before_drift
rank110_Q61_random_root_sets,random_root_sets,110,6,7,3,73,71,20989,9246454621669,20989,61,prime_block_le_61,7,5201836549,22.3722775827,3,1.09861228867,6,7,0,,11.3219115241,1.09861228867,,,,none_visible,0.749357955722,0.333333333333,0.416024622388,deterministic_seeded_random_sets_same_cardinality,local_obstruction_before_drift
rank110_Q61_exact_power_anchor,exact_power_anchor,110,6,7,3,73,71,20989,9246454621669,20989,61,prime_block_le_61,7,5201836549,22.3722775827,2187,7.69028602068,0,0,1,20989,4.73023779206,7.69028602068,1.00714836519,1.00007940667,1.01364736026,constructed_exact_power_root,0.749357955722,0.333333333333,0.416024622388,C_from_near_power_row_as_positive_control,positive_control_survivor
rank111_Q61_actual_near_miss,actual_near_miss,111,6,6,3,127,212,45626,94981098574376,45626,61,prime_block_le_61,7,5201836549,22.3722775827,27,3.295836866,4,7,0,,8.34820770822,3.295836866,0.99457424373,0.98934817867,0.999800308791,none_visible,0.695121540986,0.333333333333,0.361788207653,existing_near_power_csv,local_obstruction_before_drift
rank111_Q61_random_root_sets,random_root_sets,111,6,6,3,127,212,45626,94981098574376,45626,61,prime_block_le_61,7,5201836549,22.3722775827,27,3.295836866,4,7,0,,8.34820770822,3.295836866,0.995430237145,0.98934817867,1.00151229562,none_visible,0.695121540986,0.333333333333,0.361788207653,deterministic_seeded_random_sets_same_cardinality,local_obstruction_before_drift
rank111_Q61_exact_power_anchor,exact_power_anchor,111,6,6,3,127,212,45626,94981098574376,45626,61,prime_block_le_61,7,5201836549,22.3722775827,729,6.59167373201,0,0,1,45626,5.05237084222,6.59167373201,1.00394836602,0.999620099651,1.02202934974,constructed_exact_power_root,0.695121540986,0.333333333333,0.361788207653,C_from_near_power_row_as_positive_control,positive_control_survivor
rank112_Q61_actual_near_miss,actual_near_miss,112,6,7,3,233,243,368873,50191549511754617,368873,61,prime_block_le_61,7,5201836549,22.3722775827,27,3.295836866,4,13,0,,6.25823302634,3.295836866,1.00003539309,0.999946684451,1.00012410173,none_visible,0.58178382197,0.333333333333,0.248450488637,existing_near_power_csv,local_obstruction_before_drift
rank112_Q61_random_root_sets,random_root_sets,112,6,7,3,233,243,368873,50191549511754617,368873,61,prime_block_le_61,7,5201836549,22.3722775827,27,3.295836866,4,13,0,,6.25823302634,3.295836866,0.999903760915,0.999700589513,1.00010693232,none_visible,0.58178382197,0.333333333333,0.248450488637,deterministic_seeded_random_sets_same_cardinality,local_obstruction_before_drift
rank112_Q61_exact_power_anchor,exact_power_anchor,112,6,7,3,233,243,368873,50191549511754617,368873,61,prime_block_le_61,7,5201836549,22.3722775827,2187,7.69028602068,0,0,1,368873,1.86378387166,7.69028602068,1.00047803264,1.00000150609,1.00183953706,constructed_exact_power_root,0.58178382197,0.333333333333,0.248450488637,C_from_near_power_row_as_positive_control,positive_control_survivor
rank113_Q61_actual_near_miss,actual_near_miss,113,7,7,3,81,131,88149,684939432371949,88149,61,prime_block_le_61,7,5201836549,22.3722775827,3,1.09861228867,6,7,0,,9.88688145055,1.09861228867,,,,none_visible,0.654919419163,0.333333333333,0.32158608583,existing_near_power_csv,local_obstruction_before_drift
rank113_Q61_random_root_sets,random_root_sets,113,7,7,3,81,131,88149,684939432371949,88149,61,prime_block_le_61,7,5201836549,22.3722775827,3,1.09861228867,6,7,0,,9.88688145055,1.09861228867,,,,none_visible,0.654919419163,0.333333333333,0.32158608583,deterministic_seeded_random_sets_same_cardinality,local_obstruction_before_drift
rank113_Q61_exact_power_anchor,exact_power_anchor,113,7,7,3,81,131,88149,684939432371949,88149,61,prime_block_le_61,7,5201836549,22.3722775827,2187,7.69028602068,0,0,1,88149,3.29520771854,7.69028602068,0.999561979023,0.994699631054,1.00179998261,constructed_exact_power_root,0.654919419163,0.333333333333,0.32158608583,C_from_near_power_row_as_positive_control,positive_control_survivor
rank114_Q61_actual_near_miss,actual_near_miss,114,7,7,3,137,237,350081,42904774389581441,350081,61,prime_block_le_61,7,5201836549,22.3722775827,3,1.09861228867,6,7,0,,8.50774545875,1.09861228867,,,,none_visible,0.584166746864,0.333333333333,0.250833413531,existing_near_power_csv,local_obstruction_before_drift
rank114_Q61_random_root_sets,random_root_sets,114,7,7,3,137,237,350081,42904774389581441,350081,61,prime_block_le_61,7,5201836549,22.3722775827,3,1.09861228867,6,7,0,,8.50774545875,1.09861228867,,,,none_visible,0.584166746864,0.333333333333,0.250833413531,deterministic_seeded_random_sets_same_cardinality,local_obstruction_before_drift
rank114_Q61_exact_power_anchor,exact_power_anchor,114,7,7,3,137,237,350081,42904774389581441,350081,61,prime_block_le_61,7,5201836549,22.3722775827,2187,7.69028602068,0,0,1,350081,1.91607172674,7.69028602068,0.999723503143,0.998174390752,1.00083567962,constructed_exact_power_root,0.584166746864,0.333333333333,0.250833413531,C_from_near_power_row_as_positive_control,positive_control_survivor
rank115_Q61_actual_near_miss,actual_near_miss,115,7,7,3,103,231,327794,35221106836282184,327794,61,prime_block_le_61,7,5201836549,22.3722775827,3,1.09861228867,6,7,0,,8.57352465273,1.09861228867,,,,none_visible,0.587192384048,0.333333333333,0.253859050714,existing_near_power_csv,local_obstruction_before_drift
rank115_Q61_random_root_sets,random_root_sets,115,7,7,3,103,231,327794,35221106836282184,327794,61,prime_block_le_61,7,5201836549,22.3722775827,3,1.09861228867,6,7,0,,8.57352465273,1.09861228867,,,,none_visible,0.587192384048,0.333333333333,0.253859050714,deterministic_seeded_random_sets_same_cardinality,local_obstruction_before_drift
rank115_Q61_exact_power_anchor,exact_power_anchor,115,7,7,3,103,231,327794,35221106836282184,327794,61,prime_block_le_61,7,5201836549,22.3722775827,729,6.59167373201,0,0,1,327794,3.08046320939,6.59167373201,1.00001389762,0.999590189774,1.00039286191,constructed_exact_power_root,0.587192384048,0.333333333333,0.253859050714,C_from_near_power_row_as_positive_control,positive_control_survivor
rank116_Q61_actual_near_miss,actual_near_miss,116,7,7,3,86,227,314453,31093329363837677,314453,61,prime_block_le_61,7,5201836549,22.3722775827,27,3.295836866,4,7,0,,6.41785081628,3.295836866,0.999887105545,0.999848767366,0.999925443725,none_visible,0.589119792929,0.333333333333,0.255786459596,existing_near_power_csv,local_obstruction_before_drift
rank116_Q61_random_root_sets,random_root_sets,116,7,7,3,86,227,314453,31093329363837677,314453,61,prime_block_le_61,7,5201836549,22.3722775827,27,3.295836866,4,7,0,,6.41785081628,3.295836866,1.00001855073,0.999783044772,1.00025405669,none_visible,0.589119792929,0.333333333333,0.255786459596,deterministic_seeded_random_sets_same_cardinality,local_obstruction_before_drift
rank116_Q61_exact_power_anchor,exact_power_anchor,116,7,7,3,86,227,314453,31093329363837677,314453,61,prime_block_le_61,7,5201836549,22.3722775827,2187,7.69028602068,0,0,1,314453,2.02340166161,7.69028602068,1.00000547688,0.999122638713,1.00067241987,constructed_exact_power_root,0.589119792929,0.333333333333,0.255786459596,C_from_near_power_row_as_positive_control,positive_control_survivor
rank117_Q61_actual_near_miss,actual_near_miss,117,7,7,4,74,177,8594,5454832223930896,8594,61,prime_block_le_61,17,58644190679703485491635,52.4257754724,512,6.23832462504,9,3,0,,37.128631283,6.23832462504,1.00494531068,0.955128578078,1.05823830579,none_visible,1.44681586547,0.25,1.19681586547,existing_near_power_csv,local_obstruction_before_drift
rank117_Q61_random_root_sets,random_root_sets,117,7,7,4,74,177,8594,5454832223930896,8594,61,prime_block_le_61,17,58644190679703485491635,52.4257754724,512,6.23832462504,9,3,0,,37.128631283,6.23832462504,1.01761611091,0.995578310449,1.05823830579,none_visible,1.44681586547,0.25,1.19681586547,deterministic_seeded_random_sets_same_cardinality,local_obstruction_before_drift
rank117_Q61_exact_power_anchor,exact_power_anchor,117,7,7,4,74,177,8594,5454832223930896,8594,61,prime_block_le_61,17,58644190679703485491635,52.4257754724,33554432,17.328679514,0,0,1,8594,26.0382763941,17.328679514,1.00978789708,0.999258203398,1.04695136141,constructed_exact_power_root,1.44681586547,0.25,1.19681586547,C_from_near_power_row_as_positive_control,positive_control_survivor
rank118_Q61_actual_near_miss,actual_near_miss,118,6,7,3,171,179,180830,5913048577787000,180830,61,prime_block_le_61,7,5201836549,22.3722775827,9,2.19722457734,5,7,0,,8.06974036296,2.19722457734,0.999996313296,0.999996313296,0.999996313296,none_visible,0.61604570499,0.333333333333,0.282712371656,existing_near_power_csv,local_obstruction_before_drift
rank118_Q61_random_root_sets,random_root_sets,118,6,7,3,171,179,180830,5913048577787000,180830,61,prime_block_le_61,7,5201836549,22.3722775827,9,2.19722457734,5,7,0,,8.06974036296,2.19722457734,1.00150233184,1.00150233184,1.00150233184,none_visible,0.61604570499,0.333333333333,0.282712371656,deterministic_seeded_random_sets_same_cardinality,local_obstruction_before_drift
rank118_Q61_exact_power_anchor,exact_power_anchor,118,6,7,3,171,179,180830,5913048577787000,180830,61,prime_block_le_61,7,5201836549,22.3722775827,729,6.59167373201,0,0,1,180830,3.67529120829,6.59167373201,1.00030343621,0.999256514713,1.00105316841,constructed_exact_power_root,0.61604570499,0.333333333333,0.282712371656,C_from_near_power_row_as_positive_control,positive_control_survivor
rank119_Q61_actual_near_miss,actual_near_miss,119,6,7,3,216,191,210857,9374844432292793,210857,61,prime_block_le_61,7,5201836549,22.3722775827,3,1.09861228867,6,7,0,,9.01472983643,1.09861228867,,,,none_visible,0.60832572997,0.333333333333,0.274992396637,existing_near_power_csv,local_obstruction_before_drift
rank119_Q61_random_root_sets,random_root_sets,119,6,7,3,216,191,210857,9374844432292793,210857,61,prime_block_le_61,7,5201836549,22.3722775827,3,1.09861228867,6,7,0,,9.01472983643,1.09861228867,,,,none_visible,0.60832572997,0.333333333333,0.274992396637,deterministic_seeded_random_sets_same_cardinality,local_obstruction_before_drift
rank119_Q61_exact_power_anchor,exact_power_anchor,119,6,7,3,216,191,210857,9374844432292793,210857,61,prime_block_le_61,7,5201836549,22.3722775827,2187,7.69028602068,0,0,1,210857,2.42305610442,7.69028602068,1.00031959522,0.999863519932,1.00102281009,constructed_exact_power_root,0.60832572997,0.333333333333,0.274992396637,C_from_near_power_row_as_positive_control,positive_control_survivor
rank120_Q61_actual_near_miss,actual_near_miss,120,7,7,3,71,174,169130,4837956360497000,169130,61,prime_block_le_61,7,5201836549,22.3722775827,1,0,6,13,0,,10.3338546537,0,,,,none_visible,0.619468671677,0.333333333333,0.286135338344,existing_near_power_csv,local_obstruction_before_drift
rank120_Q61_random_root_sets,random_root_sets,120,7,7,3,71,174,169130,4837956360497000,169130,61,prime_block_le_61,7,5201836549,22.3722775827,1,0,6,13,0,,10.3338546537,0,,,,none_visible,0.619468671677,0.333333333333,0.286135338344,deterministic_seeded_random_sets_same_cardinality,local_obstruction_before_drift
rank120_Q61_exact_power_anchor,exact_power_anchor,120,7,7,3,71,174,169130,4837956360497000,169130,61,prime_block_le_61,7,5201836549,22.3722775827,729,6.59167373201,0,0,1,169130,3.7421809217,6.59167373201,0.999850870796,0.997731528016,1.00131916934,constructed_exact_power_root,0.619468671677,0.333333333333,0.286135338344,C_from_near_power_row_as_positive_control,positive_control_survivor
rank121_Q61_actual_near_miss,actual_near_miss,121,6,6,3,59,178,31698,31848984040392,31698,61,prime_block_le_61,7,5201836549,22.3722775827,3,1.09861228867,5,7,0,,10.9096564276,1.09861228867,1.00260794582,1.00260794582,1.00260794582,none_visible,0.719550316584,0.333333333333,0.386216983251,existing_near_power_csv,local_obstruction_before_drift
rank121_Q61_random_root_sets,random_root_sets,121,6,6,3,59,178,31698,31848984040392,31698,61,prime_block_le_61,7,5201836549,22.3722775827,3,1.09861228867,5,7,0,,10.9096564276,1.09861228867,1.00260794582,1.00260794582,1.00260794582,none_visible,0.719550316584,0.333333333333,0.386216983251,deterministic_seeded_random_sets_same_cardinality,local_obstruction_before_drift
rank121_Q61_exact_power_anchor,exact_power_anchor,121,6,6,3,59,178,31698,31848984040392,31698,61,prime_block_le_61,7,5201836549,22.3722775827,2187,7.69028602068,0,0,1,31698,4.31798269561,7.69028602068,1.00153357029,0.997213283698,1.01138522585,constructed_exact_power_root,0.719550316584,0.333333333333,0.386216983251,C_from_near_power_row_as_positive_control,positive_control_survivor
rank122_Q61_actual_near_miss,actual_near_miss,122,5,7,3,199,105,52051,141022117888651,52051,61,prime_block_le_61,7,5201836549,22.3722775827,27,3.295836866,4,7,0,,8.21646143052,3.295836866,0.9979101693,0.997049901912,0.998770436687,none_visible,0.686688773928,0.333333333333,0.353355440595,existing_near_power_csv,local_obstruction_before_drift
rank122_Q61_random_root_sets,random_root_sets,122,5,7,3,199,105,52051,141022117888651,52051,61,prime_block_le_61,7,5201836549,22.3722775827,27,3.295836866,4,7,0,,8.21646143052,3.295836866,0.999167483174,0.998770436687,0.99956452966,none_visible,0.686688773928,0.333333333333,0.353355440595,deterministic_seeded_random_sets_same_cardinality,local_obstruction_before_drift
rank122_Q61_exact_power_anchor,exact_power_anchor,122,5,7,3,199,105,52051,141022117888651,52051,61,prime_block_le_61,7,5201836549,22.3722775827,2187,7.69028602068,0,0,1,52051,3.82201227585,7.69028602068,1.0000935692,0.996659259402,1.00333647128,constructed_exact_power_root,0.686688773928,0.333333333333,0.353355440595,C_from_near_power_row_as_positive_control,positive_control_survivor
rank123_Q61_actual_near_miss,actual_near_miss,123,6,7,3,141,161,141145,2811878131623625,141145,61,prime_block_le_61,7,5201836549,22.3722775827,3,1.09861228867,6,13,0,,9.41612228427,1.09861228867,,,,none_visible,0.628918305821,0.333333333333,0.295584972488,existing_near_power_csv,local_obstruction_before_drift
rank123_Q61_random_root_sets,random_root_sets,123,6,7,3,141,161,141145,2811878131623625,141145,61,prime_block_le_61,7,5201836549,22.3722775827,3,1.09861228867,6,13,0,,9.41612228427,1.09861228867,,,,none_visible,0.628918305821,0.333333333333,0.295584972488,deterministic_seeded_random_sets_same_cardinality,local_obstruction_before_drift
rank123_Q61_exact_power_anchor,exact_power_anchor,123,6,7,3,141,161,141145,2811878131623625,141145,61,prime_block_le_61,7,5201836549,22.3722775827,2187,7.69028602068,0,0,1,141145,2.82444855226,7.69028602068,1.00045828889,0.999459184999,1.00152325623,constructed_exact_power_root,0.628918305821,0.333333333333,0.295584972488,C_from_near_power_row_as_positive_control,positive_control_survivor
rank124_Q61_actual_near_miss,actual_near_miss,124,7,6,4,64,157,2098,19374117772816,2098,61,prime_block_le_61,17,58644190679703485491635,52.4257754724,16,2.77258872224,12,3,0,,42.0044469612,2.77258872224,0.985998570067,0.934699714013,1.01406101049,none_visible,1.71354291422,0.25,1.46354291422,existing_near_power_csv,local_obstruction_before_drift
rank124_Q61_random_root_sets,random_root_sets,124,7,6,4,64,157,2098,19374117772816,2098,61,prime_block_le_61,17,58644190679703485491635,52.4257754724,16,2.77258872224,12,3,0,,42.0044469612,2.77258872224,0.985998570067,0.934699714013,1.01406101049,none_visible,1.71354291422,0.25,1.46354291422,deterministic_seeded_random_sets_same_cardinality,local_obstruction_before_drift
rank124_Q61_exact_power_anchor,exact_power_anchor,124,7,6,4,64,157,2098,19374117772816,2098,61,prime_block_le_61,17,58644190679703485491635,52.4257754724,33554432,17.328679514,0,0,1,2098,27.4483561695,17.328679514,1.05905736118,0.993505719733,1.30415872259,constructed_exact_power_root,1.71354291422,0.25,1.46354291422,C_from_near_power_row_as_positive_control,positive_control_survivor
rank125_Q61_actual_near_miss,actual_near_miss,125,6,6,4,128,157,2098,19374117772816,2098,61,prime_block_le_61,17,58644190679703485491635,52.4257754724,16,2.77258872224,12,3,0,,42.0044469612,2.77258872224,0.985998570067,0.934699714013,1.01406101049,none_visible,1.71354291422,0.25,1.46354291422,existing_near_power_csv,local_obstruction_before_drift
rank125_Q61_random_root_sets,random_root_sets,125,6,6,4,128,157,2098,19374117772816,2098,61,prime_block_le_61,17,58644190679703485491635,52.4257754724,16,2.77258872224,12,3,0,,42.0044469612,2.77258872224,0.985998570067,0.934699714013,1.01406101049,none_visible,1.71354291422,0.25,1.46354291422,deterministic_seeded_random_sets_same_cardinality,local_obstruction_before_drift
rank125_Q61_exact_power_anchor,exact_power_anchor,125,6,6,4,128,157,2098,19374117772816,2098,61,prime_block_le_61,17,58644190679703485491635,52.4257754724,33554432,17.328679514,0,0,1,2098,27.4483561695,17.328679514,1.05905736118,0.993505719733,1.30415872259,constructed_exact_power_root,1.71354291422,0.25,1.46354291422,C_from_near_power_row_as_positive_control,positive_control_survivor
rank126_Q61_actual_near_miss,actual_near_miss,126,7,7,3,217,246,425757,77176555446273093,425757,61,prime_block_le_61,7,5201836549,22.3722775827,243,5.49306144334,2,37,0,,3.91759209938,5.49306144334,1.00016650082,1.00002766315,1.0003246505,none_visible,0.575346564435,0.333333333333,0.242013231102,existing_near_power_csv,local_obstruction_before_drift
rank126_Q61_random_root_sets,random_root_sets,126,7,7,3,217,246,425757,77176555446273093,425757,61,prime_block_le_61,7,5201836549,22.3722775827,243,5.49306144334,2,37,0,,3.91759209938,5.49306144334,0.999932342732,0.999831150424,1.0000378411,none_visible,0.575346564435,0.333333333333,0.242013231102,deterministic_seeded_random_sets_same_cardinality,local_obstruction_before_drift
rank126_Q61_exact_power_anchor,exact_power_anchor,126,7,7,3,217,246,425757,77176555446273093,425757,61,prime_block_le_61,7,5201836549,22.3722775827,2187,7.69028602068,0,0,1,425757,1.72036752204,7.69028602068,1.00022495879,0.99990396191,1.00078631186,constructed_exact_power_root,0.575346564435,0.333333333333,0.242013231102,C_from_near_power_row_as_positive_control,positive_control_survivor
rank127_Q61_actual_near_miss,actual_near_miss,127,5,7,3,197,81,28510,23173501051000,28510,61,prime_block_le_61,7,5201836549,22.3722775827,3,1.09861228867,6,7,0,,11.0156551121,1.09861228867,,,,none_visible,0.726985616962,0.333333333333,0.393652283628,existing_near_power_csv,local_obstruction_before_drift
rank127_Q61_random_root_sets,random_root_sets,127,5,7,3,197,81,28510,23173501051000,28510,61,prime_block_le_61,7,5201836549,22.3722775827,3,1.09861228867,6,7,0,,11.0156551121,1.09861228867,,,,none_visible,0.726985616962,0.333333333333,0.393652283628,deterministic_seeded_random_sets_same_cardinality,local_obstruction_before_drift
rank127_Q61_exact_power_anchor,exact_power_anchor,127,5,7,3,197,81,28510,23173501051000,28510,61,prime_block_le_61,7,5201836549,22.3722775827,2187,7.69028602068,0,0,1,28510,4.4239813801,7.69028602068,1.00216168466,0.999762266651,1.00542499708,constructed_exact_power_root,0.726985616962,0.333333333333,0.393652283628,C_from_near_power_row_as_positive_control,positive_control_survivor
rank128_Q61_actual_near_miss,actual_near_miss,128,6,6,3,127,244,59928,215223332746752,59928,61,prime_block_le_61,7,5201836549,22.3722775827,27,3.295836866,3,7,0,,8.07554159605,3.295836866,0.999327588168,0.99696487637,1.00102345036,none_visible,0.677892395805,0.333333333333,0.344559062472,existing_near_power_csv,local_obstruction_before_drift
rank128_Q61_random_root_sets,random_root_sets,128,6,6,3,127,244,59928,215223332746752,59928,61,prime_block_le_61,7,5201836549,22.3722775827,27,3.295836866,3,7,0,,8.07554159605,3.295836866,0.998024172217,0.99696487637,0.99999443777,none_visible,0.677892395805,0.333333333333,0.344559062472,deterministic_seeded_random_sets_same_cardinality,local_obstruction_before_drift
rank128_Q61_exact_power_anchor,exact_power_anchor,128,6,6,3,127,244,59928,215223332746752,59928,61,prime_block_le_61,7,5201836549,22.3722775827,2187,7.69028602068,0,0,1,59928,3.68109244138,7.69028602068,1.00055591401,0.999226849998,1.00182811967,constructed_exact_power_root,0.677892395805,0.333333333333,0.344559062472,C_from_near_power_row_as_positive_control,positive_control_survivor
rank129_Q61_actual_near_miss,actual_near_miss,129,6,7,3,167,198,228638,11952128053790072,228638,61,prime_block_le_61,7,5201836549,22.3722775827,3,1.09861228867,5,7,0,,8.93377004826,1.09861228867,0.999287082637,0.999287082637,0.999287082637,none_visible,0.604334616492,0.333333333333,0.271001283159,existing_near_power_csv,local_obstruction_before_drift
rank129_Q61_random_root_sets,random_root_sets,129,6,7,3,167,198,228638,11952128053790072,228638,61,prime_block_le_61,7,5201836549,22.3722775827,3,1.09861228867,5,7,0,,8.93377004826,1.09861228867,1.00031199247,1.00031199247,1.00031199247,none_visible,0.604334616492,0.333333333333,0.271001283159,deterministic_seeded_random_sets_same_cardinality,local_obstruction_before_drift
rank129_Q61_exact_power_anchor,exact_power_anchor,129,6,7,3,167,198,228638,11952128053790072,228638,61,prime_block_le_61,7,5201836549,22.3722775827,2187,7.69028602068,0,0,1,228638,2.34209631625,7.69028602068,1.00023342738,0.999718623618,1.00063807805,constructed_exact_power_root,0.604334616492,0.333333333333,0.271001283159,C_from_near_power_row_as_positive_control,positive_control_survivor
rank130_Q61_actual_near_miss,actual_near_miss,130,7,7,3,103,238,351364,43378226058516544,351364,61,prime_block_le_61,7,5201836549,22.3722775827,9,2.19722457734,4,7,0,,7.40547500321,2.19722457734,1.00094773511,1.00033583406,1.00155963616,none_visible,0.583999397603,0.333333333333,0.25066606427,existing_near_power_csv,local_obstruction_before_drift
rank130_Q61_random_root_sets,random_root_sets,130,7,7,3,103,238,351364,43378226058516544,351364,61,prime_block_le_61,7,5201836549,22.3722775827,9,2.19722457734,4,7,0,,7.40547500321,2.19722457734,0.999683139612,0.99903044516,1.00033583406,none_visible,0.583999397603,0.333333333333,0.25066606427,deterministic_seeded_random_sets_same_cardinality,local_obstruction_before_drift
rank130_Q61_exact_power_anchor,exact_power_anchor,130,7,7,3,103,238,351364,43378226058516544,351364,61,prime_block_le_61,7,5201836549,22.3722775827,729,6.59167373201,0,0,1,351364,3.01102584854,6.59167373201,1.00007847723,0.999864338217,1.00033583406,constructed_exact_power_root,0.583999397603,0.333333333333,0.25066606427,C_from_near_power_row_as_positive_control,positive_control_survivor
rank131_Q61_actual_near_miss,actual_near_miss,131,6,7,3,227,192,213672,9755349769640448,213672,61,prime_block_le_61,7,5201836549,22.3722775827,27,3.295836866,4,7,0,,6.80424330875,3.295836866,1.000398846,0.999956319343,1.00084137265,none_visible,0.60766834276,0.333333333333,0.274335009426,existing_near_power_csv,local_obstruction_before_drift
rank131_Q61_random_root_sets,random_root_sets,131,6,7,3,227,192,213672,9755349769640448,213672,61,prime_block_le_61,7,5201836549,22.3722775827,27,3.295836866,4,7,0,,6.80424330875,3.295836866,1.00067783019,0.999052025742,1.00230363465,none_visible,0.60766834276,0.333333333333,0.274335009426,deterministic_seeded_random_sets_same_cardinality,local_obstruction_before_drift
rank131_Q61_exact_power_anchor,exact_power_anchor,131,6,7,3,227,192,213672,9755349769640448,213672,61,prime_block_le_61,7,5201836549,22.3722775827,2187,7.69028602068,0,0,1,213672,2.40979415408,7.69028602068,1.00098593483,0.999417591241,1.00525363901,constructed_exact_power_root,0.60766834276,0.333333333333,0.274335009426,C_from_near_power_row_as_positive_control,positive_control_survivor
rank132_Q61_actual_near_miss,actual_near_miss,132,5,6,4,172,149,1825,11093062890625,1825,61,prime_block_le_61,17,58644190679703485491635,52.4257754724,16,2.77258872224,14,3,0,,42.1438514842,2.77258872224,0.986643835616,0.936575342466,1.03671232877,none_visible,1.74535340397,0.25,1.49535340397,existing_near_power_csv,local_obstruction_before_drift
rank132_Q61_random_root_sets,random_root_sets,132,5,6,4,172,149,1825,11093062890625,1825,61,prime_block_le_61,17,58644190679703485491635,52.4257754724,16,2.77258872224,14,3,0,,42.1438514842,2.77258872224,0.954246575342,0.936575342466,0.971917808219,none_visible,1.74535340397,0.25,1.49535340397,deterministic_seeded_random_sets_same_cardinality,local_obstruction_before_drift
rank132_Q61_exact_power_anchor,exact_power_anchor,132,5,6,4,172,149,1825,11093062890625,1825,61,prime_block_le_61,17,58644190679703485491635,52.4257754724,8388608,15.9423851529,0,0,1,1825,28.9740550535,15.9423851529,1.06446489726,0.989246575342,1.28506849315,constructed_exact_power_root,1.74535340397,0.25,1.49535340397,C_from_near_power_row_as_positive_control,positive_control_survivor
rank133_Q61_actual_near_miss,actual_near_miss,133,6,7,3,233,225,308473,29352930847419817,308473,61,prime_block_le_61,7,5201836549,22.3722775827,9,2.19722457734,5,7,0,,7.53566340711,2.19722457734,1.00010661837,1.00010661837,1.00010661837,none_visible,0.590014715737,0.333333333333,0.256681382404,existing_near_power_csv,local_obstruction_before_drift
rank133_Q61_random_root_sets,random_root_sets,133,6,7,3,233,225,308473,29352930847419817,308473,61,prime_block_le_61,7,5201836549,22.3722775827,9,2.19722457734,5,7,0,,7.53566340711,2.19722457734,1.00010661837,1.00010661837,1.00010661837,none_visible,0.590014715737,0.333333333333,0.256681382404,deterministic_seeded_random_sets_same_cardinality,local_obstruction_before_drift
rank133_Q61_exact_power_anchor,exact_power_anchor,133,6,7,3,233,225,308473,29352930847419817,308473,61,prime_block_le_61,7,5201836549,22.3722775827,2187,7.69028602068,0,0,1,308473,2.04260196376,7.69028602068,1.0000646554,0.999595498544,1.00058676124,constructed_exact_power_root,0.590014715737,0.333333333333,0.256681382404,C_from_near_power_row_as_positive_control,positive_control_survivor
rank134_Q61_actual_near_miss,actual_near_miss,134,6,7,3,241,229,321469,33221351612604709,321469,61,prime_block_le_61,7,5201836549,22.3722775827,27,3.295836866,4,13,0,,6.39578432168,3.295836866,0.999922577639,0.999870041037,0.999975114241,none_visible,0.588094624489,0.333333333333,0.254761291156,existing_near_power_csv,local_obstruction_before_drift
rank134_Q61_random_root_sets,random_root_sets,134,6,7,3,241,229,321469,33221351612604709,321469,61,prime_block_le_61,7,5201836549,22.3722775827,27,3.295836866,4,13,0,,6.39578432168,3.295836866,0.999945562403,0.999870041037,1.00002108377,none_visible,0.588094624489,0.333333333333,0.254761291156,deterministic_seeded_random_sets_same_cardinality,local_obstruction_before_drift
rank134_Q61_exact_power_anchor,exact_power_anchor,134,6,7,3,241,229,321469,33221351612604709,321469,61,prime_block_le_61,7,5201836549,22.3722775827,2187,7.69028602068,0,0,1,321469,2.00133516701,7.69028602068,1.00023180623,0.999961980091,1.00082917966,constructed_exact_power_root,0.588094624489,0.333333333333,0.254761291156,C_from_near_power_row_as_positive_control,positive_control_survivor
rank135_Q61_actual_near_miss,actual_near_miss,135,6,7,3,187,230,324250,34091016765625000,324250,61,prime_block_le_61,7,5201836549,22.3722775827,27,3.295836866,3,19,0,,6.3871706145,3.295836866,0.999932265342,0.999892743939,0.999956480768,none_visible,0.587695415169,0.333333333333,0.254362081836,existing_near_power_csv,local_obstruction_before_drift
rank135_Q61_random_root_sets,random_root_sets,135,6,7,3,187,230,324250,34091016765625000,324250,61,prime_block_le_61,7,5201836549,22.3722775827,27,3.295836866,3,19,0,,6.3871706145,3.295836866,1.00000948057,0.999892743939,1.00009457723,none_visible,0.587695415169,0.333333333333,0.254362081836,deterministic_seeded_random_sets_same_cardinality,local_obstruction_before_drift
rank135_Q61_exact_power_anchor,exact_power_anchor,135,6,7,3,187,230,324250,34091016765625000,324250,61,prime_block_le_61,7,5201836549,22.3722775827,2187,7.69028602068,0,0,1,324250,1.99272145982,7.69028602068,1.0002515206,0.999494902767,1.00096838859,constructed_exact_power_root,0.587695415169,0.333333333333,0.254362081836,C_from_near_power_row_as_positive_control,positive_control_survivor
rank136_Q61_actual_near_miss,actual_near_miss,136,5,6,3,207,164,27070,19836487243000,27070,61,prime_block_le_61,7,5201836549,22.3722775827,9,2.19722457734,5,7,0,,9.96887162273,2.19722457734,0.99839100275,0.99839100275,0.99839100275,none_visible,0.730677378868,0.333333333333,0.397344045534,existing_near_power_csv,local_obstruction_before_drift
rank136_Q61_random_root_sets,random_root_sets,136,5,6,3,207,164,27070,19836487243000,27070,61,prime_block_le_61,7,5201836549,22.3722775827,9,2.19722457734,5,7,0,,9.96887162273,2.19722457734,1.00416204901,1.00416204901,1.00416204901,none_visible,0.730677378868,0.333333333333,0.397344045534,deterministic_seeded_random_sets_same_cardinality,local_obstruction_before_drift
rank136_Q61_exact_power_anchor,exact_power_anchor,136,5,6,3,207,164,27070,19836487243000,27070,61,prime_block_le_61,7,5201836549,22.3722775827,2187,7.69028602068,0,0,1,27070,4.47581017939,7.69028602068,1.00148243922,0.997611131634,1.00568074539,constructed_exact_power_root,0.730677378868,0.333333333333,0.397344045534,C_from_near_power_row_as_positive_control,positive_control_survivor
rank137_Q61_actual_near_miss,actual_near_miss,137,6,7,3,222,125,84181,596543669701741,84181,61,prime_block_le_61,7,5201836549,22.3722775827,9,2.19722457734,3,13,0,,8.83432848378,2.19722457734,1.00035373514,0.999196176493,1.00168684145,none_visible,0.657579314859,0.333333333333,0.324245981526,existing_near_power_csv,local_obstruction_before_drift
rank137_Q61_random_root_sets,random_root_sets,137,6,7,3,222,125,84181,596543669701741,84181,61,prime_block_le_61,7,5201836549,22.3722775827,9,2.19722457734,3,13,0,,8.83432848378,2.19722457734,1.00085837967,1.00017818748,1.00168684145,none_visible,0.657579314859,0.333333333333,0.324245981526,deterministic_seeded_random_sets_same_cardinality,local_obstruction_before_drift
rank137_Q61_exact_power_anchor,exact_power_anchor,137,6,7,3,222,125,84181,596543669701741,84181,61,prime_block_le_61,7,5201836549,22.3722775827,2187,7.69028602068,0,0,1,84181,3.34126704044,7.69028602068,1.00059307832,0.999894407421,1.00168684145,constructed_exact_power_root,0.657579314859,0.333333333333,0.324245981526,C_from_near_power_row_as_positive_control,positive_control_survivor
rank138_Q61_actual_near_miss,actual_near_miss,138,6,7,3,243,188,204134,8506404623478104,204134,61,prime_block_le_61,7,5201836549,22.3722775827,9,2.19722457734,4,19,0,,7.94852108541,2.19722457734,1.00000680381,0.999897126397,1.00011648122,none_visible,0.609937953766,0.333333333333,0.276604620432,existing_near_power_csv,local_obstruction_before_drift
rank138_Q61_random_root_sets,random_root_sets,138,6,7,3,243,188,204134,8506404623478104,204134,61,prime_block_le_61,7,5201836549,22.3722775827,9,2.19722457734,4,19,0,,7.94852108541,2.19722457734,1.00008110141,1.0000457216,1.00011648122,none_visible,0.609937953766,0.333333333333,0.276604620432,deterministic_seeded_random_sets_same_cardinality,local_obstruction_before_drift
rank138_Q61_exact_power_anchor,exact_power_anchor,138,6,7,3,243,188,204134,8506404623478104,204134,61,prime_block_le_61,7,5201836549,22.3722775827,729,6.59167373201,0,0,1,204134,3.55407193074,6.59167373201,1.00008627231,0.997970287491,1.0019491554,constructed_exact_power_root,0.609937953766,0.333333333333,0.276604620432,C_from_near_power_row_as_positive_control,positive_control_survivor
rank139_Q61_actual_near_miss,actual_near_miss,139,6,7,3,208,203,242650,14286994809625000,242650,61,prime_block_le_61,7,5201836549,22.3722775827,27,3.295836866,4,31,0,,6.67706536184,3.295836866,0.999887125947,0.999830574444,0.99994367745,none_visible,0.601435608447,0.333333333333,0.268102275113,existing_near_power_csv,local_obstruction_before_drift
rank139_Q61_random_root_sets,random_root_sets,139,6,7,3,208,203,242650,14286994809625000,242650,61,prime_block_le_61,7,5201836549,22.3722775827,27,3.295836866,4,31,0,,6.67706536184,3.295836866,1.00002106372,0.999985346979,1.00005678046,none_visible,0.601435608447,0.333333333333,0.268102275113,deterministic_seeded_random_sets_same_cardinality,local_obstruction_before_drift
rank139_Q61_exact_power_anchor,exact_power_anchor,139,6,7,3,208,203,242650,14286994809625000,242650,61,prime_block_le_61,7,5201836549,22.3722775827,2187,7.69028602068,0,0,1,242650,2.28261620717,7.69028602068,1.00086475719,1.00002701651,1.00172859858,constructed_exact_power_root,0.601435608447,0.333333333333,0.268102275113,C_from_near_power_row_as_positive_control,positive_control_survivor
rank140_Q61_actual_near_miss,actual_near_miss,140,7,7,3,121,160,145245,3064104500581125,145245,61,prime_block_le_61,7,5201836549,22.3722775827,27,3.295836866,4,19,0,,7.19026346596,3.295836866,1.00017671291,1.00000764991,1.00034577591,none_visible,0.627403218343,0.333333333333,0.29406988501,existing_near_power_csv,local_obstruction_before_drift
rank140_Q61_random_root_sets,random_root_sets,140,7,7,3,121,160,145245,3064104500581125,145245,61,prime_block_le_61,7,5201836549,22.3722775827,27,3.295836866,4,19,0,,7.19026346596,3.295836866,0.999873393997,0.999739138085,1.00000764991,none_visible,0.627403218343,0.333333333333,0.29406988501,deterministic_seeded_random_sets_same_cardinality,local_obstruction_before_drift
rank140_Q61_exact_power_anchor,exact_power_anchor,140,7,7,3,121,160,145245,3064104500581125,145245,61,prime_block_le_61,7,5201836549,22.3722775827,2187,7.69028602068,0,0,1,145245,2.79581431129,7.69028602068,1.00047161692,0.999385712264,1.00167380021,constructed_exact_power_root,0.627403218343,0.333333333333,0.29406988501,C_from_near_power_row_as_positive_control,positive_control_survivor
rank141_Q61_actual_near_miss,actual_near_miss,141,6,6,4,158,165,2445,35736782900625,2445,61,prime_block_le_61,17,58644190679703485491635,52.4257754724,16384,9.70406052784,6,5,0,,34.9199145427,9.70406052784,0.955715746421,0.732873210634,1.03967280164,none_visible,1.67992555473,0.25,1.42992555473,existing_near_power_csv,local_obstruction_before_drift
rank141_Q61_random_root_sets,random_root_sets,141,6,6,4,158,165,2445,35736782900625,2445,61,prime_block_le_61,17,58644190679703485491635,52.4257754724,16384,9.70406052784,6,5,0,,34.9199145427,9.70406052784,0.994417177914,0.886656441718,1.05710633947,none_visible,1.67992555473,0.25,1.42992555473,deterministic_seeded_random_sets_same_cardinality,local_obstruction_before_drift
rank141_Q61_exact_power_anchor,exact_power_anchor,141,6,6,4,158,165,2445,35736782900625,2445,61,prime_block_le_61,17,58644190679703485491635,52.4257754724,4194304,15.2492379723,0,0,1,2445,29.3747370982,15.2492379723,1.0183394044,0.919989775051,1.11906952965,constructed_exact_power_root,1.67992555473,0.25,1.42992555473,C_from_near_power_row_as_positive_control,positive_control_survivor
rank142_Q61_actual_near_miss,actual_near_miss,142,6,7,3,91,125,78156,477405010420416,78156,61,prime_block_le_61,7,5201836549,22.3722775827,9,2.19722457734,5,19,0,,8.90859089701,2.19722457734,1.00003696311,1.00003696311,1.00003696311,none_visible,0.661913721378,0.333333333333,0.328580388045,existing_near_power_csv,local_obstruction_before_drift
rank142_Q61_random_root_sets,random_root_sets,142,6,7,3,91,125,78156,477405010420416,78156,61,prime_block_le_61,7,5201836549,22.3722775827,9,2.19722457734,5,19,0,,8.90859089701,2.19722457734,0.999907592223,0.999907592223,0.999907592223,none_visible,0.661913721378,0.333333333333,0.328580388045,deterministic_seeded_random_sets_same_cardinality,local_obstruction_before_drift
rank142_Q61_exact_power_anchor,exact_power_anchor,142,6,7,3,91,125,78156,477405010420416,78156,61,prime_block_le_61,7,5201836549,22.3722775827,729,6.59167373201,0,0,1,78156,4.51414174234,6.59167373201,1.0005276721,0.999374470432,1.00231588106,constructed_exact_power_root,0.661913721378,0.333333333333,0.328580388045,C_from_near_power_row_as_positive_control,positive_control_survivor
rank143_Q61_actual_near_miss,actual_near_miss,143,6,6,3,203,211,54087,158226302836503,54087,61,prime_block_le_61,7,5201836549,22.3722775827,81,4.39444915467,2,31,0,,7.0794792878,4.39444915467,1.00093368092,0.999389871873,1.00224946229,none_visible,0.684271146478,0.333333333333,0.350937813145,existing_near_power_csv,local_obstruction_before_drift
rank143_Q61_random_root_sets,random_root_sets,143,6,6,3,203,211,54087,158226302836503,54087,61,prime_block_le_61,7,5201836549,22.3722775827,81,4.39444915467,2,31,0,,7.0794792878,4.39444915467,1.00292892315,0.99862772529,1.01302633822,none_visible,0.684271146478,0.333333333333,0.350937813145,deterministic_seeded_random_sets_same_cardinality,local_obstruction_before_drift
rank143_Q61_exact_power_anchor,exact_power_anchor,143,6,6,3,203,211,54087,158226302836503,54087,61,prime_block_le_61,7,5201836549,22.3722775827,2187,7.69028602068,0,0,1,54087,3.78364242179,7.69028602068,1.00114595895,0.999950696717,1.00377786406,constructed_exact_power_root,0.684271146478,0.333333333333,0.350937813145,C_from_near_power_row_as_positive_control,positive_control_survivor
rank144_Q61_actual_near_miss,actual_near_miss,144,7,7,3,53,131,87208,663237356902912,87208,61,prime_block_le_61,7,5201836549,22.3722775827,3,1.09861228867,6,7,0,,9.8976139452,1.09861228867,,,,none_visible,0.655537289015,0.333333333333,0.322203955682,existing_near_power_csv,local_obstruction_before_drift
rank144_Q61_random_root_sets,random_root_sets,144,7,7,3,53,131,87208,663237356902912,87208,61,prime_block_le_61,7,5201836549,22.3722775827,3,1.09861228867,6,7,0,,9.8976139452,1.09861228867,,,,none_visible,0.655537289015,0.333333333333,0.322203955682,deterministic_seeded_random_sets_same_cardinality,local_obstruction_before_drift
rank144_Q61_exact_power_anchor,exact_power_anchor,144,7,7,3,53,131,87208,663237356902912,87208,61,prime_block_le_61,7,5201836549,22.3722775827,2187,7.69028602068,0,0,1,87208,3.30594021319,7.69028602068,0.999942453462,0.995899968402,1.00137856873,constructed_exact_power_root,0.655537289015,0.333333333333,0.322203955682,C_from_near_power_row_as_positive_control,positive_control_survivor
rank145_Q61_actual_near_miss,actual_near_miss,145,6,7,3,107,108,55708,172883163454912,55708,61,prime_block_le_61,7,5201836549,22.3722775827,27,3.295836866,3,7,0,,8.1485616745,3.295836866,1.0025077853,0.999583143853,1.00703070774,none_visible,0.682422072217,0.333333333333,0.349088738883,existing_near_power_csv,local_obstruction_before_drift
rank145_Q61_random_root_sets,random_root_sets,145,6,7,3,107,108,55708,172883163454912,55708,61,prime_block_le_61,7,5201836549,22.3722775827,27,3.295836866,3,7,0,,8.1485616745,3.295836866,0.998571918655,0.995715755966,1.00090950432,none_visible,0.682422072217,0.333333333333,0.349088738883,deterministic_seeded_random_sets_same_cardinality,local_obstruction_before_drift
rank145_Q61_exact_power_anchor,exact_power_anchor,145,6,7,3,107,108,55708,172883163454912,55708,61,prime_block_le_61,7,5201836549,22.3722775827,729,6.59167373201,0,0,1,55708,4.8527248085,6.59167373201,1.00207663505,0.99909049568,1.009707363,constructed_exact_power_root,0.682422072217,0.333333333333,0.349088738883,C_from_near_power_row_as_positive_control,positive_control_survivor
rank146_Q61_actual_near_miss,actual_near_miss,146,6,7,3,232,245,375964,53142108853841344,375964,61,prime_block_le_61,7,5201836549,22.3722775827,81,4.39444915467,3,19,0,,5.1405797549,4.39444915467,1.00007792314,0.999973992782,1.00023968016,none_visible,0.580920885058,0.333333333333,0.247587551725,existing_near_power_csv,local_obstruction_before_drift
rank146_Q61_random_root_sets,random_root_sets,146,6,7,3,232,245,375964,53142108853841344,375964,61,prime_block_le_61,7,5201836549,22.3722775827,81,4.39444915467,3,19,0,,5.1405797549,4.39444915467,1.00002029351,0.999854891544,1.00023968016,none_visible,0.580920885058,0.333333333333,0.247587551725,deterministic_seeded_random_sets_same_cardinality,local_obstruction_before_drift
rank146_Q61_exact_power_anchor,exact_power_anchor,146,6,7,3,232,245,375964,53142108853841344,375964,61,prime_block_le_61,7,5201836549,22.3722775827,2187,7.69028602068,0,0,1,375964,1.8447428889,7.69028602068,1.00055270264,0.999993202659,1.00232380405,constructed_exact_power_root,0.580920885058,0.333333333333,0.247587551725,C_from_near_power_row_as_positive_control,positive_control_survivor
rank147_Q61_actual_near_miss,actual_near_miss,147,7,7,3,171,214,291735,24829364618490375,291735,61,prime_block_le_61,7,5201836549,22.3722775827,27,3.295836866,3,19,0,,6.49283958173,3.295836866,1.00001459975,1.00000304691,1.00003770545,none_visible,0.592630502264,0.333333333333,0.259297168931,existing_near_power_csv,local_obstruction_before_drift
rank147_Q61_random_root_sets,random_root_sets,147,7,7,3,171,214,291735,24829364618490375,291735,61,prime_block_le_61,7,5201836549,22.3722775827,27,3.295836866,3,19,0,,6.49283958173,3.295836866,1.00038391006,0.999933729812,1.00100205095,none_visible,0.592630502264,0.333333333333,0.259297168931,deterministic_seeded_random_sets_same_cardinality,local_obstruction_before_drift
rank147_Q61_exact_power_anchor,exact_power_anchor,147,7,7,3,171,214,291735,24829364618490375,291735,61,prime_block_le_61,7,5201836549,22.3722775827,2187,7.69028602068,0,0,1,291735,2.09839042706,7.69028602068,1.00006258851,0.999822898635,1.00050464367,constructed_exact_power_root,0.592630502264,0.333333333333,0.259297168931,C_from_near_power_row_as_positive_control,positive_control_survivor
rank148_Q61_actual_near_miss,actual_near_miss,148,6,7,3,180,139,101204,1036556630137664,101204,61,prime_block_le_61,7,5201836549,22.3722775827,81,4.39444915467,2,31,0,,6.45293486726,4.39444915467,1.00065928444,0.999567430361,1.00216065241,none_visible,0.647071126652,0.333333333333,0.313737793318,existing_near_power_csv,local_obstruction_before_drift
rank148_Q61_random_root_sets,random_root_sets,148,6,7,3,180,139,101204,1036556630137664,101204,61,prime_block_le_61,7,5201836549,22.3722775827,81,4.39444915467,2,31,0,,6.45293486726,4.39444915467,0.999062948764,0.996401108432,1.00013064921,none_visible,0.647071126652,0.333333333333,0.313737793318,deterministic_seeded_random_sets_same_cardinality,local_obstruction_before_drift
rank148_Q61_exact_power_anchor,exact_power_anchor,148,6,7,3,180,139,101204,1036556630137664,101204,61,prime_block_le_61,7,5201836549,22.3722775827,2187,7.69028602068,0,0,1,101204,3.15709800126,7.69028602068,0.999846478034,0.998611166006,1.00088599924,constructed_exact_power_root,0.647071126652,0.333333333333,0.313737793318,C_from_near_power_row_as_positive_control,positive_control_survivor
rank149_Q61_actual_near_miss,actual_near_miss,149,6,7,3,241,201,237820,13450707367768000,237820,61,prime_block_le_61,7,5201836549,22.3722775827,81,4.39444915467,3,13,0,,5.59855906402,4.39444915467,0.999571882874,0.998891785571,1.00005045833,none_visible,0.602412439831,0.333333333333,0.269079106498,existing_near_power_csv,local_obstruction_before_drift
rank149_Q61_random_root_sets,random_root_sets,149,6,7,3,241,201,237820,13450707367768000,237820,61,prime_block_le_61,7,5201836549,22.3722775827,81,4.39444915467,3,13,0,,5.59855906402,4.39444915467,0.999221166335,0.99828675282,0.999949074463,none_visible,0.602412439831,0.333333333333,0.269079106498,deterministic_seeded_random_sets_same_cardinality,local_obstruction_before_drift
rank149_Q61_exact_power_anchor,exact_power_anchor,149,6,7,3,241,201,237820,13450707367768000,237820,61,prime_block_le_61,7,5201836549,22.3722775827,2187,7.69028602068,0,0,2,138146 237820,2.30272219801,6.99713884012,1.00045015371,0.999746306731,1.00244536017,constructed_exact_power_root,0.602412439831,0.333333333333,0.269079106498,C_from_near_power_row_as_positive_control,positive_control_survivor
rank150_Q61_actual_near_miss,actual_near_miss,150,7,7,3,161,185,217016,10220573438660096,217016,61,prime_block_le_61,7,5201836549,22.3722775827,27,3.295836866,4,7,0,,6.78871435415,3.295836866,0.999450629344,0.999164424128,0.99973683456,none_visible,0.606900385057,0.333333333333,0.273567051724,existing_near_power_csv,local_obstruction_before_drift
rank150_Q61_random_root_sets,random_root_sets,150,7,7,3,161,185,217016,10220573438660096,217016,61,prime_block_le_61,7,5201836549,22.3722775827,27,3.295836866,4,7,0,,6.78871435415,3.295836866,1.00012211081,0.99973683456,1.00050738706,none_visible,0.606900385057,0.333333333333,0.273567051724,deterministic_seeded_random_sets_same_cardinality,local_obstruction_before_drift
rank150_Q61_exact_power_anchor,exact_power_anchor,150,7,7,3,161,185,217016,10220573438660096,217016,61,prime_block_le_61,7,5201836549,22.3722775827,2187,7.69028602068,0,0,1,217016,2.39426519948,7.69028602068,0.999628462281,0.996478498257,1.00112382907,constructed_exact_power_root,0.606900385057,0.333333333333,0.273567051724,C_from_near_power_row_as_positive_control,positive_control_survivor
rank151_Q61_actual_near_miss,actual_near_miss,151,6,7,3,203,178,178961,5731591019717681,178961,61,prime_block_le_61,7,5201836549,22.3722775827,81,4.39444915467,3,7,0,,5.88290524402,4.39444915467,0.999876861232,0.99965417667,1.00002359297,none_visible,0.616574884144,0.333333333333,0.28324155081,existing_near_power_csv,local_obstruction_before_drift
rank151_Q61_random_root_sets,random_root_sets,151,6,7,3,203,178,178961,5731591019717681,178961,61,prime_block_le_61,7,5201836549,22.3722775827,81,4.39444915467,3,7,0,,5.88290524402,4.39444915467,1.00040273621,1.00017694731,1.00064197724,none_visible,0.616574884144,0.333333333333,0.28324155081,deterministic_seeded_random_sets_same_cardinality,local_obstruction_before_drift
rank151_Q61_exact_power_anchor,exact_power_anchor,151,6,7,3,203,178,178961,5731591019717681,178961,61,prime_block_le_61,7,5201836549,22.3722775827,729,6.59167373201,0,0,1,178961,3.68568066668,6.59167373201,1.00003983901,0.999433768624,1.00064197724,constructed_exact_power_root,0.616574884144,0.333333333333,0.28324155081,C_from_near_power_row_as_positive_control,positive_control_survivor
rank152_Q61_actual_near_miss,actual_near_miss,152,6,7,3,201,128,85676,628894137795776,85676,61,prime_block_le_61,7,5201836549,22.3722775827,27,3.295836866,4,7,0,,7.71811269798,3.295836866,0.999490327902,0.998123421054,1.00085723475,none_visible,0.656560177574,0.333333333333,0.32322684424,existing_near_power_csv,local_obstruction_before_drift
rank152_Q61_random_root_sets,random_root_sets,152,6,7,3,201,128,85676,628894137795776,85676,61,prime_block_le_61,7,5201836549,22.3722775827,27,3.295836866,4,7,0,,7.71811269798,3.295836866,0.997480170773,0.995671029356,0.999289312189,none_visible,0.656560177574,0.333333333333,0.32322684424,deterministic_seeded_random_sets_same_cardinality,local_obstruction_before_drift
rank152_Q61_exact_power_anchor,exact_power_anchor,152,6,7,3,201,128,85676,628894137795776,85676,61,prime_block_le_61,7,5201836549,22.3722775827,2187,7.69028602068,0,0,1,85676,3.32366354331,7.69028602068,1.00028617721,0.998123421054,1.00350286091,constructed_exact_power_root,0.656560177574,0.333333333333,0.32322684424,C_from_near_power_row_as_positive_control,positive_control_survivor
rank153_Q61_actual_near_miss,actual_near_miss,153,6,6,4,74,203,2894,70144578055696,2894,61,prime_block_le_61,17,58644190679703485491635,52.4257754724,128,4.85203026392,10,3,0,,39.6033503013,4.85203026392,1.00275714121,0.9225552868,1.0805114029,none_visible,1.64439077621,0.25,1.39439077621,existing_near_power_csv,local_obstruction_before_drift
rank153_Q61_random_root_sets,random_root_sets,153,6,6,4,74,203,2894,70144578055696,2894,61,prime_block_le_61,17,58644190679703485491635,52.4257754724,128,4.85203026392,10,3,0,,39.6033503013,4.85203026392,0.980174498963,0.94544747754,1.00380096752,none_visible,1.64439077621,0.25,1.39439077621,deterministic_seeded_random_sets_same_cardinality,local_obstruction_before_drift
rank153_Q61_exact_power_anchor,exact_power_anchor,153,6,6,4,74,203,2894,70144578055696,2894,61,prime_block_le_61,17,58644190679703485491635,52.4257754724,33554432,17.328679514,0,0,1,2894,27.1267010512,17.328679514,1.03076408086,0.94544747754,1.24360746372,constructed_exact_power_root,1.64439077621,0.25,1.39439077621,C_from_near_power_row_as_positive_control,positive_control_survivor
rank154_Q61_actual_near_miss,actual_near_miss,154,6,6,3,153,250,63576,256968328766976,63576,61,prime_block_le_61,7,5201836549,22.3722775827,27,3.295836866,4,7,0,,8.01644939706,3.295836866,1.00349188373,1.00056625142,1.00641751604,none_visible,0.674270498537,0.333333333333,0.340937165203,existing_near_power_csv,local_obstruction_before_drift
rank154_Q61_random_root_sets,random_root_sets,154,6,6,3,153,250,63576,256968328766976,63576,61,prime_block_le_61,7,5201836549,22.3722775827,27,3.295836866,4,7,0,,8.01644939706,3.295836866,1.00013282441,0.998507473121,1.00175817569,none_visible,0.674270498537,0.333333333333,0.340937165203,deterministic_seeded_random_sets_same_cardinality,local_obstruction_before_drift
rank154_Q61_exact_power_anchor,exact_power_anchor,154,6,6,3,153,250,63576,256968328766976,63576,61,prime_block_le_61,7,5201836549,22.3722775827,2187,7.69028602068,0,0,1,63576,3.62200024238,7.69028602068,1.00153126733,0.999536862268,1.00430455937,constructed_exact_power_root,0.674270498537,0.333333333333,0.340937165203,C_from_near_power_row_as_positive_control,positive_control_survivor
rank155_Q61_actual_near_miss,actual_near_miss,155,6,7,3,65,93,39202,60245508310408,39202,61,prime_block_le_61,7,5201836549,22.3722775827,9,2.19722457734,5,7,0,,9.59856996046,2.19722457734,0.996904919817,0.996904919817,0.996904919817,none_visible,0.705095051847,0.333333333333,0.371761718514,existing_near_power_csv,local_obstruction_before_drift
rank155_Q61_random_root_sets,random_root_sets,155,6,7,3,65,93,39202,60245508310408,39202,61,prime_block_le_61,7,5201836549,22.3722775827,9,2.19722457734,5,7,0,,9.59856996046,2.19722457734,0.996904919817,0.996904919817,0.996904919817,none_visible,0.705095051847,0.333333333333,0.371761718514,deterministic_seeded_random_sets_same_cardinality,local_obstruction_before_drift
rank155_Q61_exact_power_anchor,exact_power_anchor,155,6,7,3,65,93,39202,60245508310408,39202,61,prime_block_le_61,7,5201836549,22.3722775827,2187,7.69028602068,0,0,1,39202,4.10550851712,7.69028602068,1.00108034926,0.998047151789,1.00364777307,constructed_exact_power_root,0.705095051847,0.333333333333,0.371761718514,C_from_near_power_row_as_positive_control,positive_control_survivor
rank156_Q61_actual_near_miss,actual_near_miss,156,6,6,3,123,193,38063,55145368716047,38063,61,prime_block_le_61,7,5201836549,22.3722775827,27,3.295836866,4,7,0,,8.52944275602,3.295836866,0.996149658315,0.995396520973,0.996902795657,none_visible,0.70706620867,0.333333333333,0.373732875337,existing_near_power_csv,local_obstruction_before_drift
rank156_Q61_random_root_sets,random_root_sets,156,6,6,3,123,193,38063,55145368716047,38063,61,prime_block_le_61,7,5201836549,22.3722775827,27,3.295836866,4,7,0,,8.52944275602,3.295836866,1.01767683402,1.00167266549,1.03368100255,none_visible,0.70706620867,0.333333333333,0.373732875337,deterministic_seeded_random_sets_same_cardinality,local_obstruction_before_drift
rank156_Q61_exact_power_anchor,exact_power_anchor,156,6,6,3,123,193,38063,55145368716047,38063,61,prime_block_le_61,7,5201836549,22.3722775827,2187,7.69028602068,0,0,1,38063,4.13499360135,7.69028602068,1.0002812102,0.997778536753,1.00305341729,constructed_exact_power_root,0.70706620867,0.333333333333,0.373732875337,C_from_near_power_row_as_positive_control,positive_control_survivor
rank157_Q61_actual_near_miss,actual_near_miss,157,7,7,3,182,229,340966,39639961520548696,340966,61,prime_block_le_61,7,5201836549,22.3722775827,243,5.49306144334,2,7,0,,4.13967809479,5.49306144334,1.00016619448,1.00001107963,1.00039267519,none_visible,0.585376473999,0.333333333333,0.252043140666,existing_near_power_csv,local_obstruction_before_drift
rank157_Q61_random_root_sets,random_root_sets,157,7,7,3,182,229,340966,39639961520548696,340966,61,prime_block_le_61,7,5201836549,22.3722775827,243,5.49306144334,2,7,0,,4.13967809479,5.49306144334,1.00001735266,0.999850099098,1.00019063484,none_visible,0.585376473999,0.333333333333,0.252043140666,deterministic_seeded_random_sets_same_cardinality,local_obstruction_before_drift
rank157_Q61_exact_power_anchor,exact_power_anchor,157,7,7,3,182,229,340966,39639961520548696,340966,61,prime_block_le_61,7,5201836549,22.3722775827,2187,7.69028602068,0,0,1,340966,1.94245351745,7.69028602068,1.00008277137,0.999998696514,1.0002209409,constructed_exact_power_root,0.585376473999,0.333333333333,0.252043140666,C_from_near_power_row_as_positive_control,positive_control_survivor
rank158_Q61_actual_near_miss,actual_near_miss,158,6,7,3,188,165,149981,3373717662443141,149981,61,prime_block_le_61,7,5201836549,22.3722775827,9,2.19722457734,5,7,0,,8.25678910695,2.19722457734,1.00048154248,1.00048154248,1.00048154248,none_visible,0.625714107732,0.333333333333,0.292380774399,existing_near_power_csv,local_obstruction_before_drift
rank158_Q61_random_root_sets,random_root_sets,158,6,7,3,188,165,149981,3373717662443141,149981,61,prime_block_le_61,7,5201836549,22.3722775827,9,2.19722457734,5,7,0,,8.25678910695,2.19722457734,1.00048154248,1.00048154248,1.00048154248,none_visible,0.625714107732,0.333333333333,0.292380774399,deterministic_seeded_random_sets_same_cardinality,local_obstruction_before_drift
rank158_Q61_exact_power_anchor,exact_power_anchor,158,6,7,3,188,165,149981,3373717662443141,149981,61,prime_block_le_61,7,5201836549,22.3722775827,729,6.59167373201,0,0,1,149981,3.86233995228,6.59167373201,1.00051870768,0.998441284044,1.00304631179,constructed_exact_power_root,0.625714107732,0.333333333333,0.292380774399,C_from_near_power_row_as_positive_control,positive_control_survivor
rank159_Q61_actual_near_miss,actual_near_miss,159,6,7,3,149,129,84596,605409854140736,84596,61,prime_block_le_61,7,5201836549,22.3722775827,27,3.295836866,4,7,0,,7.73079845352,3.295836866,1.00255593908,0.999980298517,1.00513157964,none_visible,0.657294288673,0.333333333333,0.323960955339,existing_near_power_csv,local_obstruction_before_drift
rank159_Q61_random_root_sets,random_root_sets,159,6,7,3,149,129,84596,605409854140736,84596,61,prime_block_le_61,7,5201836549,22.3722775827,27,3.295836866,4,7,0,,7.73079845352,3.295836866,1.00058776091,0.998133612832,1.00304190899,none_visible,0.657294288673,0.333333333333,0.323960955339,deterministic_seeded_random_sets_same_cardinality,local_obstruction_before_drift
rank159_Q61_exact_power_anchor,exact_power_anchor,159,6,7,3,149,129,84596,605409854140736,84596,61,prime_block_le_61,7,5201836549,22.3722775827,2187,7.69028602068,0,0,1,84596,3.33634929885,7.69028602068,1.00101221842,0.998862567707,1.00597874341,constructed_exact_power_root,0.657294288673,0.333333333333,0.323960955339,C_from_near_power_row_as_positive_control,positive_control_survivor
rank160_Q61_actual_near_miss,actual_near_miss,160,6,7,3,204,229,321069,33097495072171509,321069,61,prime_block_le_61,7,5201836549,22.3722775827,81,4.39444915467,3,13,0,,5.29841709572,4.39444915467,1.00015861365,0.999899294752,1.00055232157,none_visible,0.588152372808,0.333333333333,0.254819039475,existing_near_power_csv,local_obstruction_before_drift
rank160_Q61_random_root_sets,random_root_sets,160,6,7,3,204,229,321069,33097495072171509,321069,61,prime_block_le_61,7,5201836549,22.3722775827,81,4.39444915467,3,13,0,,5.29841709572,4.39444915467,0.999979351387,0.999771250278,1.00014257925,none_visible,0.588152372808,0.333333333333,0.254819039475,deterministic_seeded_random_sets_same_cardinality,local_obstruction_before_drift
rank160_Q61_exact_power_anchor,exact_power_anchor,160,6,7,3,204,229,321069,33097495072171509,321069,61,prime_block_le_61,7,5201836549,22.3722775827,729,6.59167373201,0,0,1,321069,3.10119251839,6.59167373201,1.00025401255,0.999873685857,1.00122784268,constructed_exact_power_root,0.588152372808,0.333333333333,0.254819039475,C_from_near_power_row_as_positive_control,positive_control_survivor
rank161_Q61_actual_near_miss,actual_near_miss,161,7,7,3,159,218,296128,25967995095089152,296128,61,prime_block_le_61,7,5201836549,22.3722775827,27,3.295836866,3,31,0,,6.47789364441,3.295836866,1.00013645251,1.00005515633,1.00026977823,none_visible,0.591927451484,0.333333333333,0.258594118151,existing_near_power_csv,local_obstruction_before_drift
rank161_Q61_random_root_sets,random_root_sets,161,7,7,3,159,218,296128,25967995095089152,296128,61,prime_block_le_61,7,5201836549,22.3722775827,27,3.295836866,3,31,0,,6.47789364441,3.295836866,1.00054518466,1.00005515633,1.00149597471,none_visible,0.591927451484,0.333333333333,0.258594118151,deterministic_seeded_random_sets_same_cardinality,local_obstruction_before_drift
rank161_Q61_exact_power_anchor,exact_power_anchor,161,7,7,3,159,218,296128,25967995095089152,296128,61,prime_block_le_61,7,5201836549,22.3722775827,729,6.59167373201,0,0,1,296128,3.1820567784,6.59167373201,1.00024395106,0.99989906767,1.00103934035,constructed_exact_power_root,0.591927451484,0.333333333333,0.258594118151,C_from_near_power_row_as_positive_control,positive_control_survivor
rank162_Q61_actual_near_miss,actual_near_miss,162,7,7,3,131,162,153124,3590292207490624,153124,61,prime_block_le_61,7,5201836549,22.3722775827,243,5.49306144334,2,31,0,,4.94021280969,5.49306144334,1.00078259014,0.999925260283,1.00229879052,none_visible,0.624627169872,0.333333333333,0.291293836539,existing_near_power_csv,local_obstruction_before_drift
rank162_Q61_random_root_sets,random_root_sets,162,7,7,3,131,162,153124,3590292207490624,153124,61,prime_block_le_61,7,5201836549,22.3722775827,243,5.49306144334,2,31,0,,4.94021280969,5.49306144334,1.0002126091,0.999925260283,1.0006610474,none_visible,0.624627169872,0.333333333333,0.291293836539,deterministic_seeded_random_sets_same_cardinality,local_obstruction_before_drift
rank162_Q61_exact_power_anchor,exact_power_anchor,162,7,7,3,131,162,153124,3590292207490624,153124,61,prime_block_le_61,7,5201836549,22.3722775827,2187,7.69028602068,0,0,1,153124,2.74298823236,7.69028602068,1.00043852138,0.999925260283,1.001147944,constructed_exact_power_root,0.624627169872,0.333333333333,0.291293836539,C_from_near_power_row_as_positive_control,positive_control_survivor
rank163_Q61_actual_near_miss,actual_near_miss,163,6,7,3,217,184,193498,7244850723821992,193498,61,prime_block_le_61,7,5201836549,22.3722775827,81,4.39444915467,3,7,0,,5.80480597253,4.39444915467,0.999768779312,0.999433241343,1.00006603571,none_visible,0.612619083565,0.333333333333,0.279285750232,existing_near_power_csv,local_obstruction_before_drift
rank163_Q61_random_root_sets,random_root_sets,163,6,7,3,217,184,193498,7244850723821992,193498,61,prime_block_le_61,7,5201836549,22.3722775827,81,4.39444915467,3,7,0,,5.80480597253,4.39444915467,1.00030835805,1.0001096767,1.00046569531,none_visible,0.612619083565,0.333333333333,0.279285750232,deterministic_seeded_random_sets_same_cardinality,local_obstruction_before_drift
rank163_Q61_exact_power_anchor,exact_power_anchor,163,6,7,3,217,184,193498,7244850723821992,193498,61,prime_block_le_61,7,5201836549,22.3722775827,2187,7.69028602068,0,0,1,193498,2.50896910652,7.69028602068,0.999845916677,0.99860291407,1.00112432974,constructed_exact_power_root,0.612619083565,0.333333333333,0.279285750232,C_from_near_power_row_as_positive_control,positive_control_survivor
rank164_Q61_actual_near_miss,actual_near_miss,164,7,7,3,185,199,270421,19775216339828461,270421,61,prime_block_le_61,7,5201836549,22.3722775827,81,4.39444915467,3,13,0,,5.47009314515,4.39444915467,1.00003875987,0.999936313296,1.00018119895,none_visible,0.596225111281,0.333333333333,0.262891777948,existing_near_power_csv,local_obstruction_before_drift
rank164_Q61_random_root_sets,random_root_sets,164,7,7,3,185,199,270421,19775216339828461,270421,61,prime_block_le_61,7,5201836549,22.3722775827,81,4.39444915467,3,13,0,,5.47009314515,4.39444915467,0.999997123826,0.999709917335,1.00018119895,none_visible,0.596225111281,0.333333333333,0.262891777948,deterministic_seeded_random_sets_same_cardinality,local_obstruction_before_drift
rank164_Q61_exact_power_anchor,exact_power_anchor,164,7,7,3,185,199,270421,19775216339828461,270421,61,prime_block_le_61,7,5201836549,22.3722775827,2187,7.69028602068,0,0,1,270421,2.17425627915,7.69028602068,1.0000553321,0.999959733568,1.00018119895,constructed_exact_power_root,0.596225111281,0.333333333333,0.262891777948,C_from_near_power_row_as_positive_control,positive_control_survivor
rank165_Q61_actual_near_miss,actual_near_miss,165,7,7,3,81,199,231344,12381541599555584,231344,61,prime_block_le_61,7,5201836549,22.3722775827,9,2.19722457734,4,13,0,,7.82339194608,2.19722457734,1.00007300336,1.00000912542,1.0001368813,none_visible,0.60375894587,0.333333333333,0.270425612537,existing_near_power_csv,local_obstruction_before_drift
rank165_Q61_random_root_sets,random_root_sets,165,7,7,3,81,199,231344,12381541599555584,231344,61,prime_block_le_61,7,5201836549,22.3722775827,9,2.19722457734,4,13,0,,7.82339194608,2.19722457734,1.00011863046,0.999945247481,1.00029201343,none_visible,0.60375894587,0.333333333333,0.270425612537,deterministic_seeded_random_sets_same_cardinality,local_obstruction_before_drift
rank165_Q61_exact_power_anchor,exact_power_anchor,165,7,7,3,81,199,231344,12381541599555584,231344,61,prime_block_le_61,7,5201836549,22.3722775827,729,6.59167373201,0,0,1,231344,3.4289427914,6.59167373201,1.00050534013,0.999726237407,1.00177945686,constructed_exact_power_root,0.60375894587,0.333333333333,0.270425612537,C_from_near_power_row_as_positive_control,positive_control_survivor
rank166_Q61_actual_near_miss,actual_near_miss,166,6,7,3,221,161,142940,2920527724184000,142940,61,prime_block_le_61,7,5201836549,22.3722775827,9,2.19722457734,4,19,0,,8.30487276457,2.19722457734,0.999959967663,0.999843757287,1.00007617804,none_visible,0.628248746828,0.333333333333,0.294915413495,existing_near_power_csv,local_obstruction_before_drift
rank166_Q61_random_root_sets,random_root_sets,166,6,7,3,221,161,142940,2920527724184000,142940,61,prime_block_le_61,7,5201836549,22.3722775827,9,2.19722457734,4,19,0,,8.30487276457,2.19722457734,1.00057638792,1.00000544129,1.00114733455,none_visible,0.628248746828,0.333333333333,0.294915413495,deterministic_seeded_random_sets_same_cardinality,local_obstruction_before_drift
rank166_Q61_exact_power_anchor,exact_power_anchor,166,6,7,3,221,161,142940,2920527724184000,142940,61,prime_block_le_61,7,5201836549,22.3722775827,729,6.59167373201,0,0,1,142940,3.9104236099,6.59167373201,0.998649783126,0.992958195358,1.00031870404,constructed_exact_power_root,0.628248746828,0.333333333333,0.294915413495,C_from_near_power_row_as_positive_control,positive_control_survivor
rank167_Q61_actual_near_miss,actual_near_miss,167,6,7,4,127,91,2734,55871977259536,2734,61,prime_block_le_61,17,58644190679703485491635,52.4257754724,1024,6.9314718056,8,3,0,,37.5807826495,6.9314718056,1.00110300841,0.904352596928,1.10881492319,none_visible,1.65620889102,0.25,1.40620889102,existing_near_power_csv,local_obstruction_before_drift
rank167_Q61_random_root_sets,random_root_sets,167,6,7,4,127,91,2734,55871977259536,2734,61,prime_block_le_61,17,58644190679703485491635,52.4257754724,1024,6.9314718056,8,3,0,,37.5807826495,6.9314718056,0.994442094916,0.924012435991,1.08522311631,none_visible,1.65620889102,0.25,1.40620889102,deterministic_seeded_random_sets_same_cardinality,local_obstruction_before_drift
rank167_Q61_exact_power_anchor,exact_power_anchor,167,6,7,4,127,91,2734,55871977259536,2734,61,prime_block_le_61,17,58644190679703485491635,52.4257754724,33554432,17.328679514,0,0,1,2734,27.1835749411,17.328679514,1.04160999223,0.924012435991,1.31638624726,constructed_exact_power_root,1.65620889102,0.25,1.40620889102,C_from_near_power_row_as_positive_control,positive_control_survivor
rank168_Q61_actual_near_miss,actual_near_miss,168,7,7,3,193,250,414101,71009889658672301,414101,61,prime_block_le_61,7,5201836549,22.3722775827,81,4.39444915467,3,7,0,,5.0439632436,4.39444915467,0.999545557279,0.99869275048,1.0000426627,none_visible,0.576581381866,0.333333333333,0.243248048533,existing_near_power_csv,local_obstruction_before_drift
rank168_Q61_random_root_sets,random_root_sets,168,7,7,3,193,250,414101,71009889658672301,414101,61,prime_block_le_61,7,5201836549,22.3722775827,81,4.39444915467,3,7,0,,5.0439632436,4.39444915467,1.00005080171,1.00000939116,1.00010035126,none_visible,0.576581381866,0.333333333333,0.243248048533,deterministic_seeded_random_sets_same_cardinality,local_obstruction_before_drift
rank168_Q61_exact_power_anchor,exact_power_anchor,168,7,7,3,193,250,414101,71009889658672301,414101,61,prime_block_le_61,7,5201836549,22.3722775827,2187,7.69028602068,0,0,1,414101,1.7481263776,7.69028602068,1.00016689434,1.0000198556,1.00039201386,constructed_exact_power_root,0.576581381866,0.333333333333,0.243248048533,C_from_near_power_row_as_positive_control,positive_control_survivor
rank169_Q61_actual_near_miss,actual_near_miss,169,7,7,3,229,237,421762,75024367721822728,421762,61,prime_block_le_61,7,5201836549,22.3722775827,9,2.19722457734,5,7,0,,7.22285655246,2.19722457734,1.00008193141,1.00008193141,1.00008193141,none_visible,0.575765345131,0.333333333333,0.242432011797,existing_near_power_csv,local_obstruction_before_drift
rank169_Q61_random_root_sets,random_root_sets,169,7,7,3,229,237,421762,75024367721822728,421762,61,prime_block_le_61,7,5201836549,22.3722775827,9,2.19722457734,5,7,0,,7.22285655246,2.19722457734,0.999934665628,0.999934665628,0.999934665628,none_visible,0.575765345131,0.333333333333,0.242432011797,deterministic_seeded_random_sets_same_cardinality,local_obstruction_before_drift
rank169_Q61_exact_power_anchor,exact_power_anchor,169,7,7,3,229,237,421762,75024367721822728,421762,61,prime_block_le_61,7,5201836549,22.3722775827,729,6.59167373201,0,0,1,421762,2.82840739779,6.59167373201,1.00012447779,0.999879869057,1.00048974435,constructed_exact_power_root,0.575765345131,0.333333333333,0.242432011797,C_from_near_power_row_as_positive_control,positive_control_survivor
rank170_Q61_actual_near_miss,actual_near_miss,170,4,5,3,194,235,8955,718119583875,8955,61,prime_block_le_61,7,5201836549,22.3722775827,27,3.295836866,3,7,0,,9.97647340218,3.295836866,1.00660504167,1.00121595632,1.01044729822,none_visible,0.819500290843,0.333333333333,0.48616695751,existing_near_power_csv,local_obstruction_before_drift
rank170_Q61_random_root_sets,random_root_sets,170,4,5,3,194,235,8955,718119583875,8955,61,prime_block_le_61,7,5201836549,22.3722775827,27,3.295836866,3,7,0,,9.97647340218,3.295836866,1.00904109022,1.00815187046,1.01044729822,none_visible,0.819500290843,0.333333333333,0.48616695751,deterministic_seeded_random_sets_same_cardinality,local_obstruction_before_drift
rank170_Q61_exact_power_anchor,exact_power_anchor,170,4,5,3,194,235,8955,718119583875,8955,61,prime_block_le_61,7,5201836549,22.3722775827,2187,7.69028602068,0,0,1,8955,5.58202424751,7.69028602068,0.998860557934,0.943817854706,1.04625597121,constructed_exact_power_root,0.819500290843,0.333333333333,0.48616695751,C_from_near_power_row_as_positive_control,positive_control_survivor
rank171_Q61_actual_near_miss,actual_near_miss,171,7,7,3,87,218,286175,23436625181609375,286175,61,prime_block_le_61,7,5201836549,22.3722775827,1,0,6,7,0,,9.80791879189,0,,,,none_visible,0.593538117231,0.333333333333,0.260204783897,existing_near_power_csv,local_obstruction_before_drift
rank171_Q61_random_root_sets,random_root_sets,171,7,7,3,87,218,286175,23436625181609375,286175,61,prime_block_le_61,7,5201836549,22.3722775827,1,0,6,7,0,,9.80791879189,0,,,,none_visible,0.593538117231,0.333333333333,0.260204783897,deterministic_seeded_random_sets_same_cardinality,local_obstruction_before_drift
rank171_Q61_exact_power_anchor,exact_power_anchor,171,7,7,3,87,218,286175,23436625181609375,286175,61,prime_block_le_61,7,5201836549,22.3722775827,2187,7.69028602068,0,0,1,286175,2.11763277122,7.69028602068,1.0004444315,0.999480892616,1.00200926007,constructed_exact_power_root,0.593538117231,0.333333333333,0.260204783897,C_from_near_power_row_as_positive_control,positive_control_survivor
rank172_Q61_actual_near_miss,actual_near_miss,172,7,7,3,157,199,245021,14709906899144261,245021,61,prime_block_le_61,7,5201836549,22.3722775827,27,3.295836866,4,31,0,,6.66734151654,3.295836866,1.00000929626,1.00000634866,1.00001224385,none_visible,0.60096431986,0.333333333333,0.267630986527,existing_near_power_csv,local_obstruction_before_drift
rank172_Q61_random_root_sets,random_root_sets,172,7,7,3,157,199,245021,14709906899144261,245021,61,prime_block_le_61,7,5201836549,22.3722775827,27,3.295836866,4,31,0,,6.66734151654,3.295836866,0.999968029951,0.999923816054,1.00001224385,none_visible,0.60096431986,0.333333333333,0.267630986527,deterministic_seeded_random_sets_same_cardinality,local_obstruction_before_drift
rank172_Q61_exact_power_anchor,exact_power_anchor,172,7,7,3,157,199,245021,14709906899144261,245021,61,prime_block_le_61,7,5201836549,22.3722775827,729,6.59167373201,0,0,1,245021,3.37150465053,6.59167373201,1.0001143515,0.999702973305,1.00069291113,constructed_exact_power_root,0.60096431986,0.333333333333,0.267630986527,C_from_near_power_row_as_positive_control,positive_control_survivor
rank173_Q61_actual_near_miss,actual_near_miss,173,5,5,3,79,219,7973,506833476317,7973,61,prime_block_le_61,7,5201836549,22.3722775827,243,5.49306144334,2,37,0,,7.89540002684,5.49306144334,1.0005225971,0.998230137826,1.00313558259,none_visible,0.830095559338,0.333333333333,0.496762226004,existing_near_power_csv,local_obstruction_before_drift
rank173_Q61_random_root_sets,random_root_sets,173,5,5,3,79,219,7973,506833476317,7973,61,prime_block_le_61,7,5201836549,22.3722775827,243,5.49306144334,2,37,0,,7.89540002684,5.49306144334,0.996404531962,0.976782752902,1.0051144836,none_visible,0.830095559338,0.333333333333,0.496762226004,deterministic_seeded_random_sets_same_cardinality,local_obstruction_before_drift
rank173_Q61_exact_power_anchor,exact_power_anchor,173,5,5,3,79,219,7973,506833476317,7973,61,prime_block_le_61,7,5201836549,22.3722775827,729,6.59167373201,0,0,1,7973,6.79678773817,6.59167373201,1.00635478072,0.99103920175,1.02350990147,constructed_exact_power_root,0.830095559338,0.333333333333,0.496762226004,C_from_near_power_row_as_positive_control,positive_control_survivor
rank174_Q61_actual_near_miss,actual_near_miss,174,7,7,3,111,217,283831,22865435737145191,283831,61,prime_block_le_61,7,5201836549,22.3722775827,27,3.295836866,4,13,0,,6.52030644708,3.295836866,1.0000254455,0.999924446433,1.00012644457,none_visible,0.593926896668,0.333333333333,0.260593563335,existing_near_power_csv,local_obstruction_before_drift
rank174_Q61_random_root_sets,random_root_sets,174,7,7,3,111,217,283831,22865435737145191,283831,61,prime_block_le_61,7,5201836549,22.3722775827,27,3.295836866,4,13,0,,6.52030644708,3.295836866,0.999570949693,0.999099620705,1.00004227868,none_visible,0.593926896668,0.333333333333,0.260593563335,deterministic_seeded_random_sets_same_cardinality,local_obstruction_before_drift
rank174_Q61_exact_power_anchor,exact_power_anchor,174,7,7,3,111,217,283831,22865435737145191,283831,61,prime_block_le_61,7,5201836549,22.3722775827,2187,7.69028602068,0,0,1,283831,2.12585729241,7.69028602068,1.00017518249,0.999507923142,1.00115326844,constructed_exact_power_root,0.593926896668,0.333333333333,0.260593563335,C_from_near_power_row_as_positive_control,positive_control_survivor
rank175_Q61_actual_near_miss,actual_near_miss,175,6,7,3,120,157,133030,2354229369127000,133030,61,prime_block_le_61,7,5201836549,22.3722775827,81,4.39444915467,3,7,0,,6.17949848233,4.39444915467,0.999827941901,0.999207363418,1.00062893082,none_visible,0.632074699998,0.333333333333,0.298741366665,existing_near_power_csv,local_obstruction_before_drift
rank175_Q61_random_root_sets,random_root_sets,175,6,7,3,120,157,133030,2354229369127000,133030,61,prime_block_le_61,7,5201836549,22.3722775827,81,4.39444915467,3,7,0,,6.17949848233,4.39444915467,1.00147613599,0.999647531467,1.00461550026,none_visible,0.632074699998,0.333333333333,0.298741366665,deterministic_seeded_random_sets_same_cardinality,local_obstruction_before_drift
rank175_Q61_exact_power_anchor,exact_power_anchor,175,6,7,3,120,157,133030,2354229369127000,133030,61,prime_block_le_61,7,5201836549,22.3722775827,2187,7.69028602068,0,0,1,133030,2.88366161632,7.69028602068,0.999286292983,0.996821936572,1.00063143652,constructed_exact_power_root,0.632074699998,0.333333333333,0.298741366665,C_from_near_power_row_as_positive_control,positive_control_survivor
rank176_Q61_actual_near_miss,actual_near_miss,176,5,5,3,107,211,7561,432252699481,7561,61,prime_block_le_61,7,5201836549,22.3722775827,3,1.09861228867,6,7,0,,12.3429065585,1.09861228867,,,,none_visible,0.835027132824,0.333333333333,0.50169379949,existing_near_power_csv,local_obstruction_before_drift
rank176_Q61_random_root_sets,random_root_sets,176,5,5,3,107,211,7561,432252699481,7561,61,prime_block_le_61,7,5201836549,22.3722775827,3,1.09861228867,6,7,0,,12.3429065585,1.09861228867,,,,none_visible,0.835027132824,0.333333333333,0.50169379949,deterministic_seeded_random_sets_same_cardinality,local_obstruction_before_drift
rank176_Q61_exact_power_anchor,exact_power_anchor,176,5,5,3,107,211,7561,432252699481,7561,61,prime_block_le_61,7,5201836549,22.3722775827,2187,7.69028602068,0,0,1,7561,5.75123282644,7.69028602068,0.999463621802,0.963643844876,1.04504107334,constructed_exact_power_root,0.835027132824,0.333333333333,0.50169379949,C_from_near_power_row_as_positive_control,positive_control_survivor
rank177_Q61_actual_near_miss,actual_near_miss,177,5,6,3,195,226,51112,133526856636928,51112,61,prime_block_le_61,7,5201836549,22.3722775827,27,3.295836866,3,19,0,,8.23466613439,3.295836866,1.00044854292,0.998721761361,1.00263038904,none_visible,0.687841810794,0.333333333333,0.35450847746,existing_near_power_csv,local_obstruction_before_drift
rank177_Q61_random_root_sets,random_root_sets,177,5,6,3,195,226,51112,133526856636928,51112,61,prime_block_le_61,7,5201836549,22.3722775827,27,3.295836866,3,19,0,,8.23466613439,3.295836866,1.00123041338,1.0004739048,1.00263038904,none_visible,0.687841810794,0.333333333333,0.35450847746,deterministic_seeded_random_sets_same_cardinality,local_obstruction_before_drift
rank177_Q61_exact_power_anchor,exact_power_anchor,177,5,6,3,195,226,51112,133526856636928,51112,61,prime_block_le_61,7,5201836549,22.3722775827,2187,7.69028602068,0,0,1,51112,3.84021697972,7.69028602068,1.00116918256,0.997863080642,1.00646293108,constructed_exact_power_root,0.687841810794,0.333333333333,0.35450847746,C_from_near_power_row_as_positive_control,positive_control_survivor
rank178_Q61_actual_near_miss,actual_near_miss,178,7,6,3,43,178,31774,32078619752824,31774,61,prime_block_le_61,7,5201836549,22.3722775827,81,4.39444915467,3,7,0,,7.61142480373,4.39444915467,0.998832028982,0.997538168873,0.999793681766,none_visible,0.719384092225,0.333333333333,0.386050758892,existing_near_power_csv,local_obstruction_before_drift
rank178_Q61_random_root_sets,random_root_sets,178,7,6,3,43,178,31774,32078619752824,31774,61,prime_block_le_61,7,5201836549,22.3722775827,81,4.39444915467,3,7,0,,7.61142480373,4.39444915467,1.00085557957,0.999793681766,1.00219956219,none_visible,0.719384092225,0.333333333333,0.386050758892,deterministic_seeded_random_sets_same_cardinality,local_obstruction_before_drift
rank178_Q61_exact_power_anchor,exact_power_anchor,178,7,6,3,43,178,31774,32078619752824,31774,61,prime_block_le_61,7,5201836549,22.3722775827,2187,7.69028602068,0,0,1,31774,4.31558793772,7.69028602068,1.00156254007,0.999793681766,1.006752551,constructed_exact_power_root,0.719384092225,0.333333333333,0.386050758892,C_from_near_power_row_as_positive_control,positive_control_survivor
rank179_Q61_actual_near_miss,actual_near_miss,179,6,6,3,101,187,35256,43822698057216,35256,61,prime_block_le_61,7,5201836549,22.3722775827,27,3.295836866,3,7,0,,8.60604971015,3.295836866,0.997958844935,0.996454504198,1.00024897259,none_visible,0.712239481434,0.333333333333,0.3789061481,existing_near_power_csv,local_obstruction_before_drift
rank179_Q61_random_root_sets,random_root_sets,179,6,6,3,101,187,35256,43822698057216,35256,61,prime_block_le_61,7,5201836549,22.3722775827,27,3.295836866,3,7,0,,8.60604971015,3.295836866,0.998556589265,0.991982452159,1.00417895772,none_visible,0.712239481434,0.333333333333,0.3789061481,deterministic_seeded_random_sets_same_cardinality,local_obstruction_before_drift
rank179_Q61_exact_power_anchor,exact_power_anchor,179,6,6,3,101,187,35256,43822698057216,35256,61,prime_block_le_61,7,5201836549,22.3722775827,729,6.59167373201,0,0,1,35256,5.31021284415,6.59167373201,1.00331333148,0.997809671482,1.01678201346,constructed_exact_power_root,0.712239481434,0.333333333333,0.3789061481,C_from_near_power_row_as_positive_control,positive_control_survivor
rank180_Q61_actual_near_miss,actual_near_miss,180,6,7,3,212,151,123436,1880725960305856,123436,61,prime_block_le_61,7,5201836549,22.3722775827,3,1.09861228867,6,7,0,,9.55018721191,1.09861228867,,,,none_visible,0.636110359798,0.333333333333,0.302777026465,existing_near_power_csv,local_obstruction_before_drift
rank180_Q61_random_root_sets,random_root_sets,180,6,7,3,212,151,123436,1880725960305856,123436,61,prime_block_le_61,7,5201836549,22.3722775827,3,1.09861228867,6,7,0,,9.55018721191,1.09861228867,,,,none_visible,0.636110359798,0.333333333333,0.302777026465,deterministic_seeded_random_sets_same_cardinality,local_obstruction_before_drift
rank180_Q61_exact_power_anchor,exact_power_anchor,180,6,7,3,212,151,123436,1880725960305856,123436,61,prime_block_le_61,7,5201836549,22.3722775827,2187,7.69028602068,0,0,1,123436,2.9585134799,7.69028602068,1.00056619535,0.998202397284,1.00582758136,constructed_exact_power_root,0.636110359798,0.333333333333,0.302777026465,C_from_near_power_row_as_positive_control,positive_control_survivor
rank181_Q61_actual_near_miss,actual_near_miss,181,6,7,3,152,165,149508,3341898809704512,149508,61,prime_block_le_61,7,5201836549,22.3722775827,1,0,7,7,0,,10.4571724006,0,,,,none_visible,0.625879985693,0.333333333333,0.29254665236,existing_near_power_csv,local_obstruction_before_drift
rank181_Q61_random_root_sets,random_root_sets,181,6,7,3,152,165,149508,3341898809704512,149508,61,prime_block_le_61,7,5201836549,22.3722775827,1,0,7,7,0,,10.4571724006,0,,,,none_visible,0.625879985693,0.333333333333,0.29254665236,deterministic_seeded_random_sets_same_cardinality,local_obstruction_before_drift
rank181_Q61_exact_power_anchor,exact_power_anchor,181,6,7,3,152,165,149508,3341898809704512,149508,61,prime_block_le_61,7,5201836549,22.3722775827,2187,7.69028602068,0,0,2,128122 149508,2.76688637992,6.99713884012,1.00027386123,0.999878861926,1.00074763744,constructed_exact_power_root,0.625879985693,0.333333333333,0.29254665236,C_from_near_power_row_as_positive_control,positive_control_survivor
rank182_Q61_actual_near_miss,actual_near_miss,182,7,7,3,203,227,356385,45264554441366625,356385,61,prime_block_le_61,7,5201836549,22.3722775827,27,3.295836866,3,7,0,,6.29267383052,3.295836866,0.999995115561,0.99985876697,1.00012938567,none_visible,0.583351208396,0.333333333333,0.250017875063,existing_near_power_csv,local_obstruction_before_drift
rank182_Q61_random_root_sets,random_root_sets,182,7,7,3,203,227,356385,45264554441366625,356385,61,prime_block_le_61,7,5201836549,22.3722775827,27,3.295836866,3,7,0,,6.29267383052,3.295836866,0.999995115561,0.99985876697,1.00012938567,none_visible,0.583351208396,0.333333333333,0.250017875063,deterministic_seeded_random_sets_same_cardinality,local_obstruction_before_drift
rank182_Q61_exact_power_anchor,exact_power_anchor,182,7,7,3,203,227,356385,45264554441366625,356385,61,prime_block_le_61,7,5201836549,22.3722775827,2187,7.69028602068,0,0,1,356385,1.89822467585,7.69028602068,1.0000201613,0.999143560413,1.0004932244,constructed_exact_power_root,0.583351208396,0.333333333333,0.250017875063,C_from_near_power_row_as_positive_control,positive_control_survivor
rank183_Q61_actual_near_miss,actual_near_miss,183,6,7,3,106,135,93547,818633651978323,93547,61,prime_block_le_61,7,5201836549,22.3722775827,9,2.19722457734,5,7,0,,8.72883374257,2.19722457734,0.999491639972,0.999491639972,0.999491639972,none_visible,0.651518697108,0.333333333333,0.318185363774,existing_near_power_csv,local_obstruction_before_drift
rank183_Q61_random_root_sets,random_root_sets,183,6,7,3,106,135,93547,818633651978323,93547,61,prime_block_le_61,7,5201836549,22.3722775827,9,2.19722457734,5,7,0,,8.72883374257,2.19722457734,0.997245591343,0.997245591343,0.997245591343,none_visible,0.651518697108,0.333333333333,0.318185363774,deterministic_seeded_random_sets_same_cardinality,local_obstruction_before_drift
rank183_Q61_exact_power_anchor,exact_power_anchor,183,6,7,3,106,135,93547,818633651978323,93547,61,prime_block_le_61,7,5201836549,22.3722775827,2187,7.69028602068,0,0,1,93547,3.23577229923,7.69028602068,1.00010274099,0.996955778616,1.00344212,constructed_exact_power_root,0.651518697108,0.333333333333,0.318185363774,C_from_near_power_row_as_positive_control,positive_control_survivor
rank184_Q61_actual_near_miss,actual_near_miss,184,6,7,3,169,203,242323,14229312292552267,242323,61,prime_block_le_61,7,5201836549,22.3722775827,81,4.39444915467,3,19,0,,5.57980160206,4.39444915467,1.00020159808,0.999755147744,1.00089183078,none_visible,0.60150102638,0.333333333333,0.268167693047,existing_near_power_csv,local_obstruction_before_drift
rank184_Q61_random_root_sets,random_root_sets,184,6,7,3,169,203,242323,14229312292552267,242323,61,prime_block_le_61,7,5201836549,22.3722775827,81,4.39444915467,3,19,0,,5.57980160206,4.39444915467,1.0001193693,0.999999541475,1.00019624862,none_visible,0.60150102638,0.333333333333,0.268167693047,deterministic_seeded_random_sets_same_cardinality,local_obstruction_before_drift
rank184_Q61_exact_power_anchor,exact_power_anchor,184,6,7,3,169,203,242323,14229312292552267,242323,61,prime_block_le_61,7,5201836549,22.3722775827,2187,7.69028602068,0,0,1,242323,2.28396473605,7.69028602068,0.999718389337,0.999263150607,1.00007336397,constructed_exact_power_root,0.60150102638,0.333333333333,0.268167693047,C_from_near_power_row_as_positive_control,positive_control_survivor
rank185_Q61_actual_near_miss,actual_near_miss,185,7,7,3,109,153,128975,2145441166859375,128975,61,prime_block_le_61,7,5201836549,22.3722775827,81,4.39444915467,3,7,0,,6.21045456189,4.39444915467,0.999115533444,0.997472378368,0.999990523573,none_visible,0.633737480065,0.333333333333,0.300404146732,existing_near_power_csv,local_obstruction_before_drift
rank185_Q61_random_root_sets,random_root_sets,185,7,7,3,109,153,128975,2145441166859375,128975,61,prime_block_le_61,7,5201836549,22.3722775827,81,4.39444915467,3,7,0,,6.21045456189,4.39444915467,1.00009304129,0.999416768969,1.0009786565,none_visible,0.633737480065,0.333333333333,0.300404146732,deterministic_seeded_random_sets_same_cardinality,local_obstruction_before_drift
rank185_Q61_exact_power_anchor,exact_power_anchor,185,7,7,3,109,153,128975,2145441166859375,128975,61,prime_block_le_61,7,5201836549,22.3722775827,729,6.59167373201,0,0,1,128975,4.01322998456,6.59167373201,1.00140753663,1.00001809136,1.00330555017,constructed_exact_power_root,0.633737480065,0.333333333333,0.300404146732,C_from_near_power_row_as_positive_control,positive_control_survivor
rank186_Q61_actual_near_miss,actual_near_miss,186,7,7,3,130,131,108846,1289547729479736,108846,61,prime_block_le_61,7,5201836549,22.3722775827,9,2.19722457734,4,7,0,,8.57736368717,2.19722457734,1.00106572589,0.998036981913,1.00409446986,none_visible,0.643009625134,0.333333333333,0.3096762918,existing_near_power_csv,local_obstruction_before_drift
rank186_Q61_random_root_sets,random_root_sets,186,7,7,3,130,131,108846,1289547729479736,108846,61,prime_block_le_61,7,5201836549,22.3722775827,9,2.19722457734,4,7,0,,8.57736368717,2.19722457734,0.997905297393,0.996061714104,0.999748880682,none_visible,0.643009625134,0.333333333333,0.3096762918,deterministic_seeded_random_sets_same_cardinality,local_obstruction_before_drift
rank186_Q61_exact_power_anchor,exact_power_anchor,186,7,7,3,130,131,108846,1289547729479736,108846,61,prime_block_le_61,7,5201836549,22.3722775827,2187,7.69028602068,0,0,1,108846,3.08430224383,7.69028602068,1.00006584226,0.998827089037,1.00141688461,constructed_exact_power_root,0.643009625134,0.333333333333,0.3096762918,C_from_near_power_row_as_positive_control,positive_control_survivor
rank187_Q61_actual_near_miss,actual_near_miss,187,6,6,3,65,152,23151,12408213711951,23151,61,prime_block_le_61,7,5201836549,22.3722775827,729,6.59167373201,1,7,0,,5.73081059555,6.59167373201,0.998487226374,0.99451907525,1.00070551308,none_visible,0.742047689099,0.333333333333,0.408714355766,existing_near_power_csv,local_obstruction_before_drift
rank187_Q61_random_root_sets,random_root_sets,187,6,6,3,65,152,23151,12408213711951,23151,61,prime_block_le_61,7,5201836549,22.3722775827,729,6.59167373201,1,7,0,,5.73081059555,6.59167373201,1.00031292145,0.99451907525,1.0079334226,none_visible,0.742047689099,0.333333333333,0.408714355766,deterministic_seeded_random_sets_same_cardinality,local_obstruction_before_drift
rank187_Q61_exact_power_anchor,exact_power_anchor,187,6,6,3,65,152,23151,12408213711951,23151,61,prime_block_le_61,7,5201836549,22.3722775827,2187,7.69028602068,0,0,1,23151,4.63219830688,7.69028602068,1.00493139245,0.99451907525,1.01556928186,constructed_exact_power_root,0.742047689099,0.333333333333,0.408714355766,C_from_near_power_row_as_positive_control,positive_control_survivor
rank188_Q61_actual_near_miss,actual_near_miss,188,7,7,3,59,130,85725,629973790453125,85725,61,prime_block_le_61,7,5201836549,22.3722775827,81,4.39444915467,2,13,0,,6.61892865068,4.39444915467,1.00034833609,0.998655908752,1.00292926347,none_visible,0.656527129131,0.333333333333,0.323193795797,existing_near_power_csv,local_obstruction_before_drift
rank188_Q61_random_root_sets,random_root_sets,188,7,7,3,59,130,85725,629973790453125,85725,61,prime_block_le_61,7,5201836549,22.3722775827,81,4.39444915467,2,13,0,,6.61892865068,4.39444915467,0.999619584589,0.996129743041,1.00220472441,none_visible,0.656527129131,0.333333333333,0.323193795797,deterministic_seeded_random_sets_same_cardinality,local_obstruction_before_drift
rank188_Q61_exact_power_anchor,exact_power_anchor,188,7,7,3,59,130,85725,629973790453125,85725,61,prime_block_le_61,7,5201836549,22.3722775827,2187,7.69028602068,0,0,1,85725,3.32309178467,7.69028602068,1.00008316862,0.999529503257,1.00052623052,constructed_exact_power_root,0.656527129131,0.333333333333,0.323193795797,C_from_near_power_row_as_positive_control,positive_control_survivor
rank189_Q61_actual_near_miss,actual_near_miss,189,7,7,3,147,197,235123,12998263692805867,235123,61,prime_block_le_61,7,5201836549,22.3722775827,9,2.19722457734,4,13,0,,7.80718894489,2.19722457734,1.00077666205,1.00008600699,1.00146731711,none_visible,0.602967967989,0.333333333333,0.269634634655,existing_near_power_csv,local_obstruction_before_drift
rank189_Q61_random_root_sets,random_root_sets,189,7,7,3,147,197,235123,12998263692805867,235123,61,prime_block_le_61,7,5201836549,22.3722775827,9,2.19722457734,4,13,0,,7.80718894489,2.19722457734,1.00077666205,1.00008600699,1.00146731711,none_visible,0.602967967989,0.333333333333,0.269634634655,deterministic_seeded_random_sets_same_cardinality,local_obstruction_before_drift
rank189_Q61_exact_power_anchor,exact_power_anchor,189,7,7,3,147,197,235123,12998263692805867,235123,61,prime_block_le_61,7,5201836549,22.3722775827,729,6.59167373201,0,0,1,235123,3.41273979022,6.59167373201,0.999994329209,0.999069517751,1.00071546477,constructed_exact_power_root,0.602967967989,0.333333333333,0.269634634655,C_from_near_power_row_as_positive_control,positive_control_survivor
rank190_Q61_actual_near_miss,actual_near_miss,190,6,6,3,230,247,72120,375117352128000,72120,61,prime_block_le_61,7,5201836549,22.3722775827,9,2.19722457734,5,7,0,,8.98896632803,2.19722457734,1.00005546312,1.00005546312,1.00005546312,none_visible,0.66666977255,0.333333333333,0.333336439217,existing_near_power_csv,local_obstruction_before_drift
rank190_Q61_random_root_sets,random_root_sets,190,6,6,3,230,247,72120,375117352128000,72120,61,prime_block_le_61,7,5201836549,22.3722775827,9,2.19722457734,5,7,0,,8.98896632803,2.19722457734,1.00005546312,1.00005546312,1.00005546312,none_visible,0.66666977255,0.333333333333,0.333336439217,deterministic_seeded_random_sets_same_cardinality,local_obstruction_before_drift
rank190_Q61_exact_power_anchor,exact_power_anchor,190,6,6,3,230,247,72120,375117352128000,72120,61,prime_block_le_61,7,5201836549,22.3722775827,2187,7.69028602068,0,0,1,72120,3.49590488469,7.69028602068,1.00148261129,0.999895236335,1.00623497874,constructed_exact_power_root,0.66666977255,0.333333333333,0.333336439217,C_from_near_power_row_as_positive_control,positive_control_survivor
rank191_Q61_actual_near_miss,actual_near_miss,191,6,7,3,228,161,143330,2944498264037000,143330,61,prime_block_le_61,7,5201836549,22.3722775827,9,2.19722457734,5,13,0,,8.30214806243,2.19722457734,1.00008449809,1.00008449809,1.00008449809,none_visible,0.628104570596,0.333333333333,0.294771237262,existing_near_power_csv,local_obstruction_before_drift
rank191_Q61_random_root_sets,random_root_sets,191,6,7,3,228,161,143330,2944498264037000,143330,61,prime_block_le_61,7,5201836549,22.3722775827,9,2.19722457734,5,13,0,,8.30214806243,2.19722457734,0.999883718226,0.999883718226,0.999883718226,none_visible,0.628104570596,0.333333333333,0.294771237262,deterministic_seeded_random_sets_same_cardinality,local_obstruction_before_drift
rank191_Q61_exact_power_anchor,exact_power_anchor,191,6,7,3,228,161,143330,2944498264037000,143330,61,prime_block_le_61,7,5201836549,22.3722775827,2187,7.69028602068,0,0,1,143330,2.80908661909,7.69028602068,1.000419648,0.999424792825,1.00148995713,constructed_exact_power_root,0.628104570596,0.333333333333,0.294771237262,C_from_near_power_row_as_positive_control,positive_control_survivor
rank192_Q61_actual_near_miss,actual_near_miss,192,7,7,3,79,134,92637,794974954718853,92637,61,prime_block_le_61,7,5201836549,22.3722775827,9,2.19722457734,5,7,0,,8.73860909648,2.19722457734,1.00008875743,1.00008875743,1.00008875743,none_visible,0.652075585761,0.333333333333,0.318742252428,existing_near_power_csv,local_obstruction_before_drift
rank192_Q61_random_root_sets,random_root_sets,192,7,7,3,79,134,92637,794974954718853,92637,61,prime_block_le_61,7,5201836549,22.3722775827,9,2.19722457734,5,7,0,,8.73860909648,2.19722457734,1.00008875743,1.00008875743,1.00008875743,none_visible,0.652075585761,0.333333333333,0.318742252428,deterministic_seeded_random_sets_same_cardinality,local_obstruction_before_drift
rank192_Q61_exact_power_anchor,exact_power_anchor,192,7,7,3,79,134,92637,794974954718853,92637,61,prime_block_le_61,7,5201836549,22.3722775827,2187,7.69028602068,0,0,1,92637,3.24554765314,7.69028602068,0.999840476507,0.997411641377,1.00105549379,constructed_exact_power_root,0.652075585761,0.333333333333,0.318742252428,C_from_near_power_row_as_positive_control,positive_control_survivor
rank193_Q61_actual_near_miss,actual_near_miss,193,7,7,3,196,229,353402,44137426657600808,353402,61,prime_block_le_61,7,5201836549,22.3722775827,27,3.295836866,4,7,0,,6.30107921851,3.295836866,0.999474630402,0.999434072246,0.999515188558,none_visible,0.583735016967,0.333333333333,0.250401683634,existing_near_power_csv,local_obstruction_before_drift
rank193_Q61_random_root_sets,random_root_sets,193,7,7,3,196,229,353402,44137426657600808,353402,61,prime_block_le_61,7,5201836549,22.3722775827,27,3.295836866,4,7,0,,6.30107921851,3.295836866,0.99890005653,0.99786582356,0.9999342895,none_visible,0.583735016967,0.333333333333,0.250401683634,deterministic_seeded_random_sets_same_cardinality,local_obstruction_before_drift
rank193_Q61_exact_power_anchor,exact_power_anchor,193,7,7,3,196,229,353402,44137426657600808,353402,61,prime_block_le_61,7,5201836549,22.3722775827,729,6.59167373201,0,0,1,353402,3.00524235251,6.59167373201,1.00001949307,0.998690506059,1.00093472401,constructed_exact_power_root,0.583735016967,0.333333333333,0.250401683634,C_from_near_power_row_as_positive_control,positive_control_survivor
rank194_Q61_actual_near_miss,actual_near_miss,194,6,7,3,110,119,69775,339703119859375,69775,61,prime_block_le_61,7,5201836549,22.3722775827,9,2.19722457734,5,13,0,,9.02202194694,2.19722457734,1.00008121342,1.00008121342,1.00008121342,none_visible,0.66864566429,0.333333333333,0.335312330957,existing_near_power_csv,local_obstruction_before_drift
rank194_Q61_random_root_sets,random_root_sets,194,6,7,3,110,119,69775,339703119859375,69775,61,prime_block_le_61,7,5201836549,22.3722775827,9,2.19722457734,5,13,0,,9.02202194694,2.19722457734,1.00008121342,1.00008121342,1.00008121342,none_visible,0.66864566429,0.333333333333,0.335312330957,deterministic_seeded_random_sets_same_cardinality,local_obstruction_before_drift
rank194_Q61_exact_power_anchor,exact_power_anchor,194,6,7,3,110,119,69775,339703119859375,69775,61,prime_block_le_61,7,5201836549,22.3722775827,2187,7.69028602068,0,0,1,69775,3.5289605036,7.69028602068,1.00056345131,0.998283371153,1.00328197779,constructed_exact_power_root,0.66864566429,0.333333333333,0.335312330957,C_from_near_power_row_as_positive_control,positive_control_survivor
rank195_Q61_actual_near_miss,actual_near_miss,195,6,7,3,216,247,383020,56190688799608000,383020,61,prime_block_le_61,7,5201836549,22.3722775827,27,3.295836866,2,7,0,,6.22059823055,3.295836866,1.00024055895,0.999556158947,1.00107305102,none_visible,0.580080680745,0.333333333333,0.246747347411,existing_near_power_csv,local_obstruction_before_drift
rank195_Q61_random_root_sets,random_root_sets,195,6,7,3,216,247,383020,56190688799608000,383020,61,prime_block_le_61,7,5201836549,22.3722775827,27,3.295836866,2,7,0,,6.22059823055,3.295836866,0.99987649325,0.999556158947,1.00020364472,none_visible,0.580080680745,0.333333333333,0.246747347411,deterministic_seeded_random_sets_same_cardinality,local_obstruction_before_drift
rank195_Q61_exact_power_anchor,exact_power_anchor,195,6,7,3,216,247,383020,56190688799608000,383020,61,prime_block_le_61,7,5201836549,22.3722775827,2187,7.69028602068,0,0,1,383020,1.82614907588,7.69028602068,1.00012343423,0.999688440987,1.00059904038,constructed_exact_power_root,0.580080680745,0.333333333333,0.246747347411,C_from_near_power_row_as_positive_control,positive_control_survivor
rank196_Q61_actual_near_miss,actual_near_miss,196,6,7,3,228,223,302077,27564681496130533,302077,61,prime_block_le_61,7,5201836549,22.3722775827,3,1.09861228867,4,13,0,,8.65522806327,1.09861228867,0.999214880091,0.998704524564,0.999725235619,none_visible,0.590994409571,0.333333333333,0.257661076238,existing_near_power_csv,local_obstruction_before_drift
rank196_Q61_random_root_sets,random_root_sets,196,6,7,3,228,223,302077,27564681496130533,302077,61,prime_block_le_61,7,5201836549,22.3722775827,3,1.09861228867,4,13,0,,8.65522806327,1.09861228867,0.999643578734,0.998704524564,1.0005826329,none_visible,0.590994409571,0.333333333333,0.257661076238,deterministic_seeded_random_sets_same_cardinality,local_obstruction_before_drift
rank196_Q61_exact_power_anchor,exact_power_anchor,196,6,7,3,228,223,302077,27564681496130533,302077,61,prime_block_le_61,7,5201836549,22.3722775827,2187,7.69028602068,0,0,2,133656 302077,2.06355433126,6.99713884012,1.0002224721,0.999831536698,1.00070511823,constructed_exact_power_root,0.590994409571,0.333333333333,0.257661076238,C_from_near_power_row_as_positive_control,positive_control_survivor
rank197_Q61_actual_near_miss,actual_near_miss,197,7,7,3,165,167,190856,6952123086742016,190856,61,prime_block_le_61,7,5201836549,22.3722775827,3,1.09861228867,6,7,0,,9.11439079803,1.09861228867,,,,none_visible,0.61331174515,0.333333333333,0.279978411817,existing_near_power_csv,local_obstruction_before_drift
rank197_Q61_random_root_sets,random_root_sets,197,7,7,3,165,167,190856,6952123086742016,190856,61,prime_block_le_61,7,5201836549,22.3722775827,3,1.09861228867,6,7,0,,9.11439079803,1.09861228867,,,,none_visible,0.61331174515,0.333333333333,0.279978411817,deterministic_seeded_random_sets_same_cardinality,local_obstruction_before_drift
rank197_Q61_exact_power_anchor,exact_power_anchor,197,7,7,3,165,167,190856,6952123086742016,190856,61,prime_block_le_61,7,5201836549,22.3722775827,2187,7.69028602068,0,0,1,190856,2.52271706602,7.69028602068,1.00039209317,0.999624498749,1.00173720268,constructed_exact_power_root,0.61331174515,0.333333333333,0.279978411817,C_from_near_power_row_as_positive_control,positive_control_survivor
rank198_Q61_actual_near_miss,actual_near_miss,198,6,7,3,221,245,375871,53102682256901311,375871,61,prime_block_le_61,7,5201836549,22.3722775827,27,3.295836866,4,13,0,,6.23943943828,3.295836866,0.999749914199,0.999470267429,1.00002956097,none_visible,0.580932080566,0.333333333333,0.247598747233,existing_near_power_csv,local_obstruction_before_drift
rank198_Q61_random_root_sets,random_root_sets,198,6,7,3,221,245,375871,53102682256901311,375871,61,prime_block_le_61,7,5201836549,22.3722775827,27,3.295836866,4,13,0,,6.23943943828,3.295836866,0.99970542494,0.999470267429,0.999940582452,none_visible,0.580932080566,0.333333333333,0.247598747233,deterministic_seeded_random_sets_same_cardinality,local_obstruction_before_drift
rank198_Q61_exact_power_anchor,exact_power_anchor,198,6,7,3,221,245,375871,53102682256901311,375871,61,prime_block_le_61,7,5201836549,22.3722775827,2187,7.69028602068,0,0,1,375871,1.8449902836,7.69028602068,1.0002084541,0.999419422562,1.00102103588,constructed_exact_power_root,0.580932080566,0.333333333333,0.247598747233,C_from_near_power_row_as_positive_control,positive_control_survivor
rank199_Q61_actual_near_miss,actual_near_miss,199,7,7,3,83,201,236821,13281913022415661,236821,61,prime_block_le_61,7,5201836549,22.3722775827,3,1.09861228867,6,7,0,,8.89860543352,1.09861228867,,,,none_visible,0.6026173566,0.333333333333,0.269284023266,existing_near_power_csv,local_obstruction_before_drift
rank199_Q61_random_root_sets,random_root_sets,199,7,7,3,83,201,236821,13281913022415661,236821,61,prime_block_le_61,7,5201836549,22.3722775827,3,1.09861228867,6,7,0,,8.89860543352,1.09861228867,,,,none_visible,0.6026173566,0.333333333333,0.269284023266,deterministic_seeded_random_sets_same_cardinality,local_obstruction_before_drift
rank199_Q61_exact_power_anchor,exact_power_anchor,199,7,7,3,83,201,236821,13281913022415661,236821,61,prime_block_le_61,7,5201836549,22.3722775827,729,6.59167373201,0,0,1,236821,3.40554399018,6.59167373201,1.00045041051,0.999963404146,1.00175144002,constructed_exact_power_root,0.6026173566,0.333333333333,0.269284023266,C_from_near_power_row_as_positive_control,positive_control_survivor
rank200_Q61_actual_near_miss,actual_near_miss,200,7,7,3,179,226,330197,36001398328555373,330197,61,prime_block_le_61,7,5201836549,22.3722775827,243,5.49306144334,2,19,0,,4.17177141431,5.49306144334,1.00010027684,0.999536976748,1.00091157703,none_visible,0.58685487305,0.333333333333,0.253521539717,existing_near_power_csv,local_obstruction_before_drift
rank200_Q61_random_root_sets,random_root_sets,200,7,7,3,179,226,330197,36001398328555373,330197,61,prime_block_le_61,7,5201836549,22.3722775827,243,5.49306144334,2,19,0,,4.17177141431,5.49306144334,0.999640366206,0.998263662803,1.00060771802,none_visible,0.58685487305,0.333333333333,0.253521539717,deterministic_seeded_random_sets_same_cardinality,local_obstruction_before_drift
rank200_Q61_exact_power_anchor,exact_power_anchor,200,7,7,3,179,226,330197,36001398328555373,330197,61,prime_block_le_61,7,5201836549,22.3722775827,243,5.49306144334,0,0,1,330197,4.17177141431,5.49306144334,1.0004765954,0.999711619966,1.00221382993,constructed_exact_power_root,0.58685487305,0.333333333333,0.253521539717,C_from_near_power_row_as_positive_control,positive_control_survivor
rank201_Q61_actual_near_miss,actual_near_miss,201,7,6,3,71,175,33566,37818018565496,33566,61,prime_block_le_61,7,5201836549,22.3722775827,9,2.19722457734,5,13,0,,9.75378407648,2.19722457734,0.99790793594,0.99790793594,0.99790793594,none_visible,0.715596719727,0.333333333333,0.382263386394,existing_near_power_csv,local_obstruction_before_drift
rank201_Q61_random_root_sets,random_root_sets,201,7,6,3,71,175,33566,37818018565496,33566,61,prime_block_le_61,7,5201836549,22.3722775827,9,2.19722457734,5,13,0,,9.75378407648,2.19722457734,1.0007348706,1.0007348706,1.0007348706,none_visible,0.715596719727,0.333333333333,0.382263386394,deterministic_seeded_random_sets_same_cardinality,local_obstruction_before_drift
rank201_Q61_exact_power_anchor,exact_power_anchor,201,7,6,3,71,175,33566,37818018565496,33566,61,prime_block_le_61,7,5201836549,22.3722775827,729,6.59167373201,0,0,1,33566,5.3593349218,6.59167373201,1.00305258187,0.998566671301,1.01118194999,constructed_exact_power_root,0.715596719727,0.333333333333,0.382263386394,C_from_near_power_row_as_positive_control,positive_control_survivor
rank202_Q61_actual_near_miss,actual_near_miss,202,7,6,3,53,190,36398,48220594676792,36398,61,prime_block_le_61,7,5201836549,22.3722775827,27,3.295836866,3,7,0,,8.57417160961,3.295836866,1.00002543892,0.995530889976,1.008901588,none_visible,0.710077582746,0.333333333333,0.376744249413,existing_near_power_csv,local_obstruction_before_drift
rank202_Q61_random_root_sets,random_root_sets,202,7,6,3,53,190,36398,48220594676792,36398,61,prime_block_le_61,7,5201836549,22.3722775827,27,3.295836866,3,7,0,,8.57417160961,3.295836866,0.999393536071,0.992887277079,1.00535743722,none_visible,0.710077582746,0.333333333333,0.376744249413,deterministic_seeded_random_sets_same_cardinality,local_obstruction_before_drift
rank202_Q61_exact_power_anchor,exact_power_anchor,202,7,6,3,53,190,36398,48220594676792,36398,61,prime_block_le_61,7,5201836549,22.3722775827,2187,7.69028602068,0,0,1,36398,4.17972245494,7.69028602068,1.00383211939,0.999700838263,1.008901588,constructed_exact_power_root,0.710077582746,0.333333333333,0.376744249413,C_from_near_power_row_as_positive_control,positive_control_survivor
rank203_Q61_actual_near_miss,actual_near_miss,203,5,6,3,198,139,19589,7516865833469,19589,61,prime_block_le_61,7,5201836549,22.3722775827,9,2.19722457734,5,7,0,,10.2923295422,2.19722457734,0.98575164066,0.98575164066,0.98575164066,none_visible,0.754592181869,0.333333333333,0.421258848536,existing_near_power_csv,local_obstruction_before_drift
rank203_Q61_random_root_sets,random_root_sets,203,5,6,3,198,139,19589,7516865833469,19589,61,prime_block_le_61,7,5201836549,22.3722775827,9,2.19722457734,5,7,0,,10.2923295422,2.19722457734,0.972949671301,0.972949671301,0.972949671301,none_visible,0.754592181869,0.333333333333,0.421258848536,deterministic_seeded_random_sets_same_cardinality,local_obstruction_before_drift
rank203_Q61_exact_power_anchor,exact_power_anchor,203,5,6,3,198,139,19589,7516865833469,19589,61,prime_block_le_61,7,5201836549,22.3722775827,729,6.59167373201,0,0,1,19589,5.89788038749,6.59167373201,1.00512003146,0.999807148003,1.01492334133,constructed_exact_power_root,0.754592181869,0.333333333333,0.421258848536,C_from_near_power_row_as_positive_control,positive_control_survivor
rank204_Q61_actual_near_miss,actual_near_miss,204,6,7,3,204,199,231650,12430738017125000,231650,61,prime_block_le_61,7,5201836549,22.3722775827,9,2.19722457734,5,7,0,,7.8220701145,2.19722457734,1.00003693311,1.00003693311,1.00003693311,none_visible,0.603694340613,0.333333333333,0.27036100728,existing_near_power_csv,local_obstruction_before_drift
rank204_Q61_random_root_sets,random_root_sets,204,6,7,3,204,199,231650,12430738017125000,231650,61,prime_block_le_61,7,5201836549,22.3722775827,9,2.19722457734,5,7,0,,7.8220701145,2.19722457734,0.999681511859,0.999681511859,0.999681511859,none_visible,0.603694340613,0.333333333333,0.27036100728,deterministic_seeded_random_sets_same_cardinality,local_obstruction_before_drift
rank204_Q61_exact_power_anchor,exact_power_anchor,204,6,7,3,204,199,231650,12430738017125000,231650,61,prime_block_le_61,7,5201836549,22.3722775827,2187,7.69028602068,0,0,1,231650,2.32900867116,7.69028602068,1.00024718005,0.999639782239,1.00146677219,constructed_exact_power_root,0.603694340613,0.333333333333,0.27036100728,C_from_near_power_row_as_positive_control,positive_control_survivor
rank205_Q61_actual_near_miss,actual_near_miss,205,6,7,3,207,113,67964,313932872337344,67964,61,prime_block_le_61,7,5201836549,22.3722775827,1,0,7,7,0,,11.2455441505,0,,,,none_visible,0.670225983783,0.333333333333,0.33689265045,existing_near_power_csv,local_obstruction_before_drift
rank205_Q61_random_root_sets,random_root_sets,205,6,7,3,207,113,67964,313932872337344,67964,61,prime_block_le_61,7,5201836549,22.3722775827,1,0,7,7,0,,11.2455441505,0,,,,none_visible,0.670225983783,0.333333333333,0.33689265045,deterministic_seeded_random_sets_same_cardinality,local_obstruction_before_drift
rank205_Q61_exact_power_anchor,exact_power_anchor,205,6,7,3,207,113,67964,313932872337344,67964,61,prime_block_le_61,7,5201836549,22.3722775827,729,6.59167373201,0,0,1,67964,4.65387041847,6.59167373201,1.00014359454,0.998803288015,1.00184901811,constructed_exact_power_root,0.670225983783,0.333333333333,0.33689265045,C_from_near_power_row_as_positive_control,positive_control_survivor
rank206_Q61_actual_near_miss,actual_near_miss,206,6,7,3,203,244,372197,51560676262489373,372197,61,prime_block_le_61,7,5201836549,22.3722775827,27,3.295836866,4,13,0,,6.2492621537,3.295836866,1.00041928214,0.999951937042,1.00088662724,none_visible,0.58137694305,0.333333333333,0.248043609716,existing_near_power_csv,local_obstruction_before_drift
rank206_Q61_random_root_sets,random_root_sets,206,6,7,3,203,244,372197,51560676262489373,372197,61,prime_block_le_61,7,5201836549,22.3722775827,27,3.295836866,4,13,0,,6.2492621537,3.295836866,1.00020180472,1.00008149806,1.00032211138,none_visible,0.58137694305,0.333333333333,0.248043609716,deterministic_seeded_random_sets_same_cardinality,local_obstruction_before_drift
rank206_Q61_exact_power_anchor,exact_power_anchor,206,6,7,3,203,244,372197,51560676262489373,372197,61,prime_block_le_61,7,5201836549,22.3722775827,729,6.59167373201,0,0,1,372197,2.9534252877,6.59167373201,1.00002010086,0.999785657118,1.000183296,constructed_exact_power_root,0.58137694305,0.333333333333,0.248043609716,C_from_near_power_row_as_positive_control,positive_control_survivor
rank207_Q61_actual_near_miss,actual_near_miss,207,6,7,3,221,191,210969,9389791155283209,210969,61,prime_block_le_61,7,5201836549,22.3722775827,3,1.09861228867,6,7,0,,9.01419881178,1.09861228867,,,,none_visible,0.608299380051,0.333333333333,0.274966046717,existing_near_power_csv,local_obstruction_before_drift
rank207_Q61_random_root_sets,random_root_sets,207,6,7,3,221,191,210969,9389791155283209,210969,61,prime_block_le_61,7,5201836549,22.3722775827,3,1.09861228867,6,7,0,,9.01419881178,1.09861228867,,,,none_visible,0.608299380051,0.333333333333,0.274966046717,deterministic_seeded_random_sets_same_cardinality,local_obstruction_before_drift
rank207_Q61_exact_power_anchor,exact_power_anchor,207,6,7,3,221,191,210969,9389791155283209,210969,61,prime_block_le_61,7,5201836549,22.3722775827,2187,7.69028602068,0,0,1,210969,2.42252507977,7.69028602068,1.00030915548,0.999653450928,1.00155578413,constructed_exact_power_root,0.608299380051,0.333333333333,0.274966046717,C_from_near_power_row_as_positive_control,positive_control_survivor
rank208_Q61_actual_near_miss,actual_near_miss,208,7,7,3,89,196,223446,11156237565520536,223446,61,prime_block_le_61,7,5201836549,22.3722775827,3,1.09861228867,4,7,0,,8.95674024091,1.09861228867,0.999523374775,0.998251628283,1.00079512127,none_visible,0.605461657738,0.333333333333,0.272128324405,existing_near_power_csv,local_obstruction_before_drift
rank208_Q61_random_root_sets,random_root_sets,208,7,7,3,89,196,223446,11156237565520536,223446,61,prime_block_le_61,7,5201836549,22.3722775827,3,1.09861228867,4,7,0,,8.95674024091,1.09861228867,0.999638988093,0.999037798842,1.00024017734,none_visible,0.605461657738,0.333333333333,0.272128324405,deterministic_seeded_random_sets_same_cardinality,local_obstruction_before_drift
rank208_Q61_exact_power_anchor,exact_power_anchor,208,7,7,3,89,196,223446,11156237565520536,223446,61,prime_block_le_61,7,5201836549,22.3722775827,2187,7.69028602068,0,0,1,223446,2.3650665089,7.69028602068,1.00029238981,0.999330685913,1.00171555245,constructed_exact_power_root,0.605461657738,0.333333333333,0.272128324405,C_from_near_power_row_as_positive_control,positive_control_survivor
rank209_Q61_actual_near_miss,actual_near_miss,209,6,6,3,223,248,70849,355632280170049,70849,61,prime_block_le_61,7,5201836549,22.3722775827,81,4.39444915467,2,7,0,,6.80952229731,4.39444915467,1.00052223743,0.998538362496,1.00371839327,none_visible,0.667731146839,0.333333333333,0.334397813505,existing_near_power_csv,local_obstruction_before_drift
rank209_Q61_random_root_sets,random_root_sets,209,6,6,3,223,248,70849,355632280170049,70849,61,prime_block_le_61,7,5201836549,22.3722775827,81,4.39444915467,2,7,0,,6.80952229731,4.39444915467,0.99839015998,0.997177094948,0.999604793293,none_visible,0.667731146839,0.333333333333,0.334397813505,deterministic_seeded_random_sets_same_cardinality,local_obstruction_before_drift
rank209_Q61_exact_power_anchor,exact_power_anchor,209,6,6,3,223,248,70849,355632280170049,70849,61,prime_block_le_61,7,5201836549,22.3722775827,2187,7.69028602068,0,0,1,70849,3.51368543131,7.69028602068,1.00100814304,0.999402485097,1.00371839327,constructed_exact_power_root,0.667731146839,0.333333333333,0.334397813505,C_from_near_power_row_as_positive_control,positive_control_survivor
rank210_Q61_actual_near_miss,actual_near_miss,210,7,7,3,129,226,313148,30707815807097792,313148,61,prime_block_le_61,7,5201836549,22.3722775827,81,4.39444915467,3,7,0,,5.32339722679,4.39444915467,0.999648610124,0.99919739761,0.99994571257,none_visible,0.589313398786,0.333333333333,0.255980065453,existing_near_power_csv,local_obstruction_before_drift
rank210_Q61_random_root_sets,random_root_sets,210,7,7,3,129,226,313148,30707815807097792,313148,61,prime_block_le_61,7,5201836549,22.3722775827,81,4.39444915467,3,7,0,,5.32339722679,4.39444915467,1.00028279138,0.99994571257,1.00089095252,none_visible,0.589313398786,0.333333333333,0.255980065453,deterministic_seeded_random_sets_same_cardinality,local_obstruction_before_drift
rank210_Q61_exact_power_anchor,exact_power_anchor,210,7,7,3,129,226,313148,30707815807097792,313148,61,prime_block_le_61,7,5201836549,22.3722775827,2187,7.69028602068,0,0,1,313148,2.02756036079,7.69028602068,1.00050136038,0.999761915913,1.00235564866,constructed_exact_power_root,0.589313398786,0.333333333333,0.255980065453,C_from_near_power_row_as_positive_control,positive_control_survivor
rank211_Q61_actual_near_miss,actual_near_miss,211,5,6,3,222,209,43775,83883871109375,43775,61,prime_block_le_61,7,5201836549,22.3722775827,9,2.19722457734,5,7,0,,9.48823484819,2.19722457734,0.995682467162,0.995682467162,0.995682467162,none_visible,0.697815360122,0.333333333333,0.364482026789,existing_near_power_csv,local_obstruction_before_drift
rank211_Q61_random_root_sets,random_root_sets,211,5,6,3,222,209,43775,83883871109375,43775,61,prime_block_le_61,7,5201836549,22.3722775827,9,2.19722457734,5,7,0,,9.48823484819,2.19722457734,1.00150517165,1.00150517165,1.00150517165,none_visible,0.697815360122,0.333333333333,0.364482026789,deterministic_seeded_random_sets_same_cardinality,local_obstruction_before_drift
rank211_Q61_exact_power_anchor,exact_power_anchor,211,5,6,3,222,209,43775,83883871109375,43775,61,prime_block_le_61,7,5201836549,22.3722775827,2187,7.69028602068,0,0,1,43775,3.99517340485,7.69028602068,1.00487552087,0.999974617679,1.01198299384,constructed_exact_power_root,0.697815360122,0.333333333333,0.364482026789,C_from_near_power_row_as_positive_control,positive_control_survivor
rank212_Q61_actual_near_miss,actual_near_miss,212,7,6,3,72,245,60939,226300737716019,60939,61,prime_block_le_61,7,5201836549,22.3722775827,9,2.19722457734,5,7,0,,9.15742436252,2.19722457734,1.0002479711,1.0002479711,1.0002479711,none_visible,0.676863062157,0.333333333333,0.343529728824,existing_near_power_csv,local_obstruction_before_drift
rank212_Q61_random_root_sets,random_root_sets,212,7,6,3,72,245,60939,226300737716019,60939,61,prime_block_le_61,7,5201836549,22.3722775827,9,2.19722457734,5,7,0,,9.15742436252,2.19722457734,0.999797611819,0.999797611819,0.999797611819,none_visible,0.676863062157,0.333333333333,0.343529728824,deterministic_seeded_random_sets_same_cardinality,local_obstruction_before_drift
rank212_Q61_exact_power_anchor,exact_power_anchor,212,7,6,3,72,245,60939,226300737716019,60939,61,prime_block_le_61,7,5201836549,22.3722775827,243,5.49306144334,0,0,1,60939,5.86158749652,5.49306144334,1.0016178899,0.999797611819,1.004337671,constructed_exact_power_root,0.676863062157,0.333333333333,0.343529728824,C_from_near_power_row_as_positive_control,positive_control_survivor
rank213_Q61_actual_near_miss,actual_near_miss,213,6,5,4,37,173,630,157529610000,630,61,prime_block_le_61,17,58644190679703485491635,52.4257754724,512,6.23832462504,10,5,0,,39.741731028,6.23832462504,1.04044312169,0.969841269841,1.28293650794,none_visible,2.03335612396,0.25,1.78335612396,existing_near_power_csv,local_obstruction_before_drift
rank213_Q61_random_root_sets,random_root_sets,213,6,5,4,37,173,630,157529610000,630,61,prime_block_le_61,17,58644190679703485491635,52.4257754724,512,6.23832462504,10,5,0,,39.741731028,6.23832462504,1.02190806878,0.494246031746,1.60367063492,none_visible,2.03335612396,0.25,1.78335612396,deterministic_seeded_random_sets_same_cardinality,local_obstruction_before_drift
rank213_Q61_exact_power_anchor,exact_power_anchor,213,6,5,4,37,173,630,157529610000,630,61,prime_block_le_61,17,58644190679703485491635,52.4257754724,2097152,14.5560907918,0,0,1,630,31.4239648613,14.5560907918,1.09244171627,0.620436507937,1.60396825397,constructed_exact_power_root,2.03335612396,0.25,1.78335612396,C_from_near_power_row_as_positive_control,positive_control_survivor
rank214_Q61_actual_near_miss,actual_near_miss,214,7,7,3,69,146,112439,1421513286860519,112439,61,prime_block_le_61,7,5201836549,22.3722775827,3,1.09861228867,5,7,0,,9.64349916266,1.09861228867,1.00311279894,1.00311279894,1.00311279894,none_visible,0.641214044294,0.333333333333,0.307880710961,existing_near_power_csv,local_obstruction_before_drift
rank214_Q61_random_root_sets,random_root_sets,214,7,7,3,69,146,112439,1421513286860519,112439,61,prime_block_le_61,7,5201836549,22.3722775827,3,1.09861228867,5,7,0,,9.64349916266,1.09861228867,0.995336730731,0.995336730731,0.995336730731,none_visible,0.641214044294,0.333333333333,0.307880710961,deterministic_seeded_random_sets_same_cardinality,local_obstruction_before_drift
rank214_Q61_exact_power_anchor,exact_power_anchor,214,7,7,3,69,146,112439,1421513286860519,112439,61,prime_block_le_61,7,5201836549,22.3722775827,2187,7.69028602068,0,0,1,112439,3.05182543065,7.69028602068,1.00013554675,0.999369534691,1.00083996162,constructed_exact_power_root,0.641214044294,0.333333333333,0.307880710961,C_from_near_power_row_as_positive_control,positive_control_survivor
rank215_Q61_actual_near_miss,actual_near_miss,215,6,6,3,211,241,65745,284176518368625,65745,61,prime_block_le_61,7,5201836549,22.3722775827,3,1.09861228867,4,7,0,,10.1801263925,1.09861228867,0.999153294294,0.99896063072,0.999345957868,none_visible,0.672231460771,0.333333333333,0.338898127438,existing_near_power_csv,local_obstruction_before_drift
rank215_Q61_random_root_sets,random_root_sets,215,6,6,3,211,241,65745,284176518368625,65745,61,prime_block_le_61,7,5201836549,22.3722775827,3,1.09861228867,4,7,0,,10.1801263925,1.09861228867,0.993277055289,0.987208152711,0.999345957868,none_visible,0.672231460771,0.333333333333,0.338898127438,deterministic_seeded_random_sets_same_cardinality,local_obstruction_before_drift
rank215_Q61_exact_power_anchor,exact_power_anchor,215,6,6,3,211,241,65745,284176518368625,65745,61,prime_block_le_61,7,5201836549,22.3722775827,2187,7.69028602068,0,0,1,65745,3.58845266048,7.69028602068,1.00117569848,0.999410179059,1.0062801565,constructed_exact_power_root,0.672231460771,0.333333333333,0.338898127438,C_from_near_power_row_as_positive_control,positive_control_survivor
rank216_Q61_actual_near_miss,actual_near_miss,216,6,7,3,149,168,155886,3788099168646456,155886,61,prime_block_le_61,7,5201836549,22.3722775827,27,3.295836866,4,13,0,,7.11956046682,3.295836866,0.999575188136,0.999044886078,1.00010549019,none_visible,0.623693279941,0.333333333333,0.290359946607,existing_near_power_csv,local_obstruction_before_drift
rank216_Q61_random_root_sets,random_root_sets,216,6,7,3,149,168,155886,3788099168646456,155886,61,prime_block_le_61,7,5201836549,22.3722775827,27,3.295836866,4,13,0,,7.11956046682,3.295836866,0.999983962639,0.999862435084,1.00010549019,none_visible,0.623693279941,0.333333333333,0.290359946607,deterministic_seeded_random_sets_same_cardinality,local_obstruction_before_drift
rank216_Q61_exact_power_anchor,exact_power_anchor,216,6,7,3,149,168,155886,3788099168646456,155886,61,prime_block_le_61,7,5201836549,22.3722775827,2187,7.69028602068,0,0,1,155886,2.72511131214,7.69028602068,1.00043728537,0.999597284055,1.00210552726,constructed_exact_power_root,0.623693279941,0.333333333333,0.290359946607,C_from_near_power_row_as_positive_control,positive_control_survivor
rank217_Q61_actual_near_miss,actual_near_miss,217,5,7,3,243,92,38402,56631951820808,38402,61,prime_block_le_61,7,5201836549,22.3722775827,9,2.19722457734,4,7,0,,9.61918818479,2.19722457734,0.989471034495,0.979020189921,0.999921879069,none_visible,0.706472277513,0.333333333333,0.373138944179,existing_near_power_csv,local_obstruction_before_drift
rank217_Q61_random_root_sets,random_root_sets,217,5,7,3,243,92,38402,56631951820808,38402,61,prime_block_le_61,7,5201836549,22.3722775827,9,2.19722457734,4,7,0,,9.61918818479,2.19722457734,1.00085499019,0.999921879069,1.00178810131,none_visible,0.706472277513,0.333333333333,0.373138944179,deterministic_seeded_random_sets_same_cardinality,local_obstruction_before_drift
rank217_Q61_exact_power_anchor,exact_power_anchor,217,5,7,3,243,92,38402,56631951820808,38402,61,prime_block_le_61,7,5201836549,22.3722775827,243,5.49306144334,0,0,1,38402,6.32335131879,5.49306144334,0.999782997413,0.994198797516,1.00352990874,constructed_exact_power_root,0.706472277513,0.333333333333,0.373138944179,C_from_near_power_row_as_positive_control,positive_control_survivor
rank218_Q61_actual_near_miss,actual_near_miss,218,6,7,3,203,199,231637,12428645327391853,231637,61,prime_block_le_61,7,5201836549,22.3722775827,3,1.09861228867,6,7,0,,8.92073852389,1.09861228867,,,,none_visible,0.603697083264,0.333333333333,0.27036374993,existing_near_power_csv,local_obstruction_before_drift
rank218_Q61_random_root_sets,random_root_sets,218,6,7,3,203,199,231637,12428645327391853,231637,61,prime_block_le_61,7,5201836549,22.3722775827,3,1.09861228867,6,7,0,,8.92073852389,1.09861228867,,,,none_visible,0.603697083264,0.333333333333,0.27036374993,deterministic_seeded_random_sets_same_cardinality,local_obstruction_before_drift
rank218_Q61_exact_power_anchor,exact_power_anchor,218,6,7,3,203,199,231637,12428645327391853,231637,61,prime_block_le_61,7,5201836549,22.3722775827,729,6.59167373201,0,0,1,231637,3.42767708055,6.59167373201,0.999783345557,0.998985961272,1.00024607468,constructed_exact_power_root,0.603697083264,0.333333333333,0.27036374993,C_from_near_power_row_as_positive_control,positive_control_survivor
rank219_Q61_actual_near_miss,actual_near_miss,219,6,7,4,140,103,3380,130516915360000,3380,61,prime_block_le_61,17,58644190679703485491635,52.4257754724,1024,6.9314718056,7,3,0,,37.3686726783,6.9314718056,0.997189349112,0.897633136095,1.06390532544,none_visible,1.61297551989,0.25,1.36297551989,existing_near_power_csv,local_obstruction_before_drift
rank219_Q61_random_root_sets,random_root_sets,219,6,7,4,140,103,3380,130516915360000,3380,61,prime_block_le_61,17,58644190679703485491635,52.4257754724,1024,6.9314718056,7,3,0,,37.3686726783,6.9314718056,1.00596236029,0.969674556213,1.04319526627,none_visible,1.61297551989,0.25,1.36297551989,deterministic_seeded_random_sets_same_cardinality,local_obstruction_before_drift
rank219_Q61_exact_power_anchor,exact_power_anchor,219,6,7,4,140,103,3380,130516915360000,3380,61,prime_block_le_61,17,58644190679703485491635,52.4257754724,2097152,14.5560907918,0,0,1,3380,29.7440536922,14.5560907918,1.02716692862,0.925684171598,1.19585798817,constructed_exact_power_root,1.61297551989,0.25,1.36297551989,C_from_near_power_row_as_positive_control,positive_control_survivor
rank220_Q61_actual_near_miss,actual_near_miss,220,7,7,3,143,236,347594,41996859349860584,347594,61,prime_block_le_61,7,5201836549,22.3722775827,3,1.09861228867,6,13,0,,8.51487488301,1.09861228867,,,,none_visible,0.584493170643,0.333333333333,0.251159837309,existing_near_power_csv,local_obstruction_before_drift
rank220_Q61_random_root_sets,random_root_sets,220,7,7,3,143,236,347594,41996859349860584,347594,61,prime_block_le_61,7,5201836549,22.3722775827,3,1.09861228867,6,13,0,,8.51487488301,1.09861228867,,,,none_visible,0.584493170643,0.333333333333,0.251159837309,deterministic_seeded_random_sets_same_cardinality,local_obstruction_before_drift
rank220_Q61_exact_power_anchor,exact_power_anchor,220,7,7,3,143,236,347594,41996859349860584,347594,61,prime_block_le_61,7,5201836549,22.3722775827,729,6.59167373201,0,0,1,347594,3.02181343967,6.59167373201,1.00019690917,0.999859350596,1.0011239166,constructed_exact_power_root,0.584493170643,0.333333333333,0.251159837309,C_from_near_power_row_as_positive_control,positive_control_survivor
rank221_Q61_actual_near_miss,actual_near_miss,221,6,7,3,200,171,163108,4339361060955712,163108,61,prime_block_le_61,7,5201836549,22.3722775827,9,2.19722457734,5,7,0,,8.17288516827,2.19722457734,0.99987465701,0.99987465701,0.99987465701,none_visible,0.621339908101,0.333333333333,0.288006574767,existing_near_power_csv,local_obstruction_before_drift
rank221_Q61_random_root_sets,random_root_sets,221,6,7,3,200,171,163108,4339361060955712,163108,61,prime_block_le_61,7,5201836549,22.3722775827,9,2.19722457734,5,7,0,,8.17288516827,2.19722457734,0.99987465701,0.99987465701,0.99987465701,none_visible,0.621339908101,0.333333333333,0.288006574767,deterministic_seeded_random_sets_same_cardinality,local_obstruction_before_drift
rank221_Q61_exact_power_anchor,exact_power_anchor,221,6,7,3,200,171,163108,4339361060955712,163108,61,prime_block_le_61,7,5201836549,22.3722775827,2187,7.69028602068,0,0,1,163108,2.67982372493,7.69028602068,1.00130190948,0.99987465701,1.00597899687,constructed_exact_power_root,0.621339908101,0.333333333333,0.288006574767,C_from_near_power_row_as_positive_control,positive_control_survivor
rank222_Q61_actual_near_miss,actual_near_miss,222,7,7,3,95,164,148287,3260687939475903,148287,61,prime_block_le_61,7,5201836549,22.3722775827,3,1.09861228867,4,13,0,,9.36676042988,1.09861228867,1.00018207935,1.00005394944,1.00031020926,none_visible,0.626311030951,0.333333333333,0.292977697618,existing_near_power_csv,local_obstruction_before_drift
rank222_Q61_random_root_sets,random_root_sets,222,7,7,3,95,164,148287,3260687939475903,148287,61,prime_block_le_61,7,5201836549,22.3722775827,3,1.09861228867,4,13,0,,9.36676042988,1.09861228867,0.9993919449,0.998729940363,1.00005394944,none_visible,0.626311030951,0.333333333333,0.292977697618,deterministic_seeded_random_sets_same_cardinality,local_obstruction_before_drift
rank222_Q61_exact_power_anchor,exact_power_anchor,222,7,7,3,95,164,148287,3260687939475903,148287,61,prime_block_le_61,7,5201836549,22.3722775827,2187,7.69028602068,0,0,1,148287,2.77508669787,7.69028602068,1.00019431788,0.998427224084,1.00211227027,constructed_exact_power_root,0.626311030951,0.333333333333,0.292977697618,C_from_near_power_row_as_positive_control,positive_control_survivor
rank223_Q61_actual_near_miss,actual_near_miss,223,6,7,3,244,149,122571,1841463809175411,122571,61,prime_block_le_61,7,5201836549,22.3722775827,27,3.295836866,4,7,0,,7.35999498377,3.295836866,0.999631052841,0.999378138204,0.999883967478,none_visible,0.636492160754,0.333333333333,0.303158827421,existing_near_power_csv,local_obstruction_before_drift
rank223_Q61_random_root_sets,random_root_sets,223,6,7,3,244,149,122571,1841463809175411,122571,61,prime_block_le_61,7,5201836549,22.3722775827,27,3.295836866,4,7,0,,7.35999498377,3.295836866,0.998591292666,0.997663938996,0.999518646336,none_visible,0.636492160754,0.333333333333,0.303158827421,deterministic_seeded_random_sets_same_cardinality,local_obstruction_before_drift
rank223_Q61_exact_power_anchor,exact_power_anchor,223,6,7,3,244,149,122571,1841463809175411,122571,61,prime_block_le_61,7,5201836549,22.3722775827,2187,7.69028602068,0,0,1,122571,2.9655458291,7.69028602068,0.999833052166,0.998659280471,1.00092010164,constructed_exact_power_root,0.636492160754,0.333333333333,0.303158827421,C_from_near_power_row_as_positive_control,positive_control_survivor
rank224_Q61_actual_near_miss,actual_near_miss,224,7,7,3,71,106,54227,159458155395083,54227,61,prime_block_le_61,7,5201836549,22.3722775827,81,4.39444915467,3,7,0,,7.07689420964,4.39444915467,1.00040296996,0.999153763091,1.00239323174,none_visible,0.684108876497,0.333333333333,0.350775543163,existing_near_power_csv,local_obstruction_before_drift
rank224_Q61_random_root_sets,random_root_sets,224,7,7,3,71,106,54227,159458155395083,54227,61,prime_block_le_61,7,5201836549,22.3722775827,81,4.39444915467,3,7,0,,7.07689420964,4.39444915467,0.993482814697,0.983538335761,0.999979510002,none_visible,0.684108876497,0.333333333333,0.350775543163,deterministic_seeded_random_sets_same_cardinality,local_obstruction_before_drift
rank224_Q61_exact_power_anchor,exact_power_anchor,224,7,7,3,71,106,54227,159458155395083,54227,61,prime_block_le_61,7,5201836549,22.3722775827,2187,7.69028602068,0,0,1,54227,3.78105734363,7.69028602068,1.00044804795,0.999661915036,1.00118637087,constructed_exact_power_root,0.684108876497,0.333333333333,0.350775543163,C_from_near_power_row_as_positive_control,positive_control_survivor
rank225_Q61_actual_near_miss,actual_near_miss,225,6,6,3,169,185,39872,63387563982848,39872,61,prime_block_le_61,7,5201836549,22.3722775827,9,2.19722457734,5,7,0,,9.5816234032,2.19722457734,0.998598292313,0.998598292313,0.998598292313,none_visible,0.703967094791,0.333333333333,0.370633761457,existing_near_power_csv,local_obstruction_before_drift
rank225_Q61_random_root_sets,random_root_sets,225,6,6,3,169,185,39872,63387563982848,39872,61,prime_block_le_61,7,5201836549,22.3722775827,9,2.19722457734,5,7,0,,9.5816234032,2.19722457734,0.999938692706,0.999938692706,0.999938692706,none_visible,0.703967094791,0.333333333333,0.370633761457,deterministic_seeded_random_sets_same_cardinality,local_obstruction_before_drift
rank225_Q61_exact_power_anchor,exact_power_anchor,225,6,6,3,169,185,39872,63387563982848,39872,61,prime_block_le_61,7,5201836549,22.3722775827,729,6.59167373201,0,0,1,39872,5.18717424852,6.59167373201,1.00112814711,0.997948992331,1.00643447922,constructed_exact_power_root,0.703967094791,0.333333333333,0.370633761457,C_from_near_power_row_as_positive_control,positive_control_survivor
rank226_Q61_actual_near_miss,actual_near_miss,226,7,7,3,118,175,174844,5345055272603584,174844,61,prime_block_le_61,7,5201836549,22.3722775827,81,4.39444915467,3,31,0,,5.90617900123,4.39444915467,1.00014425558,1.00004257764,1.0002071688,none_visible,0.617763620964,0.333333333333,0.284430287631,existing_near_power_csv,local_obstruction_before_drift
rank226_Q61_random_root_sets,random_root_sets,226,7,7,3,118,175,174844,5345055272603584,174844,61,prime_block_le_61,7,5201836549,22.3722775827,81,4.39444915467,3,31,0,,5.90617900123,4.39444915467,1.00033744366,1.00002605497,1.00094369838,none_visible,0.617763620964,0.333333333333,0.284430287631,deterministic_seeded_random_sets_same_cardinality,local_obstruction_before_drift
rank226_Q61_exact_power_anchor,exact_power_anchor,226,7,7,3,118,175,174844,5345055272603584,174844,61,prime_block_le_61,7,5201836549,22.3722775827,2187,7.69028602068,0,0,1,174844,2.61034213523,7.69028602068,1.00024826364,0.998598115399,1.00179652211,constructed_exact_power_root,0.617763620964,0.333333333333,0.284430287631,C_from_near_power_row_as_positive_control,positive_control_survivor
rank227_Q61_actual_near_miss,actual_near_miss,227,7,7,3,93,212,268268,19306636261744832,268268,61,prime_block_le_61,7,5201836549,22.3722775827,9,2.19722457734,4,7,0,,7.67531124552,2.19722457734,0.999120696882,0.998369789415,0.999871604349,none_visible,0.596606394291,0.333333333333,0.263273060957,existing_near_power_csv,local_obstruction_before_drift
rank227_Q61_random_root_sets,random_root_sets,227,7,7,3,93,212,268268,19306636261744832,268268,61,prime_block_le_61,7,5201836549,22.3722775827,9,2.19722457734,4,7,0,,7.67531124552,2.19722457734,1.00066848574,1.00016277255,1.00117419894,none_visible,0.596606394291,0.333333333333,0.263273060957,deterministic_seeded_random_sets_same_cardinality,local_obstruction_before_drift
rank227_Q61_exact_power_anchor,exact_power_anchor,227,7,7,3,93,212,268268,19306636261744832,268268,61,prime_block_le_61,7,5201836549,22.3722775827,243,5.49306144334,0,0,1,268268,4.37947437951,5.49306144334,1.00033279324,0.999481447243,1.00161861356,constructed_exact_power_root,0.596606394291,0.333333333333,0.263273060957,C_from_near_power_row_as_positive_control,positive_control_survivor
rank228_Q61_actual_near_miss,actual_near_miss,228,7,7,3,110,183,191911,7068049873791031,191911,61,prime_block_le_61,7,5201836549,22.3722775827,9,2.19722457734,5,19,0,,8.01026600347,2.19722457734,1.00004168599,1.00004168599,1.00004168599,none_visible,0.613033821286,0.333333333333,0.279700487953,existing_near_power_csv,local_obstruction_before_drift
rank228_Q61_random_root_sets,random_root_sets,228,7,7,3,110,183,191911,7068049873791031,191911,61,prime_block_le_61,7,5201836549,22.3722775827,9,2.19722457734,5,19,0,,8.01026600347,2.19722457734,1.00004168599,1.00004168599,1.00004168599,none_visible,0.613033821286,0.333333333333,0.279700487953,deterministic_seeded_random_sets_same_cardinality,local_obstruction_before_drift
rank228_Q61_exact_power_anchor,exact_power_anchor,228,7,7,3,110,183,191911,7068049873791031,191911,61,prime_block_le_61,7,5201836549,22.3722775827,2187,7.69028602068,0,0,1,191911,2.51720456013,7.69028602068,1.00025571267,1.00004168599,1.00078624409,constructed_exact_power_root,0.613033821286,0.333333333333,0.279700487953,C_from_near_power_row_as_positive_control,positive_control_survivor
rank229_Q61_actual_near_miss,actual_near_miss,229,6,7,3,187,222,298577,26617609554626033,298577,61,prime_block_le_61,7,5201836549,22.3722775827,9,2.19722457734,4,19,0,,7.56826987034,2.19722457734,1.00019760397,0.999979904681,1.00041530326,none_visible,0.591540742871,0.333333333333,0.258207409538,existing_near_power_csv,local_obstruction_before_drift
rank229_Q61_random_root_sets,random_root_sets,229,6,7,3,187,222,298577,26617609554626033,298577,61,prime_block_le_61,7,5201836549,22.3722775827,9,2.19722457734,4,19,0,,7.56826987034,2.19722457734,1.00019760397,0.999979904681,1.00041530326,none_visible,0.591540742871,0.333333333333,0.258207409538,deterministic_seeded_random_sets_same_cardinality,local_obstruction_before_drift
rank229_Q61_exact_power_anchor,exact_power_anchor,229,6,7,3,187,222,298577,26617609554626033,298577,61,prime_block_le_61,7,5201836549,22.3722775827,2187,7.69028602068,0,0,1,298577,2.075208427,7.69028602068,1.00032623882,0.999970229157,1.00118636808,constructed_exact_power_root,0.591540742871,0.333333333333,0.258207409538,C_from_near_power_row_as_positive_control,positive_control_survivor
rank230_Q61_actual_near_miss,actual_near_miss,230,7,7,3,157,180,203870,8473444100603000,203870,61,prime_block_le_61,7,5201836549,22.3722775827,81,4.39444915467,3,13,0,,5.75259061322,4.39444915467,1.0006819887,1.00002071037,1.00175602099,none_visible,0.610002518877,0.333333333333,0.276669185544,existing_near_power_csv,local_obstruction_before_drift
rank230_Q61_random_root_sets,random_root_sets,230,7,7,3,157,180,203870,8473444100603000,203870,61,prime_block_le_61,7,5201836549,22.3722775827,81,4.39444915467,3,13,0,,5.75259061322,4.39444915467,1.00020728533,0.999948224086,1.0007254078,none_visible,0.610002518877,0.333333333333,0.276669185544,deterministic_seeded_random_sets_same_cardinality,local_obstruction_before_drift
rank230_Q61_exact_power_anchor,exact_power_anchor,230,7,7,3,157,180,203870,8473444100603000,203870,61,prime_block_le_61,7,5201836549,22.3722775827,243,5.49306144334,0,0,1,203870,4.65397832455,5.49306144334,1.00096857293,0.999262601985,1.00411373261,constructed_exact_power_root,0.610002518877,0.333333333333,0.276669185544,C_from_near_power_row_as_positive_control,positive_control_survivor
rank231_Q61_actual_near_miss,actual_near_miss,231,7,7,3,185,216,308475,29353501784671875,308475,61,prime_block_le_61,7,5201836549,22.3722775827,27,3.295836866,4,7,0,,6.43704463491,3.295836866,1.00003619958,0.99985195991,1.00022043926,none_visible,0.590014413082,0.333333333333,0.256681079749,existing_near_power_csv,local_obstruction_before_drift
rank231_Q61_random_root_sets,random_root_sets,231,7,7,3,185,216,308475,29353501784671875,308475,61,prime_block_le_61,7,5201836549,22.3722775827,27,3.295836866,4,7,0,,6.43704463491,3.295836866,0.999963620319,0.99970680138,1.00022043926,none_visible,0.590014413082,0.333333333333,0.256681079749,deterministic_seeded_random_sets_same_cardinality,local_obstruction_before_drift
rank231_Q61_exact_power_anchor,exact_power_anchor,231,7,7,3,185,216,308475,29353501784671875,308475,61,prime_block_le_61,7,5201836549,22.3722775827,2187,7.69028602068,0,0,1,308475,2.04259548024,7.69028602068,1.00017091246,0.999673303257,1.00058027393,constructed_exact_power_root,0.590014413082,0.333333333333,0.256681079749,C_from_near_power_row_as_positive_control,positive_control_survivor
rank232_Q61_actual_near_miss,actual_near_miss,232,7,7,3,137,235,343374,40485753162717624,343374,61,prime_block_le_61,7,5201836549,22.3722775827,3,1.09861228867,5,13,0,,8.52708978289,1.09861228867,0.999767017887,0.999767017887,0.999767017887,none_visible,0.585053283871,0.333333333333,0.251719950538,existing_near_power_csv,local_obstruction_before_drift
rank232_Q61_random_root_sets,random_root_sets,232,7,7,3,137,235,343374,40485753162717624,343374,61,prime_block_le_61,7,5201836549,22.3722775827,3,1.09861228867,5,13,0,,8.52708978289,1.09861228867,1.00018832721,1.00018832721,1.00018832721,none_visible,0.585053283871,0.333333333333,0.251719950538,deterministic_seeded_random_sets_same_cardinality,local_obstruction_before_drift
rank232_Q61_exact_power_anchor,exact_power_anchor,232,7,7,3,137,235,343374,40485753162717624,343374,61,prime_block_le_61,7,5201836549,22.3722775827,2187,7.69028602068,0,0,1,343374,1.93541605088,7.69028602068,1.00023966956,1.00002750483,1.00069603406,constructed_exact_power_root,0.585053283871,0.333333333333,0.251719950538,C_from_near_power_row_as_positive_control,positive_control_survivor
rank233_Q61_actual_near_miss,actual_near_miss,233,6,6,3,155,243,60346,219758390301736,60346,61,prime_block_le_61,7,5201836549,22.3722775827,27,3.295836866,4,7,0,,8.06859077238,3.295836866,0.997813534543,0.996814665061,0.998812404026,none_visible,0.677464345774,0.333333333333,0.344131012441,existing_near_power_csv,local_obstruction_before_drift
rank233_Q61_random_root_sets,random_root_sets,233,6,6,3,155,243,60346,219758390301736,60346,61,prime_block_le_61,7,5201836549,22.3722775827,27,3.295836866,4,7,0,,8.06859077238,3.295836866,1.0025510298,0.997727917159,1.00737414245,none_visible,0.677464345774,0.333333333333,0.344131012441,deterministic_seeded_random_sets_same_cardinality,local_obstruction_before_drift
rank233_Q61_exact_power_anchor,exact_power_anchor,233,6,6,3,155,243,60346,219758390301736,60346,61,prime_block_le_61,7,5201836549,22.3722775827,729,6.59167373201,0,0,1,60346,4.77275390637,6.59167373201,1.00102219178,0.998926560538,1.00454784815,constructed_exact_power_root,0.677464345774,0.333333333333,0.344131012441,C_from_near_power_row_as_positive_control,positive_control_survivor
rank234_Q61_actual_near_miss,actual_near_miss,234,7,7,3,149,229,326031,34655860607887791,326031,61,prime_block_le_61,7,5201836549,22.3722775827,9,2.19722457734,4,31,0,,7.48030525749,2.19722457734,0.999958933694,0.999943427329,0.999974440058,none_visible,0.587441830985,0.333333333333,0.254108497652,existing_near_power_csv,local_obstruction_before_drift
rank234_Q61_random_root_sets,random_root_sets,234,7,7,3,149,229,326031,34655860607887791,326031,61,prime_block_le_61,7,5201836549,22.3722775827,9,2.19722457734,4,31,0,,7.48030525749,2.19722457734,1.00004754149,1.00002760474,1.00006747825,none_visible,0.587441830985,0.333333333333,0.254108497652,deterministic_seeded_random_sets_same_cardinality,local_obstruction_before_drift
rank234_Q61_exact_power_anchor,exact_power_anchor,234,7,7,3,149,229,326031,34655860607887791,326031,61,prime_block_le_61,7,5201836549,22.3722775827,2187,7.69028602068,0,0,1,326031,1.98724381415,7.69028602068,1.00018863237,0.999295908808,1.00208023845,constructed_exact_power_root,0.587441830985,0.333333333333,0.254108497652,C_from_near_power_row_as_positive_control,positive_control_survivor
rank235_Q61_actual_near_miss,actual_near_miss,235,7,7,3,123,163,151584,3483053049544704,151584,61,prime_block_le_61,7,5201836549,22.3722775827,81,4.39444915467,2,19,0,,6.04893322228,4.39444915467,1.00002455551,0.99963056787,1.00053948819,none_visible,0.625156456846,0.333333333333,0.291823123512,existing_near_power_csv,local_obstruction_before_drift
rank235_Q61_random_root_sets,random_root_sets,235,7,7,3,123,163,151584,3483053049544704,151584,61,prime_block_le_61,7,5201836549,22.3722775827,81,4.39444915467,2,19,0,,6.04893322228,4.39444915467,0.998280381395,0.99593771257,0.999945024981,none_visible,0.625156456846,0.333333333333,0.291823123512,deterministic_seeded_random_sets_same_cardinality,local_obstruction_before_drift
rank235_Q61_exact_power_anchor,exact_power_anchor,235,7,7,3,123,163,151584,3483053049544704,151584,61,prime_block_le_61,7,5201836549,22.3722775827,2187,7.69028602068,0,0,1,151584,2.75309635628,7.69028602068,1.00057259537,0.998270119391,1.00362835128,constructed_exact_power_root,0.625156456846,0.333333333333,0.291823123512,C_from_near_power_row_as_positive_control,positive_control_survivor
rank236_Q61_actual_near_miss,actual_near_miss,236,6,7,3,181,169,158376,3972538457381376,158376,61,prime_block_le_61,7,5201836549,22.3722775827,27,3.295836866,4,7,0,,7.10371348494,3.295836866,0.999678332295,0.99914619499,1.0002104696,none_visible,0.622867765761,0.333333333333,0.289534432428,existing_near_power_csv,local_obstruction_before_drift
rank236_Q61_random_root_sets,random_root_sets,236,6,7,3,181,169,158376,3972538457381376,158376,61,prime_block_le_61,7,5201836549,22.3722775827,27,3.295836866,4,7,0,,7.10371348494,3.295836866,1.0017160288,0.99953556375,1.00389649386,none_visible,0.622867765761,0.333333333333,0.289534432428,deterministic_seeded_random_sets_same_cardinality,local_obstruction_before_drift
rank236_Q61_exact_power_anchor,exact_power_anchor,236,6,7,3,181,169,158376,3972538457381376,158376,61,prime_block_le_61,7,5201836549,22.3722775827,2187,7.69028602068,0,0,1,158376,2.70926433027,7.69028602068,1.00071115339,0.999997193739,1.00184581839,constructed_exact_power_root,0.622867765761,0.333333333333,0.289534432428,C_from_near_power_row_as_positive_control,positive_control_survivor
rank237_Q61_actual_near_miss,actual_near_miss,237,7,7,3,142,197,233183,12679165075939487,233183,61,prime_block_le_61,7,5201836549,22.3722775827,3,1.09861228867,6,7,0,,8.91408646201,1.09861228867,,,,none_visible,0.603372166824,0.333333333333,0.27003883349,existing_near_power_csv,local_obstruction_before_drift
rank237_Q61_random_root_sets,random_root_sets,237,7,7,3,142,197,233183,12679165075939487,233183,61,prime_block_le_61,7,5201836549,22.3722775827,3,1.09861228867,6,7,0,,8.91408646201,1.09861228867,,,,none_visible,0.603372166824,0.333333333333,0.27003883349,deterministic_seeded_random_sets_same_cardinality,local_obstruction_before_drift
rank237_Q61_exact_power_anchor,exact_power_anchor,237,7,7,3,142,197,233183,12679165075939487,233183,61,prime_block_le_61,7,5201836549,22.3722775827,2187,7.69028602068,0,0,1,233183,2.32241273,7.69028602068,1.000174001,0.999626425978,1.00145998827,constructed_exact_power_root,0.603372166824,0.333333333333,0.27003883349,C_from_near_power_row_as_positive_control,positive_control_survivor
rank238_Q61_actual_near_miss,actual_near_miss,238,7,7,3,182,235,358809,46194469470069129,358809,61,prime_block_le_61,7,5201836549,22.3722775827,9,2.19722457734,4,7,0,,7.38450751288,2.19722457734,0.999757840832,0.999593098278,0.999922583386,none_visible,0.583042049715,0.333333333333,0.249708716381,existing_near_power_csv,local_obstruction_before_drift
rank238_Q61_random_root_sets,random_root_sets,238,7,7,3,182,235,358809,46194469470069129,358809,61,prime_block_le_61,7,5201836549,22.3722775827,9,2.19722457734,4,7,0,,7.38450751288,2.19722457734,0.999796084639,0.999593098278,0.999999071001,none_visible,0.583042049715,0.333333333333,0.249708716381,deterministic_seeded_random_sets_same_cardinality,local_obstruction_before_drift
rank238_Q61_exact_power_anchor,exact_power_anchor,238,7,7,3,182,235,358809,46194469470069129,358809,61,prime_block_le_61,7,5201836549,22.3722775827,2187,7.69028602068,0,0,1,358809,1.89144606954,7.69028602068,1.00045737735,0.999497411343,1.00210975756,constructed_exact_power_root,0.583042049715,0.333333333333,0.249708716381,C_from_near_power_row_as_positive_control,positive_control_survivor
rank239_Q61_actual_near_miss,actual_near_miss,239,7,7,3,94,213,271242,19955876792704488,271242,61,prime_block_le_61,7,5201836549,22.3722775827,27,3.295836866,3,13,0,,6.56567402636,3.295836866,0.999663413865,0.999109036703,1.00002949396,none_visible,0.596080643616,0.333333333333,0.262747310283,existing_near_power_csv,local_obstruction_before_drift
rank239_Q61_random_root_sets,random_root_sets,239,7,7,3,94,213,271242,19955876792704488,271242,61,prime_block_le_61,7,5201836549,22.3722775827,27,3.295836866,3,13,0,,6.56567402636,3.295836866,0.999820032241,0.999109036703,1.00032156606,none_visible,0.596080643616,0.333333333333,0.262747310283,deterministic_seeded_random_sets_same_cardinality,local_obstruction_before_drift
rank239_Q61_exact_power_anchor,exact_power_anchor,239,7,7,3,94,213,271242,19955876792704488,271242,61,prime_block_le_61,7,5201836549,22.3722775827,2187,7.69028602068,0,0,1,271242,2.17122487169,7.69028602068,1.00072205577,0.999957807255,1.00173113145,constructed_exact_power_root,0.596080643616,0.333333333333,0.262747310283,C_from_near_power_row_as_positive_control,positive_control_survivor
rank240_Q61_actual_near_miss,actual_near_miss,240,7,7,3,124,245,376658,53436940892282312,376658,61,prime_block_le_61,7,5201836549,22.3722775827,9,2.19722457734,5,7,0,,7.33596011244,2.19722457734,0.999972270748,0.999972270748,0.999972270748,none_visible,0.580837441017,0.333333333333,0.247504107684,existing_near_power_csv,local_obstruction_before_drift
rank240_Q61_random_root_sets,random_root_sets,240,7,7,3,124,245,376658,53436940892282312,376658,61,prime_block_le_61,7,5201836549,22.3722775827,9,2.19722457734,5,7,0,,7.33596011244,2.19722457734,0.999972270748,0.999972270748,0.999972270748,none_visible,0.580837441017,0.333333333333,0.247504107684,deterministic_seeded_random_sets_same_cardinality,local_obstruction_before_drift
rank240_Q61_exact_power_anchor,exact_power_anchor,240,7,7,3,124,245,376658,53436940892282312,376658,61,prime_block_le_61,7,5201836549,22.3722775827,2187,7.69028602068,0,0,1,376658,1.8428986691,7.69028602068,0.999862730372,0.998929473893,1.00085665688,constructed_exact_power_root,0.580837441017,0.333333333333,0.247504107684,C_from_near_power_row_as_positive_control,positive_control_survivor
rank241_Q61_actual_near_miss,actual_near_miss,241,6,7,3,198,215,277183,21296085056487487,277183,61,prime_block_le_61,7,5201836549,22.3722775827,81,4.39444915467,3,13,0,,5.44539521115,4.39444915467,1.00004289184,1.00001643519,1.00008097338,none_visible,0.595050117711,0.333333333333,0.261716784377,existing_near_power_csv,local_obstruction_before_drift
rank241_Q61_random_root_sets,random_root_sets,241,6,7,3,198,215,277183,21296085056487487,277183,61,prime_block_le_61,7,5201836549,22.3722775827,81,4.39444915467,3,13,0,,5.44539521115,4.39444915467,1.00035075103,0.99990700087,1.00065420077,none_visible,0.595050117711,0.333333333333,0.261716784377,deterministic_seeded_random_sets_same_cardinality,local_obstruction_before_drift
rank241_Q61_exact_power_anchor,exact_power_anchor,241,6,7,3,198,215,277183,21296085056487487,277183,61,prime_block_le_61,7,5201836549,22.3722775827,2187,7.69028602068,0,0,1,277183,2.14955834515,7.69028602068,1.00013174877,0.999378669607,1.00098170202,constructed_exact_power_root,0.595050117711,0.333333333333,0.261716784377,C_from_near_power_row_as_positive_control,positive_control_survivor
rank242_Q61_actual_near_miss,actual_near_miss,242,7,7,3,163,225,318305,32250049234222625,318305,61,prime_block_le_61,7,5201836549,22.3722775827,9,2.19722457734,5,7,0,,7.50428768375,2.19722457734,1.0007019822,1.0007019822,1.0007019822,none_visible,0.58855370387,0.333333333333,0.255220370537,existing_near_power_csv,local_obstruction_before_drift
rank242_Q61_random_root_sets,random_root_sets,242,7,7,3,163,225,318305,32250049234222625,318305,61,prime_block_le_61,7,5201836549,22.3722775827,9,2.19722457734,5,7,0,,7.50428768375,2.19722457734,1.00004188855,1.00004188855,1.00004188855,none_visible,0.58855370387,0.333333333333,0.255220370537,deterministic_seeded_random_sets_same_cardinality,local_obstruction_before_drift
rank242_Q61_exact_power_anchor,exact_power_anchor,242,7,7,3,163,225,318305,32250049234222625,318305,61,prime_block_le_61,7,5201836549,22.3722775827,729,6.59167373201,0,0,2,197054 318305,3.10983852907,5.89852655145,1.00015376587,0.999850248451,1.0005613065,constructed_exact_power_root,0.58855370387,0.333333333333,0.255220370537,C_from_near_power_row_as_positive_control,positive_control_survivor
rank243_Q61_actual_near_miss,actual_near_miss,243,7,7,3,160,167,184759,6306912545957479,184759,61,prime_block_le_61,7,5201836549,22.3722775827,9,2.19722457734,5,7,0,,8.04824545324,2.19722457734,0.998476694264,0.998476694264,0.998476694264,none_visible,0.614953756696,0.333333333333,0.281620423363,existing_near_power_csv,local_obstruction_before_drift
rank243_Q61_random_root_sets,random_root_sets,243,7,7,3,160,167,184759,6306912545957479,184759,61,prime_block_le_61,7,5201836549,22.3722775827,9,2.19722457734,5,7,0,,8.04824545324,2.19722457734,1.00075112865,1.00075112865,1.00075112865,none_visible,0.614953756696,0.333333333333,0.281620423363,deterministic_seeded_random_sets_same_cardinality,local_obstruction_before_drift
rank243_Q61_exact_power_anchor,exact_power_anchor,243,7,7,3,160,167,184759,6306912545957479,184759,61,prime_block_le_61,7,5201836549,22.3722775827,2187,7.69028602068,0,0,1,184759,2.5551840099,7.69028602068,1.00033096168,0.999949483742,1.00088162898,constructed_exact_power_root,0.614953756696,0.333333333333,0.281620423363,C_from_near_power_row_as_positive_control,positive_control_survivor
rank244_Q61_actual_near_miss,actual_near_miss,244,6,7,3,219,203,242816,14316336626794496,242816,61,prime_block_le_61,7,5201836549,22.3722775827,3,1.09861228867,6,13,0,,8.87360606016,1.09861228867,,,,none_visible,0.601402438509,0.333333333333,0.268069105175,existing_near_power_csv,local_obstruction_before_drift
rank244_Q61_random_root_sets,random_root_sets,244,6,7,3,219,203,242816,14316336626794496,242816,61,prime_block_le_61,7,5201836549,22.3722775827,3,1.09861228867,6,13,0,,8.87360606016,1.09861228867,,,,none_visible,0.601402438509,0.333333333333,0.268069105175,deterministic_seeded_random_sets_same_cardinality,local_obstruction_before_drift
rank244_Q61_exact_power_anchor,exact_power_anchor,244,6,7,3,219,203,242816,14316336626794496,242816,61,prime_block_le_61,7,5201836549,22.3722775827,729,6.59167373201,0,0,2,63546 242816,3.38054461682,5.89852655145,1.00051082728,0.998808883178,1.00222436376,constructed_exact_power_root,0.601402438509,0.333333333333,0.268069105175,C_from_near_power_row_as_positive_control,positive_control_survivor
rank245_Q61_actual_near_miss,actual_near_miss,245,7,7,3,122,209,261204,17821303645817664,261204,61,prime_block_le_61,7,5201836549,22.3722775827,3,1.09861228867,6,7,0,,8.80060830381,1.09861228867,,,,none_visible,0.597882769777,0.333333333333,0.264549436444,existing_near_power_csv,local_obstruction_before_drift
rank245_Q61_random_root_sets,random_root_sets,245,7,7,3,122,209,261204,17821303645817664,261204,61,prime_block_le_61,7,5201836549,22.3722775827,3,1.09861228867,6,7,0,,8.80060830381,1.09861228867,,,,none_visible,0.597882769777,0.333333333333,0.264549436444,deterministic_seeded_random_sets_same_cardinality,local_obstruction_before_drift
rank245_Q61_exact_power_anchor,exact_power_anchor,245,7,7,3,122,209,261204,17821303645817664,261204,61,prime_block_le_61,7,5201836549,22.3722775827,2187,7.69028602068,0,0,1,261204,2.2089345718,7.69028602068,0.999880751642,0.997501314426,1.00095838246,constructed_exact_power_root,0.597882769777,0.333333333333,0.264549436444,C_from_near_power_row_as_positive_control,positive_control_survivor
rank246_Q61_actual_near_miss,actual_near_miss,246,4,5,3,218,243,9471,849547194111,9471,61,prime_block_le_61,7,5201836549,22.3722775827,27,3.295836866,3,7,0,,9.92045093945,3.295836866,1.00986246515,1.00618261594,1.01548586914,none_visible,0.814486040542,0.333333333333,0.481152707208,existing_near_power_csv,local_obstruction_before_drift
rank246_Q61_random_root_sets,random_root_sets,246,4,5,3,218,243,9471,849547194111,9471,61,prime_block_le_61,7,5201836549,22.3722775827,27,3.295836866,3,7,0,,9.92045093945,3.295836866,0.970842767591,0.923168971949,1.00791891036,none_visible,0.814486040542,0.333333333333,0.481152707208,deterministic_seeded_random_sets_same_cardinality,local_obstruction_before_drift
rank246_Q61_exact_power_anchor,exact_power_anchor,246,4,5,3,218,243,9471,849547194111,9471,61,prime_block_le_61,7,5201836549,22.3722775827,729,6.59167373201,0,0,1,9471,6.62461407344,6.59167373201,1.00192400192,0.989253745351,1.01548586914,constructed_exact_power_root,0.814486040542,0.333333333333,0.481152707208,C_from_near_power_row_as_positive_control,positive_control_survivor
rank247_Q61_actual_near_miss,actual_near_miss,247,6,7,3,226,173,168348,4771158934560192,168348,61,prime_block_le_61,7,5201836549,22.3722775827,9,2.19722457734,5,13,0,,8.14126446084,2.19722457734,1.0004738861,1.0004738861,1.0004738861,none_visible,0.619707237942,0.333333333333,0.286373904609,existing_near_power_csv,local_obstruction_before_drift
rank247_Q61_random_root_sets,random_root_sets,247,6,7,3,226,173,168348,4771158934560192,168348,61,prime_block_le_61,7,5201836549,22.3722775827,9,2.19722457734,5,13,0,,8.14126446084,2.19722457734,1.00019206247,1.00019206247,1.00019206247,none_visible,0.619707237942,0.333333333333,0.286373904609,deterministic_seeded_random_sets_same_cardinality,local_obstruction_before_drift
rank247_Q61_exact_power_anchor,exact_power_anchor,247,6,7,3,226,173,168348,4771158934560192,168348,61,prime_block_le_61,7,5201836549,22.3722775827,2187,7.69028602068,0,0,1,168348,2.6482030175,7.69028602068,0.999855458138,0.998619922225,1.00063492818,constructed_exact_power_root,0.619707237942,0.333333333333,0.286373904609,C_from_near_power_row_as_positive_control,positive_control_survivor
rank248_Q61_actual_near_miss,actual_near_miss,248,7,7,3,143,168,170997,4999947835616973,170997,61,prime_block_le_61,7,5201836549,22.3722775827,27,3.295836866,4,7,0,,7.0270394252,3.295836866,0.999843077169,0.999268993023,1.00041716131,none_visible,0.618904265905,0.333333333333,0.285570932572,existing_near_power_csv,local_obstruction_before_drift
rank248_Q61_random_root_sets,random_root_sets,248,7,7,3,143,168,170997,4999947835616973,170997,61,prime_block_le_61,7,5201836549,22.3722775827,27,3.295836866,4,7,0,,7.0270394252,3.295836866,0.99967185909,0.99955099927,0.999792718911,none_visible,0.618904265905,0.333333333333,0.285570932572,deterministic_seeded_random_sets_same_cardinality,local_obstruction_before_drift
rank248_Q61_exact_power_anchor,exact_power_anchor,248,7,7,3,143,168,170997,4999947835616973,170997,61,prime_block_le_61,7,5201836549,22.3722775827,2187,7.69028602068,0,0,1,170997,2.63259027053,7.69028602068,1.00028947876,0.999894085211,1.00072450914,constructed_exact_power_root,0.618904265905,0.333333333333,0.285570932572,C_from_near_power_row_as_positive_control,positive_control_survivor
rank249_Q61_actual_near_miss,actual_near_miss,249,5,6,3,173,202,40835,68092249182875,40835,61,prime_block_le_61,7,5201836549,22.3722775827,3,1.09861228867,6,7,0,,10.6563704582,1.09861228867,,,,none_visible,0.702384738884,0.333333333333,0.369051405551,existing_near_power_csv,local_obstruction_before_drift
rank249_Q61_random_root_sets,random_root_sets,249,5,6,3,173,202,40835,68092249182875,40835,61,prime_block_le_61,7,5201836549,22.3722775827,3,1.09861228867,6,7,0,,10.6563704582,1.09861228867,,,,none_visible,0.702384738884,0.333333333333,0.369051405551,deterministic_seeded_random_sets_same_cardinality,local_obstruction_before_drift
rank249_Q61_exact_power_anchor,exact_power_anchor,249,5,6,3,173,202,40835,68092249182875,40835,61,prime_block_le_61,7,5201836549,22.3722775827,2187,7.69028602068,0,0,1,40835,4.06469672621,7.69028602068,1.00024398097,0.992465613648,1.00867447587,constructed_exact_power_root,0.702384738884,0.333333333333,0.369051405551,C_from_near_power_row_as_positive_control,positive_control_survivor
rank250_Q61_actual_near_miss,actual_near_miss,250,6,6,3,177,193,43521,82432144309761,43521,61,prime_block_le_61,7,5201836549,22.3722775827,3,1.09861228867,6,7,0,,10.5926664348,1.09861228867,,,,none_visible,0.698195548862,0.333333333333,0.364862215528,existing_near_power_csv,local_obstruction_before_drift
rank250_Q61_random_root_sets,random_root_sets,250,6,6,3,177,193,43521,82432144309761,43521,61,prime_block_le_61,7,5201836549,22.3722775827,3,1.09861228867,6,7,0,,10.5926664348,1.09861228867,,,,none_visible,0.698195548862,0.333333333333,0.364862215528,deterministic_seeded_random_sets_same_cardinality,local_obstruction_before_drift
rank250_Q61_exact_power_anchor,exact_power_anchor,250,6,6,3,177,193,43521,82432144309761,43521,61,prime_block_le_61,7,5201836549,22.3722775827,2187,7.69028602068,0,0,1,43521,4.0009927028,7.69028602068,0.998647311175,0.991102634999,1.00149353186,constructed_exact_power_root,0.698195548862,0.333333333333,0.364862215528,C_from_near_power_row_as_positive_control,positive_control_survivor
