case_id,control_class,rank,x,y,z,A,B,C,H,T,Q,block_id,prime_count,M_block,log_M_block,n_root_classes,log_n_root_classes,local_empty_roots,first_empty_q,n_low_sections,low_section_sample,D_root,D_drift,pair_corr_ratio_mean,pair_corr_ratio_min,pair_corr_ratio_max,anchor_type,detector_degree,target_degree,degree_gap,advice_source,decision,source_axis_1,source_axis_2,source_anchor_1,source_anchor_2,axis_independence_check,coefficient_ring_target,residue_or_survivor_status,overlap_status,lift_or_escape_obstruction,matched_negative_control_result,window_id,window_predefined,local_pass_occupancy,root_signal_share,drift_or_branch_share,share_over_occupancy,branch_switch_share,alternate_root_or_shuffled_branch_control,noncoherent_tail_cost,transfer_status
rank1_Q503_actual_near_miss,actual_near_miss,1,7,7,3,175,243,380429,55058052685693589,380429,503,prime_block_le_503,45,7425387163249856130442960012501049141001305819406163509869875583601074657992881456415943936664692413,229.960829033,1594323,14.2819597527,31,7,0,,202.829814438,14.2819597527,1.00215134992,0.987870126737,1.01591536572,none_visible,5.96570024943,0.333333333333,5.6323669161,existing_near_power_csv,local_obstruction_before_drift,local_residue_sieve,blocked_unfilled,darmon_granville_ceiling,blocked_unfilled,blocked_unfilled,Z,residue_only,blocked_unfilled,blocked_unfilled,under_test,Q_503,pass_predefined,45,0,14.2819597527,0.317376883393,blocked_unfilled,control_class=actual_near_miss,14.2819597527,local_obstruction_before_drift
rank1_Q503_random_root_sets,random_root_sets,1,7,7,3,175,243,380429,55058052685693589,380429,503,prime_block_le_503,45,7425387163249856130442960012501049141001305819406163509869875583601074657992881456415943936664692413,229.960829033,1594323,14.2819597527,31,7,0,,202.829814438,14.2819597527,1.00141587793,0.966799177887,1.0160949875,none_visible,5.96570024943,0.333333333333,5.6323669161,deterministic_seeded_random_sets_same_cardinality,local_obstruction_before_drift,local_residue_sieve,blocked_unfilled,darmon_granville_ceiling,blocked_unfilled,blocked_unfilled,Z,residue_only,blocked_unfilled,blocked_unfilled,negative_control_passed,Q_503,pass_predefined,45,0,14.2819597527,0.317376883393,blocked_unfilled,control_class=random_root_sets,14.2819597527,local_obstruction_before_drift
rank1_Q503_exact_power_anchor,exact_power_anchor,1,7,7,3,175,243,380429,55058052685693589,380429,503,prime_block_le_503,45,7425387163249856130442960012501049141001305819406163509869875583601074657992881456415943936664692413,229.960829033,984770902183611232881,48.3389407014,0,0,1,380429,168.772833489,48.3389407014,1.00426340078,0.96713622428,1.0589673471,constructed_exact_power_root,5.96570024943,0.333333333333,5.6323669161,C_from_near_power_row_as_positive_control,positive_control_survivor,local_residue_sieve,blocked_unfilled,darmon_granville_ceiling,blocked_unfilled,blocked_unfilled,Z,survivor_kandidat_requires_overlap_check,blocked_unfilled,blocked_unfilled,positive_control_passed,Q_503,pass_predefined,45,2.62861138346e-06,48.3389407014,1.07419868225,blocked_unfilled,control_class=exact_power_anchor,48.3389407014,positive_control_survivor
rank2_Q503_actual_near_miss,actual_near_miss,2,7,7,3,116,193,217276,10257352303600576,217276,503,prime_block_le_503,45,7425387163249856130442960012501049141001305819406163509869875583601074657992881456415943936664692413,229.960829033,387420489,19.775021196,26,19,0,,197.896884123,19.775021196,1.00393724634,0.905954740617,1.08236988899,none_visible,6.23761783075,0.333333333333,5.90428449742,existing_near_power_csv,local_obstruction_before_drift,local_residue_sieve,blocked_unfilled,darmon_granville_ceiling,blocked_unfilled,blocked_unfilled,Z,residue_only,blocked_unfilled,blocked_unfilled,under_test,Q_503,pass_predefined,45,0,19.775021196,0.439444915467,blocked_unfilled,control_class=actual_near_miss,19.775021196,local_obstruction_before_drift
rank2_Q503_random_root_sets,random_root_sets,2,7,7,3,116,193,217276,10257352303600576,217276,503,prime_block_le_503,45,7425387163249856130442960012501049141001305819406163509869875583601074657992881456415943936664692413,229.960829033,387420489,19.775021196,26,19,0,,197.896884123,19.775021196,1.02756921901,0.973155495008,1.14470739725,none_visible,6.23761783075,0.333333333333,5.90428449742,deterministic_seeded_random_sets_same_cardinality,local_obstruction_before_drift,local_residue_sieve,blocked_unfilled,darmon_granville_ceiling,blocked_unfilled,blocked_unfilled,Z,residue_only,blocked_unfilled,blocked_unfilled,negative_control_passed,Q_503,pass_predefined,45,0,19.775021196,0.439444915467,blocked_unfilled,control_class=random_root_sets,19.775021196,local_obstruction_before_drift
rank2_Q503_exact_power_anchor,exact_power_anchor,2,7,7,3,116,193,217276,10257352303600576,217276,503,prime_block_le_503,45,7425387163249856130442960012501049141001305819406163509869875583601074657992881456415943936664692413,229.960829033,2954312706550833698643,49.4375529901,0,0,1,217276,168.234352329,49.4375529901,1.00520374155,0.98067537244,1.05398305483,constructed_exact_power_root,6.23761783075,0.333333333333,5.90428449742,C_from_near_power_row_as_positive_control,positive_control_survivor,local_residue_sieve,blocked_unfilled,darmon_granville_ceiling,blocked_unfilled,blocked_unfilled,Z,survivor_kandidat_requires_overlap_check,blocked_unfilled,blocked_unfilled,positive_control_passed,Q_503,pass_predefined,45,4.60244113478e-06,49.4375529901,1.09861228867,blocked_unfilled,control_class=exact_power_anchor,49.4375529901,positive_control_survivor
rank3_Q503_actual_near_miss,actual_near_miss,3,7,7,3,123,233,335332,37707261911714368,335332,503,prime_block_le_503,45,7425387163249856130442960012501049141001305819406163509869875583601074657992881456415943936664692413,229.960829033,1594323,14.2819597527,32,13,0,,202.955992915,14.2819597527,1.01832208522,0.978621518707,1.0829155053,none_visible,6.0248647774,0.333333333333,5.69153144407,existing_near_power_csv,local_obstruction_before_drift,local_residue_sieve,blocked_unfilled,darmon_granville_ceiling,blocked_unfilled,blocked_unfilled,Z,residue_only,blocked_unfilled,blocked_unfilled,under_test,Q_503,pass_predefined,45,0,14.2819597527,0.317376883393,blocked_unfilled,control_class=actual_near_miss,14.2819597527,local_obstruction_before_drift
rank3_Q503_random_root_sets,random_root_sets,3,7,7,3,123,233,335332,37707261911714368,335332,503,prime_block_le_503,45,7425387163249856130442960012501049141001305819406163509869875583601074657992881456415943936664692413,229.960829033,1594323,14.2819597527,32,13,0,,202.955992915,14.2819597527,1.01193932845,0.818800803714,1.14621926926,none_visible,6.0248647774,0.333333333333,5.69153144407,deterministic_seeded_random_sets_same_cardinality,local_obstruction_before_drift,local_residue_sieve,blocked_unfilled,darmon_granville_ceiling,blocked_unfilled,blocked_unfilled,Z,residue_only,blocked_unfilled,blocked_unfilled,negative_control_passed,Q_503,pass_predefined,45,0,14.2819597527,0.317376883393,blocked_unfilled,control_class=random_root_sets,14.2819597527,local_obstruction_before_drift
rank3_Q503_exact_power_anchor,exact_power_anchor,3,7,7,3,123,233,335332,37707261911714368,335332,503,prime_block_le_503,45,7425387163249856130442960012501049141001305819406163509869875583601074657992881456415943936664692413,229.960829033,2954312706550833698643,49.4375529901,0,0,1,335332,167.800399678,49.4375529901,1.00015516684,0.992630189384,1.00905934682,constructed_exact_power_root,6.0248647774,0.333333333333,5.69153144407,C_from_near_power_row_as_positive_control,positive_control_survivor,local_residue_sieve,blocked_unfilled,darmon_granville_ceiling,blocked_unfilled,blocked_unfilled,Z,survivor_kandidat_requires_overlap_check,blocked_unfilled,blocked_unfilled,positive_control_passed,Q_503,pass_predefined,45,2.9821192132e-06,49.4375529901,1.09861228867,blocked_unfilled,control_class=exact_power_anchor,49.4375529901,positive_control_survivor
rank4_Q503_actual_near_miss,actual_near_miss,4,7,7,3,166,247,390533,59562540435549437,390533,503,prime_block_le_503,45,7425387163249856130442960012501049141001305819406163509869875583601074657992881456415943936664692413,229.960829033,177147,12.0847351753,33,13,0,,205.000826106,12.0847351753,1.01163077645,0.962278902594,1.04582768222,none_visible,5.95355460995,0.333333333333,5.62022127661,existing_near_power_csv,local_obstruction_before_drift,local_residue_sieve,blocked_unfilled,darmon_granville_ceiling,blocked_unfilled,blocked_unfilled,Z,residue_only,blocked_unfilled,blocked_unfilled,under_test,Q_503,pass_predefined,45,0,12.0847351753,0.268549670563,blocked_unfilled,control_class=actual_near_miss,12.0847351753,local_obstruction_before_drift
rank4_Q503_random_root_sets,random_root_sets,4,7,7,3,166,247,390533,59562540435549437,390533,503,prime_block_le_503,45,7425387163249856130442960012501049141001305819406163509869875583601074657992881456415943936664692413,229.960829033,177147,12.0847351753,33,13,0,,205.000826106,12.0847351753,0.997925239029,0.919517684805,1.15473468311,none_visible,5.95355460995,0.333333333333,5.62022127661,deterministic_seeded_random_sets_same_cardinality,local_obstruction_before_drift,local_residue_sieve,blocked_unfilled,darmon_granville_ceiling,blocked_unfilled,blocked_unfilled,Z,residue_only,blocked_unfilled,blocked_unfilled,negative_control_passed,Q_503,pass_predefined,45,0,12.0847351753,0.268549670563,blocked_unfilled,control_class=random_root_sets,12.0847351753,local_obstruction_before_drift
rank4_Q503_exact_power_anchor,exact_power_anchor,4,7,7,3,166,247,390533,59562540435549437,390533,503,prime_block_le_503,45,7425387163249856130442960012501049141001305819406163509869875583601074657992881456415943936664692413,229.960829033,984770902183611232881,48.3389407014,0,0,1,390533,168.74662058,48.3389407014,1.00524525314,0.973452805383,1.03632556873,constructed_exact_power_root,5.95355460995,0.333333333333,5.62022127661,C_from_near_power_row_as_positive_control,positive_control_survivor,local_residue_sieve,blocked_unfilled,darmon_granville_ceiling,blocked_unfilled,blocked_unfilled,Z,survivor_kandidat_requires_overlap_check,blocked_unfilled,blocked_unfilled,positive_control_passed,Q_503,pass_predefined,45,2.56060307324e-06,48.3389407014,1.07419868225,blocked_unfilled,control_class=exact_power_anchor,48.3389407014,positive_control_survivor
rank5_Q503_actual_near_miss,actual_near_miss,5,5,6,4,198,227,3422,137126067287056,3422,503,prime_block_le_503,95,31398901067973367931867134116182661800398427494539659144913198607495744580381215857356437160911524359731932107778284285404578948682310117300678465382306156119946455274779322906621879885004896897929424563183835,480.081887144,8796093022208,29.8053287641,63,5,0,,442.138577926,29.8053287641,1.4341850526,0,8.84738457043,none_visible,14.74818875,0.25,14.49818875,existing_near_power_csv,local_obstruction_before_drift,local_residue_sieve,blocked_unfilled,darmon_granville_ceiling,blocked_unfilled,blocked_unfilled,Z,residue_only,blocked_unfilled,blocked_unfilled,under_test,Q_503,pass_predefined,95,0,29.8053287641,0.31374030278,blocked_unfilled,control_class=actual_near_miss,29.8053287641,local_obstruction_before_drift
rank5_Q503_random_root_sets,random_root_sets,5,5,6,4,198,227,3422,137126067287056,3422,503,prime_block_le_503,95,31398901067973367931867134116182661800398427494539659144913198607495744580381215857356437160911524359731932107778284285404578948682310117300678465382306156119946455274779322906621879885004896897929424563183835,480.081887144,8796093022208,29.8053287641,63,5,0,,442.138577926,29.8053287641,1.24106425336,0,4.04164231444,none_visible,14.74818875,0.25,14.49818875,deterministic_seeded_random_sets_same_cardinality,local_obstruction_before_drift,local_residue_sieve,blocked_unfilled,darmon_granville_ceiling,blocked_unfilled,blocked_unfilled,Z,residue_only,blocked_unfilled,blocked_unfilled,negative_control_passed,Q_503,pass_predefined,95,0,29.8053287641,0.31374030278,blocked_unfilled,control_class=random_root_sets,29.8053287641,local_obstruction_before_drift
rank5_Q503_exact_power_anchor,exact_power_anchor,5,5,6,4,198,227,3422,137126067287056,3422,503,prime_block_le_503,95,31398901067973367931867134116182661800398427494539659144913198607495744580381215857356437160911524359731932107778284285404578948682310117300678465382306156119946455274779322906621879885004896897929424563183835,480.081887144,87112285931760246646623899502532662132736,94.2680165562,0,0,1,3422,377.675890134,94.2680165562,1.04711700029,0.630698421975,1.43709818819,constructed_exact_power_root,14.74818875,0.25,14.49818875,C_from_near_power_row_as_positive_control,positive_control_survivor,local_residue_sieve,blocked_unfilled,darmon_granville_ceiling,blocked_unfilled,blocked_unfilled,Z,survivor_kandidat_requires_overlap_check,blocked_unfilled,blocked_unfilled,positive_control_passed,Q_503,pass_predefined,95,0.000292226767972,94.2680165562,0.992294911117,blocked_unfilled,control_class=exact_power_anchor,94.2680165562,positive_control_survivor
rank6_Q503_actual_near_miss,actual_near_miss,6,6,6,3,185,218,52827,147423882533283,52827,503,prime_block_le_503,45,7425387163249856130442960012501049141001305819406163509869875583601074657992881456415943936664692413,229.960829033,4782969,15.3805720414,31,7,0,,203.705479289,15.3805720414,0.97958454617,0.665575053161,1.28779475142,none_visible,7.04875187096,0.333333333333,6.71541853762,existing_near_power_csv,local_obstruction_before_drift,local_residue_sieve,blocked_unfilled,darmon_granville_ceiling,blocked_unfilled,blocked_unfilled,Z,residue_only,blocked_unfilled,blocked_unfilled,under_test,Q_503,pass_predefined,45,0,15.3805720414,0.341790489808,blocked_unfilled,control_class=actual_near_miss,15.3805720414,local_obstruction_before_drift
rank6_Q503_random_root_sets,random_root_sets,6,6,6,3,185,218,52827,147423882533283,52827,503,prime_block_le_503,45,7425387163249856130442960012501049141001305819406163509869875583601074657992881456415943936664692413,229.960829033,4782969,15.3805720414,31,7,0,,203.705479289,15.3805720414,1.0308526833,0,2.10159156828,none_visible,7.04875187096,0.333333333333,6.71541853762,deterministic_seeded_random_sets_same_cardinality,local_obstruction_before_drift,local_residue_sieve,blocked_unfilled,darmon_granville_ceiling,blocked_unfilled,blocked_unfilled,Z,residue_only,blocked_unfilled,blocked_unfilled,negative_control_passed,Q_503,pass_predefined,45,0,15.3805720414,0.341790489808,blocked_unfilled,control_class=random_root_sets,15.3805720414,local_obstruction_before_drift
rank6_Q503_exact_power_anchor,exact_power_anchor,6,6,6,3,185,218,52827,147423882533283,52827,503,prime_block_le_503,45,7425387163249856130442960012501049141001305819406163509869875583601074657992881456415943936664692413,229.960829033,2954312706550833698643,49.4375529901,0,0,1,52827,169.64849834,49.4375529901,1.02736693287,0.947396428173,1.21172254087,constructed_exact_power_root,7.04875187096,0.333333333333,6.71541853762,C_from_near_power_row_as_positive_control,positive_control_survivor,local_residue_sieve,blocked_unfilled,darmon_granville_ceiling,blocked_unfilled,blocked_unfilled,Z,survivor_kandidat_requires_overlap_check,blocked_unfilled,blocked_unfilled,positive_control_passed,Q_503,pass_predefined,45,1.8929713972e-05,49.4375529901,1.09861228867,blocked_unfilled,control_class=exact_power_anchor,49.4375529901,positive_control_survivor
rank7_Q503_actual_near_miss,actual_near_miss,7,6,7,3,162,85,36873,50133199270617,36873,503,prime_block_le_503,45,7425387163249856130442960012501049141001305819406163509869875583601074657992881456415943936664692413,229.960829033,19683,9.88751059801,36,7,0,,209.55808358,9.88751059801,0.841507787993,0.378780619363,1.03220362988,none_visible,7.28976677511,0.333333333333,6.95643344178,existing_near_power_csv,local_obstruction_before_drift,local_residue_sieve,blocked_unfilled,darmon_granville_ceiling,blocked_unfilled,blocked_unfilled,Z,residue_only,blocked_unfilled,blocked_unfilled,under_test,Q_503,pass_predefined,45,0,9.88751059801,0.219722457734,blocked_unfilled,control_class=actual_near_miss,9.88751059801,local_obstruction_before_drift
rank7_Q503_random_root_sets,random_root_sets,7,6,7,3,162,85,36873,50133199270617,36873,503,prime_block_le_503,45,7425387163249856130442960012501049141001305819406163509869875583601074657992881456415943936664692413,229.960829033,19683,9.88751059801,36,7,0,,209.55808358,9.88751059801,1.02674420006,0.550399720361,1.51512247745,none_visible,7.28976677511,0.333333333333,6.95643344178,deterministic_seeded_random_sets_same_cardinality,local_obstruction_before_drift,local_residue_sieve,blocked_unfilled,darmon_granville_ceiling,blocked_unfilled,blocked_unfilled,Z,residue_only,blocked_unfilled,blocked_unfilled,negative_control_passed,Q_503,pass_predefined,45,0,9.88751059801,0.219722457734,blocked_unfilled,control_class=random_root_sets,9.88751059801,local_obstruction_before_drift
rank7_Q503_exact_power_anchor,exact_power_anchor,7,6,7,3,162,85,36873,50133199270617,36873,503,prime_block_le_503,45,7425387163249856130442960012501049141001305819406163509869875583601074657992881456415943936664692413,229.960829033,984770902183611232881,48.3389407014,0,0,1,36873,171.106653477,48.3389407014,1.00485035723,0.759164338857,1.24463850393,constructed_exact_power_root,7.28976677511,0.333333333333,6.95643344178,C_from_near_power_row_as_positive_control,positive_control_survivor,local_residue_sieve,blocked_unfilled,darmon_granville_ceiling,blocked_unfilled,blocked_unfilled,Z,survivor_kandidat_requires_overlap_check,blocked_unfilled,blocked_unfilled,positive_control_passed,Q_503,pass_predefined,45,2.71201149893e-05,48.3389407014,1.07419868225,blocked_unfilled,control_class=exact_power_anchor,48.3389407014,positive_control_survivor
rank8_Q503_actual_near_miss,actual_near_miss,8,3,6,3,244,27,738,401947272,738,503,prime_block_le_503,45,7425387163249856130442960012501049141001305819406163509869875583601074657992881456415943936664692413,229.960829033,387420489,19.775021196,23,37,0,,203.581864012,19.775021196,1.66036477825,0,13.3256549232,none_visible,11.6072473833,0.333333333333,11.27391405,existing_near_power_csv,local_obstruction_before_drift,local_residue_sieve,blocked_unfilled,darmon_granville_ceiling,blocked_unfilled,blocked_unfilled,Z,residue_only,blocked_unfilled,blocked_unfilled,under_test,Q_503,pass_predefined,45,0,19.775021196,0.439444915467,blocked_unfilled,control_class=actual_near_miss,19.775021196,local_obstruction_before_drift
rank8_Q503_random_root_sets,random_root_sets,8,3,6,3,244,27,738,401947272,738,503,prime_block_le_503,45,7425387163249856130442960012501049141001305819406163509869875583601074657992881456415943936664692413,229.960829033,387420489,19.775021196,23,37,0,,203.581864012,19.775021196,1.70599073716,0,24.4464016862,none_visible,11.6072473833,0.333333333333,11.27391405,deterministic_seeded_random_sets_same_cardinality,local_obstruction_before_drift,local_residue_sieve,blocked_unfilled,darmon_granville_ceiling,blocked_unfilled,blocked_unfilled,Z,residue_only,blocked_unfilled,blocked_unfilled,negative_control_passed,Q_503,pass_predefined,45,0,19.775021196,0.439444915467,blocked_unfilled,control_class=random_root_sets,19.775021196,local_obstruction_before_drift
rank8_Q503_exact_power_anchor,exact_power_anchor,8,3,6,3,244,27,738,401947272,738,503,prime_block_le_503,45,7425387163249856130442960012501049141001305819406163509869875583601074657992881456415943936664692413,229.960829033,2954312706550833698643,49.4375529901,0,0,1,738,173.919332218,49.4375529901,3.65280287062,0.863444745559,11.5648900933,constructed_exact_power_root,11.6072473833,0.333333333333,11.27391405,C_from_near_power_row_as_positive_control,positive_control_survivor,local_residue_sieve,blocked_unfilled,darmon_granville_ceiling,blocked_unfilled,blocked_unfilled,Z,survivor_kandidat_requires_overlap_check,blocked_unfilled,blocked_unfilled,positive_control_passed,Q_503,pass_predefined,45,0.00135501355014,49.4375529901,1.09861228867,blocked_unfilled,control_class=exact_power_anchor,49.4375529901,positive_control_survivor
rank9_Q503_actual_near_miss,actual_near_miss,9,7,7,3,192,205,291752,24833705446251008,291752,503,prime_block_le_503,45,7425387163249856130442960012501049141001305819406163509869875583601074657992881456415943936664692413,229.960829033,10460353203,23.070858062,23,7,0,,194.306311566,23.070858062,0.990298475577,0.763831381904,1.09908986628,none_visible,6.0915197407,0.333333333333,5.75818640736,existing_near_power_csv,local_obstruction_before_drift,local_residue_sieve,blocked_unfilled,darmon_granville_ceiling,blocked_unfilled,blocked_unfilled,Z,residue_only,blocked_unfilled,blocked_unfilled,under_test,Q_503,pass_predefined,45,0,23.070858062,0.512685734712,blocked_unfilled,control_class=actual_near_miss,23.070858062,local_obstruction_before_drift
rank9_Q503_random_root_sets,random_root_sets,9,7,7,3,192,205,291752,24833705446251008,291752,503,prime_block_le_503,45,7425387163249856130442960012501049141001305819406163509869875583601074657992881456415943936664692413,229.960829033,10460353203,23.070858062,23,7,0,,194.306311566,23.070858062,1.00255371997,0.952544550775,1.04757274824,none_visible,6.0915197407,0.333333333333,5.75818640736,deterministic_seeded_random_sets_same_cardinality,local_obstruction_before_drift,local_residue_sieve,blocked_unfilled,darmon_granville_ceiling,blocked_unfilled,blocked_unfilled,Z,residue_only,blocked_unfilled,blocked_unfilled,negative_control_passed,Q_503,pass_predefined,45,0,23.070858062,0.512685734712,blocked_unfilled,control_class=random_root_sets,23.070858062,local_obstruction_before_drift
rank9_Q503_exact_power_anchor,exact_power_anchor,9,7,7,3,192,205,291752,24833705446251008,291752,503,prime_block_le_503,45,7425387163249856130442960012501049141001305819406163509869875583601074657992881456415943936664692413,229.960829033,2954312706550833698643,49.4375529901,0,0,1,291752,167.939616638,49.4375529901,1.00389216285,0.991450120498,1.0298933493,constructed_exact_power_root,6.0915197407,0.333333333333,5.75818640736,C_from_near_power_row_as_positive_control,positive_control_survivor,local_residue_sieve,blocked_unfilled,darmon_granville_ceiling,blocked_unfilled,blocked_unfilled,Z,survivor_kandidat_requires_overlap_check,blocked_unfilled,blocked_unfilled,positive_control_passed,Q_503,pass_predefined,45,3.42756861992e-06,49.4375529901,1.09861228867,blocked_unfilled,control_class=exact_power_anchor,49.4375529901,positive_control_survivor
rank10_Q503_actual_near_miss,actual_near_miss,10,7,7,3,121,232,331882,36555362570660968,331882,503,prime_block_le_503,45,7425387163249856130442960012501049141001305819406163509869875583601074657992881456415943936664692413,229.960829033,4782969,15.3805720414,31,7,0,,201.867722229,15.3805720414,0.99228183099,0.953480453896,1.05531584519,none_visible,6.02976598346,0.333333333333,5.69643265012,existing_near_power_csv,local_obstruction_before_drift,local_residue_sieve,blocked_unfilled,darmon_granville_ceiling,blocked_unfilled,blocked_unfilled,Z,residue_only,blocked_unfilled,blocked_unfilled,under_test,Q_503,pass_predefined,45,0,15.3805720414,0.341790489808,blocked_unfilled,control_class=actual_near_miss,15.3805720414,local_obstruction_before_drift
rank10_Q503_random_root_sets,random_root_sets,10,7,7,3,121,232,331882,36555362570660968,331882,503,prime_block_le_503,45,7425387163249856130442960012501049141001305819406163509869875583601074657992881456415943936664692413,229.960829033,4782969,15.3805720414,31,7,0,,201.867722229,15.3805720414,0.998701319906,0.952352208181,1.05942272655,none_visible,6.02976598346,0.333333333333,5.69643265012,deterministic_seeded_random_sets_same_cardinality,local_obstruction_before_drift,local_residue_sieve,blocked_unfilled,darmon_granville_ceiling,blocked_unfilled,blocked_unfilled,Z,residue_only,blocked_unfilled,blocked_unfilled,negative_control_passed,Q_503,pass_predefined,45,0,15.3805720414,0.341790489808,blocked_unfilled,control_class=random_root_sets,15.3805720414,local_obstruction_before_drift
rank10_Q503_exact_power_anchor,exact_power_anchor,10,7,7,3,121,232,331882,36555362570660968,331882,503,prime_block_le_503,45,7425387163249856130442960012501049141001305819406163509869875583601074657992881456415943936664692413,229.960829033,2954312706550833698643,49.4375529901,0,0,1,331882,167.81074128,49.4375529901,1.00667629079,0.993845871592,1.03969282255,constructed_exact_power_root,6.02976598346,0.333333333333,5.69643265012,C_from_near_power_row_as_positive_control,positive_control_survivor,local_residue_sieve,blocked_unfilled,darmon_granville_ceiling,blocked_unfilled,blocked_unfilled,Z,survivor_kandidat_requires_overlap_check,blocked_unfilled,blocked_unfilled,positive_control_passed,Q_503,pass_predefined,45,3.01311912065e-06,49.4375529901,1.09861228867,blocked_unfilled,control_class=exact_power_anchor,49.4375529901,positive_control_survivor
rank11_Q503_actual_near_miss,actual_near_miss,11,6,7,3,243,121,83665,585640963104625,83665,503,prime_block_le_503,45,7425387163249856130442960012501049141001305819406163509869875583601074657992881456415943936664692413,229.960829033,129140163,18.6764089074,27,7,0,,199.949844117,18.6764089074,1.09802038866,0.423803927037,1.71813913956,none_visible,6.76281226728,0.333333333333,6.42947893395,existing_near_power_csv,local_obstruction_before_drift,local_residue_sieve,blocked_unfilled,darmon_granville_ceiling,blocked_unfilled,blocked_unfilled,Z,residue_only,blocked_unfilled,blocked_unfilled,under_test,Q_503,pass_predefined,45,0,18.6764089074,0.415031309052,blocked_unfilled,control_class=actual_near_miss,18.6764089074,local_obstruction_before_drift
rank11_Q503_random_root_sets,random_root_sets,11,6,7,3,243,121,83665,585640963104625,83665,503,prime_block_le_503,45,7425387163249856130442960012501049141001305819406163509869875583601074657992881456415943936664692413,229.960829033,129140163,18.6764089074,27,7,0,,199.949844117,18.6764089074,0.995538540921,0.295568968837,1.61366428282,none_visible,6.76281226728,0.333333333333,6.42947893395,deterministic_seeded_random_sets_same_cardinality,local_obstruction_before_drift,local_residue_sieve,blocked_unfilled,darmon_granville_ceiling,blocked_unfilled,blocked_unfilled,Z,residue_only,blocked_unfilled,blocked_unfilled,negative_control_passed,Q_503,pass_predefined,45,0,18.6764089074,0.415031309052,blocked_unfilled,control_class=random_root_sets,18.6764089074,local_obstruction_before_drift
rank11_Q503_exact_power_anchor,exact_power_anchor,11,6,7,3,243,121,83665,585640963104625,83665,503,prime_block_le_503,45,7425387163249856130442960012501049141001305819406163509869875583601074657992881456415943936664692413,229.960829033,2954312706550833698643,49.4375529901,0,0,1,83665,169.188700034,49.4375529901,1.01780153876,0.952817121191,1.17314554739,constructed_exact_power_root,6.76281226728,0.333333333333,6.42947893395,C_from_near_power_row_as_positive_control,positive_control_survivor,local_residue_sieve,blocked_unfilled,darmon_granville_ceiling,blocked_unfilled,blocked_unfilled,Z,survivor_kandidat_requires_overlap_check,blocked_unfilled,blocked_unfilled,positive_control_passed,Q_503,pass_predefined,45,1.19524293313e-05,49.4375529901,1.09861228867,blocked_unfilled,control_class=exact_power_anchor,49.4375529901,positive_control_survivor
rank12_Q503_actual_near_miss,actual_near_miss,12,5,6,3,153,137,18848,6695697416192,18848,503,prime_block_le_503,45,7425387163249856130442960012501049141001305819406163509869875583601074657992881456415943936664692413,229.960829033,3486784401,21.9722457734,24,13,0,,198.144421173,21.9722457734,1.03832678976,0,2.49470618751,none_visible,7.78670739109,0.333333333333,7.45337405776,existing_near_power_csv,local_obstruction_before_drift,local_residue_sieve,blocked_unfilled,darmon_granville_ceiling,blocked_unfilled,blocked_unfilled,Z,residue_only,blocked_unfilled,blocked_unfilled,under_test,Q_503,pass_predefined,45,0,21.9722457734,0.488272128297,blocked_unfilled,control_class=actual_near_miss,21.9722457734,local_obstruction_before_drift
rank12_Q503_random_root_sets,random_root_sets,12,5,6,3,153,137,18848,6695697416192,18848,503,prime_block_le_503,45,7425387163249856130442960012501049141001305819406163509869875583601074657992881456415943936664692413,229.960829033,3486784401,21.9722457734,24,13,0,,198.144421173,21.9722457734,1.09894330079,0,3.36175367855,none_visible,7.78670739109,0.333333333333,7.45337405776,deterministic_seeded_random_sets_same_cardinality,local_obstruction_before_drift,local_residue_sieve,blocked_unfilled,darmon_granville_ceiling,blocked_unfilled,blocked_unfilled,Z,residue_only,blocked_unfilled,blocked_unfilled,negative_control_passed,Q_503,pass_predefined,45,0,21.9722457734,0.488272128297,blocked_unfilled,control_class=random_root_sets,21.9722457734,local_obstruction_before_drift
rank12_Q503_exact_power_anchor,exact_power_anchor,12,5,6,3,153,137,18848,6695697416192,18848,503,prime_block_le_503,45,7425387163249856130442960012501049141001305819406163509869875583601074657992881456415943936664692413,229.960829033,328256967394537077627,47.2403284127,0,0,1,18848,172.876338534,47.2403284127,1.03689015044,0.832148415393,1.35848189021,constructed_exact_power_root,7.78670739109,0.333333333333,7.45337405776,C_from_near_power_row_as_positive_control,positive_control_survivor,local_residue_sieve,blocked_unfilled,darmon_granville_ceiling,blocked_unfilled,blocked_unfilled,Z,survivor_kandidat_requires_overlap_check,blocked_unfilled,blocked_unfilled,positive_control_passed,Q_503,pass_predefined,45,5.30560271647e-05,47.2403284127,1.04978507584,blocked_unfilled,control_class=exact_power_anchor,47.2403284127,positive_control_survivor
rank13_Q503_actual_near_miss,actual_near_miss,13,7,7,3,169,231,339224,39035496952231424,339224,503,prime_block_le_503,45,7425387163249856130442960012501049141001305819406163509869875583601074657992881456415943936664692413,229.960829033,387420489,19.775021196,27,13,0,,197.451391902,19.775021196,1.00121401649,0.926080963873,1.09187144777,none_visible,6.01940521405,0.333333333333,5.68607188071,existing_near_power_csv,local_obstruction_before_drift,local_residue_sieve,blocked_unfilled,darmon_granville_ceiling,blocked_unfilled,blocked_unfilled,Z,residue_only,blocked_unfilled,blocked_unfilled,under_test,Q_503,pass_predefined,45,0,19.775021196,0.439444915467,blocked_unfilled,control_class=actual_near_miss,19.775021196,local_obstruction_before_drift
rank13_Q503_random_root_sets,random_root_sets,13,7,7,3,169,231,339224,39035496952231424,339224,503,prime_block_le_503,45,7425387163249856130442960012501049141001305819406163509869875583601074657992881456415943936664692413,229.960829033,387420489,19.775021196,27,13,0,,197.451391902,19.775021196,0.995386953137,0.840321832575,1.19396524617,none_visible,6.01940521405,0.333333333333,5.68607188071,deterministic_seeded_random_sets_same_cardinality,local_obstruction_before_drift,local_residue_sieve,blocked_unfilled,darmon_granville_ceiling,blocked_unfilled,blocked_unfilled,Z,residue_only,blocked_unfilled,blocked_unfilled,negative_control_passed,Q_503,pass_predefined,45,0,19.775021196,0.439444915467,blocked_unfilled,control_class=random_root_sets,19.775021196,local_obstruction_before_drift
rank13_Q503_exact_power_anchor,exact_power_anchor,13,7,7,3,169,231,339224,39035496952231424,339224,503,prime_block_le_503,45,7425387163249856130442960012501049141001305819406163509869875583601074657992881456415943936664692413,229.960829033,2954312706550833698643,49.4375529901,0,0,1,339224,167.788860108,49.4375529901,1.00205197363,0.986366268634,1.0314963957,constructed_exact_power_root,6.01940521405,0.333333333333,5.68607188071,C_from_near_power_row_as_positive_control,positive_control_survivor,local_residue_sieve,blocked_unfilled,darmon_granville_ceiling,blocked_unfilled,blocked_unfilled,Z,survivor_kandidat_requires_overlap_check,blocked_unfilled,blocked_unfilled,positive_control_passed,Q_503,pass_predefined,45,2.94790462939e-06,49.4375529901,1.09861228867,blocked_unfilled,control_class=exact_power_anchor,49.4375529901,positive_control_survivor
rank14_Q503_actual_near_miss,actual_near_miss,14,6,7,3,249,233,334775,37519673991734375,334775,503,prime_block_le_503,45,7425387163249856130442960012501049141001305819406163509869875583601074657992881456415943936664692413,229.960829033,129140163,18.6764089074,27,7,0,,198.563206182,18.6764089074,1.00149090478,0.885075050407,1.19738663613,none_visible,6.02565211299,0.333333333333,5.69231877966,existing_near_power_csv,local_obstruction_before_drift,local_residue_sieve,blocked_unfilled,darmon_granville_ceiling,blocked_unfilled,blocked_unfilled,Z,residue_only,blocked_unfilled,blocked_unfilled,under_test,Q_503,pass_predefined,45,0,18.6764089074,0.415031309052,blocked_unfilled,control_class=actual_near_miss,18.6764089074,local_obstruction_before_drift
rank14_Q503_random_root_sets,random_root_sets,14,6,7,3,249,233,334775,37519673991734375,334775,503,prime_block_le_503,45,7425387163249856130442960012501049141001305819406163509869875583601074657992881456415943936664692413,229.960829033,129140163,18.6764089074,27,7,0,,198.563206182,18.6764089074,1.02157740322,0.968450783694,1.12254997137,none_visible,6.02565211299,0.333333333333,5.69231877966,deterministic_seeded_random_sets_same_cardinality,local_obstruction_before_drift,local_residue_sieve,blocked_unfilled,darmon_granville_ceiling,blocked_unfilled,blocked_unfilled,Z,residue_only,blocked_unfilled,blocked_unfilled,negative_control_passed,Q_503,pass_predefined,45,0,18.6764089074,0.415031309052,blocked_unfilled,control_class=random_root_sets,18.6764089074,local_obstruction_before_drift
rank14_Q503_exact_power_anchor,exact_power_anchor,14,6,7,3,249,233,334775,37519673991734375,334775,503,prime_block_le_503,45,7425387163249856130442960012501049141001305819406163509869875583601074657992881456415943936664692413,229.960829033,984770902183611232881,48.3389407014,0,0,1,334775,168.900674388,48.3389407014,1.00264270917,0.983043669463,1.02287938001,constructed_exact_power_root,6.02565211299,0.333333333333,5.69231877966,C_from_near_power_row_as_positive_control,positive_control_survivor,local_residue_sieve,blocked_unfilled,darmon_granville_ceiling,blocked_unfilled,blocked_unfilled,Z,survivor_kandidat_requires_overlap_check,blocked_unfilled,blocked_unfilled,positive_control_passed,Q_503,pass_predefined,45,2.98708087521e-06,48.3389407014,1.07419868225,blocked_unfilled,control_class=exact_power_anchor,48.3389407014,positive_control_survivor
rank15_Q503_actual_near_miss,actual_near_miss,15,7,7,3,158,243,374419,52489645185002059,374419,503,prime_block_le_503,45,7425387163249856130442960012501049141001305819406163509869875583601074657992881456415943936664692413,229.960829033,59049,10.9861228867,35,7,0,,206.141575376,10.9861228867,1.00510186333,0.98636227803,1.03929258101,none_visible,5.97310282662,0.333333333333,5.63976949329,existing_near_power_csv,local_obstruction_before_drift,local_residue_sieve,blocked_unfilled,darmon_granville_ceiling,blocked_unfilled,blocked_unfilled,Z,residue_only,blocked_unfilled,blocked_unfilled,under_test,Q_503,pass_predefined,45,0,10.9861228867,0.244136064148,blocked_unfilled,control_class=actual_near_miss,10.9861228867,local_obstruction_before_drift
rank15_Q503_random_root_sets,random_root_sets,15,7,7,3,158,243,374419,52489645185002059,374419,503,prime_block_le_503,45,7425387163249856130442960012501049141001305819406163509869875583601074657992881456415943936664692413,229.960829033,59049,10.9861228867,35,7,0,,206.141575376,10.9861228867,0.989680076843,0.959903803552,1.01537048066,none_visible,5.97310282662,0.333333333333,5.63976949329,deterministic_seeded_random_sets_same_cardinality,local_obstruction_before_drift,local_residue_sieve,blocked_unfilled,darmon_granville_ceiling,blocked_unfilled,blocked_unfilled,Z,residue_only,blocked_unfilled,blocked_unfilled,negative_control_passed,Q_503,pass_predefined,45,0,10.9861228867,0.244136064148,blocked_unfilled,control_class=random_root_sets,10.9861228867,local_obstruction_before_drift
rank15_Q503_exact_power_anchor,exact_power_anchor,15,7,7,3,158,243,374419,52489645185002059,374419,503,prime_block_le_503,45,7425387163249856130442960012501049141001305819406163509869875583601074657992881456415943936664692413,229.960829033,2954312706550833698643,49.4375529901,0,0,1,374419,167.690145273,49.4375529901,1.00161686308,0.982660246052,1.01534763045,constructed_exact_power_root,5.97310282662,0.333333333333,5.63976949329,C_from_near_power_row_as_positive_control,positive_control_survivor,local_residue_sieve,blocked_unfilled,darmon_granville_ceiling,blocked_unfilled,blocked_unfilled,Z,survivor_kandidat_requires_overlap_check,blocked_unfilled,blocked_unfilled,positive_control_passed,Q_503,pass_predefined,45,2.67080463331e-06,49.4375529901,1.09861228867,blocked_unfilled,control_class=exact_power_anchor,49.4375529901,positive_control_survivor
rank16_Q503_actual_near_miss,actual_near_miss,16,7,7,3,233,236,427367,78055399815039863,427367,503,prime_block_le_503,45,7425387163249856130442960012501049141001305819406163509869875583601074657992881456415943936664692413,229.960829033,177147,12.0847351753,32,13,0,,204.91069545,12.0847351753,0.996318326109,0.953507822967,1.04442681713,none_visible,5.91216769947,0.333333333333,5.57883436614,existing_near_power_csv,local_obstruction_before_drift,local_residue_sieve,blocked_unfilled,darmon_granville_ceiling,blocked_unfilled,blocked_unfilled,Z,residue_only,blocked_unfilled,blocked_unfilled,under_test,Q_503,pass_predefined,45,0,12.0847351753,0.268549670563,blocked_unfilled,control_class=actual_near_miss,12.0847351753,local_obstruction_before_drift
rank16_Q503_random_root_sets,random_root_sets,16,7,7,3,233,236,427367,78055399815039863,427367,503,prime_block_le_503,45,7425387163249856130442960012501049141001305819406163509869875583601074657992881456415943936664692413,229.960829033,177147,12.0847351753,32,13,0,,204.91069545,12.0847351753,0.996085808459,0.964086292734,1.01064944701,none_visible,5.91216769947,0.333333333333,5.57883436614,deterministic_seeded_random_sets_same_cardinality,local_obstruction_before_drift,local_residue_sieve,blocked_unfilled,darmon_granville_ceiling,blocked_unfilled,blocked_unfilled,Z,residue_only,blocked_unfilled,blocked_unfilled,negative_control_passed,Q_503,pass_predefined,45,0,12.0847351753,0.268549670563,blocked_unfilled,control_class=random_root_sets,12.0847351753,local_obstruction_before_drift
rank16_Q503_exact_power_anchor,exact_power_anchor,16,7,7,3,233,236,427367,78055399815039863,427367,503,prime_block_le_503,45,7425387163249856130442960012501049141001305819406163509869875583601074657992881456415943936664692413,229.960829033,328256967394537077627,47.2403284127,0,0,1,427367,169.755102212,47.2403284127,1.00210435839,0.975703682211,1.02232169436,constructed_exact_power_root,5.91216769947,0.333333333333,5.57883436614,C_from_near_power_row_as_positive_control,positive_control_survivor,local_residue_sieve,blocked_unfilled,darmon_granville_ceiling,blocked_unfilled,blocked_unfilled,Z,survivor_kandidat_requires_overlap_check,blocked_unfilled,blocked_unfilled,positive_control_passed,Q_503,pass_predefined,45,2.33990925832e-06,47.2403284127,1.04978507584,blocked_unfilled,control_class=exact_power_anchor,47.2403284127,positive_control_survivor
rank17_Q503_actual_near_miss,actual_near_miss,17,6,7,3,162,197,225934,11533065905080504,225934,503,prime_block_le_503,45,7425387163249856130442960012501049141001305819406163509869875583601074657992881456415943936664692413,229.960829033,1594323,14.2819597527,32,7,0,,203.35087108,14.2819597527,1.00168006291,0.939990341329,1.10305369415,none_visible,6.21784724761,0.333333333333,5.88451391427,existing_near_power_csv,local_obstruction_before_drift,local_residue_sieve,blocked_unfilled,darmon_granville_ceiling,blocked_unfilled,blocked_unfilled,Z,residue_only,blocked_unfilled,blocked_unfilled,under_test,Q_503,pass_predefined,45,0,14.2819597527,0.317376883393,blocked_unfilled,control_class=actual_near_miss,14.2819597527,local_obstruction_before_drift
rank17_Q503_random_root_sets,random_root_sets,17,6,7,3,162,197,225934,11533065905080504,225934,503,prime_block_le_503,45,7425387163249856130442960012501049141001305819406163509869875583601074657992881456415943936664692413,229.960829033,1594323,14.2819597527,32,7,0,,203.35087108,14.2819597527,1.0306102995,0.886686180723,1.26356369559,none_visible,6.21784724761,0.333333333333,5.88451391427,deterministic_seeded_random_sets_same_cardinality,local_obstruction_before_drift,local_residue_sieve,blocked_unfilled,darmon_granville_ceiling,blocked_unfilled,blocked_unfilled,Z,residue_only,blocked_unfilled,blocked_unfilled,negative_control_passed,Q_503,pass_predefined,45,0,14.2819597527,0.317376883393,blocked_unfilled,control_class=random_root_sets,14.2819597527,local_obstruction_before_drift
rank17_Q503_exact_power_anchor,exact_power_anchor,17,6,7,3,162,197,225934,11533065905080504,225934,503,prime_block_le_503,45,7425387163249856130442960012501049141001305819406163509869875583601074657992881456415943936664692413,229.960829033,2954312706550833698643,49.4375529901,0,0,1,225934,168.195277843,49.4375529901,1.01004712045,0.994237746913,1.0585052862,constructed_exact_power_root,6.21784724761,0.333333333333,5.88451391427,C_from_near_power_row_as_positive_control,positive_control_survivor,local_residue_sieve,blocked_unfilled,darmon_granville_ceiling,blocked_unfilled,blocked_unfilled,Z,survivor_kandidat_requires_overlap_check,blocked_unfilled,blocked_unfilled,positive_control_passed,Q_503,pass_predefined,45,4.42607133057e-06,49.4375529901,1.09861228867,blocked_unfilled,control_class=exact_power_anchor,49.4375529901,positive_control_survivor
rank18_Q503_actual_near_miss,actual_near_miss,18,7,7,3,195,197,281203,22236162996552427,281203,503,prime_block_le_503,45,7425387163249856130442960012501049141001305819406163509869875583601074657992881456415943936664692413,229.960829033,3486784401,21.9722457734,24,13,0,,195.441751152,21.9722457734,0.986786749944,0.843185646431,1.08043536757,none_visible,6.10939948995,0.333333333333,5.77606615662,existing_near_power_csv,local_obstruction_before_drift,local_residue_sieve,blocked_unfilled,darmon_granville_ceiling,blocked_unfilled,blocked_unfilled,Z,residue_only,blocked_unfilled,blocked_unfilled,under_test,Q_503,pass_predefined,45,0,21.9722457734,0.488272128297,blocked_unfilled,control_class=actual_near_miss,21.9722457734,local_obstruction_before_drift
rank18_Q503_random_root_sets,random_root_sets,18,7,7,3,195,197,281203,22236162996552427,281203,503,prime_block_le_503,45,7425387163249856130442960012501049141001305819406163509869875583601074657992881456415943936664692413,229.960829033,3486784401,21.9722457734,24,13,0,,195.441751152,21.9722457734,0.995231894555,0.86419063808,1.0885864581,none_visible,6.10939948995,0.333333333333,5.77606615662,deterministic_seeded_random_sets_same_cardinality,local_obstruction_before_drift,local_residue_sieve,blocked_unfilled,darmon_granville_ceiling,blocked_unfilled,blocked_unfilled,Z,residue_only,blocked_unfilled,blocked_unfilled,negative_control_passed,Q_503,pass_predefined,45,0,21.9722457734,0.488272128297,blocked_unfilled,control_class=random_root_sets,21.9722457734,local_obstruction_before_drift
rank18_Q503_exact_power_anchor,exact_power_anchor,18,7,7,3,195,197,281203,22236162996552427,281203,503,prime_block_le_503,45,7425387163249856130442960012501049141001305819406163509869875583601074657992881456415943936664692413,229.960829033,109418989131512359209,46.1417161241,0,0,1,281203,171.272280801,46.1417161241,1.00245759588,0.968543484007,1.01419852088,constructed_exact_power_root,6.10939948995,0.333333333333,5.77606615662,C_from_near_power_row_as_positive_control,positive_control_survivor,local_residue_sieve,blocked_unfilled,darmon_granville_ceiling,blocked_unfilled,blocked_unfilled,Z,survivor_kandidat_requires_overlap_check,blocked_unfilled,blocked_unfilled,positive_control_passed,Q_503,pass_predefined,45,3.5561498277e-06,46.1417161241,1.02537146942,blocked_unfilled,control_class=exact_power_anchor,46.1417161241,positive_control_survivor
rank19_Q503_actual_near_miss,actual_near_miss,19,7,7,3,139,245,377950,53988722234875000,377950,503,prime_block_le_503,45,7425387163249856130442960012501049141001305819406163509869875583601074657992881456415943936664692413,229.960829033,4782969,15.3805720414,31,13,0,,201.737739801,15.3805720414,1.00886686273,0.950001910894,1.07557613441,none_visible,5.96873716728,0.333333333333,5.63540383394,existing_near_power_csv,local_obstruction_before_drift,local_residue_sieve,blocked_unfilled,darmon_granville_ceiling,blocked_unfilled,blocked_unfilled,Z,residue_only,blocked_unfilled,blocked_unfilled,under_test,Q_503,pass_predefined,45,0,15.3805720414,0.341790489808,blocked_unfilled,control_class=actual_near_miss,15.3805720414,local_obstruction_before_drift
rank19_Q503_random_root_sets,random_root_sets,19,7,7,3,139,245,377950,53988722234875000,377950,503,prime_block_le_503,45,7425387163249856130442960012501049141001305819406163509869875583601074657992881456415943936664692413,229.960829033,4782969,15.3805720414,31,13,0,,201.737739801,15.3805720414,1.00067758703,0.957734562185,1.05017006953,none_visible,5.96873716728,0.333333333333,5.63540383394,deterministic_seeded_random_sets_same_cardinality,local_obstruction_before_drift,local_residue_sieve,blocked_unfilled,darmon_granville_ceiling,blocked_unfilled,blocked_unfilled,Z,residue_only,blocked_unfilled,blocked_unfilled,negative_control_passed,Q_503,pass_predefined,45,0,15.3805720414,0.341790489808,blocked_unfilled,control_class=random_root_sets,15.3805720414,local_obstruction_before_drift
rank19_Q503_exact_power_anchor,exact_power_anchor,19,7,7,3,139,245,377950,53988722234875000,377950,503,prime_block_le_503,45,7425387163249856130442960012501049141001305819406163509869875583601074657992881456415943936664692413,229.960829033,2954312706550833698643,49.4375529901,0,0,1,377950,167.680758852,49.4375529901,1.00249107025,0.988767473652,1.05090032485,constructed_exact_power_root,5.96873716728,0.333333333333,5.63540383394,C_from_near_power_row_as_positive_control,positive_control_survivor,local_residue_sieve,blocked_unfilled,darmon_granville_ceiling,blocked_unfilled,blocked_unfilled,Z,survivor_kandidat_requires_overlap_check,blocked_unfilled,blocked_unfilled,positive_control_passed,Q_503,pass_predefined,45,2.64585262601e-06,49.4375529901,1.09861228867,blocked_unfilled,control_class=exact_power_anchor,49.4375529901,positive_control_survivor
rank20_Q503_actual_near_miss,actual_near_miss,20,6,7,3,157,161,141264,2818996251807744,141264,503,prime_block_le_503,45,7425387163249856130442960012501049141001305819406163509869875583601074657992881456415943936664692413,229.960829033,4782969,15.3805720414,31,13,0,,202.721871232,15.3805720414,0.953867366478,0.573425170839,1.12980581669,none_visible,6.46408467683,0.333333333333,6.1307513435,existing_near_power_csv,local_obstruction_before_drift,local_residue_sieve,blocked_unfilled,darmon_granville_ceiling,blocked_unfilled,blocked_unfilled,Z,residue_only,blocked_unfilled,blocked_unfilled,under_test,Q_503,pass_predefined,45,0,15.3805720414,0.341790489808,blocked_unfilled,control_class=actual_near_miss,15.3805720414,local_obstruction_before_drift
rank20_Q503_random_root_sets,random_root_sets,20,6,7,3,157,161,141264,2818996251807744,141264,503,prime_block_le_503,45,7425387163249856130442960012501049141001305819406163509869875583601074657992881456415943936664692413,229.960829033,4782969,15.3805720414,31,13,0,,202.721871232,15.3805720414,1.05901788541,0.988580089604,1.5291337889,none_visible,6.46408467683,0.333333333333,6.1307513435,deterministic_seeded_random_sets_same_cardinality,local_obstruction_before_drift,local_residue_sieve,blocked_unfilled,darmon_granville_ceiling,blocked_unfilled,blocked_unfilled,Z,residue_only,blocked_unfilled,blocked_unfilled,negative_control_passed,Q_503,pass_predefined,45,0,15.3805720414,0.341790489808,blocked_unfilled,control_class=random_root_sets,15.3805720414,local_obstruction_before_drift
rank20_Q503_exact_power_anchor,exact_power_anchor,20,6,7,3,157,161,141264,2818996251807744,141264,503,prime_block_le_503,45,7425387163249856130442960012501049141001305819406163509869875583601074657992881456415943936664692413,229.960829033,984770902183611232881,48.3389407014,0,0,1,141264,169.763502572,48.3389407014,1.00403093446,0.911586344244,1.08450135916,constructed_exact_power_root,6.46408467683,0.333333333333,6.1307513435,C_from_near_power_row_as_positive_control,positive_control_survivor,local_residue_sieve,blocked_unfilled,darmon_granville_ceiling,blocked_unfilled,blocked_unfilled,Z,survivor_kandidat_requires_overlap_check,blocked_unfilled,blocked_unfilled,positive_control_passed,Q_503,pass_predefined,45,7.07894438781e-06,48.3389407014,1.07419868225,blocked_unfilled,control_class=exact_power_anchor,48.3389407014,positive_control_survivor
rank21_Q503_actual_near_miss,actual_near_miss,21,7,7,3,145,231,331550,36445767198875000,331550,503,prime_block_le_503,45,7425387163249856130442960012501049141001305819406163509869875583601074657992881456415943936664692413,229.960829033,3486784401,21.9722457734,25,7,0,,195.277049353,21.9722457734,0.99559663498,0.920265419997,1.03869099683,none_visible,6.03024074354,0.333333333333,5.69690741021,existing_near_power_csv,local_obstruction_before_drift,local_residue_sieve,blocked_unfilled,darmon_granville_ceiling,blocked_unfilled,blocked_unfilled,Z,residue_only,blocked_unfilled,blocked_unfilled,under_test,Q_503,pass_predefined,45,0,21.9722457734,0.488272128297,blocked_unfilled,control_class=actual_near_miss,21.9722457734,local_obstruction_before_drift
rank21_Q503_random_root_sets,random_root_sets,21,7,7,3,145,231,331550,36445767198875000,331550,503,prime_block_le_503,45,7425387163249856130442960012501049141001305819406163509869875583601074657992881456415943936664692413,229.960829033,3486784401,21.9722457734,25,7,0,,195.277049353,21.9722457734,1.00353134886,0.902682015449,1.12476884666,none_visible,6.03024074354,0.333333333333,5.69690741021,deterministic_seeded_random_sets_same_cardinality,local_obstruction_before_drift,local_residue_sieve,blocked_unfilled,darmon_granville_ceiling,blocked_unfilled,blocked_unfilled,Z,residue_only,blocked_unfilled,blocked_unfilled,negative_control_passed,Q_503,pass_predefined,45,0,21.9722457734,0.488272128297,blocked_unfilled,control_class=random_root_sets,21.9722457734,local_obstruction_before_drift
rank21_Q503_exact_power_anchor,exact_power_anchor,21,7,7,3,145,231,331550,36445767198875000,331550,503,prime_block_le_503,45,7425387163249856130442960012501049141001305819406163509869875583601074657992881456415943936664692413,229.960829033,328256967394537077627,47.2403284127,0,0,1,331550,170.008966713,47.2403284127,1.00607814307,0.996412138273,1.02496523065,constructed_exact_power_root,6.03024074354,0.333333333333,5.69690741021,C_from_near_power_row_as_positive_control,positive_control_survivor,local_residue_sieve,blocked_unfilled,darmon_granville_ceiling,blocked_unfilled,blocked_unfilled,Z,survivor_kandidat_requires_overlap_check,blocked_unfilled,blocked_unfilled,positive_control_passed,Q_503,pass_predefined,45,3.01613632936e-06,47.2403284127,1.04978507584,blocked_unfilled,control_class=exact_power_anchor,47.2403284127,positive_control_survivor
rank22_Q503_actual_near_miss,actual_near_miss,22,7,7,3,181,216,304744,28301241748662784,304744,503,prime_block_le_503,45,7425387163249856130442960012501049141001305819406163509869875583601074657992881456415943936664692413,229.960829033,729,6.59167373201,38,7,0,,210.741927942,6.59167373201,1.02244974774,0.983129008829,1.12816659229,none_visible,6.07050205869,0.333333333333,5.73716872536,existing_near_power_csv,local_obstruction_before_drift,local_residue_sieve,blocked_unfilled,darmon_granville_ceiling,blocked_unfilled,blocked_unfilled,Z,residue_only,blocked_unfilled,blocked_unfilled,under_test,Q_503,pass_predefined,45,0,6.59167373201,0.146481638489,blocked_unfilled,control_class=actual_near_miss,6.59167373201,local_obstruction_before_drift
rank22_Q503_random_root_sets,random_root_sets,22,7,7,3,181,216,304744,28301241748662784,304744,503,prime_block_le_503,45,7425387163249856130442960012501049141001305819406163509869875583601074657992881456415943936664692413,229.960829033,729,6.59167373201,38,7,0,,210.741927942,6.59167373201,0.987790116003,0.940138826906,1.00851206258,none_visible,6.07050205869,0.333333333333,5.73716872536,deterministic_seeded_random_sets_same_cardinality,local_obstruction_before_drift,local_residue_sieve,blocked_unfilled,darmon_granville_ceiling,blocked_unfilled,blocked_unfilled,Z,residue_only,blocked_unfilled,blocked_unfilled,negative_control_passed,Q_503,pass_predefined,45,0,6.59167373201,0.146481638489,blocked_unfilled,control_class=random_root_sets,6.59167373201,local_obstruction_before_drift
rank22_Q503_exact_power_anchor,exact_power_anchor,22,7,7,3,181,216,304744,28301241748662784,304744,503,prime_block_le_503,45,7425387163249856130442960012501049141001305819406163509869875583601074657992881456415943936664692413,229.960829033,2954312706550833698643,49.4375529901,0,0,1,304744,167.896048684,49.4375529901,1.00236789519,0.994023763479,1.02546034996,constructed_exact_power_root,6.07050205869,0.333333333333,5.73716872536,C_from_near_power_row_as_positive_control,positive_control_survivor,local_residue_sieve,blocked_unfilled,darmon_granville_ceiling,blocked_unfilled,blocked_unfilled,Z,survivor_kandidat_requires_overlap_check,blocked_unfilled,blocked_unfilled,positive_control_passed,Q_503,pass_predefined,45,3.28144278476e-06,49.4375529901,1.09861228867,blocked_unfilled,control_class=exact_power_anchor,49.4375529901,positive_control_survivor
rank23_Q503_actual_near_miss,actual_near_miss,23,6,7,3,250,243,369079,50275686066280039,369079,503,prime_block_le_503,45,7425387163249856130442960012501049141001305819406163509869875583601074657992881456415943936664692413,229.960829033,129140163,18.6764089074,27,13,0,,198.465654133,18.6764089074,0.997562418532,0.976810746028,1.03674883215,none_visible,5.97979631768,0.333333333333,5.64646298435,existing_near_power_csv,local_obstruction_before_drift,local_residue_sieve,blocked_unfilled,darmon_granville_ceiling,blocked_unfilled,blocked_unfilled,Z,residue_only,blocked_unfilled,blocked_unfilled,under_test,Q_503,pass_predefined,45,0,18.6764089074,0.415031309052,blocked_unfilled,control_class=actual_near_miss,18.6764089074,local_obstruction_before_drift
rank23_Q503_random_root_sets,random_root_sets,23,6,7,3,250,243,369079,50275686066280039,369079,503,prime_block_le_503,45,7425387163249856130442960012501049141001305819406163509869875583601074657992881456415943936664692413,229.960829033,129140163,18.6764089074,27,13,0,,198.465654133,18.6764089074,1.0097252325,0.946056113852,1.09738475141,none_visible,5.97979631768,0.333333333333,5.64646298435,deterministic_seeded_random_sets_same_cardinality,local_obstruction_before_drift,local_residue_sieve,blocked_unfilled,darmon_granville_ceiling,blocked_unfilled,blocked_unfilled,Z,residue_only,blocked_unfilled,blocked_unfilled,negative_control_passed,Q_503,pass_predefined,45,0,18.6764089074,0.415031309052,blocked_unfilled,control_class=random_root_sets,18.6764089074,local_obstruction_before_drift
rank23_Q503_exact_power_anchor,exact_power_anchor,23,6,7,3,250,243,369079,50275686066280039,369079,503,prime_block_le_503,45,7425387163249856130442960012501049141001305819406163509869875583601074657992881456415943936664692413,229.960829033,2954312706550833698643,49.4375529901,0,0,1,369079,167.704510051,49.4375529901,1.00107551249,0.971242832384,1.02465355957,constructed_exact_power_root,5.97979631768,0.333333333333,5.64646298435,C_from_near_power_row_as_positive_control,positive_control_survivor,local_residue_sieve,blocked_unfilled,darmon_granville_ceiling,blocked_unfilled,blocked_unfilled,Z,survivor_kandidat_requires_overlap_check,blocked_unfilled,blocked_unfilled,positive_control_passed,Q_503,pass_predefined,45,2.70944702896e-06,49.4375529901,1.09861228867,blocked_unfilled,control_class=exact_power_anchor,49.4375529901,positive_control_survivor
rank24_Q503_actual_near_miss,actual_near_miss,24,7,6,4,75,167,2433,35040350021121,2433,503,prime_block_le_503,95,31398901067973367931867134116182661800398427494539659144913198607495744580381215857356437160911524359731932107778284285404578948682310117300678465382306156119946455274779322906621879885004896897929424563183835,480.081887144,9007199254740992,36.7368005697,57,5,0,,435.548206232,36.7368005697,0.912059871215,0,2.86102548294,none_visible,15.3933966547,0.25,15.1433966547,existing_near_power_csv,local_obstruction_before_drift,local_residue_sieve,blocked_unfilled,darmon_granville_ceiling,blocked_unfilled,blocked_unfilled,Z,residue_only,blocked_unfilled,blocked_unfilled,under_test,Q_503,pass_predefined,95,0,36.7368005697,0.386703163891,blocked_unfilled,control_class=actual_near_miss,36.7368005697,local_obstruction_before_drift
rank24_Q503_random_root_sets,random_root_sets,24,7,6,4,75,167,2433,35040350021121,2433,503,prime_block_le_503,95,31398901067973367931867134116182661800398427494539659144913198607495744580381215857356437160911524359731932107778284285404578948682310117300678465382306156119946455274779322906621879885004896897929424563183835,480.081887144,9007199254740992,36.7368005697,57,5,0,,435.548206232,36.7368005697,1.2755514454,0,5.58528565557,none_visible,15.3933966547,0.25,15.1433966547,deterministic_seeded_random_sets_same_cardinality,local_obstruction_before_drift,local_residue_sieve,blocked_unfilled,darmon_granville_ceiling,blocked_unfilled,blocked_unfilled,Z,residue_only,blocked_unfilled,blocked_unfilled,negative_control_passed,Q_503,pass_predefined,95,0,36.7368005697,0.386703163891,blocked_unfilled,control_class=random_root_sets,36.7368005697,local_obstruction_before_drift
rank24_Q503_exact_power_anchor,exact_power_anchor,24,7,6,4,75,167,2433,35040350021121,2433,503,prime_block_le_503,95,31398901067973367931867134116182661800398427494539659144913198607495744580381215857356437160911524359731932107778284285404578948682310117300678465382306156119946455274779322906621879885004896897929424563183835,480.081887144,348449143727040986586495598010130648530944,95.6543109173,0,0,1,2433,376.630695884,95.6543109173,1.03319161871,0.673756678997,1.46639950678,constructed_exact_power_root,15.3933966547,0.25,15.1433966547,C_from_near_power_row_as_positive_control,positive_control_survivor,local_residue_sieve,blocked_unfilled,darmon_granville_ceiling,blocked_unfilled,blocked_unfilled,Z,survivor_kandidat_requires_overlap_check,blocked_unfilled,blocked_unfilled,positive_control_passed,Q_503,pass_predefined,95,0.000411015207563,95.6543109173,1.00688748334,blocked_unfilled,control_class=exact_power_anchor,95.6543109173,positive_control_survivor
rank25_Q503_actual_near_miss,actual_near_miss,25,7,7,3,103,178,179511,5784598208409831,179511,503,prime_block_le_503,45,7425387163249856130442960012501049141001305819406163509869875583601074657992881456415943936664692413,229.960829033,1162261467,20.8736334847,26,19,0,,196.989203782,20.8736334847,0.99936487265,0.901826505216,1.10553608909,none_visible,6.33606065849,0.333333333333,6.00272732516,existing_near_power_csv,local_obstruction_before_drift,local_residue_sieve,blocked_unfilled,darmon_granville_ceiling,blocked_unfilled,blocked_unfilled,Z,residue_only,blocked_unfilled,blocked_unfilled,under_test,Q_503,pass_predefined,45,0,20.8736334847,0.463858521882,blocked_unfilled,control_class=actual_near_miss,20.8736334847,local_obstruction_before_drift
rank25_Q503_random_root_sets,random_root_sets,25,7,7,3,103,178,179511,5784598208409831,179511,503,prime_block_le_503,45,7425387163249856130442960012501049141001305819406163509869875583601074657992881456415943936664692413,229.960829033,1162261467,20.8736334847,26,19,0,,196.989203782,20.8736334847,1.00716927076,0.759481158382,1.27035669123,none_visible,6.33606065849,0.333333333333,6.00272732516,deterministic_seeded_random_sets_same_cardinality,local_obstruction_before_drift,local_residue_sieve,blocked_unfilled,darmon_granville_ceiling,blocked_unfilled,blocked_unfilled,Z,residue_only,blocked_unfilled,blocked_unfilled,negative_control_passed,Q_503,pass_predefined,45,0,20.8736334847,0.463858521882,blocked_unfilled,control_class=random_root_sets,20.8736334847,local_obstruction_before_drift
rank25_Q503_exact_power_anchor,exact_power_anchor,25,7,7,3,103,178,179511,5784598208409831,179511,503,prime_block_le_503,45,7425387163249856130442960012501049141001305819406163509869875583601074657992881456415943936664692413,229.960829033,2954312706550833698643,49.4375529901,0,0,1,179511,168.425284277,49.4375529901,1.00768097467,0.948261295037,1.12728282204,constructed_exact_power_root,6.33606065849,0.333333333333,6.00272732516,C_from_near_power_row_as_positive_control,positive_control_survivor,local_residue_sieve,blocked_unfilled,darmon_granville_ceiling,blocked_unfilled,blocked_unfilled,Z,survivor_kandidat_requires_overlap_check,blocked_unfilled,blocked_unfilled,positive_control_passed,Q_503,pass_predefined,45,5.57068926138e-06,49.4375529901,1.09861228867,blocked_unfilled,control_class=exact_power_anchor,49.4375529901,positive_control_survivor
rank26_Q503_actual_near_miss,actual_near_miss,26,6,7,3,226,151,124358,1923185546890712,124358,503,prime_block_le_503,45,7425387163249856130442960012501049141001305819406163509869875583601074657992881456415943936664692413,229.960829033,531441,13.183347464,33,7,0,,205.046561787,13.183347464,0.980929610033,0.544816845988,1.17300767855,none_visible,6.53432221037,0.333333333333,6.20098887704,existing_near_power_csv,local_obstruction_before_drift,local_residue_sieve,blocked_unfilled,darmon_granville_ceiling,blocked_unfilled,blocked_unfilled,Z,residue_only,blocked_unfilled,blocked_unfilled,under_test,Q_503,pass_predefined,45,0,13.183347464,0.292963276978,blocked_unfilled,control_class=actual_near_miss,13.183347464,local_obstruction_before_drift
rank26_Q503_random_root_sets,random_root_sets,26,6,7,3,226,151,124358,1923185546890712,124358,503,prime_block_le_503,45,7425387163249856130442960012501049141001305819406163509869875583601074657992881456415943936664692413,229.960829033,531441,13.183347464,33,7,0,,205.046561787,13.183347464,1.00881545801,0.84919256412,1.2712393073,none_visible,6.53432221037,0.333333333333,6.20098887704,deterministic_seeded_random_sets_same_cardinality,local_obstruction_before_drift,local_residue_sieve,blocked_unfilled,darmon_granville_ceiling,blocked_unfilled,blocked_unfilled,Z,residue_only,blocked_unfilled,blocked_unfilled,negative_control_passed,Q_503,pass_predefined,45,0,13.183347464,0.292963276978,blocked_unfilled,control_class=random_root_sets,13.183347464,local_obstruction_before_drift
rank26_Q503_exact_power_anchor,exact_power_anchor,26,6,7,3,226,151,124358,1923185546890712,124358,503,prime_block_le_503,45,7425387163249856130442960012501049141001305819406163509869875583601074657992881456415943936664692413,229.960829033,984770902183611232881,48.3389407014,0,0,1,124358,169.89096855,48.3389407014,1.01273451558,0.975330184718,1.18630798894,constructed_exact_power_root,6.53432221037,0.333333333333,6.20098887704,C_from_near_power_row_as_positive_control,positive_control_survivor,local_residue_sieve,blocked_unfilled,darmon_granville_ceiling,blocked_unfilled,blocked_unfilled,Z,survivor_kandidat_requires_overlap_check,blocked_unfilled,blocked_unfilled,positive_control_passed,Q_503,pass_predefined,45,8.0413001174e-06,48.3389407014,1.07419868225,blocked_unfilled,control_class=exact_power_anchor,48.3389407014,positive_control_survivor
rank27_Q503_actual_near_miss,actual_near_miss,27,7,7,3,171,172,205898,8728837012610792,205898,503,prime_block_le_503,45,7425387163249856130442960012501049141001305819406163509869875583601074657992881456415943936664692413,229.960829033,43046721,17.5777966187,27,31,0,,200.147896235,17.5777966187,1.01026483892,0.951602249658,1.14874085443,none_visible,6.26503935493,0.333333333333,5.9317060216,existing_near_power_csv,local_obstruction_before_drift,local_residue_sieve,blocked_unfilled,darmon_granville_ceiling,blocked_unfilled,blocked_unfilled,Z,residue_only,blocked_unfilled,blocked_unfilled,under_test,Q_503,pass_predefined,45,0,17.5777966187,0.390617702638,blocked_unfilled,control_class=actual_near_miss,17.5777966187,local_obstruction_before_drift
rank27_Q503_random_root_sets,random_root_sets,27,7,7,3,171,172,205898,8728837012610792,205898,503,prime_block_le_503,45,7425387163249856130442960012501049141001305819406163509869875583601074657992881456415943936664692413,229.960829033,43046721,17.5777966187,27,31,0,,200.147896235,17.5777966187,1.01003342794,0.953032839345,1.14874085443,none_visible,6.26503935493,0.333333333333,5.9317060216,deterministic_seeded_random_sets_same_cardinality,local_obstruction_before_drift,local_residue_sieve,blocked_unfilled,darmon_granville_ceiling,blocked_unfilled,blocked_unfilled,Z,residue_only,blocked_unfilled,blocked_unfilled,negative_control_passed,Q_503,pass_predefined,45,0,17.5777966187,0.390617702638,blocked_unfilled,control_class=random_root_sets,17.5777966187,local_obstruction_before_drift
rank27_Q503_exact_power_anchor,exact_power_anchor,27,7,7,3,171,172,205898,8728837012610792,205898,503,prime_block_le_503,45,7425387163249856130442960012501049141001305819406163509869875583601074657992881456415943936664692413,229.960829033,984770902183611232881,48.3389407014,0,0,1,205898,169.386752152,48.3389407014,1.00100778055,0.951678339113,1.01964133266,constructed_exact_power_root,6.26503935493,0.333333333333,5.9317060216,C_from_near_power_row_as_positive_control,positive_control_survivor,local_residue_sieve,blocked_unfilled,darmon_granville_ceiling,blocked_unfilled,blocked_unfilled,Z,survivor_kandidat_requires_overlap_check,blocked_unfilled,blocked_unfilled,positive_control_passed,Q_503,pass_predefined,45,4.85677374234e-06,48.3389407014,1.07419868225,blocked_unfilled,control_class=exact_power_anchor,48.3389407014,positive_control_survivor
rank28_Q503_actual_near_miss,actual_near_miss,28,6,6,3,89,170,29097,24634550495673,29097,503,prime_block_le_503,45,7425387163249856130442960012501049141001305819406163509869875583601074657992881456415943936664692413,229.960829033,4782969,15.3805720414,30,7,0,,204.301866637,15.3805720414,0.934796092544,0,1.43081570074,none_visible,7.45774455238,0.333333333333,7.12441121904,existing_near_power_csv,local_obstruction_before_drift,local_residue_sieve,blocked_unfilled,darmon_granville_ceiling,blocked_unfilled,blocked_unfilled,Z,residue_only,blocked_unfilled,blocked_unfilled,under_test,Q_503,pass_predefined,45,0,15.3805720414,0.341790489808,blocked_unfilled,control_class=actual_near_miss,15.3805720414,local_obstruction_before_drift
rank28_Q503_random_root_sets,random_root_sets,28,6,6,3,89,170,29097,24634550495673,29097,503,prime_block_le_503,45,7425387163249856130442960012501049141001305819406163509869875583601074657992881456415943936664692413,229.960829033,4782969,15.3805720414,30,7,0,,204.301866637,15.3805720414,0.967751816448,0,1.25142339989,none_visible,7.45774455238,0.333333333333,7.12441121904,deterministic_seeded_random_sets_same_cardinality,local_obstruction_before_drift,local_residue_sieve,blocked_unfilled,darmon_granville_ceiling,blocked_unfilled,blocked_unfilled,Z,residue_only,blocked_unfilled,blocked_unfilled,negative_control_passed,Q_503,pass_predefined,45,0,15.3805720414,0.341790489808,blocked_unfilled,control_class=random_root_sets,15.3805720414,local_obstruction_before_drift
rank28_Q503_exact_power_anchor,exact_power_anchor,28,6,6,3,89,170,29097,24634550495673,29097,503,prime_block_le_503,45,7425387163249856130442960012501049141001305819406163509869875583601074657992881456415943936664692413,229.960829033,984770902183611232881,48.3389407014,0,0,1,29097,171.343497976,48.3389407014,1.02687339537,0.876337003051,1.2644831655,constructed_exact_power_root,7.45774455238,0.333333333333,7.12441121904,C_from_near_power_row_as_positive_control,positive_control_survivor,local_residue_sieve,blocked_unfilled,darmon_granville_ceiling,blocked_unfilled,blocked_unfilled,Z,survivor_kandidat_requires_overlap_check,blocked_unfilled,blocked_unfilled,positive_control_passed,Q_503,pass_predefined,45,3.4367804241e-05,48.3389407014,1.07419868225,blocked_unfilled,control_class=exact_power_anchor,48.3389407014,positive_control_survivor
rank29_Q503_actual_near_miss,actual_near_miss,29,7,6,3,21,100,10006,1001801080216,10006,503,prime_block_le_503,45,7425387163249856130442960012501049141001305819406163509869875583601074657992881456415943936664692413,229.960829033,31381059609,24.1694703507,23,13,0,,196.58041849,24.1694703507,0.940257538599,0,2.61146645346,none_visible,8.32201795684,0.333333333333,7.98868462351,existing_near_power_csv,local_obstruction_before_drift,local_residue_sieve,blocked_unfilled,darmon_granville_ceiling,blocked_unfilled,blocked_unfilled,Z,residue_only,blocked_unfilled,blocked_unfilled,under_test,Q_503,pass_predefined,45,0,24.1694703507,0.537099341127,blocked_unfilled,control_class=actual_near_miss,24.1694703507,local_obstruction_before_drift
rank29_Q503_random_root_sets,random_root_sets,29,7,6,3,21,100,10006,1001801080216,10006,503,prime_block_le_503,45,7425387163249856130442960012501049141001305819406163509869875583601074657992881456415943936664692413,229.960829033,31381059609,24.1694703507,23,13,0,,196.58041849,24.1694703507,0.675131429079,0,1.74097763564,none_visible,8.32201795684,0.333333333333,7.98868462351,deterministic_seeded_random_sets_same_cardinality,local_obstruction_before_drift,local_residue_sieve,blocked_unfilled,darmon_granville_ceiling,blocked_unfilled,blocked_unfilled,Z,residue_only,blocked_unfilled,blocked_unfilled,negative_control_passed,Q_503,pass_predefined,45,0,24.1694703507,0.537099341127,blocked_unfilled,control_class=random_root_sets,24.1694703507,local_obstruction_before_drift
rank29_Q503_exact_power_anchor,exact_power_anchor,29,7,6,3,21,100,10006,1001801080216,10006,503,prime_block_le_503,45,7425387163249856130442960012501049141001305819406163509869875583601074657992881456415943936664692413,229.960829033,2954312706550833698643,49.4375529901,0,0,1,10006,171.312335851,49.4375529901,1.13154005745,0.522497612544,2.26828347436,constructed_exact_power_root,8.32201795684,0.333333333333,7.98868462351,C_from_near_power_row_as_positive_control,positive_control_survivor,local_residue_sieve,blocked_unfilled,darmon_granville_ceiling,blocked_unfilled,blocked_unfilled,Z,survivor_kandidat_requires_overlap_check,blocked_unfilled,blocked_unfilled,positive_control_passed,Q_503,pass_predefined,45,9.99400359784e-05,49.4375529901,1.09861228867,blocked_unfilled,control_class=exact_power_anchor,49.4375529901,positive_control_survivor
rank30_Q503_actual_near_miss,actual_near_miss,30,7,7,3,214,233,386721,57835336698683361,386721,503,prime_block_le_503,45,7425387163249856130442960012501049141001305819406163509869875583601074657992881456415943936664692413,229.960829033,177147,12.0847351753,34,13,0,,205.010635076,12.0847351753,0.994353322191,0.911902034456,1.03392109557,none_visible,5.95809375925,0.333333333333,5.62476042592,existing_near_power_csv,local_obstruction_before_drift,local_residue_sieve,blocked_unfilled,darmon_granville_ceiling,blocked_unfilled,blocked_unfilled,Z,residue_only,blocked_unfilled,blocked_unfilled,under_test,Q_503,pass_predefined,45,0,12.0847351753,0.268549670563,blocked_unfilled,control_class=actual_near_miss,12.0847351753,local_obstruction_before_drift
rank30_Q503_random_root_sets,random_root_sets,30,7,7,3,214,233,386721,57835336698683361,386721,503,prime_block_le_503,45,7425387163249856130442960012501049141001305819406163509869875583601074657992881456415943936664692413,229.960829033,177147,12.0847351753,34,13,0,,205.010635076,12.0847351753,0.998464526105,0.983048359009,1.03348897238,none_visible,5.95809375925,0.333333333333,5.62476042592,deterministic_seeded_random_sets_same_cardinality,local_obstruction_before_drift,local_residue_sieve,blocked_unfilled,darmon_granville_ceiling,blocked_unfilled,blocked_unfilled,Z,residue_only,blocked_unfilled,blocked_unfilled,negative_control_passed,Q_503,pass_predefined,45,0,12.0847351753,0.268549670563,blocked_unfilled,control_class=random_root_sets,12.0847351753,local_obstruction_before_drift
rank30_Q503_exact_power_anchor,exact_power_anchor,30,7,7,3,214,233,386721,57835336698683361,386721,503,prime_block_le_503,45,7425387163249856130442960012501049141001305819406163509869875583601074657992881456415943936664692413,229.960829033,2954312706550833698643,49.4375529901,0,0,1,386721,167.657817261,49.4375529901,1.00236330537,0.968375995442,1.0254492975,constructed_exact_power_root,5.95809375925,0.333333333333,5.62476042592,C_from_near_power_row_as_positive_control,positive_control_survivor,local_residue_sieve,blocked_unfilled,darmon_granville_ceiling,blocked_unfilled,blocked_unfilled,Z,survivor_kandidat_requires_overlap_check,blocked_unfilled,blocked_unfilled,positive_control_passed,Q_503,pass_predefined,45,2.58584354095e-06,49.4375529901,1.09861228867,blocked_unfilled,control_class=exact_power_anchor,49.4375529901,positive_control_survivor
rank31_Q503_actual_near_miss,actual_near_miss,31,6,6,3,103,148,22704,11703267569664,22704,503,prime_block_le_503,45,7425387163249856130442960012501049141001305819406163509869875583601074657992881456415943936664692413,229.960829033,1594323,14.2819597527,30,7,0,,205.648572881,14.2819597527,1.19674282974,0.721923694307,2.21865456895,none_visible,7.64220782969,0.333333333333,7.30887449636,existing_near_power_csv,local_obstruction_before_drift,local_residue_sieve,blocked_unfilled,darmon_granville_ceiling,blocked_unfilled,blocked_unfilled,Z,residue_only,blocked_unfilled,blocked_unfilled,under_test,Q_503,pass_predefined,45,0,14.2819597527,0.317376883393,blocked_unfilled,control_class=actual_near_miss,14.2819597527,local_obstruction_before_drift
rank31_Q503_random_root_sets,random_root_sets,31,6,6,3,103,148,22704,11703267569664,22704,503,prime_block_le_503,45,7425387163249856130442960012501049141001305819406163509869875583601074657992881456415943936664692413,229.960829033,1594323,14.2819597527,30,7,0,,205.648572881,14.2819597527,0.965228139647,0,1.47910304596,none_visible,7.64220782969,0.333333333333,7.30887449636,deterministic_seeded_random_sets_same_cardinality,local_obstruction_before_drift,local_residue_sieve,blocked_unfilled,darmon_granville_ceiling,blocked_unfilled,blocked_unfilled,Z,residue_only,blocked_unfilled,blocked_unfilled,negative_control_passed,Q_503,pass_predefined,45,0,14.2819597527,0.317376883393,blocked_unfilled,control_class=random_root_sets,14.2819597527,local_obstruction_before_drift
rank31_Q503_exact_power_anchor,exact_power_anchor,31,6,6,3,103,148,22704,11703267569664,22704,503,prime_block_le_503,45,7425387163249856130442960012501049141001305819406163509869875583601074657992881456415943936664692413,229.960829033,984770902183611232881,48.3389407014,0,0,1,22704,171.591591932,48.3389407014,1.01693778874,0.749750411088,1.31572018636,constructed_exact_power_root,7.64220782969,0.333333333333,7.30887449636,C_from_near_power_row_as_positive_control,positive_control_survivor,local_residue_sieve,blocked_unfilled,darmon_granville_ceiling,blocked_unfilled,blocked_unfilled,Z,survivor_kandidat_requires_overlap_check,blocked_unfilled,blocked_unfilled,positive_control_passed,Q_503,pass_predefined,45,4.40451021846e-05,48.3389407014,1.07419868225,blocked_unfilled,control_class=exact_power_anchor,48.3389407014,positive_control_survivor
rank32_Q503_actual_near_miss,actual_near_miss,32,7,6,4,90,239,3912,234204580417536,3912,503,prime_block_le_503,95,31398901067973367931867134116182661800398427494539659144913198607495744580381215857356437160911524359731932107778284285404578948682310117300678465382306156119946455274779322906621879885004896897929424563183835,480.081887144,34359738368,24.2601513196,63,11,0,,447.549931793,24.2601513196,0.85345571319,0,3.42353655419,none_visible,14.5095883962,0.25,14.2595883962,existing_near_power_csv,local_obstruction_before_drift,local_residue_sieve,blocked_unfilled,darmon_granville_ceiling,blocked_unfilled,blocked_unfilled,Z,residue_only,blocked_unfilled,blocked_unfilled,under_test,Q_503,pass_predefined,95,0,24.2601513196,0.255370013891,blocked_unfilled,control_class=actual_near_miss,24.2601513196,local_obstruction_before_drift
rank32_Q503_random_root_sets,random_root_sets,32,7,6,4,90,239,3912,234204580417536,3912,503,prime_block_le_503,95,31398901067973367931867134116182661800398427494539659144913198607495744580381215857356437160911524359731932107778284285404578948682310117300678465382306156119946455274779322906621879885004896897929424563183835,480.081887144,34359738368,24.2601513196,63,11,0,,447.549931793,24.2601513196,1.22573105722,0,5.55221114519,none_visible,14.5095883962,0.25,14.2595883962,deterministic_seeded_random_sets_same_cardinality,local_obstruction_before_drift,local_residue_sieve,blocked_unfilled,darmon_granville_ceiling,blocked_unfilled,blocked_unfilled,Z,residue_only,blocked_unfilled,blocked_unfilled,negative_control_passed,Q_503,pass_predefined,95,0,24.2601513196,0.255370013891,blocked_unfilled,control_class=random_root_sets,24.2601513196,local_obstruction_before_drift
rank32_Q503_exact_power_anchor,exact_power_anchor,32,7,6,4,90,239,3912,234204580417536,3912,503,prime_block_le_503,95,31398901067973367931867134116182661800398427494539659144913198607495744580381215857356437160911524359731932107778284285404578948682310117300678465382306156119946455274779322906621879885004896897929424563183835,480.081887144,174224571863520493293247799005065324265472,94.9611637367,0,0,1,3912,376.848919376,94.9611637367,1.05115270322,0.965474821063,1.25709355828,constructed_exact_power_root,14.5095883962,0.25,14.2595883962,C_from_near_power_row_as_positive_control,positive_control_survivor,local_residue_sieve,blocked_unfilled,darmon_granville_ceiling,blocked_unfilled,blocked_unfilled,Z,survivor_kandidat_requires_overlap_check,blocked_unfilled,blocked_unfilled,positive_control_passed,Q_503,pass_predefined,95,0.000255623721881,94.9611637367,0.999591197229,blocked_unfilled,control_class=exact_power_anchor,94.9611637367,positive_control_survivor
rank33_Q503_actual_near_miss,actual_near_miss,33,5,7,3,206,93,39266,60541055273096,39266,503,prime_block_le_503,45,7425387163249856130442960012501049141001305819406163509869875583601074657992881456415943936664692413,229.960829033,1594323,14.2819597527,31,19,0,,205.100754997,14.2819597527,0.91583897859,0.493169097381,1.59409893773,none_visible,7.24643425317,0.333333333333,6.91310091984,existing_near_power_csv,local_obstruction_before_drift,local_residue_sieve,blocked_unfilled,darmon_granville_ceiling,blocked_unfilled,blocked_unfilled,Z,residue_only,blocked_unfilled,blocked_unfilled,under_test,Q_503,pass_predefined,45,0,14.2819597527,0.317376883393,blocked_unfilled,control_class=actual_near_miss,14.2819597527,local_obstruction_before_drift
rank33_Q503_random_root_sets,random_root_sets,33,5,7,3,206,93,39266,60541055273096,39266,503,prime_block_le_503,45,7425387163249856130442960012501049141001305819406163509869875583601074657992881456415943936664692413,229.960829033,1594323,14.2819597527,31,19,0,,205.100754997,14.2819597527,1.11236096908,0.820370464694,1.47950729214,none_visible,7.24643425317,0.333333333333,6.91310091984,deterministic_seeded_random_sets_same_cardinality,local_obstruction_before_drift,local_residue_sieve,blocked_unfilled,darmon_granville_ceiling,blocked_unfilled,blocked_unfilled,Z,residue_only,blocked_unfilled,blocked_unfilled,negative_control_passed,Q_503,pass_predefined,45,0,14.2819597527,0.317376883393,blocked_unfilled,control_class=random_root_sets,14.2819597527,local_obstruction_before_drift
rank33_Q503_exact_power_anchor,exact_power_anchor,33,5,7,3,206,93,39266,60541055273096,39266,503,prime_block_le_503,45,7425387163249856130442960012501049141001305819406163509869875583601074657992881456415943936664692413,229.960829033,2954312706550833698643,49.4375529901,0,0,1,39266,169.945161759,49.4375529901,1.02423463613,0.921303134745,1.3005399073,constructed_exact_power_root,7.24643425317,0.333333333333,6.91310091984,C_from_near_power_row_as_positive_control,positive_control_survivor,local_residue_sieve,blocked_unfilled,darmon_granville_ceiling,blocked_unfilled,blocked_unfilled,Z,survivor_kandidat_requires_overlap_check,blocked_unfilled,blocked_unfilled,positive_control_passed,Q_503,pass_predefined,45,2.54673254215e-05,49.4375529901,1.09861228867,blocked_unfilled,control_class=exact_power_anchor,49.4375529901,positive_control_survivor
rank34_Q503_actual_near_miss,actual_near_miss,34,7,7,3,217,218,358452,46056721898841408,358452,503,prime_block_le_503,45,7425387163249856130442960012501049141001305819406163509869875583601074657992881456415943936664692413,229.960829033,14348907,16.47918433,30,13,0,,200.692094664,16.47918433,1.0054274828,0.987802798949,1.04353937983,none_visible,5.99345633309,0.333333333333,5.66012299975,existing_near_power_csv,local_obstruction_before_drift,local_residue_sieve,blocked_unfilled,darmon_granville_ceiling,blocked_unfilled,blocked_unfilled,Z,residue_only,blocked_unfilled,blocked_unfilled,under_test,Q_503,pass_predefined,45,0,16.47918433,0.366204096223,blocked_unfilled,control_class=actual_near_miss,16.47918433,local_obstruction_before_drift
rank34_Q503_random_root_sets,random_root_sets,34,7,7,3,217,218,358452,46056721898841408,358452,503,prime_block_le_503,45,7425387163249856130442960012501049141001305819406163509869875583601074657992881456415943936664692413,229.960829033,14348907,16.47918433,30,13,0,,200.692094664,16.47918433,1.00583193358,0.987802798949,1.05696253148,none_visible,5.99345633309,0.333333333333,5.66012299975,deterministic_seeded_random_sets_same_cardinality,local_obstruction_before_drift,local_residue_sieve,blocked_unfilled,darmon_granville_ceiling,blocked_unfilled,blocked_unfilled,Z,residue_only,blocked_unfilled,blocked_unfilled,negative_control_passed,Q_503,pass_predefined,45,0,16.47918433,0.366204096223,blocked_unfilled,control_class=random_root_sets,16.47918433,local_obstruction_before_drift
rank34_Q503_exact_power_anchor,exact_power_anchor,34,7,7,3,217,218,358452,46056721898841408,358452,503,prime_block_le_503,45,7425387163249856130442960012501049141001305819406163509869875583601074657992881456415943936664692413,229.960829033,2954312706550833698643,49.4375529901,0,0,1,358452,167.733726004,49.4375529901,1.00513661936,0.995305120661,1.02384760644,constructed_exact_power_root,5.99345633309,0.333333333333,5.66012299975,C_from_near_power_row_as_positive_control,positive_control_survivor,local_residue_sieve,blocked_unfilled,darmon_granville_ceiling,blocked_unfilled,blocked_unfilled,Z,survivor_kandidat_requires_overlap_check,blocked_unfilled,blocked_unfilled,positive_control_passed,Q_503,pass_predefined,45,2.78977380514e-06,49.4375529901,1.09861228867,blocked_unfilled,control_class=exact_power_anchor,49.4375529901,positive_control_survivor
rank35_Q503_actual_near_miss,actual_near_miss,35,7,7,3,91,148,117132,1607039962123968,117132,503,prime_block_le_503,45,7425387163249856130442960012501049141001305819406163509869875583601074657992881456415943936664692413,229.960829033,43046721,17.5777966187,29,37,0,,200.711975631,17.5777966187,1.0438756022,0.921862134648,1.54247250016,none_visible,6.56783795188,0.333333333333,6.23450461854,existing_near_power_csv,local_obstruction_before_drift,local_residue_sieve,blocked_unfilled,darmon_granville_ceiling,blocked_unfilled,blocked_unfilled,Z,residue_only,blocked_unfilled,blocked_unfilled,under_test,Q_503,pass_predefined,45,0,17.5777966187,0.390617702638,blocked_unfilled,control_class=actual_near_miss,17.5777966187,local_obstruction_before_drift
rank35_Q503_random_root_sets,random_root_sets,35,7,7,3,91,148,117132,1607039962123968,117132,503,prime_block_le_503,45,7425387163249856130442960012501049141001305819406163509869875583601074657992881456415943936664692413,229.960829033,43046721,17.5777966187,29,37,0,,200.711975631,17.5777966187,1.01245211164,0.771236250081,1.49723483857,none_visible,6.56783795188,0.333333333333,6.23450461854,deterministic_seeded_random_sets_same_cardinality,local_obstruction_before_drift,local_residue_sieve,blocked_unfilled,darmon_granville_ceiling,blocked_unfilled,blocked_unfilled,Z,residue_only,blocked_unfilled,blocked_unfilled,negative_control_passed,Q_503,pass_predefined,45,0,17.5777966187,0.390617702638,blocked_unfilled,control_class=random_root_sets,17.5777966187,local_obstruction_before_drift
rank35_Q503_exact_power_anchor,exact_power_anchor,35,7,7,3,91,148,117132,1607039962123968,117132,503,prime_block_le_503,45,7425387163249856130442960012501049141001305819406163509869875583601074657992881456415943936664692413,229.960829033,984770902183611232881,48.3389407014,0,0,1,117132,169.950831549,48.3389407014,1.00675595024,0.95568532368,1.06572451973,constructed_exact_power_root,6.56783795188,0.333333333333,6.23450461854,C_from_near_power_row_as_positive_control,positive_control_survivor,local_residue_sieve,blocked_unfilled,darmon_granville_ceiling,blocked_unfilled,blocked_unfilled,Z,survivor_kandidat_requires_overlap_check,blocked_unfilled,blocked_unfilled,positive_control_passed,Q_503,pass_predefined,45,8.53737663491e-06,48.3389407014,1.07419868225,blocked_unfilled,control_class=exact_power_anchor,48.3389407014,positive_control_survivor
rank36_Q503_actual_near_miss,actual_near_miss,36,7,7,3,108,149,121685,1801818905094125,121685,503,prime_block_le_503,45,7425387163249856130442960012501049141001305819406163509869875583601074657992881456415943936664692413,229.960829033,14348907,16.47918433,30,7,0,,201.772453685,16.47918433,0.987261997703,0.466946076619,1.45758949565,none_visible,6.54644796239,0.333333333333,6.21311462906,existing_near_power_csv,local_obstruction_before_drift,local_residue_sieve,blocked_unfilled,darmon_granville_ceiling,blocked_unfilled,blocked_unfilled,Z,residue_only,blocked_unfilled,blocked_unfilled,under_test,Q_503,pass_predefined,45,0,16.47918433,0.366204096223,blocked_unfilled,control_class=actual_near_miss,16.47918433,local_obstruction_before_drift
rank36_Q503_random_root_sets,random_root_sets,36,7,7,3,108,149,121685,1801818905094125,121685,503,prime_block_le_503,45,7425387163249856130442960012501049141001305819406163509869875583601074657992881456415943936664692413,229.960829033,14348907,16.47918433,30,7,0,,201.772453685,16.47918433,0.976938830483,0.778243461031,1.24936242484,none_visible,6.54644796239,0.333333333333,6.21311462906,deterministic_seeded_random_sets_same_cardinality,local_obstruction_before_drift,local_residue_sieve,blocked_unfilled,darmon_granville_ceiling,blocked_unfilled,blocked_unfilled,Z,residue_only,blocked_unfilled,blocked_unfilled,negative_control_passed,Q_503,pass_predefined,45,0,16.47918433,0.366204096223,blocked_unfilled,control_class=random_root_sets,16.47918433,local_obstruction_before_drift
rank36_Q503_exact_power_anchor,exact_power_anchor,36,7,7,3,108,149,121685,1801818905094125,121685,503,prime_block_le_503,45,7425387163249856130442960012501049141001305819406163509869875583601074657992881456415943936664692413,229.960829033,2954312706550833698643,49.4375529901,0,0,1,121685,168.814085025,49.4375529901,1.00169205858,0.88596056302,1.16003615893,constructed_exact_power_root,6.54644796239,0.333333333333,6.21311462906,C_from_near_power_row_as_positive_control,positive_control_survivor,local_residue_sieve,blocked_unfilled,darmon_granville_ceiling,blocked_unfilled,blocked_unfilled,Z,survivor_kandidat_requires_overlap_check,blocked_unfilled,blocked_unfilled,positive_control_passed,Q_503,pass_predefined,45,8.2179397625e-06,49.4375529901,1.09861228867,blocked_unfilled,control_class=exact_power_anchor,49.4375529901,positive_control_survivor
rank37_Q503_actual_near_miss,actual_near_miss,37,5,7,4,118,79,2094,19226786746896,2094,503,prime_block_le_503,95,31398901067973367931867134116182661800398427494539659144913198607495744580381215857356437160911524359731932107778284285404578948682310117300678465382306156119946455274779322906621879885004896897929424563183835,480.081887144,18014398509481984,37.4299477502,54,3,0,,435.005108003,37.4299477502,0.830393385864,0,4.22319723018,none_visible,15.6954515723,0.25,15.4454515723,existing_near_power_csv,local_obstruction_before_drift,local_residue_sieve,blocked_unfilled,darmon_granville_ceiling,blocked_unfilled,blocked_unfilled,Z,residue_only,blocked_unfilled,blocked_unfilled,under_test,Q_503,pass_predefined,95,0,37.4299477502,0.393999450002,blocked_unfilled,control_class=actual_near_miss,37.4299477502,local_obstruction_before_drift
rank37_Q503_random_root_sets,random_root_sets,37,5,7,4,118,79,2094,19226786746896,2094,503,prime_block_le_503,95,31398901067973367931867134116182661800398427494539659144913198607495744580381215857356437160911524359731932107778284285404578948682310117300678465382306156119946455274779322906621879885004896897929424563183835,480.081887144,18014398509481984,37.4299477502,54,3,0,,435.005108003,37.4299477502,1.49441982052,0,7.88120821394,none_visible,15.6954515723,0.25,15.4454515723,deterministic_seeded_random_sets_same_cardinality,local_obstruction_before_drift,local_residue_sieve,blocked_unfilled,darmon_granville_ceiling,blocked_unfilled,blocked_unfilled,Z,residue_only,blocked_unfilled,blocked_unfilled,negative_control_passed,Q_503,pass_predefined,95,0,37.4299477502,0.393999450002,blocked_unfilled,control_class=random_root_sets,37.4299477502,local_obstruction_before_drift
rank37_Q503_exact_power_anchor,exact_power_anchor,37,5,7,4,118,79,2094,19226786746896,2094,503,prime_block_le_503,95,31398901067973367931867134116182661800398427494539659144913198607495744580381215857356437160911524359731932107778284285404578948682310117300678465382306156119946455274779322906621879885004896897929424563183835,480.081887144,87112285931760246646623899502532662132736,94.2680165562,0,0,1,2094,378.167039197,94.2680165562,1.09088218322,0.743493314231,1.56566380134,constructed_exact_power_root,15.6954515723,0.25,15.4454515723,C_from_near_power_row_as_positive_control,positive_control_survivor,local_residue_sieve,blocked_unfilled,darmon_granville_ceiling,blocked_unfilled,blocked_unfilled,Z,survivor_kandidat_requires_overlap_check,blocked_unfilled,blocked_unfilled,positive_control_passed,Q_503,pass_predefined,95,0.000477554918816,94.2680165562,0.992294911117,blocked_unfilled,control_class=exact_power_anchor,94.2680165562,positive_control_survivor
rank38_Q503_actual_near_miss,actual_near_miss,38,6,7,3,245,134,99734,992041207978904,99734,503,prime_block_le_503,45,7425387163249856130442960012501049141001305819406163509869875583601074657992881456415943936664692413,229.960829033,1162261467,20.8736334847,26,13,0,,197.576933627,20.8736334847,1.01805809626,0.823608576592,1.1733889925,none_visible,6.65958865268,0.333333333333,6.32625531934,existing_near_power_csv,local_obstruction_before_drift,local_residue_sieve,blocked_unfilled,darmon_granville_ceiling,blocked_unfilled,blocked_unfilled,Z,residue_only,blocked_unfilled,blocked_unfilled,under_test,Q_503,pass_predefined,45,0,20.8736334847,0.463858521882,blocked_unfilled,control_class=actual_near_miss,20.8736334847,local_obstruction_before_drift
rank38_Q503_random_root_sets,random_root_sets,38,6,7,3,245,134,99734,992041207978904,99734,503,prime_block_le_503,45,7425387163249856130442960012501049141001305819406163509869875583601074657992881456415943936664692413,229.960829033,1162261467,20.8736334847,26,13,0,,197.576933627,20.8736334847,0.962240980762,0.774799856507,1.11721846779,none_visible,6.65958865268,0.333333333333,6.32625531934,deterministic_seeded_random_sets_same_cardinality,local_obstruction_before_drift,local_residue_sieve,blocked_unfilled,darmon_granville_ceiling,blocked_unfilled,blocked_unfilled,Z,residue_only,blocked_unfilled,blocked_unfilled,negative_control_passed,Q_503,pass_predefined,45,0,20.8736334847,0.463858521882,blocked_unfilled,control_class=random_root_sets,20.8736334847,local_obstruction_before_drift
rank38_Q503_exact_power_anchor,exact_power_anchor,38,6,7,3,245,134,99734,992041207978904,99734,503,prime_block_le_503,45,7425387163249856130442960012501049141001305819406163509869875583601074657992881456415943936664692413,229.960829033,2954312706550833698643,49.4375529901,0,0,1,99734,169.013014122,49.4375529901,1.01604750117,0.972949155866,1.10672388554,constructed_exact_power_root,6.65958865268,0.333333333333,6.32625531934,C_from_near_power_row_as_positive_control,positive_control_survivor,local_residue_sieve,blocked_unfilled,darmon_granville_ceiling,blocked_unfilled,blocked_unfilled,Z,survivor_kandidat_requires_overlap_check,blocked_unfilled,blocked_unfilled,positive_control_passed,Q_503,pass_predefined,45,1.00266709447e-05,49.4375529901,1.09861228867,blocked_unfilled,control_class=exact_power_anchor,49.4375529901,positive_control_survivor
rank39_Q503_actual_near_miss,actual_near_miss,39,7,7,3,99,182,188593,6707747514563857,188593,503,prime_block_le_503,45,7425387163249856130442960012501049141001305819406163509869875583601074657992881456415943936664692413,229.960829033,1162261467,20.8736334847,26,19,0,,196.939849015,20.8736334847,1.00507540145,0.920338153237,1.1341607471,none_visible,6.31031719314,0.333333333333,5.97698385981,existing_near_power_csv,local_obstruction_before_drift,local_residue_sieve,blocked_unfilled,darmon_granville_ceiling,blocked_unfilled,blocked_unfilled,Z,residue_only,blocked_unfilled,blocked_unfilled,under_test,Q_503,pass_predefined,45,0,20.8736334847,0.463858521882,blocked_unfilled,control_class=actual_near_miss,20.8736334847,local_obstruction_before_drift
rank39_Q503_random_root_sets,random_root_sets,39,7,7,3,99,182,188593,6707747514563857,188593,503,prime_block_le_503,45,7425387163249856130442960012501049141001305819406163509869875583601074657992881456415943936664692413,229.960829033,1162261467,20.8736334847,26,19,0,,196.939849015,20.8736334847,0.979114931213,0.913019041004,1.06378815757,none_visible,6.31031719314,0.333333333333,5.97698385981,deterministic_seeded_random_sets_same_cardinality,local_obstruction_before_drift,local_residue_sieve,blocked_unfilled,darmon_granville_ceiling,blocked_unfilled,blocked_unfilled,Z,residue_only,blocked_unfilled,blocked_unfilled,negative_control_passed,Q_503,pass_predefined,45,0,20.8736334847,0.463858521882,blocked_unfilled,control_class=random_root_sets,20.8736334847,local_obstruction_before_drift
rank39_Q503_exact_power_anchor,exact_power_anchor,39,7,7,3,99,182,188593,6707747514563857,188593,503,prime_block_le_503,45,7425387163249856130442960012501049141001305819406163509869875583601074657992881456415943936664692413,229.960829033,984770902183611232881,48.3389407014,0,0,1,188593,169.474541799,48.3389407014,1.0076084871,0.980014575774,1.10551175164,constructed_exact_power_root,6.31031719314,0.333333333333,5.97698385981,C_from_near_power_row_as_positive_control,positive_control_survivor,local_residue_sieve,blocked_unfilled,darmon_granville_ceiling,blocked_unfilled,blocked_unfilled,Z,survivor_kandidat_requires_overlap_check,blocked_unfilled,blocked_unfilled,positive_control_passed,Q_503,pass_predefined,45,5.30242373789e-06,48.3389407014,1.07419868225,blocked_unfilled,control_class=exact_power_anchor,48.3389407014,positive_control_survivor
rank40_Q503_actual_near_miss,actual_near_miss,40,7,7,3,121,214,275602,20933752951467208,275602,503,prime_block_le_503,45,7425387163249856130442960012501049141001305819406163509869875583601074657992881456415943936664692413,229.960829033,129140163,18.6764089074,25,13,0,,198.757707051,18.6764089074,0.999229904841,0.875916478594,1.10324792031,none_visible,6.11921173725,0.333333333333,5.78587840392,existing_near_power_csv,local_obstruction_before_drift,local_residue_sieve,blocked_unfilled,darmon_granville_ceiling,blocked_unfilled,blocked_unfilled,Z,residue_only,blocked_unfilled,blocked_unfilled,under_test,Q_503,pass_predefined,45,0,18.6764089074,0.415031309052,blocked_unfilled,control_class=actual_near_miss,18.6764089074,local_obstruction_before_drift
rank40_Q503_random_root_sets,random_root_sets,40,7,7,3,121,214,275602,20933752951467208,275602,503,prime_block_le_503,45,7425387163249856130442960012501049141001305819406163509869875583601074657992881456415943936664692413,229.960829033,129140163,18.6764089074,25,13,0,,198.757707051,18.6764089074,0.98735701211,0.745112315747,1.195185247,none_visible,6.11921173725,0.333333333333,5.78587840392,deterministic_seeded_random_sets_same_cardinality,local_obstruction_before_drift,local_residue_sieve,blocked_unfilled,darmon_granville_ceiling,blocked_unfilled,blocked_unfilled,Z,residue_only,blocked_unfilled,blocked_unfilled,negative_control_passed,Q_503,pass_predefined,45,0,18.6764089074,0.415031309052,blocked_unfilled,control_class=random_root_sets,18.6764089074,local_obstruction_before_drift
rank40_Q503_exact_power_anchor,exact_power_anchor,40,7,7,3,121,214,275602,20933752951467208,275602,503,prime_block_le_503,45,7425387163249856130442960012501049141001305819406163509869875583601074657992881456415943936664692413,229.960829033,2954312706550833698643,49.4375529901,0,0,1,275602,167.996562968,49.4375529901,1.00479688974,0.990981358787,1.04999117084,constructed_exact_power_root,6.11921173725,0.333333333333,5.78587840392,C_from_near_power_row_as_positive_control,positive_control_survivor,local_residue_sieve,blocked_unfilled,darmon_granville_ceiling,blocked_unfilled,blocked_unfilled,Z,survivor_kandidat_requires_overlap_check,blocked_unfilled,blocked_unfilled,positive_control_passed,Q_503,pass_predefined,45,3.62842069361e-06,49.4375529901,1.09861228867,blocked_unfilled,control_class=exact_power_anchor,49.4375529901,positive_control_survivor
rank41_Q503_actual_near_miss,actual_near_miss,41,7,7,3,105,206,251369,15883095686476409,251369,503,prime_block_le_503,45,7425387163249856130442960012501049141001305819406163509869875583601074657992881456415943936664692413,229.960829033,14348907,16.47918433,30,7,0,,201.046967445,16.47918433,0.990847484256,0.946424048577,1.03975518947,none_visible,6.16450335516,0.333333333333,5.83117002182,existing_near_power_csv,local_obstruction_before_drift,local_residue_sieve,blocked_unfilled,darmon_granville_ceiling,blocked_unfilled,blocked_unfilled,Z,residue_only,blocked_unfilled,blocked_unfilled,under_test,Q_503,pass_predefined,45,0,16.47918433,0.366204096223,blocked_unfilled,control_class=actual_near_miss,16.47918433,local_obstruction_before_drift
rank41_Q503_random_root_sets,random_root_sets,41,7,7,3,105,206,251369,15883095686476409,251369,503,prime_block_le_503,45,7425387163249856130442960012501049141001305819406163509869875583601074657992881456415943936664692413,229.960829033,14348907,16.47918433,30,7,0,,201.046967445,16.47918433,0.990550602046,0.883329112005,1.14487510835,none_visible,6.16450335516,0.333333333333,5.83117002182,deterministic_seeded_random_sets_same_cardinality,local_obstruction_before_drift,local_residue_sieve,blocked_unfilled,darmon_granville_ceiling,blocked_unfilled,blocked_unfilled,Z,residue_only,blocked_unfilled,blocked_unfilled,negative_control_passed,Q_503,pass_predefined,45,0,16.47918433,0.366204096223,blocked_unfilled,control_class=random_root_sets,16.47918433,local_obstruction_before_drift
rank41_Q503_exact_power_anchor,exact_power_anchor,41,7,7,3,105,206,251369,15883095686476409,251369,503,prime_block_le_503,45,7425387163249856130442960012501049141001305819406163509869875583601074657992881456415943936664692413,229.960829033,2954312706550833698643,49.4375529901,0,0,1,251369,168.088598785,49.4375529901,1.00446913811,0.985031743948,1.03558557782,constructed_exact_power_root,6.16450335516,0.333333333333,5.83117002182,C_from_near_power_row_as_positive_control,positive_control_survivor,local_residue_sieve,blocked_unfilled,darmon_granville_ceiling,blocked_unfilled,blocked_unfilled,Z,survivor_kandidat_requires_overlap_check,blocked_unfilled,blocked_unfilled,positive_control_passed,Q_503,pass_predefined,45,3.97821529306e-06,49.4375529901,1.09861228867,blocked_unfilled,control_class=exact_power_anchor,49.4375529901,positive_control_survivor
rank42_Q503_actual_near_miss,actual_near_miss,42,6,7,3,221,198,229241,12046943758644521,229241,503,prime_block_le_503,45,7425387163249856130442960012501049141001305819406163509869875583601074657992881456415943936664692413,229.960829033,14348907,16.47918433,29,7,0,,201.139115572,16.47918433,0.997328187851,0.889440952244,1.16604505011,none_visible,6.2105269402,0.333333333333,5.87719360687,existing_near_power_csv,local_obstruction_before_drift,local_residue_sieve,blocked_unfilled,darmon_granville_ceiling,blocked_unfilled,blocked_unfilled,Z,residue_only,blocked_unfilled,blocked_unfilled,under_test,Q_503,pass_predefined,45,0,16.47918433,0.366204096223,blocked_unfilled,control_class=actual_near_miss,16.47918433,local_obstruction_before_drift
rank42_Q503_random_root_sets,random_root_sets,42,6,7,3,221,198,229241,12046943758644521,229241,503,prime_block_le_503,45,7425387163249856130442960012501049141001305819406163509869875583601074657992881456415943936664692413,229.960829033,14348907,16.47918433,29,7,0,,201.139115572,16.47918433,0.997321692988,0.873043361935,1.08356319817,none_visible,6.2105269402,0.333333333333,5.87719360687,deterministic_seeded_random_sets_same_cardinality,local_obstruction_before_drift,local_residue_sieve,blocked_unfilled,darmon_granville_ceiling,blocked_unfilled,blocked_unfilled,Z,residue_only,blocked_unfilled,blocked_unfilled,negative_control_passed,Q_503,pass_predefined,45,0,16.47918433,0.366204096223,blocked_unfilled,control_class=random_root_sets,16.47918433,local_obstruction_before_drift
rank42_Q503_exact_power_anchor,exact_power_anchor,42,6,7,3,221,198,229241,12046943758644521,229241,503,prime_block_le_503,45,7425387163249856130442960012501049141001305819406163509869875583601074657992881456415943936664692413,229.960829033,2954312706550833698643,49.4375529901,0,0,1,229241,168.180746912,49.4375529901,1.00268121112,0.97688168056,1.03957261863,constructed_exact_power_root,6.2105269402,0.333333333333,5.87719360687,C_from_near_power_row_as_positive_control,positive_control_survivor,local_residue_sieve,blocked_unfilled,darmon_granville_ceiling,blocked_unfilled,blocked_unfilled,Z,survivor_kandidat_requires_overlap_check,blocked_unfilled,blocked_unfilled,positive_control_passed,Q_503,pass_predefined,45,4.36222141763e-06,49.4375529901,1.09861228867,blocked_unfilled,control_class=exact_power_anchor,49.4375529901,positive_control_survivor
rank43_Q503_actual_near_miss,actual_near_miss,43,6,7,3,235,249,390429,59514968106923589,390429,503,prime_block_le_503,45,7425387163249856130442960012501049141001305819406163509869875583601074657992881456415943936664692413,229.960829033,177147,12.0847351753,33,7,0,,205.001092444,12.0847351753,1.0074162917,0.99191715324,1.05410174165,none_visible,5.95367776791,0.333333333333,5.62034443458,existing_near_power_csv,local_obstruction_before_drift,local_residue_sieve,blocked_unfilled,darmon_granville_ceiling,blocked_unfilled,blocked_unfilled,Z,residue_only,blocked_unfilled,blocked_unfilled,under_test,Q_503,pass_predefined,45,0,12.0847351753,0.268549670563,blocked_unfilled,control_class=actual_near_miss,12.0847351753,local_obstruction_before_drift
rank43_Q503_random_root_sets,random_root_sets,43,6,7,3,235,249,390429,59514968106923589,390429,503,prime_block_le_503,45,7425387163249856130442960012501049141001305819406163509869875583601074657992881456415943936664692413,229.960829033,177147,12.0847351753,33,7,0,,205.001092444,12.0847351753,1.00334242538,0.973348974248,1.08980292618,none_visible,5.95367776791,0.333333333333,5.62034443458,deterministic_seeded_random_sets_same_cardinality,local_obstruction_before_drift,local_residue_sieve,blocked_unfilled,darmon_granville_ceiling,blocked_unfilled,blocked_unfilled,Z,residue_only,blocked_unfilled,blocked_unfilled,negative_control_passed,Q_503,pass_predefined,45,0,12.0847351753,0.268549670563,blocked_unfilled,control_class=random_root_sets,12.0847351753,local_obstruction_before_drift
rank43_Q503_exact_power_anchor,exact_power_anchor,43,6,7,3,235,249,390429,59514968106923589,390429,503,prime_block_le_503,45,7425387163249856130442960012501049141001305819406163509869875583601074657992881456415943936664692413,229.960829033,984770902183611232881,48.3389407014,0,0,1,390429,168.746886918,48.3389407014,1.00280253212,0.991811286787,1.01731115716,constructed_exact_power_root,5.95367776791,0.333333333333,5.62034443458,C_from_near_power_row_as_positive_control,positive_control_survivor,local_residue_sieve,blocked_unfilled,darmon_granville_ceiling,blocked_unfilled,blocked_unfilled,Z,survivor_kandidat_requires_overlap_check,blocked_unfilled,blocked_unfilled,positive_control_passed,Q_503,pass_predefined,45,2.56128515044e-06,48.3389407014,1.07419868225,blocked_unfilled,control_class=exact_power_anchor,48.3389407014,positive_control_survivor
rank44_Q503_actual_near_miss,actual_near_miss,44,6,7,3,241,177,177988,5638611452894272,177988,503,prime_block_le_503,45,7425387163249856130442960012501049141001305819406163509869875583601074657992881456415943936664692413,229.960829033,43046721,17.5777966187,29,7,0,,200.293561003,17.5777966187,0.995988493606,0.833610505577,1.14725025158,none_visible,6.34052615453,0.333333333333,6.0071928212,existing_near_power_csv,local_obstruction_before_drift,local_residue_sieve,blocked_unfilled,darmon_granville_ceiling,blocked_unfilled,blocked_unfilled,Z,residue_only,blocked_unfilled,blocked_unfilled,under_test,Q_503,pass_predefined,45,0,17.5777966187,0.390617702638,blocked_unfilled,control_class=actual_near_miss,17.5777966187,local_obstruction_before_drift
rank44_Q503_random_root_sets,random_root_sets,44,6,7,3,241,177,177988,5638611452894272,177988,503,prime_block_le_503,45,7425387163249856130442960012501049141001305819406163509869875583601074657992881456415943936664692413,229.960829033,43046721,17.5777966187,29,7,0,,200.293561003,17.5777966187,0.964554039848,0.606814941332,1.12519383329,none_visible,6.34052615453,0.333333333333,6.0071928212,deterministic_seeded_random_sets_same_cardinality,local_obstruction_before_drift,local_residue_sieve,blocked_unfilled,darmon_granville_ceiling,blocked_unfilled,blocked_unfilled,Z,residue_only,blocked_unfilled,blocked_unfilled,negative_control_passed,Q_503,pass_predefined,45,0,17.5777966187,0.390617702638,blocked_unfilled,control_class=random_root_sets,17.5777966187,local_obstruction_before_drift
rank44_Q503_exact_power_anchor,exact_power_anchor,44,6,7,3,241,177,177988,5638611452894272,177988,503,prime_block_le_503,45,7425387163249856130442960012501049141001305819406163509869875583601074657992881456415943936664692413,229.960829033,2954312706550833698643,49.4375529901,0,0,1,177988,168.433804632,49.4375529901,1.0031741112,0.964666781531,1.03096900415,constructed_exact_power_root,6.34052615453,0.333333333333,6.0071928212,C_from_near_power_row_as_positive_control,positive_control_survivor,local_residue_sieve,blocked_unfilled,darmon_granville_ceiling,blocked_unfilled,blocked_unfilled,Z,survivor_kandidat_requires_overlap_check,blocked_unfilled,blocked_unfilled,positive_control_passed,Q_503,pass_predefined,45,5.61835629368e-06,49.4375529901,1.09861228867,blocked_unfilled,control_class=exact_power_anchor,49.4375529901,positive_control_survivor
rank45_Q503_actual_near_miss,actual_near_miss,45,5,6,3,182,141,20048,8057738350592,20048,503,prime_block_le_503,45,7425387163249856130442960012501049141001305819406163509869875583601074657992881456415943936664692413,229.960829033,531441,13.183347464,33,31,0,,206.871596892,13.183347464,0.912665663015,0,2.08581072094,none_visible,7.73818918512,0.333333333333,7.40485585179,existing_near_power_csv,local_obstruction_before_drift,local_residue_sieve,blocked_unfilled,darmon_granville_ceiling,blocked_unfilled,blocked_unfilled,Z,residue_only,blocked_unfilled,blocked_unfilled,under_test,Q_503,pass_predefined,45,0,13.183347464,0.292963276978,blocked_unfilled,control_class=actual_near_miss,13.183347464,local_obstruction_before_drift
rank45_Q503_random_root_sets,random_root_sets,45,5,6,3,182,141,20048,8057738350592,20048,503,prime_block_le_503,45,7425387163249856130442960012501049141001305819406163509869875583601074657992881456415943936664692413,229.960829033,531441,13.183347464,33,31,0,,206.871596892,13.183347464,1.00338883649,0,1.90863039816,none_visible,7.73818918512,0.333333333333,7.40485585179,deterministic_seeded_random_sets_same_cardinality,local_obstruction_before_drift,local_residue_sieve,blocked_unfilled,darmon_granville_ceiling,blocked_unfilled,blocked_unfilled,Z,residue_only,blocked_unfilled,blocked_unfilled,negative_control_passed,Q_503,pass_predefined,45,0,13.183347464,0.292963276978,blocked_unfilled,control_class=random_root_sets,13.183347464,local_obstruction_before_drift
rank45_Q503_exact_power_anchor,exact_power_anchor,45,5,6,3,182,141,20048,8057738350592,20048,503,prime_block_le_503,45,7425387163249856130442960012501049141001305819406163509869875583601074657992881456415943936664692413,229.960829033,984770902183611232881,48.3389407014,0,0,1,20048,171.716003654,48.3389407014,1.0827102916,0.69814112796,1.82545779019,constructed_exact_power_root,7.73818918512,0.333333333333,7.40485585179,C_from_near_power_row_as_positive_control,positive_control_survivor,local_residue_sieve,blocked_unfilled,darmon_granville_ceiling,blocked_unfilled,blocked_unfilled,Z,survivor_kandidat_requires_overlap_check,blocked_unfilled,blocked_unfilled,positive_control_passed,Q_503,pass_predefined,45,4.98802873105e-05,48.3389407014,1.07419868225,blocked_unfilled,control_class=exact_power_anchor,48.3389407014,positive_control_survivor
rank46_Q503_actual_near_miss,actual_near_miss,46,7,7,3,106,141,107961,1258347804744681,107961,503,prime_block_le_503,45,7425387163249856130442960012501049141001305819406163509869875583601074657992881456415943936664692413,229.960829033,177147,12.0847351753,32,7,0,,206.286568528,12.0847351753,0.972489208209,0.803852008287,1.07299240775,none_visible,6.61404220591,0.333333333333,6.28070887258,existing_near_power_csv,local_obstruction_before_drift,local_residue_sieve,blocked_unfilled,darmon_granville_ceiling,blocked_unfilled,blocked_unfilled,Z,residue_only,blocked_unfilled,blocked_unfilled,under_test,Q_503,pass_predefined,45,0,12.0847351753,0.268549670563,blocked_unfilled,control_class=actual_near_miss,12.0847351753,local_obstruction_before_drift
rank46_Q503_random_root_sets,random_root_sets,46,7,7,3,106,141,107961,1258347804744681,107961,503,prime_block_le_503,45,7425387163249856130442960012501049141001305819406163509869875583601074657992881456415943936664692413,229.960829033,177147,12.0847351753,32,7,0,,206.286568528,12.0847351753,1.05726750778,0.968357915255,1.20577801243,none_visible,6.61404220591,0.333333333333,6.28070887258,deterministic_seeded_random_sets_same_cardinality,local_obstruction_before_drift,local_residue_sieve,blocked_unfilled,darmon_granville_ceiling,blocked_unfilled,blocked_unfilled,Z,residue_only,blocked_unfilled,blocked_unfilled,negative_control_passed,Q_503,pass_predefined,45,0,12.0847351753,0.268549670563,blocked_unfilled,control_class=random_root_sets,12.0847351753,local_obstruction_before_drift
rank46_Q503_exact_power_anchor,exact_power_anchor,46,7,7,3,106,141,107961,1258347804744681,107961,503,prime_block_le_503,45,7425387163249856130442960012501049141001305819406163509869875583601074657992881456415943936664692413,229.960829033,328256967394537077627,47.2403284127,0,0,1,107961,171.13097529,47.2403284127,1.0121751356,0.988191208965,1.06537031377,constructed_exact_power_root,6.61404220591,0.333333333333,6.28070887258,C_from_near_power_row_as_positive_control,positive_control_survivor,local_residue_sieve,blocked_unfilled,darmon_granville_ceiling,blocked_unfilled,blocked_unfilled,Z,survivor_kandidat_requires_overlap_check,blocked_unfilled,blocked_unfilled,positive_control_passed,Q_503,pass_predefined,45,9.26260408851e-06,47.2403284127,1.04978507584,blocked_unfilled,control_class=exact_power_anchor,47.2403284127,positive_control_survivor
rank47_Q503_actual_near_miss,actual_near_miss,47,5,6,3,68,71,5060,129554216000,5060,503,prime_block_le_503,45,7425387163249856130442960012501049141001305819406163509869875583601074657992881456415943936664692413,229.960829033,4782969,15.3805720414,29,7,0,,206.051135229,15.3805720414,1.59266725223,0,9.16291172596,none_visible,8.98728049782,0.333333333333,8.65394716448,existing_near_power_csv,local_obstruction_before_drift,local_residue_sieve,blocked_unfilled,darmon_granville_ceiling,blocked_unfilled,blocked_unfilled,Z,residue_only,blocked_unfilled,blocked_unfilled,under_test,Q_503,pass_predefined,45,0,15.3805720414,0.341790489808,blocked_unfilled,control_class=actual_near_miss,15.3805720414,local_obstruction_before_drift
rank47_Q503_random_root_sets,random_root_sets,47,5,6,3,68,71,5060,129554216000,5060,503,prime_block_le_503,45,7425387163249856130442960012501049141001305819406163509869875583601074657992881456415943936664692413,229.960829033,4782969,15.3805720414,29,7,0,,206.051135229,15.3805720414,2.02549553506,0,9.16291172596,none_visible,8.98728049782,0.333333333333,8.65394716448,deterministic_seeded_random_sets_same_cardinality,local_obstruction_before_drift,local_residue_sieve,blocked_unfilled,darmon_granville_ceiling,blocked_unfilled,blocked_unfilled,Z,residue_only,blocked_unfilled,blocked_unfilled,negative_control_passed,Q_503,pass_predefined,45,0,15.3805720414,0.341790489808,blocked_unfilled,control_class=random_root_sets,15.3805720414,local_obstruction_before_drift
rank47_Q503_exact_power_anchor,exact_power_anchor,47,5,6,3,68,71,5060,129554216000,5060,503,prime_block_le_503,45,7425387163249856130442960012501049141001305819406163509869875583601074657992881456415943936664692413,229.960829033,2954312706550833698643,49.4375529901,0,0,1,5060,171.994154281,49.4375529901,1.24089445176,0.886451471234,2.53010540184,constructed_exact_power_root,8.98728049782,0.333333333333,8.65394716448,C_from_near_power_row_as_positive_control,positive_control_survivor,local_residue_sieve,blocked_unfilled,darmon_granville_ceiling,blocked_unfilled,blocked_unfilled,Z,survivor_kandidat_requires_overlap_check,blocked_unfilled,blocked_unfilled,positive_control_passed,Q_503,pass_predefined,45,0.000197628458498,49.4375529901,1.09861228867,blocked_unfilled,control_class=exact_power_anchor,49.4375529901,positive_control_survivor
rank48_Q503_actual_near_miss,actual_near_miss,48,5,7,3,187,103,49761,123216054498081,49761,503,prime_block_le_503,45,7425387163249856130442960012501049141001305819406163509869875583601074657992881456415943936664692413,229.960829033,1594323,14.2819597527,32,13,0,,204.863882457,14.2819597527,1.05539739213,0.93174038571,1.42997974764,none_visible,7.08772104186,0.333333333333,6.75438770853,existing_near_power_csv,local_obstruction_before_drift,local_residue_sieve,blocked_unfilled,darmon_granville_ceiling,blocked_unfilled,blocked_unfilled,Z,residue_only,blocked_unfilled,blocked_unfilled,under_test,Q_503,pass_predefined,45,0,14.2819597527,0.317376883393,blocked_unfilled,control_class=actual_near_miss,14.2819597527,local_obstruction_before_drift
rank48_Q503_random_root_sets,random_root_sets,48,5,7,3,187,103,49761,123216054498081,49761,503,prime_block_le_503,45,7425387163249856130442960012501049141001305819406163509869875583601074657992881456415943936664692413,229.960829033,1594323,14.2819597527,32,13,0,,204.863882457,14.2819597527,1.00954674455,0.844755710072,1.42997974764,none_visible,7.08772104186,0.333333333333,6.75438770853,deterministic_seeded_random_sets_same_cardinality,local_obstruction_before_drift,local_residue_sieve,blocked_unfilled,darmon_granville_ceiling,blocked_unfilled,blocked_unfilled,Z,residue_only,blocked_unfilled,blocked_unfilled,negative_control_passed,Q_503,pass_predefined,45,0,14.2819597527,0.317376883393,blocked_unfilled,control_class=random_root_sets,14.2819597527,local_obstruction_before_drift
rank48_Q503_exact_power_anchor,exact_power_anchor,48,5,7,3,187,103,49761,123216054498081,49761,503,prime_block_le_503,45,7425387163249856130442960012501049141001305819406163509869875583601074657992881456415943936664692413,229.960829033,328256967394537077627,47.2403284127,0,0,1,49761,171.905513797,47.2403284127,1.0161448576,0.984191100125,1.0920243207,constructed_exact_power_root,7.08772104186,0.333333333333,6.75438770853,C_from_near_power_row_as_positive_control,positive_control_survivor,local_residue_sieve,blocked_unfilled,darmon_granville_ceiling,blocked_unfilled,blocked_unfilled,Z,survivor_kandidat_requires_overlap_check,blocked_unfilled,blocked_unfilled,positive_control_passed,Q_503,pass_predefined,45,2.00960591628e-05,47.2403284127,1.04978507584,blocked_unfilled,control_class=exact_power_anchor,47.2403284127,positive_control_survivor
rank49_Q503_actual_near_miss,actual_near_miss,49,7,7,3,154,171,184980,6329571721992000,184980,503,prime_block_le_503,45,7425387163249856130442960012501049141001305819406163509869875583601074657992881456415943936664692413,229.960829033,59049,10.9861228867,34,7,0,,206.846703156,10.9861228867,0.982702394253,0.740031354741,1.19126452109,none_visible,6.32038182545,0.333333333333,5.98704849211,existing_near_power_csv,local_obstruction_before_drift,local_residue_sieve,blocked_unfilled,darmon_granville_ceiling,blocked_unfilled,blocked_unfilled,Z,residue_only,blocked_unfilled,blocked_unfilled,under_test,Q_503,pass_predefined,45,0,10.9861228867,0.244136064148,blocked_unfilled,control_class=actual_near_miss,10.9861228867,local_obstruction_before_drift
rank49_Q503_random_root_sets,random_root_sets,49,7,7,3,154,171,184980,6329571721992000,184980,503,prime_block_le_503,45,7425387163249856130442960012501049141001305819406163509869875583601074657992881456415943936664692413,229.960829033,59049,10.9861228867,34,7,0,,206.846703156,10.9861228867,1.01416441417,0.957384582117,1.0996287887,none_visible,6.32038182545,0.333333333333,5.98704849211,deterministic_seeded_random_sets_same_cardinality,local_obstruction_before_drift,local_residue_sieve,blocked_unfilled,darmon_granville_ceiling,blocked_unfilled,blocked_unfilled,Z,residue_only,blocked_unfilled,blocked_unfilled,negative_control_passed,Q_503,pass_predefined,45,0,10.9861228867,0.244136064148,blocked_unfilled,control_class=random_root_sets,10.9861228867,local_obstruction_before_drift
rank49_Q503_exact_power_anchor,exact_power_anchor,49,7,7,3,154,171,184980,6329571721992000,184980,503,prime_block_le_503,45,7425387163249856130442960012501049141001305819406163509869875583601074657992881456415943936664692413,229.960829033,2954312706550833698643,49.4375529901,0,0,1,184980,168.395273053,49.4375529901,1.00440728327,0.981171538064,1.04915246093,constructed_exact_power_root,6.32038182545,0.333333333333,5.98704849211,C_from_near_power_row_as_positive_control,positive_control_survivor,local_residue_sieve,blocked_unfilled,darmon_granville_ceiling,blocked_unfilled,blocked_unfilled,Z,survivor_kandidat_requires_overlap_check,blocked_unfilled,blocked_unfilled,positive_control_passed,Q_503,pass_predefined,45,5.40598983674e-06,49.4375529901,1.09861228867,blocked_unfilled,control_class=exact_power_anchor,49.4375529901,positive_control_survivor
rank50_Q503_actual_near_miss,actual_near_miss,50,7,7,4,149,204,11305,16333613199150625,11305,503,prime_block_le_503,95,31398901067973367931867134116182661800398427494539659144913198607495744580381215857356437160911524359731932107778284285404578948682310117300678465382306156119946455274779322906621879885004896897929424563183835,480.081887144,1099511627776,27.7258872224,60,3,0,,443.022999537,27.7258872224,1.07505136923,0,2.67808491818,none_visible,12.8597950111,0.25,12.6097950111,existing_near_power_csv,local_obstruction_before_drift,local_residue_sieve,blocked_unfilled,darmon_granville_ceiling,blocked_unfilled,blocked_unfilled,Z,residue_only,blocked_unfilled,blocked_unfilled,under_test,Q_503,pass_predefined,95,0,27.7258872224,0.291851444446,blocked_unfilled,control_class=actual_near_miss,27.7258872224,local_obstruction_before_drift
rank50_Q503_random_root_sets,random_root_sets,50,7,7,4,149,204,11305,16333613199150625,11305,503,prime_block_le_503,95,31398901067973367931867134116182661800398427494539659144913198607495744580381215857356437160911524359731932107778284285404578948682310117300678465382306156119946455274779322906621879885004896897929424563183835,480.081887144,1099511627776,27.7258872224,60,3,0,,443.022999537,27.7258872224,1.00024671053,0,2.65320654578,none_visible,12.8597950111,0.25,12.6097950111,deterministic_seeded_random_sets_same_cardinality,local_obstruction_before_drift,local_residue_sieve,blocked_unfilled,darmon_granville_ceiling,blocked_unfilled,blocked_unfilled,Z,residue_only,blocked_unfilled,blocked_unfilled,negative_control_passed,Q_503,pass_predefined,95,0,27.7258872224,0.291851444446,blocked_unfilled,control_class=random_root_sets,27.7258872224,local_obstruction_before_drift
rank50_Q503_exact_power_anchor,exact_power_anchor,50,7,7,4,149,204,11305,16333613199150625,11305,503,prime_block_le_503,95,31398901067973367931867134116182661800398427494539659144913198607495744580381215857356437160911524359731932107778284285404578948682310117300678465382306156119946455274779322906621879885004896897929424563183835,480.081887144,10889035741470030830827987437816582766592,92.1885750145,0,0,1,11305,378.560311745,92.1885750145,1.01776131505,0.920770676692,1.16001769129,constructed_exact_power_root,12.8597950111,0.25,12.6097950111,C_from_near_power_row_as_positive_control,positive_control_survivor,local_residue_sieve,blocked_unfilled,darmon_granville_ceiling,blocked_unfilled,blocked_unfilled,Z,survivor_kandidat_requires_overlap_check,blocked_unfilled,blocked_unfilled,positive_control_passed,Q_503,pass_predefined,95,8.84564352057e-05,92.1885750145,0.970406052784,blocked_unfilled,control_class=exact_power_anchor,92.1885750145,positive_control_survivor
rank51_Q503_actual_near_miss,actual_near_miss,51,6,7,4,173,138,5595,979941981200625,5595,503,prime_block_le_503,95,31398901067973367931867134116182661800398427494539659144913198607495744580381215857356437160911524359731932107778284285404578948682310117300678465382306156119946455274779322906621879885004896897929424563183835,480.081887144,549755813888,27.0327400418,62,7,0,,444.419518482,27.0327400418,0.975465445338,0,2.52191689008,none_visible,13.9079532922,0.25,13.6579532922,existing_near_power_csv,local_obstruction_before_drift,local_residue_sieve,blocked_unfilled,darmon_granville_ceiling,blocked_unfilled,blocked_unfilled,Z,residue_only,blocked_unfilled,blocked_unfilled,under_test,Q_503,pass_predefined,95,0,27.0327400418,0.284555158335,blocked_unfilled,control_class=actual_near_miss,27.0327400418,local_obstruction_before_drift
rank51_Q503_random_root_sets,random_root_sets,51,6,7,4,173,138,5595,979941981200625,5595,503,prime_block_le_503,95,31398901067973367931867134116182661800398427494539659144913198607495744580381215857356437160911524359731932107778284285404578948682310117300678465382306156119946455274779322906621879885004896897929424563183835,480.081887144,549755813888,27.0327400418,62,7,0,,444.419518482,27.0327400418,0.99520963658,0,3.93266309205,none_visible,13.9079532922,0.25,13.6579532922,deterministic_seeded_random_sets_same_cardinality,local_obstruction_before_drift,local_residue_sieve,blocked_unfilled,darmon_granville_ceiling,blocked_unfilled,blocked_unfilled,Z,residue_only,blocked_unfilled,blocked_unfilled,negative_control_passed,Q_503,pass_predefined,95,0,27.0327400418,0.284555158335,blocked_unfilled,control_class=random_root_sets,27.0327400418,local_obstruction_before_drift
rank51_Q503_exact_power_anchor,exact_power_anchor,51,6,7,4,173,138,5595,979941981200625,5595,503,prime_block_le_503,95,31398901067973367931867134116182661800398427494539659144913198607495744580381215857356437160911524359731932107778284285404578948682310117300678465382306156119946455274779322906621879885004896897929424563183835,480.081887144,21778071482940061661655974875633165533184,92.881722195,0,0,1,5595,378.570536328,92.881722195,1.02688738085,0.878954423592,1.27533512064,constructed_exact_power_root,13.9079532922,0.25,13.6579532922,C_from_near_power_row_as_positive_control,positive_control_survivor,local_residue_sieve,blocked_unfilled,darmon_granville_ceiling,blocked_unfilled,blocked_unfilled,Z,survivor_kandidat_requires_overlap_check,blocked_unfilled,blocked_unfilled,positive_control_passed,Q_503,pass_predefined,95,0.00017873100983,92.881722195,0.977702338895,blocked_unfilled,control_class=exact_power_anchor,92.881722195,positive_control_survivor
rank52_Q503_actual_near_miss,actual_near_miss,52,7,5,3,39,179,6847,320997007423,6847,503,prime_block_le_503,45,7425387163249856130442960012501049141001305819406163509869875583601074657992881456415943936664692413,229.960829033,14348907,16.47918433,30,13,0,,204.650078824,16.47918433,0.925345592207,0,2.13243431836,none_visible,8.67950380791,0.333333333333,8.34617047458,existing_near_power_csv,local_obstruction_before_drift,local_residue_sieve,blocked_unfilled,darmon_granville_ceiling,blocked_unfilled,blocked_unfilled,Z,residue_only,blocked_unfilled,blocked_unfilled,under_test,Q_503,pass_predefined,45,0,16.47918433,0.366204096223,blocked_unfilled,control_class=actual_near_miss,16.47918433,local_obstruction_before_drift
rank52_Q503_random_root_sets,random_root_sets,52,7,5,3,39,179,6847,320997007423,6847,503,prime_block_le_503,45,7425387163249856130442960012501049141001305819406163509869875583601074657992881456415943936664692413,229.960829033,14348907,16.47918433,30,13,0,,204.650078824,16.47918433,0.777930781874,0,1.74425133473,none_visible,8.67950380791,0.333333333333,8.34617047458,deterministic_seeded_random_sets_same_cardinality,local_obstruction_before_drift,local_residue_sieve,blocked_unfilled,darmon_granville_ceiling,blocked_unfilled,blocked_unfilled,Z,residue_only,blocked_unfilled,blocked_unfilled,negative_control_passed,Q_503,pass_predefined,45,0,16.47918433,0.366204096223,blocked_unfilled,control_class=random_root_sets,16.47918433,local_obstruction_before_drift
rank52_Q503_exact_power_anchor,exact_power_anchor,52,7,5,3,39,179,6847,320997007423,6847,503,prime_block_le_503,45,7425387163249856130442960012501049141001305819406163509869875583601074657992881456415943936664692413,229.960829033,2954312706550833698643,49.4375529901,0,0,1,6847,171.691710164,49.4375529901,1.13068578291,0.415283254629,2.04415559126,constructed_exact_power_root,8.67950380791,0.333333333333,8.34617047458,C_from_near_power_row_as_positive_control,positive_control_survivor,local_residue_sieve,blocked_unfilled,darmon_granville_ceiling,blocked_unfilled,blocked_unfilled,Z,survivor_kandidat_requires_overlap_check,blocked_unfilled,blocked_unfilled,positive_control_passed,Q_503,pass_predefined,45,0.000146049364685,49.4375529901,1.09861228867,blocked_unfilled,control_class=exact_power_anchor,49.4375529901,positive_control_survivor
rank53_Q503_actual_near_miss,actual_near_miss,53,7,7,3,206,247,415692,71831510617053888,415692,503,prime_block_le_503,45,7425387163249856130442960012501049141001305819406163509869875583601074657992881456415943936664692413,229.960829033,43046721,17.5777966187,28,7,0,,199.445332534,17.5777966187,1.00907584689,0.976428862395,1.06868306342,none_visible,5.92482515333,0.333333333333,5.59149181999,existing_near_power_csv,local_obstruction_before_drift,local_residue_sieve,blocked_unfilled,darmon_granville_ceiling,blocked_unfilled,blocked_unfilled,Z,residue_only,blocked_unfilled,blocked_unfilled,under_test,Q_503,pass_predefined,45,0,17.5777966187,0.390617702638,blocked_unfilled,control_class=actual_near_miss,17.5777966187,local_obstruction_before_drift
rank53_Q503_random_root_sets,random_root_sets,53,7,7,3,206,247,415692,71831510617053888,415692,503,prime_block_le_503,45,7425387163249856130442960012501049141001305819406163509869875583601074657992881456415943936664692413,229.960829033,43046721,17.5777966187,28,7,0,,199.445332534,17.5777966187,1.00905518188,0.984425969227,1.11158261405,none_visible,5.92482515333,0.333333333333,5.59149181999,deterministic_seeded_random_sets_same_cardinality,local_obstruction_before_drift,local_residue_sieve,blocked_unfilled,darmon_granville_ceiling,blocked_unfilled,blocked_unfilled,Z,residue_only,blocked_unfilled,blocked_unfilled,negative_control_passed,Q_503,pass_predefined,45,0,17.5777966187,0.390617702638,blocked_unfilled,control_class=random_root_sets,17.5777966187,local_obstruction_before_drift
rank53_Q503_exact_power_anchor,exact_power_anchor,53,7,7,3,206,247,415692,71831510617053888,415692,503,prime_block_le_503,45,7425387163249856130442960012501049141001305819406163509869875583601074657992881456415943936664692413,229.960829033,2954312706550833698643,49.4375529901,0,0,1,415692,167.585576162,49.4375529901,1.00364977088,0.985524539002,1.03738451653,constructed_exact_power_root,5.92482515333,0.333333333333,5.59149181999,C_from_near_power_row_as_positive_control,positive_control_survivor,local_residue_sieve,blocked_unfilled,darmon_granville_ceiling,blocked_unfilled,blocked_unfilled,Z,survivor_kandidat_requires_overlap_check,blocked_unfilled,blocked_unfilled,positive_control_passed,Q_503,pass_predefined,45,2.40562724325e-06,49.4375529901,1.09861228867,blocked_unfilled,control_class=exact_power_anchor,49.4375529901,positive_control_survivor
rank54_Q503_actual_near_miss,actual_near_miss,54,6,7,3,208,119,74824,418911964148224,74824,503,prime_block_le_503,45,7425387163249856130442960012501049141001305819406163509869875583601074657992881456415943936664692413,229.960829033,4782969,15.3805720414,31,13,0,,203.357363023,15.3805720414,0.920862267329,0,1.76307958231,none_visible,6.83011083375,0.333333333333,6.49677750042,existing_near_power_csv,local_obstruction_before_drift,local_residue_sieve,blocked_unfilled,darmon_granville_ceiling,blocked_unfilled,blocked_unfilled,Z,residue_only,blocked_unfilled,blocked_unfilled,under_test,Q_503,pass_predefined,45,0,15.3805720414,0.341790489808,blocked_unfilled,control_class=actual_near_miss,15.3805720414,local_obstruction_before_drift
rank54_Q503_random_root_sets,random_root_sets,54,6,7,3,208,119,74824,418911964148224,74824,503,prime_block_le_503,45,7425387163249856130442960012501049141001305819406163509869875583601074657992881456415943936664692413,229.960829033,4782969,15.3805720414,31,13,0,,203.357363023,15.3805720414,1.07551201635,0.738093540991,1.57789835703,none_visible,6.83011083375,0.333333333333,6.49677750042,deterministic_seeded_random_sets_same_cardinality,local_obstruction_before_drift,local_residue_sieve,blocked_unfilled,darmon_granville_ceiling,blocked_unfilled,blocked_unfilled,Z,residue_only,blocked_unfilled,blocked_unfilled,negative_control_passed,Q_503,pass_predefined,45,0,15.3805720414,0.341790489808,blocked_unfilled,control_class=random_root_sets,15.3805720414,local_obstruction_before_drift
rank54_Q503_exact_power_anchor,exact_power_anchor,54,6,7,3,208,119,74824,418911964148224,74824,503,prime_block_le_503,45,7425387163249856130442960012501049141001305819406163509869875583601074657992881456415943936664692413,229.960829033,984770902183611232881,48.3389407014,0,0,1,74824,170.398994363,48.3389407014,1.00555946597,0.901491797047,1.11795383537,constructed_exact_power_root,6.83011083375,0.333333333333,6.49677750042,C_from_near_power_row_as_positive_control,positive_control_survivor,local_residue_sieve,blocked_unfilled,darmon_granville_ceiling,blocked_unfilled,blocked_unfilled,Z,survivor_kandidat_requires_overlap_check,blocked_unfilled,blocked_unfilled,positive_control_passed,Q_503,pass_predefined,45,1.33646958195e-05,48.3389407014,1.07419868225,blocked_unfilled,control_class=exact_power_anchor,48.3389407014,positive_control_survivor
rank55_Q503_actual_near_miss,actual_near_miss,55,7,7,3,89,151,122409,1834171961263929,122409,503,prime_block_le_503,45,7425387163249856130442960012501049141001305819406163509869875583601074657992881456415943936664692413,229.960829033,129140163,18.6764089074,28,7,0,,199.56929695,18.6764089074,1.01610862173,0.793509191862,1.53649559174,none_visible,6.54313305354,0.333333333333,6.2097997202,existing_near_power_csv,local_obstruction_before_drift,local_residue_sieve,blocked_unfilled,darmon_granville_ceiling,blocked_unfilled,blocked_unfilled,Z,residue_only,blocked_unfilled,blocked_unfilled,under_test,Q_503,pass_predefined,45,0,18.6764089074,0.415031309052,blocked_unfilled,control_class=actual_near_miss,18.6764089074,local_obstruction_before_drift
rank55_Q503_random_root_sets,random_root_sets,55,7,7,3,89,151,122409,1834171961263929,122409,503,prime_block_le_503,45,7425387163249856130442960012501049141001305819406163509869875583601074657992881456415943936664692413,229.960829033,129140163,18.6764089074,28,7,0,,199.56929695,18.6764089074,0.993067752825,0.818679817479,1.18763144685,none_visible,6.54313305354,0.333333333333,6.2097997202,deterministic_seeded_random_sets_same_cardinality,local_obstruction_before_drift,local_residue_sieve,blocked_unfilled,darmon_granville_ceiling,blocked_unfilled,blocked_unfilled,Z,residue_only,blocked_unfilled,blocked_unfilled,negative_control_passed,Q_503,pass_predefined,45,0,18.6764089074,0.415031309052,blocked_unfilled,control_class=random_root_sets,18.6764089074,local_obstruction_before_drift
rank55_Q503_exact_power_anchor,exact_power_anchor,55,7,7,3,89,151,122409,1834171961263929,122409,503,prime_block_le_503,45,7425387163249856130442960012501049141001305819406163509869875583601074657992881456415943936664692413,229.960829033,328256967394537077627,47.2403284127,0,0,1,122409,171.005377444,47.2403284127,1.01047108162,0.973427879758,1.15219106075,constructed_exact_power_root,6.54313305354,0.333333333333,6.2097997202,C_from_near_power_row_as_positive_control,positive_control_survivor,local_residue_sieve,blocked_unfilled,darmon_granville_ceiling,blocked_unfilled,blocked_unfilled,Z,survivor_kandidat_requires_overlap_check,blocked_unfilled,blocked_unfilled,positive_control_passed,Q_503,pass_predefined,45,8.1693339542e-06,47.2403284127,1.04978507584,blocked_unfilled,control_class=exact_power_anchor,47.2403284127,positive_control_survivor
rank56_Q503_actual_near_miss,actual_near_miss,56,6,7,3,250,237,348272,42243090123419648,348272,503,prime_block_le_503,45,7425387163249856130442960012501049141001305819406163509869875583601074657992881456415943936664692413,229.960829033,3486784401,21.9722457734,24,13,0,,195.227844197,21.9722457734,1.00768074634,0.930357115511,1.09868787104,none_visible,6.00698825525,0.333333333333,5.67365492191,existing_near_power_csv,local_obstruction_before_drift,local_residue_sieve,blocked_unfilled,darmon_granville_ceiling,blocked_unfilled,blocked_unfilled,Z,residue_only,blocked_unfilled,blocked_unfilled,under_test,Q_503,pass_predefined,45,0,21.9722457734,0.488272128297,blocked_unfilled,control_class=actual_near_miss,21.9722457734,local_obstruction_before_drift
rank56_Q503_random_root_sets,random_root_sets,56,6,7,3,250,237,348272,42243090123419648,348272,503,prime_block_le_503,45,7425387163249856130442960012501049141001305819406163509869875583601074657992881456415943936664692413,229.960829033,3486784401,21.9722457734,24,13,0,,195.227844197,21.9722457734,0.981390503208,0.775297596259,1.04684269766,none_visible,6.00698825525,0.333333333333,5.67365492191,deterministic_seeded_random_sets_same_cardinality,local_obstruction_before_drift,local_residue_sieve,blocked_unfilled,darmon_granville_ceiling,blocked_unfilled,blocked_unfilled,Z,residue_only,blocked_unfilled,blocked_unfilled,negative_control_passed,Q_503,pass_predefined,45,0,21.9722457734,0.488272128297,blocked_unfilled,control_class=random_root_sets,21.9722457734,local_obstruction_before_drift
rank56_Q503_exact_power_anchor,exact_power_anchor,56,6,7,3,250,237,348272,42243090123419648,348272,503,prime_block_le_503,45,7425387163249856130442960012501049141001305819406163509869875583601074657992881456415943936664692413,229.960829033,2954312706550833698643,49.4375529901,0,0,1,348272,167.76253698,49.4375529901,1.00145341912,0.977906476675,1.02926831136,constructed_exact_power_root,6.00698825525,0.333333333333,5.67365492191,C_from_near_power_row_as_positive_control,positive_control_survivor,local_residue_sieve,blocked_unfilled,darmon_granville_ceiling,blocked_unfilled,blocked_unfilled,Z,survivor_kandidat_requires_overlap_check,blocked_unfilled,blocked_unfilled,positive_control_passed,Q_503,pass_predefined,45,2.87131896908e-06,49.4375529901,1.09861228867,blocked_unfilled,control_class=exact_power_anchor,49.4375529901,positive_control_survivor
rank57_Q503_actual_near_miss,actual_near_miss,57,5,7,3,163,84,30942,29624098656888,30942,503,prime_block_le_503,45,7425387163249856130442960012501049141001305819406163509869875583601074657992881456415943936664692413,229.960829033,14348907,16.47918433,30,7,0,,203.14177494,16.47918433,0.965442512514,0,1.44085349651,none_visible,7.41340185443,0.333333333333,7.0800685211,existing_near_power_csv,local_obstruction_before_drift,local_residue_sieve,blocked_unfilled,darmon_granville_ceiling,blocked_unfilled,blocked_unfilled,Z,residue_only,blocked_unfilled,blocked_unfilled,under_test,Q_503,pass_predefined,45,0,16.47918433,0.366204096223,blocked_unfilled,control_class=actual_near_miss,16.47918433,local_obstruction_before_drift
rank57_Q503_random_root_sets,random_root_sets,57,5,7,3,163,84,30942,29624098656888,30942,503,prime_block_le_503,45,7425387163249856130442960012501049141001305819406163509869875583601074657992881456415943936664692413,229.960829033,14348907,16.47918433,30,7,0,,203.14177494,16.47918433,1.01806811105,0.36490135666,1.32735081407,none_visible,7.41340185443,0.333333333333,7.0800685211,deterministic_seeded_random_sets_same_cardinality,local_obstruction_before_drift,local_residue_sieve,blocked_unfilled,darmon_granville_ceiling,blocked_unfilled,blocked_unfilled,Z,residue_only,blocked_unfilled,blocked_unfilled,negative_control_passed,Q_503,pass_predefined,45,0,16.47918433,0.366204096223,blocked_unfilled,control_class=random_root_sets,16.47918433,local_obstruction_before_drift
rank57_Q503_exact_power_anchor,exact_power_anchor,57,5,7,3,163,84,30942,29624098656888,30942,503,prime_block_le_503,45,7425387163249856130442960012501049141001305819406163509869875583601074657992881456415943936664692413,229.960829033,2954312706550833698643,49.4375529901,0,0,1,30942,170.18340628,49.4375529901,1.03242192082,0.792723303098,1.65041044535,constructed_exact_power_root,7.41340185443,0.333333333333,7.0800685211,C_from_near_power_row_as_positive_control,positive_control_survivor,local_residue_sieve,blocked_unfilled,darmon_granville_ceiling,blocked_unfilled,blocked_unfilled,Z,survivor_kandidat_requires_overlap_check,blocked_unfilled,blocked_unfilled,positive_control_passed,Q_503,pass_predefined,45,3.23185314459e-05,49.4375529901,1.09861228867,blocked_unfilled,control_class=exact_power_anchor,49.4375529901,positive_control_survivor
rank58_Q503_actual_near_miss,actual_near_miss,58,6,7,3,197,194,218283,10400632276871187,218283,503,prime_block_le_503,45,7425387163249856130442960012501049141001305819406163509869875583601074657992881456415943936664692413,229.960829033,3486784401,21.9722457734,25,13,0,,195.695035595,21.9722457734,0.978711792484,0.76589157704,1.12253308269,none_visible,6.23527168612,0.333333333333,5.90193835278,existing_near_power_csv,local_obstruction_before_drift,local_residue_sieve,blocked_unfilled,darmon_granville_ceiling,blocked_unfilled,blocked_unfilled,Z,residue_only,blocked_unfilled,blocked_unfilled,under_test,Q_503,pass_predefined,45,0,21.9722457734,0.488272128297,blocked_unfilled,control_class=actual_near_miss,21.9722457734,local_obstruction_before_drift
rank58_Q503_random_root_sets,random_root_sets,58,6,7,3,197,194,218283,10400632276871187,218283,503,prime_block_le_503,45,7425387163249856130442960012501049141001305819406163509869875583601074657992881456415943936664692413,229.960829033,3486784401,21.9722457734,25,13,0,,195.695035595,21.9722457734,0.989124371058,0.842480734744,1.10599593698,none_visible,6.23527168612,0.333333333333,5.90193835278,deterministic_seeded_random_sets_same_cardinality,local_obstruction_before_drift,local_residue_sieve,blocked_unfilled,darmon_granville_ceiling,blocked_unfilled,blocked_unfilled,Z,residue_only,blocked_unfilled,blocked_unfilled,negative_control_passed,Q_503,pass_predefined,45,0,21.9722457734,0.488272128297,blocked_unfilled,control_class=random_root_sets,21.9722457734,local_obstruction_before_drift
rank58_Q503_exact_power_anchor,exact_power_anchor,58,6,7,3,197,194,218283,10400632276871187,218283,503,prime_block_le_503,45,7425387163249856130442960012501049141001305819406163509869875583601074657992881456415943936664692413,229.960829033,328256967394537077627,47.2403284127,0,0,1,218283,170.426952955,47.2403284127,1.00634980991,0.961133533583,1.05384701919,constructed_exact_power_root,6.23527168612,0.333333333333,5.90193835278,C_from_near_power_row_as_positive_control,positive_control_survivor,local_residue_sieve,blocked_unfilled,darmon_granville_ceiling,blocked_unfilled,blocked_unfilled,Z,survivor_kandidat_requires_overlap_check,blocked_unfilled,blocked_unfilled,positive_control_passed,Q_503,pass_predefined,45,4.58120879775e-06,47.2403284127,1.04978507584,blocked_unfilled,control_class=exact_power_anchor,47.2403284127,positive_control_survivor
rank59_Q503_actual_near_miss,actual_near_miss,59,5,6,3,188,213,45407,93619955034143,45407,503,prime_block_le_503,45,7425387163249856130442960012501049141001305819406163509869875583601074657992881456415943936664692413,229.960829033,4782969,15.3805720414,30,19,0,,203.856835434,15.3805720414,1.04787336125,0.46514365137,1.4791356203,none_visible,7.14824174999,0.333333333333,6.81490841665,existing_near_power_csv,local_obstruction_before_drift,local_residue_sieve,blocked_unfilled,darmon_granville_ceiling,blocked_unfilled,blocked_unfilled,Z,residue_only,blocked_unfilled,blocked_unfilled,under_test,Q_503,pass_predefined,45,0,15.3805720414,0.341790489808,blocked_unfilled,control_class=actual_near_miss,15.3805720414,local_obstruction_before_drift
rank59_Q503_random_root_sets,random_root_sets,59,5,6,3,188,213,45407,93619955034143,45407,503,prime_block_le_503,45,7425387163249856130442960012501049141001305819406163509869875583601074657992881456415943936664692413,229.960829033,4782969,15.3805720414,30,19,0,,203.856835434,15.3805720414,0.992359229977,0.407166785346,1.84891952538,none_visible,7.14824174999,0.333333333333,6.81490841665,deterministic_seeded_random_sets_same_cardinality,local_obstruction_before_drift,local_residue_sieve,blocked_unfilled,darmon_granville_ceiling,blocked_unfilled,blocked_unfilled,Z,residue_only,blocked_unfilled,blocked_unfilled,negative_control_passed,Q_503,pass_predefined,45,0,15.3805720414,0.341790489808,blocked_unfilled,control_class=random_root_sets,15.3805720414,local_obstruction_before_drift
rank59_Q503_exact_power_anchor,exact_power_anchor,59,5,6,3,188,213,45407,93619955034143,45407,503,prime_block_le_503,45,7425387163249856130442960012501049141001305819406163509869875583601074657992881456415943936664692413,229.960829033,2954312706550833698643,49.4375529901,0,0,1,45407,169.799854486,49.4375529901,1.00551636271,0.874728076679,1.11125548435,constructed_exact_power_root,7.14824174999,0.333333333333,6.81490841665,C_from_near_power_row_as_positive_control,positive_control_survivor,local_residue_sieve,blocked_unfilled,darmon_granville_ceiling,blocked_unfilled,blocked_unfilled,Z,survivor_kandidat_requires_overlap_check,blocked_unfilled,blocked_unfilled,positive_control_passed,Q_503,pass_predefined,45,2.20230360958e-05,49.4375529901,1.09861228867,blocked_unfilled,control_class=exact_power_anchor,49.4375529901,positive_control_survivor
rank60_Q503_actual_near_miss,actual_near_miss,60,7,7,4,204,227,14626,45761713347855376,14626,503,prime_block_le_503,95,31398901067973367931867134116182661800398427494539659144913198607495744580381215857356437160911524359731932107778284285404578948682310117300678465382306156119946455274779322906621879885004896897929424563183835,480.081887144,2199023255552,28.419034403,61,3,0,,442.072296695,28.419034403,1.15355983494,0,3.51910980446,none_visible,12.5144435018,0.25,12.2644435018,existing_near_power_csv,local_obstruction_before_drift,local_residue_sieve,blocked_unfilled,darmon_granville_ceiling,blocked_unfilled,blocked_unfilled,Z,residue_only,blocked_unfilled,blocked_unfilled,under_test,Q_503,pass_predefined,95,0,28.419034403,0.299147730557,blocked_unfilled,control_class=actual_near_miss,28.419034403,local_obstruction_before_drift
rank60_Q503_random_root_sets,random_root_sets,60,7,7,4,204,227,14626,45761713347855376,14626,503,prime_block_le_503,95,31398901067973367931867134116182661800398427494539659144913198607495744580381215857356437160911524359731932107778284285404578948682310117300678465382306156119946455274779322906621879885004896897929424563183835,480.081887144,2199023255552,28.419034403,61,3,0,,442.072296695,28.419034403,0.752762097463,0,1.3996393409,none_visible,12.5144435018,0.25,12.2644435018,deterministic_seeded_random_sets_same_cardinality,local_obstruction_before_drift,local_residue_sieve,blocked_unfilled,darmon_granville_ceiling,blocked_unfilled,blocked_unfilled,Z,residue_only,blocked_unfilled,blocked_unfilled,negative_control_passed,Q_503,pass_predefined,95,0,28.419034403,0.299147730557,blocked_unfilled,control_class=random_root_sets,28.419034403,local_obstruction_before_drift
rank60_Q503_exact_power_anchor,exact_power_anchor,60,7,7,4,204,227,14626,45761713347855376,14626,503,prime_block_le_503,95,31398901067973367931867134116182661800398427494539659144913198607495744580381215857356437160911524359731932107778284285404578948682310117300678465382306156119946455274779322906621879885004896897929424563183835,480.081887144,174224571863520493293247799005065324265472,94.9611637367,0,0,1,14626,375.530167362,94.9611637367,1.01885394588,0.994444824286,1.13834951456,constructed_exact_power_root,12.5144435018,0.25,12.2644435018,C_from_near_power_row_as_positive_control,positive_control_survivor,local_residue_sieve,blocked_unfilled,darmon_granville_ceiling,blocked_unfilled,blocked_unfilled,Z,survivor_kandidat_requires_overlap_check,blocked_unfilled,blocked_unfilled,positive_control_passed,Q_503,pass_predefined,95,6.8371393409e-05,94.9611637367,0.999591197229,blocked_unfilled,control_class=exact_power_anchor,94.9611637367,positive_control_survivor
rank61_Q503_actual_near_miss,actual_near_miss,61,6,7,3,185,188,202799,8340602569088399,202799,503,prime_block_le_503,45,7425387163249856130442960012501049141001305819406163509869875583601074657992881456415943936664692413,229.960829033,43046721,17.5777966187,28,31,0,,200.163061795,17.5777966187,1.03070860118,0.942244400723,1.23655277722,none_visible,6.27281456421,0.333333333333,5.93948123088,existing_near_power_csv,local_obstruction_before_drift,local_residue_sieve,blocked_unfilled,darmon_granville_ceiling,blocked_unfilled,blocked_unfilled,Z,residue_only,blocked_unfilled,blocked_unfilled,under_test,Q_503,pass_predefined,45,0,17.5777966187,0.390617702638,blocked_unfilled,control_class=actual_near_miss,17.5777966187,local_obstruction_before_drift
rank61_Q503_random_root_sets,random_root_sets,61,6,7,3,185,188,202799,8340602569088399,202799,503,prime_block_le_503,45,7425387163249856130442960012501049141001305819406163509869875583601074657992881456415943936664692413,229.960829033,43046721,17.5777966187,28,31,0,,200.163061795,17.5777966187,0.996515056506,0.923801399415,1.08434569314,none_visible,6.27281456421,0.333333333333,5.93948123088,deterministic_seeded_random_sets_same_cardinality,local_obstruction_before_drift,local_residue_sieve,blocked_unfilled,darmon_granville_ceiling,blocked_unfilled,blocked_unfilled,Z,residue_only,blocked_unfilled,blocked_unfilled,negative_control_passed,Q_503,pass_predefined,45,0,17.5777966187,0.390617702638,blocked_unfilled,control_class=random_root_sets,17.5777966187,local_obstruction_before_drift
rank61_Q503_exact_power_anchor,exact_power_anchor,61,6,7,3,185,188,202799,8340602569088399,202799,503,prime_block_le_503,45,7425387163249856130442960012501049141001305819406163509869875583601074657992881456415943936664692413,229.960829033,2954312706550833698643,49.4375529901,0,0,1,202799,168.303305423,49.4375529901,0.999702131631,0.967596268007,1.03119070826,constructed_exact_power_root,6.27281456421,0.333333333333,5.93948123088,C_from_near_power_row_as_positive_control,positive_control_survivor,local_residue_sieve,blocked_unfilled,darmon_granville_ceiling,blocked_unfilled,blocked_unfilled,Z,survivor_kandidat_requires_overlap_check,blocked_unfilled,blocked_unfilled,positive_control_passed,Q_503,pass_predefined,45,4.93099078398e-06,49.4375529901,1.09861228867,blocked_unfilled,control_class=exact_power_anchor,49.4375529901,positive_control_survivor
rank62_Q503_actual_near_miss,actual_near_miss,62,7,7,5,179,246,2271,60406777905120351,2271,503,prime_block_le_503,22,6891779078719838087180850878941765504575954389051,112.454413727,625,6.43775164974,18,11,0,,98.2886865353,6.43775164974,0.302310289153,0,0.906930867459,none_visible,2.91032012496,0.2,2.71032012496,existing_near_power_csv,local_obstruction_before_drift,local_residue_sieve,blocked_unfilled,darmon_granville_ceiling,blocked_unfilled,blocked_unfilled,Z,residue_only,blocked_unfilled,blocked_unfilled,under_test,Q_503,pass_predefined,22,0,6.43775164974,0.292625074988,blocked_unfilled,control_class=actual_near_miss,6.43775164974,local_obstruction_before_drift
rank62_Q503_random_root_sets,random_root_sets,62,7,7,5,179,246,2271,60406777905120351,2271,503,prime_block_le_503,22,6891779078719838087180850878941765504575954389051,112.454413727,625,6.43775164974,18,11,0,,98.2886865353,6.43775164974,0.467206810509,0,1.40162043153,none_visible,2.91032012496,0.2,2.71032012496,deterministic_seeded_random_sets_same_cardinality,local_obstruction_before_drift,local_residue_sieve,blocked_unfilled,darmon_granville_ceiling,blocked_unfilled,blocked_unfilled,Z,residue_only,blocked_unfilled,blocked_unfilled,negative_control_passed,Q_503,pass_predefined,22,0,6.43775164974,0.292625074988,blocked_unfilled,control_class=random_root_sets,6.43775164974,local_obstruction_before_drift
rank62_Q503_exact_power_anchor,exact_power_anchor,62,7,7,5,179,246,2271,60406777905120351,2271,503,prime_block_le_503,22,6891779078719838087180850878941765504575954389051,112.454413727,2384185791015625,35.4076340736,0,0,1,2271,69.3188041115,35.4076340736,2.71077394058,0.895658300308,9.5878996037,constructed_exact_power_root,2.91032012496,0.2,2.71032012496,C_from_near_power_row_as_positive_control,positive_control_survivor,local_residue_sieve,blocked_unfilled,darmon_granville_ceiling,blocked_unfilled,blocked_unfilled,Z,survivor_kandidat_requires_overlap_check,blocked_unfilled,blocked_unfilled,positive_control_passed,Q_503,pass_predefined,22,0.000440334654337,35.4076340736,1.60943791243,blocked_unfilled,control_class=exact_power_anchor,35.4076340736,positive_control_survivor
rank63_Q503_actual_near_miss,actual_near_miss,63,7,7,3,108,217,283681,22829202875910241,283681,503,prime_block_le_503,45,7425387163249856130442960012501049141001305819406163509869875583601074657992881456415943936664692413,229.960829033,129140163,18.6764089074,27,7,0,,198.728814479,18.6764089074,0.997723900175,0.849997787029,1.1167884584,none_visible,6.10513039645,0.333333333333,5.77179706311,existing_near_power_csv,local_obstruction_before_drift,local_residue_sieve,blocked_unfilled,darmon_granville_ceiling,blocked_unfilled,blocked_unfilled,Z,residue_only,blocked_unfilled,blocked_unfilled,under_test,Q_503,pass_predefined,45,0,18.6764089074,0.415031309052,blocked_unfilled,control_class=actual_near_miss,18.6764089074,local_obstruction_before_drift
rank63_Q503_random_root_sets,random_root_sets,63,7,7,3,108,217,283681,22829202875910241,283681,503,prime_block_le_503,45,7425387163249856130442960012501049141001305819406163509869875583601074657992881456415943936664692413,229.960829033,129140163,18.6764089074,27,7,0,,198.728814479,18.6764089074,0.98372066774,0.796109401444,1.03253184622,none_visible,6.10513039645,0.333333333333,5.77179706311,deterministic_seeded_random_sets_same_cardinality,local_obstruction_before_drift,local_residue_sieve,blocked_unfilled,darmon_granville_ceiling,blocked_unfilled,blocked_unfilled,Z,residue_only,blocked_unfilled,blocked_unfilled,negative_control_passed,Q_503,pass_predefined,45,0,18.6764089074,0.415031309052,blocked_unfilled,control_class=random_root_sets,18.6764089074,local_obstruction_before_drift
rank63_Q503_exact_power_anchor,exact_power_anchor,63,7,7,3,108,217,283681,22829202875910241,283681,503,prime_block_le_503,45,7425387163249856130442960012501049141001305819406163509869875583601074657992881456415943936664692413,229.960829033,984770902183611232881,48.3389407014,0,0,1,283681,169.066282685,48.3389407014,1.00467202858,0.982228081699,1.05919481546,constructed_exact_power_root,6.10513039645,0.333333333333,5.77179706311,C_from_near_power_row_as_positive_control,positive_control_survivor,local_residue_sieve,blocked_unfilled,darmon_granville_ceiling,blocked_unfilled,blocked_unfilled,Z,survivor_kandidat_requires_overlap_check,blocked_unfilled,blocked_unfilled,positive_control_passed,Q_503,pass_predefined,45,3.52508627649e-06,48.3389407014,1.07419868225,blocked_unfilled,control_class=exact_power_anchor,48.3389407014,positive_control_survivor
rank64_Q503_actual_near_miss,actual_near_miss,64,6,7,4,240,179,8830,6079149367210000,8830,503,prime_block_le_503,95,31398901067973367931867134116182661800398427494539659144913198607495744580381215857356437160911524359731932107778284285404578948682310117300678465382306156119946455274779322906621879885004896897929424563183835,480.081887144,1099511627776,27.7258872224,64,3,0,,443.270089628,27.7258872224,0.95654580738,0,2.7031993205,none_visible,13.2095153824,0.25,12.9595153824,existing_near_power_csv,local_obstruction_before_drift,local_residue_sieve,blocked_unfilled,darmon_granville_ceiling,blocked_unfilled,blocked_unfilled,Z,residue_only,blocked_unfilled,blocked_unfilled,under_test,Q_503,pass_predefined,95,0,27.7258872224,0.291851444446,blocked_unfilled,control_class=actual_near_miss,27.7258872224,local_obstruction_before_drift
rank64_Q503_random_root_sets,random_root_sets,64,6,7,4,240,179,8830,6079149367210000,8830,503,prime_block_le_503,95,31398901067973367931867134116182661800398427494539659144913198607495744580381215857356437160911524359731932107778284285404578948682310117300678465382306156119946455274779322906621879885004896897929424563183835,480.081887144,1099511627776,27.7258872224,64,3,0,,443.270089628,27.7258872224,1.23219876604,0,2.7031993205,none_visible,13.2095153824,0.25,12.9595153824,deterministic_seeded_random_sets_same_cardinality,local_obstruction_before_drift,local_residue_sieve,blocked_unfilled,darmon_granville_ceiling,blocked_unfilled,blocked_unfilled,Z,residue_only,blocked_unfilled,blocked_unfilled,negative_control_passed,Q_503,pass_predefined,95,0,27.7258872224,0.291851444446,blocked_unfilled,control_class=random_root_sets,27.7258872224,local_obstruction_before_drift
rank64_Q503_exact_power_anchor,exact_power_anchor,64,6,7,4,240,179,8830,6079149367210000,8830,503,prime_block_le_503,95,31398901067973367931867134116182661800398427494539659144913198607495744580381215857356437160911524359731932107778284285404578948682310117300678465382306156119946455274779322906621879885004896897929424563183835,480.081887144,174224571863520493293247799005065324265472,94.9611637367,0,0,1,8830,376.034813114,94.9611637367,1.007614312,0.928227633069,1.099900906,constructed_exact_power_root,13.2095153824,0.25,12.9595153824,C_from_near_power_row_as_positive_control,positive_control_survivor,local_residue_sieve,blocked_unfilled,darmon_granville_ceiling,blocked_unfilled,blocked_unfilled,Z,survivor_kandidat_requires_overlap_check,blocked_unfilled,blocked_unfilled,positive_control_passed,Q_503,pass_predefined,95,0.000113250283126,94.9611637367,0.999591197229,blocked_unfilled,control_class=exact_power_anchor,94.9611637367,positive_control_survivor
rank65_Q503_actual_near_miss,actual_near_miss,65,7,7,3,100,169,159233,4037376327502337,159233,503,prime_block_le_503,45,7425387163249856130442960012501049141001305819406163509869875583601074657992881456415943936664692413,229.960829033,10460353203,23.070858062,24,7,0,,194.911847154,23.070858062,1.01918387241,0.887799639522,1.12759917856,none_visible,6.39946713246,0.333333333333,6.06613379913,existing_near_power_csv,local_obstruction_before_drift,local_residue_sieve,blocked_unfilled,darmon_granville_ceiling,blocked_unfilled,blocked_unfilled,Z,residue_only,blocked_unfilled,blocked_unfilled,under_test,Q_503,pass_predefined,45,0,23.070858062,0.512685734712,blocked_unfilled,control_class=actual_near_miss,23.070858062,local_obstruction_before_drift
rank65_Q503_random_root_sets,random_root_sets,65,7,7,3,100,169,159233,4037376327502337,159233,503,prime_block_le_503,45,7425387163249856130442960012501049141001305819406163509869875583601074657992881456415943936664692413,229.960829033,10460353203,23.070858062,24,7,0,,194.911847154,23.070858062,0.982438906787,0.839955704324,1.11388203311,none_visible,6.39946713246,0.333333333333,6.06613379913,deterministic_seeded_random_sets_same_cardinality,local_obstruction_before_drift,local_residue_sieve,blocked_unfilled,darmon_granville_ceiling,blocked_unfilled,blocked_unfilled,Z,residue_only,blocked_unfilled,blocked_unfilled,negative_control_passed,Q_503,pass_predefined,45,0,23.070858062,0.512685734712,blocked_unfilled,control_class=random_root_sets,23.070858062,local_obstruction_before_drift
rank65_Q503_exact_power_anchor,exact_power_anchor,65,7,7,3,100,169,159233,4037376327502337,159233,503,prime_block_le_503,45,7425387163249856130442960012501049141001305819406163509869875583601074657992881456415943936664692413,229.960829033,2954312706550833698643,49.4375529901,0,0,1,159233,168.545152226,49.4375529901,1.00637119586,0.926283426732,1.07200001116,constructed_exact_power_root,6.39946713246,0.333333333333,6.06613379913,C_from_near_power_row_as_positive_control,positive_control_survivor,local_residue_sieve,blocked_unfilled,darmon_granville_ceiling,blocked_unfilled,blocked_unfilled,Z,survivor_kandidat_requires_overlap_check,blocked_unfilled,blocked_unfilled,positive_control_passed,Q_503,pass_predefined,45,6.28010525456e-06,49.4375529901,1.09861228867,blocked_unfilled,control_class=exact_power_anchor,49.4375529901,positive_control_survivor
rank66_Q503_actual_near_miss,actual_near_miss,66,6,7,3,160,199,231306,12375441316400616,231306,503,prime_block_le_503,45,7425387163249856130442960012501049141001305819406163509869875583601074657992881456415943936664692413,229.960829033,14348907,16.47918433,30,7,0,,201.130147915,16.47918433,0.985398576667,0.816415868542,1.01671811367,none_visible,6.20601786099,0.333333333333,5.87268452766,existing_near_power_csv,local_obstruction_before_drift,local_residue_sieve,blocked_unfilled,darmon_granville_ceiling,blocked_unfilled,blocked_unfilled,Z,residue_only,blocked_unfilled,blocked_unfilled,under_test,Q_503,pass_predefined,45,0,16.47918433,0.366204096223,blocked_unfilled,control_class=actual_near_miss,16.47918433,local_obstruction_before_drift
rank66_Q503_random_root_sets,random_root_sets,66,6,7,3,160,199,231306,12375441316400616,231306,503,prime_block_le_503,45,7425387163249856130442960012501049141001305819406163509869875583601074657992881456415943936664692413,229.960829033,14348907,16.47918433,30,7,0,,201.130147915,16.47918433,1.00522969024,0.924206222253,1.11804804987,none_visible,6.20601786099,0.333333333333,5.87268452766,deterministic_seeded_random_sets_same_cardinality,local_obstruction_before_drift,local_residue_sieve,blocked_unfilled,darmon_granville_ceiling,blocked_unfilled,blocked_unfilled,Z,residue_only,blocked_unfilled,blocked_unfilled,negative_control_passed,Q_503,pass_predefined,45,0,16.47918433,0.366204096223,blocked_unfilled,control_class=random_root_sets,16.47918433,local_obstruction_before_drift
rank66_Q503_exact_power_anchor,exact_power_anchor,66,6,7,3,160,199,231306,12375441316400616,231306,503,prime_block_le_503,45,7425387163249856130442960012501049141001305819406163509869875583601074657992881456415943936664692413,229.960829033,984770902183611232881,48.3389407014,0,0,1,231306,169.270391543,48.3389407014,1.00556475853,0.932168738477,1.089180566,constructed_exact_power_root,6.20601786099,0.333333333333,5.87268452766,C_from_near_power_row_as_positive_control,positive_control_survivor,local_residue_sieve,blocked_unfilled,darmon_granville_ceiling,blocked_unfilled,blocked_unfilled,Z,survivor_kandidat_requires_overlap_check,blocked_unfilled,blocked_unfilled,positive_control_passed,Q_503,pass_predefined,45,4.32327739012e-06,48.3389407014,1.07419868225,blocked_unfilled,control_class=exact_power_anchor,48.3389407014,positive_control_survivor
rank67_Q503_actual_near_miss,actual_near_miss,67,6,6,3,91,248,61554,233221637659464,61554,503,prime_block_le_503,45,7425387163249856130442960012501049141001305819406163509869875583601074657992881456415943936664692413,229.960829033,1162261467,20.8736334847,26,37,0,,198.059525431,20.8736334847,1.05332705961,0.799469661688,1.77347803013,none_visible,6.95102490936,0.333333333333,6.61769157602,existing_near_power_csv,local_obstruction_before_drift,local_residue_sieve,blocked_unfilled,darmon_granville_ceiling,blocked_unfilled,blocked_unfilled,Z,residue_only,blocked_unfilled,blocked_unfilled,under_test,Q_503,pass_predefined,45,0,20.8736334847,0.463858521882,blocked_unfilled,control_class=actual_near_miss,20.8736334847,local_obstruction_before_drift
rank67_Q503_random_root_sets,random_root_sets,67,6,6,3,91,248,61554,233221637659464,61554,503,prime_block_le_503,45,7425387163249856130442960012501049141001305819406163509869875583601074657992881456415943936664692413,229.960829033,1162261467,20.8736334847,26,37,0,,198.059525431,20.8736334847,0.978678763242,0.395426960248,1.47789835844,none_visible,6.95102490936,0.333333333333,6.61769157602,deterministic_seeded_random_sets_same_cardinality,local_obstruction_before_drift,local_residue_sieve,blocked_unfilled,darmon_granville_ceiling,blocked_unfilled,blocked_unfilled,Z,residue_only,blocked_unfilled,blocked_unfilled,negative_control_passed,Q_503,pass_predefined,45,0,20.8736334847,0.463858521882,blocked_unfilled,control_class=random_root_sets,20.8736334847,local_obstruction_before_drift
rank67_Q503_exact_power_anchor,exact_power_anchor,67,6,6,3,91,248,61554,233221637659464,61554,503,prime_block_le_503,45,7425387163249856130442960012501049141001305819406163509869875583601074657992881456415943936664692413,229.960829033,2954312706550833698643,49.4375529901,0,0,1,61554,169.495605926,49.4375529901,1.02290310585,0.941457004329,1.19835338799,constructed_exact_power_root,6.95102490936,0.333333333333,6.61769157602,C_from_near_power_row_as_positive_control,positive_control_survivor,local_residue_sieve,blocked_unfilled,darmon_granville_ceiling,blocked_unfilled,blocked_unfilled,Z,survivor_kandidat_requires_overlap_check,blocked_unfilled,blocked_unfilled,positive_control_passed,Q_503,pass_predefined,45,1.62458979108e-05,49.4375529901,1.09861228867,blocked_unfilled,control_class=exact_power_anchor,49.4375529901,positive_control_survivor
rank68_Q503_actual_near_miss,actual_near_miss,68,7,7,3,118,249,390757,59665090001128093,390757,503,prime_block_le_503,45,7425387163249856130442960012501049141001305819406163509869875583601074657992881456415943936664692413,229.960829033,4782969,15.3805720414,30,7,0,,201.704415829,15.3805720414,1.03838071166,0.961117352558,1.24380625299,none_visible,5.9532894753,0.333333333333,5.61995614196,existing_near_power_csv,local_obstruction_before_drift,local_residue_sieve,blocked_unfilled,darmon_granville_ceiling,blocked_unfilled,blocked_unfilled,Z,residue_only,blocked_unfilled,blocked_unfilled,under_test,Q_503,pass_predefined,45,0,15.3805720414,0.341790489808,blocked_unfilled,control_class=actual_near_miss,15.3805720414,local_obstruction_before_drift
rank68_Q503_random_root_sets,random_root_sets,68,7,7,3,118,249,390757,59665090001128093,390757,503,prime_block_le_503,45,7425387163249856130442960012501049141001305819406163509869875583601074657992881456415943936664692413,229.960829033,4782969,15.3805720414,30,7,0,,201.704415829,15.3805720414,1.00054560357,0.897612127799,1.15240162044,none_visible,5.9532894753,0.333333333333,5.61995614196,deterministic_seeded_random_sets_same_cardinality,local_obstruction_before_drift,local_residue_sieve,blocked_unfilled,darmon_granville_ceiling,blocked_unfilled,blocked_unfilled,Z,residue_only,blocked_unfilled,blocked_unfilled,negative_control_passed,Q_503,pass_predefined,45,0,15.3805720414,0.341790489808,blocked_unfilled,control_class=random_root_sets,15.3805720414,local_obstruction_before_drift
rank68_Q503_exact_power_anchor,exact_power_anchor,68,7,7,3,118,249,390757,59665090001128093,390757,503,prime_block_le_503,45,7425387163249856130442960012501049141001305819406163509869875583601074657992881456415943936664692413,229.960829033,984770902183611232881,48.3389407014,0,0,1,390757,168.746047169,48.3389407014,1.00284610195,0.99007880146,1.01645722988,constructed_exact_power_root,5.9532894753,0.333333333333,5.61995614196,C_from_near_power_row_as_positive_control,positive_control_survivor,local_residue_sieve,blocked_unfilled,darmon_granville_ceiling,blocked_unfilled,blocked_unfilled,Z,survivor_kandidat_requires_overlap_check,blocked_unfilled,blocked_unfilled,positive_control_passed,Q_503,pass_predefined,45,2.55913521703e-06,48.3389407014,1.07419868225,blocked_unfilled,control_class=exact_power_anchor,48.3389407014,positive_control_survivor
rank69_Q503_actual_near_miss,actual_near_miss,69,7,7,3,71,177,176000,5451776000000000,176000,503,prime_block_le_503,45,7425387163249856130442960012501049141001305819406163509869875583601074657992881456415943936664692413,229.960829033,43046721,17.5777966187,28,7,0,,200.30479314,17.5777966187,0.981559777462,0.834823863636,1.03950883838,none_visible,6.34642251562,0.333333333333,6.01308918228,existing_near_power_csv,local_obstruction_before_drift,local_residue_sieve,blocked_unfilled,darmon_granville_ceiling,blocked_unfilled,blocked_unfilled,Z,residue_only,blocked_unfilled,blocked_unfilled,under_test,Q_503,pass_predefined,45,0,17.5777966187,0.390617702638,blocked_unfilled,control_class=actual_near_miss,17.5777966187,local_obstruction_before_drift
rank69_Q503_random_root_sets,random_root_sets,69,7,7,3,71,177,176000,5451776000000000,176000,503,prime_block_le_503,45,7425387163249856130442960012501049141001305819406163509869875583601074657992881456415943936664692413,229.960829033,43046721,17.5777966187,28,7,0,,200.30479314,17.5777966187,1.00749112216,0.965258207071,1.04524621212,none_visible,6.34642251562,0.333333333333,6.01308918228,deterministic_seeded_random_sets_same_cardinality,local_obstruction_before_drift,local_residue_sieve,blocked_unfilled,darmon_granville_ceiling,blocked_unfilled,blocked_unfilled,Z,residue_only,blocked_unfilled,blocked_unfilled,negative_control_passed,Q_503,pass_predefined,45,0,17.5777966187,0.390617702638,blocked_unfilled,control_class=random_root_sets,17.5777966187,local_obstruction_before_drift
rank69_Q503_exact_power_anchor,exact_power_anchor,69,7,7,3,71,177,176000,5451776000000000,176000,503,prime_block_le_503,45,7425387163249856130442960012501049141001305819406163509869875583601074657992881456415943936664692413,229.960829033,2954312706550833698643,49.4375529901,0,0,1,176000,168.445036769,49.4375529901,1.00405550295,0.950565656566,1.06686111111,constructed_exact_power_root,6.34642251562,0.333333333333,6.01308918228,C_from_near_power_row_as_positive_control,positive_control_survivor,local_residue_sieve,blocked_unfilled,darmon_granville_ceiling,blocked_unfilled,blocked_unfilled,Z,survivor_kandidat_requires_overlap_check,blocked_unfilled,blocked_unfilled,positive_control_passed,Q_503,pass_predefined,45,5.68181818182e-06,49.4375529901,1.09861228867,blocked_unfilled,control_class=exact_power_anchor,49.4375529901,positive_control_survivor
rank70_Q503_actual_near_miss,actual_near_miss,70,4,6,3,188,101,10205,1062769365125,10205,503,prime_block_le_503,45,7425387163249856130442960012501049141001305819406163509869875583601074657992881456415943936664692413,229.960829033,531441,13.183347464,33,7,0,,207.546848494,13.183347464,1.30201871731,0,2.64590342425,none_visible,8.30426353781,0.333333333333,7.97093020448,existing_near_power_csv,local_obstruction_before_drift,local_residue_sieve,blocked_unfilled,darmon_granville_ceiling,blocked_unfilled,blocked_unfilled,Z,residue_only,blocked_unfilled,blocked_unfilled,under_test,Q_503,pass_predefined,45,0,13.183347464,0.292963276978,blocked_unfilled,control_class=actual_near_miss,13.183347464,local_obstruction_before_drift
rank70_Q503_random_root_sets,random_root_sets,70,4,6,3,188,101,10205,1062769365125,10205,503,prime_block_le_503,45,7425387163249856130442960012501049141001305819406163509869875583601074657992881456415943936664692413,229.960829033,531441,13.183347464,33,7,0,,207.546848494,13.183347464,0.947685576985,0,2.10437149545,none_visible,8.30426353781,0.333333333333,7.97093020448,deterministic_seeded_random_sets_same_cardinality,local_obstruction_before_drift,local_residue_sieve,blocked_unfilled,darmon_granville_ceiling,blocked_unfilled,blocked_unfilled,Z,residue_only,blocked_unfilled,blocked_unfilled,negative_control_passed,Q_503,pass_predefined,45,0,13.183347464,0.292963276978,blocked_unfilled,control_class=random_root_sets,13.183347464,local_obstruction_before_drift
rank70_Q503_exact_power_anchor,exact_power_anchor,70,4,6,3,188,101,10205,1062769365125,10205,503,prime_block_le_503,45,7425387163249856130442960012501049141001305819406163509869875583601074657992881456415943936664692413,229.960829033,328256967394537077627,47.2403284127,0,0,1,10205,173.489867545,47.2403284127,1.20335937358,0.774358974359,1.82868964015,constructed_exact_power_root,8.30426353781,0.333333333333,7.97093020448,C_from_near_power_row_as_positive_control,positive_control_survivor,local_residue_sieve,blocked_unfilled,darmon_granville_ceiling,blocked_unfilled,blocked_unfilled,Z,survivor_kandidat_requires_overlap_check,blocked_unfilled,blocked_unfilled,positive_control_passed,Q_503,pass_predefined,45,9.79911807937e-05,47.2403284127,1.04978507584,blocked_unfilled,control_class=exact_power_anchor,47.2403284127,positive_control_survivor
rank71_Q503_actual_near_miss,actual_near_miss,71,7,7,3,203,206,310545,29948399895128625,310545,503,prime_block_le_503,45,7425387163249856130442960012501049141001305819406163509869875583601074657992881456415943936664692413,229.960829033,3486784401,21.9722457734,24,7,0,,195.342499162,21.9722457734,0.986560133529,0.871441068659,1.06200926328,none_visible,6.06145025506,0.333333333333,5.72811692173,existing_near_power_csv,local_obstruction_before_drift,local_residue_sieve,blocked_unfilled,darmon_granville_ceiling,blocked_unfilled,blocked_unfilled,Z,residue_only,blocked_unfilled,blocked_unfilled,under_test,Q_503,pass_predefined,45,0,21.9722457734,0.488272128297,blocked_unfilled,control_class=actual_near_miss,21.9722457734,local_obstruction_before_drift
rank71_Q503_random_root_sets,random_root_sets,71,7,7,3,203,206,310545,29948399895128625,310545,503,prime_block_le_503,45,7425387163249856130442960012501049141001305819406163509869875583601074657992881456415943936664692413,229.960829033,3486784401,21.9722457734,24,7,0,,195.342499162,21.9722457734,0.990390764623,0.871441068659,1.08799225734,none_visible,6.06145025506,0.333333333333,5.72811692173,deterministic_seeded_random_sets_same_cardinality,local_obstruction_before_drift,local_residue_sieve,blocked_unfilled,darmon_granville_ceiling,blocked_unfilled,blocked_unfilled,Z,residue_only,blocked_unfilled,blocked_unfilled,negative_control_passed,Q_503,pass_predefined,45,0,21.9722457734,0.488272128297,blocked_unfilled,control_class=random_root_sets,21.9722457734,local_obstruction_before_drift
rank71_Q503_exact_power_anchor,exact_power_anchor,71,7,7,3,203,206,310545,29948399895128625,310545,503,prime_block_le_503,45,7425387163249856130442960012501049141001305819406163509869875583601074657992881456415943936664692413,229.960829033,328256967394537077627,47.2403284127,0,0,1,310545,170.074416523,47.2403284127,1.00222328666,0.99128521363,1.01879491432,constructed_exact_power_root,6.06145025506,0.333333333333,5.72811692173,C_from_near_power_row_as_positive_control,positive_control_survivor,local_residue_sieve,blocked_unfilled,darmon_granville_ceiling,blocked_unfilled,blocked_unfilled,Z,survivor_kandidat_requires_overlap_check,blocked_unfilled,blocked_unfilled,positive_control_passed,Q_503,pass_predefined,45,3.22014522855e-06,47.2403284127,1.04978507584,blocked_unfilled,control_class=exact_power_anchor,47.2403284127,positive_control_survivor
rank72_Q503_actual_near_miss,actual_near_miss,72,6,7,3,241,205,248854,15411108481939864,248854,503,prime_block_le_503,45,7425387163249856130442960012501049141001305819406163509869875583601074657992881456415943936664692413,229.960829033,43046721,17.5777966187,29,7,0,,199.958410756,17.5777966187,0.988177301044,0.75109501957,1.1200110194,none_visible,6.16949246319,0.333333333333,5.83615912986,existing_near_power_csv,local_obstruction_before_drift,local_residue_sieve,blocked_unfilled,darmon_granville_ceiling,blocked_unfilled,blocked_unfilled,Z,residue_only,blocked_unfilled,blocked_unfilled,under_test,Q_503,pass_predefined,45,0,17.5777966187,0.390617702638,blocked_unfilled,control_class=actual_near_miss,17.5777966187,local_obstruction_before_drift
rank72_Q503_random_root_sets,random_root_sets,72,6,7,3,241,205,248854,15411108481939864,248854,503,prime_block_le_503,45,7425387163249856130442960012501049141001305819406163509869875583601074657992881456415943936664692413,229.960829033,43046721,17.5777966187,29,7,0,,199.958410756,17.5777966187,0.981518034224,0.75109501957,1.02942867884,none_visible,6.16949246319,0.333333333333,5.83615912986,deterministic_seeded_random_sets_same_cardinality,local_obstruction_before_drift,local_residue_sieve,blocked_unfilled,darmon_granville_ceiling,blocked_unfilled,blocked_unfilled,Z,residue_only,blocked_unfilled,blocked_unfilled,negative_control_passed,Q_503,pass_predefined,45,0,17.5777966187,0.390617702638,blocked_unfilled,control_class=random_root_sets,17.5777966187,local_obstruction_before_drift
rank72_Q503_exact_power_anchor,exact_power_anchor,72,6,7,3,241,205,248854,15411108481939864,248854,503,prime_block_le_503,45,7425387163249856130442960012501049141001305819406163509869875583601074657992881456415943936664692413,229.960829033,2954312706550833698643,49.4375529901,0,0,1,248854,168.098654385,49.4375529901,1.00323778646,0.961014624371,1.05043742739,constructed_exact_power_root,6.16949246319,0.333333333333,5.83615912986,C_from_near_power_row_as_positive_control,positive_control_survivor,local_residue_sieve,blocked_unfilled,darmon_granville_ceiling,blocked_unfilled,blocked_unfilled,Z,survivor_kandidat_requires_overlap_check,blocked_unfilled,blocked_unfilled,positive_control_passed,Q_503,pass_predefined,45,4.01842043929e-06,49.4375529901,1.09861228867,blocked_unfilled,control_class=exact_power_anchor,49.4375529901,positive_control_survivor
rank73_Q503_actual_near_miss,actual_near_miss,73,5,6,3,191,206,42483,76673543092587,42483,503,prime_block_le_503,45,7425387163249856130442960012501049141001305819406163509869875583601074657992881456415943936664692413,229.960829033,129140163,18.6764089074,27,7,0,,200.627560851,18.6764089074,0.810846907006,0,1.27116467502,none_visible,7.1928893589,0.333333333333,6.85955602557,existing_near_power_csv,local_obstruction_before_drift,local_residue_sieve,blocked_unfilled,darmon_granville_ceiling,blocked_unfilled,blocked_unfilled,Z,residue_only,blocked_unfilled,blocked_unfilled,under_test,Q_503,pass_predefined,45,0,18.6764089074,0.415031309052,blocked_unfilled,control_class=actual_near_miss,18.6764089074,local_obstruction_before_drift
rank73_Q503_random_root_sets,random_root_sets,73,5,6,3,191,206,42483,76673543092587,42483,503,prime_block_le_503,45,7425387163249856130442960012501049141001305819406163509869875583601074657992881456415943936664692413,229.960829033,129140163,18.6764089074,27,7,0,,200.627560851,18.6764089074,1.08794075108,0,2.2184089322,none_visible,7.1928893589,0.333333333333,6.85955602557,deterministic_seeded_random_sets_same_cardinality,local_obstruction_before_drift,local_residue_sieve,blocked_unfilled,darmon_granville_ceiling,blocked_unfilled,blocked_unfilled,Z,residue_only,blocked_unfilled,blocked_unfilled,negative_control_passed,Q_503,pass_predefined,45,0,18.6764089074,0.415031309052,blocked_unfilled,control_class=random_root_sets,18.6764089074,local_obstruction_before_drift
rank73_Q503_exact_power_anchor,exact_power_anchor,73,5,6,3,191,206,42483,76673543092587,42483,503,prime_block_le_503,45,7425387163249856130442960012501049141001305819406163509869875583601074657992881456415943936664692413,229.960829033,984770902183611232881,48.3389407014,0,0,1,42483,170.965029057,48.3389407014,1.04806138142,0.930058297829,1.29908433962,constructed_exact_power_root,7.1928893589,0.333333333333,6.85955602557,C_from_near_power_row_as_positive_control,positive_control_survivor,local_residue_sieve,blocked_unfilled,darmon_granville_ceiling,blocked_unfilled,blocked_unfilled,Z,survivor_kandidat_requires_overlap_check,blocked_unfilled,blocked_unfilled,positive_control_passed,Q_503,pass_predefined,45,2.35388272956e-05,48.3389407014,1.07419868225,blocked_unfilled,control_class=exact_power_anchor,48.3389407014,positive_control_survivor
rank74_Q503_actual_near_miss,actual_near_miss,74,7,7,3,92,171,163005,4331145547225125,163005,503,prime_block_le_503,45,7425387163249856130442960012501049141001305819406163509869875583601074657992881456415943936664692413,229.960829033,531441,13.183347464,33,7,0,,204.775945415,13.183347464,0.988037734481,0.692742894731,1.22320924034,none_visible,6.38698319057,0.333333333333,6.05364985723,existing_near_power_csv,local_obstruction_before_drift,local_residue_sieve,blocked_unfilled,darmon_granville_ceiling,blocked_unfilled,blocked_unfilled,Z,residue_only,blocked_unfilled,blocked_unfilled,under_test,Q_503,pass_predefined,45,0,13.183347464,0.292963276978,blocked_unfilled,control_class=actual_near_miss,13.183347464,local_obstruction_before_drift
rank74_Q503_random_root_sets,random_root_sets,74,7,7,3,92,171,163005,4331145547225125,163005,503,prime_block_le_503,45,7425387163249856130442960012501049141001305819406163509869875583601074657992881456415943936664692413,229.960829033,531441,13.183347464,33,7,0,,204.775945415,13.183347464,0.99750475523,0.719534847261,1.24693721052,none_visible,6.38698319057,0.333333333333,6.05364985723,deterministic_seeded_random_sets_same_cardinality,local_obstruction_before_drift,local_residue_sieve,blocked_unfilled,darmon_granville_ceiling,blocked_unfilled,blocked_unfilled,Z,residue_only,blocked_unfilled,blocked_unfilled,negative_control_passed,Q_503,pass_predefined,45,0,13.183347464,0.292963276978,blocked_unfilled,control_class=random_root_sets,13.183347464,local_obstruction_before_drift
rank74_Q503_exact_power_anchor,exact_power_anchor,74,7,7,3,92,171,163005,4331145547225125,163005,503,prime_block_le_503,45,7425387163249856130442960012501049141001305819406163509869875583601074657992881456415943936664692413,229.960829033,2954312706550833698643,49.4375529901,0,0,1,163005,168.521739889,49.4375529901,1.00748306971,0.944508859646,1.07909232505,constructed_exact_power_root,6.38698319057,0.333333333333,6.05364985723,C_from_near_power_row_as_positive_control,positive_control_survivor,local_residue_sieve,blocked_unfilled,darmon_granville_ceiling,blocked_unfilled,blocked_unfilled,Z,survivor_kandidat_requires_overlap_check,blocked_unfilled,blocked_unfilled,positive_control_passed,Q_503,pass_predefined,45,6.13478114168e-06,49.4375529901,1.09861228867,blocked_unfilled,control_class=exact_power_anchor,49.4375529901,positive_control_survivor
rank75_Q503_actual_near_miss,actual_near_miss,75,6,6,3,187,190,44782,89807055379768,44782,503,prime_block_le_503,45,7425387163249856130442960012501049141001305819406163509869875583601074657992881456415943936664692413,229.960829033,1594323,14.2819597527,32,7,0,,204.969307728,14.2819597527,0.914912282878,0,1.35516998397,none_visible,7.15749279798,0.333333333333,6.82415946465,existing_near_power_csv,local_obstruction_before_drift,local_residue_sieve,blocked_unfilled,darmon_granville_ceiling,blocked_unfilled,blocked_unfilled,Z,residue_only,blocked_unfilled,blocked_unfilled,under_test,Q_503,pass_predefined,45,0,14.2819597527,0.317376883393,blocked_unfilled,control_class=actual_near_miss,14.2819597527,local_obstruction_before_drift
rank75_Q503_random_root_sets,random_root_sets,75,6,6,3,187,190,44782,89807055379768,44782,503,prime_block_le_503,45,7425387163249856130442960012501049141001305819406163509869875583601074657992881456415943936664692413,229.960829033,1594323,14.2819597527,32,7,0,,204.969307728,14.2819597527,1.01450814398,0,2.35817714459,none_visible,7.15749279798,0.333333333333,6.82415946465,deterministic_seeded_random_sets_same_cardinality,local_obstruction_before_drift,local_residue_sieve,blocked_unfilled,darmon_granville_ceiling,blocked_unfilled,blocked_unfilled,Z,residue_only,blocked_unfilled,blocked_unfilled,negative_control_passed,Q_503,pass_predefined,45,0,14.2819597527,0.317376883393,blocked_unfilled,control_class=random_root_sets,14.2819597527,local_obstruction_before_drift
rank75_Q503_exact_power_anchor,exact_power_anchor,75,6,6,3,187,190,44782,89807055379768,44782,503,prime_block_le_503,45,7425387163249856130442960012501049141001305819406163509869875583601074657992881456415943936664692413,229.960829033,2954312706550833698643,49.4375529901,0,0,1,44782,169.813714491,49.4375529901,0.999525995895,0.821594986081,1.12676472194,constructed_exact_power_root,7.15749279798,0.333333333333,6.82415946465,C_from_near_power_row_as_positive_control,positive_control_survivor,local_residue_sieve,blocked_unfilled,darmon_granville_ceiling,blocked_unfilled,blocked_unfilled,Z,survivor_kandidat_requires_overlap_check,blocked_unfilled,blocked_unfilled,positive_control_passed,Q_503,pass_predefined,45,2.23304006074e-05,49.4375529901,1.09861228867,blocked_unfilled,control_class=exact_power_anchor,49.4375529901,positive_control_survivor
rank76_Q503_actual_near_miss,actual_near_miss,76,7,7,3,127,210,264687,18543761579690703,264687,503,prime_block_le_503,45,7425387163249856130442960012501049141001305819406163509869875583601074657992881456415943936664692413,229.960829033,1594323,14.2819597527,31,31,0,,203.192566005,14.2819597527,0.959648517606,0.797024409963,1.0411840736,none_visible,6.1390155269,0.333333333333,5.80568219357,existing_near_power_csv,local_obstruction_before_drift,local_residue_sieve,blocked_unfilled,darmon_granville_ceiling,blocked_unfilled,blocked_unfilled,Z,residue_only,blocked_unfilled,blocked_unfilled,under_test,Q_503,pass_predefined,45,0,14.2819597527,0.317376883393,blocked_unfilled,control_class=actual_near_miss,14.2819597527,local_obstruction_before_drift
rank76_Q503_random_root_sets,random_root_sets,76,7,7,3,127,210,264687,18543761579690703,264687,503,prime_block_le_503,45,7425387163249856130442960012501049141001305819406163509869875583601074657992881456415943936664692413,229.960829033,1594323,14.2819597527,31,31,0,,203.192566005,14.2819597527,1.00057045285,0.767914555683,1.18492659884,none_visible,6.1390155269,0.333333333333,5.80568219357,deterministic_seeded_random_sets_same_cardinality,local_obstruction_before_drift,local_residue_sieve,blocked_unfilled,darmon_granville_ceiling,blocked_unfilled,blocked_unfilled,Z,residue_only,blocked_unfilled,blocked_unfilled,negative_control_passed,Q_503,pass_predefined,45,0,14.2819597527,0.317376883393,blocked_unfilled,control_class=random_root_sets,14.2819597527,local_obstruction_before_drift
rank76_Q503_exact_power_anchor,exact_power_anchor,76,7,7,3,127,210,264687,18543761579690703,264687,503,prime_block_le_503,45,7425387163249856130442960012501049141001305819406163509869875583601074657992881456415943936664692413,229.960829033,2954312706550833698643,49.4375529901,0,0,1,264687,168.036972768,49.4375529901,0.999084208336,0.967356412165,1.01508322408,constructed_exact_power_root,6.1390155269,0.333333333333,5.80568219357,C_from_near_power_row_as_positive_control,positive_control_survivor,local_residue_sieve,blocked_unfilled,darmon_granville_ceiling,blocked_unfilled,blocked_unfilled,Z,survivor_kandidat_requires_overlap_check,blocked_unfilled,blocked_unfilled,positive_control_passed,Q_503,pass_predefined,45,3.77804727848e-06,49.4375529901,1.09861228867,blocked_unfilled,control_class=exact_power_anchor,49.4375529901,positive_control_survivor
rank77_Q503_actual_near_miss,actual_near_miss,77,7,7,3,89,206,250859,15786616544589779,250859,503,prime_block_le_503,45,7425387163249856130442960012501049141001305819406163509869875583601074657992881456415943936664692413,229.960829033,1162261467,20.8736334847,26,13,0,,196.654549241,20.8736334847,0.99643934552,0.920983500692,1.09037391966,none_visible,6.16551036546,0.333333333333,5.83217703213,existing_near_power_csv,local_obstruction_before_drift,local_residue_sieve,blocked_unfilled,darmon_granville_ceiling,blocked_unfilled,blocked_unfilled,Z,residue_only,blocked_unfilled,blocked_unfilled,under_test,Q_503,pass_predefined,45,0,20.8736334847,0.463858521882,blocked_unfilled,control_class=actual_near_miss,20.8736334847,local_obstruction_before_drift
rank77_Q503_random_root_sets,random_root_sets,77,7,7,3,89,206,250859,15786616544589779,250859,503,prime_block_le_503,45,7425387163249856130442960012501049141001305819406163509869875583601074657992881456415943936664692413,229.960829033,1162261467,20.8736334847,26,13,0,,196.654549241,20.8736334847,1.0071933823,0.920983500692,1.17424883655,none_visible,6.16551036546,0.333333333333,5.83217703213,deterministic_seeded_random_sets_same_cardinality,local_obstruction_before_drift,local_residue_sieve,blocked_unfilled,darmon_granville_ceiling,blocked_unfilled,blocked_unfilled,Z,residue_only,blocked_unfilled,blocked_unfilled,negative_control_passed,Q_503,pass_predefined,45,0,20.8736334847,0.463858521882,blocked_unfilled,control_class=random_root_sets,20.8736334847,local_obstruction_before_drift
rank77_Q503_exact_power_anchor,exact_power_anchor,77,7,7,3,89,206,250859,15786616544589779,250859,503,prime_block_le_503,45,7425387163249856130442960012501049141001305819406163509869875583601074657992881456415943936664692413,229.960829033,984770902183611232881,48.3389407014,0,0,1,250859,169.189242024,48.3389407014,1.00224371652,0.969645630945,1.03666512973,constructed_exact_power_root,6.16551036546,0.333333333333,5.83217703213,C_from_near_power_row_as_positive_control,positive_control_survivor,local_residue_sieve,blocked_unfilled,darmon_granville_ceiling,blocked_unfilled,blocked_unfilled,Z,survivor_kandidat_requires_overlap_check,blocked_unfilled,blocked_unfilled,positive_control_passed,Q_503,pass_predefined,45,3.98630306268e-06,48.3389407014,1.07419868225,blocked_unfilled,control_class=exact_power_anchor,48.3389407014,positive_control_survivor
rank78_Q503_actual_near_miss,actual_near_miss,78,6,7,3,199,145,112128,1409750403121152,112128,503,prime_block_le_503,45,7425387163249856130442960012501049141001305819406163509869875583601074657992881456415943936664692413,229.960829033,1594323,14.2819597527,32,19,0,,204.051472925,14.2819597527,1.0192170423,0.955943207763,1.1026525241,none_visible,6.59249993191,0.333333333333,6.25916659857,existing_near_power_csv,local_obstruction_before_drift,local_residue_sieve,blocked_unfilled,darmon_granville_ceiling,blocked_unfilled,blocked_unfilled,Z,residue_only,blocked_unfilled,blocked_unfilled,under_test,Q_503,pass_predefined,45,0,14.2819597527,0.317376883393,blocked_unfilled,control_class=actual_near_miss,14.2819597527,local_obstruction_before_drift
rank78_Q503_random_root_sets,random_root_sets,78,6,7,3,199,145,112128,1409750403121152,112128,503,prime_block_le_503,45,7425387163249856130442960012501049141001305819406163509869875583601074657992881456415943936664692413,229.960829033,1594323,14.2819597527,32,19,0,,204.051472925,14.2819597527,0.984718357591,0.826989393075,1.08871309773,none_visible,6.59249993191,0.333333333333,6.25916659857,deterministic_seeded_random_sets_same_cardinality,local_obstruction_before_drift,local_residue_sieve,blocked_unfilled,darmon_granville_ceiling,blocked_unfilled,blocked_unfilled,Z,residue_only,blocked_unfilled,blocked_unfilled,negative_control_passed,Q_503,pass_predefined,45,0,14.2819597527,0.317376883393,blocked_unfilled,control_class=random_root_sets,14.2819597527,local_obstruction_before_drift
rank78_Q503_exact_power_anchor,exact_power_anchor,78,6,7,3,199,145,112128,1409750403121152,112128,503,prime_block_le_503,45,7425387163249856130442960012501049141001305819406163509869875583601074657992881456415943936664692413,229.960829033,984770902183611232881,48.3389407014,0,0,1,112128,169.994491977,48.3389407014,1.00890190477,0.935533992897,1.09376981862,constructed_exact_power_root,6.59249993191,0.333333333333,6.25916659857,C_from_near_power_row_as_positive_control,positive_control_survivor,local_residue_sieve,blocked_unfilled,darmon_granville_ceiling,blocked_unfilled,blocked_unfilled,Z,survivor_kandidat_requires_overlap_check,blocked_unfilled,blocked_unfilled,positive_control_passed,Q_503,pass_predefined,45,8.91837899543e-06,48.3389407014,1.07419868225,blocked_unfilled,control_class=exact_power_anchor,48.3389407014,positive_control_survivor
rank79_Q503_actual_near_miss,actual_near_miss,79,5,6,3,143,168,28249,22542871522249,28249,503,prime_block_le_503,45,7425387163249856130442960012501049141001305819406163509869875583601074657992881456415943936664692413,229.960829033,43046721,17.5777966187,29,7,0,,202.134219077,17.5777966187,1.08062953392,0,2.36731683717,none_visible,7.47926683332,0.333333333333,7.14593349998,existing_near_power_csv,local_obstruction_before_drift,local_residue_sieve,blocked_unfilled,darmon_granville_ceiling,blocked_unfilled,blocked_unfilled,Z,residue_only,blocked_unfilled,blocked_unfilled,under_test,Q_503,pass_predefined,45,0,17.5777966187,0.390617702638,blocked_unfilled,control_class=actual_near_miss,17.5777966187,local_obstruction_before_drift
rank79_Q503_random_root_sets,random_root_sets,79,5,6,3,143,168,28249,22542871522249,28249,503,prime_block_le_503,45,7425387163249856130442960012501049141001305819406163509869875583601074657992881456415943936664692413,229.960829033,43046721,17.5777966187,29,7,0,,202.134219077,17.5777966187,1.00052784563,0,3.63472059975,none_visible,7.47926683332,0.333333333333,7.14593349998,deterministic_seeded_random_sets_same_cardinality,local_obstruction_before_drift,local_residue_sieve,blocked_unfilled,darmon_granville_ceiling,blocked_unfilled,blocked_unfilled,Z,residue_only,blocked_unfilled,blocked_unfilled,negative_control_passed,Q_503,pass_predefined,45,0,17.5777966187,0.390617702638,blocked_unfilled,control_class=random_root_sets,17.5777966187,local_obstruction_before_drift
rank79_Q503_exact_power_anchor,exact_power_anchor,79,5,6,3,143,168,28249,22542871522249,28249,503,prime_block_le_503,45,7425387163249856130442960012501049141001305819406163509869875583601074657992881456415943936664692413,229.960829033,984770902183611232881,48.3389407014,0,0,1,28249,171.373074994,48.3389407014,1.07265399758,0.906391966677,1.40602420538,constructed_exact_power_root,7.47926683332,0.333333333333,7.14593349998,C_from_near_power_row_as_positive_control,positive_control_survivor,local_residue_sieve,blocked_unfilled,darmon_granville_ceiling,blocked_unfilled,blocked_unfilled,Z,survivor_kandidat_requires_overlap_check,blocked_unfilled,blocked_unfilled,positive_control_passed,Q_503,pass_predefined,45,3.53994831675e-05,48.3389407014,1.07419868225,blocked_unfilled,control_class=exact_power_anchor,48.3389407014,positive_control_survivor
rank80_Q503_actual_near_miss,actual_near_miss,80,6,7,4,220,103,3921,236367286326081,3921,503,prime_block_le_503,95,31398901067973367931867134116182661800398427494539659144913198607495744580381215857356437160911524359731932107778284285404578948682310117300678465382306156119946455274779322906621879885004896897929424563183835,480.081887144,8796093022208,29.8053287641,59,3,0,,442.002456378,29.8053287641,0.859793420046,0,2.08209002805,none_visible,14.5055586398,0.25,14.2555586398,existing_near_power_csv,local_obstruction_before_drift,local_residue_sieve,blocked_unfilled,darmon_granville_ceiling,blocked_unfilled,blocked_unfilled,Z,residue_only,blocked_unfilled,blocked_unfilled,under_test,Q_503,pass_predefined,95,0,29.8053287641,0.31374030278,blocked_unfilled,control_class=actual_near_miss,29.8053287641,local_obstruction_before_drift
rank80_Q503_random_root_sets,random_root_sets,80,6,7,4,220,103,3921,236367286326081,3921,503,prime_block_le_503,95,31398901067973367931867134116182661800398427494539659144913198607495744580381215857356437160911524359731932107778284285404578948682310117300678465382306156119946455274779322906621879885004896897929424563183835,480.081887144,8796093022208,29.8053287641,59,3,0,,442.002456378,29.8053287641,1.03867994453,0,2.27116806937,none_visible,14.5055586398,0.25,14.2555586398,deterministic_seeded_random_sets_same_cardinality,local_obstruction_before_drift,local_residue_sieve,blocked_unfilled,darmon_granville_ceiling,blocked_unfilled,blocked_unfilled,Z,residue_only,blocked_unfilled,blocked_unfilled,negative_control_passed,Q_503,pass_predefined,95,0,29.8053287641,0.31374030278,blocked_unfilled,control_class=random_root_sets,29.8053287641,local_obstruction_before_drift
rank80_Q503_exact_power_anchor,exact_power_anchor,80,6,7,4,220,103,3921,236367286326081,3921,503,prime_block_le_503,95,31398901067973367931867134116182661800398427494539659144913198607495744580381215857356437160911524359731932107778284285404578948682310117300678465382306156119946455274779322906621879885004896897929424563183835,480.081887144,348449143727040986586495598010130648530944,95.6543109173,0,0,1,3921,376.153474225,95.6543109173,1.04642470033,0.897188217292,1.32185666922,constructed_exact_power_root,14.5055586398,0.25,14.2555586398,C_from_near_power_row_as_positive_control,positive_control_survivor,local_residue_sieve,blocked_unfilled,darmon_granville_ceiling,blocked_unfilled,blocked_unfilled,Z,survivor_kandidat_requires_overlap_check,blocked_unfilled,blocked_unfilled,positive_control_passed,Q_503,pass_predefined,95,0.000255036980362,95.6543109173,1.00688748334,blocked_unfilled,control_class=exact_power_anchor,95.6543109173,positive_control_survivor
rank81_Q503_actual_near_miss,actual_near_miss,81,7,7,3,184,185,244169,14556989663478809,244169,503,prime_block_le_503,45,7425387163249856130442960012501049141001305819406163509869875583601074657992881456415943936664692413,229.960829033,59049,10.9861228867,35,7,0,,206.569090259,10.9861228867,0.994788218179,0.879789544673,1.10992522938,none_visible,6.1789443082,0.333333333333,5.84561097487,existing_near_power_csv,local_obstruction_before_drift,local_residue_sieve,blocked_unfilled,darmon_granville_ceiling,blocked_unfilled,blocked_unfilled,Z,residue_only,blocked_unfilled,blocked_unfilled,under_test,Q_503,pass_predefined,45,0,10.9861228867,0.244136064148,blocked_unfilled,control_class=actual_near_miss,10.9861228867,local_obstruction_before_drift
rank81_Q503_random_root_sets,random_root_sets,81,7,7,3,184,185,244169,14556989663478809,244169,503,prime_block_le_503,45,7425387163249856130442960012501049141001305819406163509869875583601074657992881456415943936664692413,229.960829033,59049,10.9861228867,35,7,0,,206.569090259,10.9861228867,1.04081326185,0.989858572455,1.2024189985,none_visible,6.1789443082,0.333333333333,5.84561097487,deterministic_seeded_random_sets_same_cardinality,local_obstruction_before_drift,local_residue_sieve,blocked_unfilled,darmon_granville_ceiling,blocked_unfilled,blocked_unfilled,Z,residue_only,blocked_unfilled,blocked_unfilled,negative_control_passed,Q_503,pass_predefined,45,0,10.9861228867,0.244136064148,blocked_unfilled,control_class=random_root_sets,10.9861228867,local_obstruction_before_drift
rank81_Q503_exact_power_anchor,exact_power_anchor,81,7,7,3,184,185,244169,14556989663478809,244169,503,prime_block_le_503,45,7425387163249856130442960012501049141001305819406163509869875583601074657992881456415943936664692413,229.960829033,328256967394537077627,47.2403284127,0,0,1,244169,170.314884733,47.2403284127,1.00549797552,0.97447942477,1.04719545342,constructed_exact_power_root,6.1789443082,0.333333333333,5.84561097487,C_from_near_power_row_as_positive_control,positive_control_survivor,local_residue_sieve,blocked_unfilled,darmon_granville_ceiling,blocked_unfilled,blocked_unfilled,Z,survivor_kandidat_requires_overlap_check,blocked_unfilled,blocked_unfilled,positive_control_passed,Q_503,pass_predefined,45,4.09552400182e-06,47.2403284127,1.04978507584,blocked_unfilled,control_class=exact_power_anchor,47.2403284127,positive_control_survivor
rank82_Q503_actual_near_miss,actual_near_miss,82,7,7,3,124,215,278867,21686595244340363,278867,503,prime_block_le_503,45,7425387163249856130442960012501049141001305819406163509869875583601074657992881456415943936664692413,229.960829033,14348907,16.47918433,30,7,0,,200.943154458,16.47918433,1.00668074631,0.932311420458,1.08921576713,none_visible,6.11346407598,0.333333333333,5.78013074265,existing_near_power_csv,local_obstruction_before_drift,local_residue_sieve,blocked_unfilled,darmon_granville_ceiling,blocked_unfilled,blocked_unfilled,Z,residue_only,blocked_unfilled,blocked_unfilled,under_test,Q_503,pass_predefined,45,0,16.47918433,0.366204096223,blocked_unfilled,control_class=actual_near_miss,16.47918433,local_obstruction_before_drift
rank82_Q503_random_root_sets,random_root_sets,82,7,7,3,124,215,278867,21686595244340363,278867,503,prime_block_le_503,45,7425387163249856130442960012501049141001305819406163509869875583601074657992881456415943936664692413,229.960829033,14348907,16.47918433,30,7,0,,200.943154458,16.47918433,1.00947974232,0.8435060441,1.09318739359,none_visible,6.11346407598,0.333333333333,5.78013074265,deterministic_seeded_random_sets_same_cardinality,local_obstruction_before_drift,local_residue_sieve,blocked_unfilled,darmon_granville_ceiling,blocked_unfilled,blocked_unfilled,Z,residue_only,blocked_unfilled,blocked_unfilled,negative_control_passed,Q_503,pass_predefined,45,0,16.47918433,0.366204096223,blocked_unfilled,control_class=random_root_sets,16.47918433,local_obstruction_before_drift
rank82_Q503_exact_power_anchor,exact_power_anchor,82,7,7,3,124,215,278867,21686595244340363,278867,503,prime_block_le_503,45,7425387163249856130442960012501049141001305819406163509869875583601074657992881456415943936664692413,229.960829033,2954312706550833698643,49.4375529901,0,0,1,278867,167.984785798,49.4375529901,1.00441306217,0.976656733616,1.05398989482,constructed_exact_power_root,6.11346407598,0.333333333333,5.78013074265,C_from_near_power_row_as_positive_control,positive_control_survivor,local_residue_sieve,blocked_unfilled,darmon_granville_ceiling,blocked_unfilled,blocked_unfilled,Z,survivor_kandidat_requires_overlap_check,blocked_unfilled,blocked_unfilled,positive_control_passed,Q_503,pass_predefined,45,3.58593881671e-06,49.4375529901,1.09861228867,blocked_unfilled,control_class=exact_power_anchor,49.4375529901,positive_control_survivor
rank83_Q503_actual_near_miss,actual_near_miss,83,6,6,3,97,250,62571,244973601795411,62571,503,prime_block_le_503,45,7425387163249856130442960012501049141001305819406163509869875583601074657992881456415943936664692413,229.960829033,59049,10.9861228867,33,7,0,,207.930648955,10.9861228867,0.922339212554,0.657722160958,1.09223655261,none_visible,6.94071104054,0.333333333333,6.6073777072,existing_near_power_csv,local_obstruction_before_drift,local_residue_sieve,blocked_unfilled,darmon_granville_ceiling,blocked_unfilled,blocked_unfilled,Z,residue_only,blocked_unfilled,blocked_unfilled,under_test,Q_503,pass_predefined,45,0,10.9861228867,0.244136064148,blocked_unfilled,control_class=actual_near_miss,10.9861228867,local_obstruction_before_drift
rank83_Q503_random_root_sets,random_root_sets,83,6,6,3,97,250,62571,244973601795411,62571,503,prime_block_le_503,45,7425387163249856130442960012501049141001305819406163509869875583601074657992881456415943936664692413,229.960829033,59049,10.9861228867,33,7,0,,207.930648955,10.9861228867,0.957156871814,0.36407885087,1.39426500384,none_visible,6.94071104054,0.333333333333,6.6073777072,deterministic_seeded_random_sets_same_cardinality,local_obstruction_before_drift,local_residue_sieve,blocked_unfilled,darmon_granville_ceiling,blocked_unfilled,blocked_unfilled,Z,residue_only,blocked_unfilled,blocked_unfilled,negative_control_passed,Q_503,pass_predefined,45,0,10.9861228867,0.244136064148,blocked_unfilled,control_class=random_root_sets,10.9861228867,local_obstruction_before_drift
rank83_Q503_exact_power_anchor,exact_power_anchor,83,6,6,3,97,250,62571,244973601795411,62571,503,prime_block_le_503,45,7425387163249856130442960012501049141001305819406163509869875583601074657992881456415943936664692413,229.960829033,2954312706550833698643,49.4375529901,0,0,1,62571,169.479218852,49.4375529901,1.01616637574,0.886621242713,1.17602936398,constructed_exact_power_root,6.94071104054,0.333333333333,6.6073777072,C_from_near_power_row_as_positive_control,positive_control_survivor,local_residue_sieve,blocked_unfilled,darmon_granville_ceiling,blocked_unfilled,blocked_unfilled,Z,survivor_kandidat_requires_overlap_check,blocked_unfilled,blocked_unfilled,positive_control_passed,Q_503,pass_predefined,45,1.59818446245e-05,49.4375529901,1.09861228867,blocked_unfilled,control_class=exact_power_anchor,49.4375529901,positive_control_survivor
rank84_Q503_actual_near_miss,actual_near_miss,84,6,7,3,223,227,314750,31181515296875000,314750,503,prime_block_le_503,45,7425387163249856130442960012501049141001305819406163509869875583601074657992881456415943936664692413,229.960829033,19683,9.88751059801,36,7,0,,207.413784483,9.88751059801,0.985339687583,0.92825452299,1.04645274027,none_visible,6.05501039524,0.333333333333,5.7216770619,existing_near_power_csv,local_obstruction_before_drift,local_residue_sieve,blocked_unfilled,darmon_granville_ceiling,blocked_unfilled,blocked_unfilled,Z,residue_only,blocked_unfilled,blocked_unfilled,under_test,Q_503,pass_predefined,45,0,9.88751059801,0.219722457734,blocked_unfilled,control_class=actual_near_miss,9.88751059801,local_obstruction_before_drift
rank84_Q503_random_root_sets,random_root_sets,84,6,7,3,223,227,314750,31181515296875000,314750,503,prime_block_le_503,45,7425387163249856130442960012501049141001305819406163509869875583601074657992881456415943936664692413,229.960829033,19683,9.88751059801,36,7,0,,207.413784483,9.88751059801,0.986682066896,0.898281175536,1.03175853852,none_visible,6.05501039524,0.333333333333,5.7216770619,deterministic_seeded_random_sets_same_cardinality,local_obstruction_before_drift,local_residue_sieve,blocked_unfilled,darmon_granville_ceiling,blocked_unfilled,blocked_unfilled,Z,residue_only,blocked_unfilled,blocked_unfilled,negative_control_passed,Q_503,pass_predefined,45,0,9.88751059801,0.219722457734,blocked_unfilled,control_class=random_root_sets,9.88751059801,local_obstruction_before_drift
rank84_Q503_exact_power_anchor,exact_power_anchor,84,6,7,3,223,227,314750,31181515296875000,314750,503,prime_block_le_503,45,7425387163249856130442960012501049141001305819406163509869875583601074657992881456415943936664692413,229.960829033,2954312706550833698643,49.4375529901,0,0,1,314750,167.863742091,49.4375529901,1.00397517136,0.948652722619,1.03042344012,constructed_exact_power_root,6.05501039524,0.333333333333,5.7216770619,C_from_near_power_row_as_positive_control,positive_control_survivor,local_residue_sieve,blocked_unfilled,darmon_granville_ceiling,blocked_unfilled,blocked_unfilled,Z,survivor_kandidat_requires_overlap_check,blocked_unfilled,blocked_unfilled,positive_control_passed,Q_503,pass_predefined,45,3.17712470214e-06,49.4375529901,1.09861228867,blocked_unfilled,control_class=exact_power_anchor,49.4375529901,positive_control_survivor
rank85_Q503_actual_near_miss,actual_near_miss,85,7,7,3,97,241,361649,47300072421042449,361649,503,prime_block_le_503,45,7425387163249856130442960012501049141001305819406163509869875583601074657992881456415943936664692413,229.960829033,1162261467,20.8736334847,25,7,0,,196.288766141,20.8736334847,1.00311456721,0.941782409648,1.05122370033,none_visible,5.98929815831,0.333333333333,5.65596482498,existing_near_power_csv,local_obstruction_before_drift,local_residue_sieve,blocked_unfilled,darmon_granville_ceiling,blocked_unfilled,blocked_unfilled,Z,residue_only,blocked_unfilled,blocked_unfilled,under_test,Q_503,pass_predefined,45,0,20.8736334847,0.463858521882,blocked_unfilled,control_class=actual_near_miss,20.8736334847,local_obstruction_before_drift
rank85_Q503_random_root_sets,random_root_sets,85,7,7,3,97,241,361649,47300072421042449,361649,503,prime_block_le_503,45,7425387163249856130442960012501049141001305819406163509869875583601074657992881456415943936664692413,229.960829033,1162261467,20.8736334847,25,7,0,,196.288766141,20.8736334847,0.999593690234,0.900582547657,1.04774457493,none_visible,5.98929815831,0.333333333333,5.65596482498,deterministic_seeded_random_sets_same_cardinality,local_obstruction_before_drift,local_residue_sieve,blocked_unfilled,darmon_granville_ceiling,blocked_unfilled,blocked_unfilled,Z,residue_only,blocked_unfilled,blocked_unfilled,negative_control_passed,Q_503,pass_predefined,45,0,20.8736334847,0.463858521882,blocked_unfilled,control_class=random_root_sets,20.8736334847,local_obstruction_before_drift
rank85_Q503_exact_power_anchor,exact_power_anchor,85,7,7,3,97,241,361649,47300072421042449,361649,503,prime_block_le_503,45,7425387163249856130442960012501049141001305819406163509869875583601074657992881456415943936664692413,229.960829033,2954312706550833698643,49.4375529901,0,0,1,361649,167.724846636,49.4375529901,1.00100693603,0.990571275217,1.02211751665,constructed_exact_power_root,5.98929815831,0.333333333333,5.65596482498,C_from_near_power_row_as_positive_control,positive_control_survivor,local_residue_sieve,blocked_unfilled,darmon_granville_ceiling,blocked_unfilled,blocked_unfilled,Z,survivor_kandidat_requires_overlap_check,blocked_unfilled,blocked_unfilled,positive_control_passed,Q_503,pass_predefined,45,2.76511202851e-06,49.4375529901,1.09861228867,blocked_unfilled,control_class=exact_power_anchor,49.4375529901,positive_control_survivor
rank86_Q503_actual_near_miss,actual_near_miss,86,7,7,3,183,202,274114,20596510676193544,274114,503,prime_block_le_503,45,7425387163249856130442960012501049141001305819406163509869875583601074657992881456415943936664692413,229.960829033,531441,13.183347464,32,13,0,,204.256182212,13.183347464,0.992070884809,0.905350815111,1.03015452614,none_visible,6.12185744392,0.333333333333,5.78852411059,existing_near_power_csv,local_obstruction_before_drift,local_residue_sieve,blocked_unfilled,darmon_granville_ceiling,blocked_unfilled,blocked_unfilled,Z,residue_only,blocked_unfilled,blocked_unfilled,under_test,Q_503,pass_predefined,45,0,13.183347464,0.292963276978,blocked_unfilled,control_class=actual_near_miss,13.183347464,local_obstruction_before_drift
rank86_Q503_random_root_sets,random_root_sets,86,7,7,3,183,202,274114,20596510676193544,274114,503,prime_block_le_503,45,7425387163249856130442960012501049141001305819406163509869875583601074657992881456415943936664692413,229.960829033,531441,13.183347464,32,13,0,,204.256182212,13.183347464,1.00730711121,0.949801907236,1.13168851889,none_visible,6.12185744392,0.333333333333,5.78852411059,deterministic_seeded_random_sets_same_cardinality,local_obstruction_before_drift,local_residue_sieve,blocked_unfilled,darmon_granville_ceiling,blocked_unfilled,blocked_unfilled,Z,residue_only,blocked_unfilled,blocked_unfilled,negative_control_passed,Q_503,pass_predefined,45,0,13.183347464,0.292963276978,blocked_unfilled,control_class=random_root_sets,13.183347464,local_obstruction_before_drift
rank86_Q503_exact_power_anchor,exact_power_anchor,86,7,7,3,183,202,274114,20596510676193544,274114,503,prime_block_le_503,45,7425387163249856130442960012501049141001305819406163509869875583601074657992881456415943936664692413,229.960829033,2954312706550833698643,49.4375529901,0,0,1,274114,168.001976686,49.4375529901,1.0049237253,0.991197498527,1.03499111886,constructed_exact_power_root,6.12185744392,0.333333333333,5.78852411059,C_from_near_power_row_as_positive_control,positive_control_survivor,local_residue_sieve,blocked_unfilled,darmon_granville_ceiling,blocked_unfilled,blocked_unfilled,Z,survivor_kandidat_requires_overlap_check,blocked_unfilled,blocked_unfilled,positive_control_passed,Q_503,pass_predefined,45,3.64811720671e-06,49.4375529901,1.09861228867,blocked_unfilled,control_class=exact_power_anchor,49.4375529901,positive_control_survivor
rank87_Q503_actual_near_miss,actual_near_miss,87,6,6,3,106,207,43105,80090858382625,43105,503,prime_block_le_503,45,7425387163249856130442960012501049141001305819406163509869875583601074657992881456415943936664692413,229.960829033,129140163,18.6764089074,25,7,0,,200.613025847,18.6764089074,1.08073038026,0.673404735207,1.77103970924,none_visible,7.18309226293,0.333333333333,6.8497589296,existing_near_power_csv,local_obstruction_before_drift,local_residue_sieve,blocked_unfilled,darmon_granville_ceiling,blocked_unfilled,blocked_unfilled,Z,residue_only,blocked_unfilled,blocked_unfilled,under_test,Q_503,pass_predefined,45,0,18.6764089074,0.415031309052,blocked_unfilled,control_class=actual_near_miss,18.6764089074,local_obstruction_before_drift
rank87_Q503_random_root_sets,random_root_sets,87,6,6,3,106,207,43105,80090858382625,43105,503,prime_block_le_503,45,7425387163249856130442960012501049141001305819406163509869875583601074657992881456415943936664692413,229.960829033,129140163,18.6764089074,25,7,0,,200.613025847,18.6764089074,0.972023163891,0,1.77103970924,none_visible,7.18309226293,0.333333333333,6.8497589296,deterministic_seeded_random_sets_same_cardinality,local_obstruction_before_drift,local_residue_sieve,blocked_unfilled,darmon_granville_ceiling,blocked_unfilled,blocked_unfilled,Z,residue_only,blocked_unfilled,blocked_unfilled,negative_control_passed,Q_503,pass_predefined,45,0,18.6764089074,0.415031309052,blocked_unfilled,control_class=random_root_sets,18.6764089074,local_obstruction_before_drift
rank87_Q503_exact_power_anchor,exact_power_anchor,87,6,6,3,106,207,43105,80090858382625,43105,503,prime_block_le_503,45,7425387163249856130442960012501049141001305819406163509869875583601074657992881456415943936664692413,229.960829033,984770902183611232881,48.3389407014,0,0,1,43105,170.950494053,48.3389407014,1.02047766651,0.711299282115,1.18801376484,constructed_exact_power_root,7.18309226293,0.333333333333,6.8497589296,C_from_near_power_row_as_positive_control,positive_control_survivor,local_residue_sieve,blocked_unfilled,darmon_granville_ceiling,blocked_unfilled,blocked_unfilled,Z,survivor_kandidat_requires_overlap_check,blocked_unfilled,blocked_unfilled,positive_control_passed,Q_503,pass_predefined,45,2.31991648301e-05,48.3389407014,1.07419868225,blocked_unfilled,control_class=exact_power_anchor,48.3389407014,positive_control_survivor
rank88_Q503_actual_near_miss,actual_near_miss,88,4,5,3,121,76,1401,2749884201,1401,503,prime_block_le_503,45,7425387163249856130442960012501049141001305819406163509869875583601074657992881456415943936664692413,229.960829033,14348907,16.47918433,30,13,0,,206.236703157,16.47918433,1.59365759152,0,12.9865175668,none_visible,10.5802937384,0.333333333333,10.246960405,existing_near_power_csv,local_obstruction_before_drift,local_residue_sieve,blocked_unfilled,darmon_granville_ceiling,blocked_unfilled,blocked_unfilled,Z,residue_only,blocked_unfilled,blocked_unfilled,under_test,Q_503,pass_predefined,45,0,16.47918433,0.366204096223,blocked_unfilled,control_class=actual_near_miss,16.47918433,local_obstruction_before_drift
rank88_Q503_random_root_sets,random_root_sets,88,4,5,3,121,76,1401,2749884201,1401,503,prime_block_le_503,45,7425387163249856130442960012501049141001305819406163509869875583601074657992881456415943936664692413,229.960829033,14348907,16.47918433,30,13,0,,206.236703157,16.47918433,0.762890452398,0,5.00507573955,none_visible,10.5802937384,0.333333333333,10.246960405,deterministic_seeded_random_sets_same_cardinality,local_obstruction_before_drift,local_residue_sieve,blocked_unfilled,darmon_granville_ceiling,blocked_unfilled,blocked_unfilled,Z,residue_only,blocked_unfilled,blocked_unfilled,negative_control_passed,Q_503,pass_predefined,45,0,16.47918433,0.366204096223,blocked_unfilled,control_class=random_root_sets,16.47918433,local_obstruction_before_drift
rank88_Q503_exact_power_anchor,exact_power_anchor,88,4,5,3,121,76,1401,2749884201,1401,503,prime_block_le_503,45,7425387163249856130442960012501049141001305819406163509869875583601074657992881456415943936664692413,229.960829033,2954312706550833698643,49.4375529901,0,0,1,1401,173.278334497,49.4375529901,2.48580709546,0.648267110794,4.99381394242,constructed_exact_power_root,10.5802937384,0.333333333333,10.246960405,C_from_near_power_row_as_positive_control,positive_control_survivor,local_residue_sieve,blocked_unfilled,darmon_granville_ceiling,blocked_unfilled,blocked_unfilled,Z,survivor_kandidat_requires_overlap_check,blocked_unfilled,blocked_unfilled,positive_control_passed,Q_503,pass_predefined,45,0.000713775874375,49.4375529901,1.09861228867,blocked_unfilled,control_class=exact_power_anchor,49.4375529901,positive_control_survivor
rank89_Q503_actual_near_miss,actual_near_miss,89,7,7,4,121,246,15307,54898481099454001,15307,503,prime_block_le_503,95,31398901067973367931867134116182661800398427494539659144913198607495744580381215857356437160911524359731932107778284285404578948682310117300678465382306156119946455274779322906621879885004896897929424563183835,480.081887144,18014398509481984,37.4299477502,51,5,0,,433.015873875,37.4299477502,0.989685751072,0,1.65412066375,none_visible,12.4553399464,0.25,12.2053399464,existing_near_power_csv,local_obstruction_before_drift,local_residue_sieve,blocked_unfilled,darmon_granville_ceiling,blocked_unfilled,blocked_unfilled,Z,residue_only,blocked_unfilled,blocked_unfilled,under_test,Q_503,pass_predefined,95,0,37.4299477502,0.393999450002,blocked_unfilled,control_class=actual_near_miss,37.4299477502,local_obstruction_before_drift
rank89_Q503_random_root_sets,random_root_sets,89,7,7,4,121,246,15307,54898481099454001,15307,503,prime_block_le_503,95,31398901067973367931867134116182661800398427494539659144913198607495744580381215857356437160911524359731932107778284285404578948682310117300678465382306156119946455274779322906621879885004896897929424563183835,480.081887144,18014398509481984,37.4299477502,51,5,0,,433.015873875,37.4299477502,0.965697543063,0,1.74532893447,none_visible,12.4553399464,0.25,12.2053399464,deterministic_seeded_random_sets_same_cardinality,local_obstruction_before_drift,local_residue_sieve,blocked_unfilled,darmon_granville_ceiling,blocked_unfilled,blocked_unfilled,Z,residue_only,blocked_unfilled,blocked_unfilled,negative_control_passed,Q_503,pass_predefined,95,0,37.4299477502,0.393999450002,blocked_unfilled,control_class=random_root_sets,37.4299477502,local_obstruction_before_drift
rank89_Q503_exact_power_anchor,exact_power_anchor,89,7,7,4,121,246,15307,54898481099454001,15307,503,prime_block_le_503,95,31398901067973367931867134116182661800398427494539659144913198607495744580381215857356437160911524359731932107778284285404578948682310117300678465382306156119946455274779322906621879885004896897929424563183835,480.081887144,696898287454081973172991196020261297061888,96.3474580978,0,0,1,15307,374.098363527,96.3474580978,1.01275849421,0.988983798262,1.07091526752,constructed_exact_power_root,12.4553399464,0.25,12.2053399464,C_from_near_power_row_as_positive_control,positive_control_survivor,local_residue_sieve,blocked_unfilled,darmon_granville_ceiling,blocked_unfilled,blocked_unfilled,Z,survivor_kandidat_requires_overlap_check,blocked_unfilled,blocked_unfilled,positive_control_passed,Q_503,pass_predefined,95,6.53295877703e-05,96.3474580978,1.01418376945,blocked_unfilled,control_class=exact_power_anchor,96.3474580978,positive_control_survivor
rank90_Q503_actual_near_miss,actual_near_miss,90,7,7,3,158,193,231663,12432830941751247,231663,503,prime_block_le_503,45,7425387163249856130442960012501049141001305819406163509869875583601074657992881456415943936664692413,229.960829033,387420489,19.775021196,26,31,0,,197.832768828,19.775021196,1.03534516374,0.942806768644,1.24604753936,none_visible,6.20524306816,0.333333333333,5.87190973482,existing_near_power_csv,local_obstruction_before_drift,local_residue_sieve,blocked_unfilled,darmon_granville_ceiling,blocked_unfilled,blocked_unfilled,Z,residue_only,blocked_unfilled,blocked_unfilled,under_test,Q_503,pass_predefined,45,0,19.775021196,0.439444915467,blocked_unfilled,control_class=actual_near_miss,19.775021196,local_obstruction_before_drift
rank90_Q503_random_root_sets,random_root_sets,90,7,7,3,158,193,231663,12432830941751247,231663,503,prime_block_le_503,45,7425387163249856130442960012501049141001305819406163509869875583601074657992881456415943936664692413,229.960829033,387420489,19.775021196,26,31,0,,197.832768828,19.775021196,1.00215305832,0.934535654521,1.09167099527,none_visible,6.20524306816,0.333333333333,5.87190973482,deterministic_seeded_random_sets_same_cardinality,local_obstruction_before_drift,local_residue_sieve,blocked_unfilled,darmon_granville_ceiling,blocked_unfilled,blocked_unfilled,Z,residue_only,blocked_unfilled,blocked_unfilled,negative_control_passed,Q_503,pass_predefined,45,0,19.775021196,0.439444915467,blocked_unfilled,control_class=random_root_sets,19.775021196,local_obstruction_before_drift
rank90_Q503_exact_power_anchor,exact_power_anchor,90,7,7,3,158,193,231663,12432830941751247,231663,503,prime_block_le_503,45,7425387163249856130442960012501049141001305819406163509869875583601074657992881456415943936664692413,229.960829033,984770902183611232881,48.3389407014,0,0,1,231663,169.268849323,48.3389407014,1.00620489437,0.989228606496,1.05879853254,constructed_exact_power_root,6.20524306816,0.333333333333,5.87190973482,C_from_near_power_row_as_positive_control,positive_control_survivor,local_residue_sieve,blocked_unfilled,darmon_granville_ceiling,blocked_unfilled,blocked_unfilled,Z,survivor_kandidat_requires_overlap_check,blocked_unfilled,blocked_unfilled,positive_control_passed,Q_503,pass_predefined,45,4.31661508312e-06,48.3389407014,1.07419868225,blocked_unfilled,control_class=exact_power_anchor,48.3389407014,positive_control_survivor
rank91_Q503_actual_near_miss,actual_near_miss,91,6,7,3,214,151,123551,1885987433053151,123551,503,prime_block_le_503,45,7425387163249856130442960012501049141001305819406163509869875583601074657992881456415943936664692413,229.960829033,177147,12.0847351753,32,7,0,,206.151684552,12.0847351753,0.93694828976,0.721692076776,1.0081396886,none_visible,6.53795067042,0.333333333333,6.20461733708,existing_near_power_csv,local_obstruction_before_drift,local_residue_sieve,blocked_unfilled,darmon_granville_ceiling,blocked_unfilled,blocked_unfilled,Z,residue_only,blocked_unfilled,blocked_unfilled,under_test,Q_503,pass_predefined,45,0,12.0847351753,0.268549670563,blocked_unfilled,control_class=actual_near_miss,12.0847351753,local_obstruction_before_drift
rank91_Q503_random_root_sets,random_root_sets,91,6,7,3,214,151,123551,1885987433053151,123551,503,prime_block_le_503,45,7425387163249856130442960012501049141001305819406163509869875583601074657992881456415943936664692413,229.960829033,177147,12.0847351753,32,7,0,,206.151684552,12.0847351753,0.986130708656,0.883559555703,1.08253811516,none_visible,6.53795067042,0.333333333333,6.20461733708,deterministic_seeded_random_sets_same_cardinality,local_obstruction_before_drift,local_residue_sieve,blocked_unfilled,darmon_granville_ceiling,blocked_unfilled,blocked_unfilled,Z,residue_only,blocked_unfilled,blocked_unfilled,negative_control_passed,Q_503,pass_predefined,45,0,12.0847351753,0.268549670563,blocked_unfilled,control_class=random_root_sets,12.0847351753,local_obstruction_before_drift
rank91_Q503_exact_power_anchor,exact_power_anchor,91,6,7,3,214,151,123551,1885987433053151,123551,503,prime_block_le_503,45,7425387163249856130442960012501049141001305819406163509869875583601074657992881456415943936664692413,229.960829033,2954312706550833698643,49.4375529901,0,0,1,123551,168.798866738,49.4375529901,1.00855880627,0.979369742949,1.04227673862,constructed_exact_power_root,6.53795067042,0.333333333333,6.20461733708,C_from_near_power_row_as_positive_control,positive_control_survivor,local_residue_sieve,blocked_unfilled,darmon_granville_ceiling,blocked_unfilled,blocked_unfilled,Z,survivor_kandidat_requires_overlap_check,blocked_unfilled,blocked_unfilled,positive_control_passed,Q_503,pass_predefined,45,8.09382360321e-06,49.4375529901,1.09861228867,blocked_unfilled,control_class=exact_power_anchor,49.4375529901,positive_control_survivor
rank92_Q503_actual_near_miss,actual_near_miss,92,6,5,3,63,230,8905,706157817625,8905,503,prime_block_le_503,45,7425387163249856130442960012501049141001305819406163509869875583601074657992881456415943936664692413,229.960829033,531441,13.183347464,33,13,0,,207.683113373,13.183347464,1.20335528219,0,3.13055087654,none_visible,8.42868993513,0.333333333333,8.09535660179,existing_near_power_csv,local_obstruction_before_drift,local_residue_sieve,blocked_unfilled,darmon_granville_ceiling,blocked_unfilled,blocked_unfilled,Z,residue_only,blocked_unfilled,blocked_unfilled,under_test,Q_503,pass_predefined,45,0,13.183347464,0.292963276978,blocked_unfilled,control_class=actual_near_miss,13.183347464,local_obstruction_before_drift
rank92_Q503_random_root_sets,random_root_sets,92,6,5,3,63,230,8905,706157817625,8905,503,prime_block_le_503,45,7425387163249856130442960012501049141001305819406163509869875583601074657992881456415943936664692413,229.960829033,531441,13.183347464,33,13,0,,207.683113373,13.183347464,0.784476999076,0,1.56527543827,none_visible,8.42868993513,0.333333333333,8.09535660179,deterministic_seeded_random_sets_same_cardinality,local_obstruction_before_drift,local_residue_sieve,blocked_unfilled,darmon_granville_ceiling,blocked_unfilled,blocked_unfilled,Z,residue_only,blocked_unfilled,blocked_unfilled,negative_control_passed,Q_503,pass_predefined,45,0,13.183347464,0.292963276978,blocked_unfilled,control_class=random_root_sets,13.183347464,local_obstruction_before_drift
rank92_Q503_exact_power_anchor,exact_power_anchor,92,6,5,3,63,230,8905,706157817625,8905,503,prime_block_le_503,45,7425387163249856130442960012501049141001305819406163509869875583601074657992881456415943936664692413,229.960829033,984770902183611232881,48.3389407014,0,0,1,8905,172.527520136,48.3389407014,1.22420404683,0.59160272007,2.7544575457,constructed_exact_power_root,8.42868993513,0.333333333333,8.09535660179,C_from_near_power_row_as_positive_control,positive_control_survivor,local_residue_sieve,blocked_unfilled,darmon_granville_ceiling,blocked_unfilled,blocked_unfilled,Z,survivor_kandidat_requires_overlap_check,blocked_unfilled,blocked_unfilled,positive_control_passed,Q_503,pass_predefined,45,0.000112296462661,48.3389407014,1.07419868225,blocked_unfilled,control_class=exact_power_anchor,48.3389407014,positive_control_survivor
rank93_Q503_actual_near_miss,actual_near_miss,93,7,7,3,67,129,84368,600528000684032,84368,503,prime_block_le_503,45,7425387163249856130442960012501049141001305819406163509869875583601074657992881456415943936664692413,229.960829033,1594323,14.2819597527,31,13,0,,204.335925818,14.2819597527,0.963795768153,0.576998651411,1.01756063384,none_visible,6.75782348171,0.333333333333,6.42449014838,existing_near_power_csv,local_obstruction_before_drift,local_residue_sieve,blocked_unfilled,darmon_granville_ceiling,blocked_unfilled,blocked_unfilled,Z,residue_only,blocked_unfilled,blocked_unfilled,under_test,Q_503,pass_predefined,45,0,14.2819597527,0.317376883393,blocked_unfilled,control_class=actual_near_miss,14.2819597527,local_obstruction_before_drift
rank93_Q503_random_root_sets,random_root_sets,93,7,7,3,67,129,84368,600528000684032,84368,503,prime_block_le_503,45,7425387163249856130442960012501049141001305819406163509869875583601074657992881456415943936664692413,229.960829033,1594323,14.2819597527,31,13,0,,204.335925818,14.2819597527,1.03304023399,0.865497977116,1.29476815854,none_visible,6.75782348171,0.333333333333,6.42449014838,deterministic_seeded_random_sets_same_cardinality,local_obstruction_before_drift,local_residue_sieve,blocked_unfilled,darmon_granville_ceiling,blocked_unfilled,blocked_unfilled,Z,residue_only,blocked_unfilled,blocked_unfilled,negative_control_passed,Q_503,pass_predefined,45,0,14.2819597527,0.317376883393,blocked_unfilled,control_class=random_root_sets,14.2819597527,local_obstruction_before_drift
rank93_Q503_exact_power_anchor,exact_power_anchor,93,7,7,3,67,129,84368,600528000684032,84368,503,prime_block_le_503,45,7425387163249856130442960012501049141001305819406163509869875583601074657992881456415943936664692413,229.960829033,2954312706550833698643,49.4375529901,0,0,1,84368,169.180332581,49.4375529901,1.02415563914,0.995763269907,1.11542290916,constructed_exact_power_root,6.75782348171,0.333333333333,6.42449014838,C_from_near_power_row_as_positive_control,positive_control_survivor,local_residue_sieve,blocked_unfilled,darmon_granville_ceiling,blocked_unfilled,blocked_unfilled,Z,survivor_kandidat_requires_overlap_check,blocked_unfilled,blocked_unfilled,positive_control_passed,Q_503,pass_predefined,45,1.18528351982e-05,49.4375529901,1.09861228867,blocked_unfilled,control_class=exact_power_anchor,49.4375529901,positive_control_survivor
rank94_Q503_actual_near_miss,actual_near_miss,94,6,7,3,228,239,354855,44684076513576375,354855,503,prime_block_le_503,45,7425387163249856130442960012501049141001305819406163509869875583601074657992881456415943936664692413,229.960829033,4782969,15.3805720414,30,7,0,,201.800792457,15.3805720414,0.995602742278,0.958152234324,1.05835716936,none_visible,5.9981863459,0.333333333333,5.66485301257,existing_near_power_csv,local_obstruction_before_drift,local_residue_sieve,blocked_unfilled,darmon_granville_ceiling,blocked_unfilled,blocked_unfilled,Z,residue_only,blocked_unfilled,blocked_unfilled,under_test,Q_503,pass_predefined,45,0,15.3805720414,0.341790489808,blocked_unfilled,control_class=actual_near_miss,15.3805720414,local_obstruction_before_drift
rank94_Q503_random_root_sets,random_root_sets,94,6,7,3,228,239,354855,44684076513576375,354855,503,prime_block_le_503,45,7425387163249856130442960012501049141001305819406163509869875583601074657992881456415943936664692413,229.960829033,4782969,15.3805720414,30,7,0,,201.800792457,15.3805720414,0.995768582428,0.949251885355,1.03785176731,none_visible,5.9981863459,0.333333333333,5.66485301257,deterministic_seeded_random_sets_same_cardinality,local_obstruction_before_drift,local_residue_sieve,blocked_unfilled,darmon_granville_ceiling,blocked_unfilled,blocked_unfilled,Z,residue_only,blocked_unfilled,blocked_unfilled,negative_control_passed,Q_503,pass_predefined,45,0,15.3805720414,0.341790489808,blocked_unfilled,control_class=random_root_sets,15.3805720414,local_obstruction_before_drift
rank94_Q503_exact_power_anchor,exact_power_anchor,94,6,7,3,228,239,354855,44684076513576375,354855,503,prime_block_le_503,45,7425387163249856130442960012501049141001305819406163509869875583601074657992881456415943936664692413,229.960829033,2954312706550833698643,49.4375529901,0,0,1,354855,167.743811509,49.4375529901,1.00365550979,0.987117116694,1.0368366422,constructed_exact_power_root,5.9981863459,0.333333333333,5.66485301257,C_from_near_power_row_as_positive_control,positive_control_survivor,local_residue_sieve,blocked_unfilled,darmon_granville_ceiling,blocked_unfilled,blocked_unfilled,Z,survivor_kandidat_requires_overlap_check,blocked_unfilled,blocked_unfilled,positive_control_passed,Q_503,pass_predefined,45,2.81805244396e-06,49.4375529901,1.09861228867,blocked_unfilled,control_class=exact_power_anchor,49.4375529901,positive_control_survivor
rank95_Q503_actual_near_miss,actual_near_miss,95,7,7,3,92,177,176501,5498465582279501,176501,503,prime_block_le_503,45,7425387163249856130442960012501049141001305819406163509869875583601074657992881456415943936664692413,229.960829033,531441,13.183347464,32,7,0,,204.696399748,13.183347464,1.00662581494,0.94724738733,1.08814995697,none_visible,6.34492927148,0.333333333333,6.01159593815,existing_near_power_csv,local_obstruction_before_drift,local_residue_sieve,blocked_unfilled,darmon_granville_ceiling,blocked_unfilled,blocked_unfilled,Z,residue_only,blocked_unfilled,blocked_unfilled,under_test,Q_503,pass_predefined,45,0,13.183347464,0.292963276978,blocked_unfilled,control_class=actual_near_miss,13.183347464,local_obstruction_before_drift
rank95_Q503_random_root_sets,random_root_sets,95,7,7,3,92,177,176501,5498465582279501,176501,503,prime_block_le_503,45,7425387163249856130442960012501049141001305819406163509869875583601074657992881456415943936664692413,229.960829033,531441,13.183347464,32,7,0,,204.696399748,13.183347464,0.980391937765,0.816112467729,1.07671155782,none_visible,6.34492927148,0.333333333333,6.01159593815,deterministic_seeded_random_sets_same_cardinality,local_obstruction_before_drift,local_residue_sieve,blocked_unfilled,darmon_granville_ceiling,blocked_unfilled,blocked_unfilled,Z,residue_only,blocked_unfilled,blocked_unfilled,negative_control_passed,Q_503,pass_predefined,45,0,13.183347464,0.292963276978,blocked_unfilled,control_class=random_root_sets,13.183347464,local_obstruction_before_drift
rank95_Q503_exact_power_anchor,exact_power_anchor,95,7,7,3,92,177,176501,5498465582279501,176501,503,prime_block_le_503,45,7425387163249856130442960012501049141001305819406163509869875583601074657992881456415943936664692413,229.960829033,984770902183611232881,48.3389407014,0,0,1,176501,169.54080651,48.3389407014,1.01319363525,0.978019639801,1.09302370965,constructed_exact_power_root,6.34492927148,0.333333333333,6.01159593815,C_from_near_power_row_as_positive_control,positive_control_survivor,local_residue_sieve,blocked_unfilled,darmon_granville_ceiling,blocked_unfilled,blocked_unfilled,Z,survivor_kandidat_requires_overlap_check,blocked_unfilled,blocked_unfilled,positive_control_passed,Q_503,pass_predefined,45,5.66569027938e-06,48.3389407014,1.07419868225,blocked_unfilled,control_class=exact_power_anchor,48.3389407014,positive_control_survivor
rank96_Q503_actual_near_miss,actual_near_miss,96,5,5,3,145,239,9450,843908625000,9450,503,prime_block_le_503,45,7425387163249856130442960012501049141001305819406163509869875583601074657992881456415943936664692413,229.960829033,531441,13.183347464,33,7,0,,207.623711548,13.183347464,1.71917588584,0,4.11813051146,none_visible,8.37399339355,0.333333333333,8.04066006022,existing_near_power_csv,local_obstruction_before_drift,local_residue_sieve,blocked_unfilled,darmon_granville_ceiling,blocked_unfilled,blocked_unfilled,Z,residue_only,blocked_unfilled,blocked_unfilled,under_test,Q_503,pass_predefined,45,0,13.183347464,0.292963276978,blocked_unfilled,control_class=actual_near_miss,13.183347464,local_obstruction_before_drift
rank96_Q503_random_root_sets,random_root_sets,96,5,5,3,145,239,9450,843908625000,9450,503,prime_block_le_503,45,7425387163249856130442960012501049141001305819406163509869875583601074657992881456415943936664692413,229.960829033,531441,13.183347464,33,7,0,,207.623711548,13.183347464,1.08583186361,0,3.15949441505,none_visible,8.37399339355,0.333333333333,8.04066006022,deterministic_seeded_random_sets_same_cardinality,local_obstruction_before_drift,local_residue_sieve,blocked_unfilled,darmon_granville_ceiling,blocked_unfilled,blocked_unfilled,Z,residue_only,blocked_unfilled,blocked_unfilled,negative_control_passed,Q_503,pass_predefined,45,0,13.183347464,0.292963276978,blocked_unfilled,control_class=random_root_sets,13.183347464,local_obstruction_before_drift
rank96_Q503_exact_power_anchor,exact_power_anchor,96,5,5,3,145,239,9450,843908625000,9450,503,prime_block_le_503,45,7425387163249856130442960012501049141001305819406163509869875583601074657992881456415943936664692413,229.960829033,984770902183611232881,48.3389407014,0,0,1,9450,172.468118311,48.3389407014,1.20682833627,0.600435038213,2.46440917108,constructed_exact_power_root,8.37399339355,0.333333333333,8.04066006022,C_from_near_power_row_as_positive_control,positive_control_survivor,local_residue_sieve,blocked_unfilled,darmon_granville_ceiling,blocked_unfilled,blocked_unfilled,Z,survivor_kandidat_requires_overlap_check,blocked_unfilled,blocked_unfilled,positive_control_passed,Q_503,pass_predefined,45,0.00010582010582,48.3389407014,1.07419868225,blocked_unfilled,control_class=exact_power_anchor,48.3389407014,positive_control_survivor
rank97_Q503_actual_near_miss,actual_near_miss,97,6,7,3,207,100,56323,178672344970267,56323,503,prime_block_le_503,45,7425387163249856130442960012501049141001305819406163509869875583601074657992881456415943936664692413,229.960829033,4782969,15.3805720414,31,7,0,,203.641398735,15.3805720414,1.08088207957,0.764146085968,1.43821055933,none_visible,7.00745981715,0.333333333333,6.67412648382,existing_near_power_csv,local_obstruction_before_drift,local_residue_sieve,blocked_unfilled,darmon_granville_ceiling,blocked_unfilled,blocked_unfilled,Z,residue_only,blocked_unfilled,blocked_unfilled,under_test,Q_503,pass_predefined,45,0,15.3805720414,0.341790489808,blocked_unfilled,control_class=actual_near_miss,15.3805720414,local_obstruction_before_drift
rank97_Q503_random_root_sets,random_root_sets,97,6,7,3,207,100,56323,178672344970267,56323,503,prime_block_le_503,45,7425387163249856130442960012501049141001305819406163509869875583601074657992881456415943936664692413,229.960829033,4782969,15.3805720414,31,7,0,,203.641398735,15.3805720414,1.0779771316,0.808933394094,1.43821055933,none_visible,7.00745981715,0.333333333333,6.67412648382,deterministic_seeded_random_sets_same_cardinality,local_obstruction_before_drift,local_residue_sieve,blocked_unfilled,darmon_granville_ceiling,blocked_unfilled,blocked_unfilled,Z,residue_only,blocked_unfilled,blocked_unfilled,negative_control_passed,Q_503,pass_predefined,45,0,15.3805720414,0.341790489808,blocked_unfilled,control_class=random_root_sets,15.3805720414,local_obstruction_before_drift
rank97_Q503_exact_power_anchor,exact_power_anchor,97,6,7,3,207,100,56323,178672344970267,56323,503,prime_block_le_503,45,7425387163249856130442960012501049141001305819406163509869875583601074657992881456415943936664692413,229.960829033,328256967394537077627,47.2403284127,0,0,1,56323,171.781642364,47.2403284127,1.03352480501,0.989433959286,1.15967228703,constructed_exact_power_root,7.00745981715,0.333333333333,6.67412648382,C_from_near_power_row_as_positive_control,positive_control_survivor,local_residue_sieve,blocked_unfilled,darmon_granville_ceiling,blocked_unfilled,blocked_unfilled,Z,survivor_kandidat_requires_overlap_check,blocked_unfilled,blocked_unfilled,positive_control_passed,Q_503,pass_predefined,45,1.77547360758e-05,47.2403284127,1.04978507584,blocked_unfilled,control_class=exact_power_anchor,47.2403284127,positive_control_survivor
rank98_Q503_actual_near_miss,actual_near_miss,98,6,6,3,95,239,57196,187109988665536,57196,503,prime_block_le_503,45,7425387163249856130442960012501049141001305819406163509869875583601074657992881456415943936664692413,229.960829033,1594323,14.2819597527,30,7,0,,204.724630035,14.2819597527,1.04105973112,0.843907110831,1.55895128641,none_visible,6.99762055258,0.333333333333,6.66428721925,existing_near_power_csv,local_obstruction_before_drift,local_residue_sieve,blocked_unfilled,darmon_granville_ceiling,blocked_unfilled,blocked_unfilled,Z,residue_only,blocked_unfilled,blocked_unfilled,under_test,Q_503,pass_predefined,45,0,14.2819597527,0.317376883393,blocked_unfilled,control_class=actual_near_miss,14.2819597527,local_obstruction_before_drift
rank98_Q503_random_root_sets,random_root_sets,98,6,6,3,95,239,57196,187109988665536,57196,503,prime_block_le_503,45,7425387163249856130442960012501049141001305819406163509869875583601074657992881456415943936664692413,229.960829033,1594323,14.2819597527,30,7,0,,204.724630035,14.2819597527,0.985457691014,0.513909286586,1.61609009177,none_visible,6.99762055258,0.333333333333,6.66428721925,deterministic_seeded_random_sets_same_cardinality,local_obstruction_before_drift,local_residue_sieve,blocked_unfilled,darmon_granville_ceiling,blocked_unfilled,blocked_unfilled,Z,residue_only,blocked_unfilled,blocked_unfilled,negative_control_passed,Q_503,pass_predefined,45,0,14.2819597527,0.317376883393,blocked_unfilled,control_class=random_root_sets,14.2819597527,local_obstruction_before_drift
rank98_Q503_exact_power_anchor,exact_power_anchor,98,6,6,3,95,239,57196,187109988665536,57196,503,prime_block_le_503,45,7425387163249856130442960012501049141001305819406163509869875583601074657992881456415943936664692413,229.960829033,328256967394537077627,47.2403284127,0,0,1,57196,171.766261375,47.2403284127,1.03396896442,0.969941565455,1.18829016792,constructed_exact_power_root,6.99762055258,0.333333333333,6.66428721925,C_from_near_power_row_as_positive_control,positive_control_survivor,local_residue_sieve,blocked_unfilled,darmon_granville_ceiling,blocked_unfilled,blocked_unfilled,Z,survivor_kandidat_requires_overlap_check,blocked_unfilled,blocked_unfilled,positive_control_passed,Q_503,pass_predefined,45,1.74837401217e-05,47.2403284127,1.04978507584,blocked_unfilled,control_class=exact_power_anchor,47.2403284127,positive_control_survivor
rank99_Q503_actual_near_miss,actual_near_miss,99,7,7,3,209,214,336118,37973035221035032,336118,503,prime_block_le_503,45,7425387163249856130442960012501049141001305819406163509869875583601074657992881456415943936664692413,229.960829033,59049,10.9861228867,35,7,0,,206.249488578,10.9861228867,1.00464600211,0.971548682308,1.04223120055,none_visible,6.02375631453,0.333333333333,5.6904229812,existing_near_power_csv,local_obstruction_before_drift,local_residue_sieve,blocked_unfilled,darmon_granville_ceiling,blocked_unfilled,blocked_unfilled,Z,residue_only,blocked_unfilled,blocked_unfilled,under_test,Q_503,pass_predefined,45,0,10.9861228867,0.244136064148,blocked_unfilled,control_class=actual_near_miss,10.9861228867,local_obstruction_before_drift
rank99_Q503_random_root_sets,random_root_sets,99,7,7,3,209,214,336118,37973035221035032,336118,503,prime_block_le_503,45,7425387163249856130442960012501049141001305819406163509869875583601074657992881456415943936664692413,229.960829033,59049,10.9861228867,35,7,0,,206.249488578,10.9861228867,1.00379294338,0.919361652753,1.11532788419,none_visible,6.02375631453,0.333333333333,5.6904229812,deterministic_seeded_random_sets_same_cardinality,local_obstruction_before_drift,local_residue_sieve,blocked_unfilled,darmon_granville_ceiling,blocked_unfilled,blocked_unfilled,Z,residue_only,blocked_unfilled,blocked_unfilled,negative_control_passed,Q_503,pass_predefined,45,0,10.9861228867,0.244136064148,blocked_unfilled,control_class=random_root_sets,10.9861228867,local_obstruction_before_drift
rank99_Q503_exact_power_anchor,exact_power_anchor,99,7,7,3,209,214,336118,37973035221035032,336118,503,prime_block_le_503,45,7425387163249856130442960012501049141001305819406163509869875583601074657992881456415943936664692413,229.960829033,2954312706550833698643,49.4375529901,0,0,1,336118,167.798058475,49.4375529901,1.00412601736,0.990308958957,1.02658986824,constructed_exact_power_root,6.02375631453,0.333333333333,5.6904229812,C_from_near_power_row_as_positive_control,positive_control_survivor,local_residue_sieve,blocked_unfilled,darmon_granville_ceiling,blocked_unfilled,blocked_unfilled,Z,survivor_kandidat_requires_overlap_check,blocked_unfilled,blocked_unfilled,positive_control_passed,Q_503,pass_predefined,45,2.97514563338e-06,49.4375529901,1.09861228867,blocked_unfilled,control_class=exact_power_anchor,49.4375529901,positive_control_survivor
rank100_Q503_actual_near_miss,actual_near_miss,100,5,7,3,197,114,63040,250523582464000,63040,503,prime_block_le_503,45,7425387163249856130442960012501049141001305819406163509869875583601074657992881456415943936664692413,229.960829033,531441,13.183347464,33,7,0,,205.725956844,13.183347464,0.925369173973,0.540020445572,1.07192435138,none_visible,6.93602119059,0.333333333333,6.60268785725,existing_near_power_csv,local_obstruction_before_drift,local_residue_sieve,blocked_unfilled,darmon_granville_ceiling,blocked_unfilled,blocked_unfilled,Z,residue_only,blocked_unfilled,blocked_unfilled,under_test,Q_503,pass_predefined,45,0,13.183347464,0.292963276978,blocked_unfilled,control_class=actual_near_miss,13.183347464,local_obstruction_before_drift
rank100_Q503_random_root_sets,random_root_sets,100,5,7,3,197,114,63040,250523582464000,63040,503,prime_block_le_503,45,7425387163249856130442960012501049141001305819406163509869875583601074657992881456415943936664692413,229.960829033,531441,13.183347464,33,7,0,,205.725956844,13.183347464,1.01051264549,0.765660250987,1.62006133672,none_visible,6.93602119059,0.333333333333,6.60268785725,deterministic_seeded_random_sets_same_cardinality,local_obstruction_before_drift,local_residue_sieve,blocked_unfilled,darmon_granville_ceiling,blocked_unfilled,blocked_unfilled,Z,residue_only,blocked_unfilled,blocked_unfilled,negative_control_passed,Q_503,pass_predefined,45,0,13.183347464,0.292963276978,blocked_unfilled,control_class=random_root_sets,13.183347464,local_obstruction_before_drift
rank100_Q503_exact_power_anchor,exact_power_anchor,100,5,7,3,197,114,63040,250523582464000,63040,503,prime_block_le_503,45,7425387163249856130442960012501049141001305819406163509869875583601074657992881456415943936664692413,229.960829033,2954312706550833698643,49.4375529901,0,0,1,63040,169.471751318,49.4375529901,1.0222392602,0.90008107727,1.25813064016,constructed_exact_power_root,6.93602119059,0.333333333333,6.60268785725,C_from_near_power_row_as_positive_control,positive_control_survivor,local_residue_sieve,blocked_unfilled,darmon_granville_ceiling,blocked_unfilled,blocked_unfilled,Z,survivor_kandidat_requires_overlap_check,blocked_unfilled,blocked_unfilled,positive_control_passed,Q_503,pass_predefined,45,1.58629441624e-05,49.4375529901,1.09861228867,blocked_unfilled,control_class=exact_power_anchor,49.4375529901,positive_control_survivor
rank101_Q503_actual_near_miss,actual_near_miss,101,6,7,3,216,205,248345,15316737235663625,248345,503,prime_block_le_503,45,7425387163249856130442960012501049141001305819406163509869875583601074657992881456415943936664692413,229.960829033,3486784401,21.9722457734,25,7,0,,195.566009072,21.9722457734,0.996735488348,0.852004268256,1.10242606052,none_visible,6.17050930998,0.333333333333,5.83717597665,existing_near_power_csv,local_obstruction_before_drift,local_residue_sieve,blocked_unfilled,darmon_granville_ceiling,blocked_unfilled,blocked_unfilled,Z,residue_only,blocked_unfilled,blocked_unfilled,under_test,Q_503,pass_predefined,45,0,21.9722457734,0.488272128297,blocked_unfilled,control_class=actual_near_miss,21.9722457734,local_obstruction_before_drift
rank101_Q503_random_root_sets,random_root_sets,101,6,7,3,216,205,248345,15316737235663625,248345,503,prime_block_le_503,45,7425387163249856130442960012501049141001305819406163509869875583601074657992881456415943936664692413,229.960829033,3486784401,21.9722457734,25,7,0,,195.566009072,21.9722457734,1.00546718693,0.973865209912,1.06003789531,none_visible,6.17050930998,0.333333333333,5.83717597665,deterministic_seeded_random_sets_same_cardinality,local_obstruction_before_drift,local_residue_sieve,blocked_unfilled,darmon_granville_ceiling,blocked_unfilled,blocked_unfilled,Z,residue_only,blocked_unfilled,blocked_unfilled,negative_control_passed,Q_503,pass_predefined,45,0,21.9722457734,0.488272128297,blocked_unfilled,control_class=random_root_sets,21.9722457734,local_obstruction_before_drift
rank101_Q503_exact_power_anchor,exact_power_anchor,101,6,7,3,216,205,248345,15316737235663625,248345,503,prime_block_le_503,45,7425387163249856130442960012501049141001305819406163509869875583601074657992881456415943936664692413,229.960829033,2954312706550833698643,49.4375529901,0,0,1,248345,168.100701855,49.4375529901,1.00500785571,0.945094302057,1.0864438136,constructed_exact_power_root,6.17050930998,0.333333333333,5.83717597665,C_from_near_power_row_as_positive_control,positive_control_survivor,local_residue_sieve,blocked_unfilled,darmon_granville_ceiling,blocked_unfilled,blocked_unfilled,Z,survivor_kandidat_requires_overlap_check,blocked_unfilled,blocked_unfilled,positive_control_passed,Q_503,pass_predefined,45,4.0266564658e-06,49.4375529901,1.09861228867,blocked_unfilled,control_class=exact_power_anchor,49.4375529901,positive_control_survivor
rank102_Q503_actual_near_miss,actual_near_miss,102,7,7,3,138,197,231882,12468123993460968,231882,503,prime_block_le_503,45,7425387163249856130442960012501049141001305819406163509869875583601074657992881456415943936664692413,229.960829033,4782969,15.3805720414,30,13,0,,202.226273091,15.3805720414,1.00590359108,0.933090489511,1.14531241465,none_visible,6.2047684613,0.333333333333,5.87143512797,existing_near_power_csv,local_obstruction_before_drift,local_residue_sieve,blocked_unfilled,darmon_granville_ceiling,blocked_unfilled,blocked_unfilled,Z,residue_only,blocked_unfilled,blocked_unfilled,under_test,Q_503,pass_predefined,45,0,15.3805720414,0.341790489808,blocked_unfilled,control_class=actual_near_miss,15.3805720414,local_obstruction_before_drift
rank102_Q503_random_root_sets,random_root_sets,102,7,7,3,138,197,231882,12468123993460968,231882,503,prime_block_le_503,45,7425387163249856130442960012501049141001305819406163509869875583601074657992881456415943936664692413,229.960829033,4782969,15.3805720414,30,13,0,,202.226273091,15.3805720414,1.00111472269,0.954427012206,1.06638913087,none_visible,6.2047684613,0.333333333333,5.87143512797,deterministic_seeded_random_sets_same_cardinality,local_obstruction_before_drift,local_residue_sieve,blocked_unfilled,darmon_granville_ceiling,blocked_unfilled,blocked_unfilled,Z,residue_only,blocked_unfilled,blocked_unfilled,negative_control_passed,Q_503,pass_predefined,45,0,15.3805720414,0.341790489808,blocked_unfilled,control_class=random_root_sets,15.3805720414,local_obstruction_before_drift
rank102_Q503_exact_power_anchor,exact_power_anchor,102,7,7,3,138,197,231882,12468123993460968,231882,503,prime_block_le_503,45,7425387163249856130442960012501049141001305819406163509869875583601074657992881456415943936664692413,229.960829033,984770902183611232881,48.3389407014,0,0,1,231882,169.267904431,48.3389407014,1.003803519,0.988341292362,1.05220231746,constructed_exact_power_root,6.2047684613,0.333333333333,5.87143512797,C_from_near_power_row_as_positive_control,positive_control_survivor,local_residue_sieve,blocked_unfilled,darmon_granville_ceiling,blocked_unfilled,blocked_unfilled,Z,survivor_kandidat_requires_overlap_check,blocked_unfilled,blocked_unfilled,positive_control_passed,Q_503,pass_predefined,45,4.31253827378e-06,48.3389407014,1.07419868225,blocked_unfilled,control_class=exact_power_anchor,48.3389407014,positive_control_survivor
rank103_Q503_actual_near_miss,actual_near_miss,103,7,7,3,86,173,167182,4672706995152568,167182,503,prime_block_le_503,45,7425387163249856130442960012501049141001305819406163509869875583601074657992881456415943936664692413,229.960829033,177147,12.0847351753,32,13,0,,205.849255539,12.0847351753,0.985966114995,0.912520486655,1.02994939647,none_visible,6.37354620131,0.333333333333,6.04021286798,existing_near_power_csv,local_obstruction_before_drift,local_residue_sieve,blocked_unfilled,darmon_granville_ceiling,blocked_unfilled,blocked_unfilled,Z,residue_only,blocked_unfilled,blocked_unfilled,under_test,Q_503,pass_predefined,45,0,12.0847351753,0.268549670563,blocked_unfilled,control_class=actual_near_miss,12.0847351753,local_obstruction_before_drift
rank103_Q503_random_root_sets,random_root_sets,103,7,7,3,86,173,167182,4672706995152568,167182,503,prime_block_le_503,45,7425387163249856130442960012501049141001305819406163509869875583601074657992881456415943936664692413,229.960829033,177147,12.0847351753,32,13,0,,205.849255539,12.0847351753,0.989406588163,0.726615305475,1.11530281702,none_visible,6.37354620131,0.333333333333,6.04021286798,deterministic_seeded_random_sets_same_cardinality,local_obstruction_before_drift,local_residue_sieve,blocked_unfilled,darmon_granville_ceiling,blocked_unfilled,blocked_unfilled,Z,residue_only,blocked_unfilled,blocked_unfilled,negative_control_passed,Q_503,pass_predefined,45,0,12.0847351753,0.268549670563,blocked_unfilled,control_class=random_root_sets,12.0847351753,local_obstruction_before_drift
rank103_Q503_exact_power_anchor,exact_power_anchor,103,7,7,3,86,173,167182,4672706995152568,167182,503,prime_block_le_503,45,7425387163249856130442960012501049141001305819406163509869875583601074657992881456415943936664692413,229.960829033,2954312706550833698643,49.4375529901,0,0,1,167182,168.496437725,49.4375529901,1.00560533497,0.96997816086,1.06369837795,constructed_exact_power_root,6.37354620131,0.333333333333,6.04021286798,C_from_near_power_row_as_positive_control,positive_control_survivor,local_residue_sieve,blocked_unfilled,darmon_granville_ceiling,blocked_unfilled,blocked_unfilled,Z,survivor_kandidat_requires_overlap_check,blocked_unfilled,blocked_unfilled,positive_control_passed,Q_503,pass_predefined,45,5.98150518596e-06,49.4375529901,1.09861228867,blocked_unfilled,control_class=exact_power_anchor,49.4375529901,positive_control_survivor
rank104_Q503_actual_near_miss,actual_near_miss,104,5,7,3,229,90,36458,48459454583912,36458,503,prime_block_le_503,45,7425387163249856130442960012501049141001305819406163509869875583601074657992881456415943936664692413,229.960829033,14348907,16.47918433,30,7,0,,202.977728511,16.47918433,0.859484320727,0,1.50771968963,none_visible,7.29762197982,0.333333333333,6.96428864649,existing_near_power_csv,local_obstruction_before_drift,local_residue_sieve,blocked_unfilled,darmon_granville_ceiling,blocked_unfilled,blocked_unfilled,Z,residue_only,blocked_unfilled,blocked_unfilled,under_test,Q_503,pass_predefined,45,0,16.47918433,0.366204096223,blocked_unfilled,control_class=actual_near_miss,16.47918433,local_obstruction_before_drift
rank104_Q503_random_root_sets,random_root_sets,104,5,7,3,229,90,36458,48459454583912,36458,503,prime_block_le_503,45,7425387163249856130442960012501049141001305819406163509869875583601074657992881456415943936664692413,229.960829033,14348907,16.47918433,30,7,0,,202.977728511,16.47918433,0.949854888469,0,1.45501063629,none_visible,7.29762197982,0.333333333333,6.96428864649,deterministic_seeded_random_sets_same_cardinality,local_obstruction_before_drift,local_residue_sieve,blocked_unfilled,darmon_granville_ceiling,blocked_unfilled,blocked_unfilled,Z,residue_only,blocked_unfilled,blocked_unfilled,negative_control_passed,Q_503,pass_predefined,45,0,16.47918433,0.366204096223,blocked_unfilled,control_class=random_root_sets,16.47918433,local_obstruction_before_drift
rank104_Q503_exact_power_anchor,exact_power_anchor,104,5,7,3,229,90,36458,48459454583912,36458,503,prime_block_le_503,45,7425387163249856130442960012501049141001305819406163509869875583601074657992881456415943936664692413,229.960829033,2954312706550833698643,49.4375529901,0,0,1,36458,170.019359851,49.4375529901,1.02319792638,0.794756218724,1.17737609791,constructed_exact_power_root,7.29762197982,0.333333333333,6.96428864649,C_from_near_power_row_as_positive_control,positive_control_survivor,local_residue_sieve,blocked_unfilled,darmon_granville_ceiling,blocked_unfilled,blocked_unfilled,Z,survivor_kandidat_requires_overlap_check,blocked_unfilled,blocked_unfilled,positive_control_passed,Q_503,pass_predefined,45,2.74288222064e-05,49.4375529901,1.09861228867,blocked_unfilled,control_class=exact_power_anchor,49.4375529901,positive_control_survivor
rank105_Q503_actual_near_miss,actual_near_miss,105,7,6,3,28,61,4021,65013301261,4021,503,prime_block_le_503,45,7425387163249856130442960012501049141001305819406163509869875583601074657992881456415943936664692413,229.960829033,14348907,16.47918433,30,19,0,,205.182358796,16.47918433,0.927485857976,0,4.14860869325,none_visible,9.23616929668,0.333333333333,8.90283596335,existing_near_power_csv,local_obstruction_before_drift,local_residue_sieve,blocked_unfilled,darmon_granville_ceiling,blocked_unfilled,blocked_unfilled,Z,residue_only,blocked_unfilled,blocked_unfilled,under_test,Q_503,pass_predefined,45,0,16.47918433,0.366204096223,blocked_unfilled,control_class=actual_near_miss,16.47918433,local_obstruction_before_drift
rank105_Q503_random_root_sets,random_root_sets,105,7,6,3,28,61,4021,65013301261,4021,503,prime_block_le_503,45,7425387163249856130442960012501049141001305819406163509869875583601074657992881456415943936664692413,229.960829033,14348907,16.47918433,30,19,0,,205.182358796,16.47918433,1.45578964405,0,7.07491226616,none_visible,9.23616929668,0.333333333333,8.90283596335,deterministic_seeded_random_sets_same_cardinality,local_obstruction_before_drift,local_residue_sieve,blocked_unfilled,darmon_granville_ceiling,blocked_unfilled,blocked_unfilled,Z,residue_only,blocked_unfilled,blocked_unfilled,negative_control_passed,Q_503,pass_predefined,45,0,16.47918433,0.366204096223,blocked_unfilled,control_class=random_root_sets,16.47918433,local_obstruction_before_drift
rank105_Q503_exact_power_anchor,exact_power_anchor,105,7,6,3,28,61,4021,65013301261,4021,503,prime_block_le_503,45,7425387163249856130442960012501049141001305819406163509869875583601074657992881456415943936664692413,229.960829033,2954312706550833698643,49.4375529901,0,0,1,4021,172.223990136,49.4375529901,1.56092205735,0.707148581061,4.23335820277,constructed_exact_power_root,9.23616929668,0.333333333333,8.90283596335,C_from_near_power_row_as_positive_control,positive_control_survivor,local_residue_sieve,blocked_unfilled,darmon_granville_ceiling,blocked_unfilled,blocked_unfilled,Z,survivor_kandidat_requires_overlap_check,blocked_unfilled,blocked_unfilled,positive_control_passed,Q_503,pass_predefined,45,0.000248694354638,49.4375529901,1.09861228867,blocked_unfilled,control_class=exact_power_anchor,49.4375529901,positive_control_survivor
rank106_Q503_actual_near_miss,actual_near_miss,106,7,7,3,195,224,339173,39017893441970717,339173,503,prime_block_le_503,45,7425387163249856130442960012501049141001305819406163509869875583601074657992881456415943936664692413,229.960829033,129140163,18.6764089074,28,13,0,,198.550154545,18.6764089074,1.00203049034,0.88639524176,1.15436140914,none_visible,6.01947628562,0.333333333333,5.68614295229,existing_near_power_csv,local_obstruction_before_drift,local_residue_sieve,blocked_unfilled,darmon_granville_ceiling,blocked_unfilled,blocked_unfilled,Z,residue_only,blocked_unfilled,blocked_unfilled,under_test,Q_503,pass_predefined,45,0,18.6764089074,0.415031309052,blocked_unfilled,control_class=actual_near_miss,18.6764089074,local_obstruction_before_drift
rank106_Q503_random_root_sets,random_root_sets,106,7,7,3,195,224,339173,39017893441970717,339173,503,prime_block_le_503,45,7425387163249856130442960012501049141001305819406163509869875583601074657992881456415943936664692413,229.960829033,129140163,18.6764089074,28,13,0,,198.550154545,18.6764089074,1.01263674192,0.98417097535,1.1079940522,none_visible,6.01947628562,0.333333333333,5.68614295229,deterministic_seeded_random_sets_same_cardinality,local_obstruction_before_drift,local_residue_sieve,blocked_unfilled,darmon_granville_ceiling,blocked_unfilled,blocked_unfilled,Z,residue_only,blocked_unfilled,blocked_unfilled,negative_control_passed,Q_503,pass_predefined,45,0,18.6764089074,0.415031309052,blocked_unfilled,control_class=random_root_sets,18.6764089074,local_obstruction_before_drift
rank106_Q503_exact_power_anchor,exact_power_anchor,106,7,7,3,195,224,339173,39017893441970717,339173,503,prime_block_le_503,45,7425387163249856130442960012501049141001305819406163509869875583601074657992881456415943936664692413,229.960829033,2954312706550833698643,49.4375529901,0,0,1,339173,167.789010462,49.4375529901,1.00285284053,0.993970956152,1.02048446597,constructed_exact_power_root,6.01947628562,0.333333333333,5.68614295229,C_from_near_power_row_as_positive_control,positive_control_survivor,local_residue_sieve,blocked_unfilled,darmon_granville_ceiling,blocked_unfilled,blocked_unfilled,Z,survivor_kandidat_requires_overlap_check,blocked_unfilled,blocked_unfilled,positive_control_passed,Q_503,pass_predefined,45,2.94834789326e-06,49.4375529901,1.09861228867,blocked_unfilled,control_class=exact_power_anchor,49.4375529901,positive_control_survivor
rank107_Q503_actual_near_miss,actual_near_miss,107,5,6,3,169,125,15811,3952555856731,15811,503,prime_block_le_503,45,7425387163249856130442960012501049141001305819406163509869875583601074657992881456415943936664692413,229.960829033,14348907,16.47918433,30,7,0,,203.813183524,16.47918433,1.32119039086,0,3.41552646189,none_visible,7.92821197252,0.333333333333,7.59487863919,existing_near_power_csv,local_obstruction_before_drift,local_residue_sieve,blocked_unfilled,darmon_granville_ceiling,blocked_unfilled,blocked_unfilled,Z,residue_only,blocked_unfilled,blocked_unfilled,under_test,Q_503,pass_predefined,45,0,16.47918433,0.366204096223,blocked_unfilled,control_class=actual_near_miss,16.47918433,local_obstruction_before_drift
rank107_Q503_random_root_sets,random_root_sets,107,5,6,3,169,125,15811,3952555856731,15811,503,prime_block_le_503,45,7425387163249856130442960012501049141001305819406163509869875583601074657992881456415943936664692413,229.960829033,14348907,16.47918433,30,7,0,,203.813183524,16.47918433,0.626313506871,0,1.17999423749,none_visible,7.92821197252,0.333333333333,7.59487863919,deterministic_seeded_random_sets_same_cardinality,local_obstruction_before_drift,local_residue_sieve,blocked_unfilled,darmon_granville_ceiling,blocked_unfilled,blocked_unfilled,Z,residue_only,blocked_unfilled,blocked_unfilled,negative_control_passed,Q_503,pass_predefined,45,0,16.47918433,0.366204096223,blocked_unfilled,control_class=random_root_sets,16.47918433,local_obstruction_before_drift
rank107_Q503_exact_power_anchor,exact_power_anchor,107,5,6,3,169,125,15811,3952555856731,15811,503,prime_block_le_503,45,7425387163249856130442960012501049141001305819406163509869875583601074657992881456415943936664692413,229.960829033,328256967394537077627,47.2403284127,0,0,1,15811,173.052039441,47.2403284127,1.0121478366,0.269903513025,1.47294077963,constructed_exact_power_root,7.92821197252,0.333333333333,7.59487863919,C_from_near_power_row_as_positive_control,positive_control_survivor,local_residue_sieve,blocked_unfilled,darmon_granville_ceiling,blocked_unfilled,blocked_unfilled,Z,survivor_kandidat_requires_overlap_check,blocked_unfilled,blocked_unfilled,positive_control_passed,Q_503,pass_predefined,45,6.32471064449e-05,47.2403284127,1.04978507584,blocked_unfilled,control_class=exact_power_anchor,47.2403284127,positive_control_survivor
rank108_Q503_actual_near_miss,actual_near_miss,108,7,7,3,210,223,356832,45435088927162368,356832,503,prime_block_le_503,45,7425387163249856130442960012501049141001305819406163509869875583601074657992881456415943936664692413,229.960829033,4782969,15.3805720414,30,13,0,,201.79523663,15.3805720414,0.995873808563,0.937811070756,1.02417539782,none_visible,5.99557978858,0.333333333333,5.66224645525,existing_near_power_csv,local_obstruction_before_drift,local_residue_sieve,blocked_unfilled,darmon_granville_ceiling,blocked_unfilled,blocked_unfilled,Z,residue_only,blocked_unfilled,blocked_unfilled,under_test,Q_503,pass_predefined,45,0,15.3805720414,0.341790489808,blocked_unfilled,control_class=actual_near_miss,15.3805720414,local_obstruction_before_drift
rank108_Q503_random_root_sets,random_root_sets,108,7,7,3,210,223,356832,45435088927162368,356832,503,prime_block_le_503,45,7425387163249856130442960012501049141001305819406163509869875583601074657992881456415943936664692413,229.960829033,4782969,15.3805720414,30,13,0,,201.79523663,15.3805720414,1.0051966565,0.965353132255,1.06458408065,none_visible,5.99557978858,0.333333333333,5.66224645525,deterministic_seeded_random_sets_same_cardinality,local_obstruction_before_drift,local_residue_sieve,blocked_unfilled,darmon_granville_ceiling,blocked_unfilled,blocked_unfilled,Z,residue_only,blocked_unfilled,blocked_unfilled,negative_control_passed,Q_503,pass_predefined,45,0,15.3805720414,0.341790489808,blocked_unfilled,control_class=random_root_sets,15.3805720414,local_obstruction_before_drift
rank108_Q503_exact_power_anchor,exact_power_anchor,108,7,7,3,210,223,356832,45435088927162368,356832,503,prime_block_le_503,45,7425387163249856130442960012501049141001305819406163509869875583601074657992881456415943936664692413,229.960829033,984770902183611232881,48.3389407014,0,0,1,356832,168.83686797,48.3389407014,1.00579004706,0.96699660718,1.05904459241,constructed_exact_power_root,5.99557978858,0.333333333333,5.66224645525,C_from_near_power_row_as_positive_control,positive_control_survivor,local_residue_sieve,blocked_unfilled,darmon_granville_ceiling,blocked_unfilled,blocked_unfilled,Z,survivor_kandidat_requires_overlap_check,blocked_unfilled,blocked_unfilled,positive_control_passed,Q_503,pass_predefined,45,2.80243924312e-06,48.3389407014,1.07419868225,blocked_unfilled,control_class=exact_power_anchor,48.3389407014,positive_control_survivor
rank109_Q503_actual_near_miss,actual_near_miss,109,6,6,3,84,211,44580,88597239912000,44580,503,prime_block_le_503,45,7425387163249856130442960012501049141001305819406163509869875583601074657992881456415943936664692413,229.960829033,129140163,18.6764089074,27,31,0,,200.579379519,18.6764089074,0.932490756135,0.258219929216,1.50009720353,none_visible,7.16051554517,0.333333333333,6.82718221183,existing_near_power_csv,local_obstruction_before_drift,local_residue_sieve,blocked_unfilled,darmon_granville_ceiling,blocked_unfilled,blocked_unfilled,Z,residue_only,blocked_unfilled,blocked_unfilled,under_test,Q_503,pass_predefined,45,0,18.6764089074,0.415031309052,blocked_unfilled,control_class=actual_near_miss,18.6764089074,local_obstruction_before_drift
rank109_Q503_random_root_sets,random_root_sets,109,6,6,3,84,211,44580,88597239912000,44580,503,prime_block_le_503,45,7425387163249856130442960012501049141001305819406163509869875583601074657992881456415943936664692413,229.960829033,129140163,18.6764089074,27,31,0,,200.579379519,18.6764089074,1.01274201919,0,1.94613678281,none_visible,7.16051554517,0.333333333333,6.82718221183,deterministic_seeded_random_sets_same_cardinality,local_obstruction_before_drift,local_residue_sieve,blocked_unfilled,darmon_granville_ceiling,blocked_unfilled,blocked_unfilled,Z,residue_only,blocked_unfilled,blocked_unfilled,negative_control_passed,Q_503,pass_predefined,45,0,18.6764089074,0.415031309052,blocked_unfilled,control_class=random_root_sets,18.6764089074,local_obstruction_before_drift
rank109_Q503_exact_power_anchor,exact_power_anchor,109,6,6,3,84,211,44580,88597239912000,44580,503,prime_block_le_503,45,7425387163249856130442960012501049141001305819406163509869875583601074657992881456415943936664692413,229.960829033,2954312706550833698643,49.4375529901,0,0,1,44580,169.818235436,49.4375529901,1.0138797501,0.938198494591,1.14870644534,constructed_exact_power_root,7.16051554517,0.333333333333,6.82718221183,C_from_near_power_row_as_positive_control,positive_control_survivor,local_residue_sieve,blocked_unfilled,darmon_granville_ceiling,blocked_unfilled,blocked_unfilled,Z,survivor_kandidat_requires_overlap_check,blocked_unfilled,blocked_unfilled,positive_control_passed,Q_503,pass_predefined,45,2.24315836698e-05,49.4375529901,1.09861228867,blocked_unfilled,control_class=exact_power_anchor,49.4375529901,positive_control_survivor
rank110_Q503_actual_near_miss,actual_near_miss,110,6,7,3,73,71,20989,9246454621669,20989,503,prime_block_le_503,45,7425387163249856130442960012501049141001305819406163509869875583601074657992881456415943936664692413,229.960829033,4782969,15.3805720414,31,7,0,,204.628503222,15.3805720414,1.03478989605,0,3.1784479701,none_visible,7.70252273616,0.333333333333,7.36918940282,existing_near_power_csv,local_obstruction_before_drift,local_residue_sieve,blocked_unfilled,darmon_granville_ceiling,blocked_unfilled,blocked_unfilled,Z,residue_only,blocked_unfilled,blocked_unfilled,under_test,Q_503,pass_predefined,45,0,15.3805720414,0.341790489808,blocked_unfilled,control_class=actual_near_miss,15.3805720414,local_obstruction_before_drift
rank110_Q503_random_root_sets,random_root_sets,110,6,7,3,73,71,20989,9246454621669,20989,503,prime_block_le_503,45,7425387163249856130442960012501049141001305819406163509869875583601074657992881456415943936664692413,229.960829033,4782969,15.3805720414,31,7,0,,204.628503222,15.3805720414,0.927458949804,0.508684443174,1.62398293286,none_visible,7.70252273616,0.333333333333,7.36918940282,deterministic_seeded_random_sets_same_cardinality,local_obstruction_before_drift,local_residue_sieve,blocked_unfilled,darmon_granville_ceiling,blocked_unfilled,blocked_unfilled,Z,residue_only,blocked_unfilled,blocked_unfilled,negative_control_passed,Q_503,pass_predefined,45,0,15.3805720414,0.341790489808,blocked_unfilled,control_class=random_root_sets,15.3805720414,local_obstruction_before_drift
rank110_Q503_exact_power_anchor,exact_power_anchor,110,6,7,3,73,71,20989,9246454621669,20989,503,prime_block_le_503,45,7425387163249856130442960012501049141001305819406163509869875583601074657992881456415943936664692413,229.960829033,328256967394537077627,47.2403284127,0,0,1,20989,172.76874685,47.2403284127,1.08614543244,0.950931969656,1.35168686243,constructed_exact_power_root,7.70252273616,0.333333333333,7.36918940282,C_from_near_power_row_as_positive_control,positive_control_survivor,local_residue_sieve,blocked_unfilled,darmon_granville_ceiling,blocked_unfilled,blocked_unfilled,Z,survivor_kandidat_requires_overlap_check,blocked_unfilled,blocked_unfilled,positive_control_passed,Q_503,pass_predefined,45,4.76440040021e-05,47.2403284127,1.04978507584,blocked_unfilled,control_class=exact_power_anchor,47.2403284127,positive_control_survivor
rank111_Q503_actual_near_miss,actual_near_miss,111,6,6,3,127,212,45626,94981098574376,45626,503,prime_block_le_503,45,7425387163249856130442960012501049141001305819406163509869875583601074657992881456415943936664692413,229.960829033,14348907,16.47918433,29,7,0,,202.753411694,16.47918433,1.05026211501,0.601328677119,1.59506519187,none_visible,7.14503587098,0.333333333333,6.81170253765,existing_near_power_csv,local_obstruction_before_drift,local_residue_sieve,blocked_unfilled,darmon_granville_ceiling,blocked_unfilled,blocked_unfilled,Z,residue_only,blocked_unfilled,blocked_unfilled,under_test,Q_503,pass_predefined,45,0,16.47918433,0.366204096223,blocked_unfilled,control_class=actual_near_miss,16.47918433,local_obstruction_before_drift
rank111_Q503_random_root_sets,random_root_sets,111,6,6,3,127,212,45626,94981098574376,45626,503,prime_block_le_503,45,7425387163249856130442960012501049141001305819406163509869875583601074657992881456415943936664692413,229.960829033,14348907,16.47918433,29,7,0,,202.753411694,16.47918433,0.84508800213,0,1.82494386729,none_visible,7.14503587098,0.333333333333,6.81170253765,deterministic_seeded_random_sets_same_cardinality,local_obstruction_before_drift,local_residue_sieve,blocked_unfilled,darmon_granville_ceiling,blocked_unfilled,blocked_unfilled,Z,residue_only,blocked_unfilled,blocked_unfilled,negative_control_passed,Q_503,pass_predefined,45,0,16.47918433,0.366204096223,blocked_unfilled,control_class=random_root_sets,16.47918433,local_obstruction_before_drift
rank111_Q503_exact_power_anchor,exact_power_anchor,111,6,6,3,127,212,45626,94981098574376,45626,503,prime_block_le_503,45,7425387163249856130442960012501049141001305819406163509869875583601074657992881456415943936664692413,229.960829033,984770902183611232881,48.3389407014,0,0,1,45626,170.893655323,48.3389407014,1.02091877032,0.90278203948,1.19099246531,constructed_exact_power_root,7.14503587098,0.333333333333,6.81170253765,C_from_near_power_row_as_positive_control,positive_control_survivor,local_residue_sieve,blocked_unfilled,darmon_granville_ceiling,blocked_unfilled,blocked_unfilled,Z,survivor_kandidat_requires_overlap_check,blocked_unfilled,blocked_unfilled,positive_control_passed,Q_503,pass_predefined,45,2.19173278394e-05,48.3389407014,1.07419868225,blocked_unfilled,control_class=exact_power_anchor,48.3389407014,positive_control_survivor
rank112_Q503_actual_near_miss,actual_near_miss,112,6,7,3,233,243,368873,50191549511754617,368873,503,prime_block_le_503,45,7425387163249856130442960012501049141001305819406163509869875583601074657992881456415943936664692413,229.960829033,14348907,16.47918433,28,13,0,,200.663437013,16.47918433,1.00783763051,0.892289637777,1.08919420324,none_visible,5.98005676998,0.333333333333,5.64672343665,existing_near_power_csv,local_obstruction_before_drift,local_residue_sieve,blocked_unfilled,darmon_granville_ceiling,blocked_unfilled,blocked_unfilled,Z,residue_only,blocked_unfilled,blocked_unfilled,under_test,Q_503,pass_predefined,45,0,16.47918433,0.366204096223,blocked_unfilled,control_class=actual_near_miss,16.47918433,local_obstruction_before_drift
rank112_Q503_random_root_sets,random_root_sets,112,6,7,3,233,243,368873,50191549511754617,368873,503,prime_block_le_503,45,7425387163249856130442960012501049141001305819406163509869875583601074657992881456415943936664692413,229.960829033,14348907,16.47918433,28,13,0,,200.663437013,16.47918433,0.990696436624,0.927254396801,1.14722953428,none_visible,5.98005676998,0.333333333333,5.64672343665,deterministic_seeded_random_sets_same_cardinality,local_obstruction_before_drift,local_residue_sieve,blocked_unfilled,darmon_granville_ceiling,blocked_unfilled,blocked_unfilled,Z,residue_only,blocked_unfilled,blocked_unfilled,negative_control_passed,Q_503,pass_predefined,45,0,16.47918433,0.366204096223,blocked_unfilled,control_class=random_root_sets,16.47918433,local_obstruction_before_drift
rank112_Q503_exact_power_anchor,exact_power_anchor,112,6,7,3,233,243,368873,50191549511754617,368873,503,prime_block_le_503,45,7425387163249856130442960012501049141001305819406163509869875583601074657992881456415943936664692413,229.960829033,2954312706550833698643,49.4375529901,0,0,1,368873,167.705068353,49.4375529901,1.00080273287,0.97755114151,1.03061336678,constructed_exact_power_root,5.98005676998,0.333333333333,5.64672343665,C_from_near_power_row_as_positive_control,positive_control_survivor,local_residue_sieve,blocked_unfilled,darmon_granville_ceiling,blocked_unfilled,blocked_unfilled,Z,survivor_kandidat_requires_overlap_check,blocked_unfilled,blocked_unfilled,positive_control_passed,Q_503,pass_predefined,45,2.71096014075e-06,49.4375529901,1.09861228867,blocked_unfilled,control_class=exact_power_anchor,49.4375529901,positive_control_survivor
rank113_Q503_actual_near_miss,actual_near_miss,113,7,7,3,81,131,88149,684939432371949,88149,503,prime_block_le_503,45,7425387163249856130442960012501049141001305819406163509869875583601074657992881456415943936664692413,229.960829033,1594323,14.2819597527,32,7,0,,204.292085437,14.2819597527,1.04907410559,0.898575770066,1.51621307861,none_visible,6.73180511121,0.333333333333,6.39847177788,existing_near_power_csv,local_obstruction_before_drift,local_residue_sieve,blocked_unfilled,darmon_granville_ceiling,blocked_unfilled,blocked_unfilled,Z,residue_only,blocked_unfilled,blocked_unfilled,under_test,Q_503,pass_predefined,45,0,14.2819597527,0.317376883393,blocked_unfilled,control_class=actual_near_miss,14.2819597527,local_obstruction_before_drift
rank113_Q503_random_root_sets,random_root_sets,113,7,7,3,81,131,88149,684939432371949,88149,503,prime_block_le_503,45,7425387163249856130442960012501049141001305819406163509869875583601074657992881456415943936664692413,229.960829033,1594323,14.2819597527,32,7,0,,204.292085437,14.2819597527,0.937451024633,0.505404359538,1.03124255522,none_visible,6.73180511121,0.333333333333,6.39847177788,deterministic_seeded_random_sets_same_cardinality,local_obstruction_before_drift,local_residue_sieve,blocked_unfilled,darmon_granville_ceiling,blocked_unfilled,blocked_unfilled,Z,residue_only,blocked_unfilled,blocked_unfilled,negative_control_passed,Q_503,pass_predefined,45,0,14.2819597527,0.317376883393,blocked_unfilled,control_class=random_root_sets,14.2819597527,local_obstruction_before_drift
rank113_Q503_exact_power_anchor,exact_power_anchor,113,7,7,3,81,131,88149,684939432371949,88149,503,prime_block_le_503,45,7425387163249856130442960012501049141001305819406163509869875583601074657992881456415943936664692413,229.960829033,2954312706550833698643,49.4375529901,0,0,1,88149,169.136492199,49.4375529901,1.00903940844,0.956239498526,1.16126104664,constructed_exact_power_root,6.73180511121,0.333333333333,6.39847177788,C_from_near_power_row_as_positive_control,positive_control_survivor,local_residue_sieve,blocked_unfilled,darmon_granville_ceiling,blocked_unfilled,blocked_unfilled,Z,survivor_kandidat_requires_overlap_check,blocked_unfilled,blocked_unfilled,positive_control_passed,Q_503,pass_predefined,45,1.13444281841e-05,49.4375529901,1.09861228867,blocked_unfilled,control_class=exact_power_anchor,49.4375529901,positive_control_survivor
rank114_Q503_actual_near_miss,actual_near_miss,114,7,7,3,137,237,350081,42904774389581441,350081,503,prime_block_le_503,45,7425387163249856130442960012501049141001305819406163509869875583601074657992881456415943936664692413,229.960829033,129140163,18.6764089074,28,7,0,,198.51850029,18.6764089074,0.974693674067,0.911554754471,1.04099051362,none_visible,6.00455044892,0.333333333333,5.67121711558,existing_near_power_csv,local_obstruction_before_drift,local_residue_sieve,blocked_unfilled,darmon_granville_ceiling,blocked_unfilled,blocked_unfilled,Z,residue_only,blocked_unfilled,blocked_unfilled,under_test,Q_503,pass_predefined,45,0,18.6764089074,0.415031309052,blocked_unfilled,control_class=actual_near_miss,18.6764089074,local_obstruction_before_drift
rank114_Q503_random_root_sets,random_root_sets,114,7,7,3,137,237,350081,42904774389581441,350081,503,prime_block_le_503,45,7425387163249856130442960012501049141001305819406163509869875583601074657992881456415943936664692413,229.960829033,129140163,18.6764089074,28,7,0,,198.51850029,18.6764089074,1.0130490039,0.975936680051,1.07347061585,none_visible,6.00455044892,0.333333333333,5.67121711558,deterministic_seeded_random_sets_same_cardinality,local_obstruction_before_drift,local_residue_sieve,blocked_unfilled,darmon_granville_ceiling,blocked_unfilled,blocked_unfilled,Z,residue_only,blocked_unfilled,blocked_unfilled,negative_control_passed,Q_503,pass_predefined,45,0,18.6764089074,0.415031309052,blocked_unfilled,control_class=random_root_sets,18.6764089074,local_obstruction_before_drift
rank114_Q503_exact_power_anchor,exact_power_anchor,114,7,7,3,137,237,350081,42904774389581441,350081,503,prime_block_le_503,45,7425387163249856130442960012501049141001305819406163509869875583601074657992881456415943936664692413,229.960829033,2954312706550833698643,49.4375529901,0,0,1,350081,167.757356208,49.4375529901,1.00409358966,0.997344106713,1.03345955809,constructed_exact_power_root,6.00455044892,0.333333333333,5.67121711558,C_from_near_power_row_as_positive_control,positive_control_survivor,local_residue_sieve,blocked_unfilled,darmon_granville_ceiling,blocked_unfilled,blocked_unfilled,Z,survivor_kandidat_requires_overlap_check,blocked_unfilled,blocked_unfilled,positive_control_passed,Q_503,pass_predefined,45,2.85648178564e-06,49.4375529901,1.09861228867,blocked_unfilled,control_class=exact_power_anchor,49.4375529901,positive_control_survivor
rank115_Q503_actual_near_miss,actual_near_miss,115,7,7,3,103,231,327794,35221106836282184,327794,503,prime_block_le_503,45,7425387163249856130442960012501049141001305819406163509869875583601074657992881456415943936664692413,229.960829033,4782969,15.3805720414,31,7,0,,201.88011635,15.3805720414,1.01625924746,0.886140889298,1.29099983526,none_visible,6.03565045796,0.333333333333,5.70231712462,existing_near_power_csv,local_obstruction_before_drift,local_residue_sieve,blocked_unfilled,darmon_granville_ceiling,blocked_unfilled,blocked_unfilled,Z,residue_only,blocked_unfilled,blocked_unfilled,under_test,Q_503,pass_predefined,45,0,15.3805720414,0.341790489808,blocked_unfilled,control_class=actual_near_miss,15.3805720414,local_obstruction_before_drift
rank115_Q503_random_root_sets,random_root_sets,115,7,7,3,103,231,327794,35221106836282184,327794,503,prime_block_le_503,45,7425387163249856130442960012501049141001305819406163509869875583601074657992881456415943936664692413,229.960829033,4782969,15.3805720414,31,7,0,,201.88011635,15.3805720414,1.01290089998,0.982066989227,1.07926150096,none_visible,6.03565045796,0.333333333333,5.70231712462,deterministic_seeded_random_sets_same_cardinality,local_obstruction_before_drift,local_residue_sieve,blocked_unfilled,darmon_granville_ceiling,blocked_unfilled,blocked_unfilled,Z,residue_only,blocked_unfilled,blocked_unfilled,negative_control_passed,Q_503,pass_predefined,45,0,15.3805720414,0.341790489808,blocked_unfilled,control_class=random_root_sets,15.3805720414,local_obstruction_before_drift
rank115_Q503_exact_power_anchor,exact_power_anchor,115,7,7,3,103,231,327794,35221106836282184,327794,503,prime_block_le_503,45,7425387163249856130442960012501049141001305819406163509869875583601074657992881456415943936664692413,229.960829033,984770902183611232881,48.3389407014,0,0,1,327794,168.92174769,48.3389407014,1.00228035324,0.980216911299,1.02847553985,constructed_exact_power_root,6.03565045796,0.333333333333,5.70231712462,C_from_near_power_row_as_positive_control,positive_control_survivor,local_residue_sieve,blocked_unfilled,darmon_granville_ceiling,blocked_unfilled,blocked_unfilled,Z,survivor_kandidat_requires_overlap_check,blocked_unfilled,blocked_unfilled,positive_control_passed,Q_503,pass_predefined,45,3.05069647401e-06,48.3389407014,1.07419868225,blocked_unfilled,control_class=exact_power_anchor,48.3389407014,positive_control_survivor
rank116_Q503_actual_near_miss,actual_near_miss,116,7,7,3,86,227,314453,31093329363837677,314453,503,prime_block_le_503,45,7425387163249856130442960012501049141001305819406163509869875583601074657992881456415943936664692413,229.960829033,1594323,14.2819597527,31,7,0,,203.02027938,14.2819597527,0.994923514041,0.938974451932,1.09516525522,none_visible,6.05546196542,0.333333333333,5.72212863208,existing_near_power_csv,local_obstruction_before_drift,local_residue_sieve,blocked_unfilled,darmon_granville_ceiling,blocked_unfilled,blocked_unfilled,Z,residue_only,blocked_unfilled,blocked_unfilled,under_test,Q_503,pass_predefined,45,0,14.2819597527,0.317376883393,blocked_unfilled,control_class=actual_near_miss,14.2819597527,local_obstruction_before_drift
rank116_Q503_random_root_sets,random_root_sets,116,7,7,3,86,227,314453,31093329363837677,314453,503,prime_block_le_503,45,7425387163249856130442960012501049141001305819406163509869875583601074657992881456415943936664692413,229.960829033,1594323,14.2819597527,31,7,0,,203.02027938,14.2819597527,0.998825446473,0.938974451932,1.09516525522,none_visible,6.05546196542,0.333333333333,5.72212863208,deterministic_seeded_random_sets_same_cardinality,local_obstruction_before_drift,local_residue_sieve,blocked_unfilled,darmon_granville_ceiling,blocked_unfilled,blocked_unfilled,Z,residue_only,blocked_unfilled,blocked_unfilled,negative_control_passed,Q_503,pass_predefined,45,0,14.2819597527,0.317376883393,blocked_unfilled,control_class=random_root_sets,14.2819597527,local_obstruction_before_drift
rank116_Q503_exact_power_anchor,exact_power_anchor,116,7,7,3,86,227,314453,31093329363837677,314453,503,prime_block_le_503,45,7425387163249856130442960012501049141001305819406163509869875583601074657992881456415943936664692413,229.960829033,2954312706550833698643,49.4375529901,0,0,1,314453,167.864686142,49.4375529901,1.004986849,0.997562963835,1.02852996579,constructed_exact_power_root,6.05546196542,0.333333333333,5.72212863208,C_from_near_power_row_as_positive_control,positive_control_survivor,local_residue_sieve,blocked_unfilled,darmon_granville_ceiling,blocked_unfilled,blocked_unfilled,Z,survivor_kandidat_requires_overlap_check,blocked_unfilled,blocked_unfilled,positive_control_passed,Q_503,pass_predefined,45,3.18012548775e-06,49.4375529901,1.09861228867,blocked_unfilled,control_class=exact_power_anchor,49.4375529901,positive_control_survivor
rank117_Q503_actual_near_miss,actual_near_miss,117,7,7,4,74,177,8594,5454832223930896,8594,503,prime_block_le_503,95,31398901067973367931867134116182661800398427494539659144913198607495744580381215857356437160911524359731932107778284285404578948682310117300678465382306156119946455274779322906621879885004896897929424563183835,480.081887144,1099511627776,27.7258872224,61,3,0,,443.297180358,27.7258872224,0.823411197735,0,2.78665347917,none_visible,13.2490189184,0.25,12.9990189184,existing_near_power_csv,local_obstruction_before_drift,local_residue_sieve,blocked_unfilled,darmon_granville_ceiling,blocked_unfilled,blocked_unfilled,Z,residue_only,blocked_unfilled,blocked_unfilled,under_test,Q_503,pass_predefined,95,0,27.7258872224,0.291851444446,blocked_unfilled,control_class=actual_near_miss,27.7258872224,local_obstruction_before_drift
rank117_Q503_random_root_sets,random_root_sets,117,7,7,4,74,177,8594,5454832223930896,8594,503,prime_block_le_503,95,31398901067973367931867134116182661800398427494539659144913198607495744580381215857356437160911524359731932107778284285404578948682310117300678465382306156119946455274779322906621879885004896897929424563183835,480.081887144,1099511627776,27.7258872224,61,3,0,,443.297180358,27.7258872224,1.06501932065,0,5.55486385851,none_visible,13.2490189184,0.25,12.9990189184,deterministic_seeded_random_sets_same_cardinality,local_obstruction_before_drift,local_residue_sieve,blocked_unfilled,darmon_granville_ceiling,blocked_unfilled,blocked_unfilled,Z,residue_only,blocked_unfilled,blocked_unfilled,negative_control_passed,Q_503,pass_predefined,95,0,27.7258872224,0.291851444446,blocked_unfilled,control_class=random_root_sets,27.7258872224,local_obstruction_before_drift
rank117_Q503_exact_power_anchor,exact_power_anchor,117,7,7,4,74,177,8594,5454832223930896,8594,503,prime_block_le_503,95,31398901067973367931867134116182661800398427494539659144913198607495744580381215857356437160911524359731932107778284285404578948682310117300678465382306156119946455274779322906621879885004896897929424563183835,480.081887144,696898287454081973172991196020261297061888,96.3474580978,0,0,1,8594,374.675609482,96.3474580978,1.02919945359,0.926234873167,1.28932976495,constructed_exact_power_root,13.2490189184,0.25,12.9990189184,C_from_near_power_row_as_positive_control,positive_control_survivor,local_residue_sieve,blocked_unfilled,darmon_granville_ceiling,blocked_unfilled,blocked_unfilled,Z,survivor_kandidat_requires_overlap_check,blocked_unfilled,blocked_unfilled,positive_control_passed,Q_503,pass_predefined,95,0.000116360251338,96.3474580978,1.01418376945,blocked_unfilled,control_class=exact_power_anchor,96.3474580978,positive_control_survivor
rank118_Q503_actual_near_miss,actual_near_miss,118,6,7,3,171,179,180830,5913048577787000,180830,503,prime_block_le_503,45,7425387163249856130442960012501049141001305819406163509869875583601074657992881456415943936664692413,229.960829033,2187,7.69028602068,38,7,0,,210.16523037,7.69028602068,0.998714569239,0.978476408167,1.03424149139,none_visible,6.33222882731,0.333333333333,5.99889549397,existing_near_power_csv,local_obstruction_before_drift,local_residue_sieve,blocked_unfilled,darmon_granville_ceiling,blocked_unfilled,blocked_unfilled,Z,residue_only,blocked_unfilled,blocked_unfilled,under_test,Q_503,pass_predefined,45,0,7.69028602068,0.170895244904,blocked_unfilled,control_class=actual_near_miss,7.69028602068,local_obstruction_before_drift
rank118_Q503_random_root_sets,random_root_sets,118,6,7,3,171,179,180830,5913048577787000,180830,503,prime_block_le_503,45,7425387163249856130442960012501049141001305819406163509869875583601074657992881456415943936664692413,229.960829033,2187,7.69028602068,38,7,0,,210.16523037,7.69028602068,0.99645380048,0.978476408167,1.01012430337,none_visible,6.33222882731,0.333333333333,5.99889549397,deterministic_seeded_random_sets_same_cardinality,local_obstruction_before_drift,local_residue_sieve,blocked_unfilled,darmon_granville_ceiling,blocked_unfilled,blocked_unfilled,Z,residue_only,blocked_unfilled,blocked_unfilled,negative_control_passed,Q_503,pass_predefined,45,0,7.69028602068,0.170895244904,blocked_unfilled,control_class=random_root_sets,7.69028602068,local_obstruction_before_drift
rank118_Q503_exact_power_anchor,exact_power_anchor,118,6,7,3,171,179,180830,5913048577787000,180830,503,prime_block_le_503,45,7425387163249856130442960012501049141001305819406163509869875583601074657992881456415943936664692413,229.960829033,984770902183611232881,48.3389407014,0,0,1,180830,169.516575689,48.3389407014,1.00876198947,0.96140758355,1.08514934223,constructed_exact_power_root,6.33222882731,0.333333333333,5.99889549397,C_from_near_power_row_as_positive_control,positive_control_survivor,local_residue_sieve,blocked_unfilled,darmon_granville_ceiling,blocked_unfilled,blocked_unfilled,Z,survivor_kandidat_requires_overlap_check,blocked_unfilled,blocked_unfilled,positive_control_passed,Q_503,pass_predefined,45,5.53005585356e-06,48.3389407014,1.07419868225,blocked_unfilled,control_class=exact_power_anchor,48.3389407014,positive_control_survivor
rank119_Q503_actual_near_miss,actual_near_miss,119,6,7,3,216,191,210857,9374844432292793,210857,503,prime_block_le_503,45,7425387163249856130442960012501049141001305819406163509869875583601074657992881456415943936664692413,229.960829033,1594323,14.2819597527,32,7,0,,203.419933823,14.2819597527,1.00159257485,0.898513631935,1.15250145833,none_visible,6.25287651957,0.333333333333,5.91954318624,existing_near_power_csv,local_obstruction_before_drift,local_residue_sieve,blocked_unfilled,darmon_granville_ceiling,blocked_unfilled,blocked_unfilled,Z,residue_only,blocked_unfilled,blocked_unfilled,under_test,Q_503,pass_predefined,45,0,14.2819597527,0.317376883393,blocked_unfilled,control_class=actual_near_miss,14.2819597527,local_obstruction_before_drift
rank119_Q503_random_root_sets,random_root_sets,119,6,7,3,216,191,210857,9374844432292793,210857,503,prime_block_le_503,45,7425387163249856130442960012501049141001305819406163509869875583601074657992881456415943936664692413,229.960829033,1594323,14.2819597527,32,7,0,,203.419933823,14.2819597527,1.00977672423,0.861095961297,1.15250145833,none_visible,6.25287651957,0.333333333333,5.91954318624,deterministic_seeded_random_sets_same_cardinality,local_obstruction_before_drift,local_residue_sieve,blocked_unfilled,darmon_granville_ceiling,blocked_unfilled,blocked_unfilled,Z,residue_only,blocked_unfilled,blocked_unfilled,negative_control_passed,Q_503,pass_predefined,45,0,14.2819597527,0.317376883393,blocked_unfilled,control_class=random_root_sets,14.2819597527,local_obstruction_before_drift
rank119_Q503_exact_power_anchor,exact_power_anchor,119,6,7,3,216,191,210857,9374844432292793,210857,503,prime_block_le_503,45,7425387163249856130442960012501049141001305819406163509869875583601074657992881456415943936664692413,229.960829033,2954312706550833698643,49.4375529901,0,0,1,210857,168.264340585,49.4375529901,1.00643748554,0.986900021236,1.03216714013,constructed_exact_power_root,6.25287651957,0.333333333333,5.91954318624,C_from_near_power_row_as_positive_control,positive_control_survivor,local_residue_sieve,blocked_unfilled,darmon_granville_ceiling,blocked_unfilled,blocked_unfilled,Z,survivor_kandidat_requires_overlap_check,blocked_unfilled,blocked_unfilled,positive_control_passed,Q_503,pass_predefined,45,4.74255063858e-06,49.4375529901,1.09861228867,blocked_unfilled,control_class=exact_power_anchor,49.4375529901,positive_control_survivor
rank120_Q503_actual_near_miss,actual_near_miss,120,7,7,3,71,174,169130,4837956360497000,169130,503,prime_block_le_503,45,7425387163249856130442960012501049141001305819406163509869875583601074657992881456415943936664692413,229.960829033,59049,10.9861228867,33,13,0,,206.936283217,10.9861228867,0.981906333482,0.7432211908,1.0701110914,none_visible,6.36741291861,0.333333333333,6.03407958528,existing_near_power_csv,local_obstruction_before_drift,local_residue_sieve,blocked_unfilled,darmon_granville_ceiling,blocked_unfilled,blocked_unfilled,Z,residue_only,blocked_unfilled,blocked_unfilled,under_test,Q_503,pass_predefined,45,0,10.9861228867,0.244136064148,blocked_unfilled,control_class=actual_near_miss,10.9861228867,local_obstruction_before_drift
rank120_Q503_random_root_sets,random_root_sets,120,7,7,3,71,174,169130,4837956360497000,169130,503,prime_block_le_503,45,7425387163249856130442960012501049141001305819406163509869875583601074657992881456415943936664692413,229.960829033,59049,10.9861228867,33,13,0,,206.936283217,10.9861228867,1.08030616578,0.98821616508,1.34832968722,none_visible,6.36741291861,0.333333333333,6.03407958528,deterministic_seeded_random_sets_same_cardinality,local_obstruction_before_drift,local_residue_sieve,blocked_unfilled,darmon_granville_ceiling,blocked_unfilled,blocked_unfilled,Z,residue_only,blocked_unfilled,blocked_unfilled,negative_control_passed,Q_503,pass_predefined,45,0,10.9861228867,0.244136064148,blocked_unfilled,control_class=random_root_sets,10.9861228867,local_obstruction_before_drift
rank120_Q503_exact_power_anchor,exact_power_anchor,120,7,7,3,71,174,169130,4837956360497000,169130,503,prime_block_le_503,45,7425387163249856130442960012501049141001305819406163509869875583601074657992881456415943936664692413,229.960829033,984770902183611232881,48.3389407014,0,0,1,169130,169.583465403,48.3389407014,1.00863605357,0.95829440864,1.05100087375,constructed_exact_power_root,6.36741291861,0.333333333333,6.03407958528,C_from_near_power_row_as_positive_control,positive_control_survivor,local_residue_sieve,blocked_unfilled,darmon_granville_ceiling,blocked_unfilled,blocked_unfilled,Z,survivor_kandidat_requires_overlap_check,blocked_unfilled,blocked_unfilled,positive_control_passed,Q_503,pass_predefined,45,5.91261160054e-06,48.3389407014,1.07419868225,blocked_unfilled,control_class=exact_power_anchor,48.3389407014,positive_control_survivor
rank121_Q503_actual_near_miss,actual_near_miss,121,6,6,3,59,178,31698,31848984040392,31698,503,prime_block_le_503,45,7425387163249856130442960012501049141001305819406163509869875583601074657992881456415943936664692413,229.960829033,129140163,18.6764089074,27,7,0,,200.920411259,18.6764089074,1.09668101367,0.448969791294,1.81734564396,none_visible,7.39613509269,0.333333333333,7.06280175935,existing_near_power_csv,local_obstruction_before_drift,local_residue_sieve,blocked_unfilled,darmon_granville_ceiling,blocked_unfilled,blocked_unfilled,Z,residue_only,blocked_unfilled,blocked_unfilled,under_test,Q_503,pass_predefined,45,0,18.6764089074,0.415031309052,blocked_unfilled,control_class=actual_near_miss,18.6764089074,local_obstruction_before_drift
rank121_Q503_random_root_sets,random_root_sets,121,6,6,3,59,178,31698,31848984040392,31698,503,prime_block_le_503,45,7425387163249856130442960012501049141001305819406163509869875583601074657992881456415943936664692413,229.960829033,129140163,18.6764089074,27,7,0,,200.920411259,18.6764089074,1.03007529804,0.36974292104,1.80769554336,none_visible,7.39613509269,0.333333333333,7.06280175935,deterministic_seeded_random_sets_same_cardinality,local_obstruction_before_drift,local_residue_sieve,blocked_unfilled,darmon_granville_ceiling,blocked_unfilled,blocked_unfilled,Z,residue_only,blocked_unfilled,blocked_unfilled,negative_control_passed,Q_503,pass_predefined,45,0,18.6764089074,0.415031309052,blocked_unfilled,control_class=random_root_sets,18.6764089074,local_obstruction_before_drift
rank121_Q503_exact_power_anchor,exact_power_anchor,121,6,6,3,59,178,31698,31848984040392,31698,503,prime_block_le_503,45,7425387163249856130442960012501049141001305819406163509869875583601074657992881456415943936664692413,229.960829033,2954312706550833698643,49.4375529901,0,0,1,31698,170.159267176,49.4375529901,1.0183452981,0.807769154731,1.2530373455,constructed_exact_power_root,7.39613509269,0.333333333333,7.06280175935,C_from_near_power_row_as_positive_control,positive_control_survivor,local_residue_sieve,blocked_unfilled,darmon_granville_ceiling,blocked_unfilled,blocked_unfilled,Z,survivor_kandidat_requires_overlap_check,blocked_unfilled,blocked_unfilled,positive_control_passed,Q_503,pass_predefined,45,3.15477317181e-05,49.4375529901,1.09861228867,blocked_unfilled,control_class=exact_power_anchor,49.4375529901,positive_control_survivor
rank122_Q503_actual_near_miss,actual_near_miss,122,5,7,3,199,105,52051,141022117888651,52051,503,prime_block_le_503,45,7425387163249856130442960012501049141001305819406163509869875583601074657992881456415943936664692413,229.960829033,129140163,18.6764089074,28,7,0,,200.424440839,18.6764089074,1.10045889822,0,2.5695695888,none_visible,7.05835689534,0.333333333333,6.725023562,existing_near_power_csv,local_obstruction_before_drift,local_residue_sieve,blocked_unfilled,darmon_granville_ceiling,blocked_unfilled,blocked_unfilled,Z,residue_only,blocked_unfilled,blocked_unfilled,under_test,Q_503,pass_predefined,45,0,18.6764089074,0.415031309052,blocked_unfilled,control_class=actual_near_miss,18.6764089074,local_obstruction_before_drift
rank122_Q503_random_root_sets,random_root_sets,122,5,7,3,199,105,52051,141022117888651,52051,503,prime_block_le_503,45,7425387163249856130442960012501049141001305819406163509869875583601074657992881456415943936664692413,229.960829033,129140163,18.6764089074,28,7,0,,200.424440839,18.6764089074,1.01137999804,0.756083243144,1.62308334347,none_visible,7.05835689534,0.333333333333,6.725023562,deterministic_seeded_random_sets_same_cardinality,local_obstruction_before_drift,local_residue_sieve,blocked_unfilled,darmon_granville_ceiling,blocked_unfilled,blocked_unfilled,Z,residue_only,blocked_unfilled,blocked_unfilled,negative_control_passed,Q_503,pass_predefined,45,0,18.6764089074,0.415031309052,blocked_unfilled,control_class=random_root_sets,18.6764089074,local_obstruction_before_drift
rank122_Q503_exact_power_anchor,exact_power_anchor,122,5,7,3,199,105,52051,141022117888651,52051,503,prime_block_le_503,45,7425387163249856130442960012501049141001305819406163509869875583601074657992881456415943936664692413,229.960829033,2954312706550833698643,49.4375529901,0,0,1,52051,169.663296757,49.4375529901,1.04117845247,0.94247735661,1.34448265483,constructed_exact_power_root,7.05835689534,0.333333333333,6.725023562,C_from_near_power_row_as_positive_control,positive_control_survivor,local_residue_sieve,blocked_unfilled,darmon_granville_ceiling,blocked_unfilled,blocked_unfilled,Z,survivor_kandidat_requires_overlap_check,blocked_unfilled,blocked_unfilled,positive_control_passed,Q_503,pass_predefined,45,1.92119267641e-05,49.4375529901,1.09861228867,blocked_unfilled,control_class=exact_power_anchor,49.4375529901,positive_control_survivor
rank123_Q503_actual_near_miss,actual_near_miss,123,6,7,3,141,161,141145,2811878131623625,141145,503,prime_block_le_503,45,7425387163249856130442960012501049141001305819406163509869875583601074657992881456415943936664692413,229.960829033,59049,10.9861228867,35,13,0,,207.117163137,10.9861228867,1.02023538529,0.930757573968,1.15701504757,none_visible,6.46454409777,0.333333333333,6.13121076443,existing_near_power_csv,local_obstruction_before_drift,local_residue_sieve,blocked_unfilled,darmon_granville_ceiling,blocked_unfilled,blocked_unfilled,Z,residue_only,blocked_unfilled,blocked_unfilled,under_test,Q_503,pass_predefined,45,0,10.9861228867,0.244136064148,blocked_unfilled,control_class=actual_near_miss,10.9861228867,local_obstruction_before_drift
rank123_Q503_random_root_sets,random_root_sets,123,6,7,3,141,161,141145,2811878131623625,141145,503,prime_block_le_503,45,7425387163249856130442960012501049141001305819406163509869875583601074657992881456415943936664692413,229.960829033,59049,10.9861228867,35,13,0,,207.117163137,10.9861228867,0.992522793083,0.930757573968,1.0435045127,none_visible,6.46454409777,0.333333333333,6.13121076443,deterministic_seeded_random_sets_same_cardinality,local_obstruction_before_drift,local_residue_sieve,blocked_unfilled,darmon_granville_ceiling,blocked_unfilled,blocked_unfilled,Z,residue_only,blocked_unfilled,blocked_unfilled,negative_control_passed,Q_503,pass_predefined,45,0,10.9861228867,0.244136064148,blocked_unfilled,control_class=random_root_sets,10.9861228867,local_obstruction_before_drift
rank123_Q503_exact_power_anchor,exact_power_anchor,123,6,7,3,141,161,141145,2811878131623625,141145,503,prime_block_le_503,45,7425387163249856130442960012501049141001305819406163509869875583601074657992881456415943936664692413,229.960829033,2954312706550833698643,49.4375529901,0,0,1,141145,168.665733033,49.4375529901,1.00726016587,0.967503079969,1.07248810325,constructed_exact_power_root,6.46454409777,0.333333333333,6.13121076443,C_from_near_power_row_as_positive_control,positive_control_survivor,local_residue_sieve,blocked_unfilled,darmon_granville_ceiling,blocked_unfilled,blocked_unfilled,Z,survivor_kandidat_requires_overlap_check,blocked_unfilled,blocked_unfilled,positive_control_passed,Q_503,pass_predefined,45,7.08491267845e-06,49.4375529901,1.09861228867,blocked_unfilled,control_class=exact_power_anchor,49.4375529901,positive_control_survivor
rank124_Q503_actual_near_miss,actual_near_miss,124,7,6,4,64,157,2098,19374117772816,2098,503,prime_block_le_503,95,31398901067973367931867134116182661800398427494539659144913198607495744580381215857356437160911524359731932107778284285404578948682310117300678465382306156119946455274779322906621879885004896897929424563183835,480.081887144,137438953472,25.6464456807,60,3,0,,446.786701675,25.6464456807,0.491904492374,0,4.14960676835,none_visible,15.6915354814,0.25,15.4415354814,existing_near_power_csv,local_obstruction_before_drift,local_residue_sieve,blocked_unfilled,darmon_granville_ceiling,blocked_unfilled,blocked_unfilled,Z,residue_only,blocked_unfilled,blocked_unfilled,under_test,Q_503,pass_predefined,95,0,25.6464456807,0.269962586113,blocked_unfilled,control_class=actual_near_miss,25.6464456807,local_obstruction_before_drift
rank124_Q503_random_root_sets,random_root_sets,124,7,6,4,64,157,2098,19374117772816,2098,503,prime_block_le_503,95,31398901067973367931867134116182661800398427494539659144913198607495744580381215857356437160911524359731932107778284285404578948682310117300678465382306156119946455274779322906621879885004896897929424563183835,480.081887144,137438953472,25.6464456807,60,3,0,,446.786701675,25.6464456807,0.578745630759,0,2.16980457579,none_visible,15.6915354814,0.25,15.4415354814,deterministic_seeded_random_sets_same_cardinality,local_obstruction_before_drift,local_residue_sieve,blocked_unfilled,darmon_granville_ceiling,blocked_unfilled,blocked_unfilled,Z,residue_only,blocked_unfilled,blocked_unfilled,negative_control_passed,Q_503,pass_predefined,95,0,25.6464456807,0.269962586113,blocked_unfilled,control_class=random_root_sets,25.6464456807,local_obstruction_before_drift
rank124_Q503_exact_power_anchor,exact_power_anchor,124,7,6,4,64,157,2098,19374117772816,2098,503,prime_block_le_503,95,31398901067973367931867134116182661800398427494539659144913198607495744580381215857356437160911524359731932107778284285404578948682310117300678465382306156119946455274779322906621879885004896897929424563183835,480.081887144,696898287454081973172991196020261297061888,96.3474580978,0,0,1,2098,376.085689257,96.3474580978,1.10387869399,0.880243088656,1.56267874166,constructed_exact_power_root,15.6915354814,0.25,15.4415354814,C_from_near_power_row_as_positive_control,positive_control_survivor,local_residue_sieve,blocked_unfilled,darmon_granville_ceiling,blocked_unfilled,blocked_unfilled,Z,survivor_kandidat_requires_overlap_check,blocked_unfilled,blocked_unfilled,positive_control_passed,Q_503,pass_predefined,95,0.00047664442326,96.3474580978,1.01418376945,blocked_unfilled,control_class=exact_power_anchor,96.3474580978,positive_control_survivor
rank125_Q503_actual_near_miss,actual_near_miss,125,6,6,4,128,157,2098,19374117772816,2098,503,prime_block_le_503,95,31398901067973367931867134116182661800398427494539659144913198607495744580381215857356437160911524359731932107778284285404578948682310117300678465382306156119946455274779322906621879885004896897929424563183835,480.081887144,137438953472,25.6464456807,60,3,0,,446.786701675,25.6464456807,0.491904492374,0,4.14960676835,none_visible,15.6915354814,0.25,15.4415354814,existing_near_power_csv,local_obstruction_before_drift,local_residue_sieve,blocked_unfilled,darmon_granville_ceiling,blocked_unfilled,blocked_unfilled,Z,residue_only,blocked_unfilled,blocked_unfilled,under_test,Q_503,pass_predefined,95,0,25.6464456807,0.269962586113,blocked_unfilled,control_class=actual_near_miss,25.6464456807,local_obstruction_before_drift
rank125_Q503_random_root_sets,random_root_sets,125,6,6,4,128,157,2098,19374117772816,2098,503,prime_block_le_503,95,31398901067973367931867134116182661800398427494539659144913198607495744580381215857356437160911524359731932107778284285404578948682310117300678465382306156119946455274779322906621879885004896897929424563183835,480.081887144,137438953472,25.6464456807,60,3,0,,446.786701675,25.6464456807,0.329222275183,0,1.33674928503,none_visible,15.6915354814,0.25,15.4415354814,deterministic_seeded_random_sets_same_cardinality,local_obstruction_before_drift,local_residue_sieve,blocked_unfilled,darmon_granville_ceiling,blocked_unfilled,blocked_unfilled,Z,residue_only,blocked_unfilled,blocked_unfilled,negative_control_passed,Q_503,pass_predefined,95,0,25.6464456807,0.269962586113,blocked_unfilled,control_class=random_root_sets,25.6464456807,local_obstruction_before_drift
rank125_Q503_exact_power_anchor,exact_power_anchor,125,6,6,4,128,157,2098,19374117772816,2098,503,prime_block_le_503,95,31398901067973367931867134116182661800398427494539659144913198607495744580381215857356437160911524359731932107778284285404578948682310117300678465382306156119946455274779322906621879885004896897929424563183835,480.081887144,696898287454081973172991196020261297061888,96.3474580978,0,0,1,2098,376.085689257,96.3474580978,1.10387869399,0.880243088656,1.56267874166,constructed_exact_power_root,15.6915354814,0.25,15.4415354814,C_from_near_power_row_as_positive_control,positive_control_survivor,local_residue_sieve,blocked_unfilled,darmon_granville_ceiling,blocked_unfilled,blocked_unfilled,Z,survivor_kandidat_requires_overlap_check,blocked_unfilled,blocked_unfilled,positive_control_passed,Q_503,pass_predefined,95,0.00047664442326,96.3474580978,1.01418376945,blocked_unfilled,control_class=exact_power_anchor,96.3474580978,positive_control_survivor
rank126_Q503_actual_near_miss,actual_near_miss,126,7,7,3,217,246,425757,77176555446273093,425757,503,prime_block_le_503,45,7425387163249856130442960012501049141001305819406163509869875583601074657992881456415943936664692413,229.960829033,387420489,19.775021196,26,37,0,,197.224183797,19.775021196,1.01744807948,0.989765941083,1.15127330065,none_visible,5.91388929669,0.333333333333,5.58055596336,existing_near_power_csv,local_obstruction_before_drift,local_residue_sieve,blocked_unfilled,darmon_granville_ceiling,blocked_unfilled,blocked_unfilled,Z,residue_only,blocked_unfilled,blocked_unfilled,under_test,Q_503,pass_predefined,45,0,19.775021196,0.439444915467,blocked_unfilled,control_class=actual_near_miss,19.775021196,local_obstruction_before_drift
rank126_Q503_random_root_sets,random_root_sets,126,7,7,3,217,246,425757,77176555446273093,425757,503,prime_block_le_503,45,7425387163249856130442960012501049141001305819406163509869875583601074657992881456415943936664692413,229.960829033,387420489,19.775021196,26,37,0,,197.224183797,19.775021196,1.00124141989,0.974964853452,1.08529983065,none_visible,5.91388929669,0.333333333333,5.58055596336,deterministic_seeded_random_sets_same_cardinality,local_obstruction_before_drift,local_residue_sieve,blocked_unfilled,darmon_granville_ceiling,blocked_unfilled,blocked_unfilled,Z,residue_only,blocked_unfilled,blocked_unfilled,negative_control_passed,Q_503,pass_predefined,45,0,19.775021196,0.439444915467,blocked_unfilled,control_class=random_root_sets,19.775021196,local_obstruction_before_drift
rank126_Q503_exact_power_anchor,exact_power_anchor,126,7,7,3,217,246,425757,77176555446273093,425757,503,prime_block_le_503,45,7425387163249856130442960012501049141001305819406163509869875583601074657992881456415943936664692413,229.960829033,984770902183611232881,48.3389407014,0,0,1,425757,168.660264292,48.3389407014,1.00436545964,0.999111125726,1.0188268582,constructed_exact_power_root,5.91388929669,0.333333333333,5.58055596336,C_from_near_power_row_as_positive_control,positive_control_survivor,local_residue_sieve,blocked_unfilled,darmon_granville_ceiling,blocked_unfilled,blocked_unfilled,Z,survivor_kandidat_requires_overlap_check,blocked_unfilled,blocked_unfilled,positive_control_passed,Q_503,pass_predefined,45,2.34875762465e-06,48.3389407014,1.07419868225,blocked_unfilled,control_class=exact_power_anchor,48.3389407014,positive_control_survivor
rank127_Q503_actual_near_miss,actual_near_miss,127,5,7,3,197,81,28510,23173501051000,28510,503,prime_block_le_503,45,7425387163249856130442960012501049141001305819406163509869875583601074657992881456415943936664692413,229.960829033,6561,8.78889830934,37,7,0,,210.913920542,8.78889830934,1.1529900397,0.934015355236,1.6894851709,none_visible,7.47256127829,0.333333333333,7.13922794496,existing_near_power_csv,local_obstruction_before_drift,local_residue_sieve,blocked_unfilled,darmon_granville_ceiling,blocked_unfilled,blocked_unfilled,Z,residue_only,blocked_unfilled,blocked_unfilled,under_test,Q_503,pass_predefined,45,0,8.78889830934,0.195308851319,blocked_unfilled,control_class=actual_near_miss,8.78889830934,local_obstruction_before_drift
rank127_Q503_random_root_sets,random_root_sets,127,5,7,3,197,81,28510,23173501051000,28510,503,prime_block_le_503,45,7425387163249856130442960012501049141001305819406163509869875583601074657992881456415943936664692413,229.960829033,6561,8.78889830934,37,7,0,,210.913920542,8.78889830934,1.07749884474,0.961327409486,1.35158813672,none_visible,7.47256127829,0.333333333333,7.13922794496,deterministic_seeded_random_sets_same_cardinality,local_obstruction_before_drift,local_residue_sieve,blocked_unfilled,darmon_granville_ceiling,blocked_unfilled,blocked_unfilled,Z,residue_only,blocked_unfilled,blocked_unfilled,negative_control_passed,Q_503,pass_predefined,45,0,8.78889830934,0.195308851319,blocked_unfilled,control_class=random_root_sets,8.78889830934,local_obstruction_before_drift
rank127_Q503_exact_power_anchor,exact_power_anchor,127,5,7,3,197,81,28510,23173501051000,28510,503,prime_block_le_503,45,7425387163249856130442960012501049141001305819406163509869875583601074657992881456415943936664692413,229.960829033,2954312706550833698643,49.4375529901,0,0,1,28510,170.265265861,49.4375529901,1.03205990101,0.860345297946,1.22528937215,constructed_exact_power_root,7.47256127829,0.333333333333,7.13922794496,C_from_near_power_row_as_positive_control,positive_control_survivor,local_residue_sieve,blocked_unfilled,darmon_granville_ceiling,blocked_unfilled,blocked_unfilled,Z,survivor_kandidat_requires_overlap_check,blocked_unfilled,blocked_unfilled,positive_control_passed,Q_503,pass_predefined,45,3.50754121361e-05,49.4375529901,1.09861228867,blocked_unfilled,control_class=exact_power_anchor,49.4375529901,positive_control_survivor
rank128_Q503_actual_near_miss,actual_near_miss,128,6,6,3,127,244,59928,215223332746752,59928,503,prime_block_le_503,45,7425387163249856130442960012501049141001305819406163509869875583601074657992881456415943936664692413,229.960829033,177147,12.0847351753,31,7,0,,206.875194737,12.0847351753,0.987222273566,0,1.69123689168,none_visible,6.96794042352,0.333333333333,6.63460709018,existing_near_power_csv,local_obstruction_before_drift,local_residue_sieve,blocked_unfilled,darmon_granville_ceiling,blocked_unfilled,blocked_unfilled,Z,residue_only,blocked_unfilled,blocked_unfilled,under_test,Q_503,pass_predefined,45,0,12.0847351753,0.268549670563,blocked_unfilled,control_class=actual_near_miss,12.0847351753,local_obstruction_before_drift
rank128_Q503_random_root_sets,random_root_sets,128,6,6,3,127,244,59928,215223332746752,59928,503,prime_block_le_503,45,7425387163249856130442960012501049141001305819406163509869875583601074657992881456415943936664692413,229.960829033,177147,12.0847351753,31,7,0,,206.875194737,12.0847351753,1.0584286614,0.797898218603,1.80631201887,none_visible,6.96794042352,0.333333333333,6.63460709018,deterministic_seeded_random_sets_same_cardinality,local_obstruction_before_drift,local_residue_sieve,blocked_unfilled,darmon_granville_ceiling,blocked_unfilled,blocked_unfilled,Z,residue_only,blocked_unfilled,blocked_unfilled,negative_control_passed,Q_503,pass_predefined,45,0,12.0847351753,0.268549670563,blocked_unfilled,control_class=random_root_sets,12.0847351753,local_obstruction_before_drift
rank128_Q503_exact_power_anchor,exact_power_anchor,128,6,6,3,127,244,59928,215223332746752,59928,503,prime_block_le_503,45,7425387163249856130442960012501049141001305819406163509869875583601074657992881456415943936664692413,229.960829033,2954312706550833698643,49.4375529901,0,0,1,59928,169.522376922,49.4375529901,1.00593343185,0.925723831561,1.08009055311,constructed_exact_power_root,6.96794042352,0.333333333333,6.63460709018,C_from_near_power_row_as_positive_control,positive_control_survivor,local_residue_sieve,blocked_unfilled,darmon_granville_ceiling,blocked_unfilled,blocked_unfilled,Z,survivor_kandidat_requires_overlap_check,blocked_unfilled,blocked_unfilled,positive_control_passed,Q_503,pass_predefined,45,1.66866906955e-05,49.4375529901,1.09861228867,blocked_unfilled,control_class=exact_power_anchor,49.4375529901,positive_control_survivor
rank129_Q503_actual_near_miss,actual_near_miss,129,6,7,3,167,198,228638,11952128053790072,228638,503,prime_block_le_503,45,7425387163249856130442960012501049141001305819406163509869875583601074657992881456415943936664692413,229.960829033,43046721,17.5777966187,27,7,0,,200.043137168,17.5777966187,0.995464417394,0.802400398106,1.12039993352,none_visible,6.21185254421,0.333333333333,5.87851921088,existing_near_power_csv,local_obstruction_before_drift,local_residue_sieve,blocked_unfilled,darmon_granville_ceiling,blocked_unfilled,blocked_unfilled,Z,residue_only,blocked_unfilled,blocked_unfilled,under_test,Q_503,pass_predefined,45,0,17.5777966187,0.390617702638,blocked_unfilled,control_class=actual_near_miss,17.5777966187,local_obstruction_before_drift
rank129_Q503_random_root_sets,random_root_sets,129,6,7,3,167,198,228638,11952128053790072,228638,503,prime_block_le_503,45,7425387163249856130442960012501049141001305819406163509869875583601074657992881456415943936664692413,229.960829033,43046721,17.5777966187,27,7,0,,200.043137168,17.5777966187,1.02603484791,0.836786147146,1.32883276912,none_visible,6.21185254421,0.333333333333,5.87851921088,deterministic_seeded_random_sets_same_cardinality,local_obstruction_before_drift,local_residue_sieve,blocked_unfilled,darmon_granville_ceiling,blocked_unfilled,blocked_unfilled,Z,residue_only,blocked_unfilled,blocked_unfilled,negative_control_passed,Q_503,pass_predefined,45,0,17.5777966187,0.390617702638,blocked_unfilled,control_class=random_root_sets,17.5777966187,local_obstruction_before_drift
rank129_Q503_exact_power_anchor,exact_power_anchor,129,6,7,3,167,198,228638,11952128053790072,228638,503,prime_block_le_503,45,7425387163249856130442960012501049141001305819406163509869875583601074657992881456415943936664692413,229.960829033,2954312706550833698643,49.4375529901,0,0,1,228638,168.183380797,49.4375529901,1.00491137049,0.989225568609,1.06107957169,constructed_exact_power_root,6.21185254421,0.333333333333,5.87851921088,C_from_near_power_row_as_positive_control,positive_control_survivor,local_residue_sieve,blocked_unfilled,darmon_granville_ceiling,blocked_unfilled,blocked_unfilled,Z,survivor_kandidat_requires_overlap_check,blocked_unfilled,blocked_unfilled,positive_control_passed,Q_503,pass_predefined,45,4.37372615226e-06,49.4375529901,1.09861228867,blocked_unfilled,control_class=exact_power_anchor,49.4375529901,positive_control_survivor
rank130_Q503_actual_near_miss,actual_near_miss,130,7,7,3,103,238,351364,43378226058516544,351364,503,prime_block_le_503,45,7425387163249856130442960012501049141001305819406163509869875583601074657992881456415943936664692413,229.960829033,19683,9.88751059801,34,7,0,,207.303740433,9.88751059801,1.00514493359,0.982905034222,1.05060848579,none_visible,6.00283029438,0.333333333333,5.66949696105,existing_near_power_csv,local_obstruction_before_drift,local_residue_sieve,blocked_unfilled,darmon_granville_ceiling,blocked_unfilled,blocked_unfilled,Z,residue_only,blocked_unfilled,blocked_unfilled,under_test,Q_503,pass_predefined,45,0,9.88751059801,0.219722457734,blocked_unfilled,control_class=actual_near_miss,9.88751059801,local_obstruction_before_drift
rank130_Q503_random_root_sets,random_root_sets,130,7,7,3,103,238,351364,43378226058516544,351364,503,prime_block_le_503,45,7425387163249856130442960012501049141001305819406163509869875583601074657992881456415943936664692413,229.960829033,19683,9.88751059801,34,7,0,,207.303740433,9.88751059801,0.985111546241,0.875507071489,1.08320146629,none_visible,6.00283029438,0.333333333333,5.66949696105,deterministic_seeded_random_sets_same_cardinality,local_obstruction_before_drift,local_residue_sieve,blocked_unfilled,darmon_granville_ceiling,blocked_unfilled,blocked_unfilled,Z,residue_only,blocked_unfilled,blocked_unfilled,negative_control_passed,Q_503,pass_predefined,45,0,9.88751059801,0.219722457734,blocked_unfilled,control_class=random_root_sets,9.88751059801,local_obstruction_before_drift
rank130_Q503_exact_power_anchor,exact_power_anchor,130,7,7,3,103,238,351364,43378226058516544,351364,503,prime_block_le_503,45,7425387163249856130442960012501049141001305819406163509869875583601074657992881456415943936664692413,229.960829033,984770902183611232881,48.3389407014,0,0,1,351364,168.852310329,48.3389407014,1.00174650052,0.985077520115,1.02968589712,constructed_exact_power_root,6.00283029438,0.333333333333,5.66949696105,C_from_near_power_row_as_positive_control,positive_control_survivor,local_residue_sieve,blocked_unfilled,darmon_granville_ceiling,blocked_unfilled,blocked_unfilled,Z,survivor_kandidat_requires_overlap_check,blocked_unfilled,blocked_unfilled,positive_control_passed,Q_503,pass_predefined,45,2.8460513883e-06,48.3389407014,1.07419868225,blocked_unfilled,control_class=exact_power_anchor,48.3389407014,positive_control_survivor
rank131_Q503_actual_near_miss,actual_near_miss,131,6,7,3,227,192,213672,9755349769640448,213672,503,prime_block_le_503,45,7425387163249856130442960012501049141001305819406163509869875583601074657992881456415943936664692413,229.960829033,3486784401,21.9722457734,25,7,0,,195.716385852,21.9722457734,0.978596806517,0.816490800022,1.03542969286,none_visible,6.24611934845,0.333333333333,5.91278601512,existing_near_power_csv,local_obstruction_before_drift,local_residue_sieve,blocked_unfilled,darmon_granville_ceiling,blocked_unfilled,blocked_unfilled,Z,residue_only,blocked_unfilled,blocked_unfilled,under_test,Q_503,pass_predefined,45,0,21.9722457734,0.488272128297,blocked_unfilled,control_class=actual_near_miss,21.9722457734,local_obstruction_before_drift
rank131_Q503_random_root_sets,random_root_sets,131,6,7,3,227,192,213672,9755349769640448,213672,503,prime_block_le_503,45,7425387163249856130442960012501049141001305819406163509869875583601074657992881456415943936664692413,229.960829033,3486784401,21.9722457734,25,7,0,,195.716385852,21.9722457734,0.997208242222,0.840311318282,1.14758081962,none_visible,6.24611934845,0.333333333333,5.91278601512,deterministic_seeded_random_sets_same_cardinality,local_obstruction_before_drift,local_residue_sieve,blocked_unfilled,darmon_granville_ceiling,blocked_unfilled,blocked_unfilled,Z,residue_only,blocked_unfilled,blocked_unfilled,negative_control_passed,Q_503,pass_predefined,45,0,21.9722457734,0.488272128297,blocked_unfilled,control_class=random_root_sets,21.9722457734,local_obstruction_before_drift
rank131_Q503_exact_power_anchor,exact_power_anchor,131,6,7,3,227,192,213672,9755349769640448,213672,503,prime_block_le_503,45,7425387163249856130442960012501049141001305819406163509869875583601074657992881456415943936664692413,229.960829033,984770902183611232881,48.3389407014,0,0,1,213672,169.349690924,48.3389407014,1.0101754047,0.975756195373,1.0765888319,constructed_exact_power_root,6.24611934845,0.333333333333,5.91278601512,C_from_near_power_row_as_positive_control,positive_control_survivor,local_residue_sieve,blocked_unfilled,darmon_granville_ceiling,blocked_unfilled,blocked_unfilled,Z,survivor_kandidat_requires_overlap_check,blocked_unfilled,blocked_unfilled,positive_control_passed,Q_503,pass_predefined,45,4.68007038826e-06,48.3389407014,1.07419868225,blocked_unfilled,control_class=exact_power_anchor,48.3389407014,positive_control_survivor
rank132_Q503_actual_near_miss,actual_near_miss,132,5,6,4,172,149,1825,11093062890625,1825,503,prime_block_le_503,95,31398901067973367931867134116182661800398427494539659144913198607495744580381215857356437160911524359731932107778284285404578948682310117300678465382306156119946455274779322906621879885004896897929424563183835,480.081887144,274877906944,26.3395928613,65,3,0,,446.232959017,26.3395928613,1.70872859589,0,7.64020547945,none_visible,15.9828357017,0.25,15.7328357017,existing_near_power_csv,local_obstruction_before_drift,local_residue_sieve,blocked_unfilled,darmon_granville_ceiling,blocked_unfilled,blocked_unfilled,Z,residue_only,blocked_unfilled,blocked_unfilled,under_test,Q_503,pass_predefined,95,0,26.3395928613,0.277258872224,blocked_unfilled,control_class=actual_near_miss,26.3395928613,local_obstruction_before_drift
rank132_Q503_random_root_sets,random_root_sets,132,5,6,4,172,149,1825,11093062890625,1825,503,prime_block_le_503,95,31398901067973367931867134116182661800398427494539659144913198607495744580381215857356437160911524359731932107778284285404578948682310117300678465382306156119946455274779322906621879885004896897929424563183835,480.081887144,274877906944,26.3395928613,65,3,0,,446.232959017,26.3395928613,1.17245576484,0,6.64267123288,none_visible,15.9828357017,0.25,15.7328357017,deterministic_seeded_random_sets_same_cardinality,local_obstruction_before_drift,local_residue_sieve,blocked_unfilled,darmon_granville_ceiling,blocked_unfilled,blocked_unfilled,Z,residue_only,blocked_unfilled,blocked_unfilled,negative_control_passed,Q_503,pass_predefined,95,0,26.3395928613,0.277258872224,blocked_unfilled,control_class=random_root_sets,26.3395928613,local_obstruction_before_drift
rank132_Q503_exact_power_anchor,exact_power_anchor,132,5,6,4,172,149,1825,11093062890625,1825,503,prime_block_le_503,95,31398901067973367931867134116182661800398427494539659144913198607495744580381215857356437160911524359731932107778284285404578948682310117300678465382306156119946455274779322906621879885004896897929424563183835,480.081887144,43556142965880123323311949751266331066368,93.5748693756,0,0,1,1825,378.997682503,93.5748693756,1.12985159817,0.67102739726,1.79643835616,constructed_exact_power_root,15.9828357017,0.25,15.7328357017,C_from_near_power_row_as_positive_control,positive_control_survivor,local_residue_sieve,blocked_unfilled,darmon_granville_ceiling,blocked_unfilled,blocked_unfilled,Z,survivor_kandidat_requires_overlap_check,blocked_unfilled,blocked_unfilled,positive_control_passed,Q_503,pass_predefined,95,0.000547945205479,93.5748693756,0.984998625006,blocked_unfilled,control_class=exact_power_anchor,93.5748693756,positive_control_survivor
rank133_Q503_actual_near_miss,actual_near_miss,133,6,7,3,233,225,308473,29352930847419817,308473,503,prime_block_le_503,45,7425387163249856130442960012501049141001305819406163509869875583601074657992881456415943936664692413,229.960829033,14348907,16.47918433,30,7,0,,200.842255105,16.47918433,0.981988905,0.73513006901,1.01673296096,none_visible,6.06466072446,0.333333333333,5.73132739113,existing_near_power_csv,local_obstruction_before_drift,local_residue_sieve,blocked_unfilled,darmon_granville_ceiling,blocked_unfilled,blocked_unfilled,Z,residue_only,blocked_unfilled,blocked_unfilled,under_test,Q_503,pass_predefined,45,0,16.47918433,0.366204096223,blocked_unfilled,control_class=actual_near_miss,16.47918433,local_obstruction_before_drift
rank133_Q503_random_root_sets,random_root_sets,133,6,7,3,233,225,308473,29352930847419817,308473,503,prime_block_le_503,45,7425387163249856130442960012501049141001305819406163509869875583601074657992881456415943936664692413,229.960829033,14348907,16.47918433,30,7,0,,200.842255105,16.47918433,0.992178523612,0.882156082812,1.05088938092,none_visible,6.06466072446,0.333333333333,5.73132739113,deterministic_seeded_random_sets_same_cardinality,local_obstruction_before_drift,local_residue_sieve,blocked_unfilled,darmon_granville_ceiling,blocked_unfilled,blocked_unfilled,Z,residue_only,blocked_unfilled,blocked_unfilled,negative_control_passed,Q_503,pass_predefined,45,0,16.47918433,0.366204096223,blocked_unfilled,control_class=random_root_sets,16.47918433,local_obstruction_before_drift
rank133_Q503_exact_power_anchor,exact_power_anchor,133,6,7,3,233,225,308473,29352930847419817,308473,503,prime_block_le_503,45,7425387163249856130442960012501049141001305819406163509869875583601074657992881456415943936664692413,229.960829033,2954312706550833698643,49.4375529901,0,0,1,308473,167.883886445,49.4375529901,1.00634454351,0.968873198699,1.0734618589,constructed_exact_power_root,6.06466072446,0.333333333333,5.73132739113,C_from_near_power_row_as_positive_control,positive_control_survivor,local_residue_sieve,blocked_unfilled,darmon_granville_ceiling,blocked_unfilled,blocked_unfilled,Z,survivor_kandidat_requires_overlap_check,blocked_unfilled,blocked_unfilled,positive_control_passed,Q_503,pass_predefined,45,3.24177480687e-06,49.4375529901,1.09861228867,blocked_unfilled,control_class=exact_power_anchor,49.4375529901,positive_control_survivor
rank134_Q503_actual_near_miss,actual_near_miss,134,6,7,3,241,229,321469,33221351612604709,321469,503,prime_block_le_503,45,7425387163249856130442960012501049141001305819406163509869875583601074657992881456415943936664692413,229.960829033,3486784401,21.9722457734,25,13,0,,195.307926865,21.9722457734,0.980977293219,0.755945363317,1.12961505533,none_visible,6.04492443372,0.333333333333,5.71159110038,existing_near_power_csv,local_obstruction_before_drift,local_residue_sieve,blocked_unfilled,darmon_granville_ceiling,blocked_unfilled,blocked_unfilled,Z,residue_only,blocked_unfilled,blocked_unfilled,under_test,Q_503,pass_predefined,45,0,21.9722457734,0.488272128297,blocked_unfilled,control_class=actual_near_miss,21.9722457734,local_obstruction_before_drift
rank134_Q503_random_root_sets,random_root_sets,134,6,7,3,241,229,321469,33221351612604709,321469,503,prime_block_le_503,45,7425387163249856130442960012501049141001305819406163509869875583601074657992881456415943936664692413,229.960829033,3486784401,21.9722457734,25,13,0,,195.307926865,21.9722457734,1.01029591878,0.912381390844,1.1292237959,none_visible,6.04492443372,0.333333333333,5.71159110038,deterministic_seeded_random_sets_same_cardinality,local_obstruction_before_drift,local_residue_sieve,blocked_unfilled,darmon_granville_ceiling,blocked_unfilled,blocked_unfilled,Z,residue_only,blocked_unfilled,blocked_unfilled,negative_control_passed,Q_503,pass_predefined,45,0,21.9722457734,0.488272128297,blocked_unfilled,control_class=random_root_sets,21.9722457734,local_obstruction_before_drift
rank134_Q503_exact_power_anchor,exact_power_anchor,134,6,7,3,241,229,321469,33221351612604709,321469,503,prime_block_le_503,45,7425387163249856130442960012501049141001305819406163509869875583601074657992881456415943936664692413,229.960829033,2954312706550833698643,49.4375529901,0,0,1,321469,167.842619648,49.4375529901,1.00173297339,0.972363673567,1.03006510737,constructed_exact_power_root,6.04492443372,0.333333333333,5.71159110038,C_from_near_power_row_as_positive_control,positive_control_survivor,local_residue_sieve,blocked_unfilled,darmon_granville_ceiling,blocked_unfilled,blocked_unfilled,Z,survivor_kandidat_requires_overlap_check,blocked_unfilled,blocked_unfilled,positive_control_passed,Q_503,pass_predefined,45,3.11071985168e-06,49.4375529901,1.09861228867,blocked_unfilled,control_class=exact_power_anchor,49.4375529901,positive_control_survivor
rank135_Q503_actual_near_miss,actual_near_miss,135,6,7,3,187,230,324250,34091016765625000,324250,503,prime_block_le_503,45,7425387163249856130442960012501049141001305819406163509869875583601074657992881456415943936664692413,229.960829033,43046721,17.5777966187,28,19,0,,199.693762312,17.5777966187,1.00852921271,0.981376852566,1.04821348411,none_visible,6.04082102914,0.333333333333,5.7074876958,existing_near_power_csv,local_obstruction_before_drift,local_residue_sieve,blocked_unfilled,darmon_granville_ceiling,blocked_unfilled,blocked_unfilled,Z,residue_only,blocked_unfilled,blocked_unfilled,under_test,Q_503,pass_predefined,45,0,17.5777966187,0.390617702638,blocked_unfilled,control_class=actual_near_miss,17.5777966187,local_obstruction_before_drift
rank135_Q503_random_root_sets,random_root_sets,135,6,7,3,187,230,324250,34091016765625000,324250,503,prime_block_le_503,45,7425387163249856130442960012501049141001305819406163509869875583601074657992881456415943936664692413,229.960829033,43046721,17.5777966187,28,19,0,,199.693762312,17.5777966187,1.00577570033,0.981376852566,1.04905474171,none_visible,6.04082102914,0.333333333333,5.7074876958,deterministic_seeded_random_sets_same_cardinality,local_obstruction_before_drift,local_residue_sieve,blocked_unfilled,darmon_granville_ceiling,blocked_unfilled,blocked_unfilled,Z,residue_only,blocked_unfilled,blocked_unfilled,negative_control_passed,Q_503,pass_predefined,45,0,17.5777966187,0.390617702638,blocked_unfilled,control_class=random_root_sets,17.5777966187,local_obstruction_before_drift
rank135_Q503_exact_power_anchor,exact_power_anchor,135,6,7,3,187,230,324250,34091016765625000,324250,503,prime_block_le_503,45,7425387163249856130442960012501049141001305819406163509869875583601074657992881456415943936664692413,229.960829033,2954312706550833698643,49.4375529901,0,0,1,324250,167.834005941,49.4375529901,1.00029842371,0.979954424741,1.01579336931,constructed_exact_power_root,6.04082102914,0.333333333333,5.7074876958,C_from_near_power_row_as_positive_control,positive_control_survivor,local_residue_sieve,blocked_unfilled,darmon_granville_ceiling,blocked_unfilled,blocked_unfilled,Z,survivor_kandidat_requires_overlap_check,blocked_unfilled,blocked_unfilled,positive_control_passed,Q_503,pass_predefined,45,3.08404009252e-06,49.4375529901,1.09861228867,blocked_unfilled,control_class=exact_power_anchor,49.4375529901,positive_control_survivor
rank136_Q503_actual_near_miss,actual_near_miss,136,5,6,3,207,164,27070,19836487243000,27070,503,prime_block_le_503,45,7425387163249856130442960012501049141001305819406163509869875583601074657992881456415943936664692413,229.960829033,177147,12.0847351753,34,7,0,,207.669912475,12.0847351753,0.813036571851,0,1.53011944342,none_visible,7.51050826985,0.333333333333,7.17717493651,existing_near_power_csv,local_obstruction_before_drift,local_residue_sieve,blocked_unfilled,darmon_granville_ceiling,blocked_unfilled,blocked_unfilled,Z,residue_only,blocked_unfilled,blocked_unfilled,under_test,Q_503,pass_predefined,45,0,12.0847351753,0.268549670563,blocked_unfilled,control_class=actual_near_miss,12.0847351753,local_obstruction_before_drift
rank136_Q503_random_root_sets,random_root_sets,136,5,6,3,207,164,27070,19836487243000,27070,503,prime_block_le_503,45,7425387163249856130442960012501049141001305819406163509869875583601074657992881456415943936664692413,229.960829033,177147,12.0847351753,34,7,0,,207.669912475,12.0847351753,1.05909534951,0.793576324755,1.99493494233,none_visible,7.51050826985,0.333333333333,7.17717493651,deterministic_seeded_random_sets_same_cardinality,local_obstruction_before_drift,local_residue_sieve,blocked_unfilled,darmon_granville_ceiling,blocked_unfilled,blocked_unfilled,Z,residue_only,blocked_unfilled,blocked_unfilled,negative_control_passed,Q_503,pass_predefined,45,0,12.0847351753,0.268549670563,blocked_unfilled,control_class=random_root_sets,12.0847351753,local_obstruction_before_drift
rank136_Q503_exact_power_anchor,exact_power_anchor,136,5,6,3,207,164,27070,19836487243000,27070,503,prime_block_le_503,45,7425387163249856130442960012501049141001305819406163509869875583601074657992881456415943936664692413,229.960829033,2954312706550833698643,49.4375529901,0,0,1,27070,170.31709466,49.4375529901,1.06667624403,0.860312769363,1.55112670853,constructed_exact_power_root,7.51050826985,0.333333333333,7.17717493651,C_from_near_power_row_as_positive_control,positive_control_survivor,local_residue_sieve,blocked_unfilled,darmon_granville_ceiling,blocked_unfilled,blocked_unfilled,Z,survivor_kandidat_requires_overlap_check,blocked_unfilled,blocked_unfilled,positive_control_passed,Q_503,pass_predefined,45,3.69412633912e-05,49.4375529901,1.09861228867,blocked_unfilled,control_class=exact_power_anchor,49.4375529901,positive_control_survivor
rank137_Q503_actual_near_miss,actual_near_miss,137,6,7,3,222,125,84181,596543669701741,84181,503,prime_block_le_503,45,7425387163249856130442960012501049141001305819406163509869875583601074657992881456415943936664692413,229.960829033,531441,13.183347464,31,13,0,,205.436757047,13.183347464,1.04200949988,0.761838577985,1.20915118086,none_visible,6.75914572582,0.333333333333,6.42581239249,existing_near_power_csv,local_obstruction_before_drift,local_residue_sieve,blocked_unfilled,darmon_granville_ceiling,blocked_unfilled,blocked_unfilled,Z,residue_only,blocked_unfilled,blocked_unfilled,under_test,Q_503,pass_predefined,45,0,13.183347464,0.292963276978,blocked_unfilled,control_class=actual_near_miss,13.183347464,local_obstruction_before_drift
rank137_Q503_random_root_sets,random_root_sets,137,6,7,3,222,125,84181,596543669701741,84181,503,prime_block_le_503,45,7425387163249856130442960012501049141001305819406163509869875583601074657992881456415943936664692413,229.960829033,531441,13.183347464,31,13,0,,205.436757047,13.183347464,0.917616162244,0.297614003688,1.24361395881,none_visible,6.75914572582,0.333333333333,6.42581239249,deterministic_seeded_random_sets_same_cardinality,local_obstruction_before_drift,local_residue_sieve,blocked_unfilled,darmon_granville_ceiling,blocked_unfilled,blocked_unfilled,Z,residue_only,blocked_unfilled,blocked_unfilled,negative_control_passed,Q_503,pass_predefined,45,0,13.183347464,0.292963276978,blocked_unfilled,control_class=random_root_sets,13.183347464,local_obstruction_before_drift
rank137_Q503_exact_power_anchor,exact_power_anchor,137,6,7,3,222,125,84181,596543669701741,84181,503,prime_block_le_503,45,7425387163249856130442960012501049141001305819406163509869875583601074657992881456415943936664692413,229.960829033,2954312706550833698643,49.4375529901,0,0,1,84181,169.182551521,49.4375529901,1.01662016194,0.9795546369,1.09266540748,constructed_exact_power_root,6.75914572582,0.333333333333,6.42581239249,C_from_near_power_row_as_positive_control,positive_control_survivor,local_residue_sieve,blocked_unfilled,darmon_granville_ceiling,blocked_unfilled,blocked_unfilled,Z,survivor_kandidat_requires_overlap_check,blocked_unfilled,blocked_unfilled,positive_control_passed,Q_503,pass_predefined,45,1.18791651323e-05,49.4375529901,1.09861228867,blocked_unfilled,control_class=exact_power_anchor,49.4375529901,positive_control_survivor
rank138_Q503_actual_near_miss,actual_near_miss,138,6,7,3,243,188,204134,8506404623478104,204134,503,prime_block_le_503,45,7425387163249856130442960012501049141001305819406163509869875583601074657992881456415943936664692413,229.960829033,4782969,15.3805720414,30,19,0,,202.353725072,15.3805720414,0.994710446188,0.833168408986,1.0731235365,none_visible,6.26944829324,0.333333333333,5.93611495991,existing_near_power_csv,local_obstruction_before_drift,local_residue_sieve,blocked_unfilled,darmon_granville_ceiling,blocked_unfilled,blocked_unfilled,Z,residue_only,blocked_unfilled,blocked_unfilled,under_test,Q_503,pass_predefined,45,0,15.3805720414,0.341790489808,blocked_unfilled,control_class=actual_near_miss,15.3805720414,local_obstruction_before_drift
rank138_Q503_random_root_sets,random_root_sets,138,6,7,3,243,188,204134,8506404623478104,204134,503,prime_block_le_503,45,7425387163249856130442960012501049141001305819406163509869875583601074657992881456415943936664692413,229.960829033,4782969,15.3805720414,30,19,0,,202.353725072,15.3805720414,1.01887384586,0.953887588,1.14382491675,none_visible,6.26944829324,0.333333333333,5.93611495991,deterministic_seeded_random_sets_same_cardinality,local_obstruction_before_drift,local_residue_sieve,blocked_unfilled,darmon_granville_ceiling,blocked_unfilled,blocked_unfilled,Z,residue_only,blocked_unfilled,blocked_unfilled,negative_control_passed,Q_503,pass_predefined,45,0,15.3805720414,0.341790489808,blocked_unfilled,control_class=random_root_sets,15.3805720414,local_obstruction_before_drift
rank138_Q503_exact_power_anchor,exact_power_anchor,138,6,7,3,243,188,204134,8506404623478104,204134,503,prime_block_le_503,45,7425387163249856130442960012501049141001305819406163509869875583601074657992881456415943936664692413,229.960829033,984770902183611232881,48.3389407014,0,0,1,204134,169.395356412,48.3389407014,1.00319892453,0.961268360761,1.05005807732,constructed_exact_power_root,6.26944829324,0.333333333333,5.93611495991,C_from_near_power_row_as_positive_control,positive_control_survivor,local_residue_sieve,blocked_unfilled,darmon_granville_ceiling,blocked_unfilled,blocked_unfilled,Z,survivor_kandidat_requires_overlap_check,blocked_unfilled,blocked_unfilled,positive_control_passed,Q_503,pass_predefined,45,4.89874298255e-06,48.3389407014,1.07419868225,blocked_unfilled,control_class=exact_power_anchor,48.3389407014,positive_control_survivor
rank139_Q503_actual_near_miss,actual_near_miss,139,6,7,3,208,203,242650,14286994809625000,242650,503,prime_block_le_503,45,7425387163249856130442960012501049141001305819406163509869875583601074657992881456415943936664692413,229.960829033,1594323,14.2819597527,32,31,0,,203.279493925,14.2819597527,1.00078157077,0.872000824232,1.18966275156,none_visible,6.18205413451,0.333333333333,5.84872080117,existing_near_power_csv,local_obstruction_before_drift,local_residue_sieve,blocked_unfilled,darmon_granville_ceiling,blocked_unfilled,blocked_unfilled,Z,residue_only,blocked_unfilled,blocked_unfilled,under_test,Q_503,pass_predefined,45,0,14.2819597527,0.317376883393,blocked_unfilled,control_class=actual_near_miss,14.2819597527,local_obstruction_before_drift
rank139_Q503_random_root_sets,random_root_sets,139,6,7,3,208,203,242650,14286994809625000,242650,503,prime_block_le_503,45,7425387163249856130442960012501049141001305819406163509869875583601074657992881456415943936664692413,229.960829033,1594323,14.2819597527,32,31,0,,203.279493925,14.2819597527,0.980789088078,0.872000824232,1.02531355175,none_visible,6.18205413451,0.333333333333,5.84872080117,deterministic_seeded_random_sets_same_cardinality,local_obstruction_before_drift,local_residue_sieve,blocked_unfilled,darmon_granville_ceiling,blocked_unfilled,blocked_unfilled,Z,residue_only,blocked_unfilled,blocked_unfilled,negative_control_passed,Q_503,pass_predefined,45,0,14.2819597527,0.317376883393,blocked_unfilled,control_class=random_root_sets,14.2819597527,local_obstruction_before_drift
rank139_Q503_exact_power_anchor,exact_power_anchor,139,6,7,3,208,203,242650,14286994809625000,242650,503,prime_block_le_503,45,7425387163249856130442960012501049141001305819406163509869875583601074657992881456415943936664692413,229.960829033,984770902183611232881,48.3389407014,0,0,1,242650,169.222512977,48.3389407014,1.00851380589,0.960314124139,1.09884057971,constructed_exact_power_root,6.18205413451,0.333333333333,5.84872080117,C_from_near_power_row_as_positive_control,positive_control_survivor,local_residue_sieve,blocked_unfilled,darmon_granville_ceiling,blocked_unfilled,blocked_unfilled,Z,survivor_kandidat_requires_overlap_check,blocked_unfilled,blocked_unfilled,positive_control_passed,Q_503,pass_predefined,45,4.12116216773e-06,48.3389407014,1.07419868225,blocked_unfilled,control_class=exact_power_anchor,48.3389407014,positive_control_survivor
rank140_Q503_actual_near_miss,actual_near_miss,140,7,7,3,121,160,145245,3064104500581125,145245,503,prime_block_le_503,45,7425387163249856130442960012501049141001305819406163509869875583601074657992881456415943936664692413,229.960829033,4782969,15.3805720414,31,19,0,,202.694079741,15.3805720414,0.981786859986,0.5577082401,1.23619401701,none_visible,6.44897077175,0.333333333333,6.11563743841,existing_near_power_csv,local_obstruction_before_drift,local_residue_sieve,blocked_unfilled,darmon_granville_ceiling,blocked_unfilled,blocked_unfilled,Z,residue_only,blocked_unfilled,blocked_unfilled,under_test,Q_503,pass_predefined,45,0,15.3805720414,0.341790489808,blocked_unfilled,control_class=actual_near_miss,15.3805720414,local_obstruction_before_drift
rank140_Q503_random_root_sets,random_root_sets,140,7,7,3,121,160,145245,3064104500581125,145245,503,prime_block_le_503,45,7425387163249856130442960012501049141001305819406163509869875583601074657992881456415943936664692413,229.960829033,4782969,15.3805720414,31,19,0,,202.694079741,15.3805720414,1.03170263742,0.9295137335,1.15985097976,none_visible,6.44897077175,0.333333333333,6.11563743841,deterministic_seeded_random_sets_same_cardinality,local_obstruction_before_drift,local_residue_sieve,blocked_unfilled,darmon_granville_ceiling,blocked_unfilled,blocked_unfilled,Z,residue_only,blocked_unfilled,blocked_unfilled,negative_control_passed,Q_503,pass_predefined,45,0,15.3805720414,0.341790489808,blocked_unfilled,control_class=random_root_sets,15.3805720414,local_obstruction_before_drift
rank140_Q503_exact_power_anchor,exact_power_anchor,140,7,7,3,121,160,145245,3064104500581125,145245,503,prime_block_le_503,45,7425387163249856130442960012501049141001305819406163509869875583601074657992881456415943936664692413,229.960829033,984770902183611232881,48.3389407014,0,0,1,145245,169.735711081,48.3389407014,1.0127124603,0.976644826175,1.06893715982,constructed_exact_power_root,6.44897077175,0.333333333333,6.11563743841,C_from_near_power_row_as_positive_control,positive_control_survivor,local_residue_sieve,blocked_unfilled,darmon_granville_ceiling,blocked_unfilled,blocked_unfilled,Z,survivor_kandidat_requires_overlap_check,blocked_unfilled,blocked_unfilled,positive_control_passed,Q_503,pass_predefined,45,6.88491858584e-06,48.3389407014,1.07419868225,blocked_unfilled,control_class=exact_power_anchor,48.3389407014,positive_control_survivor
rank141_Q503_actual_near_miss,actual_near_miss,141,6,6,4,158,165,2445,35736782900625,2445,503,prime_block_le_503,95,31398901067973367931867134116182661800398427494539659144913198607495744580381215857356437160911524359731932107778284285404578948682310117300678465382306156119946455274779322906621879885004896897929424563183835,480.081887144,18014398509481984,37.4299477502,53,5,0,,434.850138992,37.4299477502,0.603516956374,0,1.17934560327,none_visible,15.3836890978,0.25,15.1336890978,existing_near_power_csv,local_obstruction_before_drift,local_residue_sieve,blocked_unfilled,darmon_granville_ceiling,blocked_unfilled,blocked_unfilled,Z,residue_only,blocked_unfilled,blocked_unfilled,under_test,Q_503,pass_predefined,95,0,37.4299477502,0.393999450002,blocked_unfilled,control_class=actual_near_miss,37.4299477502,local_obstruction_before_drift
rank141_Q503_random_root_sets,random_root_sets,141,6,6,4,158,165,2445,35736782900625,2445,503,prime_block_le_503,95,31398901067973367931867134116182661800398427494539659144913198607495744580381215857356437160911524359731932107778284285404578948682310117300678465382306156119946455274779322906621879885004896897929424563183835,480.081887144,18014398509481984,37.4299477502,53,5,0,,434.850138992,37.4299477502,0.680819700068,0,1.3408997955,none_visible,15.3836890978,0.25,15.1336890978,deterministic_seeded_random_sets_same_cardinality,local_obstruction_before_drift,local_residue_sieve,blocked_unfilled,darmon_granville_ceiling,blocked_unfilled,blocked_unfilled,Z,residue_only,blocked_unfilled,blocked_unfilled,negative_control_passed,Q_503,pass_predefined,95,0,37.4299477502,0.393999450002,blocked_unfilled,control_class=random_root_sets,37.4299477502,local_obstruction_before_drift
rank141_Q503_exact_power_anchor,exact_power_anchor,141,6,6,4,158,165,2445,35736782900625,2445,503,prime_block_le_503,95,31398901067973367931867134116182661800398427494539659144913198607495744580381215857356437160911524359731932107778284285404578948682310117300678465382306156119946455274779322906621879885004896897929424563183835,480.081887144,43556142965880123323311949751266331066368,93.5748693756,0,0,1,2445,378.705217367,93.5748693756,1.07630368098,0.670449897751,1.75304192229,constructed_exact_power_root,15.3836890978,0.25,15.1336890978,C_from_near_power_row_as_positive_control,positive_control_survivor,local_residue_sieve,blocked_unfilled,darmon_granville_ceiling,blocked_unfilled,blocked_unfilled,Z,survivor_kandidat_requires_overlap_check,blocked_unfilled,blocked_unfilled,positive_control_passed,Q_503,pass_predefined,95,0.00040899795501,93.5748693756,0.984998625006,blocked_unfilled,control_class=exact_power_anchor,93.5748693756,positive_control_survivor
rank142_Q503_actual_near_miss,actual_near_miss,142,6,7,3,91,125,78156,477405010420416,78156,503,prime_block_le_503,45,7425387163249856130442960012501049141001305819406163509869875583601074657992881456415943936664692413,229.960829033,4782969,15.3805720414,31,19,0,,203.313794883,15.3805720414,1.05847072019,0.855651943975,1.80486036474,none_visible,6.80369835185,0.333333333333,6.47036501852,existing_near_power_csv,local_obstruction_before_drift,local_residue_sieve,blocked_unfilled,darmon_granville_ceiling,blocked_unfilled,blocked_unfilled,Z,residue_only,blocked_unfilled,blocked_unfilled,under_test,Q_503,pass_predefined,45,0,15.3805720414,0.341790489808,blocked_unfilled,control_class=actual_near_miss,15.3805720414,local_obstruction_before_drift
rank142_Q503_random_root_sets,random_root_sets,142,6,7,3,91,125,78156,477405010420416,78156,503,prime_block_le_503,45,7425387163249856130442960012501049141001305819406163509869875583601074657992881456415943936664692413,229.960829033,4782969,15.3805720414,31,19,0,,203.313794883,15.3805720414,0.939904433955,0.427813887894,1.63420594708,none_visible,6.80369835185,0.333333333333,6.47036501852,deterministic_seeded_random_sets_same_cardinality,local_obstruction_before_drift,local_residue_sieve,blocked_unfilled,darmon_granville_ceiling,blocked_unfilled,blocked_unfilled,Z,residue_only,blocked_unfilled,blocked_unfilled,negative_control_passed,Q_503,pass_predefined,45,0,15.3805720414,0.341790489808,blocked_unfilled,control_class=random_root_sets,15.3805720414,local_obstruction_before_drift
rank142_Q503_exact_power_anchor,exact_power_anchor,142,6,7,3,91,125,78156,477405010420416,78156,503,prime_block_le_503,45,7425387163249856130442960012501049141001305819406163509869875583601074657992881456415943936664692413,229.960829033,984770902183611232881,48.3389407014,0,0,1,78156,170.355426223,48.3389407014,1.01945160012,0.936505905568,1.09258121933,constructed_exact_power_root,6.80369835185,0.333333333333,6.47036501852,C_from_near_power_row_as_positive_control,positive_control_survivor,local_residue_sieve,blocked_unfilled,darmon_granville_ceiling,blocked_unfilled,blocked_unfilled,Z,survivor_kandidat_requires_overlap_check,blocked_unfilled,blocked_unfilled,positive_control_passed,Q_503,pass_predefined,45,1.27949229746e-05,48.3389407014,1.07419868225,blocked_unfilled,control_class=exact_power_anchor,48.3389407014,positive_control_survivor
rank143_Q503_actual_near_miss,actual_near_miss,143,6,6,3,203,211,54087,158226302836503,54087,503,prime_block_le_503,45,7425387163249856130442960012501049141001305819406163509869875583601074657992881456415943936664692413,229.960829033,10460353203,23.070858062,23,31,0,,195.991621831,23.070858062,0.896187437778,0,1.08754619615,none_visible,7.03350651475,0.333333333333,6.70017318141,existing_near_power_csv,local_obstruction_before_drift,local_residue_sieve,blocked_unfilled,darmon_granville_ceiling,blocked_unfilled,blocked_unfilled,Z,residue_only,blocked_unfilled,blocked_unfilled,under_test,Q_503,pass_predefined,45,0,23.070858062,0.512685734712,blocked_unfilled,control_class=actual_near_miss,23.070858062,local_obstruction_before_drift
rank143_Q503_random_root_sets,random_root_sets,143,6,6,3,203,211,54087,158226302836503,54087,503,prime_block_le_503,45,7425387163249856130442960012501049141001305819406163509869875583601074657992881456415943936664692413,229.960829033,10460353203,23.070858062,23,31,0,,195.991621831,23.070858062,0.945748291284,0.333563415321,1.49654979734,none_visible,7.03350651475,0.333333333333,6.70017318141,deterministic_seeded_random_sets_same_cardinality,local_obstruction_before_drift,local_residue_sieve,blocked_unfilled,darmon_granville_ceiling,blocked_unfilled,blocked_unfilled,Z,residue_only,blocked_unfilled,blocked_unfilled,negative_control_passed,Q_503,pass_predefined,45,0,23.070858062,0.512685734712,blocked_unfilled,control_class=random_root_sets,23.070858062,local_obstruction_before_drift
rank143_Q503_exact_power_anchor,exact_power_anchor,143,6,6,3,203,211,54087,158226302836503,54087,503,prime_block_le_503,45,7425387163249856130442960012501049141001305819406163509869875583601074657992881456415943936664692413,229.960829033,2954312706550833698643,49.4375529901,0,0,1,54087,169.624926903,49.4375529901,1.02156085634,0.78899632896,1.25659482767,constructed_exact_power_root,7.03350651475,0.333333333333,6.70017318141,C_from_near_power_row_as_positive_control,positive_control_survivor,local_residue_sieve,blocked_unfilled,darmon_granville_ceiling,blocked_unfilled,blocked_unfilled,Z,survivor_kandidat_requires_overlap_check,blocked_unfilled,blocked_unfilled,positive_control_passed,Q_503,pass_predefined,45,1.84887311184e-05,49.4375529901,1.09861228867,blocked_unfilled,control_class=exact_power_anchor,49.4375529901,positive_control_survivor
rank144_Q503_actual_near_miss,actual_near_miss,144,7,7,3,53,131,87208,663237356902912,87208,503,prime_block_le_503,45,7425387163249856130442960012501049141001305819406163509869875583601074657992881456415943936664692413,229.960829033,387420489,19.775021196,27,7,0,,198.809756488,19.775021196,0.95884394488,0.658154450662,1.210942676,none_visible,6.73815609013,0.333333333333,6.4048227568,existing_near_power_csv,local_obstruction_before_drift,local_residue_sieve,blocked_unfilled,darmon_granville_ceiling,blocked_unfilled,blocked_unfilled,Z,residue_only,blocked_unfilled,blocked_unfilled,under_test,Q_503,pass_predefined,45,0,19.775021196,0.439444915467,blocked_unfilled,control_class=actual_near_miss,19.775021196,local_obstruction_before_drift
rank144_Q503_random_root_sets,random_root_sets,144,7,7,3,53,131,87208,663237356902912,87208,503,prime_block_le_503,45,7425387163249856130442960012501049141001305819406163509869875583601074657992881456415943936664692413,229.960829033,387420489,19.775021196,27,7,0,,198.809756488,19.775021196,0.977571689471,0.529588264074,1.39354952145,none_visible,6.73815609013,0.333333333333,6.4048227568,deterministic_seeded_random_sets_same_cardinality,local_obstruction_before_drift,local_residue_sieve,blocked_unfilled,darmon_granville_ceiling,blocked_unfilled,blocked_unfilled,Z,residue_only,blocked_unfilled,blocked_unfilled,negative_control_passed,Q_503,pass_predefined,45,0,19.775021196,0.439444915467,blocked_unfilled,control_class=random_root_sets,19.775021196,local_obstruction_before_drift
rank144_Q503_exact_power_anchor,exact_power_anchor,144,7,7,3,53,131,87208,663237356902912,87208,503,prime_block_le_503,45,7425387163249856130442960012501049141001305819406163509869875583601074657992881456415943936664692413,229.960829033,2954312706550833698643,49.4375529901,0,0,1,87208,169.147224694,49.4375529901,1.00406977189,0.910897573107,1.07909824787,constructed_exact_power_root,6.73815609013,0.333333333333,6.4048227568,C_from_near_power_row_as_positive_control,positive_control_survivor,local_residue_sieve,blocked_unfilled,darmon_granville_ceiling,blocked_unfilled,blocked_unfilled,Z,survivor_kandidat_requires_overlap_check,blocked_unfilled,blocked_unfilled,positive_control_passed,Q_503,pass_predefined,45,1.14668379048e-05,49.4375529901,1.09861228867,blocked_unfilled,control_class=exact_power_anchor,49.4375529901,positive_control_survivor
rank145_Q503_actual_near_miss,actual_near_miss,145,6,7,3,107,108,55708,172883163454912,55708,503,prime_block_le_503,45,7425387163249856130442960012501049141001305819406163509869875583601074657992881456415943936664692413,229.960829033,4782969,15.3805720414,30,7,0,,203.652377949,15.3805720414,0.947837419834,0.443899938569,1.20044398171,none_visible,7.01450019549,0.333333333333,6.68116686216,existing_near_power_csv,local_obstruction_before_drift,local_residue_sieve,blocked_unfilled,darmon_granville_ceiling,blocked_unfilled,blocked_unfilled,Z,residue_only,blocked_unfilled,blocked_unfilled,under_test,Q_503,pass_predefined,45,0,15.3805720414,0.341790489808,blocked_unfilled,control_class=actual_near_miss,15.3805720414,local_obstruction_before_drift
rank145_Q503_random_root_sets,random_root_sets,145,6,7,3,107,108,55708,172883163454912,55708,503,prime_block_le_503,45,7425387163249856130442960012501049141001305819406163509869875583601074657992881456415943936664692413,229.960829033,4782969,15.3805720414,30,7,0,,203.652377949,15.3805720414,0.999785730812,0,1.77559975427,none_visible,7.01450019549,0.333333333333,6.68116686216,deterministic_seeded_random_sets_same_cardinality,local_obstruction_before_drift,local_residue_sieve,blocked_unfilled,darmon_granville_ceiling,blocked_unfilled,blocked_unfilled,Z,residue_only,blocked_unfilled,blocked_unfilled,negative_control_passed,Q_503,pass_predefined,45,0,15.3805720414,0.341790489808,blocked_unfilled,control_class=random_root_sets,15.3805720414,local_obstruction_before_drift
rank145_Q503_exact_power_anchor,exact_power_anchor,145,6,7,3,107,108,55708,172883163454912,55708,503,prime_block_le_503,45,7425387163249856130442960012501049141001305819406163509869875583601074657992881456415943936664692413,229.960829033,984770902183611232881,48.3389407014,0,0,1,55708,170.694009289,48.3389407014,1.0194399069,0.941512489728,1.12618175726,constructed_exact_power_root,7.01450019549,0.333333333333,6.68116686216,C_from_near_power_row_as_positive_control,positive_control_survivor,local_residue_sieve,blocked_unfilled,darmon_granville_ceiling,blocked_unfilled,blocked_unfilled,Z,survivor_kandidat_requires_overlap_check,blocked_unfilled,blocked_unfilled,positive_control_passed,Q_503,pass_predefined,45,1.79507431608e-05,48.3389407014,1.07419868225,blocked_unfilled,control_class=exact_power_anchor,48.3389407014,positive_control_survivor
rank146_Q503_actual_near_miss,actual_near_miss,146,6,7,3,232,245,375964,53142108853841344,375964,503,prime_block_le_503,45,7425387163249856130442960012501049141001305819406163509869875583601074657992881456415943936664692413,229.960829033,14348907,16.47918433,29,19,0,,200.64439603,16.47918433,1.00977075425,0.933649971215,1.10989084061,none_visible,5.97118678851,0.333333333333,5.63785345517,existing_near_power_csv,local_obstruction_before_drift,local_residue_sieve,blocked_unfilled,darmon_granville_ceiling,blocked_unfilled,blocked_unfilled,Z,residue_only,blocked_unfilled,blocked_unfilled,under_test,Q_503,pass_predefined,45,0,16.47918433,0.366204096223,blocked_unfilled,control_class=actual_near_miss,16.47918433,local_obstruction_before_drift
rank146_Q503_random_root_sets,random_root_sets,146,6,7,3,232,245,375964,53142108853841344,375964,503,prime_block_le_503,45,7425387163249856130442960012501049141001305819406163509869875583601074657992881456415943936664692413,229.960829033,14348907,16.47918433,29,19,0,,200.64439603,16.47918433,1.01380910387,0.961009269209,1.22092688543,none_visible,5.97118678851,0.333333333333,5.63785345517,deterministic_seeded_random_sets_same_cardinality,local_obstruction_before_drift,local_residue_sieve,blocked_unfilled,darmon_granville_ceiling,blocked_unfilled,blocked_unfilled,Z,residue_only,blocked_unfilled,blocked_unfilled,negative_control_passed,Q_503,pass_predefined,45,0,16.47918433,0.366204096223,blocked_unfilled,control_class=random_root_sets,16.47918433,local_obstruction_before_drift
rank146_Q503_exact_power_anchor,exact_power_anchor,146,6,7,3,232,245,375964,53142108853841344,375964,503,prime_block_le_503,45,7425387163249856130442960012501049141001305819406163509869875583601074657992881456415943936664692413,229.960829033,328256967394537077627,47.2403284127,0,0,1,375964,169.883251947,47.2403284127,1.00336076799,0.98033351893,1.02626729037,constructed_exact_power_root,5.97118678851,0.333333333333,5.63785345517,C_from_near_power_row_as_positive_control,positive_control_survivor,local_residue_sieve,blocked_unfilled,darmon_granville_ceiling,blocked_unfilled,blocked_unfilled,Z,survivor_kandidat_requires_overlap_check,blocked_unfilled,blocked_unfilled,positive_control_passed,Q_503,pass_predefined,45,2.65982913258e-06,47.2403284127,1.04978507584,blocked_unfilled,control_class=exact_power_anchor,47.2403284127,positive_control_survivor
rank147_Q503_actual_near_miss,actual_near_miss,147,7,7,3,171,214,291735,24829364618490375,291735,503,prime_block_le_503,45,7425387163249856130442960012501049141001305819406163509869875583601074657992881456415943936664692413,229.960829033,387420489,19.775021196,26,19,0,,197.602206702,19.775021196,0.998747446894,0.786965339549,1.24971635217,none_visible,6.09154794845,0.333333333333,5.75821461511,existing_near_power_csv,local_obstruction_before_drift,local_residue_sieve,blocked_unfilled,darmon_granville_ceiling,blocked_unfilled,blocked_unfilled,Z,residue_only,blocked_unfilled,blocked_unfilled,under_test,Q_503,pass_predefined,45,0,19.775021196,0.439444915467,blocked_unfilled,control_class=actual_near_miss,19.775021196,local_obstruction_before_drift
rank147_Q503_random_root_sets,random_root_sets,147,7,7,3,171,214,291735,24829364618490375,291735,503,prime_block_le_503,45,7425387163249856130442960012501049141001305819406163509869875583601074657992881456415943936664692413,229.960829033,387420489,19.775021196,26,19,0,,197.602206702,19.775021196,1.00611818564,0.915310127342,1.18044800932,none_visible,6.09154794845,0.333333333333,5.75821461511,deterministic_seeded_random_sets_same_cardinality,local_obstruction_before_drift,local_residue_sieve,blocked_unfilled,darmon_granville_ceiling,blocked_unfilled,blocked_unfilled,Z,residue_only,blocked_unfilled,blocked_unfilled,negative_control_passed,Q_503,pass_predefined,45,0,19.775021196,0.439444915467,blocked_unfilled,control_class=random_root_sets,19.775021196,local_obstruction_before_drift
rank147_Q503_exact_power_anchor,exact_power_anchor,147,7,7,3,171,214,291735,24829364618490375,291735,503,prime_block_le_503,45,7425387163249856130442960012501049141001305819406163509869875583601074657992881456415943936664692413,229.960829033,2954312706550833698643,49.4375529901,0,0,1,291735,167.939674908,49.4375529901,1.00154135317,0.972476924454,1.02029086519,constructed_exact_power_root,6.09154794845,0.333333333333,5.75821461511,C_from_near_power_row_as_positive_control,positive_control_survivor,local_residue_sieve,blocked_unfilled,darmon_granville_ceiling,blocked_unfilled,blocked_unfilled,Z,survivor_kandidat_requires_overlap_check,blocked_unfilled,blocked_unfilled,positive_control_passed,Q_503,pass_predefined,45,3.42776835141e-06,49.4375529901,1.09861228867,blocked_unfilled,control_class=exact_power_anchor,49.4375529901,positive_control_survivor
rank148_Q503_actual_near_miss,actual_near_miss,148,6,7,3,180,139,101204,1036556630137664,101204,503,prime_block_le_503,45,7425387163249856130442960012501049141001305819406163509869875583601074657992881456415943936664692413,229.960829033,1162261467,20.8736334847,25,31,0,,197.562301987,20.8736334847,0.98965837284,0.580877347843,1.27867914751,none_visible,6.65113384984,0.333333333333,6.3178005165,existing_near_power_csv,local_obstruction_before_drift,local_residue_sieve,blocked_unfilled,darmon_granville_ceiling,blocked_unfilled,blocked_unfilled,Z,residue_only,blocked_unfilled,blocked_unfilled,under_test,Q_503,pass_predefined,45,0,20.8736334847,0.463858521882,blocked_unfilled,control_class=actual_near_miss,20.8736334847,local_obstruction_before_drift
rank148_Q503_random_root_sets,random_root_sets,148,6,7,3,180,139,101204,1036556630137664,101204,503,prime_block_le_503,45,7425387163249856130442960012501049141001305819406163509869875583601074657992881456415943936664692413,229.960829033,1162261467,20.8736334847,25,31,0,,197.562301987,20.8736334847,0.989408920111,0.730673798576,1.16175469569,none_visible,6.65113384984,0.333333333333,6.3178005165,deterministic_seeded_random_sets_same_cardinality,local_obstruction_before_drift,local_residue_sieve,blocked_unfilled,darmon_granville_ceiling,blocked_unfilled,blocked_unfilled,Z,residue_only,blocked_unfilled,blocked_unfilled,negative_control_passed,Q_503,pass_predefined,45,0,20.8736334847,0.463858521882,blocked_unfilled,control_class=random_root_sets,20.8736334847,local_obstruction_before_drift
rank148_Q503_exact_power_anchor,exact_power_anchor,148,6,7,3,180,139,101204,1036556630137664,101204,503,prime_block_le_503,45,7425387163249856130442960012501049141001305819406163509869875583601074657992881456415943936664692413,229.960829033,2954312706550833698643,49.4375529901,0,0,1,101204,168.998382482,49.4375529901,1.0145331688,0.927668647265,1.19858459701,constructed_exact_power_root,6.65113384984,0.333333333333,6.3178005165,C_from_near_power_row_as_positive_control,positive_control_survivor,local_residue_sieve,blocked_unfilled,darmon_granville_ceiling,blocked_unfilled,blocked_unfilled,Z,survivor_kandidat_requires_overlap_check,blocked_unfilled,blocked_unfilled,positive_control_passed,Q_503,pass_predefined,45,9.88103237026e-06,49.4375529901,1.09861228867,blocked_unfilled,control_class=exact_power_anchor,49.4375529901,positive_control_survivor
rank149_Q503_actual_near_miss,actual_near_miss,149,6,7,3,241,201,237820,13450707367768000,237820,503,prime_block_le_503,45,7425387163249856130442960012501049141001305819406163509869875583601074657992881456415943936664692413,229.960829033,129140163,18.6764089074,28,13,0,,198.905150762,18.6764089074,0.991483200413,0.924666647978,1.05537614816,none_visible,6.19209481786,0.333333333333,5.85876148453,existing_near_power_csv,local_obstruction_before_drift,local_residue_sieve,blocked_unfilled,darmon_granville_ceiling,blocked_unfilled,blocked_unfilled,Z,residue_only,blocked_unfilled,blocked_unfilled,under_test,Q_503,pass_predefined,45,0,18.6764089074,0.415031309052,blocked_unfilled,control_class=actual_near_miss,18.6764089074,local_obstruction_before_drift
rank149_Q503_random_root_sets,random_root_sets,149,6,7,3,241,201,237820,13450707367768000,237820,503,prime_block_le_503,45,7425387163249856130442960012501049141001305819406163509869875583601074657992881456415943936664692413,229.960829033,129140163,18.6764089074,28,13,0,,198.905150762,18.6764089074,1.00674953163,0.974075164223,1.07000626057,none_visible,6.19209481786,0.333333333333,5.85876148453,deterministic_seeded_random_sets_same_cardinality,local_obstruction_before_drift,local_residue_sieve,blocked_unfilled,darmon_granville_ceiling,blocked_unfilled,blocked_unfilled,Z,residue_only,blocked_unfilled,blocked_unfilled,negative_control_passed,Q_503,pass_predefined,45,0,18.6764089074,0.415031309052,blocked_unfilled,control_class=random_root_sets,18.6764089074,local_obstruction_before_drift
rank149_Q503_exact_power_anchor,exact_power_anchor,149,6,7,3,241,201,237820,13450707367768000,237820,503,prime_block_le_503,45,7425387163249856130442960012501049141001305819406163509869875583601074657992881456415943936664692413,229.960829033,2954312706550833698643,49.4375529901,0,0,1,237820,168.144006679,49.4375529901,1.005747305,0.978212747269,1.03919771256,constructed_exact_power_root,6.19209481786,0.333333333333,5.85876148453,C_from_near_power_row_as_positive_control,positive_control_survivor,local_residue_sieve,blocked_unfilled,darmon_granville_ceiling,blocked_unfilled,blocked_unfilled,Z,survivor_kandidat_requires_overlap_check,blocked_unfilled,blocked_unfilled,positive_control_passed,Q_503,pass_predefined,45,4.20486081911e-06,49.4375529901,1.09861228867,blocked_unfilled,control_class=exact_power_anchor,49.4375529901,positive_control_survivor
rank150_Q503_actual_near_miss,actual_near_miss,150,7,7,3,161,185,217016,10220573438660096,217016,503,prime_block_le_503,45,7425387163249856130442960012501049141001305819406163509869875583601074657992881456415943936664692413,229.960829033,1162261467,20.8736334847,26,7,0,,196.799469186,20.8736334847,1.00887696964,0.911826777749,1.13380017039,none_visible,6.23822564209,0.333333333333,5.90489230875,existing_near_power_csv,local_obstruction_before_drift,local_residue_sieve,blocked_unfilled,darmon_granville_ceiling,blocked_unfilled,blocked_unfilled,Z,residue_only,blocked_unfilled,blocked_unfilled,under_test,Q_503,pass_predefined,45,0,20.8736334847,0.463858521882,blocked_unfilled,control_class=actual_near_miss,20.8736334847,local_obstruction_before_drift
rank150_Q503_random_root_sets,random_root_sets,150,7,7,3,161,185,217016,10220573438660096,217016,503,prime_block_le_503,45,7425387163249856130442960012501049141001305819406163509869875583601074657992881456415943936664692413,229.960829033,1162261467,20.8736334847,26,7,0,,196.799469186,20.8736334847,0.995114458193,0.863861548355,1.08333538131,none_visible,6.23822564209,0.333333333333,5.90489230875,deterministic_seeded_random_sets_same_cardinality,local_obstruction_before_drift,local_residue_sieve,blocked_unfilled,darmon_granville_ceiling,blocked_unfilled,blocked_unfilled,Z,residue_only,blocked_unfilled,blocked_unfilled,negative_control_passed,Q_503,pass_predefined,45,0,20.8736334847,0.463858521882,blocked_unfilled,control_class=random_root_sets,20.8736334847,local_obstruction_before_drift
rank150_Q503_exact_power_anchor,exact_power_anchor,150,7,7,3,161,185,217016,10220573438660096,217016,503,prime_block_le_503,45,7425387163249856130442960012501049141001305819406163509869875583601074657992881456415943936664692413,229.960829033,2954312706550833698643,49.4375529901,0,0,1,217016,168.23554968,49.4375529901,1.00650634737,0.982684840442,1.04227184478,constructed_exact_power_root,6.23822564209,0.333333333333,5.90489230875,C_from_near_power_row_as_positive_control,positive_control_survivor,local_residue_sieve,blocked_unfilled,darmon_granville_ceiling,blocked_unfilled,blocked_unfilled,Z,survivor_kandidat_requires_overlap_check,blocked_unfilled,blocked_unfilled,positive_control_passed,Q_503,pass_predefined,45,4.60795517381e-06,49.4375529901,1.09861228867,blocked_unfilled,control_class=exact_power_anchor,49.4375529901,positive_control_survivor
rank151_Q503_actual_near_miss,actual_near_miss,151,6,7,3,203,178,178961,5731591019717681,178961,503,prime_block_le_503,45,7425387163249856130442960012501049141001305819406163509869875583601074657992881456415943936664692413,229.960829033,129140163,18.6764089074,28,7,0,,199.189496942,18.6764089074,1.0073417998,0.795226023795,1.19463458519,none_visible,6.33766816966,0.333333333333,6.00433483633,existing_near_power_csv,local_obstruction_before_drift,local_residue_sieve,blocked_unfilled,darmon_granville_ceiling,blocked_unfilled,blocked_unfilled,Z,residue_only,blocked_unfilled,blocked_unfilled,under_test,Q_503,pass_predefined,45,0,18.6764089074,0.415031309052,blocked_unfilled,control_class=actual_near_miss,18.6764089074,local_obstruction_before_drift
rank151_Q503_random_root_sets,random_root_sets,151,6,7,3,203,178,178961,5731591019717681,178961,503,prime_block_le_503,45,7425387163249856130442960012501049141001305819406163509869875583601074657992881456415943936664692413,229.960829033,129140163,18.6764089074,28,7,0,,199.189496942,18.6764089074,0.982107212683,0.866171959254,1.11331643331,none_visible,6.33766816966,0.333333333333,6.00433483633,deterministic_seeded_random_sets_same_cardinality,local_obstruction_before_drift,local_residue_sieve,blocked_unfilled,darmon_granville_ceiling,blocked_unfilled,blocked_unfilled,Z,residue_only,blocked_unfilled,blocked_unfilled,negative_control_passed,Q_503,pass_predefined,45,0,18.6764089074,0.415031309052,blocked_unfilled,control_class=random_root_sets,18.6764089074,local_obstruction_before_drift
rank151_Q503_exact_power_anchor,exact_power_anchor,151,6,7,3,203,178,178961,5731591019717681,178961,503,prime_block_le_503,45,7425387163249856130442960012501049141001305819406163509869875583601074657992881456415943936664692413,229.960829033,984770902183611232881,48.3389407014,0,0,1,178961,169.526965148,48.3389407014,1.00899828785,0.988387289844,1.07305502316,constructed_exact_power_root,6.33766816966,0.333333333333,6.00433483633,C_from_near_power_row_as_positive_control,positive_control_survivor,local_residue_sieve,blocked_unfilled,darmon_granville_ceiling,blocked_unfilled,blocked_unfilled,Z,survivor_kandidat_requires_overlap_check,blocked_unfilled,blocked_unfilled,positive_control_passed,Q_503,pass_predefined,45,5.5878096345e-06,48.3389407014,1.07419868225,blocked_unfilled,control_class=exact_power_anchor,48.3389407014,positive_control_survivor
rank152_Q503_actual_near_miss,actual_near_miss,152,6,7,3,201,128,85676,628894137795776,85676,503,prime_block_le_503,45,7425387163249856130442960012501049141001305819406163509869875583601074657992881456415943936664692413,229.960829033,4782969,15.3805720414,31,7,0,,203.221928973,15.3805720414,0.87231132755,0.355061186589,1.19850496185,none_visible,6.74867018733,0.333333333333,6.415336854,existing_near_power_csv,local_obstruction_before_drift,local_residue_sieve,blocked_unfilled,darmon_granville_ceiling,blocked_unfilled,blocked_unfilled,Z,residue_only,blocked_unfilled,blocked_unfilled,under_test,Q_503,pass_predefined,45,0,15.3805720414,0.341790489808,blocked_unfilled,control_class=actual_near_miss,15.3805720414,local_obstruction_before_drift
rank152_Q503_random_root_sets,random_root_sets,152,6,7,3,201,128,85676,628894137795776,85676,503,prime_block_le_503,45,7425387163249856130442960012501049141001305819406163509869875583601074657992881456415943936664692413,229.960829033,4782969,15.3805720414,31,7,0,,203.221928973,15.3805720414,0.957183054585,0.599252480923,1.13785916969,none_visible,6.74867018733,0.333333333333,6.415336854,deterministic_seeded_random_sets_same_cardinality,local_obstruction_before_drift,local_residue_sieve,blocked_unfilled,darmon_granville_ceiling,blocked_unfilled,blocked_unfilled,Z,residue_only,blocked_unfilled,blocked_unfilled,negative_control_passed,Q_503,pass_predefined,45,0,15.3805720414,0.341790489808,blocked_unfilled,control_class=random_root_sets,15.3805720414,local_obstruction_before_drift
rank152_Q503_exact_power_anchor,exact_power_anchor,152,6,7,3,201,128,85676,628894137795776,85676,503,prime_block_le_503,45,7425387163249856130442960012501049141001305819406163509869875583601074657992881456415943936664692413,229.960829033,2954312706550833698643,49.4375529901,0,0,1,85676,169.164948024,49.4375529901,1.01948901373,0.98384093043,1.0983939493,constructed_exact_power_root,6.74867018733,0.333333333333,6.415336854,C_from_near_power_row_as_positive_control,positive_control_survivor,local_residue_sieve,blocked_unfilled,darmon_granville_ceiling,blocked_unfilled,blocked_unfilled,Z,survivor_kandidat_requires_overlap_check,blocked_unfilled,blocked_unfilled,positive_control_passed,Q_503,pass_predefined,45,1.16718801064e-05,49.4375529901,1.09861228867,blocked_unfilled,control_class=exact_power_anchor,49.4375529901,positive_control_survivor
rank153_Q503_actual_near_miss,actual_near_miss,153,6,6,4,74,203,2894,70144578055696,2894,503,prime_block_le_503,95,31398901067973367931867134116182661800398427494539659144913198607495744580381215857356437160911524359731932107778284285404578948682310117300678465382306156119946455274779322906621879885004896897929424563183835,480.081887144,35184372088832,31.1916231252,60,3,0,,440.919869112,31.1916231252,0.680376785303,0,2.02565653075,none_visible,15.058284211,0.25,14.808284211,existing_near_power_csv,local_obstruction_before_drift,local_residue_sieve,blocked_unfilled,darmon_granville_ceiling,blocked_unfilled,blocked_unfilled,Z,residue_only,blocked_unfilled,blocked_unfilled,under_test,Q_503,pass_predefined,95,0,31.1916231252,0.328332875002,blocked_unfilled,control_class=actual_near_miss,31.1916231252,local_obstruction_before_drift
rank153_Q503_random_root_sets,random_root_sets,153,6,6,4,74,203,2894,70144578055696,2894,503,prime_block_le_503,95,31398901067973367931867134116182661800398427494539659144913198607495744580381215857356437160911524359731932107778284285404578948682310117300678465382306156119946455274779322906621879885004896897929424563183835,480.081887144,35184372088832,31.1916231252,60,3,0,,440.919869112,31.1916231252,1.12393817669,0,5.18218728404,none_visible,15.058284211,0.25,14.808284211,deterministic_seeded_random_sets_same_cardinality,local_obstruction_before_drift,local_residue_sieve,blocked_unfilled,darmon_granville_ceiling,blocked_unfilled,blocked_unfilled,Z,residue_only,blocked_unfilled,blocked_unfilled,negative_control_passed,Q_503,pass_predefined,95,0,31.1916231252,0.328332875002,blocked_unfilled,control_class=random_root_sets,31.1916231252,local_obstruction_before_drift
rank153_Q503_exact_power_anchor,exact_power_anchor,153,6,6,4,74,203,2894,70144578055696,2894,503,prime_block_le_503,95,31398901067973367931867134116182661800398427494539659144913198607495744580381215857356437160911524359731932107778284285404578948682310117300678465382306156119946455274779322906621879885004896897929424563183835,480.081887144,696898287454081973172991196020261297061888,96.3474580978,0,0,1,2894,375.764034139,96.3474580978,1.06424480966,0.634739979267,1.49153420871,constructed_exact_power_root,15.058284211,0.25,14.808284211,C_from_near_power_row_as_positive_control,positive_control_survivor,local_residue_sieve,blocked_unfilled,darmon_granville_ceiling,blocked_unfilled,blocked_unfilled,Z,survivor_kandidat_requires_overlap_check,blocked_unfilled,blocked_unfilled,positive_control_passed,Q_503,pass_predefined,95,0.000345542501728,96.3474580978,1.01418376945,blocked_unfilled,control_class=exact_power_anchor,96.3474580978,positive_control_survivor
rank154_Q503_actual_near_miss,actual_near_miss,154,6,6,3,153,250,63576,256968328766976,63576,503,prime_block_le_503,45,7425387163249856130442960012501049141001305819406163509869875583601074657992881456415943936664692413,229.960829033,43046721,17.5777966187,29,7,0,,201.323041095,17.5777966187,0.92583155069,0,1.75187527089,none_visible,6.93071155867,0.333333333333,6.59737822533,existing_near_power_csv,local_obstruction_before_drift,local_residue_sieve,blocked_unfilled,darmon_granville_ceiling,blocked_unfilled,blocked_unfilled,Z,residue_only,blocked_unfilled,blocked_unfilled,under_test,Q_503,pass_predefined,45,0,17.5777966187,0.390617702638,blocked_unfilled,control_class=actual_near_miss,17.5777966187,local_obstruction_before_drift
rank154_Q503_random_root_sets,random_root_sets,154,6,6,3,153,250,63576,256968328766976,63576,503,prime_block_le_503,45,7425387163249856130442960012501049141001305819406163509869875583601074657992881456415943936664692413,229.960829033,43046721,17.5777966187,29,7,0,,201.323041095,17.5777966187,0.961382002992,0.350375054178,1.50214791046,none_visible,6.93071155867,0.333333333333,6.59737822533,deterministic_seeded_random_sets_same_cardinality,local_obstruction_before_drift,local_residue_sieve,blocked_unfilled,darmon_granville_ceiling,blocked_unfilled,blocked_unfilled,Z,residue_only,blocked_unfilled,blocked_unfilled,negative_control_passed,Q_503,pass_predefined,45,0,17.5777966187,0.390617702638,blocked_unfilled,control_class=random_root_sets,17.5777966187,local_obstruction_before_drift
rank154_Q503_exact_power_anchor,exact_power_anchor,154,6,6,3,153,250,63576,256968328766976,63576,503,prime_block_le_503,45,7425387163249856130442960012501049141001305819406163509869875583601074657992881456415943936664692413,229.960829033,2954312706550833698643,49.4375529901,0,0,1,63576,169.463284723,49.4375529901,1.00799626227,0.822340366036,1.24948967465,constructed_exact_power_root,6.93071155867,0.333333333333,6.59737822533,C_from_near_power_row_as_positive_control,positive_control_survivor,local_residue_sieve,blocked_unfilled,darmon_granville_ceiling,blocked_unfilled,blocked_unfilled,Z,survivor_kandidat_requires_overlap_check,blocked_unfilled,blocked_unfilled,positive_control_passed,Q_503,pass_predefined,45,1.57292059897e-05,49.4375529901,1.09861228867,blocked_unfilled,control_class=exact_power_anchor,49.4375529901,positive_control_survivor
rank155_Q503_actual_near_miss,actual_near_miss,155,6,7,3,65,93,39202,60245508310408,39202,503,prime_block_le_503,45,7425387163249856130442960012501049141001305819406163509869875583601074657992881456415943936664692413,229.960829033,129140163,18.6764089074,27,7,0,,200.707937081,18.6764089074,1.03658493481,0.625693700435,1.65742394096,none_visible,7.24755188963,0.333333333333,6.9142185563,existing_near_power_csv,local_obstruction_before_drift,local_residue_sieve,blocked_unfilled,darmon_granville_ceiling,blocked_unfilled,blocked_unfilled,Z,residue_only,blocked_unfilled,blocked_unfilled,under_test,Q_503,pass_predefined,45,0,18.6764089074,0.415031309052,blocked_unfilled,control_class=actual_near_miss,18.6764089074,local_obstruction_before_drift
rank155_Q503_random_root_sets,random_root_sets,155,6,7,3,65,93,39202,60245508310408,39202,503,prime_block_le_503,45,7425387163249856130442960012501049141001305819406163509869875583601074657992881456415943936664692413,229.960829033,129140163,18.6764089074,27,7,0,,200.707937081,18.6764089074,1.00374380659,0,1.66601193817,none_visible,7.24755188963,0.333333333333,6.9142185563,deterministic_seeded_random_sets_same_cardinality,local_obstruction_before_drift,local_residue_sieve,blocked_unfilled,darmon_granville_ceiling,blocked_unfilled,blocked_unfilled,Z,residue_only,blocked_unfilled,blocked_unfilled,negative_control_passed,Q_503,pass_predefined,45,0,18.6764089074,0.415031309052,blocked_unfilled,control_class=random_root_sets,18.6764089074,local_obstruction_before_drift
rank155_Q503_exact_power_anchor,exact_power_anchor,155,6,7,3,65,93,39202,60245508310408,39202,503,prime_block_le_503,45,7425387163249856130442960012501049141001305819406163509869875583601074657992881456415943936664692413,229.960829033,2954312706550833698643,49.4375529901,0,0,1,39202,169.946792998,49.4375529901,0.992834714593,0.578961390859,1.08857824714,constructed_exact_power_root,7.24755188963,0.333333333333,6.9142185563,C_from_near_power_row_as_positive_control,positive_control_survivor,local_residue_sieve,blocked_unfilled,darmon_granville_ceiling,blocked_unfilled,blocked_unfilled,Z,survivor_kandidat_requires_overlap_check,blocked_unfilled,blocked_unfilled,positive_control_passed,Q_503,pass_predefined,45,2.5508902607e-05,49.4375529901,1.09861228867,blocked_unfilled,control_class=exact_power_anchor,49.4375529901,positive_control_survivor
rank156_Q503_actual_near_miss,actual_near_miss,156,6,6,3,123,193,38063,55145368716047,38063,503,prime_block_le_503,45,7425387163249856130442960012501049141001305819406163509869875583601074657992881456415943936664692413,229.960829033,129140163,18.6764089074,28,7,0,,200.737422165,18.6764089074,1.12101227643,0.473989029883,1.70126135909,none_visible,7.26781307473,0.333333333333,6.9344797414,existing_near_power_csv,local_obstruction_before_drift,local_residue_sieve,blocked_unfilled,darmon_granville_ceiling,blocked_unfilled,blocked_unfilled,Z,residue_only,blocked_unfilled,blocked_unfilled,under_test,Q_503,pass_predefined,45,0,18.6764089074,0.415031309052,blocked_unfilled,control_class=actual_near_miss,18.6764089074,local_obstruction_before_drift
rank156_Q503_random_root_sets,random_root_sets,156,6,6,3,123,193,38063,55145368716047,38063,503,prime_block_le_503,45,7425387163249856130442960012501049141001305819406163509869875583601074657992881456415943936664692413,229.960829033,129140163,18.6764089074,28,7,0,,200.737422165,18.6764089074,0.962249538047,0.325620973415,1.39717485922,none_visible,7.26781307473,0.333333333333,6.9344797414,deterministic_seeded_random_sets_same_cardinality,local_obstruction_before_drift,local_residue_sieve,blocked_unfilled,darmon_granville_ceiling,blocked_unfilled,blocked_unfilled,Z,residue_only,blocked_unfilled,blocked_unfilled,negative_control_passed,Q_503,pass_predefined,45,0,18.6764089074,0.415031309052,blocked_unfilled,control_class=random_root_sets,18.6764089074,local_obstruction_before_drift
rank156_Q503_exact_power_anchor,exact_power_anchor,156,6,6,3,123,193,38063,55145368716047,38063,503,prime_block_le_503,45,7425387163249856130442960012501049141001305819406163509869875583601074657992881456415943936664692413,229.960829033,2954312706550833698643,49.4375529901,0,0,1,38063,169.976278082,49.4375529901,0.998922108668,0.686770763092,1.12171633578,constructed_exact_power_root,7.26781307473,0.333333333333,6.9344797414,C_from_near_power_row_as_positive_control,positive_control_survivor,local_residue_sieve,blocked_unfilled,darmon_granville_ceiling,blocked_unfilled,blocked_unfilled,Z,survivor_kandidat_requires_overlap_check,blocked_unfilled,blocked_unfilled,positive_control_passed,Q_503,pass_predefined,45,2.62722328771e-05,49.4375529901,1.09861228867,blocked_unfilled,control_class=exact_power_anchor,49.4375529901,positive_control_survivor
rank157_Q503_actual_near_miss,actual_near_miss,157,7,7,3,182,229,340966,39639961520548696,340966,503,prime_block_le_503,45,7425387163249856130442960012501049141001305819406163509869875583601074657992881456415943936664692413,229.960829033,43046721,17.5777966187,28,7,0,,199.64349437,17.5777966187,0.984401772383,0.882568936492,1.03482165377,none_visible,6.016985028,0.333333333333,5.68365169466,existing_near_power_csv,local_obstruction_before_drift,local_residue_sieve,blocked_unfilled,darmon_granville_ceiling,blocked_unfilled,blocked_unfilled,Z,residue_only,blocked_unfilled,blocked_unfilled,under_test,Q_503,pass_predefined,45,0,17.5777966187,0.390617702638,blocked_unfilled,control_class=actual_near_miss,17.5777966187,local_obstruction_before_drift
rank157_Q503_random_root_sets,random_root_sets,157,7,7,3,182,229,340966,39639961520548696,340966,503,prime_block_le_503,45,7425387163249856130442960012501049141001305819406163509869875583601074657992881456415943936664692413,229.960829033,43046721,17.5777966187,28,7,0,,199.64349437,17.5777966187,1.01945782962,0.980632151658,1.1114144975,none_visible,6.016985028,0.333333333333,5.68365169466,deterministic_seeded_random_sets_same_cardinality,local_obstruction_before_drift,local_residue_sieve,blocked_unfilled,darmon_granville_ceiling,blocked_unfilled,blocked_unfilled,Z,residue_only,blocked_unfilled,blocked_unfilled,negative_control_passed,Q_503,pass_predefined,45,0,17.5777966187,0.390617702638,blocked_unfilled,control_class=random_root_sets,17.5777966187,local_obstruction_before_drift
rank157_Q503_exact_power_anchor,exact_power_anchor,157,7,7,3,182,229,340966,39639961520548696,340966,503,prime_block_le_503,45,7425387163249856130442960012501049141001305819406163509869875583601074657992881456415943936664692413,229.960829033,2954312706550833698643,49.4375529901,0,0,1,340966,167.783737998,49.4375529901,1.00433362966,0.981835595208,1.02732660865,constructed_exact_power_root,6.016985028,0.333333333333,5.68365169466,C_from_near_power_row_as_positive_control,positive_control_survivor,local_residue_sieve,blocked_unfilled,darmon_granville_ceiling,blocked_unfilled,blocked_unfilled,Z,survivor_kandidat_requires_overlap_check,blocked_unfilled,blocked_unfilled,positive_control_passed,Q_503,pass_predefined,45,2.93284374395e-06,49.4375529901,1.09861228867,blocked_unfilled,control_class=exact_power_anchor,49.4375529901,positive_control_survivor
rank158_Q503_actual_near_miss,actual_near_miss,158,6,7,3,188,165,149981,3373717662443141,149981,503,prime_block_le_503,45,7425387163249856130442960012501049141001305819406163509869875583601074657992881456415943936664692413,229.960829033,129140163,18.6764089074,27,7,0,,199.366156227,18.6764089074,1.06458717886,0.931123127448,1.48391462919,none_visible,6.4316086916,0.333333333333,6.09827535827,existing_near_power_csv,local_obstruction_before_drift,local_residue_sieve,blocked_unfilled,darmon_granville_ceiling,blocked_unfilled,blocked_unfilled,Z,residue_only,blocked_unfilled,blocked_unfilled,under_test,Q_503,pass_predefined,45,0,18.6764089074,0.415031309052,blocked_unfilled,control_class=actual_near_miss,18.6764089074,local_obstruction_before_drift
rank158_Q503_random_root_sets,random_root_sets,158,6,7,3,188,165,149981,3373717662443141,149981,503,prime_block_le_503,45,7425387163249856130442960012501049141001305819406163509869875583601074657992881456415943936664692413,229.960829033,129140163,18.6764089074,27,7,0,,199.366156227,18.6764089074,0.958125501997,0.659517612972,1.05393942492,none_visible,6.4316086916,0.333333333333,6.09827535827,deterministic_seeded_random_sets_same_cardinality,local_obstruction_before_drift,local_residue_sieve,blocked_unfilled,darmon_granville_ceiling,blocked_unfilled,blocked_unfilled,Z,residue_only,blocked_unfilled,blocked_unfilled,negative_control_passed,Q_503,pass_predefined,45,0,18.6764089074,0.415031309052,blocked_unfilled,control_class=random_root_sets,18.6764089074,local_obstruction_before_drift
rank158_Q503_exact_power_anchor,exact_power_anchor,158,6,7,3,188,165,149981,3373717662443141,149981,503,prime_block_le_503,45,7425387163249856130442960012501049141001305819406163509869875583601074657992881456415943936664692413,229.960829033,328256967394537077627,47.2403284127,0,0,1,149981,170.802236722,47.2403284127,1.01121527863,0.981262070973,1.0593141798,constructed_exact_power_root,6.4316086916,0.333333333333,6.09827535827,C_from_near_power_row_as_positive_control,positive_control_survivor,local_residue_sieve,blocked_unfilled,darmon_granville_ceiling,blocked_unfilled,blocked_unfilled,Z,survivor_kandidat_requires_overlap_check,blocked_unfilled,blocked_unfilled,positive_control_passed,Q_503,pass_predefined,45,6.66751121809e-06,47.2403284127,1.04978507584,blocked_unfilled,control_class=exact_power_anchor,47.2403284127,positive_control_survivor
rank159_Q503_actual_near_miss,actual_near_miss,159,6,7,3,149,129,84596,605409854140736,84596,503,prime_block_le_503,45,7425387163249856130442960012501049141001305819406163509869875583601074657992881456415943936664692413,229.960829033,1594323,14.2819597527,32,7,0,,204.333227017,14.2819597527,0.920119351585,0,1.12055862899,none_visible,6.75621599022,0.333333333333,6.42288265689,existing_near_power_csv,local_obstruction_before_drift,local_residue_sieve,blocked_unfilled,darmon_granville_ceiling,blocked_unfilled,blocked_unfilled,Z,residue_only,blocked_unfilled,blocked_unfilled,under_test,Q_503,pass_predefined,45,0,14.2819597527,0.317376883393,blocked_unfilled,control_class=actual_near_miss,14.2819597527,local_obstruction_before_drift
rank159_Q503_random_root_sets,random_root_sets,159,6,7,3,149,129,84596,605409854140736,84596,503,prime_block_le_503,45,7425387163249856130442960012501049141001305819406163509869875583601074657992881456415943936664692413,229.960829033,1594323,14.2819597527,32,7,0,,204.333227017,14.2819597527,0.970307785326,0.800892871215,1.12055862899,none_visible,6.75621599022,0.333333333333,6.42288265689,deterministic_seeded_random_sets_same_cardinality,local_obstruction_before_drift,local_residue_sieve,blocked_unfilled,darmon_granville_ceiling,blocked_unfilled,blocked_unfilled,Z,residue_only,blocked_unfilled,blocked_unfilled,negative_control_passed,Q_503,pass_predefined,45,0,14.2819597527,0.317376883393,blocked_unfilled,control_class=random_root_sets,14.2819597527,local_obstruction_before_drift
rank159_Q503_exact_power_anchor,exact_power_anchor,159,6,7,3,149,129,84596,605409854140736,84596,503,prime_block_le_503,45,7425387163249856130442960012501049141001305819406163509869875583601074657992881456415943936664692413,229.960829033,2954312706550833698643,49.4375529901,0,0,1,84596,169.17763378,49.4375529901,1.0293426228,0.927013885605,1.3047661828,constructed_exact_power_root,6.75621599022,0.333333333333,6.42288265689,C_from_near_power_row_as_positive_control,positive_control_survivor,local_residue_sieve,blocked_unfilled,darmon_granville_ceiling,blocked_unfilled,blocked_unfilled,Z,survivor_kandidat_requires_overlap_check,blocked_unfilled,blocked_unfilled,positive_control_passed,Q_503,pass_predefined,45,1.18208898766e-05,49.4375529901,1.09861228867,blocked_unfilled,control_class=exact_power_anchor,49.4375529901,positive_control_survivor
rank160_Q503_actual_near_miss,actual_near_miss,160,6,7,3,204,229,321069,33097495072171509,321069,503,prime_block_le_503,45,7425387163249856130442960012501049141001305819406163509869875583601074657992881456415943936664692413,229.960829033,2541865828329,28.5639195054,19,13,0,,188.717498195,28.5639195054,1.0138630637,0.866436809533,1.13553784389,none_visible,6.04551801884,0.333333333333,5.71218468551,existing_near_power_csv,local_obstruction_before_drift,local_residue_sieve,blocked_unfilled,darmon_granville_ceiling,blocked_unfilled,blocked_unfilled,Z,residue_only,blocked_unfilled,blocked_unfilled,under_test,Q_503,pass_predefined,45,0,28.5639195054,0.634753766786,blocked_unfilled,control_class=actual_near_miss,28.5639195054,local_obstruction_before_drift
rank160_Q503_random_root_sets,random_root_sets,160,6,7,3,204,229,321069,33097495072171509,321069,503,prime_block_le_503,45,7425387163249856130442960012501049141001305819406163509869875583601074657992881456415943936664692413,229.960829033,2541865828329,28.5639195054,19,13,0,,188.717498195,28.5639195054,0.996769645569,0.883196100804,1.14554330827,none_visible,6.04551801884,0.333333333333,5.71218468551,deterministic_seeded_random_sets_same_cardinality,local_obstruction_before_drift,local_residue_sieve,blocked_unfilled,darmon_granville_ceiling,blocked_unfilled,blocked_unfilled,Z,residue_only,blocked_unfilled,blocked_unfilled,negative_control_passed,Q_503,pass_predefined,45,0,28.5639195054,0.634753766786,blocked_unfilled,control_class=random_root_sets,28.5639195054,local_obstruction_before_drift
rank160_Q503_exact_power_anchor,exact_power_anchor,160,6,7,3,204,229,321069,33097495072171509,321069,503,prime_block_le_503,45,7425387163249856130442960012501049141001305819406163509869875583601074657992881456415943936664692413,229.960829033,984770902183611232881,48.3389407014,0,0,1,321069,168.942476999,48.3389407014,1.00232919819,0.969949000232,1.0426810298,constructed_exact_power_root,6.04551801884,0.333333333333,5.71218468551,C_from_near_power_row_as_positive_control,positive_control_survivor,local_residue_sieve,blocked_unfilled,darmon_granville_ceiling,blocked_unfilled,blocked_unfilled,Z,survivor_kandidat_requires_overlap_check,blocked_unfilled,blocked_unfilled,positive_control_passed,Q_503,pass_predefined,45,3.11459530506e-06,48.3389407014,1.07419868225,blocked_unfilled,control_class=exact_power_anchor,48.3389407014,positive_control_survivor
rank161_Q503_actual_near_miss,actual_near_miss,161,7,7,3,159,218,296128,25967995095089152,296128,503,prime_block_le_503,45,7425387163249856130442960012501049141001305819406163509869875583601074657992881456415943936664692413,229.960829033,1162261467,20.8736334847,25,31,0,,196.488648476,20.8736334847,0.993982924406,0.855877638499,1.05295570384,none_visible,6.08432140928,0.333333333333,5.75098807595,existing_near_power_csv,local_obstruction_before_drift,local_residue_sieve,blocked_unfilled,darmon_granville_ceiling,blocked_unfilled,blocked_unfilled,Z,residue_only,blocked_unfilled,blocked_unfilled,under_test,Q_503,pass_predefined,45,0,20.8736334847,0.463858521882,blocked_unfilled,control_class=actual_near_miss,20.8736334847,local_obstruction_before_drift
rank161_Q503_random_root_sets,random_root_sets,161,7,7,3,159,218,296128,25967995095089152,296128,503,prime_block_le_503,45,7425387163249856130442960012501049141001305819406163509869875583601074657992881456415943936664692413,229.960829033,1162261467,20.8736334847,25,31,0,,196.488648476,20.8736334847,1.01437350626,0.955716221814,1.09832872572,none_visible,6.08432140928,0.333333333333,5.75098807595,deterministic_seeded_random_sets_same_cardinality,local_obstruction_before_drift,local_residue_sieve,blocked_unfilled,darmon_granville_ceiling,blocked_unfilled,blocked_unfilled,Z,residue_only,blocked_unfilled,blocked_unfilled,negative_control_passed,Q_503,pass_predefined,45,0,20.8736334847,0.463858521882,blocked_unfilled,control_class=random_root_sets,20.8736334847,local_obstruction_before_drift
rank161_Q503_exact_power_anchor,exact_power_anchor,161,7,7,3,159,218,296128,25967995095089152,296128,503,prime_block_le_503,45,7425387163249856130442960012501049141001305819406163509869875583601074657992881456415943936664692413,229.960829033,984770902183611232881,48.3389407014,0,0,1,296128,169.023341259,48.3389407014,1.00203220117,0.971019664169,1.05608948383,constructed_exact_power_root,6.08432140928,0.333333333333,5.75098807595,C_from_near_power_row_as_positive_control,positive_control_survivor,local_residue_sieve,blocked_unfilled,darmon_granville_ceiling,blocked_unfilled,blocked_unfilled,Z,survivor_kandidat_requires_overlap_check,blocked_unfilled,blocked_unfilled,positive_control_passed,Q_503,pass_predefined,45,3.37691808947e-06,48.3389407014,1.07419868225,blocked_unfilled,control_class=exact_power_anchor,48.3389407014,positive_control_survivor
rank162_Q503_actual_near_miss,actual_near_miss,162,7,7,3,131,162,153124,3590292207490624,153124,503,prime_block_le_503,45,7425387163249856130442960012501049141001305819406163509869875583601074657992881456415943936664692413,229.960829033,282429536481,26.366694928,21,31,0,,191.655130775,26.366694928,0.985137838463,0.863893895724,1.09151406703,none_visible,6.42043624255,0.333333333333,6.08710290922,existing_near_power_csv,local_obstruction_before_drift,local_residue_sieve,blocked_unfilled,darmon_granville_ceiling,blocked_unfilled,blocked_unfilled,Z,residue_only,blocked_unfilled,blocked_unfilled,under_test,Q_503,pass_predefined,45,0,26.366694928,0.585926553956,blocked_unfilled,control_class=actual_near_miss,26.366694928,local_obstruction_before_drift
rank162_Q503_random_root_sets,random_root_sets,162,7,7,3,131,162,153124,3590292207490624,153124,503,prime_block_le_503,45,7425387163249856130442960012501049141001305819406163509869875583601074657992881456415943936664692413,229.960829033,282429536481,26.366694928,21,31,0,,191.655130775,26.366694928,1.00110926486,0.92593874536,1.11072072307,none_visible,6.42043624255,0.333333333333,6.08710290922,deterministic_seeded_random_sets_same_cardinality,local_obstruction_before_drift,local_residue_sieve,blocked_unfilled,darmon_granville_ceiling,blocked_unfilled,blocked_unfilled,Z,residue_only,blocked_unfilled,blocked_unfilled,negative_control_passed,Q_503,pass_predefined,45,0,26.366694928,0.585926553956,blocked_unfilled,control_class=random_root_sets,26.366694928,local_obstruction_before_drift
rank162_Q503_exact_power_anchor,exact_power_anchor,162,7,7,3,131,162,153124,3590292207490624,153124,503,prime_block_le_503,45,7425387163249856130442960012501049141001305819406163509869875583601074657992881456415943936664692413,229.960829033,2954312706550833698643,49.4375529901,0,0,1,153124,168.584272713,49.4375529901,1.00601349354,0.961120834531,1.0646317146,constructed_exact_power_root,6.42043624255,0.333333333333,6.08710290922,C_from_near_power_row_as_positive_control,positive_control_survivor,local_residue_sieve,blocked_unfilled,darmon_granville_ceiling,blocked_unfilled,blocked_unfilled,Z,survivor_kandidat_requires_overlap_check,blocked_unfilled,blocked_unfilled,positive_control_passed,Q_503,pass_predefined,45,6.53065489407e-06,49.4375529901,1.09861228867,blocked_unfilled,control_class=exact_power_anchor,49.4375529901,positive_control_survivor
rank163_Q503_actual_near_miss,actual_near_miss,163,6,7,3,217,184,193498,7244850723821992,193498,503,prime_block_le_503,45,7425387163249856130442960012501049141001305819406163509869875583601074657992881456415943936664692413,229.960829033,10460353203,23.070858062,24,7,0,,194.716948515,23.070858062,1.0155314841,0.94871379664,1.12534898437,none_visible,6.29700716958,0.333333333333,5.96367383625,existing_near_power_csv,local_obstruction_before_drift,local_residue_sieve,blocked_unfilled,darmon_granville_ceiling,blocked_unfilled,blocked_unfilled,Z,residue_only,blocked_unfilled,blocked_unfilled,under_test,Q_503,pass_predefined,45,0,23.070858062,0.512685734712,blocked_unfilled,control_class=actual_near_miss,23.070858062,local_obstruction_before_drift
rank163_Q503_random_root_sets,random_root_sets,163,6,7,3,217,184,193498,7244850723821992,193498,503,prime_block_le_503,45,7425387163249856130442960012501049141001305819406163509869875583601074657992881456415943936664692413,229.960829033,10460353203,23.070858062,24,7,0,,194.716948515,23.070858062,0.978635552937,0.855265228122,1.04632433755,none_visible,6.29700716958,0.333333333333,5.96367383625,deterministic_seeded_random_sets_same_cardinality,local_obstruction_before_drift,local_residue_sieve,blocked_unfilled,darmon_granville_ceiling,blocked_unfilled,blocked_unfilled,Z,residue_only,blocked_unfilled,blocked_unfilled,negative_control_passed,Q_503,pass_predefined,45,0,23.070858062,0.512685734712,blocked_unfilled,control_class=random_root_sets,23.070858062,local_obstruction_before_drift
rank163_Q503_exact_power_anchor,exact_power_anchor,163,6,7,3,217,184,193498,7244850723821992,193498,503,prime_block_le_503,45,7425387163249856130442960012501049141001305819406163509869875583601074657992881456415943936664692413,229.960829033,2954312706550833698643,49.4375529901,0,0,1,193498,168.350253587,49.4375529901,1.00456098599,0.967687865852,1.04308629087,constructed_exact_power_root,6.29700716958,0.333333333333,5.96367383625,C_from_near_power_row_as_positive_control,positive_control_survivor,local_residue_sieve,blocked_unfilled,darmon_granville_ceiling,blocked_unfilled,blocked_unfilled,Z,survivor_kandidat_requires_overlap_check,blocked_unfilled,blocked_unfilled,positive_control_passed,Q_503,pass_predefined,45,5.16801207248e-06,49.4375529901,1.09861228867,blocked_unfilled,control_class=exact_power_anchor,49.4375529901,positive_control_survivor
rank164_Q503_actual_near_miss,actual_near_miss,164,7,7,3,185,199,270421,19775216339828461,270421,503,prime_block_le_503,45,7425387163249856130442960012501049141001305819406163509869875583601074657992881456415943936664692413,229.960829033,129140163,18.6764089074,28,13,0,,198.776684843,18.6764089074,1.01921543425,0.945353109904,1.16745083489,none_visible,6.12849632201,0.333333333333,5.79516298868,existing_near_power_csv,local_obstruction_before_drift,local_residue_sieve,blocked_unfilled,darmon_granville_ceiling,blocked_unfilled,blocked_unfilled,Z,residue_only,blocked_unfilled,blocked_unfilled,under_test,Q_503,pass_predefined,45,0,18.6764089074,0.415031309052,blocked_unfilled,control_class=actual_near_miss,18.6764089074,local_obstruction_before_drift
rank164_Q503_random_root_sets,random_root_sets,164,7,7,3,185,199,270421,19775216339828461,270421,503,prime_block_le_503,45,7425387163249856130442960012501049141001305819406163509869875583601074657992881456415943936664692413,229.960829033,129140163,18.6764089074,28,13,0,,198.776684843,18.6764089074,0.99374321788,0.790524568892,1.05098305564,none_visible,6.12849632201,0.333333333333,5.79516298868,deterministic_seeded_random_sets_same_cardinality,local_obstruction_before_drift,local_residue_sieve,blocked_unfilled,darmon_granville_ceiling,blocked_unfilled,blocked_unfilled,Z,residue_only,blocked_unfilled,blocked_unfilled,negative_control_passed,Q_503,pass_predefined,45,0,18.6764089074,0.415031309052,blocked_unfilled,control_class=random_root_sets,18.6764089074,local_obstruction_before_drift
rank164_Q503_exact_power_anchor,exact_power_anchor,164,7,7,3,185,199,270421,19775216339828461,270421,503,prime_block_le_503,45,7425387163249856130442960012501049141001305819406163509869875583601074657992881456415943936664692413,229.960829033,2954312706550833698643,49.4375529901,0,0,1,270421,168.01554076,49.4375529901,1.00062984781,0.952398913792,1.02814294912,constructed_exact_power_root,6.12849632201,0.333333333333,5.79516298868,C_from_near_power_row_as_positive_control,positive_control_survivor,local_residue_sieve,blocked_unfilled,darmon_granville_ceiling,blocked_unfilled,blocked_unfilled,Z,survivor_kandidat_requires_overlap_check,blocked_unfilled,blocked_unfilled,positive_control_passed,Q_503,pass_predefined,45,3.69793766017e-06,49.4375529901,1.09861228867,blocked_unfilled,control_class=exact_power_anchor,49.4375529901,positive_control_survivor
rank165_Q503_actual_near_miss,actual_near_miss,165,7,7,3,81,199,231344,12381541599555584,231344,503,prime_block_le_503,45,7425387163249856130442960012501049141001305819406163509869875583601074657992881456415943936664692413,229.960829033,14348907,16.47918433,29,13,0,,201.129983644,16.47918433,1.0099338359,0.929230928833,1.1356224689,none_visible,6.20593532399,0.333333333333,5.87260199066,existing_near_power_csv,local_obstruction_before_drift,local_residue_sieve,blocked_unfilled,darmon_granville_ceiling,blocked_unfilled,blocked_unfilled,Z,residue_only,blocked_unfilled,blocked_unfilled,under_test,Q_503,pass_predefined,45,0,16.47918433,0.366204096223,blocked_unfilled,control_class=actual_near_miss,16.47918433,local_obstruction_before_drift
rank165_Q503_random_root_sets,random_root_sets,165,7,7,3,81,199,231344,12381541599555584,231344,503,prime_block_le_503,45,7425387163249856130442960012501049141001305819406163509869875583601074657992881456415943936664692413,229.960829033,14348907,16.47918433,29,13,0,,201.129983644,16.47918433,0.962705626125,0.744494970453,1.17145607119,none_visible,6.20593532399,0.333333333333,5.87260199066,deterministic_seeded_random_sets_same_cardinality,local_obstruction_before_drift,local_residue_sieve,blocked_unfilled,darmon_granville_ceiling,blocked_unfilled,blocked_unfilled,Z,residue_only,blocked_unfilled,blocked_unfilled,negative_control_passed,Q_503,pass_predefined,45,0,16.47918433,0.366204096223,blocked_unfilled,control_class=random_root_sets,16.47918433,local_obstruction_before_drift
rank165_Q503_exact_power_anchor,exact_power_anchor,165,7,7,3,81,199,231344,12381541599555584,231344,503,prime_block_le_503,45,7425387163249856130442960012501049141001305819406163509869875583601074657992881456415943936664692413,229.960829033,984770902183611232881,48.3389407014,0,0,1,231344,169.270227272,48.3389407014,1.00423489519,0.947834778031,1.0329936756,constructed_exact_power_root,6.20593532399,0.333333333333,5.87260199066,C_from_near_power_row_as_positive_control,positive_control_survivor,local_residue_sieve,blocked_unfilled,darmon_granville_ceiling,blocked_unfilled,blocked_unfilled,Z,survivor_kandidat_requires_overlap_check,blocked_unfilled,blocked_unfilled,positive_control_passed,Q_503,pass_predefined,45,4.32256725915e-06,48.3389407014,1.07419868225,blocked_unfilled,control_class=exact_power_anchor,48.3389407014,positive_control_survivor
rank166_Q503_actual_near_miss,actual_near_miss,166,6,7,3,221,161,142940,2920527724184000,142940,503,prime_block_le_503,45,7425387163249856130442960012501049141001305819406163509869875583601074657992881456415943936664692413,229.960829033,177147,12.0847351753,33,19,0,,206.005913617,12.0847351753,0.937890377117,0.566701646378,1.06444273433,none_visible,6.45766181497,0.333333333333,6.12432848164,existing_near_power_csv,local_obstruction_before_drift,local_residue_sieve,blocked_unfilled,darmon_granville_ceiling,blocked_unfilled,blocked_unfilled,Z,residue_only,blocked_unfilled,blocked_unfilled,under_test,Q_503,pass_predefined,45,0,12.0847351753,0.268549670563,blocked_unfilled,control_class=actual_near_miss,12.0847351753,local_obstruction_before_drift
rank166_Q503_random_root_sets,random_root_sets,166,6,7,3,221,161,142940,2920527724184000,142940,503,prime_block_le_503,45,7425387163249856130442960012501049141001305819406163509869875583601074657992881456415943936664692413,229.960829033,177147,12.0847351753,33,19,0,,206.005913617,12.0847351753,1.02215699743,0.925360291031,1.14778850489,none_visible,6.45766181497,0.333333333333,6.12432848164,deterministic_seeded_random_sets_same_cardinality,local_obstruction_before_drift,local_residue_sieve,blocked_unfilled,darmon_granville_ceiling,blocked_unfilled,blocked_unfilled,Z,residue_only,blocked_unfilled,blocked_unfilled,negative_control_passed,Q_503,pass_predefined,45,0,12.0847351753,0.268549670563,blocked_unfilled,control_class=random_root_sets,12.0847351753,local_obstruction_before_drift
rank166_Q503_exact_power_anchor,exact_power_anchor,166,6,7,3,221,161,142940,2920527724184000,142940,503,prime_block_le_503,45,7425387163249856130442960012501049141001305819406163509869875583601074657992881456415943936664692413,229.960829033,984770902183611232881,48.3389407014,0,0,1,142940,169.751708091,48.3389407014,1.00654768382,0.992393856008,1.04445377237,constructed_exact_power_root,6.45766181497,0.333333333333,6.12432848164,C_from_near_power_row_as_positive_control,positive_control_survivor,local_residue_sieve,blocked_unfilled,darmon_granville_ceiling,blocked_unfilled,blocked_unfilled,Z,survivor_kandidat_requires_overlap_check,blocked_unfilled,blocked_unfilled,positive_control_passed,Q_503,pass_predefined,45,6.99594235344e-06,48.3389407014,1.07419868225,blocked_unfilled,control_class=exact_power_anchor,48.3389407014,positive_control_survivor
rank167_Q503_actual_near_miss,actual_near_miss,167,6,7,4,127,91,2734,55871977259536,2734,503,prime_block_le_503,95,31398901067973367931867134116182661800398427494539659144913198607495744580381215857356437160911524359731932107778284285404578948682310117300678465382306156119946455274779322906621879885004896897929424563183835,480.081887144,9007199254740992,36.7368005697,52,3,0,,435.431565557,36.7368005697,0.894873201658,0,2.54604059985,none_visible,15.1665069852,0.25,14.9165069852,existing_near_power_csv,local_obstruction_before_drift,local_residue_sieve,blocked_unfilled,darmon_granville_ceiling,blocked_unfilled,blocked_unfilled,Z,residue_only,blocked_unfilled,blocked_unfilled,under_test,Q_503,pass_predefined,95,0,36.7368005697,0.386703163891,blocked_unfilled,control_class=actual_near_miss,36.7368005697,local_obstruction_before_drift
rank167_Q503_random_root_sets,random_root_sets,167,6,7,4,127,91,2734,55871977259536,2734,503,prime_block_le_503,95,31398901067973367931867134116182661800398427494539659144913198607495744580381215857356437160911524359731932107778284285404578948682310117300678465382306156119946455274779322906621879885004896897929424563183835,480.081887144,9007199254740992,36.7368005697,52,3,0,,435.431565557,36.7368005697,1.00635610979,0,4.83641185077,none_visible,15.1665069852,0.25,14.9165069852,deterministic_seeded_random_sets_same_cardinality,local_obstruction_before_drift,local_residue_sieve,blocked_unfilled,darmon_granville_ceiling,blocked_unfilled,blocked_unfilled,Z,residue_only,blocked_unfilled,blocked_unfilled,negative_control_passed,Q_503,pass_predefined,95,0,36.7368005697,0.386703163891,blocked_unfilled,control_class=random_root_sets,36.7368005697,local_obstruction_before_drift
rank167_Q503_exact_power_anchor,exact_power_anchor,167,6,7,4,127,91,2734,55871977259536,2734,503,prime_block_le_503,95,31398901067973367931867134116182661800398427494539659144913198607495744580381215857356437160911524359731932107778284285404578948682310117300678465382306156119946455274779322906621879885004896897929424563183835,480.081887144,696898287454081973172991196020261297061888,96.3474580978,0,0,1,2734,375.820908029,96.3474580978,1.08564793648,0.924012435991,1.57882223848,constructed_exact_power_root,15.1665069852,0.25,14.9165069852,C_from_near_power_row_as_positive_control,positive_control_survivor,local_residue_sieve,blocked_unfilled,darmon_granville_ceiling,blocked_unfilled,blocked_unfilled,Z,survivor_kandidat_requires_overlap_check,blocked_unfilled,blocked_unfilled,positive_control_passed,Q_503,pass_predefined,95,0.000365764447696,96.3474580978,1.01418376945,blocked_unfilled,control_class=exact_power_anchor,96.3474580978,positive_control_survivor
rank168_Q503_actual_near_miss,actual_near_miss,168,7,7,3,193,250,414101,71009889658672301,414101,503,prime_block_le_503,45,7425387163249856130442960012501049141001305819406163509869875583601074657992881456415943936664692413,229.960829033,43046721,17.5777966187,29,7,0,,199.44916723,17.5777966187,1.00362336009,0.971524660248,1.11499931981,none_visible,5.92658177465,0.333333333333,5.59324844131,existing_near_power_csv,local_obstruction_before_drift,local_residue_sieve,blocked_unfilled,darmon_granville_ceiling,blocked_unfilled,blocked_unfilled,Z,residue_only,blocked_unfilled,blocked_unfilled,under_test,Q_503,pass_predefined,45,0,17.5777966187,0.390617702638,blocked_unfilled,control_class=actual_near_miss,17.5777966187,local_obstruction_before_drift
rank168_Q503_random_root_sets,random_root_sets,168,7,7,3,193,250,414101,71009889658672301,414101,503,prime_block_le_503,45,7425387163249856130442960012501049141001305819406163509869875583601074657992881456415943936664692413,229.960829033,43046721,17.5777966187,29,7,0,,199.44916723,17.5777966187,1.01239919372,0.995101839084,1.06597048653,none_visible,5.92658177465,0.333333333333,5.59324844131,deterministic_seeded_random_sets_same_cardinality,local_obstruction_before_drift,local_residue_sieve,blocked_unfilled,darmon_granville_ceiling,blocked_unfilled,blocked_unfilled,Z,residue_only,blocked_unfilled,blocked_unfilled,negative_control_passed,Q_503,pass_predefined,45,0,17.5777966187,0.390617702638,blocked_unfilled,control_class=random_root_sets,17.5777966187,local_obstruction_before_drift
rank168_Q503_exact_power_anchor,exact_power_anchor,168,7,7,3,193,250,414101,71009889658672301,414101,503,prime_block_le_503,45,7425387163249856130442960012501049141001305819406163509869875583601074657992881456415943936664692413,229.960829033,2954312706550833698643,49.4375529901,0,0,1,414101,167.589410858,49.4375529901,1.00244255137,0.984184212708,1.03657749626,constructed_exact_power_root,5.92658177465,0.333333333333,5.59324844131,C_from_near_power_row_as_positive_control,positive_control_survivor,local_residue_sieve,blocked_unfilled,darmon_granville_ceiling,blocked_unfilled,blocked_unfilled,Z,survivor_kandidat_requires_overlap_check,blocked_unfilled,blocked_unfilled,positive_control_passed,Q_503,pass_predefined,45,2.41486980229e-06,49.4375529901,1.09861228867,blocked_unfilled,control_class=exact_power_anchor,49.4375529901,positive_control_survivor
rank169_Q503_actual_near_miss,actual_near_miss,169,7,7,3,229,237,421762,75024367721822728,421762,503,prime_block_le_503,45,7425387163249856130442960012501049141001305819406163509869875583601074657992881456415943936664692413,229.960829033,129140163,18.6764089074,28,7,0,,198.332223673,18.6764089074,1.00426015344,0.984199883136,1.02663271387,none_visible,5.9181938721,0.333333333333,5.58486053877,existing_near_power_csv,local_obstruction_before_drift,local_residue_sieve,blocked_unfilled,darmon_granville_ceiling,blocked_unfilled,blocked_unfilled,Z,residue_only,blocked_unfilled,blocked_unfilled,under_test,Q_503,pass_predefined,45,0,18.6764089074,0.415031309052,blocked_unfilled,control_class=actual_near_miss,18.6764089074,local_obstruction_before_drift
rank169_Q503_random_root_sets,random_root_sets,169,7,7,3,229,237,421762,75024367721822728,421762,503,prime_block_le_503,45,7425387163249856130442960012501049141001305819406163509869875583601074657992881456415943936664692413,229.960829033,129140163,18.6764089074,28,7,0,,198.332223673,18.6764089074,1.00498174589,0.972240268208,1.06940907695,none_visible,5.9181938721,0.333333333333,5.58486053877,deterministic_seeded_random_sets_same_cardinality,local_obstruction_before_drift,local_residue_sieve,blocked_unfilled,darmon_granville_ceiling,blocked_unfilled,blocked_unfilled,Z,residue_only,blocked_unfilled,blocked_unfilled,negative_control_passed,Q_503,pass_predefined,45,0,18.6764089074,0.415031309052,blocked_unfilled,control_class=random_root_sets,18.6764089074,local_obstruction_before_drift
rank169_Q503_exact_power_anchor,exact_power_anchor,169,7,7,3,229,237,421762,75024367721822728,421762,503,prime_block_le_503,45,7425387163249856130442960012501049141001305819406163509869875583601074657992881456415943936664692413,229.960829033,984770902183611232881,48.3389407014,0,0,1,421762,168.669691879,48.3389407014,1.00286963009,0.974131013331,1.02245447538,constructed_exact_power_root,5.9181938721,0.333333333333,5.58486053877,C_from_near_power_row_as_positive_control,positive_control_survivor,local_residue_sieve,blocked_unfilled,darmon_granville_ceiling,blocked_unfilled,blocked_unfilled,Z,survivor_kandidat_requires_overlap_check,blocked_unfilled,blocked_unfilled,positive_control_passed,Q_503,pass_predefined,45,2.37100544857e-06,48.3389407014,1.07419868225,blocked_unfilled,control_class=exact_power_anchor,48.3389407014,positive_control_survivor
rank170_Q503_actual_near_miss,actual_near_miss,170,4,5,3,194,235,8955,718119583875,8955,503,prime_block_le_503,45,7425387163249856130442960012501049141001305819406163509869875583601074657992881456415943936664692413,229.960829033,43046721,17.5777966187,28,7,0,,203.2830651,17.5777966187,0.877512562814,0,2.71076369502,none_visible,8.42350384661,0.333333333333,8.09017051327,existing_near_power_csv,local_obstruction_before_drift,local_residue_sieve,blocked_unfilled,darmon_granville_ceiling,blocked_unfilled,blocked_unfilled,Z,residue_only,blocked_unfilled,blocked_unfilled,under_test,Q_503,pass_predefined,45,0,17.5777966187,0.390617702638,blocked_unfilled,control_class=actual_near_miss,17.5777966187,local_obstruction_before_drift
rank170_Q503_random_root_sets,random_root_sets,170,4,5,3,194,235,8955,718119583875,8955,503,prime_block_le_503,45,7425387163249856130442960012501049141001305819406163509869875583601074657992881456415943936664692413,229.960829033,43046721,17.5777966187,28,7,0,,203.2830651,17.5777966187,0.851663409641,0,1.97172281159,none_visible,8.42350384661,0.333333333333,8.09017051327,deterministic_seeded_random_sets_same_cardinality,local_obstruction_before_drift,local_residue_sieve,blocked_unfilled,darmon_granville_ceiling,blocked_unfilled,blocked_unfilled,Z,residue_only,blocked_unfilled,blocked_unfilled,negative_control_passed,Q_503,pass_predefined,45,0,17.5777966187,0.390617702638,blocked_unfilled,control_class=random_root_sets,17.5777966187,local_obstruction_before_drift
rank170_Q503_exact_power_anchor,exact_power_anchor,170,4,5,3,194,235,8955,718119583875,8955,503,prime_block_le_503,45,7425387163249856130442960012501049141001305819406163509869875583601074657992881456415943936664692413,229.960829033,984770902183611232881,48.3389407014,0,0,1,8955,172.521921017,48.3389407014,1.20975608495,0.633624914697,2.85925925926,constructed_exact_power_root,8.42350384661,0.333333333333,8.09017051327,C_from_near_power_row_as_positive_control,positive_control_survivor,local_residue_sieve,blocked_unfilled,darmon_granville_ceiling,blocked_unfilled,blocked_unfilled,Z,survivor_kandidat_requires_overlap_check,blocked_unfilled,blocked_unfilled,positive_control_passed,Q_503,pass_predefined,45,0.000111669458403,48.3389407014,1.07419868225,blocked_unfilled,control_class=exact_power_anchor,48.3389407014,positive_control_survivor
rank171_Q503_actual_near_miss,actual_near_miss,171,7,7,3,87,218,286175,23436625181609375,286175,503,prime_block_le_503,45,7425387163249856130442960012501049141001305819406163509869875583601074657992881456415943936664692413,229.960829033,4782969,15.3805720414,30,7,0,,202.015898201,15.3805720414,1.00494702293,0.970022616309,1.08857051338,none_visible,6.10087716803,0.333333333333,5.7675438347,existing_near_power_csv,local_obstruction_before_drift,local_residue_sieve,blocked_unfilled,darmon_granville_ceiling,blocked_unfilled,blocked_unfilled,Z,residue_only,blocked_unfilled,blocked_unfilled,under_test,Q_503,pass_predefined,45,0,15.3805720414,0.341790489808,blocked_unfilled,control_class=actual_near_miss,15.3805720414,local_obstruction_before_drift
rank171_Q503_random_root_sets,random_root_sets,171,7,7,3,87,218,286175,23436625181609375,286175,503,prime_block_le_503,45,7425387163249856130442960012501049141001305819406163509869875583601074657992881456415943936664692413,229.960829033,4782969,15.3805720414,30,7,0,,202.015898201,15.3805720414,1.00148876603,0.888483154247,1.08857051338,none_visible,6.10087716803,0.333333333333,5.7675438347,deterministic_seeded_random_sets_same_cardinality,local_obstruction_before_drift,local_residue_sieve,blocked_unfilled,darmon_granville_ceiling,blocked_unfilled,blocked_unfilled,Z,residue_only,blocked_unfilled,blocked_unfilled,negative_control_passed,Q_503,pass_predefined,45,0,15.3805720414,0.341790489808,blocked_unfilled,control_class=random_root_sets,15.3805720414,local_obstruction_before_drift
rank171_Q503_exact_power_anchor,exact_power_anchor,171,7,7,3,87,218,286175,23436625181609375,286175,503,prime_block_le_503,45,7425387163249856130442960012501049141001305819406163509869875583601074657992881456415943936664692413,229.960829033,2954312706550833698643,49.4375529901,0,0,1,286175,167.958917252,49.4375529901,1.00424190068,0.978166040593,1.07068052765,constructed_exact_power_root,6.10087716803,0.333333333333,5.7675438347,C_from_near_power_row_as_positive_control,positive_control_survivor,local_residue_sieve,blocked_unfilled,darmon_granville_ceiling,blocked_unfilled,blocked_unfilled,Z,survivor_kandidat_requires_overlap_check,blocked_unfilled,blocked_unfilled,positive_control_passed,Q_503,pass_predefined,45,3.4943653359e-06,49.4375529901,1.09861228867,blocked_unfilled,control_class=exact_power_anchor,49.4375529901,positive_control_survivor
rank172_Q503_actual_near_miss,actual_near_miss,172,7,7,3,157,199,245021,14709906899144261,245021,503,prime_block_le_503,45,7425387163249856130442960012501049141001305819406163509869875583601074657992881456415943936664692413,229.960829033,14348907,16.47918433,30,31,0,,201.072545503,16.47918433,0.99929507176,0.939017471972,1.044379416,none_visible,6.17720983944,0.333333333333,5.8438765061,existing_near_power_csv,local_obstruction_before_drift,local_residue_sieve,blocked_unfilled,darmon_granville_ceiling,blocked_unfilled,blocked_unfilled,Z,residue_only,blocked_unfilled,blocked_unfilled,under_test,Q_503,pass_predefined,45,0,16.47918433,0.366204096223,blocked_unfilled,control_class=actual_near_miss,16.47918433,local_obstruction_before_drift
rank172_Q503_random_root_sets,random_root_sets,172,7,7,3,157,199,245021,14709906899144261,245021,503,prime_block_le_503,45,7425387163249856130442960012501049141001305819406163509869875583601074657992881456415943936664692413,229.960829033,14348907,16.47918433,30,31,0,,201.072545503,16.47918433,0.990408758614,0.868273875845,1.044379416,none_visible,6.17720983944,0.333333333333,5.8438765061,deterministic_seeded_random_sets_same_cardinality,local_obstruction_before_drift,local_residue_sieve,blocked_unfilled,darmon_granville_ceiling,blocked_unfilled,blocked_unfilled,Z,residue_only,blocked_unfilled,blocked_unfilled,negative_control_passed,Q_503,pass_predefined,45,0,16.47918433,0.366204096223,blocked_unfilled,control_class=random_root_sets,16.47918433,local_obstruction_before_drift
rank172_Q503_exact_power_anchor,exact_power_anchor,172,7,7,3,157,199,245021,14709906899144261,245021,503,prime_block_le_503,45,7425387163249856130442960012501049141001305819406163509869875583601074657992881456415943936664692413,229.960829033,984770902183611232881,48.3389407014,0,0,1,245021,169.212789131,48.3389407014,1.00076508937,0.926306089863,1.03205303491,constructed_exact_power_root,6.17720983944,0.333333333333,5.8438765061,C_from_near_power_row_as_positive_control,positive_control_survivor,local_residue_sieve,blocked_unfilled,darmon_granville_ceiling,blocked_unfilled,blocked_unfilled,Z,survivor_kandidat_requires_overlap_check,blocked_unfilled,blocked_unfilled,positive_control_passed,Q_503,pass_predefined,45,4.08128282882e-06,48.3389407014,1.07419868225,blocked_unfilled,control_class=exact_power_anchor,48.3389407014,positive_control_survivor
rank173_Q503_actual_near_miss,actual_near_miss,173,5,5,3,79,219,7973,506833476317,7973,503,prime_block_le_503,45,7425387163249856130442960012501049141001305819406163509869875583601074657992881456415943936664692413,229.960829033,1162261467,20.8736334847,26,37,0,,200.103379436,20.8736334847,1.11714149452,0,3.14228577003,none_visible,8.53241080602,0.333333333333,8.19907747269,existing_near_power_csv,local_obstruction_before_drift,local_residue_sieve,blocked_unfilled,darmon_granville_ceiling,blocked_unfilled,blocked_unfilled,Z,residue_only,blocked_unfilled,blocked_unfilled,under_test,Q_503,pass_predefined,45,0,20.8736334847,0.463858521882,blocked_unfilled,control_class=actual_near_miss,20.8736334847,local_obstruction_before_drift
rank173_Q503_random_root_sets,random_root_sets,173,5,5,3,79,219,7973,506833476317,7973,503,prime_block_le_503,45,7425387163249856130442960012501049141001305819406163509869875583601074657992881456415943936664692413,229.960829033,1162261467,20.8736334847,26,37,0,,200.103379436,20.8736334847,1.31392756107,0,6.28457154006,none_visible,8.53241080602,0.333333333333,8.19907747269,deterministic_seeded_random_sets_same_cardinality,local_obstruction_before_drift,local_residue_sieve,blocked_unfilled,darmon_granville_ceiling,blocked_unfilled,blocked_unfilled,Z,residue_only,blocked_unfilled,blocked_unfilled,negative_control_passed,Q_503,pass_predefined,45,0,20.8736334847,0.463858521882,blocked_unfilled,control_class=random_root_sets,20.8736334847,local_obstruction_before_drift
rank173_Q503_exact_power_anchor,exact_power_anchor,173,5,5,3,79,219,7973,506833476317,7973,503,prime_block_le_503,45,7425387163249856130442960012501049141001305819406163509869875583601074657992881456415943936664692413,229.960829033,328256967394537077627,47.2403284127,0,0,1,7973,173.736684508,47.2403284127,1.26141177864,0.585002160068,2.1349972825,constructed_exact_power_root,8.53241080602,0.333333333333,8.19907747269,C_from_near_power_row_as_positive_control,positive_control_survivor,local_residue_sieve,blocked_unfilled,darmon_granville_ceiling,blocked_unfilled,blocked_unfilled,Z,survivor_kandidat_requires_overlap_check,blocked_unfilled,blocked_unfilled,positive_control_passed,Q_503,pass_predefined,45,0.00012542330365,47.2403284127,1.04978507584,blocked_unfilled,control_class=exact_power_anchor,47.2403284127,positive_control_survivor
rank174_Q503_actual_near_miss,actual_near_miss,174,7,7,3,111,217,283831,22865435737145191,283831,503,prime_block_le_503,45,7425387163249856130442960012501049141001305819406163509869875583601074657992881456415943936664692413,229.960829033,129140163,18.6764089074,28,13,0,,198.728285856,18.6764089074,1.00679010769,0.939584549335,1.05896309972,none_visible,6.10487336562,0.333333333333,5.77154003229,existing_near_power_csv,local_obstruction_before_drift,local_residue_sieve,blocked_unfilled,darmon_granville_ceiling,blocked_unfilled,blocked_unfilled,Z,residue_only,blocked_unfilled,blocked_unfilled,under_test,Q_503,pass_predefined,45,0,18.6764089074,0.415031309052,blocked_unfilled,control_class=actual_near_miss,18.6764089074,local_obstruction_before_drift
rank174_Q503_random_root_sets,random_root_sets,174,7,7,3,111,217,283831,22865435737145191,283831,503,prime_block_le_503,45,7425387163249856130442960012501049141001305819406163509869875583601074657992881456415943936664692413,229.960829033,129140163,18.6764089074,28,13,0,,198.728285856,18.6764089074,1.0001816662,0.8929586033,1.05754911275,none_visible,6.10487336562,0.333333333333,5.77154003229,deterministic_seeded_random_sets_same_cardinality,local_obstruction_before_drift,local_residue_sieve,blocked_unfilled,darmon_granville_ceiling,blocked_unfilled,blocked_unfilled,Z,residue_only,blocked_unfilled,blocked_unfilled,negative_control_passed,Q_503,pass_predefined,45,0,18.6764089074,0.415031309052,blocked_unfilled,control_class=random_root_sets,18.6764089074,local_obstruction_before_drift
rank174_Q503_exact_power_anchor,exact_power_anchor,174,7,7,3,111,217,283831,22865435737145191,283831,503,prime_block_le_503,45,7425387163249856130442960012501049141001305819406163509869875583601074657992881456415943936664692413,229.960829033,2954312706550833698643,49.4375529901,0,0,1,283831,167.967141773,49.4375529901,1.00661995721,0.980858719136,1.05953151308,constructed_exact_power_root,6.10487336562,0.333333333333,5.77154003229,C_from_near_power_row_as_positive_control,positive_control_survivor,local_residue_sieve,blocked_unfilled,darmon_granville_ceiling,blocked_unfilled,blocked_unfilled,Z,survivor_kandidat_requires_overlap_check,blocked_unfilled,blocked_unfilled,positive_control_passed,Q_503,pass_predefined,45,3.52322332656e-06,49.4375529901,1.09861228867,blocked_unfilled,control_class=exact_power_anchor,49.4375529901,positive_control_survivor
rank175_Q503_actual_near_miss,actual_near_miss,175,6,7,3,120,157,133030,2354229369127000,133030,503,prime_block_le_503,45,7425387163249856130442960012501049141001305819406163509869875583601074657992881456415943936664692413,229.960829033,387420489,19.775021196,26,7,0,,198.387477891,19.775021196,1.00918645474,0.831821560717,1.22057430655,none_visible,6.49698813566,0.333333333333,6.16365480232,existing_near_power_csv,local_obstruction_before_drift,local_residue_sieve,blocked_unfilled,darmon_granville_ceiling,blocked_unfilled,blocked_unfilled,Z,residue_only,blocked_unfilled,blocked_unfilled,under_test,Q_503,pass_predefined,45,0,19.775021196,0.439444915467,blocked_unfilled,control_class=actual_near_miss,19.775021196,local_obstruction_before_drift
rank175_Q503_random_root_sets,random_root_sets,175,6,7,3,120,157,133030,2354229369127000,133030,503,prime_block_le_503,45,7425387163249856130442960012501049141001305819406163509869875583601074657992881456415943936664692413,229.960829033,387420489,19.775021196,26,7,0,,198.387477891,19.775021196,1.04621759874,0.831821560717,1.25585623961,none_visible,6.49698813566,0.333333333333,6.16365480232,deterministic_seeded_random_sets_same_cardinality,local_obstruction_before_drift,local_residue_sieve,blocked_unfilled,darmon_granville_ceiling,blocked_unfilled,blocked_unfilled,Z,residue_only,blocked_unfilled,blocked_unfilled,negative_control_passed,Q_503,pass_predefined,45,0,19.775021196,0.439444915467,blocked_unfilled,control_class=random_root_sets,19.775021196,local_obstruction_before_drift
rank175_Q503_exact_power_anchor,exact_power_anchor,175,6,7,3,120,157,133030,2354229369127000,133030,503,prime_block_le_503,45,7425387163249856130442960012501049141001305819406163509869875583601074657992881456415943936664692413,229.960829033,2954312706550833698643,49.4375529901,0,0,1,133030,168.724946097,49.4375529901,1.0189321679,0.970243136469,1.15162745245,constructed_exact_power_root,6.49698813566,0.333333333333,6.16365480232,C_from_near_power_row_as_positive_control,positive_control_survivor,local_residue_sieve,blocked_unfilled,darmon_granville_ceiling,blocked_unfilled,blocked_unfilled,Z,survivor_kandidat_requires_overlap_check,blocked_unfilled,blocked_unfilled,positive_control_passed,Q_503,pass_predefined,45,7.5171014057e-06,49.4375529901,1.09861228867,blocked_unfilled,control_class=exact_power_anchor,49.4375529901,positive_control_survivor
rank176_Q503_actual_near_miss,actual_near_miss,176,5,5,3,107,211,7561,432252699481,7561,503,prime_block_le_503,45,7425387163249856130442960012501049141001305819406163509869875583601074657992881456415943936664692413,229.960829033,2187,7.69028602068,38,7,0,,213.339784277,7.69028602068,0.462492713584,0,1.12245587738,none_visible,8.58310160955,0.333333333333,8.24976827621,existing_near_power_csv,local_obstruction_before_drift,local_residue_sieve,blocked_unfilled,darmon_granville_ceiling,blocked_unfilled,blocked_unfilled,Z,residue_only,blocked_unfilled,blocked_unfilled,under_test,Q_503,pass_predefined,45,0,7.69028602068,0.170895244904,blocked_unfilled,control_class=actual_near_miss,7.69028602068,local_obstruction_before_drift
rank176_Q503_random_root_sets,random_root_sets,176,5,5,3,107,211,7561,432252699481,7561,503,prime_block_le_503,45,7425387163249856130442960012501049141001305819406163509869875583601074657992881456415943936664692413,229.960829033,2187,7.69028602068,38,7,0,,213.339784277,7.69028602068,1.64759462544,0.308439506826,4.10533586092,none_visible,8.58310160955,0.333333333333,8.24976827621,deterministic_seeded_random_sets_same_cardinality,local_obstruction_before_drift,local_residue_sieve,blocked_unfilled,darmon_granville_ceiling,blocked_unfilled,blocked_unfilled,Z,residue_only,blocked_unfilled,blocked_unfilled,negative_control_passed,Q_503,pass_predefined,45,0,7.69028602068,0.170895244904,blocked_unfilled,control_class=random_root_sets,7.69028602068,local_obstruction_before_drift
rank176_Q503_exact_power_anchor,exact_power_anchor,176,5,5,3,107,211,7561,432252699481,7561,503,prime_block_le_503,45,7425387163249856130442960012501049141001305819406163509869875583601074657992881456415943936664692413,229.960829033,2954312706550833698643,49.4375529901,0,0,1,7561,171.592517307,49.4375529901,1.25007592568,0.934370821026,2.25640347397,constructed_exact_power_root,8.58310160955,0.333333333333,8.24976827621,C_from_near_power_row_as_positive_control,positive_control_survivor,local_residue_sieve,blocked_unfilled,darmon_granville_ceiling,blocked_unfilled,blocked_unfilled,Z,survivor_kandidat_requires_overlap_check,blocked_unfilled,blocked_unfilled,positive_control_passed,Q_503,pass_predefined,45,0.000132257637879,49.4375529901,1.09861228867,blocked_unfilled,control_class=exact_power_anchor,49.4375529901,positive_control_survivor
rank177_Q503_actual_near_miss,actual_near_miss,177,5,6,3,195,226,51112,133526856636928,51112,503,prime_block_le_503,45,7425387163249856130442960012501049141001305819406163509869875583601074657992881456415943936664692413,229.960829033,43046721,17.5777966187,28,19,0,,201.541257832,17.5777966187,1.0146875163,0.751428236031,1.33376810838,none_visible,7.0702087648,0.333333333333,6.73687543147,existing_near_power_csv,local_obstruction_before_drift,local_residue_sieve,blocked_unfilled,darmon_granville_ceiling,blocked_unfilled,blocked_unfilled,Z,residue_only,blocked_unfilled,blocked_unfilled,under_test,Q_503,pass_predefined,45,0,17.5777966187,0.390617702638,blocked_unfilled,control_class=actual_near_miss,17.5777966187,local_obstruction_before_drift
rank177_Q503_random_root_sets,random_root_sets,177,5,6,3,195,226,51112,133526856636928,51112,503,prime_block_le_503,45,7425387163249856130442960012501049141001305819406163509869875583601074657992881456415943936664692413,229.960829033,43046721,17.5777966187,28,19,0,,201.541257832,17.5777966187,1.05403886998,0.868230552512,1.3203792108,none_visible,7.0702087648,0.333333333333,6.73687543147,deterministic_seeded_random_sets_same_cardinality,local_obstruction_before_drift,local_residue_sieve,blocked_unfilled,darmon_granville_ceiling,blocked_unfilled,blocked_unfilled,Z,residue_only,blocked_unfilled,blocked_unfilled,negative_control_passed,Q_503,pass_predefined,45,0,17.5777966187,0.390617702638,blocked_unfilled,control_class=random_root_sets,17.5777966187,local_obstruction_before_drift
rank177_Q503_exact_power_anchor,exact_power_anchor,177,5,6,3,195,226,51112,133526856636928,51112,503,prime_block_le_503,45,7425387163249856130442960012501049141001305819406163509869875583601074657992881456415943936664692413,229.960829033,2954312706550833698643,49.4375529901,0,0,1,51112,169.681501461,49.4375529901,1.01134373388,0.918412288482,1.12516086677,constructed_exact_power_root,7.0702087648,0.333333333333,6.73687543147,C_from_near_power_row_as_positive_control,positive_control_survivor,local_residue_sieve,blocked_unfilled,darmon_granville_ceiling,blocked_unfilled,blocked_unfilled,Z,survivor_kandidat_requires_overlap_check,blocked_unfilled,blocked_unfilled,positive_control_passed,Q_503,pass_predefined,45,1.95648771326e-05,49.4375529901,1.09861228867,blocked_unfilled,control_class=exact_power_anchor,49.4375529901,positive_control_survivor
rank178_Q503_actual_near_miss,actual_near_miss,178,7,6,3,43,178,31774,32078619752824,31774,503,prime_block_le_503,45,7425387163249856130442960012501049141001305819406163509869875583601074657992881456415943936664692413,229.960829033,1162261467,20.8736334847,26,7,0,,198.720791924,20.8736334847,1.2454396288,0.788488841331,2.45451557178,none_visible,7.39442650083,0.333333333333,7.06109316749,existing_near_power_csv,local_obstruction_before_drift,local_residue_sieve,blocked_unfilled,darmon_granville_ceiling,blocked_unfilled,blocked_unfilled,Z,residue_only,blocked_unfilled,blocked_unfilled,under_test,Q_503,pass_predefined,45,0,20.8736334847,0.463858521882,blocked_unfilled,control_class=actual_near_miss,20.8736334847,local_obstruction_before_drift
rank178_Q503_random_root_sets,random_root_sets,178,7,6,3,43,178,31774,32078619752824,31774,503,prime_block_le_503,45,7425387163249856130442960012501049141001305819406163509869875583601074657992881456415943936664692413,229.960829033,1162261467,20.8736334847,26,7,0,,198.720791924,20.8736334847,0.95822832862,0,2.36252911185,none_visible,7.39442650083,0.333333333333,7.06109316749,deterministic_seeded_random_sets_same_cardinality,local_obstruction_before_drift,local_residue_sieve,blocked_unfilled,darmon_granville_ceiling,blocked_unfilled,blocked_unfilled,Z,residue_only,blocked_unfilled,blocked_unfilled,negative_control_passed,Q_503,pass_predefined,45,0,20.8736334847,0.463858521882,blocked_unfilled,control_class=random_root_sets,20.8736334847,local_obstruction_before_drift
rank178_Q503_exact_power_anchor,exact_power_anchor,178,7,6,3,43,178,31774,32078619752824,31774,503,prime_block_le_503,45,7425387163249856130442960012501049141001305819406163509869875583601074657992881456415943936664692413,229.960829033,2954312706550833698643,49.4375529901,0,0,1,31774,170.156872419,49.4375529901,1.02569769367,0.714308694041,1.7369232706,constructed_exact_power_root,7.39442650083,0.333333333333,7.06109316749,C_from_near_power_row_as_positive_control,positive_control_survivor,local_residue_sieve,blocked_unfilled,darmon_granville_ceiling,blocked_unfilled,blocked_unfilled,Z,survivor_kandidat_requires_overlap_check,blocked_unfilled,blocked_unfilled,positive_control_passed,Q_503,pass_predefined,45,3.14722729276e-05,49.4375529901,1.09861228867,blocked_unfilled,control_class=exact_power_anchor,49.4375529901,positive_control_survivor
rank179_Q503_actual_near_miss,actual_near_miss,179,6,6,3,101,187,35256,43822698057216,35256,503,prime_block_le_503,45,7425387163249856130442960012501049141001305819406163509869875583601074657992881456415943936664692413,229.960829033,1162261467,20.8736334847,24,7,0,,198.616804542,20.8736334847,1.00692301389,0.44552542672,1.87089667952,none_visible,7.32098826394,0.333333333333,6.98765493061,existing_near_power_csv,local_obstruction_before_drift,local_residue_sieve,blocked_unfilled,darmon_granville_ceiling,blocked_unfilled,blocked_unfilled,Z,residue_only,blocked_unfilled,blocked_unfilled,under_test,Q_503,pass_predefined,45,0,20.8736334847,0.463858521882,blocked_unfilled,control_class=actual_near_miss,20.8736334847,local_obstruction_before_drift
rank179_Q503_random_root_sets,random_root_sets,179,6,6,3,101,187,35256,43822698057216,35256,503,prime_block_le_503,45,7425387163249856130442960012501049141001305819406163509869875583601074657992881456415943936664692413,229.960829033,1162261467,20.8736334847,24,7,0,,198.616804542,20.8736334847,0.997950388271,0,1.62526473035,none_visible,7.32098826394,0.333333333333,6.98765493061,deterministic_seeded_random_sets_same_cardinality,local_obstruction_before_drift,local_residue_sieve,blocked_unfilled,darmon_granville_ceiling,blocked_unfilled,blocked_unfilled,Z,residue_only,blocked_unfilled,blocked_unfilled,negative_control_passed,Q_503,pass_predefined,45,0,20.8736334847,0.463858521882,blocked_unfilled,control_class=random_root_sets,20.8736334847,local_obstruction_before_drift
rank179_Q503_exact_power_anchor,exact_power_anchor,179,6,6,3,101,187,35256,43822698057216,35256,503,prime_block_le_503,45,7425387163249856130442960012501049141001305819406163509869875583601074657992881456415943936664692413,229.960829033,984770902183611232881,48.3389407014,0,0,1,35256,171.151497325,48.3389407014,1.02775164616,0.741449839901,1.20977044097,constructed_exact_power_root,7.32098826394,0.333333333333,6.98765493061,C_from_near_power_row_as_positive_control,positive_control_survivor,local_residue_sieve,blocked_unfilled,darmon_granville_ceiling,blocked_unfilled,blocked_unfilled,Z,survivor_kandidat_requires_overlap_check,blocked_unfilled,blocked_unfilled,positive_control_passed,Q_503,pass_predefined,45,2.83639664171e-05,48.3389407014,1.07419868225,blocked_unfilled,control_class=exact_power_anchor,48.3389407014,positive_control_survivor
rank180_Q503_actual_near_miss,actual_near_miss,180,6,7,3,212,151,123436,1880725960305856,123436,503,prime_block_le_503,45,7425387163249856130442960012501049141001305819406163509869875583601074657992881456415943936664692413,229.960829033,1162261467,20.8736334847,26,7,0,,197.363717466,20.8736334847,1.03406868717,0.656245611761,1.80303153051,none_visible,6.53846999507,0.333333333333,6.20513666173,existing_near_power_csv,local_obstruction_before_drift,local_residue_sieve,blocked_unfilled,darmon_granville_ceiling,blocked_unfilled,blocked_unfilled,Z,residue_only,blocked_unfilled,blocked_unfilled,under_test,Q_503,pass_predefined,45,0,20.8736334847,0.463858521882,blocked_unfilled,control_class=actual_near_miss,20.8736334847,local_obstruction_before_drift
rank180_Q503_random_root_sets,random_root_sets,180,6,7,3,212,151,123436,1880725960305856,123436,503,prime_block_le_503,45,7425387163249856130442960012501049141001305819406163509869875583601074657992881456415943936664692413,229.960829033,1162261467,20.8736334847,26,7,0,,197.363717466,20.8736334847,0.983403605167,0.656245611761,1.19774980107,none_visible,6.53846999507,0.333333333333,6.20513666173,deterministic_seeded_random_sets_same_cardinality,local_obstruction_before_drift,local_residue_sieve,blocked_unfilled,darmon_granville_ceiling,blocked_unfilled,blocked_unfilled,Z,residue_only,blocked_unfilled,blocked_unfilled,negative_control_passed,Q_503,pass_predefined,45,0,20.8736334847,0.463858521882,blocked_unfilled,control_class=random_root_sets,20.8736334847,local_obstruction_before_drift
rank180_Q503_exact_power_anchor,exact_power_anchor,180,6,7,3,212,151,123436,1880725960305856,123436,503,prime_block_le_503,45,7425387163249856130442960012501049141001305819406163509869875583601074657992881456415943936664692413,229.960829033,2954312706550833698643,49.4375529901,0,0,1,123436,168.799797961,49.4375529901,1.00023208908,0.911904864779,1.09292624878,constructed_exact_power_root,6.53846999507,0.333333333333,6.20513666173,C_from_near_power_row_as_positive_control,positive_control_survivor,local_residue_sieve,blocked_unfilled,darmon_granville_ceiling,blocked_unfilled,blocked_unfilled,Z,survivor_kandidat_requires_overlap_check,blocked_unfilled,blocked_unfilled,positive_control_passed,Q_503,pass_predefined,45,8.10136426974e-06,49.4375529901,1.09861228867,blocked_unfilled,control_class=exact_power_anchor,49.4375529901,positive_control_survivor
rank181_Q503_actual_near_miss,actual_near_miss,181,6,7,3,152,165,149508,3341898809704512,149508,503,prime_block_le_503,45,7425387163249856130442960012501049141001305819406163509869875583601074657992881456415943936664692413,229.960829033,531441,13.183347464,33,7,0,,204.862376387,13.183347464,0.984254482649,0.814006979931,1.20094576879,none_visible,6.43331372289,0.333333333333,6.09998038956,existing_near_power_csv,local_obstruction_before_drift,local_residue_sieve,blocked_unfilled,darmon_granville_ceiling,blocked_unfilled,blocked_unfilled,Z,residue_only,blocked_unfilled,blocked_unfilled,under_test,Q_503,pass_predefined,45,0,13.183347464,0.292963276978,blocked_unfilled,control_class=actual_near_miss,13.183347464,local_obstruction_before_drift
rank181_Q503_random_root_sets,random_root_sets,181,6,7,3,152,165,149508,3341898809704512,149508,503,prime_block_le_503,45,7425387163249856130442960012501049141001305819406163509869875583601074657992881456415943936664692413,229.960829033,531441,13.183347464,33,7,0,,204.862376387,13.183347464,0.962990460562,0.667192093771,1.1396097719,none_visible,6.43331372289,0.333333333333,6.09998038956,deterministic_seeded_random_sets_same_cardinality,local_obstruction_before_drift,local_residue_sieve,blocked_unfilled,darmon_granville_ceiling,blocked_unfilled,blocked_unfilled,Z,residue_only,blocked_unfilled,blocked_unfilled,negative_control_passed,Q_503,pass_predefined,45,0,13.183347464,0.292963276978,blocked_unfilled,control_class=random_root_sets,13.183347464,local_obstruction_before_drift
rank181_Q503_exact_power_anchor,exact_power_anchor,181,6,7,3,152,165,149508,3341898809704512,149508,503,prime_block_le_503,45,7425387163249856130442960012501049141001305819406163509869875583601074657992881456415943936664692413,229.960829033,2954312706550833698643,49.4375529901,0,0,1,149508,168.608170861,49.4375529901,1.00626511749,0.943351229068,1.04954621529,constructed_exact_power_root,6.43331372289,0.333333333333,6.09998038956,C_from_near_power_row_as_positive_control,positive_control_survivor,local_residue_sieve,blocked_unfilled,darmon_granville_ceiling,blocked_unfilled,blocked_unfilled,Z,survivor_kandidat_requires_overlap_check,blocked_unfilled,blocked_unfilled,positive_control_passed,Q_503,pass_predefined,45,6.68860529202e-06,49.4375529901,1.09861228867,blocked_unfilled,control_class=exact_power_anchor,49.4375529901,positive_control_survivor
rank182_Q503_actual_near_miss,actual_near_miss,182,7,7,3,203,227,356385,45264554441366625,356385,503,prime_block_le_503,45,7425387163249856130442960012501049141001305819406163509869875583601074657992881456415943936664692413,229.960829033,1594323,14.2819597527,31,7,0,,202.895102394,14.2819597527,0.994811478847,0.885591892663,1.08046541428,none_visible,5.99616766797,0.333333333333,5.66283433464,existing_near_power_csv,local_obstruction_before_drift,local_residue_sieve,blocked_unfilled,darmon_granville_ceiling,blocked_unfilled,blocked_unfilled,Z,residue_only,blocked_unfilled,blocked_unfilled,under_test,Q_503,pass_predefined,45,0,14.2819597527,0.317376883393,blocked_unfilled,control_class=actual_near_miss,14.2819597527,local_obstruction_before_drift
rank182_Q503_random_root_sets,random_root_sets,182,7,7,3,203,227,356385,45264554441366625,356385,503,prime_block_le_503,45,7425387163249856130442960012501049141001305819406163509869875583601074657992881456415943936664692413,229.960829033,1594323,14.2819597527,31,7,0,,202.895102394,14.2819597527,0.991914510968,0.885591892663,1.06679823474,none_visible,5.99616766797,0.333333333333,5.66283433464,deterministic_seeded_random_sets_same_cardinality,local_obstruction_before_drift,local_residue_sieve,blocked_unfilled,darmon_granville_ceiling,blocked_unfilled,blocked_unfilled,Z,residue_only,blocked_unfilled,blocked_unfilled,negative_control_passed,Q_503,pass_predefined,45,0,14.2819597527,0.317376883393,blocked_unfilled,control_class=random_root_sets,14.2819597527,local_obstruction_before_drift
rank182_Q503_exact_power_anchor,exact_power_anchor,182,7,7,3,203,227,356385,45264554441366625,356385,503,prime_block_le_503,45,7425387163249856130442960012501049141001305819406163509869875583601074657992881456415943936664692413,229.960829033,2954312706550833698643,49.4375529901,0,0,1,356385,167.739509157,49.4375529901,1.00138589457,0.980766119038,1.01221899537,constructed_exact_power_root,5.99616766797,0.333333333333,5.66283433464,C_from_near_power_row_as_positive_control,positive_control_survivor,local_residue_sieve,blocked_unfilled,darmon_granville_ceiling,blocked_unfilled,blocked_unfilled,Z,survivor_kandidat_requires_overlap_check,blocked_unfilled,blocked_unfilled,positive_control_passed,Q_503,pass_predefined,45,2.80595423489e-06,49.4375529901,1.09861228867,blocked_unfilled,control_class=exact_power_anchor,49.4375529901,positive_control_survivor
rank183_Q503_actual_near_miss,actual_near_miss,183,6,7,3,106,135,93547,818633651978323,93547,503,prime_block_le_503,45,7425387163249856130442960012501049141001305819406163509869875583601074657992881456415943936664692413,229.960829033,43046721,17.5777966187,29,7,0,,200.936813151,17.5777966187,0.992426306602,0.694563517091,1.33908326533,none_visible,6.69684966869,0.333333333333,6.36351633535,existing_near_power_csv,local_obstruction_before_drift,local_residue_sieve,blocked_unfilled,darmon_granville_ceiling,blocked_unfilled,blocked_unfilled,Z,residue_only,blocked_unfilled,blocked_unfilled,under_test,Q_503,pass_predefined,45,0,17.5777966187,0.390617702638,blocked_unfilled,control_class=actual_near_miss,17.5777966187,local_obstruction_before_drift
rank183_Q503_random_root_sets,random_root_sets,183,6,7,3,106,135,93547,818633651978323,93547,503,prime_block_le_503,45,7425387163249856130442960012501049141001305819406163509869875583601074657992881456415943936664692413,229.960829033,43046721,17.5777966187,29,7,0,,200.936813151,17.5777966187,0.938101386152,0.463042344727,1.07126661227,none_visible,6.69684966869,0.333333333333,6.36351633535,deterministic_seeded_random_sets_same_cardinality,local_obstruction_before_drift,local_residue_sieve,blocked_unfilled,darmon_granville_ceiling,blocked_unfilled,blocked_unfilled,Z,residue_only,blocked_unfilled,blocked_unfilled,negative_control_passed,Q_503,pass_predefined,45,0,17.5777966187,0.390617702638,blocked_unfilled,control_class=random_root_sets,17.5777966187,local_obstruction_before_drift
rank183_Q503_exact_power_anchor,exact_power_anchor,183,6,7,3,106,135,93547,818633651978323,93547,503,prime_block_le_503,45,7425387163249856130442960012501049141001305819406163509869875583601074657992881456415943936664692413,229.960829033,984770902183611232881,48.3389407014,0,0,1,93547,170.175669069,48.3389407014,1.01328085625,0.970483048925,1.11436912877,constructed_exact_power_root,6.69684966869,0.333333333333,6.36351633535,C_from_near_power_row_as_positive_control,positive_control_survivor,local_residue_sieve,blocked_unfilled,darmon_granville_ceiling,blocked_unfilled,blocked_unfilled,Z,survivor_kandidat_requires_overlap_check,blocked_unfilled,blocked_unfilled,positive_control_passed,Q_503,pass_predefined,45,1.06898136765e-05,48.3389407014,1.07419868225,blocked_unfilled,control_class=exact_power_anchor,48.3389407014,positive_control_survivor
rank184_Q503_actual_near_miss,actual_near_miss,184,6,7,3,169,203,242323,14229312292552267,242323,503,prime_block_le_503,45,7425387163249856130442960012501049141001305819406163509869875583601074657992881456415943936664692413,229.960829033,14348907,16.47918433,30,19,0,,201.083617877,16.47918433,0.984879030343,0.919637563638,1.01967942695,none_visible,6.18272655429,0.333333333333,5.84939322096,existing_near_power_csv,local_obstruction_before_drift,local_residue_sieve,blocked_unfilled,darmon_granville_ceiling,blocked_unfilled,blocked_unfilled,Z,residue_only,blocked_unfilled,blocked_unfilled,under_test,Q_503,pass_predefined,45,0,16.47918433,0.366204096223,blocked_unfilled,control_class=actual_near_miss,16.47918433,local_obstruction_before_drift
rank184_Q503_random_root_sets,random_root_sets,184,6,7,3,169,203,242323,14229312292552267,242323,503,prime_block_le_503,45,7425387163249856130442960012501049141001305819406163509869875583601074657992881456415943936664692413,229.960829033,14348907,16.47918433,30,19,0,,201.083617877,16.47918433,0.995505375909,0.950583404061,1.05959080328,none_visible,6.18272655429,0.333333333333,5.84939322096,deterministic_seeded_random_sets_same_cardinality,local_obstruction_before_drift,local_residue_sieve,blocked_unfilled,darmon_granville_ceiling,blocked_unfilled,blocked_unfilled,Z,residue_only,blocked_unfilled,blocked_unfilled,negative_control_passed,Q_503,pass_predefined,45,0,16.47918433,0.366204096223,blocked_unfilled,control_class=random_root_sets,16.47918433,local_obstruction_before_drift
rank184_Q503_exact_power_anchor,exact_power_anchor,184,6,7,3,169,203,242323,14229312292552267,242323,503,prime_block_le_503,45,7425387163249856130442960012501049141001305819406163509869875583601074657992881456415943936664692413,229.960829033,2954312706550833698643,49.4375529901,0,0,1,242323,168.125249217,49.4375529901,0.999543309275,0.981902942216,1.01458934287,constructed_exact_power_root,6.18272655429,0.333333333333,5.84939322096,C_from_near_power_row_as_positive_control,positive_control_survivor,local_residue_sieve,blocked_unfilled,darmon_granville_ceiling,blocked_unfilled,blocked_unfilled,Z,survivor_kandidat_requires_overlap_check,blocked_unfilled,blocked_unfilled,positive_control_passed,Q_503,pass_predefined,45,4.12672342287e-06,49.4375529901,1.09861228867,blocked_unfilled,control_class=exact_power_anchor,49.4375529901,positive_control_survivor
rank185_Q503_actual_near_miss,actual_near_miss,185,7,7,3,109,153,128975,2145441166859375,128975,503,prime_block_le_503,45,7425387163249856130442960012501049141001305819406163509869875583601074657992881456415943936664692413,229.960829033,1594323,14.2819597527,32,7,0,,203.911495414,14.2819597527,0.972926564867,0.905189205488,1.01245547156,none_visible,6.51407956863,0.333333333333,6.18074623529,existing_near_power_csv,local_obstruction_before_drift,local_residue_sieve,blocked_unfilled,darmon_granville_ceiling,blocked_unfilled,blocked_unfilled,Z,residue_only,blocked_unfilled,blocked_unfilled,under_test,Q_503,pass_predefined,45,0,14.2819597527,0.317376883393,blocked_unfilled,control_class=actual_near_miss,14.2819597527,local_obstruction_before_drift
rank185_Q503_random_root_sets,random_root_sets,185,7,7,3,109,153,128975,2145441166859375,128975,503,prime_block_le_503,45,7425387163249856130442960012501049141001305819406163509869875583601074657992881456415943936664692413,229.960829033,1594323,14.2819597527,32,7,0,,203.911495414,14.2819597527,0.945677815827,0.7445611768,1.03450194913,none_visible,6.51407956863,0.333333333333,6.18074623529,deterministic_seeded_random_sets_same_cardinality,local_obstruction_before_drift,local_residue_sieve,blocked_unfilled,darmon_granville_ceiling,blocked_unfilled,blocked_unfilled,Z,residue_only,blocked_unfilled,blocked_unfilled,negative_control_passed,Q_503,pass_predefined,45,0,14.2819597527,0.317376883393,blocked_unfilled,control_class=random_root_sets,14.2819597527,local_obstruction_before_drift
rank185_Q503_exact_power_anchor,exact_power_anchor,185,7,7,3,109,153,128975,2145441166859375,128975,503,prime_block_le_503,45,7425387163249856130442960012501049141001305819406163509869875583601074657992881456415943936664692413,229.960829033,328256967394537077627,47.2403284127,0,0,1,128975,170.953126754,47.2403284127,1.0012550523,0.939477504254,1.04902414335,constructed_exact_power_root,6.51407956863,0.333333333333,6.18074623529,C_from_near_power_row_as_positive_control,positive_control_survivor,local_residue_sieve,blocked_unfilled,darmon_granville_ceiling,blocked_unfilled,blocked_unfilled,Z,survivor_kandidat_requires_overlap_check,blocked_unfilled,blocked_unfilled,positive_control_passed,Q_503,pass_predefined,45,7.75344058926e-06,47.2403284127,1.04978507584,blocked_unfilled,control_class=exact_power_anchor,47.2403284127,positive_control_survivor
rank186_Q503_actual_near_miss,actual_near_miss,186,7,7,3,130,131,108846,1289547729479736,108846,503,prime_block_le_503,45,7425387163249856130442960012501049141001305819406163509869875583601074657992881456415943936664692413,229.960829033,1594323,14.2819597527,31,7,0,,204.081179962,14.2819597527,1.029829253,0.930202100011,1.11043125149,none_visible,6.60938636781,0.333333333333,6.27605303448,existing_near_power_csv,local_obstruction_before_drift,local_residue_sieve,blocked_unfilled,darmon_granville_ceiling,blocked_unfilled,blocked_unfilled,Z,residue_only,blocked_unfilled,blocked_unfilled,under_test,Q_503,pass_predefined,45,0,14.2819597527,0.317376883393,blocked_unfilled,control_class=actual_near_miss,14.2819597527,local_obstruction_before_drift
rank186_Q503_random_root_sets,random_root_sets,186,7,7,3,130,131,108846,1289547729479736,108846,503,prime_block_le_503,45,7425387163249856130442960012501049141001305819406163509869875583601074657992881456415943936664692413,229.960829033,1594323,14.2819597527,31,7,0,,204.081179962,14.2819597527,0.992164888808,0.861178994992,1.08054499017,none_visible,6.60938636781,0.333333333333,6.27605303448,deterministic_seeded_random_sets_same_cardinality,local_obstruction_before_drift,local_residue_sieve,blocked_unfilled,darmon_granville_ceiling,blocked_unfilled,blocked_unfilled,Z,residue_only,blocked_unfilled,blocked_unfilled,negative_control_passed,Q_503,pass_predefined,45,0,14.2819597527,0.317376883393,blocked_unfilled,control_class=random_root_sets,14.2819597527,local_obstruction_before_drift
rank186_Q503_exact_power_anchor,exact_power_anchor,186,7,7,3,130,131,108846,1289547729479736,108846,503,prime_block_le_503,45,7425387163249856130442960012501049141001305819406163509869875583601074657992881456415943936664692413,229.960829033,2954312706550833698643,49.4375529901,0,0,1,108846,168.925586725,49.4375529901,1.00513373975,0.960643682103,1.09472404437,constructed_exact_power_root,6.60938636781,0.333333333333,6.27605303448,C_from_near_power_row_as_positive_control,positive_control_survivor,local_residue_sieve,blocked_unfilled,darmon_granville_ceiling,blocked_unfilled,blocked_unfilled,Z,survivor_kandidat_requires_overlap_check,blocked_unfilled,blocked_unfilled,positive_control_passed,Q_503,pass_predefined,45,9.18729213752e-06,49.4375529901,1.09861228867,blocked_unfilled,control_class=exact_power_anchor,49.4375529901,positive_control_survivor
rank187_Q503_actual_near_miss,actual_near_miss,187,6,6,3,65,152,23151,12408213711951,23151,503,prime_block_le_503,45,7425387163249856130442960012501049141001305819406163509869875583601074657992881456415943936664692413,229.960829033,31381059609,24.1694703507,23,7,0,,195.741565427,24.1694703507,1.12285914947,0,3.04653506688,none_visible,7.62738175122,0.333333333333,7.29404841788,existing_near_power_csv,local_obstruction_before_drift,local_residue_sieve,blocked_unfilled,darmon_granville_ceiling,blocked_unfilled,blocked_unfilled,Z,residue_only,blocked_unfilled,blocked_unfilled,under_test,Q_503,pass_predefined,45,0,24.1694703507,0.537099341127,blocked_unfilled,control_class=actual_near_miss,24.1694703507,local_obstruction_before_drift
rank187_Q503_random_root_sets,random_root_sets,187,6,6,3,65,152,23151,12408213711951,23151,503,prime_block_le_503,45,7425387163249856130442960012501049141001305819406163509869875583601074657992881456415943936664692413,229.960829033,31381059609,24.1694703507,23,7,0,,195.741565427,24.1694703507,1.15959359521,0,2.62469583747,none_visible,7.62738175122,0.333333333333,7.29404841788,deterministic_seeded_random_sets_same_cardinality,local_obstruction_before_drift,local_residue_sieve,blocked_unfilled,darmon_granville_ceiling,blocked_unfilled,blocked_unfilled,Z,residue_only,blocked_unfilled,blocked_unfilled,negative_control_passed,Q_503,pass_predefined,45,0,24.1694703507,0.537099341127,blocked_unfilled,control_class=random_root_sets,24.1694703507,local_obstruction_before_drift
rank187_Q503_exact_power_anchor,exact_power_anchor,187,6,6,3,65,152,23151,12408213711951,23151,503,prime_block_le_503,45,7425387163249856130442960012501049141001305819406163509869875583601074657992881456415943936664692413,229.960829033,2954312706550833698643,49.4375529901,0,0,1,23151,170.473482788,49.4375529901,1.03837227254,0.735274214217,1.35495946899,constructed_exact_power_root,7.62738175122,0.333333333333,7.29404841788,C_from_near_power_row_as_positive_control,positive_control_survivor,local_residue_sieve,blocked_unfilled,darmon_granville_ceiling,blocked_unfilled,blocked_unfilled,Z,survivor_kandidat_requires_overlap_check,blocked_unfilled,blocked_unfilled,positive_control_passed,Q_503,pass_predefined,45,4.31946784156e-05,49.4375529901,1.09861228867,blocked_unfilled,control_class=exact_power_anchor,49.4375529901,positive_control_survivor
rank188_Q503_actual_near_miss,actual_near_miss,188,7,7,3,59,130,85725,629973790453125,85725,503,prime_block_le_503,45,7425387163249856130442960012501049141001305819406163509869875583601074657992881456415943936664692413,229.960829033,129140163,18.6764089074,26,13,0,,199.925520348,18.6764089074,1.00919643275,0.863073782444,1.26198243738,none_visible,6.74833048801,0.333333333333,6.41499715468,existing_near_power_csv,local_obstruction_before_drift,local_residue_sieve,blocked_unfilled,darmon_granville_ceiling,blocked_unfilled,blocked_unfilled,Z,residue_only,blocked_unfilled,blocked_unfilled,under_test,Q_503,pass_predefined,45,0,18.6764089074,0.415031309052,blocked_unfilled,control_class=actual_near_miss,18.6764089074,local_obstruction_before_drift
rank188_Q503_random_root_sets,random_root_sets,188,7,7,3,59,130,85725,629973790453125,85725,503,prime_block_le_503,45,7425387163249856130442960012501049141001305819406163509869875583601074657992881456415943936664692413,229.960829033,129140163,18.6764089074,26,13,0,,199.925520348,18.6764089074,1.01180915143,0.815001458151,1.36465052979,none_visible,6.74833048801,0.333333333333,6.41499715468,deterministic_seeded_random_sets_same_cardinality,local_obstruction_before_drift,local_residue_sieve,blocked_unfilled,darmon_granville_ceiling,blocked_unfilled,blocked_unfilled,Z,residue_only,blocked_unfilled,blocked_unfilled,negative_control_passed,Q_503,pass_predefined,45,0,18.6764089074,0.415031309052,blocked_unfilled,control_class=random_root_sets,18.6764089074,local_obstruction_before_drift
rank188_Q503_exact_power_anchor,exact_power_anchor,188,7,7,3,59,130,85725,629973790453125,85725,503,prime_block_le_503,45,7425387163249856130442960012501049141001305819406163509869875583601074657992881456415943936664692413,229.960829033,984770902183611232881,48.3389407014,0,0,1,85725,170.262988554,48.3389407014,1.01227336552,0.914805093808,1.09517384401,constructed_exact_power_root,6.74833048801,0.333333333333,6.41499715468,C_from_near_power_row_as_positive_control,positive_control_survivor,local_residue_sieve,blocked_unfilled,darmon_granville_ceiling,blocked_unfilled,blocked_unfilled,Z,survivor_kandidat_requires_overlap_check,blocked_unfilled,blocked_unfilled,positive_control_passed,Q_503,pass_predefined,45,1.16652085156e-05,48.3389407014,1.07419868225,blocked_unfilled,control_class=exact_power_anchor,48.3389407014,positive_control_survivor
rank189_Q503_actual_near_miss,actual_near_miss,189,7,7,3,147,197,235123,12998263692805867,235123,503,prime_block_le_503,45,7425387163249856130442960012501049141001305819406163509869875583601074657992881456415943936664692413,229.960829033,14348907,16.47918433,29,13,0,,201.113780642,16.47918433,1.00975980893,0.972285900477,1.04128146639,none_visible,6.19780499713,0.333333333333,5.86447166379,existing_near_power_csv,local_obstruction_before_drift,local_residue_sieve,blocked_unfilled,darmon_granville_ceiling,blocked_unfilled,blocked_unfilled,Z,residue_only,blocked_unfilled,blocked_unfilled,under_test,Q_503,pass_predefined,45,0,16.47918433,0.366204096223,blocked_unfilled,control_class=actual_near_miss,16.47918433,local_obstruction_before_drift
rank189_Q503_random_root_sets,random_root_sets,189,7,7,3,147,197,235123,12998263692805867,235123,503,prime_block_le_503,45,7425387163249856130442960012501049141001305819406163509869875583601074657992881456415943936664692413,229.960829033,14348907,16.47918433,29,13,0,,201.113780642,16.47918433,0.989112333797,0.956776287778,1.00820657935,none_visible,6.19780499713,0.333333333333,5.86447166379,deterministic_seeded_random_sets_same_cardinality,local_obstruction_before_drift,local_residue_sieve,blocked_unfilled,darmon_granville_ceiling,blocked_unfilled,blocked_unfilled,Z,residue_only,blocked_unfilled,blocked_unfilled,negative_control_passed,Q_503,pass_predefined,45,0,16.47918433,0.366204096223,blocked_unfilled,control_class=random_root_sets,16.47918433,local_obstruction_before_drift
rank189_Q503_exact_power_anchor,exact_power_anchor,189,7,7,3,147,197,235123,12998263692805867,235123,503,prime_block_le_503,45,7425387163249856130442960012501049141001305819406163509869875583601074657992881456415943936664692413,229.960829033,984770902183611232881,48.3389407014,0,0,1,235123,169.254024271,48.3389407014,1.00096397536,0.941168381372,1.04321756887,constructed_exact_power_root,6.19780499713,0.333333333333,5.86447166379,C_from_near_power_row_as_positive_control,positive_control_survivor,local_residue_sieve,blocked_unfilled,darmon_granville_ceiling,blocked_unfilled,blocked_unfilled,Z,survivor_kandidat_requires_overlap_check,blocked_unfilled,blocked_unfilled,positive_control_passed,Q_503,pass_predefined,45,4.25309306193e-06,48.3389407014,1.07419868225,blocked_unfilled,control_class=exact_power_anchor,48.3389407014,positive_control_survivor
rank190_Q503_actual_near_miss,actual_near_miss,190,6,6,3,230,247,72120,375117352128000,72120,503,prime_block_le_503,45,7425387163249856130442960012501049141001305819406163509869875583601074657992881456415943936664692413,229.960829033,14348907,16.47918433,28,7,0,,202.295558026,16.47918433,1.08788227183,0.860496394897,1.50153293893,none_visible,6.85258499141,0.333333333333,6.51925165808,existing_near_power_csv,local_obstruction_before_drift,local_residue_sieve,blocked_unfilled,darmon_granville_ceiling,blocked_unfilled,blocked_unfilled,Z,residue_only,blocked_unfilled,blocked_unfilled,under_test,Q_503,pass_predefined,45,0,16.47918433,0.366204096223,blocked_unfilled,control_class=actual_near_miss,16.47918433,local_obstruction_before_drift
rank190_Q503_random_root_sets,random_root_sets,190,6,6,3,230,247,72120,375117352128000,72120,503,prime_block_le_503,45,7425387163249856130442960012501049141001305819406163509869875583601074657992881456415943936664692413,229.960829033,14348907,16.47918433,28,7,0,,202.295558026,16.47918433,1.04871231204,0.834282368891,1.50153293893,none_visible,6.85258499141,0.333333333333,6.51925165808,deterministic_seeded_random_sets_same_cardinality,local_obstruction_before_drift,local_residue_sieve,blocked_unfilled,darmon_granville_ceiling,blocked_unfilled,blocked_unfilled,Z,residue_only,blocked_unfilled,blocked_unfilled,negative_control_passed,Q_503,pass_predefined,45,0,16.47918433,0.366204096223,blocked_unfilled,control_class=random_root_sets,16.47918433,local_obstruction_before_drift
rank190_Q503_exact_power_anchor,exact_power_anchor,190,6,6,3,230,247,72120,375117352128000,72120,503,prime_block_le_503,45,7425387163249856130442960012501049141001305819406163509869875583601074657992881456415943936664692413,229.960829033,2954312706550833698643,49.4375529901,0,0,1,72120,169.337189366,49.4375529901,1.00517508114,0.86990201516,1.10534448758,constructed_exact_power_root,6.85258499141,0.333333333333,6.51925165808,C_from_near_power_row_as_positive_control,positive_control_survivor,local_residue_sieve,blocked_unfilled,darmon_granville_ceiling,blocked_unfilled,blocked_unfilled,Z,survivor_kandidat_requires_overlap_check,blocked_unfilled,blocked_unfilled,positive_control_passed,Q_503,pass_predefined,45,1.38657792568e-05,49.4375529901,1.09861228867,blocked_unfilled,control_class=exact_power_anchor,49.4375529901,positive_control_survivor
rank191_Q503_actual_near_miss,actual_near_miss,191,6,7,3,228,161,143330,2944498264037000,143330,503,prime_block_le_503,45,7425387163249856130442960012501049141001305819406163509869875583601074657992881456415943936664692413,229.960829033,3486784401,21.9722457734,25,13,0,,196.115678317,21.9722457734,1.01135379321,0.880797227843,1.16417203501,none_visible,6.45617985204,0.333333333333,6.12284651871,existing_near_power_csv,local_obstruction_before_drift,local_residue_sieve,blocked_unfilled,darmon_granville_ceiling,blocked_unfilled,blocked_unfilled,Z,residue_only,blocked_unfilled,blocked_unfilled,under_test,Q_503,pass_predefined,45,0,21.9722457734,0.488272128297,blocked_unfilled,control_class=actual_near_miss,21.9722457734,local_obstruction_before_drift
rank191_Q503_random_root_sets,random_root_sets,191,6,7,3,228,161,143330,2944498264037000,143330,503,prime_block_le_503,45,7425387163249856130442960012501049141001305819406163509869875583601074657992881456415943936664692413,229.960829033,3486784401,21.9722457734,25,13,0,,196.115678317,21.9722457734,1.00260569095,0.908232749599,1.07462034001,none_visible,6.45617985204,0.333333333333,6.12284651871,deterministic_seeded_random_sets_same_cardinality,local_obstruction_before_drift,local_residue_sieve,blocked_unfilled,darmon_granville_ceiling,blocked_unfilled,blocked_unfilled,Z,residue_only,blocked_unfilled,blocked_unfilled,negative_control_passed,Q_503,pass_predefined,45,0,21.9722457734,0.488272128297,blocked_unfilled,control_class=random_root_sets,21.9722457734,local_obstruction_before_drift
rank191_Q503_exact_power_anchor,exact_power_anchor,191,6,7,3,228,161,143330,2944498264037000,143330,503,prime_block_le_503,45,7425387163249856130442960012501049141001305819406163509869875583601074657992881456415943936664692413,229.960829033,2954312706550833698643,49.4375529901,0,0,1,143330,168.6503711,49.4375529901,1.01296328597,0.976544415762,1.07416218982,constructed_exact_power_root,6.45617985204,0.333333333333,6.12284651871,C_from_near_power_row_as_positive_control,positive_control_survivor,local_residue_sieve,blocked_unfilled,darmon_granville_ceiling,blocked_unfilled,blocked_unfilled,Z,survivor_kandidat_requires_overlap_check,blocked_unfilled,blocked_unfilled,positive_control_passed,Q_503,pass_predefined,45,6.97690643968e-06,49.4375529901,1.09861228867,blocked_unfilled,control_class=exact_power_anchor,49.4375529901,positive_control_survivor
rank192_Q503_actual_near_miss,actual_near_miss,192,7,7,3,79,134,92637,794974954718853,92637,503,prime_block_le_503,45,7425387163249856130442960012501049141001305819406163509869875583601074657992881456415943936664692413,229.960829033,1162261467,20.8736334847,25,7,0,,197.650751639,20.8736334847,1.04902686566,0.768129605041,1.62422142341,none_visible,6.70257383226,0.333333333333,6.36924049893,existing_near_power_csv,local_obstruction_before_drift,local_residue_sieve,blocked_unfilled,darmon_granville_ceiling,blocked_unfilled,blocked_unfilled,Z,residue_only,blocked_unfilled,blocked_unfilled,under_test,Q_503,pass_predefined,45,0,20.8736334847,0.463858521882,blocked_unfilled,control_class=actual_near_miss,20.8736334847,local_obstruction_before_drift
rank192_Q503_random_root_sets,random_root_sets,192,7,7,3,79,134,92637,794974954718853,92637,503,prime_block_le_503,45,7425387163249856130442960012501049141001305819406163509869875583601074657992881456415943936664692413,229.960829033,1162261467,20.8736334847,25,7,0,,197.650751639,20.8736334847,1.03395994439,0.779016783551,1.52603171519,none_visible,6.70257383226,0.333333333333,6.36924049893,deterministic_seeded_random_sets_same_cardinality,local_obstruction_before_drift,local_residue_sieve,blocked_unfilled,darmon_granville_ceiling,blocked_unfilled,blocked_unfilled,Z,residue_only,blocked_unfilled,blocked_unfilled,negative_control_passed,Q_503,pass_predefined,45,0,20.8736334847,0.463858521882,blocked_unfilled,control_class=random_root_sets,20.8736334847,local_obstruction_before_drift
rank192_Q503_exact_power_anchor,exact_power_anchor,192,7,7,3,79,134,92637,794974954718853,92637,503,prime_block_le_503,45,7425387163249856130442960012501049141001305819406163509869875583601074657992881456415943936664692413,229.960829033,984770902183611232881,48.3389407014,0,0,1,92637,170.185444423,48.3389407014,1.01044464075,0.875259825388,1.05912084564,constructed_exact_power_root,6.70257383226,0.333333333333,6.36924049893,C_from_near_power_row_as_positive_control,positive_control_survivor,local_residue_sieve,blocked_unfilled,darmon_granville_ceiling,blocked_unfilled,blocked_unfilled,Z,survivor_kandidat_requires_overlap_check,blocked_unfilled,blocked_unfilled,positive_control_passed,Q_503,pass_predefined,45,1.0794822803e-05,48.3389407014,1.07419868225,blocked_unfilled,control_class=exact_power_anchor,48.3389407014,positive_control_survivor
rank193_Q503_actual_near_miss,actual_near_miss,193,7,7,3,196,229,353402,44137426657600808,353402,503,prime_block_le_503,45,7425387163249856130442960012501049141001305819406163509869875583601074657992881456415943936664692413,229.960829033,1594323,14.2819597527,32,7,0,,202.903507782,14.2819597527,0.986627546387,0.764043340005,1.09415905965,none_visible,6.00011277087,0.333333333333,5.66677943754,existing_near_power_csv,local_obstruction_before_drift,local_residue_sieve,blocked_unfilled,darmon_granville_ceiling,blocked_unfilled,blocked_unfilled,Z,residue_only,blocked_unfilled,blocked_unfilled,under_test,Q_503,pass_predefined,45,0,14.2819597527,0.317376883393,blocked_unfilled,control_class=actual_near_miss,14.2819597527,local_obstruction_before_drift
rank193_Q503_random_root_sets,random_root_sets,193,7,7,3,196,229,353402,44137426657600808,353402,503,prime_block_le_503,45,7425387163249856130442960012501049141001305819406163509869875583601074657992881456415943936664692413,229.960829033,1594323,14.2819597527,32,7,0,,202.903507782,14.2819597527,1.0146922967,0.980027780765,1.06966067601,none_visible,6.00011277087,0.333333333333,5.66677943754,deterministic_seeded_random_sets_same_cardinality,local_obstruction_before_drift,local_residue_sieve,blocked_unfilled,darmon_granville_ceiling,blocked_unfilled,blocked_unfilled,Z,residue_only,blocked_unfilled,blocked_unfilled,negative_control_passed,Q_503,pass_predefined,45,0,14.2819597527,0.317376883393,blocked_unfilled,control_class=random_root_sets,14.2819597527,local_obstruction_before_drift
rank193_Q503_exact_power_anchor,exact_power_anchor,193,7,7,3,196,229,353402,44137426657600808,353402,503,prime_block_le_503,45,7425387163249856130442960012501049141001305819406163509869875583601074657992881456415943936664692413,229.960829033,984770902183611232881,48.3389407014,0,0,1,353402,168.846526833,48.3389407014,1.00076457888,0.976381948414,1.03847805678,constructed_exact_power_root,6.00011277087,0.333333333333,5.66677943754,C_from_near_power_row_as_positive_control,positive_control_survivor,local_residue_sieve,blocked_unfilled,darmon_granville_ceiling,blocked_unfilled,blocked_unfilled,Z,survivor_kandidat_requires_overlap_check,blocked_unfilled,blocked_unfilled,positive_control_passed,Q_503,pass_predefined,45,2.82963876831e-06,48.3389407014,1.07419868225,blocked_unfilled,control_class=exact_power_anchor,48.3389407014,positive_control_survivor
rank194_Q503_actual_near_miss,actual_near_miss,194,6,7,3,110,119,69775,339703119859375,69775,503,prime_block_le_503,45,7425387163249856130442960012501049141001305819406163509869875583601074657992881456415943936664692413,229.960829033,1594323,14.2819597527,32,13,0,,204.525838222,14.2819597527,1.04337354194,0.81584776464,1.49831442334,none_visible,6.87289484592,0.333333333333,6.53956151258,existing_near_power_csv,local_obstruction_before_drift,local_residue_sieve,blocked_unfilled,darmon_granville_ceiling,blocked_unfilled,blocked_unfilled,Z,residue_only,blocked_unfilled,blocked_unfilled,under_test,Q_503,pass_predefined,45,0,14.2819597527,0.317376883393,blocked_unfilled,control_class=actual_near_miss,14.2819597527,local_obstruction_before_drift
rank194_Q503_random_root_sets,random_root_sets,194,6,7,3,110,119,69775,339703119859375,69775,503,prime_block_le_503,45,7425387163249856130442960012501049141001305819406163509869875583601074657992881456415943936664692413,229.960829033,1594323,14.2819597527,32,13,0,,204.525838222,14.2819597527,0.972696498003,0.67188025001,1.13844659421,none_visible,6.87289484592,0.333333333333,6.53956151258,deterministic_seeded_random_sets_same_cardinality,local_obstruction_before_drift,local_residue_sieve,blocked_unfilled,darmon_granville_ceiling,blocked_unfilled,blocked_unfilled,Z,residue_only,blocked_unfilled,blocked_unfilled,negative_control_passed,Q_503,pass_predefined,45,0,14.2819597527,0.317376883393,blocked_unfilled,control_class=random_root_sets,14.2819597527,local_obstruction_before_drift
rank194_Q503_exact_power_anchor,exact_power_anchor,194,6,7,3,110,119,69775,339703119859375,69775,503,prime_block_le_503,45,7425387163249856130442960012501049141001305819406163509869875583601074657992881456415943936664692413,229.960829033,2954312706550833698643,49.4375529901,0,0,1,69775,169.370244984,49.4375529901,1.00976657776,0.96672479,1.10088140451,constructed_exact_power_root,6.87289484592,0.333333333333,6.53956151258,C_from_near_power_row_as_positive_control,positive_control_survivor,local_residue_sieve,blocked_unfilled,darmon_granville_ceiling,blocked_unfilled,blocked_unfilled,Z,survivor_kandidat_requires_overlap_check,blocked_unfilled,blocked_unfilled,positive_control_passed,Q_503,pass_predefined,45,1.43317807238e-05,49.4375529901,1.09861228867,blocked_unfilled,control_class=exact_power_anchor,49.4375529901,positive_control_survivor
rank195_Q503_actual_near_miss,actual_near_miss,195,6,7,3,216,247,383020,56190688799608000,383020,503,prime_block_le_503,45,7425387163249856130442960012501049141001305819406163509869875583601074657992881456415943936664692413,229.960829033,387420489,19.775021196,25,7,0,,197.329965351,19.775021196,1.01289630792,0.960404736625,1.1072554958,none_visible,5.96255047154,0.333333333333,5.62921713821,existing_near_power_csv,local_obstruction_before_drift,local_residue_sieve,blocked_unfilled,darmon_granville_ceiling,blocked_unfilled,blocked_unfilled,Z,residue_only,blocked_unfilled,blocked_unfilled,under_test,Q_503,pass_predefined,45,0,19.775021196,0.439444915467,blocked_unfilled,control_class=actual_near_miss,19.775021196,local_obstruction_before_drift
rank195_Q503_random_root_sets,random_root_sets,195,6,7,3,216,247,383020,56190688799608000,383020,503,prime_block_le_503,45,7425387163249856130442960012501049141001305819406163509869875583601074657992881456415943936664692413,229.960829033,387420489,19.775021196,25,7,0,,197.329965351,19.775021196,1.00357937121,0.955321161065,1.04758498251,none_visible,5.96255047154,0.333333333333,5.62921713821,deterministic_seeded_random_sets_same_cardinality,local_obstruction_before_drift,local_residue_sieve,blocked_unfilled,darmon_granville_ceiling,blocked_unfilled,blocked_unfilled,Z,residue_only,blocked_unfilled,blocked_unfilled,negative_control_passed,Q_503,pass_predefined,45,0,19.775021196,0.439444915467,blocked_unfilled,control_class=random_root_sets,19.775021196,local_obstruction_before_drift
rank195_Q503_exact_power_anchor,exact_power_anchor,195,6,7,3,216,247,383020,56190688799608000,383020,503,prime_block_le_503,45,7425387163249856130442960012501049141001305819406163509869875583601074657992881456415943936664692413,229.960829033,2954312706550833698643,49.4375529901,0,0,1,383020,167.667433557,49.4375529901,1.00343857153,0.980458229625,1.03737779866,constructed_exact_power_root,5.96255047154,0.333333333333,5.62921713821,C_from_near_power_row_as_positive_control,positive_control_survivor,local_residue_sieve,blocked_unfilled,darmon_granville_ceiling,blocked_unfilled,blocked_unfilled,Z,survivor_kandidat_requires_overlap_check,blocked_unfilled,blocked_unfilled,positive_control_passed,Q_503,pass_predefined,45,2.61082972169e-06,49.4375529901,1.09861228867,blocked_unfilled,control_class=exact_power_anchor,49.4375529901,positive_control_survivor
rank196_Q503_actual_near_miss,actual_near_miss,196,6,7,3,228,223,302077,27564681496130533,302077,503,prime_block_le_503,45,7425387163249856130442960012501049141001305819406163509869875583601074657992881456415943936664692413,229.960829033,177147,12.0847351753,32,13,0,,205.257656627,12.0847351753,0.992398522623,0.92449092266,1.04365222554,none_visible,6.07473083044,0.333333333333,5.74139749711,existing_near_power_csv,local_obstruction_before_drift,local_residue_sieve,blocked_unfilled,darmon_granville_ceiling,blocked_unfilled,blocked_unfilled,Z,residue_only,blocked_unfilled,blocked_unfilled,under_test,Q_503,pass_predefined,45,0,12.0847351753,0.268549670563,blocked_unfilled,control_class=actual_near_miss,12.0847351753,local_obstruction_before_drift
rank196_Q503_random_root_sets,random_root_sets,196,6,7,3,228,223,302077,27564681496130533,302077,503,prime_block_le_503,45,7425387163249856130442960012501049141001305819406163509869875583601074657992881456415943936664692413,229.960829033,177147,12.0847351753,32,13,0,,205.257656627,12.0847351753,0.990386802286,0.92091089358,1.06672029538,none_visible,6.07473083044,0.333333333333,5.74139749711,deterministic_seeded_random_sets_same_cardinality,local_obstruction_before_drift,local_residue_sieve,blocked_unfilled,darmon_granville_ceiling,blocked_unfilled,blocked_unfilled,Z,residue_only,blocked_unfilled,blocked_unfilled,negative_control_passed,Q_503,pass_predefined,45,0,12.0847351753,0.268549670563,blocked_unfilled,control_class=random_root_sets,12.0847351753,local_obstruction_before_drift
rank196_Q503_exact_power_anchor,exact_power_anchor,196,6,7,3,228,223,302077,27564681496130533,302077,503,prime_block_le_503,45,7425387163249856130442960012501049141001305819406163509869875583601074657992881456415943936664692413,229.960829033,984770902183611232881,48.3389407014,0,0,1,302077,169.003451101,48.3389407014,1.00221431462,0.980472234268,1.02112559233,constructed_exact_power_root,6.07473083044,0.333333333333,5.74139749711,C_from_near_power_row_as_positive_control,positive_control_survivor,local_residue_sieve,blocked_unfilled,darmon_granville_ceiling,blocked_unfilled,blocked_unfilled,Z,survivor_kandidat_requires_overlap_check,blocked_unfilled,blocked_unfilled,positive_control_passed,Q_503,pass_predefined,45,3.31041423213e-06,48.3389407014,1.07419868225,blocked_unfilled,control_class=exact_power_anchor,48.3389407014,positive_control_survivor
rank197_Q503_actual_near_miss,actual_near_miss,197,7,7,3,165,167,190856,6952123086742016,190856,503,prime_block_le_503,45,7425387163249856130442960012501049141001305819406163509869875583601074657992881456415943936664692413,229.960829033,387420489,19.775021196,27,7,0,,198.026533341,19.775021196,1.00817174965,0.862277202591,1.21053045228,none_visible,6.30412691999,0.333333333333,5.97079358666,existing_near_power_csv,local_obstruction_before_drift,local_residue_sieve,blocked_unfilled,darmon_granville_ceiling,blocked_unfilled,blocked_unfilled,Z,residue_only,blocked_unfilled,blocked_unfilled,under_test,Q_503,pass_predefined,45,0,19.775021196,0.439444915467,blocked_unfilled,control_class=actual_near_miss,19.775021196,local_obstruction_before_drift
rank197_Q503_random_root_sets,random_root_sets,197,7,7,3,165,167,190856,6952123086742016,190856,503,prime_block_le_503,45,7425387163249856130442960012501049141001305819406163509869875583601074657992881456415943936664692413,229.960829033,387420489,19.775021196,27,7,0,,198.026533341,19.775021196,1.00621222557,0.914202912725,1.07596535841,none_visible,6.30412691999,0.333333333333,5.97079358666,deterministic_seeded_random_sets_same_cardinality,local_obstruction_before_drift,local_residue_sieve,blocked_unfilled,darmon_granville_ceiling,blocked_unfilled,blocked_unfilled,Z,residue_only,blocked_unfilled,blocked_unfilled,negative_control_passed,Q_503,pass_predefined,45,0,19.775021196,0.439444915467,blocked_unfilled,control_class=random_root_sets,19.775021196,local_obstruction_before_drift
rank197_Q503_exact_power_anchor,exact_power_anchor,197,7,7,3,165,167,190856,6952123086742016,190856,503,prime_block_le_503,45,7425387163249856130442960012501049141001305819406163509869875583601074657992881456415943936664692413,229.960829033,2954312706550833698643,49.4375529901,0,0,1,190856,168.364001547,49.4375529901,1.00385114374,0.986600718168,1.04891878927,constructed_exact_power_root,6.30412691999,0.333333333333,5.97079358666,C_from_near_power_row_as_positive_control,positive_control_survivor,local_residue_sieve,blocked_unfilled,darmon_granville_ceiling,blocked_unfilled,blocked_unfilled,Z,survivor_kandidat_requires_overlap_check,blocked_unfilled,blocked_unfilled,positive_control_passed,Q_503,pass_predefined,45,5.23955233265e-06,49.4375529901,1.09861228867,blocked_unfilled,control_class=exact_power_anchor,49.4375529901,positive_control_survivor
rank198_Q503_actual_near_miss,actual_near_miss,198,6,7,3,221,245,375871,53102682256901311,375871,503,prime_block_le_503,45,7425387163249856130442960012501049141001305819406163509869875583601074657992881456415943936664692413,229.960829033,129140163,18.6764089074,28,13,0,,198.447418847,18.6764089074,1.00734678771,0.95525651679,1.08950292934,none_visible,5.97130186523,0.333333333333,5.6379685319,existing_near_power_csv,local_obstruction_before_drift,local_residue_sieve,blocked_unfilled,darmon_granville_ceiling,blocked_unfilled,blocked_unfilled,Z,residue_only,blocked_unfilled,blocked_unfilled,under_test,Q_503,pass_predefined,45,0,18.6764089074,0.415031309052,blocked_unfilled,control_class=actual_near_miss,18.6764089074,local_obstruction_before_drift
rank198_Q503_random_root_sets,random_root_sets,198,6,7,3,221,245,375871,53102682256901311,375871,503,prime_block_le_503,45,7425387163249856130442960012501049141001305819406163509869875583601074657992881456415943936664692413,229.960829033,129140163,18.6764089074,28,13,0,,198.447418847,18.6764089074,1.00566271776,0.933880979852,1.06646990885,none_visible,5.97130186523,0.333333333333,5.6379685319,deterministic_seeded_random_sets_same_cardinality,local_obstruction_before_drift,local_residue_sieve,blocked_unfilled,darmon_granville_ceiling,blocked_unfilled,blocked_unfilled,Z,residue_only,blocked_unfilled,blocked_unfilled,negative_control_passed,Q_503,pass_predefined,45,0,18.6764089074,0.415031309052,blocked_unfilled,control_class=random_root_sets,18.6764089074,local_obstruction_before_drift
rank198_Q503_exact_power_anchor,exact_power_anchor,198,6,7,3,221,245,375871,53102682256901311,375871,503,prime_block_le_503,45,7425387163249856130442960012501049141001305819406163509869875583601074657992881456415943936664692413,229.960829033,984770902183611232881,48.3389407014,0,0,1,375871,168.784887053,48.3389407014,1.00120601365,0.970694141814,1.02181333489,constructed_exact_power_root,5.97130186523,0.333333333333,5.6379685319,C_from_near_power_row_as_positive_control,positive_control_survivor,local_residue_sieve,blocked_unfilled,darmon_granville_ceiling,blocked_unfilled,blocked_unfilled,Z,survivor_kandidat_requires_overlap_check,blocked_unfilled,blocked_unfilled,positive_control_passed,Q_503,pass_predefined,45,2.66048724163e-06,48.3389407014,1.07419868225,blocked_unfilled,control_class=exact_power_anchor,48.3389407014,positive_control_survivor
rank199_Q503_actual_near_miss,actual_near_miss,199,7,7,3,83,201,236821,13281913022415661,236821,503,prime_block_le_503,45,7425387163249856130442960012501049141001305819406163509869875583601074657992881456415943936664692413,229.960829033,1594323,14.2819597527,32,7,0,,203.30380942,14.2819597527,1.02005460602,0.980558687316,1.1295338392,none_visible,6.1942011224,0.333333333333,5.86086778907,existing_near_power_csv,local_obstruction_before_drift,local_residue_sieve,blocked_unfilled,darmon_granville_ceiling,blocked_unfilled,blocked_unfilled,Z,residue_only,blocked_unfilled,blocked_unfilled,under_test,Q_503,pass_predefined,45,0,14.2819597527,0.317376883393,blocked_unfilled,control_class=actual_near_miss,14.2819597527,local_obstruction_before_drift
rank199_Q503_random_root_sets,random_root_sets,199,7,7,3,83,201,236821,13281913022415661,236821,503,prime_block_le_503,45,7425387163249856130442960012501049141001305819406163509869875583601074657992881456415943936664692413,229.960829033,1594323,14.2819597527,32,7,0,,203.30380942,14.2819597527,1.00683955392,0.93682007367,1.09287136229,none_visible,6.1942011224,0.333333333333,5.86086778907,deterministic_seeded_random_sets_same_cardinality,local_obstruction_before_drift,local_residue_sieve,blocked_unfilled,darmon_granville_ceiling,blocked_unfilled,blocked_unfilled,Z,residue_only,blocked_unfilled,blocked_unfilled,negative_control_passed,Q_503,pass_predefined,45,0,14.2819597527,0.317376883393,blocked_unfilled,control_class=random_root_sets,14.2819597527,local_obstruction_before_drift
rank199_Q503_exact_power_anchor,exact_power_anchor,199,7,7,3,83,201,236821,13281913022415661,236821,503,prime_block_le_503,45,7425387163249856130442960012501049141001305819406163509869875583601074657992881456415943936664692413,229.960829033,984770902183611232881,48.3389407014,0,0,1,236821,169.246828471,48.3389407014,1.00859607671,0.998215248366,1.03573772784,constructed_exact_power_root,6.1942011224,0.333333333333,5.86086778907,C_from_near_power_row_as_positive_control,positive_control_survivor,local_residue_sieve,blocked_unfilled,darmon_granville_ceiling,blocked_unfilled,blocked_unfilled,Z,survivor_kandidat_requires_overlap_check,blocked_unfilled,blocked_unfilled,positive_control_passed,Q_503,pass_predefined,45,4.22259850267e-06,48.3389407014,1.07419868225,blocked_unfilled,control_class=exact_power_anchor,48.3389407014,positive_control_survivor
rank200_Q503_actual_near_miss,actual_near_miss,200,7,7,3,179,226,330197,36001398328555373,330197,503,prime_block_le_503,45,7425387163249856130442960012501049141001305819406163509869875583601074657992881456415943936664692413,229.960829033,3486784401,21.9722457734,25,19,0,,195.281138535,21.9722457734,1.00430489068,0.941283536798,1.08025141893,none_visible,6.03218123992,0.333333333333,5.69884790659,existing_near_power_csv,local_obstruction_before_drift,local_residue_sieve,blocked_unfilled,darmon_granville_ceiling,blocked_unfilled,blocked_unfilled,Z,residue_only,blocked_unfilled,blocked_unfilled,under_test,Q_503,pass_predefined,45,0,21.9722457734,0.488272128297,blocked_unfilled,control_class=actual_near_miss,21.9722457734,local_obstruction_before_drift
rank200_Q503_random_root_sets,random_root_sets,200,7,7,3,179,226,330197,36001398328555373,330197,503,prime_block_le_503,45,7425387163249856130442960012501049141001305819406163509869875583601074657992881456415943936664692413,229.960829033,3486784401,21.9722457734,25,19,0,,195.281138535,21.9722457734,0.991442836526,0.932944407261,1.03566019343,none_visible,6.03218123992,0.333333333333,5.69884790659,deterministic_seeded_random_sets_same_cardinality,local_obstruction_before_drift,local_residue_sieve,blocked_unfilled,darmon_granville_ceiling,blocked_unfilled,blocked_unfilled,Z,residue_only,blocked_unfilled,blocked_unfilled,negative_control_passed,Q_503,pass_predefined,45,0,21.9722457734,0.488272128297,blocked_unfilled,control_class=random_root_sets,21.9722457734,local_obstruction_before_drift
rank200_Q503_exact_power_anchor,exact_power_anchor,200,7,7,3,179,226,330197,36001398328555373,330197,503,prime_block_le_503,45,7425387163249856130442960012501049141001305819406163509869875583601074657992881456415943936664692413,229.960829033,328256967394537077627,47.2403284127,0,0,1,330197,170.013055895,47.2403284127,1.0017463761,0.982219032207,1.03443432591,constructed_exact_power_root,6.03218123992,0.333333333333,5.69884790659,C_from_near_power_row_as_positive_control,positive_control_survivor,local_residue_sieve,blocked_unfilled,darmon_granville_ceiling,blocked_unfilled,blocked_unfilled,Z,survivor_kandidat_requires_overlap_check,blocked_unfilled,blocked_unfilled,positive_control_passed,Q_503,pass_predefined,45,3.02849511049e-06,47.2403284127,1.04978507584,blocked_unfilled,control_class=exact_power_anchor,47.2403284127,positive_control_survivor
rank201_Q503_actual_near_miss,actual_near_miss,201,7,6,3,71,175,33566,37818018565496,33566,503,prime_block_le_503,45,7425387163249856130442960012501049141001305819406163509869875583601074657992881456415943936664692413,229.960829033,1594323,14.2819597527,32,13,0,,205.257600351,14.2819597527,1.06350561966,0.534631604732,1.52139069296,none_visible,7.35549674429,0.333333333333,7.02216341096,existing_near_power_csv,local_obstruction_before_drift,local_residue_sieve,blocked_unfilled,darmon_granville_ceiling,blocked_unfilled,blocked_unfilled,Z,residue_only,blocked_unfilled,blocked_unfilled,under_test,Q_503,pass_predefined,45,0,14.2819597527,0.317376883393,blocked_unfilled,control_class=actual_near_miss,14.2819597527,local_obstruction_before_drift
rank201_Q503_random_root_sets,random_root_sets,201,7,6,3,71,175,33566,37818018565496,33566,503,prime_block_le_503,45,7425387163249856130442960012501049141001305819406163509869875583601074657992881456415943936664692413,229.960829033,1594323,14.2819597527,32,13,0,,205.257600351,14.2819597527,1.05128453395,0.817381344879,1.58436115911,none_visible,7.35549674429,0.333333333333,7.02216341096,deterministic_seeded_random_sets_same_cardinality,local_obstruction_before_drift,local_residue_sieve,blocked_unfilled,darmon_granville_ceiling,blocked_unfilled,blocked_unfilled,Z,residue_only,blocked_unfilled,blocked_unfilled,negative_control_passed,Q_503,pass_predefined,45,0,14.2819597527,0.317376883393,blocked_unfilled,control_class=random_root_sets,14.2819597527,local_obstruction_before_drift
rank201_Q503_exact_power_anchor,exact_power_anchor,201,7,6,3,71,175,33566,37818018565496,33566,503,prime_block_le_503,45,7425387163249856130442960012501049141001305819406163509869875583601074657992881456415943936664692413,229.960829033,984770902183611232881,48.3389407014,0,0,1,33566,171.200619403,48.3389407014,0.994099242841,0.676173641317,1.25093844962,constructed_exact_power_root,7.35549674429,0.333333333333,7.02216341096,C_from_near_power_row_as_positive_control,positive_control_survivor,local_residue_sieve,blocked_unfilled,darmon_granville_ceiling,blocked_unfilled,blocked_unfilled,Z,survivor_kandidat_requires_overlap_check,blocked_unfilled,blocked_unfilled,positive_control_passed,Q_503,pass_predefined,45,2.97920514807e-05,48.3389407014,1.07419868225,blocked_unfilled,control_class=exact_power_anchor,48.3389407014,positive_control_survivor
rank202_Q503_actual_near_miss,actual_near_miss,202,7,6,3,53,190,36398,48220594676792,36398,503,prime_block_le_503,45,7425387163249856130442960012501049141001305819406163509869875583601074657992881456415943936664692413,229.960829033,387420489,19.775021196,25,7,0,,199.68353873,19.775021196,1.10304659757,0,1.95791893327,none_visible,7.29876647572,0.333333333333,6.96543314239,existing_near_power_csv,local_obstruction_before_drift,local_residue_sieve,blocked_unfilled,darmon_granville_ceiling,blocked_unfilled,blocked_unfilled,Z,residue_only,blocked_unfilled,blocked_unfilled,under_test,Q_503,pass_predefined,45,0,19.775021196,0.439444915467,blocked_unfilled,control_class=actual_near_miss,19.775021196,local_obstruction_before_drift
rank202_Q503_random_root_sets,random_root_sets,202,7,6,3,53,190,36398,48220594676792,36398,503,prime_block_le_503,45,7425387163249856130442960012501049141001305819406163509869875583601074657992881456415943936664692413,229.960829033,387420489,19.775021196,25,7,0,,199.68353873,19.775021196,0.986363558951,0,1.72618764157,none_visible,7.29876647572,0.333333333333,6.96543314239,deterministic_seeded_random_sets_same_cardinality,local_obstruction_before_drift,local_residue_sieve,blocked_unfilled,darmon_granville_ceiling,blocked_unfilled,blocked_unfilled,Z,residue_only,blocked_unfilled,blocked_unfilled,negative_control_passed,Q_503,pass_predefined,45,0,19.775021196,0.439444915467,blocked_unfilled,control_class=random_root_sets,19.775021196,local_obstruction_before_drift
rank202_Q503_exact_power_anchor,exact_power_anchor,202,7,6,3,53,190,36398,48220594676792,36398,503,prime_block_le_503,45,7425387163249856130442960012501049141001305819406163509869875583601074657992881456415943936664692413,229.960829033,2954312706550833698643,49.4375529901,0,0,1,36398,170.021006936,49.4375529901,1.02279467431,0.935344432844,1.17081829893,constructed_exact_power_root,7.29876647572,0.333333333333,6.96543314239,C_from_near_power_row_as_positive_control,positive_control_survivor,local_residue_sieve,blocked_unfilled,darmon_granville_ceiling,blocked_unfilled,blocked_unfilled,Z,survivor_kandidat_requires_overlap_check,blocked_unfilled,blocked_unfilled,positive_control_passed,Q_503,pass_predefined,45,2.7474037035e-05,49.4375529901,1.09861228867,blocked_unfilled,control_class=exact_power_anchor,49.4375529901,positive_control_survivor
rank203_Q503_actual_near_miss,actual_near_miss,203,5,6,3,198,139,19589,7516865833469,19589,503,prime_block_le_503,45,7425387163249856130442960012501049141001305819406163509869875583601074657992881456415943936664692413,229.960829033,129140163,18.6764089074,28,7,0,,201.401696662,18.6764089074,1.01125241774,0,2.3921702089,none_visible,7.75632445481,0.333333333333,7.42299112148,existing_near_power_csv,local_obstruction_before_drift,local_residue_sieve,blocked_unfilled,darmon_granville_ceiling,blocked_unfilled,blocked_unfilled,Z,residue_only,blocked_unfilled,blocked_unfilled,under_test,Q_503,pass_predefined,45,0,18.6764089074,0.415031309052,blocked_unfilled,control_class=actual_near_miss,18.6764089074,local_obstruction_before_drift
rank203_Q503_random_root_sets,random_root_sets,203,5,6,3,198,139,19589,7516865833469,19589,503,prime_block_le_503,45,7425387163249856130442960012501049141001305819406163509869875583601074657992881456415943936664692413,229.960829033,129140163,18.6764089074,28,7,0,,201.401696662,18.6764089074,1.04398443571,0.370451670722,2.75679661488,none_visible,7.75632445481,0.333333333333,7.42299112148,deterministic_seeded_random_sets_same_cardinality,local_obstruction_before_drift,local_residue_sieve,blocked_unfilled,darmon_granville_ceiling,blocked_unfilled,blocked_unfilled,Z,residue_only,blocked_unfilled,blocked_unfilled,negative_control_passed,Q_503,pass_predefined,45,0,18.6764089074,0.415031309052,blocked_unfilled,control_class=random_root_sets,18.6764089074,local_obstruction_before_drift
rank203_Q503_exact_power_anchor,exact_power_anchor,203,5,6,3,198,139,19589,7516865833469,19589,503,prime_block_le_503,45,7425387163249856130442960012501049141001305819406163509869875583601074657992881456415943936664692413,229.960829033,984770902183611232881,48.3389407014,0,0,1,19589,171.739164868,48.3389407014,1.09561512224,0.238166544716,1.96064117617,constructed_exact_power_root,7.75632445481,0.333333333333,7.42299112148,C_from_near_power_row_as_positive_control,positive_control_survivor,local_residue_sieve,blocked_unfilled,darmon_granville_ceiling,blocked_unfilled,blocked_unfilled,Z,survivor_kandidat_requires_overlap_check,blocked_unfilled,blocked_unfilled,positive_control_passed,Q_503,pass_predefined,45,5.10490581449e-05,48.3389407014,1.07419868225,blocked_unfilled,control_class=exact_power_anchor,48.3389407014,positive_control_survivor
rank204_Q503_actual_near_miss,actual_near_miss,204,6,7,3,204,199,231650,12430738017125000,231650,503,prime_block_le_503,45,7425387163249856130442960012501049141001305819406163509869875583601074657992881456415943936664692413,229.960829033,14348907,16.47918433,30,7,0,,201.128661812,16.47918433,1.03096365275,0.967486389908,1.14199007123,none_visible,6.20527125756,0.333333333333,5.87193792422,existing_near_power_csv,local_obstruction_before_drift,local_residue_sieve,blocked_unfilled,darmon_granville_ceiling,blocked_unfilled,blocked_unfilled,Z,residue_only,blocked_unfilled,blocked_unfilled,under_test,Q_503,pass_predefined,45,0,16.47918433,0.366204096223,blocked_unfilled,control_class=actual_near_miss,16.47918433,local_obstruction_before_drift
rank204_Q503_random_root_sets,random_root_sets,204,6,7,3,204,199,231650,12430738017125000,231650,503,prime_block_le_503,45,7425387163249856130442960012501049141001305819406163509869875583601074657992881456415943936664692413,229.960829033,14348907,16.47918433,30,7,0,,201.128661812,16.47918433,0.989426474669,0.900099767369,1.07854617838,none_visible,6.20527125756,0.333333333333,5.87193792422,deterministic_seeded_random_sets_same_cardinality,local_obstruction_before_drift,local_residue_sieve,blocked_unfilled,darmon_granville_ceiling,blocked_unfilled,blocked_unfilled,Z,residue_only,blocked_unfilled,blocked_unfilled,negative_control_passed,Q_503,pass_predefined,45,0,16.47918433,0.366204096223,blocked_unfilled,control_class=random_root_sets,16.47918433,local_obstruction_before_drift
rank204_Q503_exact_power_anchor,exact_power_anchor,204,6,7,3,204,199,231650,12430738017125000,231650,503,prime_block_le_503,45,7425387163249856130442960012501049141001305819406163509869875583601074657992881456415943936664692413,229.960829033,2954312706550833698643,49.4375529901,0,0,1,231650,168.170293152,49.4375529901,1.00315242503,0.976428520037,1.03238650263,constructed_exact_power_root,6.20527125756,0.333333333333,5.87193792422,C_from_near_power_row_as_positive_control,positive_control_survivor,local_residue_sieve,blocked_unfilled,darmon_granville_ceiling,blocked_unfilled,blocked_unfilled,Z,survivor_kandidat_requires_overlap_check,blocked_unfilled,blocked_unfilled,positive_control_passed,Q_503,pass_predefined,45,4.31685732787e-06,49.4375529901,1.09861228867,blocked_unfilled,control_class=exact_power_anchor,49.4375529901,positive_control_survivor
rank205_Q503_actual_near_miss,actual_near_miss,205,6,7,3,207,113,67964,313932872337344,67964,503,prime_block_le_503,45,7425387163249856130442960012501049141001305819406163509869875583601074657992881456415943936664692413,229.960829033,6561,8.78889830934,37,7,0,,210.045197291,8.78889830934,0.977641758055,0.59604431104,1.41295064707,none_visible,6.8891386807,0.333333333333,6.55580534737,existing_near_power_csv,local_obstruction_before_drift,local_residue_sieve,blocked_unfilled,darmon_granville_ceiling,blocked_unfilled,blocked_unfilled,Z,residue_only,blocked_unfilled,blocked_unfilled,under_test,Q_503,pass_predefined,45,0,8.78889830934,0.195308851319,blocked_unfilled,control_class=actual_near_miss,8.78889830934,local_obstruction_before_drift
rank205_Q503_random_root_sets,random_root_sets,205,6,7,3,207,113,67964,313932872337344,67964,503,prime_block_le_503,45,7425387163249856130442960012501049141001305819406163509869875583601074657992881456415943936664692413,229.960829033,6561,8.78889830934,37,7,0,,210.045197291,8.78889830934,0.971842702906,0.770177348792,1.18240212138,none_visible,6.8891386807,0.333333333333,6.55580534737,deterministic_seeded_random_sets_same_cardinality,local_obstruction_before_drift,local_residue_sieve,blocked_unfilled,darmon_granville_ceiling,blocked_unfilled,blocked_unfilled,Z,residue_only,blocked_unfilled,blocked_unfilled,negative_control_passed,Q_503,pass_predefined,45,0,8.78889830934,0.195308851319,blocked_unfilled,control_class=random_root_sets,8.78889830934,local_obstruction_before_drift
rank205_Q503_exact_power_anchor,exact_power_anchor,205,6,7,3,207,113,67964,313932872337344,67964,503,prime_block_le_503,45,7425387163249856130442960012501049141001305819406163509869875583601074657992881456415943936664692413,229.960829033,984770902183611232881,48.3389407014,0,0,1,67964,170.495154899,48.3389407014,1.00028909641,0.846171829531,1.08777522741,constructed_exact_power_root,6.8891386807,0.333333333333,6.55580534737,C_from_near_power_row_as_positive_control,positive_control_survivor,local_residue_sieve,blocked_unfilled,darmon_granville_ceiling,blocked_unfilled,blocked_unfilled,Z,survivor_kandidat_requires_overlap_check,blocked_unfilled,blocked_unfilled,positive_control_passed,Q_503,pass_predefined,45,1.4713671944e-05,48.3389407014,1.07419868225,blocked_unfilled,control_class=exact_power_anchor,48.3389407014,positive_control_survivor
rank206_Q503_actual_near_miss,actual_near_miss,206,6,7,3,203,244,372197,51560676262489373,372197,503,prime_block_le_503,45,7425387163249856130442960012501049141001305819406163509869875583601074657992881456415943936664692413,229.960829033,1162261467,20.8736334847,26,13,0,,196.260016985,20.8736334847,1.00194033048,0.951630453765,1.02698988857,none_visible,5.97587453089,0.333333333333,5.64254119756,existing_near_power_csv,local_obstruction_before_drift,local_residue_sieve,blocked_unfilled,darmon_granville_ceiling,blocked_unfilled,blocked_unfilled,Z,residue_only,blocked_unfilled,blocked_unfilled,under_test,Q_503,pass_predefined,45,0,20.8736334847,0.463858521882,blocked_unfilled,control_class=actual_near_miss,20.8736334847,local_obstruction_before_drift
rank206_Q503_random_root_sets,random_root_sets,206,6,7,3,203,244,372197,51560676262489373,372197,503,prime_block_le_503,45,7425387163249856130442960012501049141001305819406163509869875583601074657992881456415943936664692413,229.960829033,1162261467,20.8736334847,26,13,0,,196.260016985,20.8736334847,0.99304344238,0.832951367152,1.02414372556,none_visible,5.97587453089,0.333333333333,5.64254119756,deterministic_seeded_random_sets_same_cardinality,local_obstruction_before_drift,local_residue_sieve,blocked_unfilled,darmon_granville_ceiling,blocked_unfilled,blocked_unfilled,Z,residue_only,blocked_unfilled,blocked_unfilled,negative_control_passed,Q_503,pass_predefined,45,0,20.8736334847,0.463858521882,blocked_unfilled,control_class=random_root_sets,20.8736334847,local_obstruction_before_drift
rank206_Q503_exact_power_anchor,exact_power_anchor,206,6,7,3,203,244,372197,51560676262489373,372197,503,prime_block_le_503,45,7425387163249856130442960012501049141001305819406163509869875583601074657992881456415943936664692413,229.960829033,984770902183611232881,48.3389407014,0,0,1,372197,168.794709769,48.3389407014,1.00125433873,0.970232012736,1.02198984827,constructed_exact_power_root,5.97587453089,0.333333333333,5.64254119756,C_from_near_power_row_as_positive_control,positive_control_survivor,local_residue_sieve,blocked_unfilled,darmon_granville_ceiling,blocked_unfilled,blocked_unfilled,Z,survivor_kandidat_requires_overlap_check,blocked_unfilled,blocked_unfilled,positive_control_passed,Q_503,pass_predefined,45,2.68674922151e-06,48.3389407014,1.07419868225,blocked_unfilled,control_class=exact_power_anchor,48.3389407014,positive_control_survivor
rank207_Q503_actual_near_miss,actual_near_miss,207,6,7,3,221,191,210969,9389791155283209,210969,503,prime_block_le_503,45,7425387163249856130442960012501049141001305819406163509869875583601074657992881456415943936664692413,229.960829033,531441,13.183347464,33,7,0,,204.518015087,13.183347464,1.01878024973,0.880260975678,1.26540286856,none_visible,6.25260567324,0.333333333333,5.9192723399,existing_near_power_csv,local_obstruction_before_drift,local_residue_sieve,blocked_unfilled,darmon_granville_ceiling,blocked_unfilled,blocked_unfilled,Z,residue_only,blocked_unfilled,blocked_unfilled,under_test,Q_503,pass_predefined,45,0,13.183347464,0.292963276978,blocked_unfilled,control_class=actual_near_miss,13.183347464,local_obstruction_before_drift
rank207_Q503_random_root_sets,random_root_sets,207,6,7,3,221,191,210969,9389791155283209,210969,503,prime_block_le_503,45,7425387163249856130442960012501049141001305819406163509869875583601074657992881456415943936664692413,229.960829033,531441,13.183347464,33,7,0,,204.518015087,13.183347464,0.974449307527,0.79223487811,1.07761487865,none_visible,6.25260567324,0.333333333333,5.9192723399,deterministic_seeded_random_sets_same_cardinality,local_obstruction_before_drift,local_residue_sieve,blocked_unfilled,darmon_granville_ceiling,blocked_unfilled,blocked_unfilled,Z,residue_only,blocked_unfilled,blocked_unfilled,negative_control_passed,Q_503,pass_predefined,45,0,13.183347464,0.292963276978,blocked_unfilled,control_class=random_root_sets,13.183347464,local_obstruction_before_drift
rank207_Q503_exact_power_anchor,exact_power_anchor,207,6,7,3,221,191,210969,9389791155283209,210969,503,prime_block_le_503,45,7425387163249856130442960012501049141001305819406163509869875583601074657992881456415943936664692413,229.960829033,2954312706550833698643,49.4375529901,0,0,1,210969,168.263809561,49.4375529901,1.00766011261,0.986376092117,1.06560100194,constructed_exact_power_root,6.25260567324,0.333333333333,5.9192723399,C_from_near_power_row_as_positive_control,positive_control_survivor,local_residue_sieve,blocked_unfilled,darmon_granville_ceiling,blocked_unfilled,blocked_unfilled,Z,survivor_kandidat_requires_overlap_check,blocked_unfilled,blocked_unfilled,positive_control_passed,Q_503,pass_predefined,45,4.74003289583e-06,49.4375529901,1.09861228867,blocked_unfilled,control_class=exact_power_anchor,49.4375529901,positive_control_survivor
rank208_Q503_actual_near_miss,actual_near_miss,208,7,7,3,89,196,223446,11156237565520536,223446,503,prime_block_le_503,45,7425387163249856130442960012501049141001305819406163509869875583601074657992881456415943936664692413,229.960829033,1162261467,20.8736334847,24,7,0,,196.770270495,20.8736334847,1.00563002048,0.850706658432,1.17841496877,none_visible,6.22343720914,0.333333333333,5.8901038758,existing_near_power_csv,local_obstruction_before_drift,local_residue_sieve,blocked_unfilled,darmon_granville_ceiling,blocked_unfilled,blocked_unfilled,Z,residue_only,blocked_unfilled,blocked_unfilled,under_test,Q_503,pass_predefined,45,0,20.8736334847,0.463858521882,blocked_unfilled,control_class=actual_near_miss,20.8736334847,local_obstruction_before_drift
rank208_Q503_random_root_sets,random_root_sets,208,7,7,3,89,196,223446,11156237565520536,223446,503,prime_block_le_503,45,7425387163249856130442960012501049141001305819406163509869875583601074657992881456415943936664692413,229.960829033,1162261467,20.8736334847,24,7,0,,196.770270495,20.8736334847,1.01006372904,0.910328819193,1.12865350515,none_visible,6.22343720914,0.333333333333,5.8901038758,deterministic_seeded_random_sets_same_cardinality,local_obstruction_before_drift,local_residue_sieve,blocked_unfilled,darmon_granville_ceiling,blocked_unfilled,blocked_unfilled,Z,residue_only,blocked_unfilled,blocked_unfilled,negative_control_passed,Q_503,pass_predefined,45,0,20.8736334847,0.463858521882,blocked_unfilled,control_class=random_root_sets,20.8736334847,local_obstruction_before_drift
rank208_Q503_exact_power_anchor,exact_power_anchor,208,7,7,3,89,196,223446,11156237565520536,223446,503,prime_block_le_503,45,7425387163249856130442960012501049141001305819406163509869875583601074657992881456415943936664692413,229.960829033,984770902183611232881,48.3389407014,0,0,1,223446,169.304963278,48.3389407014,1.01017374402,0.97985742516,1.14271457086,constructed_exact_power_root,6.22343720914,0.333333333333,5.8901038758,C_from_near_power_row_as_positive_control,positive_control_survivor,local_residue_sieve,blocked_unfilled,darmon_granville_ceiling,blocked_unfilled,blocked_unfilled,Z,survivor_kandidat_requires_overlap_check,blocked_unfilled,blocked_unfilled,positive_control_passed,Q_503,pass_predefined,45,4.47535422429e-06,48.3389407014,1.07419868225,blocked_unfilled,control_class=exact_power_anchor,48.3389407014,positive_control_survivor
rank209_Q503_actual_near_miss,actual_near_miss,209,6,6,3,223,248,70849,355632280170049,70849,503,prime_block_le_503,45,7425387163249856130442960012501049141001305819406163509869875583601074657992881456415943936664692413,229.960829033,4782969,15.3805720414,30,7,0,,203.411950861,15.3805720414,1.0554026482,0.687098226118,1.52787853981,none_visible,6.86349467687,0.333333333333,6.53016134353,existing_near_power_csv,local_obstruction_before_drift,local_residue_sieve,blocked_unfilled,darmon_granville_ceiling,blocked_unfilled,blocked_unfilled,Z,residue_only,blocked_unfilled,blocked_unfilled,under_test,Q_503,pass_predefined,45,0,15.3805720414,0.341790489808,blocked_unfilled,control_class=actual_near_miss,15.3805720414,local_obstruction_before_drift
rank209_Q503_random_root_sets,random_root_sets,209,6,6,3,223,248,70849,355632280170049,70849,503,prime_block_le_503,45,7425387163249856130442960012501049141001305819406163509869875583601074657992881456415943936664692413,229.960829033,4782969,15.3805720414,30,7,0,,203.411950861,15.3805720414,1.00248538867,0.563172694353,1.37419645224,none_visible,6.86349467687,0.333333333333,6.53016134353,deterministic_seeded_random_sets_same_cardinality,local_obstruction_before_drift,local_residue_sieve,blocked_unfilled,darmon_granville_ceiling,blocked_unfilled,blocked_unfilled,Z,residue_only,blocked_unfilled,blocked_unfilled,negative_control_passed,Q_503,pass_predefined,45,0,15.3805720414,0.341790489808,blocked_unfilled,control_class=random_root_sets,15.3805720414,local_obstruction_before_drift
rank209_Q503_exact_power_anchor,exact_power_anchor,209,6,6,3,223,248,70849,355632280170049,70849,503,prime_block_le_503,45,7425387163249856130442960012501049141001305819406163509869875583601074657992881456415943936664692413,229.960829033,2954312706550833698643,49.4375529901,0,0,1,70849,169.354969912,49.4375529901,1.03021318684,0.963727238368,1.28139815351,constructed_exact_power_root,6.86349467687,0.333333333333,6.53016134353,C_from_near_power_row_as_positive_control,positive_control_survivor,local_residue_sieve,blocked_unfilled,darmon_granville_ceiling,blocked_unfilled,blocked_unfilled,Z,survivor_kandidat_requires_overlap_check,blocked_unfilled,blocked_unfilled,positive_control_passed,Q_503,pass_predefined,45,1.41145252579e-05,49.4375529901,1.09861228867,blocked_unfilled,control_class=exact_power_anchor,49.4375529901,positive_control_survivor
rank210_Q503_actual_near_miss,actual_near_miss,210,7,7,3,129,226,313148,30707815807097792,313148,503,prime_block_le_503,45,7425387163249856130442960012501049141001305819406163509869875583601074657992881456415943936664692413,229.960829033,129140163,18.6764089074,28,7,0,,198.629988924,18.6764089074,1.00262533389,0.983661612613,1.03863313478,none_visible,6.05745200703,0.333333333333,5.7241186737,existing_near_power_csv,local_obstruction_before_drift,local_residue_sieve,blocked_unfilled,darmon_granville_ceiling,blocked_unfilled,blocked_unfilled,Z,residue_only,blocked_unfilled,blocked_unfilled,under_test,Q_503,pass_predefined,45,0,18.6764089074,0.415031309052,blocked_unfilled,control_class=actual_near_miss,18.6764089074,local_obstruction_before_drift
rank210_Q503_random_root_sets,random_root_sets,210,7,7,3,129,226,313148,30707815807097792,313148,503,prime_block_le_503,45,7425387163249856130442960012501049141001305819406163509869875583601074657992881456415943936664692413,229.960829033,129140163,18.6764089074,28,7,0,,198.629988924,18.6764089074,1.01569387939,0.978289640823,1.12674837457,none_visible,6.05745200703,0.333333333333,5.7241186737,deterministic_seeded_random_sets_same_cardinality,local_obstruction_before_drift,local_residue_sieve,blocked_unfilled,darmon_granville_ceiling,blocked_unfilled,blocked_unfilled,Z,residue_only,blocked_unfilled,blocked_unfilled,negative_control_passed,Q_503,pass_predefined,45,0,18.6764089074,0.415031309052,blocked_unfilled,control_class=random_root_sets,18.6764089074,local_obstruction_before_drift
rank210_Q503_exact_power_anchor,exact_power_anchor,210,7,7,3,129,226,313148,30707815807097792,313148,503,prime_block_le_503,45,7425387163249856130442960012501049141001305819406163509869875583601074657992881456415943936664692413,229.960829033,2954312706550833698643,49.4375529901,0,0,1,313148,167.868844842,49.4375529901,1.00383478892,0.989654164236,1.03511083861,constructed_exact_power_root,6.05745200703,0.333333333333,5.7241186737,C_from_near_power_row_as_positive_control,positive_control_survivor,local_residue_sieve,blocked_unfilled,darmon_granville_ceiling,blocked_unfilled,blocked_unfilled,Z,survivor_kandidat_requires_overlap_check,blocked_unfilled,blocked_unfilled,positive_control_passed,Q_503,pass_predefined,45,3.19337821094e-06,49.4375529901,1.09861228867,blocked_unfilled,control_class=exact_power_anchor,49.4375529901,positive_control_survivor
rank211_Q503_actual_near_miss,actual_near_miss,211,5,6,3,222,209,43775,83883871109375,43775,503,prime_block_le_503,45,7425387163249856130442960012501049141001305819406163509869875583601074657992881456415943936664692413,229.960829033,3486784401,21.9722457734,24,7,0,,197.301765102,21.9722457734,0.946425026969,0,1.54774033885,none_visible,7.17272517885,0.333333333333,6.83939184552,existing_near_power_csv,local_obstruction_before_drift,local_residue_sieve,blocked_unfilled,darmon_granville_ceiling,blocked_unfilled,blocked_unfilled,Z,residue_only,blocked_unfilled,blocked_unfilled,under_test,Q_503,pass_predefined,45,0,21.9722457734,0.488272128297,blocked_unfilled,control_class=actual_near_miss,21.9722457734,local_obstruction_before_drift
rank211_Q503_random_root_sets,random_root_sets,211,5,6,3,222,209,43775,83883871109375,43775,503,prime_block_le_503,45,7425387163249856130442960012501049141001305819406163509869875583601074657992881456415943936664692413,229.960829033,3486784401,21.9722457734,24,7,0,,197.301765102,21.9722457734,0.98051043848,0.583993908243,1.2496249762,none_visible,7.17272517885,0.333333333333,6.83939184552,deterministic_seeded_random_sets_same_cardinality,local_obstruction_before_drift,local_residue_sieve,blocked_unfilled,darmon_granville_ceiling,blocked_unfilled,blocked_unfilled,Z,residue_only,blocked_unfilled,blocked_unfilled,negative_control_passed,Q_503,pass_predefined,45,0,21.9722457734,0.488272128297,blocked_unfilled,control_class=random_root_sets,21.9722457734,local_obstruction_before_drift
rank211_Q503_exact_power_anchor,exact_power_anchor,211,5,6,3,222,209,43775,83883871109375,43775,503,prime_block_le_503,45,7425387163249856130442960012501049141001305819406163509869875583601074657992881456415943936664692413,229.960829033,984770902183611232881,48.3389407014,0,0,1,43775,170.935070174,48.3389407014,1.03137170294,0.84442667682,1.17235611397,constructed_exact_power_root,7.17272517885,0.333333333333,6.83939184552,C_from_near_power_row_as_positive_control,positive_control_survivor,local_residue_sieve,blocked_unfilled,darmon_granville_ceiling,blocked_unfilled,blocked_unfilled,Z,survivor_kandidat_requires_overlap_check,blocked_unfilled,blocked_unfilled,positive_control_passed,Q_503,pass_predefined,45,2.28440890919e-05,48.3389407014,1.07419868225,blocked_unfilled,control_class=exact_power_anchor,48.3389407014,positive_control_survivor
rank212_Q503_actual_near_miss,actual_near_miss,212,7,6,3,72,245,60939,226300737716019,60939,503,prime_block_le_503,45,7425387163249856130442960012501049141001305819406163509869875583601074657992881456415943936664692413,229.960829033,43046721,17.5777966187,29,7,0,,201.365403771,17.5777966187,1.00955503166,0.675336538725,1.56977560438,none_visible,6.95736007835,0.333333333333,6.62402674502,existing_near_power_csv,local_obstruction_before_drift,local_residue_sieve,blocked_unfilled,darmon_granville_ceiling,blocked_unfilled,blocked_unfilled,Z,residue_only,blocked_unfilled,blocked_unfilled,under_test,Q_503,pass_predefined,45,0,17.5777966187,0.390617702638,blocked_unfilled,control_class=actual_near_miss,17.5777966187,local_obstruction_before_drift
rank212_Q503_random_root_sets,random_root_sets,212,7,6,3,72,245,60939,226300737716019,60939,503,prime_block_le_503,45,7425387163249856130442960012501049141001305819406163509869875583601074657992881456415943936664692413,229.960829033,43046721,17.5777966187,29,7,0,,201.365403771,17.5777966187,0.971309135486,0,1.64449330934,none_visible,6.95736007835,0.333333333333,6.62402674502,deterministic_seeded_random_sets_same_cardinality,local_obstruction_before_drift,local_residue_sieve,blocked_unfilled,darmon_granville_ceiling,blocked_unfilled,blocked_unfilled,Z,residue_only,blocked_unfilled,blocked_unfilled,negative_control_passed,Q_503,pass_predefined,45,0,17.5777966187,0.390617702638,blocked_unfilled,control_class=random_root_sets,17.5777966187,local_obstruction_before_drift
rank212_Q503_exact_power_anchor,exact_power_anchor,212,7,6,3,72,245,60939,226300737716019,60939,503,prime_block_le_503,45,7425387163249856130442960012501049141001305819406163509869875583601074657992881456415943936664692413,229.960829033,328256967394537077627,47.2403284127,0,0,1,60939,171.702871977,47.2403284127,1.03943492673,0.910365739145,1.22494808105,constructed_exact_power_root,6.95736007835,0.333333333333,6.62402674502,C_from_near_power_row_as_positive_control,positive_control_survivor,local_residue_sieve,blocked_unfilled,darmon_granville_ceiling,blocked_unfilled,blocked_unfilled,Z,survivor_kandidat_requires_overlap_check,blocked_unfilled,blocked_unfilled,positive_control_passed,Q_503,pass_predefined,45,1.64098524754e-05,47.2403284127,1.04978507584,blocked_unfilled,control_class=exact_power_anchor,47.2403284127,positive_control_survivor
rank213_Q503_actual_near_miss,actual_near_miss,213,6,5,4,37,173,630,157529610000,630,503,prime_block_le_503,95,31398901067973367931867134116182661800398427494539659144913198607495744580381215857356437160911524359731932107778284285404578948682310117300678465382306156119946455274779322906621879885004896897929424563183835,480.081887144,562949953421312,33.9642118474,58,5,0,,439.671955477,33.9642118474,1.14737929894,0,11.6037698413,none_visible,18.6201813217,0.25,18.3701813217,existing_near_power_csv,local_obstruction_before_drift,local_residue_sieve,blocked_unfilled,darmon_granville_ceiling,blocked_unfilled,blocked_unfilled,Z,residue_only,blocked_unfilled,blocked_unfilled,under_test,Q_503,pass_predefined,95,0,33.9642118474,0.357518019447,blocked_unfilled,control_class=actual_near_miss,33.9642118474,local_obstruction_before_drift
rank213_Q503_random_root_sets,random_root_sets,213,6,5,4,37,173,630,157529610000,630,503,prime_block_le_503,95,31398901067973367931867134116182661800398427494539659144913198607495744580381215857356437160911524359731932107778284285404578948682310117300678465382306156119946455274779322906621879885004896897929424563183835,480.081887144,562949953421312,33.9642118474,58,5,0,,439.671955477,33.9642118474,0.353443287037,0,1.60367063492,none_visible,18.6201813217,0.25,18.3701813217,deterministic_seeded_random_sets_same_cardinality,local_obstruction_before_drift,local_residue_sieve,blocked_unfilled,darmon_granville_ceiling,blocked_unfilled,blocked_unfilled,Z,residue_only,blocked_unfilled,blocked_unfilled,negative_control_passed,Q_503,pass_predefined,95,0,33.9642118474,0.357518019447,blocked_unfilled,control_class=random_root_sets,33.9642118474,local_obstruction_before_drift
rank213_Q503_exact_power_anchor,exact_power_anchor,213,6,5,4,37,173,630,157529610000,630,503,prime_block_le_503,95,31398901067973367931867134116182661800398427494539659144913198607495744580381215857356437160911524359731932107778284285404578948682310117300678465382306156119946455274779322906621879885004896897929424563183835,480.081887144,43556142965880123323311949751266331066368,93.5748693756,0,0,1,630,380.061297949,93.5748693756,1.29831349206,0.620436507937,3.08511904762,constructed_exact_power_root,18.6201813217,0.25,18.3701813217,C_from_near_power_row_as_positive_control,positive_control_survivor,local_residue_sieve,blocked_unfilled,darmon_granville_ceiling,blocked_unfilled,blocked_unfilled,Z,survivor_kandidat_requires_overlap_check,blocked_unfilled,blocked_unfilled,positive_control_passed,Q_503,pass_predefined,95,0.0015873015873,93.5748693756,0.984998625006,blocked_unfilled,control_class=exact_power_anchor,93.5748693756,positive_control_survivor
rank214_Q503_actual_near_miss,actual_near_miss,214,7,7,3,69,146,112439,1421513286860519,112439,503,prime_block_le_503,45,7425387163249856130442960012501049141001305819406163509869875583601074657992881456415943936664692413,229.960829033,1594323,14.2819597527,31,7,0,,204.048703149,14.2819597527,0.999042291725,0.763411469528,1.15100237067,none_visible,6.59092989833,0.333333333333,6.257596565,existing_near_power_csv,local_obstruction_before_drift,local_residue_sieve,blocked_unfilled,darmon_granville_ceiling,blocked_unfilled,blocked_unfilled,Z,residue_only,blocked_unfilled,blocked_unfilled,under_test,Q_503,pass_predefined,45,0,14.2819597527,0.317376883393,blocked_unfilled,control_class=actual_near_miss,14.2819597527,local_obstruction_before_drift
rank214_Q503_random_root_sets,random_root_sets,214,7,7,3,69,146,112439,1421513286860519,112439,503,prime_block_le_503,45,7425387163249856130442960012501049141001305819406163509869875583601074657992881456415943936664692413,229.960829033,1594323,14.2819597527,31,7,0,,204.048703149,14.2819597527,0.994256182821,0.759422145934,1.22145835124,none_visible,6.59092989833,0.333333333333,6.257596565,deterministic_seeded_random_sets_same_cardinality,local_obstruction_before_drift,local_residue_sieve,blocked_unfilled,darmon_granville_ceiling,blocked_unfilled,blocked_unfilled,Z,residue_only,blocked_unfilled,blocked_unfilled,negative_control_passed,Q_503,pass_predefined,45,0,14.2819597527,0.317376883393,blocked_unfilled,control_class=random_root_sets,14.2819597527,local_obstruction_before_drift
rank214_Q503_exact_power_anchor,exact_power_anchor,214,7,7,3,69,146,112439,1421513286860519,112439,503,prime_block_le_503,45,7425387163249856130442960012501049141001305819406163509869875583601074657992881456415943936664692413,229.960829033,984770902183611232881,48.3389407014,0,0,1,112439,169.9917222,48.3389407014,1.01765969894,0.954341662788,1.14528173795,constructed_exact_power_root,6.59092989833,0.333333333333,6.257596565,C_from_near_power_row_as_positive_control,positive_control_survivor,local_residue_sieve,blocked_unfilled,darmon_granville_ceiling,blocked_unfilled,blocked_unfilled,Z,survivor_kandidat_requires_overlap_check,blocked_unfilled,blocked_unfilled,positive_control_passed,Q_503,pass_predefined,45,8.89371125677e-06,48.3389407014,1.07419868225,blocked_unfilled,control_class=exact_power_anchor,48.3389407014,positive_control_survivor
rank215_Q503_actual_near_miss,actual_near_miss,215,6,6,3,211,241,65745,284176518368625,65745,503,prime_block_le_503,45,7425387163249856130442960012501049141001305819406163509869875583601074657992881456415943936664692413,229.960829033,1594323,14.2819597527,30,7,0,,204.585330379,14.2819597527,1.03177246867,0.808979136563,1.28501195697,none_visible,6.90975263693,0.333333333333,6.57641930359,existing_near_power_csv,local_obstruction_before_drift,local_residue_sieve,blocked_unfilled,darmon_granville_ceiling,blocked_unfilled,blocked_unfilled,Z,residue_only,blocked_unfilled,blocked_unfilled,under_test,Q_503,pass_predefined,45,0,14.2819597527,0.317376883393,blocked_unfilled,control_class=actual_near_miss,14.2819597527,local_obstruction_before_drift
rank215_Q503_random_root_sets,random_root_sets,215,6,6,3,211,241,65745,284176518368625,65745,503,prime_block_le_503,45,7425387163249856130442960012501049141001305819406163509869875583601074657992881456415943936664692413,229.960829033,1594323,14.2819597527,30,7,0,,204.585330379,14.2819597527,0.989431751102,0,2.7727279641,none_visible,6.90975263693,0.333333333333,6.57641930359,deterministic_seeded_random_sets_same_cardinality,local_obstruction_before_drift,local_residue_sieve,blocked_unfilled,darmon_granville_ceiling,blocked_unfilled,blocked_unfilled,Z,residue_only,blocked_unfilled,blocked_unfilled,negative_control_passed,Q_503,pass_predefined,45,0,14.2819597527,0.317376883393,blocked_unfilled,control_class=random_root_sets,14.2819597527,local_obstruction_before_drift
rank215_Q503_exact_power_anchor,exact_power_anchor,215,6,6,3,211,241,65745,284176518368625,65745,503,prime_block_le_503,45,7425387163249856130442960012501049141001305819406163509869875583601074657992881456415943936664692413,229.960829033,984770902183611232881,48.3389407014,0,0,1,65745,170.52834943,48.3389407014,1.01303176132,0.944605842438,1.11925368216,constructed_exact_power_root,6.90975263693,0.333333333333,6.57641930359,C_from_near_power_row_as_positive_control,positive_control_survivor,local_residue_sieve,blocked_unfilled,darmon_granville_ceiling,blocked_unfilled,blocked_unfilled,Z,survivor_kandidat_requires_overlap_check,blocked_unfilled,blocked_unfilled,positive_control_passed,Q_503,pass_predefined,45,1.52102821507e-05,48.3389407014,1.07419868225,blocked_unfilled,control_class=exact_power_anchor,48.3389407014,positive_control_survivor
rank216_Q503_actual_near_miss,actual_near_miss,216,6,7,3,149,168,155886,3788099168646456,155886,503,prime_block_le_503,45,7425387163249856130442960012501049141001305819406163509869875583601074657992881456415943936664692413,229.960829033,387420489,19.775021196,27,13,0,,198.228927587,19.775021196,1.00740322302,0.812298018352,1.15273625883,none_visible,6.41083694708,0.333333333333,6.07750361375,existing_near_power_csv,local_obstruction_before_drift,local_residue_sieve,blocked_unfilled,darmon_granville_ceiling,blocked_unfilled,blocked_unfilled,Z,residue_only,blocked_unfilled,blocked_unfilled,under_test,Q_503,pass_predefined,45,0,19.775021196,0.439444915467,blocked_unfilled,control_class=actual_near_miss,19.775021196,local_obstruction_before_drift
rank216_Q503_random_root_sets,random_root_sets,216,6,7,3,149,168,155886,3788099168646456,155886,503,prime_block_le_503,45,7425387163249856130442960012501049141001305819406163509869875583601074657992881456415943936664692413,229.960829033,387420489,19.775021196,27,13,0,,198.228927587,19.775021196,1.03991181255,0.983962639365,1.20652841749,none_visible,6.41083694708,0.333333333333,6.07750361375,deterministic_seeded_random_sets_same_cardinality,local_obstruction_before_drift,local_residue_sieve,blocked_unfilled,darmon_granville_ceiling,blocked_unfilled,blocked_unfilled,Z,residue_only,blocked_unfilled,blocked_unfilled,negative_control_passed,Q_503,pass_predefined,45,0,19.775021196,0.439444915467,blocked_unfilled,control_class=random_root_sets,19.775021196,local_obstruction_before_drift
rank216_Q503_exact_power_anchor,exact_power_anchor,216,6,7,3,149,168,155886,3788099168646456,155886,503,prime_block_le_503,45,7425387163249856130442960012501049141001305819406163509869875583601074657992881456415943936664692413,229.960829033,2954312706550833698643,49.4375529901,0,0,1,155886,168.566395793,49.4375529901,1.01516763081,0.983428773448,1.10675536396,constructed_exact_power_root,6.41083694708,0.333333333333,6.07750361375,C_from_near_power_row_as_positive_control,positive_control_survivor,local_residue_sieve,blocked_unfilled,darmon_granville_ceiling,blocked_unfilled,blocked_unfilled,Z,survivor_kandidat_requires_overlap_check,blocked_unfilled,blocked_unfilled,positive_control_passed,Q_503,pass_predefined,45,6.41494425413e-06,49.4375529901,1.09861228867,blocked_unfilled,control_class=exact_power_anchor,49.4375529901,positive_control_survivor
rank217_Q503_actual_near_miss,actual_near_miss,217,5,7,3,243,92,38402,56631951820808,38402,503,prime_block_le_503,45,7425387163249856130442960012501049141001305819406163509869875583601074657992881456415943936664692413,229.960829033,1162261467,20.8736334847,25,7,0,,198.531330728,20.8736334847,1.01258873883,0,2.32190453044,none_visible,7.26170815757,0.333333333333,6.92837482424,existing_near_power_csv,local_obstruction_before_drift,local_residue_sieve,blocked_unfilled,darmon_granville_ceiling,blocked_unfilled,blocked_unfilled,Z,residue_only,blocked_unfilled,blocked_unfilled,under_test,Q_503,pass_predefined,45,0,20.8736334847,0.463858521882,blocked_unfilled,control_class=actual_near_miss,20.8736334847,local_obstruction_before_drift
rank217_Q503_random_root_sets,random_root_sets,217,5,7,3,243,92,38402,56631951820808,38402,503,prime_block_le_503,45,7425387163249856130442960012501049141001305819406163509869875583601074657992881456415943936664692413,229.960829033,1162261467,20.8736334847,25,7,0,,198.531330728,20.8736334847,0.99899082376,0,2.07802834343,none_visible,7.26170815757,0.333333333333,6.92837482424,deterministic_seeded_random_sets_same_cardinality,local_obstruction_before_drift,local_residue_sieve,blocked_unfilled,darmon_granville_ceiling,blocked_unfilled,blocked_unfilled,Z,residue_only,blocked_unfilled,blocked_unfilled,negative_control_passed,Q_503,pass_predefined,45,0,20.8736334847,0.463858521882,blocked_unfilled,control_class=random_root_sets,20.8736334847,local_obstruction_before_drift
rank217_Q503_exact_power_anchor,exact_power_anchor,217,5,7,3,243,92,38402,56631951820808,38402,503,prime_block_le_503,45,7425387163249856130442960012501049141001305819406163509869875583601074657992881456415943936664692413,229.960829033,109418989131512359209,46.1417161241,0,0,1,38402,173.263248088,46.1417161241,1.00720942871,0.728937728938,1.33279516692,constructed_exact_power_root,7.26170815757,0.333333333333,6.92837482424,C_from_near_power_row_as_positive_control,positive_control_survivor,local_residue_sieve,blocked_unfilled,darmon_granville_ceiling,blocked_unfilled,blocked_unfilled,Z,survivor_kandidat_requires_overlap_check,blocked_unfilled,blocked_unfilled,positive_control_passed,Q_503,pass_predefined,45,2.60403104005e-05,46.1417161241,1.02537146942,blocked_unfilled,control_class=exact_power_anchor,46.1417161241,positive_control_survivor
rank218_Q503_actual_near_miss,actual_near_miss,218,6,7,3,203,199,231637,12428645327391853,231637,503,prime_block_le_503,45,7425387163249856130442960012501049141001305819406163509869875583601074657992881456415943936664692413,229.960829033,43046721,17.5777966187,29,7,0,,200.030105644,17.5777966187,0.999742221186,0.963056660014,1.0418720287,none_visible,6.20529944879,0.333333333333,5.87196611546,existing_near_power_csv,local_obstruction_before_drift,local_residue_sieve,blocked_unfilled,darmon_granville_ceiling,blocked_unfilled,blocked_unfilled,Z,residue_only,blocked_unfilled,blocked_unfilled,under_test,Q_503,pass_predefined,45,0,17.5777966187,0.390617702638,blocked_unfilled,control_class=actual_near_miss,17.5777966187,local_obstruction_before_drift
rank218_Q503_random_root_sets,random_root_sets,218,6,7,3,203,199,231637,12428645327391853,231637,503,prime_block_le_503,45,7425387163249856130442960012501049141001305819406163509869875583601074657992881456415943936664692413,229.960829033,43046721,17.5777966187,29,7,0,,200.030105644,17.5777966187,0.991415399478,0.896611700395,1.05455326893,none_visible,6.20529944879,0.333333333333,5.87196611546,deterministic_seeded_random_sets_same_cardinality,local_obstruction_before_drift,local_residue_sieve,blocked_unfilled,darmon_granville_ceiling,blocked_unfilled,blocked_unfilled,Z,residue_only,blocked_unfilled,blocked_unfilled,negative_control_passed,Q_503,pass_predefined,45,0,17.5777966187,0.390617702638,blocked_unfilled,control_class=random_root_sets,17.5777966187,local_obstruction_before_drift
rank218_Q503_exact_power_anchor,exact_power_anchor,218,6,7,3,203,199,231637,12428645327391853,231637,503,prime_block_le_503,45,7425387163249856130442960012501049141001305819406163509869875583601074657992881456415943936664692413,229.960829033,984770902183611232881,48.3389407014,0,0,1,231637,169.268961561,48.3389407014,1.00330340064,0.966777040513,1.03244444253,constructed_exact_power_root,6.20529944879,0.333333333333,5.87196611546,C_from_near_power_row_as_positive_control,positive_control_survivor,local_residue_sieve,blocked_unfilled,darmon_granville_ceiling,blocked_unfilled,blocked_unfilled,Z,survivor_kandidat_requires_overlap_check,blocked_unfilled,blocked_unfilled,positive_control_passed,Q_503,pass_predefined,45,4.3170995998e-06,48.3389407014,1.07419868225,blocked_unfilled,control_class=exact_power_anchor,48.3389407014,positive_control_survivor
rank219_Q503_actual_near_miss,actual_near_miss,219,6,7,4,140,103,3380,130516915360000,3380,503,prime_block_le_503,95,31398901067973367931867134116182661800398427494539659144913198607495744580381215857356437160911524359731932107778284285404578948682310117300678465382306156119946455274779322906621879885004896897929424563183835,480.081887144,9007199254740992,36.7368005697,54,3,0,,435.219455586,36.7368005697,0.993541974852,0,2.89963017751,none_visible,14.7706032868,0.25,14.5206032868,existing_near_power_csv,local_obstruction_before_drift,local_residue_sieve,blocked_unfilled,darmon_granville_ceiling,blocked_unfilled,blocked_unfilled,Z,residue_only,blocked_unfilled,blocked_unfilled,under_test,Q_503,pass_predefined,95,0,36.7368005697,0.386703163891,blocked_unfilled,control_class=actual_near_miss,36.7368005697,local_obstruction_before_drift
rank219_Q503_random_root_sets,random_root_sets,219,6,7,4,140,103,3380,130516915360000,3380,503,prime_block_le_503,95,31398901067973367931867134116182661800398427494539659144913198607495744580381215857356437160911524359731932107778284285404578948682310117300678465382306156119946455274779322906621879885004896897929424563183835,480.081887144,9007199254740992,36.7368005697,54,3,0,,435.219455586,36.7368005697,0.699052329882,0,1.27965976331,none_visible,14.7706032868,0.25,14.5206032868,deterministic_seeded_random_sets_same_cardinality,local_obstruction_before_drift,local_residue_sieve,blocked_unfilled,darmon_granville_ceiling,blocked_unfilled,blocked_unfilled,Z,residue_only,blocked_unfilled,blocked_unfilled,negative_control_passed,Q_503,pass_predefined,95,0,36.7368005697,0.386703163891,blocked_unfilled,control_class=random_root_sets,36.7368005697,local_obstruction_before_drift
rank219_Q503_exact_power_anchor,exact_power_anchor,219,6,7,4,140,103,3380,130516915360000,3380,503,prime_block_le_503,95,31398901067973367931867134116182661800398427494539659144913198607495744580381215857356437160911524359731932107778284285404578948682310117300678465382306156119946455274779322906621879885004896897929424563183835,480.081887144,43556142965880123323311949751266331066368,93.5748693756,0,0,1,3380,378.38138678,93.5748693756,1.0604097325,0.755732248521,1.4549556213,constructed_exact_power_root,14.7706032868,0.25,14.5206032868,C_from_near_power_row_as_positive_control,positive_control_survivor,local_residue_sieve,blocked_unfilled,darmon_granville_ceiling,blocked_unfilled,blocked_unfilled,Z,survivor_kandidat_requires_overlap_check,blocked_unfilled,blocked_unfilled,positive_control_passed,Q_503,pass_predefined,95,0.000295857988166,93.5748693756,0.984998625006,blocked_unfilled,control_class=exact_power_anchor,93.5748693756,positive_control_survivor
rank220_Q503_actual_near_miss,actual_near_miss,220,7,7,3,143,236,347594,41996859349860584,347594,503,prime_block_le_503,45,7425387163249856130442960012501049141001305819406163509869875583601074657992881456415943936664692413,229.960829033,4782969,15.3805720414,30,13,0,,201.821466581,15.3805720414,0.982862349625,0.909303830203,1.04055977184,none_visible,6.00790570331,0.333333333333,5.67457236998,existing_near_power_csv,local_obstruction_before_drift,local_residue_sieve,blocked_unfilled,darmon_granville_ceiling,blocked_unfilled,blocked_unfilled,Z,residue_only,blocked_unfilled,blocked_unfilled,under_test,Q_503,pass_predefined,45,0,15.3805720414,0.341790489808,blocked_unfilled,control_class=actual_near_miss,15.3805720414,local_obstruction_before_drift
rank220_Q503_random_root_sets,random_root_sets,220,7,7,3,143,236,347594,41996859349860584,347594,503,prime_block_le_503,45,7425387163249856130442960012501049141001305819406163509869875583601074657992881456415943936664692413,229.960829033,4782969,15.3805720414,30,13,0,,201.821466581,15.3805720414,0.989758120471,0.891908375864,1.1090675392,none_visible,6.00790570331,0.333333333333,5.67457236998,deterministic_seeded_random_sets_same_cardinality,local_obstruction_before_drift,local_residue_sieve,blocked_unfilled,darmon_granville_ceiling,blocked_unfilled,blocked_unfilled,Z,residue_only,blocked_unfilled,blocked_unfilled,negative_control_passed,Q_503,pass_predefined,45,0,15.3805720414,0.341790489808,blocked_unfilled,control_class=random_root_sets,15.3805720414,local_obstruction_before_drift
rank220_Q503_exact_power_anchor,exact_power_anchor,220,7,7,3,143,236,347594,41996859349860584,347594,503,prime_block_le_503,45,7425387163249856130442960012501049141001305819406163509869875583601074657992881456415943936664692413,229.960829033,984770902183611232881,48.3389407014,0,0,1,347594,168.863097921,48.3389407014,1.00262140654,0.992734499317,1.01333004725,constructed_exact_power_root,6.00790570331,0.333333333333,5.67457236998,C_from_near_power_row_as_positive_control,positive_control_survivor,local_residue_sieve,blocked_unfilled,darmon_granville_ceiling,blocked_unfilled,blocked_unfilled,Z,survivor_kandidat_requires_overlap_check,blocked_unfilled,blocked_unfilled,positive_control_passed,Q_503,pass_predefined,45,2.87691962462e-06,48.3389407014,1.07419868225,blocked_unfilled,control_class=exact_power_anchor,48.3389407014,positive_control_survivor
rank221_Q503_actual_near_miss,actual_near_miss,221,6,7,3,200,171,163108,4339361060955712,163108,503,prime_block_le_503,45,7425387163249856130442960012501049141001305819406163509869875583601074657992881456415943936664692413,229.960829033,1594323,14.2819597527,32,7,0,,203.676701443,14.2819597527,1.0355544361,0.941376266032,1.30810056323,none_visible,6.38664703895,0.333333333333,6.05331370562,existing_near_power_csv,local_obstruction_before_drift,local_residue_sieve,blocked_unfilled,darmon_granville_ceiling,blocked_unfilled,blocked_unfilled,Z,residue_only,blocked_unfilled,blocked_unfilled,under_test,Q_503,pass_predefined,45,0,14.2819597527,0.317376883393,blocked_unfilled,control_class=actual_near_miss,14.2819597527,local_obstruction_before_drift
rank221_Q503_random_root_sets,random_root_sets,221,6,7,3,200,171,163108,4339361060955712,163108,503,prime_block_le_503,45,7425387163249856130442960012501049141001305819406163509869875583601074657992881456415943936664692413,229.960829033,1594323,14.2819597527,32,7,0,,203.676701443,14.2819597527,0.991323233686,0.8268645451,1.10081050592,none_visible,6.38664703895,0.333333333333,6.05331370562,deterministic_seeded_random_sets_same_cardinality,local_obstruction_before_drift,local_residue_sieve,blocked_unfilled,darmon_granville_ceiling,blocked_unfilled,blocked_unfilled,Z,residue_only,blocked_unfilled,blocked_unfilled,negative_control_passed,Q_503,pass_predefined,45,0,14.2819597527,0.317376883393,blocked_unfilled,control_class=random_root_sets,14.2819597527,local_obstruction_before_drift
rank221_Q503_exact_power_anchor,exact_power_anchor,221,6,7,3,200,171,163108,4339361060955712,163108,503,prime_block_le_503,45,7425387163249856130442960012501049141001305819406163509869875583601074657992881456415943936664692413,229.960829033,984770902183611232881,48.3389407014,0,0,1,163108,169.619720494,48.3389407014,1.00293315654,0.939885093176,1.04653222269,constructed_exact_power_root,6.38664703895,0.333333333333,6.05331370562,C_from_near_power_row_as_positive_control,positive_control_survivor,local_residue_sieve,blocked_unfilled,darmon_granville_ceiling,blocked_unfilled,blocked_unfilled,Z,survivor_kandidat_requires_overlap_check,blocked_unfilled,blocked_unfilled,positive_control_passed,Q_503,pass_predefined,45,6.13090712902e-06,48.3389407014,1.07419868225,blocked_unfilled,control_class=exact_power_anchor,48.3389407014,positive_control_survivor
rank222_Q503_actual_near_miss,actual_near_miss,222,7,7,3,95,164,148287,3260687939475903,148287,503,prime_block_le_503,45,7425387163249856130442960012501049141001305819406163509869875583601074657992881456415943936664692413,229.960829033,59049,10.9861228867,33,13,0,,207.067801282,10.9861228867,1.02223833894,0.982221412981,1.28155686083,none_visible,6.43774436365,0.333333333333,6.10441103032,existing_near_power_csv,local_obstruction_before_drift,local_residue_sieve,blocked_unfilled,darmon_granville_ceiling,blocked_unfilled,blocked_unfilled,Z,residue_only,blocked_unfilled,blocked_unfilled,under_test,Q_503,pass_predefined,45,0,10.9861228867,0.244136064148,blocked_unfilled,control_class=actual_near_miss,10.9861228867,local_obstruction_before_drift
rank222_Q503_random_root_sets,random_root_sets,222,7,7,3,95,164,148287,3260687939475903,148287,503,prime_block_le_503,45,7425387163249856130442960012501049141001305819406163509869875583601074657992881456415943936664692413,229.960829033,59049,10.9861228867,33,13,0,,207.067801282,10.9861228867,1.01434401062,0.928996547985,1.13945404669,none_visible,6.43774436365,0.333333333333,6.10441103032,deterministic_seeded_random_sets_same_cardinality,local_obstruction_before_drift,local_residue_sieve,blocked_unfilled,darmon_granville_ceiling,blocked_unfilled,blocked_unfilled,Z,residue_only,blocked_unfilled,blocked_unfilled,negative_control_passed,Q_503,pass_predefined,45,0,10.9861228867,0.244136064148,blocked_unfilled,control_class=random_root_sets,10.9861228867,local_obstruction_before_drift
rank222_Q503_exact_power_anchor,exact_power_anchor,222,7,7,3,95,164,148287,3260687939475903,148287,503,prime_block_le_503,45,7425387163249856130442960012501049141001305819406163509869875583601074657992881456415943936664692413,229.960829033,2954312706550833698643,49.4375529901,0,0,1,148287,168.616371179,49.4375529901,1.00630699502,0.939588620565,1.0470086911,constructed_exact_power_root,6.43774436365,0.333333333333,6.10441103032,C_from_near_power_row_as_positive_control,positive_control_survivor,local_residue_sieve,blocked_unfilled,darmon_granville_ceiling,blocked_unfilled,blocked_unfilled,Z,survivor_kandidat_requires_overlap_check,blocked_unfilled,blocked_unfilled,positive_control_passed,Q_503,pass_predefined,45,6.7436794864e-06,49.4375529901,1.09861228867,blocked_unfilled,control_class=exact_power_anchor,49.4375529901,positive_control_survivor
rank223_Q503_actual_near_miss,actual_near_miss,223,6,7,3,244,149,122571,1841463809175411,122571,503,prime_block_le_503,45,7425387163249856130442960012501049141001305819406163509869875583601074657992881456415943936664692413,229.960829033,4782969,15.3805720414,31,7,0,,202.863811259,15.3805720414,1.00692262297,0.952482869339,1.13934599357,none_visible,6.54239446203,0.333333333333,6.2090611287,existing_near_power_csv,local_obstruction_before_drift,local_residue_sieve,blocked_unfilled,darmon_granville_ceiling,blocked_unfilled,blocked_unfilled,Z,residue_only,blocked_unfilled,blocked_unfilled,under_test,Q_503,pass_predefined,45,0,15.3805720414,0.341790489808,blocked_unfilled,control_class=actual_near_miss,15.3805720414,local_obstruction_before_drift
rank223_Q503_random_root_sets,random_root_sets,223,6,7,3,244,149,122571,1841463809175411,122571,503,prime_block_le_503,45,7425387163249856130442960012501049141001305819406163509869875583601074657992881456415943936664692413,229.960829033,4782969,15.3805720414,31,7,0,,202.863811259,15.3805720414,0.957662842823,0.581412677822,1.08615414739,none_visible,6.54239446203,0.333333333333,6.2090611287,deterministic_seeded_random_sets_same_cardinality,local_obstruction_before_drift,local_residue_sieve,blocked_unfilled,darmon_granville_ceiling,blocked_unfilled,blocked_unfilled,Z,residue_only,blocked_unfilled,blocked_unfilled,negative_control_passed,Q_503,pass_predefined,45,0,15.3805720414,0.341790489808,blocked_unfilled,control_class=random_root_sets,15.3805720414,local_obstruction_before_drift
rank223_Q503_exact_power_anchor,exact_power_anchor,223,6,7,3,244,149,122571,1841463809175411,122571,503,prime_block_le_503,45,7425387163249856130442960012501049141001305819406163509869875583601074657992881456415943936664692413,229.960829033,2954312706550833698643,49.4375529901,0,0,1,122571,168.80683031,49.4375529901,1.01099619661,0.972141316733,1.10899714361,constructed_exact_power_root,6.54239446203,0.333333333333,6.2090611287,C_from_near_power_row_as_positive_control,positive_control_survivor,local_residue_sieve,blocked_unfilled,darmon_granville_ceiling,blocked_unfilled,blocked_unfilled,Z,survivor_kandidat_requires_overlap_check,blocked_unfilled,blocked_unfilled,positive_control_passed,Q_503,pass_predefined,45,8.15853668486e-06,49.4375529901,1.09861228867,blocked_unfilled,control_class=exact_power_anchor,49.4375529901,positive_control_survivor
rank224_Q503_actual_near_miss,actual_near_miss,224,7,7,3,71,106,54227,159458155395083,54227,503,prime_block_le_503,45,7425387163249856130442960012501049141001305819406163509869875583601074657992881456415943936664692413,229.960829033,1162261467,20.8736334847,25,7,0,,198.18626133,20.8736334847,1.07416829212,0,2.36697381173,none_visible,7.03183856925,0.333333333333,6.69850523592,existing_near_power_csv,local_obstruction_before_drift,local_residue_sieve,blocked_unfilled,darmon_granville_ceiling,blocked_unfilled,blocked_unfilled,Z,residue_only,blocked_unfilled,blocked_unfilled,under_test,Q_503,pass_predefined,45,0,20.8736334847,0.463858521882,blocked_unfilled,control_class=actual_near_miss,20.8736334847,local_obstruction_before_drift
rank224_Q503_random_root_sets,random_root_sets,224,7,7,3,71,106,54227,159458155395083,54227,503,prime_block_le_503,45,7425387163249856130442960012501049141001305819406163509869875583601074657992881456415943936664692413,229.960829033,1162261467,20.8736334847,25,7,0,,198.18626133,20.8736334847,0.954027778182,0.399397184265,1.23049813234,none_visible,7.03183856925,0.333333333333,6.69850523592,deterministic_seeded_random_sets_same_cardinality,local_obstruction_before_drift,local_residue_sieve,blocked_unfilled,darmon_granville_ceiling,blocked_unfilled,blocked_unfilled,Z,residue_only,blocked_unfilled,blocked_unfilled,negative_control_passed,Q_503,pass_predefined,45,0,20.8736334847,0.463858521882,blocked_unfilled,control_class=random_root_sets,20.8736334847,local_obstruction_before_drift
rank224_Q503_exact_power_anchor,exact_power_anchor,224,7,7,3,71,106,54227,159458155395083,54227,503,prime_block_le_503,45,7425387163249856130442960012501049141001305819406163509869875583601074657992881456415943936664692413,229.960829033,984770902183611232881,48.3389407014,0,0,1,54227,170.720954113,48.3389407014,1.00352803612,0.903135584364,1.15693904021,constructed_exact_power_root,7.03183856925,0.333333333333,6.69850523592,C_from_near_power_row_as_positive_control,positive_control_survivor,local_residue_sieve,blocked_unfilled,darmon_granville_ceiling,blocked_unfilled,blocked_unfilled,Z,survivor_kandidat_requires_overlap_check,blocked_unfilled,blocked_unfilled,positive_control_passed,Q_503,pass_predefined,45,1.84409980268e-05,48.3389407014,1.07419868225,blocked_unfilled,control_class=exact_power_anchor,48.3389407014,positive_control_survivor
rank225_Q503_actual_near_miss,actual_near_miss,225,6,6,3,169,185,39872,63387563982848,39872,503,prime_block_le_503,45,7425387163249856130442960012501049141001305819406163509869875583601074657992881456415943936664692413,229.960829033,177147,12.0847351753,33,7,0,,207.282664255,12.0847351753,0.981264288146,0,1.37862270376,none_visible,7.23595781126,0.333333333333,6.90262447792,existing_near_power_csv,local_obstruction_before_drift,local_residue_sieve,blocked_unfilled,darmon_granville_ceiling,blocked_unfilled,blocked_unfilled,Z,residue_only,blocked_unfilled,blocked_unfilled,under_test,Q_503,pass_predefined,45,0,12.0847351753,0.268549670563,blocked_unfilled,control_class=actual_near_miss,12.0847351753,local_obstruction_before_drift
rank225_Q503_random_root_sets,random_root_sets,225,6,6,3,169,185,39872,63387563982848,39872,503,prime_block_le_503,45,7425387163249856130442960012501049141001305819406163509869875583601074657992881456415943936664692413,229.960829033,177147,12.0847351753,33,7,0,,207.282664255,12.0847351753,0.959216715713,0.689311351882,1.32884954075,none_visible,7.23595781126,0.333333333333,6.90262447792,deterministic_seeded_random_sets_same_cardinality,local_obstruction_before_drift,local_residue_sieve,blocked_unfilled,darmon_granville_ceiling,blocked_unfilled,blocked_unfilled,Z,residue_only,blocked_unfilled,blocked_unfilled,negative_control_passed,Q_503,pass_predefined,45,0,12.0847351753,0.268549670563,blocked_unfilled,control_class=random_root_sets,12.0847351753,local_obstruction_before_drift
rank225_Q503_exact_power_anchor,exact_power_anchor,225,6,6,3,169,185,39872,63387563982848,39872,503,prime_block_le_503,45,7425387163249856130442960012501049141001305819406163509869875583601074657992881456415943936664692413,229.960829033,984770902183611232881,48.3389407014,0,0,1,39872,171.028458729,48.3389407014,0.981336573331,0.784457486178,1.16817148208,constructed_exact_power_root,7.23595781126,0.333333333333,6.90262447792,C_from_near_power_row_as_positive_control,positive_control_survivor,local_residue_sieve,blocked_unfilled,darmon_granville_ceiling,blocked_unfilled,blocked_unfilled,Z,survivor_kandidat_requires_overlap_check,blocked_unfilled,blocked_unfilled,positive_control_passed,Q_503,pass_predefined,45,2.50802568218e-05,48.3389407014,1.07419868225,blocked_unfilled,control_class=exact_power_anchor,48.3389407014,positive_control_survivor
rank226_Q503_actual_near_miss,actual_near_miss,226,7,7,3,118,175,174844,5345055272603584,174844,503,prime_block_le_503,45,7425387163249856130442960012501049141001305819406163509869875583601074657992881456415943936664692413,229.960829033,387420489,19.775021196,27,31,0,,198.11415841,19.775021196,0.977514409484,0.859741636354,1.05516218902,none_visible,6.34988699288,0.333333333333,6.01655365954,existing_near_power_csv,local_obstruction_before_drift,local_residue_sieve,blocked_unfilled,darmon_granville_ceiling,blocked_unfilled,blocked_unfilled,Z,residue_only,blocked_unfilled,blocked_unfilled,under_test,Q_503,pass_predefined,45,0,19.775021196,0.439444915467,blocked_unfilled,control_class=actual_near_miss,19.775021196,local_obstruction_before_drift
rank226_Q503_random_root_sets,random_root_sets,226,7,7,3,118,175,174844,5345055272603584,174844,503,prime_block_le_503,45,7425387163249856130442960012501049141001305819406163509869875583601074657992881456415943936664692413,229.960829033,387420489,19.775021196,27,31,0,,198.11415841,19.775021196,0.993128290795,0.859741636354,1.14661641234,none_visible,6.34988699288,0.333333333333,6.01655365954,deterministic_seeded_random_sets_same_cardinality,local_obstruction_before_drift,local_residue_sieve,blocked_unfilled,darmon_granville_ceiling,blocked_unfilled,blocked_unfilled,Z,residue_only,blocked_unfilled,blocked_unfilled,negative_control_passed,Q_503,pass_predefined,45,0,19.775021196,0.439444915467,blocked_unfilled,control_class=random_root_sets,19.775021196,local_obstruction_before_drift
rank226_Q503_exact_power_anchor,exact_power_anchor,226,7,7,3,118,175,174844,5345055272603584,174844,503,prime_block_le_503,45,7425387163249856130442960012501049141001305819406163509869875583601074657992881456415943936664692413,229.960829033,2954312706550833698643,49.4375529901,0,0,1,174844,168.451626616,49.4375529901,1.00519166504,0.987029707752,1.03847747452,constructed_exact_power_root,6.34988699288,0.333333333333,6.01655365954,C_from_near_power_row_as_positive_control,positive_control_survivor,local_residue_sieve,blocked_unfilled,darmon_granville_ceiling,blocked_unfilled,blocked_unfilled,Z,survivor_kandidat_requires_overlap_check,blocked_unfilled,blocked_unfilled,positive_control_passed,Q_503,pass_predefined,45,5.71938413672e-06,49.4375529901,1.09861228867,blocked_unfilled,control_class=exact_power_anchor,49.4375529901,positive_control_survivor
rank227_Q503_actual_near_miss,actual_near_miss,227,7,7,3,93,212,268268,19306636261744832,268268,503,prime_block_le_503,45,7425387163249856130442960012501049141001305819406163509869875583601074657992881456415943936664692413,229.960829033,177147,12.0847351753,33,7,0,,205.376352098,12.0847351753,1.01797569233,0.992299574389,1.09427968383,none_visible,6.13241546509,0.333333333333,5.79908213176,existing_near_power_csv,local_obstruction_before_drift,local_residue_sieve,blocked_unfilled,darmon_granville_ceiling,blocked_unfilled,blocked_unfilled,Z,residue_only,blocked_unfilled,blocked_unfilled,under_test,Q_503,pass_predefined,45,0,12.0847351753,0.268549670563,blocked_unfilled,control_class=actual_near_miss,12.0847351753,local_obstruction_before_drift
rank227_Q503_random_root_sets,random_root_sets,227,7,7,3,93,212,268268,19306636261744832,268268,503,prime_block_le_503,45,7425387163249856130442960012501049141001305819406163509869875583601074657992881456415943936664692413,229.960829033,177147,12.0847351753,33,7,0,,205.376352098,12.0847351753,1.00167418892,0.957081475738,1.07024898816,none_visible,6.13241546509,0.333333333333,5.79908213176,deterministic_seeded_random_sets_same_cardinality,local_obstruction_before_drift,local_residue_sieve,blocked_unfilled,darmon_granville_ceiling,blocked_unfilled,blocked_unfilled,Z,residue_only,blocked_unfilled,blocked_unfilled,negative_control_passed,Q_503,pass_predefined,45,0,12.0847351753,0.268549670563,blocked_unfilled,control_class=random_root_sets,12.0847351753,local_obstruction_before_drift
rank227_Q503_exact_power_anchor,exact_power_anchor,227,7,7,3,93,212,268268,19306636261744832,268268,503,prime_block_le_503,45,7425387163249856130442960012501049141001305819406163509869875583601074657992881456415943936664692413,229.960829033,109418989131512359209,46.1417161241,0,0,1,268268,171.319371149,46.1417161241,1.00623317741,0.991286077107,1.03288461124,constructed_exact_power_root,6.13241546509,0.333333333333,5.79908213176,C_from_near_power_row_as_positive_control,positive_control_survivor,local_residue_sieve,blocked_unfilled,darmon_granville_ceiling,blocked_unfilled,blocked_unfilled,Z,survivor_kandidat_requires_overlap_check,blocked_unfilled,blocked_unfilled,positive_control_passed,Q_503,pass_predefined,45,3.72761566791e-06,46.1417161241,1.02537146942,blocked_unfilled,control_class=exact_power_anchor,46.1417161241,positive_control_survivor
rank228_Q503_actual_near_miss,actual_near_miss,228,7,7,3,110,183,191911,7068049873791031,191911,503,prime_block_le_503,45,7425387163249856130442960012501049141001305819406163509869875583601074657992881456415943936664692413,229.960829033,1162261467,20.8736334847,26,19,0,,196.922408546,20.8736334847,1.00663907286,0.817135720898,1.10995490386,none_visible,6.30127018795,0.333333333333,5.96793685461,existing_near_power_csv,local_obstruction_before_drift,local_residue_sieve,blocked_unfilled,darmon_granville_ceiling,blocked_unfilled,blocked_unfilled,Z,residue_only,blocked_unfilled,blocked_unfilled,under_test,Q_503,pass_predefined,45,0,20.8736334847,0.463858521882,blocked_unfilled,control_class=actual_near_miss,20.8736334847,local_obstruction_before_drift
rank228_Q503_random_root_sets,random_root_sets,228,7,7,3,110,183,191911,7068049873791031,191911,503,prime_block_le_503,45,7425387163249856130442960012501049141001305819406163509869875583601074657992881456415943936664692413,229.960829033,1162261467,20.8736334847,26,19,0,,196.922408546,20.8736334847,1.00590500059,0.885230364307,1.10995490386,none_visible,6.30127018795,0.333333333333,5.96793685461,deterministic_seeded_random_sets_same_cardinality,local_obstruction_before_drift,local_residue_sieve,blocked_unfilled,darmon_granville_ceiling,blocked_unfilled,blocked_unfilled,Z,residue_only,blocked_unfilled,blocked_unfilled,negative_control_passed,Q_503,pass_predefined,45,0,20.8736334847,0.463858521882,blocked_unfilled,control_class=random_root_sets,20.8736334847,local_obstruction_before_drift
rank228_Q503_exact_power_anchor,exact_power_anchor,228,7,7,3,110,183,191911,7068049873791031,191911,503,prime_block_le_503,45,7425387163249856130442960012501049141001305819406163509869875583601074657992881456415943936664692413,229.960829033,2954312706550833698643,49.4375529901,0,0,1,191911,168.358489041,49.4375529901,1.00635549716,0.950585890798,1.08639826679,constructed_exact_power_root,6.30127018795,0.333333333333,5.96793685461,C_from_near_power_row_as_positive_control,positive_control_survivor,local_residue_sieve,blocked_unfilled,darmon_granville_ceiling,blocked_unfilled,blocked_unfilled,Z,survivor_kandidat_requires_overlap_check,blocked_unfilled,blocked_unfilled,positive_control_passed,Q_503,pass_predefined,45,5.21074873249e-06,49.4375529901,1.09861228867,blocked_unfilled,control_class=exact_power_anchor,49.4375529901,positive_control_survivor
rank229_Q503_actual_near_miss,actual_near_miss,229,6,7,3,187,222,298577,26617609554626033,298577,503,prime_block_le_503,45,7425387163249856130442960012501049141001305819406163509869875583601074657992881456415943936664692413,229.960829033,4782969,15.3805720414,29,19,0,,201.973473857,15.3805720414,0.969934773324,0.790849038383,1.13205973668,none_visible,6.08034649734,0.333333333333,5.74701316401,existing_near_power_csv,local_obstruction_before_drift,local_residue_sieve,blocked_unfilled,darmon_granville_ceiling,blocked_unfilled,blocked_unfilled,Z,residue_only,blocked_unfilled,blocked_unfilled,under_test,Q_503,pass_predefined,45,0,15.3805720414,0.341790489808,blocked_unfilled,control_class=actual_near_miss,15.3805720414,local_obstruction_before_drift
rank229_Q503_random_root_sets,random_root_sets,229,6,7,3,187,222,298577,26617609554626033,298577,503,prime_block_le_503,45,7425387163249856130442960012501049141001305819406163509869875583601074657992881456415943936664692413,229.960829033,4782969,15.3805720414,29,19,0,,201.973473857,15.3805720414,1.03251415138,0.922657211447,1.14213418984,none_visible,6.08034649734,0.333333333333,5.74701316401,deterministic_seeded_random_sets_same_cardinality,local_obstruction_before_drift,local_residue_sieve,blocked_unfilled,darmon_granville_ceiling,blocked_unfilled,blocked_unfilled,Z,residue_only,blocked_unfilled,blocked_unfilled,negative_control_passed,Q_503,pass_predefined,45,0,15.3805720414,0.341790489808,blocked_unfilled,control_class=random_root_sets,15.3805720414,local_obstruction_before_drift
rank229_Q503_exact_power_anchor,exact_power_anchor,229,6,7,3,187,222,298577,26617609554626033,298577,503,prime_block_le_503,45,7425387163249856130442960012501049141001305819406163509869875583601074657992881456415943936664692413,229.960829033,984770902183611232881,48.3389407014,0,0,1,298577,169.015105197,48.3389407014,1.00311789105,0.9691961091,1.03309550151,constructed_exact_power_root,6.08034649734,0.333333333333,5.74701316401,C_from_near_power_row_as_positive_control,positive_control_survivor,local_residue_sieve,blocked_unfilled,darmon_granville_ceiling,blocked_unfilled,blocked_unfilled,Z,survivor_kandidat_requires_overlap_check,blocked_unfilled,blocked_unfilled,positive_control_passed,Q_503,pass_predefined,45,3.34921979925e-06,48.3389407014,1.07419868225,blocked_unfilled,control_class=exact_power_anchor,48.3389407014,positive_control_survivor
rank230_Q503_actual_near_miss,actual_near_miss,230,7,7,3,157,180,203870,8473444100603000,203870,503,prime_block_le_503,45,7425387163249856130442960012501049141001305819406163509869875583601074657992881456415943936664692413,229.960829033,3486784401,21.9722457734,23,13,0,,195.763345445,21.9722457734,1.00880488993,0.899668634151,1.11082007597,none_visible,6.27011194702,0.333333333333,5.93677861368,existing_near_power_csv,local_obstruction_before_drift,local_residue_sieve,blocked_unfilled,darmon_granville_ceiling,blocked_unfilled,blocked_unfilled,Z,residue_only,blocked_unfilled,blocked_unfilled,under_test,Q_503,pass_predefined,45,0,21.9722457734,0.488272128297,blocked_unfilled,control_class=actual_near_miss,21.9722457734,local_obstruction_before_drift
rank230_Q503_random_root_sets,random_root_sets,230,7,7,3,157,180,203870,8473444100603000,203870,503,prime_block_le_503,45,7425387163249856130442960012501049141001305819406163509869875583601074657992881456415943936664692413,229.960829033,3486784401,21.9722457734,23,13,0,,195.763345445,21.9722457734,1.00023406866,0.911912820261,1.09374437959,none_visible,6.27011194702,0.333333333333,5.93677861368,deterministic_seeded_random_sets_same_cardinality,local_obstruction_before_drift,local_residue_sieve,blocked_unfilled,darmon_granville_ceiling,blocked_unfilled,blocked_unfilled,Z,residue_only,blocked_unfilled,blocked_unfilled,negative_control_passed,Q_503,pass_predefined,45,0,21.9722457734,0.488272128297,blocked_unfilled,control_class=random_root_sets,21.9722457734,local_obstruction_before_drift
rank230_Q503_exact_power_anchor,exact_power_anchor,230,7,7,3,157,180,203870,8473444100603000,203870,503,prime_block_le_503,45,7425387163249856130442960012501049141001305819406163509869875583601074657992881456415943936664692413,229.960829033,328256967394537077627,47.2403284127,0,0,1,203870,170.495262805,47.2403284127,1.00691113073,0.990261223111,1.05274875602,constructed_exact_power_root,6.27011194702,0.333333333333,5.93677861368,C_from_near_power_row_as_positive_control,positive_control_survivor,local_residue_sieve,blocked_unfilled,darmon_granville_ceiling,blocked_unfilled,blocked_unfilled,Z,survivor_kandidat_requires_overlap_check,blocked_unfilled,blocked_unfilled,positive_control_passed,Q_503,pass_predefined,45,4.90508657478e-06,47.2403284127,1.04978507584,blocked_unfilled,control_class=exact_power_anchor,47.2403284127,positive_control_survivor
rank231_Q503_actual_near_miss,actual_near_miss,231,7,7,3,185,216,308475,29353501784671875,308475,503,prime_block_le_503,45,7425387163249856130442960012501049141001305819406163509869875583601074657992881456415943936664692413,229.960829033,129140163,18.6764089074,28,7,0,,198.645024044,18.6764089074,0.995227823252,0.928767863414,1.02972400068,none_visible,6.06465761353,0.333333333333,5.73132428019,existing_near_power_csv,local_obstruction_before_drift,local_residue_sieve,blocked_unfilled,darmon_granville_ceiling,blocked_unfilled,blocked_unfilled,Z,residue_only,blocked_unfilled,blocked_unfilled,under_test,Q_503,pass_predefined,45,0,18.6764089074,0.415031309052,blocked_unfilled,control_class=actual_near_miss,18.6764089074,local_obstruction_before_drift
rank231_Q503_random_root_sets,random_root_sets,231,7,7,3,185,216,308475,29353501784671875,308475,503,prime_block_le_503,45,7425387163249856130442960012501049141001305819406163509869875583601074657992881456415943936664692413,229.960829033,129140163,18.6764089074,28,7,0,,198.645024044,18.6764089074,1.00826766531,0.968900415125,1.16739335981,none_visible,6.06465761353,0.333333333333,5.73132428019,deterministic_seeded_random_sets_same_cardinality,local_obstruction_before_drift,local_residue_sieve,blocked_unfilled,darmon_granville_ceiling,blocked_unfilled,blocked_unfilled,Z,residue_only,blocked_unfilled,blocked_unfilled,negative_control_passed,Q_503,pass_predefined,45,0,18.6764089074,0.415031309052,blocked_unfilled,control_class=random_root_sets,18.6764089074,local_obstruction_before_drift
rank231_Q503_exact_power_anchor,exact_power_anchor,231,7,7,3,185,216,308475,29353501784671875,308475,503,prime_block_le_503,45,7425387163249856130442960012501049141001305819406163509869875583601074657992881456415943936664692413,229.960829033,984770902183611232881,48.3389407014,0,0,1,308475,168.98249225,48.3389407014,1.00434656149,0.981449604236,1.04357133209,constructed_exact_power_root,6.06465761353,0.333333333333,5.73132428019,C_from_near_power_row_as_positive_control,positive_control_survivor,local_residue_sieve,blocked_unfilled,darmon_granville_ceiling,blocked_unfilled,blocked_unfilled,Z,survivor_kandidat_requires_overlap_check,blocked_unfilled,blocked_unfilled,positive_control_passed,Q_503,pass_predefined,45,3.2417537888e-06,48.3389407014,1.07419868225,blocked_unfilled,control_class=exact_power_anchor,48.3389407014,positive_control_survivor
rank232_Q503_actual_near_miss,actual_near_miss,232,7,7,3,137,235,343374,40485753162717624,343374,503,prime_block_le_503,45,7425387163249856130442960012501049141001305819406163509869875583601074657992881456415943936664692413,229.960829033,59049,10.9861228867,34,13,0,,206.228130635,10.9861228867,0.992410801827,0.949396932273,1.01066216752,none_visible,6.01366301174,0.333333333333,5.68032967841,existing_near_power_csv,local_obstruction_before_drift,local_residue_sieve,blocked_unfilled,darmon_granville_ceiling,blocked_unfilled,blocked_unfilled,Z,residue_only,blocked_unfilled,blocked_unfilled,under_test,Q_503,pass_predefined,45,0,10.9861228867,0.244136064148,blocked_unfilled,control_class=actual_near_miss,10.9861228867,local_obstruction_before_drift
rank232_Q503_random_root_sets,random_root_sets,232,7,7,3,137,235,343374,40485753162717624,343374,503,prime_block_le_503,45,7425387163249856130442960012501049141001305819406163509869875583601074657992881456415943936664692413,229.960829033,59049,10.9861228867,34,13,0,,206.228130635,10.9861228867,0.988239483608,0.947335364161,1.04675724493,none_visible,6.01366301174,0.333333333333,5.68032967841,deterministic_seeded_random_sets_same_cardinality,local_obstruction_before_drift,local_residue_sieve,blocked_unfilled,darmon_granville_ceiling,blocked_unfilled,blocked_unfilled,Z,residue_only,blocked_unfilled,blocked_unfilled,negative_control_passed,Q_503,pass_predefined,45,0,10.9861228867,0.244136064148,blocked_unfilled,control_class=random_root_sets,10.9861228867,local_obstruction_before_drift
rank232_Q503_exact_power_anchor,exact_power_anchor,232,7,7,3,137,235,343374,40485753162717624,343374,503,prime_block_le_503,45,7425387163249856130442960012501049141001305819406163509869875583601074657992881456415943936664692413,229.960829033,328256967394537077627,47.2403284127,0,0,1,343374,169.973925109,47.2403284127,1.00044986581,0.958425636316,1.01876282615,constructed_exact_power_root,6.01366301174,0.333333333333,5.68032967841,C_from_near_power_row_as_positive_control,positive_control_survivor,local_residue_sieve,blocked_unfilled,darmon_granville_ceiling,blocked_unfilled,blocked_unfilled,Z,survivor_kandidat_requires_overlap_check,blocked_unfilled,blocked_unfilled,positive_control_passed,Q_503,pass_predefined,45,2.91227640998e-06,47.2403284127,1.04978507584,blocked_unfilled,control_class=exact_power_anchor,47.2403284127,positive_control_survivor
rank233_Q503_actual_near_miss,actual_near_miss,233,6,6,3,155,243,60346,219758390301736,60346,503,prime_block_le_503,45,7425387163249856130442960012501049141001305819406163509869875583601074657992881456415943936664692413,229.960829033,1162261467,20.8736334847,25,7,0,,198.079345604,20.8736334847,0.96032169654,0,1.38518800841,none_visible,6.96354057019,0.333333333333,6.63020723685,existing_near_power_csv,local_obstruction_before_drift,local_residue_sieve,blocked_unfilled,darmon_granville_ceiling,blocked_unfilled,blocked_unfilled,Z,residue_only,blocked_unfilled,blocked_unfilled,under_test,Q_503,pass_predefined,45,0,20.8736334847,0.463858521882,blocked_unfilled,control_class=actual_near_miss,20.8736334847,local_obstruction_before_drift
rank233_Q503_random_root_sets,random_root_sets,233,6,6,3,155,243,60346,219758390301736,60346,503,prime_block_le_503,45,7425387163249856130442960012501049141001305819406163509869875583601074657992881456415943936664692413,229.960829033,1162261467,20.8736334847,25,7,0,,198.079345604,20.8736334847,0.987684276035,0.77917711567,1.47757561028,none_visible,6.96354057019,0.333333333333,6.63020723685,deterministic_seeded_random_sets_same_cardinality,local_obstruction_before_drift,local_residue_sieve,blocked_unfilled,darmon_granville_ceiling,blocked_unfilled,blocked_unfilled,Z,residue_only,blocked_unfilled,blocked_unfilled,negative_control_passed,Q_503,pass_predefined,45,0,20.8736334847,0.463858521882,blocked_unfilled,control_class=random_root_sets,20.8736334847,local_obstruction_before_drift
rank233_Q503_exact_power_anchor,exact_power_anchor,233,6,6,3,155,243,60346,219758390301736,60346,503,prime_block_le_503,45,7425387163249856130442960012501049141001305819406163509869875583601074657992881456415943936664692413,229.960829033,328256967394537077627,47.2403284127,0,0,1,60346,171.712650676,47.2403284127,1.04922393518,0.971562139809,1.39160839161,constructed_exact_power_root,6.96354057019,0.333333333333,6.63020723685,C_from_near_power_row_as_positive_control,positive_control_survivor,local_residue_sieve,blocked_unfilled,darmon_granville_ceiling,blocked_unfilled,blocked_unfilled,Z,survivor_kandidat_requires_overlap_check,blocked_unfilled,blocked_unfilled,positive_control_passed,Q_503,pass_predefined,45,1.65711066185e-05,47.2403284127,1.04978507584,blocked_unfilled,control_class=exact_power_anchor,47.2403284127,positive_control_survivor
rank234_Q503_actual_near_miss,actual_near_miss,234,7,7,3,149,229,326031,34655860607887791,326031,503,prime_block_le_503,45,7425387163249856130442960012501049141001305819406163509869875583601074657992881456415943936664692413,229.960829033,4782969,15.3805720414,30,31,0,,201.885509244,15.3805720414,0.987556763153,0.938910035481,1.00513891147,none_visible,6.03821448052,0.333333333333,5.70488114719,existing_near_power_csv,local_obstruction_before_drift,local_residue_sieve,blocked_unfilled,darmon_granville_ceiling,blocked_unfilled,blocked_unfilled,Z,residue_only,blocked_unfilled,blocked_unfilled,under_test,Q_503,pass_predefined,45,0,15.3805720414,0.341790489808,blocked_unfilled,control_class=actual_near_miss,15.3805720414,local_obstruction_before_drift
rank234_Q503_random_root_sets,random_root_sets,234,7,7,3,149,229,326031,34655860607887791,326031,503,prime_block_le_503,45,7425387163249856130442960012501049141001305819406163509869875583601074657992881456415943936664692413,229.960829033,4782969,15.3805720414,30,31,0,,201.885509244,15.3805720414,1.03011791215,0.87301173474,1.28870567523,none_visible,6.03821448052,0.333333333333,5.70488114719,deterministic_seeded_random_sets_same_cardinality,local_obstruction_before_drift,local_residue_sieve,blocked_unfilled,darmon_granville_ceiling,blocked_unfilled,blocked_unfilled,Z,residue_only,blocked_unfilled,blocked_unfilled,negative_control_passed,Q_503,pass_predefined,45,0,15.3805720414,0.341790489808,blocked_unfilled,control_class=random_root_sets,15.3805720414,local_obstruction_before_drift
rank234_Q503_exact_power_anchor,exact_power_anchor,234,7,7,3,149,229,326031,34655860607887791,326031,503,prime_block_le_503,45,7425387163249856130442960012501049141001305819406163509869875583601074657992881456415943936664692413,229.960829033,2954312706550833698643,49.4375529901,0,0,1,326031,167.828528295,49.4375529901,1.00200898301,0.981680678627,1.01565188586,constructed_exact_power_root,6.03821448052,0.333333333333,5.70488114719,C_from_near_power_row_as_positive_control,positive_control_survivor,local_residue_sieve,blocked_unfilled,darmon_granville_ceiling,blocked_unfilled,blocked_unfilled,Z,survivor_kandidat_requires_overlap_check,blocked_unfilled,blocked_unfilled,positive_control_passed,Q_503,pass_predefined,45,3.06719299698e-06,49.4375529901,1.09861228867,blocked_unfilled,control_class=exact_power_anchor,49.4375529901,positive_control_survivor
rank235_Q503_actual_near_miss,actual_near_miss,235,7,7,3,123,163,151584,3483053049544704,151584,503,prime_block_le_503,45,7425387163249856130442960012501049141001305819406163509869875583601074657992881456415943936664692413,229.960829033,14348907,16.47918433,29,19,0,,201.552749497,16.47918433,0.99821133277,0.694030299299,1.22645969671,none_visible,6.42587669316,0.333333333333,6.09254335983,existing_near_power_csv,local_obstruction_before_drift,local_residue_sieve,blocked_unfilled,darmon_granville_ceiling,blocked_unfilled,blocked_unfilled,Z,residue_only,blocked_unfilled,blocked_unfilled,under_test,Q_503,pass_predefined,45,0,16.47918433,0.366204096223,blocked_unfilled,control_class=actual_near_miss,16.47918433,local_obstruction_before_drift
rank235_Q503_random_root_sets,random_root_sets,235,7,7,3,123,163,151584,3483053049544704,151584,503,prime_block_le_503,45,7425387163249856130442960012501049141001305819406163509869875583601074657992881456415943936664692413,229.960829033,14348907,16.47918433,29,19,0,,201.552749497,16.47918433,1.02227626877,0.976741168813,1.12661846457,none_visible,6.42587669316,0.333333333333,6.09254335983,deterministic_seeded_random_sets_same_cardinality,local_obstruction_before_drift,local_residue_sieve,blocked_unfilled,darmon_granville_ceiling,blocked_unfilled,blocked_unfilled,Z,residue_only,blocked_unfilled,blocked_unfilled,negative_control_passed,Q_503,pass_predefined,45,0,16.47918433,0.366204096223,blocked_unfilled,control_class=random_root_sets,16.47918433,local_obstruction_before_drift
rank235_Q503_exact_power_anchor,exact_power_anchor,235,7,7,3,123,163,151584,3483053049544704,151584,503,prime_block_le_503,45,7425387163249856130442960012501049141001305819406163509869875583601074657992881456415943936664692413,229.960829033,2954312706550833698643,49.4375529901,0,0,1,151584,168.594380837,49.4375529901,0.994831431931,0.889978127272,1.03803391739,constructed_exact_power_root,6.42587669316,0.333333333333,6.09254335983,C_from_near_power_row_as_positive_control,positive_control_survivor,local_residue_sieve,blocked_unfilled,darmon_granville_ceiling,blocked_unfilled,blocked_unfilled,Z,survivor_kandidat_requires_overlap_check,blocked_unfilled,blocked_unfilled,positive_control_passed,Q_503,pass_predefined,45,6.59700232214e-06,49.4375529901,1.09861228867,blocked_unfilled,control_class=exact_power_anchor,49.4375529901,positive_control_survivor
rank236_Q503_actual_near_miss,actual_near_miss,236,6,7,3,181,169,158376,3972538457381376,158376,503,prime_block_le_503,45,7425387163249856130442960012501049141001305819406163509869875583601074657992881456415943936664692413,229.960829033,4782969,15.3805720414,30,7,0,,202.60752976,15.3805720414,0.994618091887,0.729397130878,1.11720139976,none_visible,6.4023516275,0.333333333333,6.06901829416,existing_near_power_csv,local_obstruction_before_drift,local_residue_sieve,blocked_unfilled,darmon_granville_ceiling,blocked_unfilled,blocked_unfilled,Z,residue_only,blocked_unfilled,blocked_unfilled,under_test,Q_503,pass_predefined,45,0,15.3805720414,0.341790489808,blocked_unfilled,control_class=actual_near_miss,15.3805720414,local_obstruction_before_drift
rank236_Q503_random_root_sets,random_root_sets,236,6,7,3,181,169,158376,3972538457381376,158376,503,prime_block_le_503,45,7425387163249856130442960012501049141001305819406163509869875583601074657992881456415943936664692413,229.960829033,4782969,15.3805720414,30,7,0,,202.60752976,15.3805720414,0.996039112468,0.911322141963,1.11720139976,none_visible,6.4023516275,0.333333333333,6.06901829416,deterministic_seeded_random_sets_same_cardinality,local_obstruction_before_drift,local_residue_sieve,blocked_unfilled,darmon_granville_ceiling,blocked_unfilled,blocked_unfilled,Z,residue_only,blocked_unfilled,blocked_unfilled,negative_control_passed,Q_503,pass_predefined,45,0,15.3805720414,0.341790489808,blocked_unfilled,control_class=random_root_sets,15.3805720414,local_obstruction_before_drift
rank236_Q503_exact_power_anchor,exact_power_anchor,236,6,7,3,181,169,158376,3972538457381376,158376,503,prime_block_le_503,45,7425387163249856130442960012501049141001305819406163509869875583601074657992881456415943936664692413,229.960829033,2954312706550833698643,49.4375529901,0,0,1,158376,168.550548811,49.4375529901,1.00358675276,0.931295706981,1.07480510515,constructed_exact_power_root,6.4023516275,0.333333333333,6.06901829416,C_from_near_power_row_as_positive_control,positive_control_survivor,local_residue_sieve,blocked_unfilled,darmon_granville_ceiling,blocked_unfilled,blocked_unfilled,Z,survivor_kandidat_requires_overlap_check,blocked_unfilled,blocked_unfilled,positive_control_passed,Q_503,pass_predefined,45,6.31408799313e-06,49.4375529901,1.09861228867,blocked_unfilled,control_class=exact_power_anchor,49.4375529901,positive_control_survivor
rank237_Q503_actual_near_miss,actual_near_miss,237,7,7,3,142,197,233183,12679165075939487,233183,503,prime_block_le_503,45,7425387163249856130442960012501049141001305819406163509869875583601074657992881456415943936664692413,229.960829033,1594323,14.2819597527,32,7,0,,203.319290448,14.2819597527,0.971106185716,0.886348204343,1.01724539668,none_visible,6.20195968807,0.333333333333,5.86862635474,existing_near_power_csv,local_obstruction_before_drift,local_residue_sieve,blocked_unfilled,darmon_granville_ceiling,blocked_unfilled,blocked_unfilled,Z,residue_only,blocked_unfilled,blocked_unfilled,under_test,Q_503,pass_predefined,45,0,14.2819597527,0.317376883393,blocked_unfilled,control_class=actual_near_miss,14.2819597527,local_obstruction_before_drift
rank237_Q503_random_root_sets,random_root_sets,237,7,7,3,142,197,233183,12679165075939487,233183,503,prime_block_le_503,45,7425387163249856130442960012501049141001305819406163509869875583601074657992881456415943936664692413,229.960829033,1594323,14.2819597527,32,7,0,,203.319290448,14.2819597527,0.993120766221,0.86160702586,1.1011232475,none_visible,6.20195968807,0.333333333333,5.86862635474,deterministic_seeded_random_sets_same_cardinality,local_obstruction_before_drift,local_residue_sieve,blocked_unfilled,darmon_granville_ceiling,blocked_unfilled,blocked_unfilled,Z,residue_only,blocked_unfilled,blocked_unfilled,negative_control_passed,Q_503,pass_predefined,45,0,14.2819597527,0.317376883393,blocked_unfilled,control_class=random_root_sets,14.2819597527,local_obstruction_before_drift
rank237_Q503_exact_power_anchor,exact_power_anchor,237,7,7,3,142,197,233183,12679165075939487,233183,503,prime_block_le_503,45,7425387163249856130442960012501049141001305819406163509869875583601074657992881456415943936664692413,229.960829033,2954312706550833698643,49.4375529901,0,0,1,233183,168.163697211,49.4375529901,1.00055509971,0.948998569078,1.02559935044,constructed_exact_power_root,6.20195968807,0.333333333333,5.86862635474,C_from_near_power_row_as_positive_control,positive_control_survivor,local_residue_sieve,blocked_unfilled,darmon_granville_ceiling,blocked_unfilled,blocked_unfilled,Z,survivor_kandidat_requires_overlap_check,blocked_unfilled,blocked_unfilled,positive_control_passed,Q_503,pass_predefined,45,4.28847729037e-06,49.4375529901,1.09861228867,blocked_unfilled,control_class=exact_power_anchor,49.4375529901,positive_control_survivor
rank238_Q503_actual_near_miss,actual_near_miss,238,7,7,3,182,235,358809,46194469470069129,358809,503,prime_block_le_503,45,7425387163249856130442960012501049141001305819406163509869875583601074657992881456415943936664692413,229.960829033,43046721,17.5777966187,27,7,0,,199.592486922,17.5777966187,0.99614592773,0.950408155871,1.09441544418,none_visible,5.99298987856,0.333333333333,5.65965654523,existing_near_power_csv,local_obstruction_before_drift,local_residue_sieve,blocked_unfilled,darmon_granville_ceiling,blocked_unfilled,blocked_unfilled,Z,residue_only,blocked_unfilled,blocked_unfilled,under_test,Q_503,pass_predefined,45,0,17.5777966187,0.390617702638,blocked_unfilled,control_class=actual_near_miss,17.5777966187,local_obstruction_before_drift
rank238_Q503_random_root_sets,random_root_sets,238,7,7,3,182,235,358809,46194469470069129,358809,503,prime_block_le_503,45,7425387163249856130442960012501049141001305819406163509869875583601074657992881456415943936664692413,229.960829033,43046721,17.5777966187,27,7,0,,199.592486922,17.5777966187,1.00093761538,0.932592115706,1.08678681106,none_visible,5.99298987856,0.333333333333,5.65965654523,deterministic_seeded_random_sets_same_cardinality,local_obstruction_before_drift,local_residue_sieve,blocked_unfilled,darmon_granville_ceiling,blocked_unfilled,blocked_unfilled,Z,residue_only,blocked_unfilled,blocked_unfilled,negative_control_passed,Q_503,pass_predefined,45,0,17.5777966187,0.390617702638,blocked_unfilled,control_class=random_root_sets,17.5777966187,local_obstruction_before_drift
rank238_Q503_exact_power_anchor,exact_power_anchor,238,7,7,3,182,235,358809,46194469470069129,358809,503,prime_block_le_503,45,7425387163249856130442960012501049141001305819406163509869875583601074657992881456415943936664692413,229.960829033,2954312706550833698643,49.4375529901,0,0,1,358809,167.73273055,49.4375529901,1.00351374656,0.99081002861,1.02720419809,constructed_exact_power_root,5.99298987856,0.333333333333,5.65965654523,C_from_near_power_row_as_positive_control,positive_control_survivor,local_residue_sieve,blocked_unfilled,darmon_granville_ceiling,blocked_unfilled,blocked_unfilled,Z,survivor_kandidat_requires_overlap_check,blocked_unfilled,blocked_unfilled,positive_control_passed,Q_503,pass_predefined,45,2.78699809648e-06,49.4375529901,1.09861228867,blocked_unfilled,control_class=exact_power_anchor,49.4375529901,positive_control_survivor
rank239_Q503_actual_near_miss,actual_near_miss,239,7,7,3,94,213,271242,19955876792704488,271242,503,prime_block_le_503,45,7425387163249856130442960012501049141001305819406163509869875583601074657992881456415943936664692413,229.960829033,531441,13.183347464,31,13,0,,204.266714879,13.183347464,0.992797329814,0.87415051258,1.05625849487,none_visible,6.1270113635,0.333333333333,5.79367803017,existing_near_power_csv,local_obstruction_before_drift,local_residue_sieve,blocked_unfilled,darmon_granville_ceiling,blocked_unfilled,blocked_unfilled,Z,residue_only,blocked_unfilled,blocked_unfilled,under_test,Q_503,pass_predefined,45,0,13.183347464,0.292963276978,blocked_unfilled,control_class=actual_near_miss,13.183347464,local_obstruction_before_drift
rank239_Q503_random_root_sets,random_root_sets,239,7,7,3,94,213,271242,19955876792704488,271242,503,prime_block_le_503,45,7425387163249856130442960012501049141001305819406163509869875583601074657992881456415943936664692413,229.960829033,531441,13.183347464,31,13,0,,204.266714879,13.183347464,0.99277294058,0.920178290973,1.05625849487,none_visible,6.1270113635,0.333333333333,5.79367803017,deterministic_seeded_random_sets_same_cardinality,local_obstruction_before_drift,local_residue_sieve,blocked_unfilled,darmon_granville_ceiling,blocked_unfilled,blocked_unfilled,Z,residue_only,blocked_unfilled,blocked_unfilled,negative_control_passed,Q_503,pass_predefined,45,0,13.183347464,0.292963276978,blocked_unfilled,control_class=random_root_sets,13.183347464,local_obstruction_before_drift
rank239_Q503_exact_power_anchor,exact_power_anchor,239,7,7,3,94,213,271242,19955876792704488,271242,503,prime_block_le_503,45,7425387163249856130442960012501049141001305819406163509869875583601074657992881456415943936664692413,229.960829033,2954312706550833698643,49.4375529901,0,0,1,271242,168.012509353,49.4375529901,1.00756141093,0.972123704212,1.06641875357,constructed_exact_power_root,6.1270113635,0.333333333333,5.79367803017,C_from_near_power_row_as_positive_control,positive_control_survivor,local_residue_sieve,blocked_unfilled,darmon_granville_ceiling,blocked_unfilled,blocked_unfilled,Z,survivor_kandidat_requires_overlap_check,blocked_unfilled,blocked_unfilled,positive_control_passed,Q_503,pass_predefined,45,3.68674467818e-06,49.4375529901,1.09861228867,blocked_unfilled,control_class=exact_power_anchor,49.4375529901,positive_control_survivor
rank240_Q503_actual_near_miss,actual_near_miss,240,7,7,3,124,245,376658,53436940892282312,376658,503,prime_block_le_503,45,7425387163249856130442960012501049141001305819406163509869875583601074657992881456415943936664692413,229.960829033,10460353203,23.070858062,24,7,0,,194.050878078,23.070858062,1.00796015366,0.93261319877,1.11610326137,none_visible,5.97032908143,0.333333333333,5.63699574809,existing_near_power_csv,local_obstruction_before_drift,local_residue_sieve,blocked_unfilled,darmon_granville_ceiling,blocked_unfilled,blocked_unfilled,Z,residue_only,blocked_unfilled,blocked_unfilled,under_test,Q_503,pass_predefined,45,0,23.070858062,0.512685734712,blocked_unfilled,control_class=actual_near_miss,23.070858062,local_obstruction_before_drift
rank240_Q503_random_root_sets,random_root_sets,240,7,7,3,124,245,376658,53436940892282312,376658,503,prime_block_le_503,45,7425387163249856130442960012501049141001305819406163509869875583601074657992881456415943936664692413,229.960829033,10460353203,23.070858062,24,7,0,,194.050878078,23.070858062,1.01456331444,0.965093297132,1.18175639439,none_visible,5.97032908143,0.333333333333,5.63699574809,deterministic_seeded_random_sets_same_cardinality,local_obstruction_before_drift,local_residue_sieve,blocked_unfilled,darmon_granville_ceiling,blocked_unfilled,blocked_unfilled,Z,residue_only,blocked_unfilled,blocked_unfilled,negative_control_passed,Q_503,pass_predefined,45,0,23.070858062,0.512685734712,blocked_unfilled,control_class=random_root_sets,23.070858062,local_obstruction_before_drift
rank240_Q503_exact_power_anchor,exact_power_anchor,240,7,7,3,124,245,376658,53436940892282312,376658,503,prime_block_le_503,45,7425387163249856130442960012501049141001305819406163509869875583601074657992881456415943936664692413,229.960829033,2954312706550833698643,49.4375529901,0,0,1,376658,167.68418315,49.4375529901,1.00507746442,0.992159111626,1.02565988244,constructed_exact_power_root,5.97032908143,0.333333333333,5.63699574809,C_from_near_power_row_as_positive_control,positive_control_survivor,local_residue_sieve,blocked_unfilled,darmon_granville_ceiling,blocked_unfilled,blocked_unfilled,Z,survivor_kandidat_requires_overlap_check,blocked_unfilled,blocked_unfilled,positive_control_passed,Q_503,pass_predefined,45,2.65492834348e-06,49.4375529901,1.09861228867,blocked_unfilled,control_class=exact_power_anchor,49.4375529901,positive_control_survivor
rank241_Q503_actual_near_miss,actual_near_miss,241,6,7,3,198,215,277183,21296085056487487,277183,503,prime_block_le_503,45,7425387163249856130442960012501049141001305819406163509869875583601074657992881456415943936664692413,229.960829033,14348907,16.47918433,30,13,0,,200.949211486,16.47918433,0.984670977497,0.876511185751,1.04141708226,none_visible,6.11641876332,0.333333333333,5.78308542999,existing_near_power_csv,local_obstruction_before_drift,local_residue_sieve,blocked_unfilled,darmon_granville_ceiling,blocked_unfilled,blocked_unfilled,Z,residue_only,blocked_unfilled,blocked_unfilled,under_test,Q_503,pass_predefined,45,0,16.47918433,0.366204096223,blocked_unfilled,control_class=actual_near_miss,16.47918433,local_obstruction_before_drift
rank241_Q503_random_root_sets,random_root_sets,241,6,7,3,198,215,277183,21296085056487487,277183,503,prime_block_le_503,45,7425387163249856130442960012501049141001305819406163509869875583601074657992881456415943936664692413,229.960829033,14348907,16.47918433,30,13,0,,200.949211486,16.47918433,1.01251823261,0.973901317501,1.14536204922,none_visible,6.11641876332,0.333333333333,5.78308542999,deterministic_seeded_random_sets_same_cardinality,local_obstruction_before_drift,local_residue_sieve,blocked_unfilled,darmon_granville_ceiling,blocked_unfilled,blocked_unfilled,Z,residue_only,blocked_unfilled,blocked_unfilled,negative_control_passed,Q_503,pass_predefined,45,0,16.47918433,0.366204096223,blocked_unfilled,control_class=random_root_sets,16.47918433,local_obstruction_before_drift
rank241_Q503_exact_power_anchor,exact_power_anchor,241,6,7,3,198,215,277183,21296085056487487,277183,503,prime_block_le_503,45,7425387163249856130442960012501049141001305819406163509869875583601074657992881456415943936664692413,229.960829033,2954312706550833698643,49.4375529901,0,0,1,277183,167.990842826,49.4375529901,1.00053442765,0.976235114627,1.04073401968,constructed_exact_power_root,6.11641876332,0.333333333333,5.78308542999,C_from_near_power_row_as_positive_control,positive_control_survivor,local_residue_sieve,blocked_unfilled,darmon_granville_ceiling,blocked_unfilled,blocked_unfilled,Z,survivor_kandidat_requires_overlap_check,blocked_unfilled,blocked_unfilled,positive_control_passed,Q_503,pass_predefined,45,3.60772486047e-06,49.4375529901,1.09861228867,blocked_unfilled,control_class=exact_power_anchor,49.4375529901,positive_control_survivor
rank242_Q503_actual_near_miss,actual_near_miss,242,7,7,3,163,225,318305,32250049234222625,318305,503,prime_block_le_503,45,7425387163249856130442960012501049141001305819406163509869875583601074657992881456415943936664692413,229.960829033,4782969,15.3805720414,30,7,0,,201.90949167,15.3805720414,1.00147150968,0.945401423163,1.0501688632,none_visible,6.04964323244,0.333333333333,5.71630989911,existing_near_power_csv,local_obstruction_before_drift,local_residue_sieve,blocked_unfilled,darmon_granville_ceiling,blocked_unfilled,blocked_unfilled,Z,residue_only,blocked_unfilled,blocked_unfilled,under_test,Q_503,pass_predefined,45,0,15.3805720414,0.341790489808,blocked_unfilled,control_class=actual_near_miss,15.3805720414,local_obstruction_before_drift
rank242_Q503_random_root_sets,random_root_sets,242,7,7,3,163,225,318305,32250049234222625,318305,503,prime_block_le_503,45,7425387163249856130442960012501049141001305819406163509869875583601074657992881456415943936664692413,229.960829033,4782969,15.3805720414,30,7,0,,201.90949167,15.3805720414,1.01215732739,0.865798177499,1.08867211567,none_visible,6.04964323244,0.333333333333,5.71630989911,deterministic_seeded_random_sets_same_cardinality,local_obstruction_before_drift,local_residue_sieve,blocked_unfilled,darmon_granville_ceiling,blocked_unfilled,blocked_unfilled,Z,residue_only,blocked_unfilled,blocked_unfilled,negative_control_passed,Q_503,pass_predefined,45,0,15.3805720414,0.341790489808,blocked_unfilled,control_class=random_root_sets,15.3805720414,local_obstruction_before_drift
rank242_Q503_exact_power_anchor,exact_power_anchor,242,7,7,3,163,225,318305,32250049234222625,318305,503,prime_block_le_503,45,7425387163249856130442960012501049141001305819406163509869875583601074657992881456415943936664692413,229.960829033,984770902183611232881,48.3389407014,0,0,1,318305,168.95112301,48.3389407014,1.0009989109,0.963244547071,1.02730434995,constructed_exact_power_root,6.04964323244,0.333333333333,5.71630989911,C_from_near_power_row_as_positive_control,positive_control_survivor,local_residue_sieve,blocked_unfilled,darmon_granville_ceiling,blocked_unfilled,blocked_unfilled,Z,survivor_kandidat_requires_overlap_check,blocked_unfilled,blocked_unfilled,positive_control_passed,Q_503,pass_predefined,45,3.14164087903e-06,48.3389407014,1.07419868225,blocked_unfilled,control_class=exact_power_anchor,48.3389407014,positive_control_survivor
rank243_Q503_actual_near_miss,actual_near_miss,243,7,7,3,160,167,184759,6306912545957479,184759,503,prime_block_le_503,45,7425387163249856130442960012501049141001305819406163509869875583601074657992881456415943936664692413,229.960829033,4782969,15.3805720414,30,7,0,,202.453449439,15.3805720414,0.990282493273,0.838990252166,1.09654498864,none_visible,6.32100487687,0.333333333333,5.98767154353,existing_near_power_csv,local_obstruction_before_drift,local_residue_sieve,blocked_unfilled,darmon_granville_ceiling,blocked_unfilled,blocked_unfilled,Z,residue_only,blocked_unfilled,blocked_unfilled,under_test,Q_503,pass_predefined,45,0,15.3805720414,0.341790489808,blocked_unfilled,control_class=actual_near_miss,15.3805720414,local_obstruction_before_drift
rank243_Q503_random_root_sets,random_root_sets,243,7,7,3,160,167,184759,6306912545957479,184759,503,prime_block_le_503,45,7425387163249856130442960012501049141001305819406163509869875583601074657992881456415943936664692413,229.960829033,4782969,15.3805720414,30,7,0,,202.453449439,15.3805720414,1.0145602375,0.93196542523,1.11865366956,none_visible,6.32100487687,0.333333333333,5.98767154353,deterministic_seeded_random_sets_same_cardinality,local_obstruction_before_drift,local_residue_sieve,blocked_unfilled,darmon_granville_ceiling,blocked_unfilled,blocked_unfilled,Z,residue_only,blocked_unfilled,blocked_unfilled,negative_control_passed,Q_503,pass_predefined,45,0,15.3805720414,0.341790489808,blocked_unfilled,control_class=random_root_sets,15.3805720414,local_obstruction_before_drift
rank243_Q503_exact_power_anchor,exact_power_anchor,243,7,7,3,160,167,184759,6306912545957479,184759,503,prime_block_le_503,45,7425387163249856130442960012501049141001305819406163509869875583601074657992881456415943936664692413,229.960829033,984770902183611232881,48.3389407014,0,0,1,184759,169.495080779,48.3389407014,1.00310582274,0.934306011856,1.04039075528,constructed_exact_power_root,6.32100487687,0.333333333333,5.98767154353,C_from_near_power_row_as_positive_control,positive_control_survivor,local_residue_sieve,blocked_unfilled,darmon_granville_ceiling,blocked_unfilled,blocked_unfilled,Z,survivor_kandidat_requires_overlap_check,blocked_unfilled,blocked_unfilled,positive_control_passed,Q_503,pass_predefined,45,5.41245622676e-06,48.3389407014,1.07419868225,blocked_unfilled,control_class=exact_power_anchor,48.3389407014,positive_control_survivor
rank244_Q503_actual_near_miss,actual_near_miss,244,6,7,3,219,203,242816,14316336626794496,242816,503,prime_block_le_503,45,7425387163249856130442960012501049141001305819406163509869875583601074657992881456415943936664692413,229.960829033,1162261467,20.8736334847,26,13,0,,196.687136314,20.8736334847,1.01921637458,0.917770383061,1.14121804164,none_visible,6.18171318637,0.333333333333,5.84837985303,existing_near_power_csv,local_obstruction_before_drift,local_residue_sieve,blocked_unfilled,darmon_granville_ceiling,blocked_unfilled,blocked_unfilled,Z,residue_only,blocked_unfilled,blocked_unfilled,under_test,Q_503,pass_predefined,45,0,20.8736334847,0.463858521882,blocked_unfilled,control_class=actual_near_miss,20.8736334847,local_obstruction_before_drift
rank244_Q503_random_root_sets,random_root_sets,244,6,7,3,219,203,242816,14316336626794496,242816,503,prime_block_le_503,45,7425387163249856130442960012501049141001305819406163509869875583601074657992881456415943936664692413,229.960829033,1162261467,20.8736334847,26,13,0,,196.687136314,20.8736334847,0.980170347958,0.841289517806,1.05721113015,none_visible,6.18171318637,0.333333333333,5.84837985303,deterministic_seeded_random_sets_same_cardinality,local_obstruction_before_drift,local_residue_sieve,blocked_unfilled,darmon_granville_ceiling,blocked_unfilled,blocked_unfilled,Z,residue_only,blocked_unfilled,blocked_unfilled,negative_control_passed,Q_503,pass_predefined,45,0,20.8736334847,0.463858521882,blocked_unfilled,control_class=random_root_sets,20.8736334847,local_obstruction_before_drift
rank244_Q503_exact_power_anchor,exact_power_anchor,244,6,7,3,219,203,242816,14316336626794496,242816,503,prime_block_le_503,45,7425387163249856130442960012501049141001305819406163509869875583601074657992881456415943936664692413,229.960829033,328256967394537077627,47.2403284127,0,0,1,242816,170.320441386,47.2403284127,1.00481453568,0.959657609969,1.03349587067,constructed_exact_power_root,6.18171318637,0.333333333333,5.84837985303,C_from_near_power_row_as_positive_control,positive_control_survivor,local_residue_sieve,blocked_unfilled,darmon_granville_ceiling,blocked_unfilled,blocked_unfilled,Z,survivor_kandidat_requires_overlap_check,blocked_unfilled,blocked_unfilled,positive_control_passed,Q_503,pass_predefined,45,4.11834475488e-06,47.2403284127,1.04978507584,blocked_unfilled,control_class=exact_power_anchor,47.2403284127,positive_control_survivor
rank245_Q503_actual_near_miss,actual_near_miss,245,7,7,3,122,209,261204,17821303645817664,261204,503,prime_block_le_503,45,7425387163249856130442960012501049141001305819406163509869875583601074657992881456415943936664692413,229.960829033,43046721,17.5777966187,28,7,0,,199.909975424,17.5777966187,1.00120430562,0.877480181518,1.13879828282,none_visible,6.14553511123,0.333333333333,5.8122017779,existing_near_power_csv,local_obstruction_before_drift,local_residue_sieve,blocked_unfilled,darmon_granville_ceiling,blocked_unfilled,blocked_unfilled,Z,residue_only,blocked_unfilled,blocked_unfilled,under_test,Q_503,pass_predefined,45,0,17.5777966187,0.390617702638,blocked_unfilled,control_class=actual_near_miss,17.5777966187,local_obstruction_before_drift
rank245_Q503_random_root_sets,random_root_sets,245,7,7,3,122,209,261204,17821303645817664,261204,503,prime_block_le_503,45,7425387163249856130442960012501049141001305819406163509869875583601074657992881456415943936664692413,229.960829033,43046721,17.5777966187,28,7,0,,199.909975424,17.5777966187,1.00495820955,0.900545167762,1.13203047767,none_visible,6.14553511123,0.333333333333,5.8122017779,deterministic_seeded_random_sets_same_cardinality,local_obstruction_before_drift,local_residue_sieve,blocked_unfilled,darmon_granville_ceiling,blocked_unfilled,blocked_unfilled,Z,residue_only,blocked_unfilled,blocked_unfilled,negative_control_passed,Q_503,pass_predefined,45,0,17.5777966187,0.390617702638,blocked_unfilled,control_class=random_root_sets,17.5777966187,local_obstruction_before_drift
rank245_Q503_exact_power_anchor,exact_power_anchor,245,7,7,3,122,209,261204,17821303645817664,261204,503,prime_block_le_503,45,7425387163249856130442960012501049141001305819406163509869875583601074657992881456415943936664692413,229.960829033,2954312706550833698643,49.4375529901,0,0,1,261204,168.050219053,49.4375529901,1.0024931379,0.951028485186,1.05643481723,constructed_exact_power_root,6.14553511123,0.333333333333,5.8122017779,C_from_near_power_row_as_positive_control,positive_control_survivor,local_residue_sieve,blocked_unfilled,darmon_granville_ceiling,blocked_unfilled,blocked_unfilled,Z,survivor_kandidat_requires_overlap_check,blocked_unfilled,blocked_unfilled,positive_control_passed,Q_503,pass_predefined,45,3.82842529211e-06,49.4375529901,1.09861228867,blocked_unfilled,control_class=exact_power_anchor,49.4375529901,positive_control_survivor
rank246_Q503_actual_near_miss,actual_near_miss,246,4,5,3,218,243,9471,849547194111,9471,503,prime_block_le_503,45,7425387163249856130442960012501049141001305819406163509869875583601074657992881456415943936664692413,229.960829033,129140163,18.6764089074,27,7,0,,202.128430348,18.6764089074,1.49198482054,0,4.50790131278,none_visible,8.37196322219,0.333333333333,8.03862988885,existing_near_power_csv,local_obstruction_before_drift,local_residue_sieve,blocked_unfilled,darmon_granville_ceiling,blocked_unfilled,blocked_unfilled,Z,residue_only,blocked_unfilled,blocked_unfilled,under_test,Q_503,pass_predefined,45,0,18.6764089074,0.415031309052,blocked_unfilled,control_class=actual_near_miss,18.6764089074,local_obstruction_before_drift
rank246_Q503_random_root_sets,random_root_sets,246,4,5,3,218,243,9471,849547194111,9471,503,prime_block_le_503,45,7425387163249856130442960012501049141001305819406163509869875583601074657992881456415943936664692413,229.960829033,129140163,18.6764089074,27,7,0,,202.128430348,18.6764089074,0.854248573043,0,1.76518964324,none_visible,8.37196322219,0.333333333333,8.03862988885,deterministic_seeded_random_sets_same_cardinality,local_obstruction_before_drift,local_residue_sieve,blocked_unfilled,darmon_granville_ceiling,blocked_unfilled,blocked_unfilled,Z,residue_only,blocked_unfilled,blocked_unfilled,negative_control_passed,Q_503,pass_predefined,45,0,18.6764089074,0.415031309052,blocked_unfilled,control_class=random_root_sets,18.6764089074,local_obstruction_before_drift
rank246_Q503_exact_power_anchor,exact_power_anchor,246,4,5,3,218,243,9471,849547194111,9471,503,prime_block_le_503,45,7425387163249856130442960012501049141001305819406163509869875583601074657992881456415943936664692413,229.960829033,984770902183611232881,48.3389407014,0,0,1,9471,172.465898554,48.3389407014,1.00578422631,0.246237051115,1.97041260456,constructed_exact_power_root,8.37196322219,0.333333333333,8.03862988885,C_from_near_power_row_as_positive_control,positive_control_survivor,local_residue_sieve,blocked_unfilled,darmon_granville_ceiling,blocked_unfilled,blocked_unfilled,Z,survivor_kandidat_requires_overlap_check,blocked_unfilled,blocked_unfilled,positive_control_passed,Q_503,pass_predefined,45,0.000105585471439,48.3389407014,1.07419868225,blocked_unfilled,control_class=exact_power_anchor,48.3389407014,positive_control_survivor
rank247_Q503_actual_near_miss,actual_near_miss,247,6,7,3,226,173,168348,4771158934560192,168348,503,prime_block_le_503,45,7425387163249856130442960012501049141001305819406163509869875583601074657992881456415943936664692413,229.960829033,1594323,14.2819597527,31,13,0,,203.645080736,14.2819597527,0.975986606092,0.818738565353,1.13302207332,none_visible,6.3698651006,0.333333333333,6.03653176727,existing_near_power_csv,local_obstruction_before_drift,local_residue_sieve,blocked_unfilled,darmon_granville_ceiling,blocked_unfilled,blocked_unfilled,Z,residue_only,blocked_unfilled,blocked_unfilled,under_test,Q_503,pass_predefined,45,0,14.2819597527,0.317376883393,blocked_unfilled,control_class=actual_near_miss,14.2819597527,local_obstruction_before_drift
rank247_Q503_random_root_sets,random_root_sets,247,6,7,3,226,173,168348,4771158934560192,168348,503,prime_block_le_503,45,7425387163249856130442960012501049141001305819406163509869875583601074657992881456415943936664692413,229.960829033,1594323,14.2819597527,31,13,0,,203.645080736,14.2819597527,0.971642379369,0.818738565353,1.0158692444,none_visible,6.3698651006,0.333333333333,6.03653176727,deterministic_seeded_random_sets_same_cardinality,local_obstruction_before_drift,local_residue_sieve,blocked_unfilled,darmon_granville_ceiling,blocked_unfilled,blocked_unfilled,Z,residue_only,blocked_unfilled,blocked_unfilled,negative_control_passed,Q_503,pass_predefined,45,0,14.2819597527,0.317376883393,blocked_unfilled,control_class=random_root_sets,14.2819597527,local_obstruction_before_drift
rank247_Q503_exact_power_anchor,exact_power_anchor,247,6,7,3,226,173,168348,4771158934560192,168348,503,prime_block_le_503,45,7425387163249856130442960012501049141001305819406163509869875583601074657992881456415943936664692413,229.960829033,2954312706550833698643,49.4375529901,0,0,1,168348,168.489487498,49.4375529901,1.0025002222,0.943730315246,1.05633106554,constructed_exact_power_root,6.3698651006,0.333333333333,6.03653176727,C_from_near_power_row_as_positive_control,positive_control_survivor,local_residue_sieve,blocked_unfilled,darmon_granville_ceiling,blocked_unfilled,blocked_unfilled,Z,survivor_kandidat_requires_overlap_check,blocked_unfilled,blocked_unfilled,positive_control_passed,Q_503,pass_predefined,45,5.94007650819e-06,49.4375529901,1.09861228867,blocked_unfilled,control_class=exact_power_anchor,49.4375529901,positive_control_survivor
rank248_Q503_actual_near_miss,actual_near_miss,248,7,7,3,143,168,170997,4999947835616973,170997,503,prime_block_le_503,45,7425387163249856130442960012501049141001305819406163509869875583601074657992881456415943936664692413,229.960829033,14348907,16.47918433,30,7,0,,201.432243411,16.47918433,1.01295024112,0.949566366661,1.12514839442,none_visible,6.36161148786,0.333333333333,6.02827815453,existing_near_power_csv,local_obstruction_before_drift,local_residue_sieve,blocked_unfilled,darmon_granville_ceiling,blocked_unfilled,blocked_unfilled,Z,residue_only,blocked_unfilled,blocked_unfilled,under_test,Q_503,pass_predefined,45,0,16.47918433,0.366204096223,blocked_unfilled,control_class=actual_near_miss,16.47918433,local_obstruction_before_drift
rank248_Q503_random_root_sets,random_root_sets,248,7,7,3,143,168,170997,4999947835616973,170997,503,prime_block_le_503,45,7425387163249856130442960012501049141001305819406163509869875583601074657992881456415943936664692413,229.960829033,14348907,16.47918433,30,7,0,,201.432243411,16.47918433,1.0405885242,0.975546679506,1.21707528332,none_visible,6.36161148786,0.333333333333,6.02827815453,deterministic_seeded_random_sets_same_cardinality,local_obstruction_before_drift,local_residue_sieve,blocked_unfilled,darmon_granville_ceiling,blocked_unfilled,blocked_unfilled,Z,residue_only,blocked_unfilled,blocked_unfilled,negative_control_passed,Q_503,pass_predefined,45,0,16.47918433,0.366204096223,blocked_unfilled,control_class=random_root_sets,16.47918433,local_obstruction_before_drift
rank248_Q503_exact_power_anchor,exact_power_anchor,248,7,7,3,143,168,170997,4999947835616973,170997,503,prime_block_le_503,45,7425387163249856130442960012501049141001305819406163509869875583601074657992881456415943936664692413,229.960829033,2954312706550833698643,49.4375529901,0,0,1,170997,168.473874751,49.4375529901,1.00497831996,0.953353957477,1.07311889162,constructed_exact_power_root,6.36161148786,0.333333333333,6.02827815453,C_from_near_power_row_as_positive_control,positive_control_survivor,local_residue_sieve,blocked_unfilled,darmon_granville_ceiling,blocked_unfilled,blocked_unfilled,Z,survivor_kandidat_requires_overlap_check,blocked_unfilled,blocked_unfilled,positive_control_passed,Q_503,pass_predefined,45,5.84805581384e-06,49.4375529901,1.09861228867,blocked_unfilled,control_class=exact_power_anchor,49.4375529901,positive_control_survivor
rank249_Q503_actual_near_miss,actual_near_miss,249,5,6,3,173,202,40835,68092249182875,40835,503,prime_block_le_503,45,7425387163249856130442960012501049141001305819406163509869875583601074657992881456415943936664692413,229.960829033,19683,9.88751059801,35,7,0,,209.456023599,9.88751059801,1.07926207094,0.857377249908,1.98406051454,none_visible,7.21969304453,0.333333333333,6.88635971119,existing_near_power_csv,local_obstruction_before_drift,local_residue_sieve,blocked_unfilled,darmon_granville_ceiling,blocked_unfilled,blocked_unfilled,Z,residue_only,blocked_unfilled,blocked_unfilled,under_test,Q_503,pass_predefined,45,0,9.88751059801,0.219722457734,blocked_unfilled,control_class=actual_near_miss,9.88751059801,local_obstruction_before_drift
rank249_Q503_random_root_sets,random_root_sets,249,5,6,3,173,202,40835,68092249182875,40835,503,prime_block_le_503,45,7425387163249856130442960012501049141001305819406163509869875583601074657992881456415943936664692413,229.960829033,19683,9.88751059801,35,7,0,,209.456023599,9.88751059801,0.923389672682,0.204255608615,1.4880453859,none_visible,7.21969304453,0.333333333333,6.88635971119,deterministic_seeded_random_sets_same_cardinality,local_obstruction_before_drift,local_residue_sieve,blocked_unfilled,darmon_granville_ceiling,blocked_unfilled,blocked_unfilled,Z,residue_only,blocked_unfilled,blocked_unfilled,negative_control_passed,Q_503,pass_predefined,45,0,9.88751059801,0.219722457734,blocked_unfilled,control_class=random_root_sets,9.88751059801,local_obstruction_before_drift
rank249_Q503_exact_power_anchor,exact_power_anchor,249,5,6,3,173,202,40835,68092249182875,40835,503,prime_block_le_503,45,7425387163249856130442960012501049141001305819406163509869875583601074657992881456415943936664692413,229.960829033,2954312706550833698643,49.4375529901,0,0,1,40835,169.905981207,49.4375529901,1.01158807577,0.833712909677,1.15227133586,constructed_exact_power_root,7.21969304453,0.333333333333,6.88635971119,C_from_near_power_row_as_positive_control,positive_control_survivor,local_residue_sieve,blocked_unfilled,darmon_granville_ceiling,blocked_unfilled,blocked_unfilled,Z,survivor_kandidat_requires_overlap_check,blocked_unfilled,blocked_unfilled,positive_control_passed,Q_503,pass_predefined,45,2.44887963757e-05,49.4375529901,1.09861228867,blocked_unfilled,control_class=exact_power_anchor,49.4375529901,positive_control_survivor
rank250_Q503_actual_near_miss,actual_near_miss,250,6,6,3,177,193,43521,82432144309761,43521,503,prime_block_le_503,45,7425387163249856130442960012501049141001305819406163509869875583601074657992881456415943936664692413,229.960829033,1162261467,20.8736334847,26,7,0,,198.406196689,20.8736334847,1.25922904822,0.696501561188,2.04879891955,none_visible,7.17663307412,0.333333333333,6.84329974079,existing_near_power_csv,local_obstruction_before_drift,local_residue_sieve,blocked_unfilled,darmon_granville_ceiling,blocked_unfilled,blocked_unfilled,Z,residue_only,blocked_unfilled,blocked_unfilled,under_test,Q_503,pass_predefined,45,0,20.8736334847,0.463858521882,blocked_unfilled,control_class=actual_near_miss,20.8736334847,local_obstruction_before_drift
rank250_Q503_random_root_sets,random_root_sets,250,6,6,3,177,193,43521,82432144309761,43521,503,prime_block_le_503,45,7425387163249856130442960012501049141001305819406163509869875583601074657992881456415943936664692413,229.960829033,1162261467,20.8736334847,26,7,0,,198.406196689,20.8736334847,0.974038501634,0,1.76954420471,none_visible,7.17663307412,0.333333333333,6.84329974079,deterministic_seeded_random_sets_same_cardinality,local_obstruction_before_drift,local_residue_sieve,blocked_unfilled,darmon_granville_ceiling,blocked_unfilled,blocked_unfilled,Z,residue_only,blocked_unfilled,blocked_unfilled,negative_control_passed,Q_503,pass_predefined,45,0,20.8736334847,0.463858521882,blocked_unfilled,control_class=random_root_sets,20.8736334847,local_obstruction_before_drift
rank250_Q503_exact_power_anchor,exact_power_anchor,250,6,6,3,177,193,43521,82432144309761,43521,503,prime_block_le_503,45,7425387163249856130442960012501049141001305819406163509869875583601074657992881456415943936664692413,229.960829033,984770902183611232881,48.3389407014,0,0,1,43521,170.940889472,48.3389407014,1.01068907135,0.845400304834,1.17665801184,constructed_exact_power_root,7.17663307412,0.333333333333,6.84329974079,C_from_near_power_row_as_positive_control,positive_control_survivor,local_residue_sieve,blocked_unfilled,darmon_granville_ceiling,blocked_unfilled,blocked_unfilled,Z,survivor_kandidat_requires_overlap_check,blocked_unfilled,blocked_unfilled,positive_control_passed,Q_503,pass_predefined,45,2.29774132028e-05,48.3389407014,1.07419868225,blocked_unfilled,control_class=exact_power_anchor,48.3389407014,positive_control_survivor
