case_id,control_class,rank,x,y,z,A,B,C,H,T,Q,block_id,prime_count,M_block,log_M_block,n_root_classes,log_n_root_classes,local_empty_roots,first_empty_q,n_low_sections,low_section_sample,D_root,D_drift,pair_corr_ratio_mean,pair_corr_ratio_min,pair_corr_ratio_max,anchor_type,detector_degree,target_degree,degree_gap,advice_source,decision
rank1_Q31_actual_near_miss,actual_near_miss,1,7,7,3,175,243,380429,55058052685693589,380429,31,prime_block_le_31,4,53599,10.8892856902,1,0,3,7,0,,-1.95976915212,0,,,,none_visible,0.282492521145,0.333333333333,-0.0508408121888,existing_near_power_csv,local_obstruction_before_drift
rank1_Q31_random_root_sets,random_root_sets,1,7,7,3,175,243,380429,55058052685693589,380429,31,prime_block_le_31,4,53599,10.8892856902,1,0,3,7,0,,-1.95976915212,0,,,,none_visible,0.282492521145,0.333333333333,-0.0508408121888,deterministic_seeded_random_sets_same_cardinality,local_obstruction_before_drift
rank1_Q31_exact_power_anchor,exact_power_anchor,1,7,7,3,175,243,380429,55058052685693589,380429,31,prime_block_le_31,4,53599,10.8892856902,27,3.295836866,0,0,195,49 140 2870 4172 4263 5236 6993 8057 9359 10248 12180 15435,-5.25560601813,-1.97716269256,0.999988414639,0.999950932588,1.0000154796,constructed_exact_power_root,0.282492521145,0.333333333333,-0.0508408121888,C_from_near_power_row_as_positive_control,positive_control_survivor
rank2_Q31_actual_near_miss,actual_near_miss,2,7,7,3,116,193,217276,10257352303600576,217276,31,prime_block_le_31,4,53599,10.8892856902,9,2.19722457734,2,19,0,,-3.59686260093,2.19722457734,1.00000767074,1.00000767074,1.00000767074,none_visible,0.295368575904,0.333333333333,-0.0379647574295,existing_near_power_csv,local_obstruction_before_drift
rank2_Q31_random_root_sets,random_root_sets,2,7,7,3,116,193,217276,10257352303600576,217276,31,prime_block_le_31,4,53599,10.8892856902,9,2.19722457734,2,19,0,,-3.59686260093,2.19722457734,1.00000767074,1.00000767074,1.00000767074,none_visible,0.295368575904,0.333333333333,-0.0379647574295,deterministic_seeded_random_sets_same_cardinality,local_obstruction_before_drift
rank2_Q31_exact_power_anchor,exact_power_anchor,2,7,7,3,116,193,217276,10257352303600576,217276,31,prime_block_le_31,4,53599,10.8892856902,81,4.39444915467,0,0,328,514 710 2477 2880 3583 3674 4077 4947 5536 5701 5844 5939,-5.79408717826,-1.39856445371,1.00004653579,0.999997954471,1.00013398218,constructed_exact_power_root,0.295368575904,0.333333333333,-0.0379647574295,C_from_near_power_row_as_positive_control,positive_control_survivor
rank3_Q31_actual_near_miss,actual_near_miss,3,7,7,3,123,233,335332,37707261911714368,335332,31,prime_block_le_31,4,53599,10.8892856902,9,2.19722457734,2,13,0,,-4.03081525199,2.19722457734,0.999971835541,0.999971835541,0.999971835541,none_visible,0.285294126316,0.333333333333,-0.0480392070178,existing_near_power_csv,local_obstruction_before_drift
rank3_Q31_random_root_sets,random_root_sets,3,7,7,3,123,233,335332,37707261911714368,335332,31,prime_block_le_31,4,53599,10.8892856902,9,2.19722457734,2,13,0,,-4.03081525199,2.19722457734,1.00001590464,1.00001590464,1.00001590464,none_visible,0.285294126316,0.333333333333,-0.0480392070178,deterministic_seeded_random_sets_same_cardinality,local_obstruction_before_drift
rank3_Q31_exact_power_anchor,exact_power_anchor,3,7,7,3,123,233,335332,37707261911714368,335332,31,prime_block_le_31,4,53599,10.8892856902,81,4.39444915467,0,0,502,862 1369 2857 3845 5574 6980 7193 7968 8922 9697 10014 10917,-6.22803982933,-1.82415096502,1.00013949691,1.00000894636,1.00021106777,constructed_exact_power_root,0.285294126316,0.333333333333,-0.0480392070178,C_from_near_power_row_as_positive_control,positive_control_survivor
rank4_Q31_actual_near_miss,actual_near_miss,4,7,7,3,166,247,390533,59562540435549437,390533,31,prime_block_le_31,4,53599,10.8892856902,1,0,3,13,0,,-1.98598206157,0,,,,none_visible,0.28191739129,0.333333333333,-0.0514159420438,existing_near_power_csv,local_obstruction_before_drift
rank4_Q31_random_root_sets,random_root_sets,4,7,7,3,166,247,390533,59562540435549437,390533,31,prime_block_le_31,4,53599,10.8892856902,1,0,3,13,0,,-1.98598206157,0,,,,none_visible,0.28191739129,0.333333333333,-0.0514159420438,deterministic_seeded_random_sets_same_cardinality,local_obstruction_before_drift
rank4_Q31_exact_power_anchor,exact_power_anchor,4,7,7,3,166,247,390533,59562540435549437,390533,31,prime_block_le_31,4,53599,10.8892856902,27,3.295836866,0,0,195,26 4966 6695 13026 14755 15340 15847 17576 20683 22412 23400 23504,-5.28181892757,-1.97716269256,1.00011503746,1.00009986352,1.00014424731,constructed_exact_power_root,0.28191739129,0.333333333333,-0.0514159420438,C_from_near_power_row_as_positive_control,positive_control_survivor
rank5_Q31_actual_near_miss,actual_near_miss,5,5,6,4,198,227,3422,137126067287056,3422,31,prime_block_le_31,10,100280245065,25.331234554,256,5.54517744448,4,5,0,,11.6480766551,5.54517744448,1.01401957919,0.999780829924,1.04766949153,none_visible,0.778179386637,0.25,0.528179386637,existing_near_power_csv,local_obstruction_before_drift
rank5_Q31_random_root_sets,random_root_sets,5,5,6,4,198,227,3422,137126067287056,3422,31,prime_block_le_31,10,100280245065,25.331234554,256,5.54517744448,4,5,0,,11.6480766551,5.54517744448,1.00376241964,0.971215663355,1.05084745763,none_visible,0.778179386637,0.25,0.528179386637,deterministic_seeded_random_sets_same_cardinality,local_obstruction_before_drift
rank5_Q31_exact_power_anchor,exact_power_anchor,5,5,6,4,198,227,3422,137126067287056,3422,31,prime_block_le_31,10,100280245065,25.331234554,4096,8.31776616672,0,0,1,3422,8.87548793287,8.31776616672,1.01830476005,0.999780829924,1.07203389831,constructed_exact_power_root,0.778179386637,0.25,0.528179386637,C_from_near_power_row_as_positive_control,positive_control_survivor
rank6_Q31_actual_near_miss,actual_near_miss,6,6,6,3,185,218,52827,147423882533283,52827,31,prime_block_le_31,4,53599,10.8892856902,9,2.19722457734,2,7,0,,-2.1827165898,2.19722457734,0.999747603814,0.999747603814,0.999747603814,none_visible,0.333778031697,0.333333333333,0.000444698363383,existing_near_power_csv,local_obstruction_before_drift
rank6_Q31_random_root_sets,random_root_sets,6,6,6,3,185,218,52827,147423882533283,52827,31,prime_block_le_31,4,53599,10.8892856902,9,2.19722457734,2,7,0,,-2.1827165898,2.19722457734,0.996031069971,0.996031069971,0.996031069971,none_visible,0.333778031697,0.333333333333,0.000444698363383,deterministic_seeded_random_sets_same_cardinality,local_obstruction_before_drift
rank6_Q31_exact_power_anchor,exact_power_anchor,6,6,6,3,185,218,52827,147423882533283,52827,31,prime_block_le_31,4,53599,10.8892856902,81,4.39444915467,0,0,79,1398 1749 1844 1987 4219 4324 4415 4808 6277 6585 7145 7174,-4.37994116713,0.0250013022054,1.00078663478,1.00006730565,1.00222529304,constructed_exact_power_root,0.333778031697,0.333333333333,0.000444698363383,C_from_near_power_row_as_positive_control,positive_control_survivor
rank7_Q31_actual_near_miss,actual_near_miss,7,6,7,3,162,85,36873,50133199270617,36873,31,prime_block_le_31,4,53599,10.8892856902,9,2.19722457734,2,7,0,,-1.82317374205,2.19722457734,1.00064786941,1.00064786941,1.00064786941,none_visible,0.345190758629,0.333333333333,0.011857425296,existing_near_power_csv,local_obstruction_before_drift
rank7_Q31_random_root_sets,random_root_sets,7,6,7,3,162,85,36873,50133199270617,36873,31,prime_block_le_31,4,53599,10.8892856902,9,2.19722457734,2,7,0,,-1.82317374205,2.19722457734,0.998219112449,0.998219112449,0.998219112449,none_visible,0.345190758629,0.333333333333,0.011857425296,deterministic_seeded_random_sets_same_cardinality,local_obstruction_before_drift
rank7_Q31_exact_power_anchor,exact_power_anchor,7,6,7,3,162,85,36873,50133199270617,36873,31,prime_block_le_31,4,53599,10.8892856902,81,4.39444915467,0,0,55,200 851 1682 1744 2333 3889 5371 5713 6245 6736 6983 7480,-4.02039831939,0.38711596944,1.00081159455,1.00033448142,1.00107877791,constructed_exact_power_root,0.345190758629,0.333333333333,0.011857425296,C_from_near_power_row_as_positive_control,positive_control_survivor
rank8_Q31_actual_near_miss,actual_near_miss,8,3,6,3,244,27,738,401947272,738,31,prime_block_le_31,4,53599,10.8892856902,9,2.19722457734,0,0,0,,2.08811728823,2.19722457734,0.959098665061,0.886781090033,1.00406504065,none_visible,0.549635489509,0.333333333333,0.216302156175,existing_near_power_csv,root_branch_drift_no_low_section
rank8_Q31_random_root_sets,random_root_sets,8,3,6,3,244,27,738,401947272,738,31,prime_block_le_31,4,53599,10.8892856902,9,2.19722457734,0,0,0,,2.08811728823,2.19722457734,1.00020074275,0.886781090033,1.10975609756,none_visible,0.549635489509,0.333333333333,0.216302156175,deterministic_seeded_random_sets_same_cardinality,root_branch_drift_no_low_section
rank8_Q31_exact_power_anchor,exact_power_anchor,8,3,6,3,244,27,738,401947272,738,31,prime_block_le_31,4,53599,10.8892856902,81,4.39444915467,0,0,1,738,-0.109107289104,4.39444915467,1.02278430192,1.00015055706,1.06413730804,constructed_exact_power_root,0.549635489509,0.333333333333,0.216302156175,C_from_near_power_row_as_positive_control,positive_control_survivor
rank9_Q31_actual_near_miss,actual_near_miss,9,7,7,3,192,205,291752,24833705446251008,291752,31,prime_block_le_31,4,53599,10.8892856902,3,1.09861228867,3,7,0,,-2.79298600381,1.09861228867,,,,none_visible,0.28845042446,0.333333333333,-0.0448829088732,existing_near_power_csv,local_obstruction_before_drift
rank9_Q31_random_root_sets,random_root_sets,9,7,7,3,192,205,291752,24833705446251008,291752,31,prime_block_le_31,4,53599,10.8892856902,3,1.09861228867,3,7,0,,-2.79298600381,1.09861228867,,,,none_visible,0.28845042446,0.333333333333,-0.0448829088732,deterministic_seeded_random_sets_same_cardinality,local_obstruction_before_drift
rank9_Q31_exact_power_anchor,exact_power_anchor,9,7,7,3,192,205,291752,24833705446251008,291752,31,prime_block_le_31,4,53599,10.8892856902,81,4.39444915467,0,0,443,600 1189 1825 2553 3421 3902 4010 5046 5232 6999 7402 7867,-6.08882286981,-1.69912061537,1.00007020168,0.999939827129,1.00022203028,constructed_exact_power_root,0.28845042446,0.333333333333,-0.0448829088732,C_from_near_power_row_as_positive_control,positive_control_survivor
rank10_Q31_actual_near_miss,actual_near_miss,10,7,7,3,121,232,331882,36555362570660968,331882,31,prime_block_le_31,4,53599,10.8892856902,1,0,4,7,0,,-1.82324907287,0,,,,none_visible,0.285526212072,0.333333333333,-0.0478071212613,existing_near_power_csv,local_obstruction_before_drift
rank10_Q31_random_root_sets,random_root_sets,10,7,7,3,121,232,331882,36555362570660968,331882,31,prime_block_le_31,4,53599,10.8892856902,1,0,4,7,0,,-1.82324907287,0,,,,none_visible,0.285526212072,0.333333333333,-0.0478071212613,deterministic_seeded_random_sets_same_cardinality,local_obstruction_before_drift
rank10_Q31_exact_power_anchor,exact_power_anchor,10,7,7,3,121,232,331882,36555362570660968,331882,31,prime_block_le_31,4,53599,10.8892856902,81,4.39444915467,0,0,503,213 538 864 1809 2476 2628 2631 3372 4227 5514 6103 6583,-6.21769822754,-1.82614101543,1.00015456185,1.00001540039,1.00035454368,constructed_exact_power_root,0.285526212072,0.333333333333,-0.0478071212613,C_from_near_power_row_as_positive_control,positive_control_survivor
rank11_Q31_actual_near_miss,actual_near_miss,11,6,7,3,243,121,83665,585640963104625,83665,31,prime_block_le_31,4,53599,10.8892856902,27,3.295836866,1,7,0,,-3.74112718476,3.295836866,0.999916997019,0.999677284408,1.00015670963,none_visible,0.320237995128,0.333333333333,-0.0130953382055,existing_near_power_csv,local_obstruction_before_drift
rank11_Q31_random_root_sets,random_root_sets,11,6,7,3,243,121,83665,585640963104625,83665,31,prime_block_le_31,4,53599,10.8892856902,27,3.295836866,1,7,0,,-3.74112718476,3.295836866,0.999916997019,0.999677284408,1.00015670963,none_visible,0.320237995128,0.333333333333,-0.0130953382055,deterministic_seeded_random_sets_same_cardinality,local_obstruction_before_drift
rank11_Q31_exact_power_anchor,exact_power_anchor,11,6,7,3,243,121,83665,585640963104625,83665,31,prime_block_le_31,4,53599,10.8892856902,81,4.39444915467,0,0,132,179 303 569 582 1481 3124 3390 3964 4274 4302 4692 4705,-4.83973947343,-0.488352767914,1.00037273872,1.00017397425,1.00048473741,constructed_exact_power_root,0.320237995128,0.333333333333,-0.0130953382055,C_from_near_power_row_as_positive_control,positive_control_survivor
rank12_Q31_actual_near_miss,actual_near_miss,12,5,6,3,153,137,18848,6695697416192,18848,31,prime_block_le_31,4,53599,10.8892856902,9,2.19722457734,1,13,0,,-1.15210097362,2.19722457734,0.999831989247,0.999663978495,1,none_visible,0.368722280764,0.333333333333,0.0353889474303,existing_near_power_csv,local_obstruction_before_drift
rank12_Q31_random_root_sets,random_root_sets,12,5,6,3,153,137,18848,6695697416192,18848,31,prime_block_le_31,4,53599,10.8892856902,9,2.19722457734,1,13,0,,-1.15210097362,2.19722457734,0.999831989247,0.999663978495,1,none_visible,0.368722280764,0.333333333333,0.0353889474303,deterministic_seeded_random_sets_same_cardinality,local_obstruction_before_drift
rank12_Q31_exact_power_anchor,exact_power_anchor,12,5,6,3,153,137,18848,6695697416192,18848,31,prime_block_le_31,4,53599,10.8892856902,9,2.19722457734,0,0,4,1178 8835 10602 18848,-1.15210097362,0.810930216216,1.00027510533,1,1.00048929447,constructed_exact_power_root,0.368722280764,0.333333333333,0.0353889474303,C_from_near_power_row_as_positive_control,positive_control_survivor
rank13_Q31_actual_near_miss,actual_near_miss,13,7,7,3,169,231,339224,39035496952231424,339224,31,prime_block_le_31,4,53599,10.8892856902,9,2.19722457734,2,13,0,,-4.04235482228,2.19722457734,0.999999672455,0.999999672455,0.999999672455,none_visible,0.285035600786,0.333333333333,-0.0482977325474,existing_near_power_csv,local_obstruction_before_drift
rank13_Q31_random_root_sets,random_root_sets,13,7,7,3,169,231,339224,39035496952231424,339224,31,prime_block_le_31,4,53599,10.8892856902,9,2.19722457734,2,13,0,,-4.04235482228,2.19722457734,0.999999672455,0.999999672455,0.999999672455,none_visible,0.285035600786,0.333333333333,-0.0482977325474,deterministic_seeded_random_sets_same_cardinality,local_obstruction_before_drift
rank13_Q31_exact_power_anchor,exact_power_anchor,13,7,7,3,169,231,339224,39035496952231424,339224,31,prime_block_le_31,4,53599,10.8892856902,81,4.39444915467,0,0,514,890 1107 1696 2069 2125 2342 2410 2657 3551 4425 4698 7711,-6.23957939962,-1.84777411078,0.999978163669,0.999924992204,1.00004094312,constructed_exact_power_root,0.285035600786,0.333333333333,-0.0482977325474,C_from_near_power_row_as_positive_control,positive_control_survivor
rank14_Q31_actual_near_miss,actual_near_miss,14,6,7,3,249,233,334775,37519673991734375,334775,31,prime_block_le_31,4,53599,10.8892856902,1,0,4,7,0,,-1.8319282532,0,,,,none_visible,0.285331408848,0.333333333333,-0.0480019244849,existing_near_power_csv,local_obstruction_before_drift
rank14_Q31_random_root_sets,random_root_sets,14,6,7,3,249,233,334775,37519673991734375,334775,31,prime_block_le_31,4,53599,10.8892856902,1,0,4,7,0,,-1.8319282532,0,,,,none_visible,0.285331408848,0.333333333333,-0.0480019244849,deterministic_seeded_random_sets_same_cardinality,local_obstruction_before_drift
rank14_Q31_exact_power_anchor,exact_power_anchor,14,6,7,3,249,233,334775,37519673991734375,334775,31,prime_block_le_31,4,53599,10.8892856902,27,3.295836866,0,0,170,5152 6881 7063 9058 10787 10794 12523 13181 14910 15526 17521 19250,-5.1277651192,-1.83996157105,1.00005542695,0.999813141496,1.00031132021,constructed_exact_power_root,0.285331408848,0.333333333333,-0.0480019244849,C_from_near_power_row_as_positive_control,positive_control_survivor
rank15_Q31_actual_near_miss,actual_near_miss,15,7,7,3,158,243,374419,52489645185002059,374419,31,prime_block_le_31,4,53599,10.8892856902,1,0,4,7,0,,-1.94384507999,0,,,,none_visible,0.28284305379,0.333333333333,-0.050490279543,existing_near_power_csv,local_obstruction_before_drift
rank15_Q31_random_root_sets,random_root_sets,15,7,7,3,158,243,374419,52489645185002059,374419,31,prime_block_le_31,4,53599,10.8892856902,1,0,4,7,0,,-1.94384507999,0,,,,none_visible,0.28284305379,0.333333333333,-0.050490279543,deterministic_seeded_random_sets_same_cardinality,local_obstruction_before_drift
rank15_Q31_exact_power_anchor,exact_power_anchor,15,7,7,3,158,243,374419,52489645185002059,374419,31,prime_block_le_31,4,53599,10.8892856902,81,4.39444915467,0,0,567,5 187 955 993 1214 1916 2722 4500 6515 6856 7104 7503,-6.33829423467,-1.94591014906,1.00012532998,1.0000148378,1.00031930953,constructed_exact_power_root,0.28284305379,0.333333333333,-0.050490279543,C_from_near_power_row_as_positive_control,positive_control_survivor
rank16_Q31_actual_near_miss,actual_near_miss,16,7,7,3,233,236,427367,78055399815039863,427367,31,prime_block_le_31,4,53599,10.8892856902,3,1.09861228867,2,13,0,,-3.17472500634,1.09861228867,0.999949301966,0.999949301966,0.999949301966,none_visible,0.279957605817,0.333333333333,-0.0533757275164,existing_near_power_csv,local_obstruction_before_drift
rank16_Q31_random_root_sets,random_root_sets,16,7,7,3,233,236,427367,78055399815039863,427367,31,prime_block_le_31,4,53599,10.8892856902,3,1.09861228867,2,13,0,,-3.17472500634,1.09861228867,0.999949301966,0.999949301966,0.999949301966,none_visible,0.279957605817,0.333333333333,-0.0533757275164,deterministic_seeded_random_sets_same_cardinality,local_obstruction_before_drift
rank16_Q31_exact_power_anchor,exact_power_anchor,16,7,7,3,233,236,427367,78055399815039863,427367,31,prime_block_le_31,4,53599,10.8892856902,27,3.295836866,0,0,216,304 3477 3876 4465 5605 6194 10545 12122 13851 18791 19190 20558,-5.37194958368,-2.07944154168,1.00013086159,1.00002209914,1.00025193023,constructed_exact_power_root,0.279957605817,0.333333333333,-0.0533757275164,C_from_near_power_row_as_positive_control,positive_control_survivor
rank17_Q31_actual_near_miss,actual_near_miss,17,6,7,3,162,197,225934,11533065905080504,225934,31,prime_block_le_31,4,53599,10.8892856902,3,1.09861228867,3,7,0,,-2.53732479871,1.09861228867,,,,none_visible,0.294432383731,0.333333333333,-0.0389009496019,existing_near_power_csv,local_obstruction_before_drift
rank17_Q31_random_root_sets,random_root_sets,17,6,7,3,162,197,225934,11533065905080504,225934,31,prime_block_le_31,4,53599,10.8892856902,3,1.09861228867,3,7,0,,-2.53732479871,1.09861228867,,,,none_visible,0.294432383731,0.333333333333,-0.0389009496019,deterministic_seeded_random_sets_same_cardinality,local_obstruction_before_drift
rank17_Q31_exact_power_anchor,exact_power_anchor,17,6,7,3,162,197,225934,11533065905080504,225934,31,prime_block_le_31,4,53599,10.8892856902,81,4.39444915467,0,0,341,739 3075 4470 4804 4831 5090 5679 6199 6381 6598 6819 7408,-5.83316166471,-1.43743332261,1.000185895,0.999994590357,1.0004917857,constructed_exact_power_root,0.294432383731,0.333333333333,-0.0389009496019,C_from_near_power_row_as_positive_control,positive_control_survivor
rank18_Q31_actual_near_miss,actual_near_miss,18,7,7,3,195,197,281203,22236162996552427,281203,31,prime_block_le_31,4,53599,10.8892856902,3,1.09861228867,2,13,0,,-2.75615870592,1.09861228867,1.00010312835,1.00010312835,1.00010312835,none_visible,0.289297080382,0.333333333333,-0.0440362529512,existing_near_power_csv,local_obstruction_before_drift
rank18_Q31_random_root_sets,random_root_sets,18,7,7,3,195,197,281203,22236162996552427,281203,31,prime_block_le_31,4,53599,10.8892856902,3,1.09861228867,2,13,0,,-2.75615870592,1.09861228867,1.00010312835,1.00010312835,1.00010312835,none_visible,0.289297080382,0.333333333333,-0.0440362529512,deterministic_seeded_random_sets_same_cardinality,local_obstruction_before_drift
rank18_Q31_exact_power_anchor,exact_power_anchor,18,7,7,3,195,197,281203,22236162996552427,281203,31,prime_block_le_31,4,53599,10.8892856902,27,3.295836866,0,0,143,1560 3575 4745 8203 9217 10426 12402 13208 15860 16666 18850 18889,-4.95338328326,-1.66700776426,1.0002661844,1.00006163993,1.00046229948,constructed_exact_power_root,0.289297080382,0.333333333333,-0.0440362529512,C_from_near_power_row_as_positive_control,positive_control_survivor
rank19_Q31_actual_near_miss,actual_near_miss,19,7,7,3,139,245,377950,53988722234875000,377950,31,prime_block_le_31,4,53599,10.8892856902,3,1.09861228867,3,13,0,,-3.05184378922,1.09861228867,,,,none_visible,0.282636327662,0.333333333333,-0.0506970056712,existing_near_power_csv,local_obstruction_before_drift
rank19_Q31_random_root_sets,random_root_sets,19,7,7,3,139,245,377950,53988722234875000,377950,31,prime_block_le_31,4,53599,10.8892856902,3,1.09861228867,3,13,0,,-3.05184378922,1.09861228867,,,,none_visible,0.282636327662,0.333333333333,-0.0506970056712,deterministic_seeded_random_sets_same_cardinality,local_obstruction_before_drift
rank19_Q31_exact_power_anchor,exact_power_anchor,19,7,7,3,139,245,377950,53988722234875000,377950,31,prime_block_le_31,4,53599,10.8892856902,81,4.39444915467,0,0,573,269 432 1238 1314 1686 2757 3422 4772 5144 5437 5911 5942,-6.34768065522,-1.95643656204,1.00004821331,0.999977951228,1.00018462172,constructed_exact_power_root,0.282636327662,0.333333333333,-0.0506970056712,C_from_near_power_row_as_positive_control,positive_control_survivor
rank20_Q31_actual_near_miss,actual_near_miss,20,6,7,3,157,161,141264,2818996251807744,141264,31,prime_block_le_31,4,53599,10.8892856902,27,3.295836866,1,13,0,,-4.26493693498,3.295836866,0.999633467991,0.999289745913,0.999977190068,none_visible,0.306092411771,0.333333333333,-0.0272409215626,existing_near_power_csv,local_obstruction_before_drift
rank20_Q31_random_root_sets,random_root_sets,20,6,7,3,157,161,141264,2818996251807744,141264,31,prime_block_le_31,4,53599,10.8892856902,27,3.295836866,1,13,0,,-4.26493693498,3.295836866,1.00004444004,0.999872579001,1.00021630108,none_visible,0.306092411771,0.333333333333,-0.0272409215626,deterministic_seeded_random_sets_same_cardinality,local_obstruction_before_drift
rank20_Q31_exact_power_anchor,exact_power_anchor,20,6,7,3,157,161,141264,2818996251807744,141264,31,prime_block_le_31,4,53599,10.8892856902,81,4.39444915467,0,0,220,18 512 772 886 977 1072 1380 1969 2839 3242 3333 3438,-5.36354922365,-0.99917839168,1.00000970078,0.999753023496,1.00021630108,constructed_exact_power_root,0.306092411771,0.333333333333,-0.0272409215626,C_from_near_power_row_as_positive_control,positive_control_survivor
rank21_Q31_actual_near_miss,actual_near_miss,21,7,7,3,145,231,331550,36445767198875000,331550,31,prime_block_le_31,4,53599,10.8892856902,9,2.19722457734,2,7,0,,-4.01947279396,2.19722457734,1.00008880846,1.00008880846,1.00008880846,none_visible,0.285548693284,0.333333333333,-0.0477846400492,existing_near_power_csv,local_obstruction_before_drift
rank21_Q31_random_root_sets,random_root_sets,21,7,7,3,145,231,331550,36445767198875000,331550,31,prime_block_le_31,4,53599,10.8892856902,9,2.19722457734,2,7,0,,-4.01947279396,2.19722457734,1.00022386434,1.00022386434,1.00022386434,none_visible,0.285548693284,0.333333333333,-0.0477846400492,deterministic_seeded_random_sets_same_cardinality,local_obstruction_before_drift
rank21_Q31_exact_power_anchor,exact_power_anchor,21,7,7,3,145,231,331550,36445767198875000,331550,31,prime_block_le_31,4,53599,10.8892856902,27,3.295836866,0,0,167,1710 3287 5016 9367 9956 10355 12084 15257 17613 18012 18601 19741,-5.11808508263,-1.82215694641,1.00005697146,0.999979892424,1.00017191977,constructed_exact_power_root,0.285548693284,0.333333333333,-0.0477846400492,C_from_near_power_row_as_positive_control,positive_control_survivor
rank22_Q31_actual_near_miss,actual_near_miss,22,7,7,3,181,216,304744,28301241748662784,304744,31,prime_block_le_31,4,53599,10.8892856902,1,0,4,7,0,,-1.73794166871,0,,,,none_visible,0.287455178683,0.333333333333,-0.0458781546499,existing_near_power_csv,local_obstruction_before_drift
rank22_Q31_random_root_sets,random_root_sets,22,7,7,3,181,216,304744,28301241748662784,304744,31,prime_block_le_31,4,53599,10.8892856902,1,0,4,7,0,,-1.73794166871,0,,,,none_visible,0.287455178683,0.333333333333,-0.0458781546499,deterministic_seeded_random_sets_same_cardinality,local_obstruction_before_drift
rank22_Q31_exact_power_anchor,exact_power_anchor,22,7,7,3,181,216,304744,28301241748662784,304744,31,prime_block_le_31,4,53599,10.8892856902,81,4.39444915467,0,0,462,2959 2985 3232 3517 3765 4441 4752 6121 6208 6550 6767 7356,-6.13239082338,-1.74111573641,1.00006805955,1.00001604261,1.00010099552,constructed_exact_power_root,0.287455178683,0.333333333333,-0.0458781546499,C_from_near_power_row_as_positive_control,positive_control_survivor
rank23_Q31_actual_near_miss,actual_near_miss,23,6,7,3,250,243,369079,50275686066280039,369079,31,prime_block_le_31,4,53599,10.8892856902,9,2.19722457734,2,13,0,,-4.12670487942,2.19722457734,0.999989162212,0.999989162212,0.999989162212,none_visible,0.283160009233,0.333333333333,-0.0501733241002,existing_near_power_csv,local_obstruction_before_drift
rank23_Q31_random_root_sets,random_root_sets,23,6,7,3,250,243,369079,50275686066280039,369079,31,prime_block_le_31,4,53599,10.8892856902,9,2.19722457734,2,13,0,,-4.12670487942,2.19722457734,1.00002920182,1.00002920182,1.00002920182,none_visible,0.283160009233,0.333333333333,-0.0501733241002,deterministic_seeded_random_sets_same_cardinality,local_obstruction_before_drift
rank23_Q31_exact_power_anchor,exact_power_anchor,23,6,7,3,250,243,369079,50275686066280039,369079,31,prime_block_le_31,4,53599,10.8892856902,81,4.39444915467,0,0,560,120 365 802 2783 3747 4488 4754 4832 5573 5994 6906 7172,-6.32392945675,-1.93348762906,1.00010045024,0.99999126956,1.00025227962,constructed_exact_power_root,0.283160009233,0.333333333333,-0.0501733241002,C_from_near_power_row_as_positive_control,positive_control_survivor
rank24_Q31_actual_near_miss,actual_near_miss,24,7,6,4,75,167,2433,35040350021121,2433,31,prime_block_le_31,10,100280245065,25.331234554,8,2.07944154168,8,5,0,,15.4549126696,2.07944154168,0.99784217016,0.99784217016,0.99784217016,none_visible,0.812223397063,0.25,0.562223397063,existing_near_power_csv,local_obstruction_before_drift
rank24_Q31_random_root_sets,random_root_sets,24,7,6,4,75,167,2433,35040350021121,2433,31,prime_block_le_31,10,100280245065,25.331234554,8,2.07944154168,8,5,0,,15.4549126696,2.07944154168,0.995838471023,0.995838471023,0.995838471023,none_visible,0.812223397063,0.25,0.562223397063,deterministic_seeded_random_sets_same_cardinality,local_obstruction_before_drift
rank24_Q31_exact_power_anchor,exact_power_anchor,24,7,6,4,75,167,2433,35040350021121,2433,31,prime_block_le_31,10,100280245065,25.331234554,8192,9.01091334728,0,0,1,2433,8.52344086398,9.01091334728,1.01192800384,1.00030826141,1.0327784628,constructed_exact_power_root,0.812223397063,0.25,0.562223397063,C_from_near_power_row_as_positive_control,positive_control_survivor
rank25_Q31_actual_near_miss,actual_near_miss,25,7,7,3,103,178,179511,5784598208409831,179511,31,prime_block_le_31,4,53599,10.8892856902,9,2.19722457734,2,19,0,,-3.40593065354,2.19722457734,1.00006561034,1.00006561034,1.00006561034,none_visible,0.300030117958,0.333333333333,-0.033303215375,existing_near_power_csv,local_obstruction_before_drift
rank25_Q31_random_root_sets,random_root_sets,25,7,7,3,103,178,179511,5784598208409831,179511,31,prime_block_le_31,4,53599,10.8892856902,9,2.19722457734,2,19,0,,-3.40593065354,2.19722457734,0.999840306908,0.999840306908,0.999840306908,none_visible,0.300030117958,0.333333333333,-0.033303215375,deterministic_seeded_random_sets_same_cardinality,local_obstruction_before_drift
rank25_Q31_exact_power_anchor,exact_power_anchor,25,7,7,3,103,178,179511,5784598208409831,179511,31,prime_block_le_31,4,53599,10.8892856902,81,4.39444915467,0,0,274,787 1424 3400 3856 3989 4245 4857 6212 6221 6677 6810 7080,-5.60315523087,-1.21867895172,1.00018713389,1.00000928448,1.0003819017,constructed_exact_power_root,0.300030117958,0.333333333333,-0.033303215375,C_from_near_power_row_as_positive_control,positive_control_survivor
rank26_Q31_actual_near_miss,actual_near_miss,26,6,7,3,226,151,124358,1923185546890712,124358,31,prime_block_le_31,4,53599,10.8892856902,3,1.09861228867,3,7,0,,-1.9402463802,1.09861228867,,,,none_visible,0.309418354594,0.333333333333,-0.0239149787398,existing_near_power_csv,local_obstruction_before_drift
rank26_Q31_random_root_sets,random_root_sets,26,6,7,3,226,151,124358,1923185546890712,124358,31,prime_block_le_31,4,53599,10.8892856902,3,1.09861228867,3,7,0,,-1.9402463802,1.09861228867,,,,none_visible,0.309418354594,0.333333333333,-0.0239149787398,deterministic_seeded_random_sets_same_cardinality,local_obstruction_before_drift
rank26_Q31_exact_power_anchor,exact_power_anchor,26,6,7,3,226,151,124358,1923185546890712,124358,31,prime_block_le_31,4,53599,10.8892856902,27,3.295836866,0,0,63,1846 7215 7488 8021 8697 13663 15119 15678 17160 21320 22529 22776,-4.13747095754,-0.847297860387,1.00059207795,1.0003136107,1.00104536902,constructed_exact_power_root,0.309418354594,0.333333333333,-0.0239149787398,C_from_near_power_row_as_positive_control,positive_control_survivor
rank27_Q31_actual_near_miss,actual_near_miss,27,7,7,3,171,172,205898,8728837012610792,205898,31,prime_block_le_31,4,53599,10.8892856902,9,2.19722457734,1,31,0,,-3.54307506668,2.19722457734,0.999994603585,0.999819220088,1.00016998708,none_visible,0.296667061442,0.333333333333,-0.0366662718911,existing_near_power_csv,local_obstruction_before_drift
rank27_Q31_random_root_sets,random_root_sets,27,7,7,3,171,172,205898,8728837012610792,205898,31,prime_block_le_31,4,53599,10.8892856902,9,2.19722457734,1,31,0,,-3.54307506668,2.19722457734,1.00005423397,1.00002266494,1.000085803,none_visible,0.296667061442,0.333333333333,-0.0366662718911,deterministic_seeded_random_sets_same_cardinality,local_obstruction_before_drift
rank27_Q31_exact_power_anchor,exact_power_anchor,27,7,7,3,171,172,205898,8728837012610792,205898,31,prime_block_le_31,4,53599,10.8892856902,27,3.295836866,0,0,101,1078 3080 3871 5418 5607 7994 9541 11060 12334 15183 16457 17976,-4.64168735535,-1.31928365084,0.99988703504,0.999685928631,1.00002266494,constructed_exact_power_root,0.296667061442,0.333333333333,-0.0366662718911,C_from_near_power_row_as_positive_control,positive_control_survivor
rank28_Q31_actual_near_miss,actual_near_miss,28,6,6,3,89,170,29097,24634550495673,29097,31,prime_block_le_31,4,53599,10.8892856902,3,1.09861228867,2,7,0,,-0.487716953561,1.09861228867,1.00168402241,1.00168402241,1.00168402241,none_visible,0.353144974197,0.333333333333,0.0198116408635,existing_near_power_csv,local_obstruction_before_drift
rank28_Q31_random_root_sets,random_root_sets,28,6,6,3,89,170,29097,24634550495673,29097,31,prime_block_le_31,4,53599,10.8892856902,3,1.09861228867,2,7,0,,-0.487716953561,1.09861228867,0.996024790643,0.996024790643,0.996024790643,none_visible,0.353144974197,0.333333333333,0.0198116408635,deterministic_seeded_random_sets_same_cardinality,local_obstruction_before_drift
rank28_Q31_exact_power_anchor,exact_power_anchor,28,6,6,3,89,170,29097,24634550495673,29097,31,prime_block_le_31,4,53599,10.8892856902,81,4.39444915467,0,0,46,360 692 1095 1405 2406 3071 3181 4226 5528 6529 7783 8349,-3.78355381957,0.565807758183,1.00143962913,1.00044296281,1.00313510748,constructed_exact_power_root,0.353144974197,0.333333333333,0.0198116408635,C_from_near_power_row_as_positive_control,positive_control_survivor
rank29_Q31_actual_near_miss,actual_near_miss,29,7,6,3,21,100,10006,1001801080216,10006,31,prime_block_le_31,4,53599,10.8892856902,9,2.19722457734,2,13,0,,-0.518879079216,2.19722457734,1.00242076976,1.00242076976,1.00242076976,none_visible,0.394070726879,0.333333333333,0.060737393546,existing_near_power_csv,local_obstruction_before_drift
rank29_Q31_random_root_sets,random_root_sets,29,7,6,3,21,100,10006,1001801080216,10006,31,prime_block_le_31,4,53599,10.8892856902,9,2.19722457734,2,13,0,,-0.518879079216,2.19722457734,1.00001110445,1.00001110445,1.00001110445,none_visible,0.394070726879,0.333333333333,0.060737393546,deterministic_seeded_random_sets_same_cardinality,local_obstruction_before_drift
rank29_Q31_exact_power_anchor,exact_power_anchor,29,7,6,3,21,100,10006,1001801080216,10006,31,prime_block_le_31,4,53599,10.8892856902,81,4.39444915467,0,0,21,27 430 768 1158 1329 1608 2070 2336 3979 4150 4553 4863,-2.71610365655,1.34992671695,1.00074029656,1.00039976014,1.00112154929,constructed_exact_power_root,0.394070726879,0.333333333333,0.060737393546,C_from_near_power_row_as_positive_control,positive_control_survivor
rank30_Q31_actual_near_miss,actual_near_miss,30,7,7,3,214,233,386721,57835336698683361,386721,31,prime_block_le_31,4,53599,10.8892856902,3,1.09861228867,3,13,0,,-3.07478538028,1.09861228867,,,,none_visible,0.28213233265,0.333333333333,-0.0512010006829,existing_near_power_csv,local_obstruction_before_drift
rank30_Q31_random_root_sets,random_root_sets,30,7,7,3,214,233,386721,57835336698683361,386721,31,prime_block_le_31,4,53599,10.8892856902,3,1.09861228867,3,13,0,,-3.07478538028,1.09861228867,,,,none_visible,0.28213233265,0.333333333333,-0.0512010006829,deterministic_seeded_random_sets_same_cardinality,local_obstruction_before_drift
rank30_Q31_exact_power_anchor,exact_power_anchor,30,7,7,3,214,233,386721,57835336698683361,386721,31,prime_block_le_31,4,53599,10.8892856902,81,4.39444915467,0,0,584,166 706 972 1902 3111 4289 4612 5095 6348 6614 6816 7622,-6.37062224629,-1.97545182816,0.999956902608,0.999925585169,0.999974716196,constructed_exact_power_root,0.28213233265,0.333333333333,-0.0512010006829,C_from_near_power_row_as_positive_control,positive_control_survivor
rank31_Q31_actual_near_miss,actual_near_miss,31,6,6,3,103,148,22704,11703267569664,22704,31,prime_block_le_31,4,53599,10.8892856902,3,1.09861228867,2,7,0,,-0.239622997899,1.09861228867,1.00088090204,1.00088090204,1.00088090204,none_visible,0.361879824104,0.333333333333,0.0285464907704,existing_near_power_csv,local_obstruction_before_drift
rank31_Q31_random_root_sets,random_root_sets,31,6,6,3,103,148,22704,11703267569664,22704,31,prime_block_le_31,4,53599,10.8892856902,3,1.09861228867,2,7,0,,-0.239622997899,1.09861228867,1.00088090204,1.00088090204,1.00088090204,none_visible,0.361879824104,0.333333333333,0.0285464907704,deterministic_seeded_random_sets_same_cardinality,local_obstruction_before_drift
rank31_Q31_exact_power_anchor,exact_power_anchor,31,6,6,3,103,148,22704,11703267569664,22704,31,prime_block_le_31,4,53599,10.8892856902,81,4.39444915467,0,0,33,122 145 734 1965 2098 2554 2602 2957 3191 4724 5423 6012,-3.5354598639,0.897941593206,1.00075529194,0.998463315324,1.00311252055,constructed_exact_power_root,0.361879824104,0.333333333333,0.0285464907704,C_from_near_power_row_as_positive_control,positive_control_survivor
rank32_Q31_actual_near_miss,actual_near_miss,32,7,6,4,90,239,3912,234204580417536,3912,31,prime_block_le_31,10,100280245065,25.331234554,32,3.4657359028,5,11,0,,13.5936946201,3.4657359028,0.997731339468,0.985940695297,1.00536809816,none_visible,0.76558978122,0.25,0.51558978122,existing_near_power_csv,local_obstruction_before_drift
rank32_Q31_random_root_sets,random_root_sets,32,7,6,4,90,239,3912,234204580417536,3912,31,prime_block_le_31,10,100280245065,25.331234554,32,3.4657359028,5,11,0,,13.5936946201,3.4657359028,0.997731339468,0.985940695297,1.00536809816,none_visible,0.76558978122,0.25,0.51558978122,deterministic_seeded_random_sets_same_cardinality,local_obstruction_before_drift
rank32_Q31_exact_power_anchor,exact_power_anchor,32,7,6,4,90,239,3912,234204580417536,3912,31,prime_block_le_31,10,100280245065,25.331234554,8192,9.01091334728,0,0,1,3912,8.04851717561,9.01091334728,0.99959881277,0.976674335378,1.02300613497,constructed_exact_power_root,0.76558978122,0.25,0.51558978122,C_from_near_power_row_as_positive_control,positive_control_survivor
rank33_Q31_actual_near_miss,actual_near_miss,33,5,7,3,206,93,39266,60541055273096,39266,31,prime_block_le_31,4,53599,10.8892856902,3,1.09861228867,2,19,0,,-0.787440881958,1.09861228867,1.0003989881,1.0003989881,1.0003989881,none_visible,0.343138843035,0.333333333333,0.00980550970212,existing_near_power_csv,local_obstruction_before_drift
rank33_Q31_random_root_sets,random_root_sets,33,5,7,3,206,93,39266,60541055273096,39266,31,prime_block_le_31,4,53599,10.8892856902,3,1.09861228867,2,19,0,,-0.787440881958,1.09861228867,1.0003989881,1.0003989881,1.0003989881,none_visible,0.343138843035,0.333333333333,0.00980550970212,deterministic_seeded_random_sets_same_cardinality,local_obstruction_before_drift
rank33_Q31_exact_power_anchor,exact_power_anchor,33,5,7,3,206,93,39266,60541055273096,39266,31,prime_block_le_31,4,53599,10.8892856902,81,4.39444915467,0,0,58,2735 3603 4192 4933 5414 5556 7181 8049 8235 8777 10002 10405,-4.08327774796,0.334006144126,1.0001980792,1.00001697822,1.0003989881,constructed_exact_power_root,0.343138843035,0.333333333333,0.00980550970212,C_from_near_power_row_as_positive_control,positive_control_survivor
rank34_Q31_actual_near_miss,actual_near_miss,34,7,7,3,217,218,358452,46056721898841408,358452,31,prime_block_le_31,4,53599,10.8892856902,27,3.295836866,1,13,0,,-5.19610121468,3.295836866,0.999887789098,0.999781777693,0.999993800503,none_visible,0.283806849006,0.333333333333,-0.0495264843278,existing_near_power_csv,local_obstruction_before_drift
rank34_Q31_random_root_sets,random_root_sets,34,7,7,3,217,218,358452,46056721898841408,358452,31,prime_block_le_31,4,53599,10.8892856902,27,3.295836866,1,13,0,,-5.19610121468,3.295836866,1.00016165189,0.999993800503,1.00032950328,none_visible,0.283806849006,0.333333333333,-0.0495264843278,deterministic_seeded_random_sets_same_cardinality,local_obstruction_before_drift
rank34_Q31_exact_power_anchor,exact_power_anchor,34,7,7,3,217,218,358452,46056721898841408,358452,31,prime_block_le_31,4,53599,10.8892856902,81,4.39444915467,0,0,541,1270 1886 3064 4273 6009 8004 8035 9733 9764 9915 12158 13677,-6.29471350335,-1.89897012417,1.00008100677,1.00001983839,1.00014692809,constructed_exact_power_root,0.283806849006,0.333333333333,-0.0495264843278,C_from_near_power_row_as_positive_control,positive_control_survivor
rank35_Q31_actual_near_miss,actual_near_miss,35,7,7,3,91,148,117132,1607039962123968,117132,31,prime_block_le_31,4,53599,10.8892856902,81,4.39444915467,0,0,175,123 522 1773 2878 3502 5462 6350 7074 7191 8117 8768 8803,-5.17622024747,-0.770336819251,0.999947827143,0.999557005012,1.00024189234,none_visible,0.311005418294,0.333333333333,-0.022327915039,existing_near_power_csv,low_section_survivor_requires_anchor_audit
rank35_Q31_random_root_sets,random_root_sets,35,7,7,3,91,148,117132,1607039962123968,117132,31,prime_block_le_31,4,53599,10.8892856902,81,4.39444915467,0,0,176,531 903 1709 2260 2632 2730 3438 4654 6264 6383 7442 7876,-5.17622024747,-0.776034840366,1.00013406843,1.00004458408,1.00024189234,none_visible,0.311005418294,0.333333333333,-0.022327915039,deterministic_seeded_random_sets_same_cardinality,low_section_survivor_requires_anchor_audit
rank35_Q31_exact_power_anchor,exact_power_anchor,35,7,7,3,91,148,117132,1607039962123968,117132,31,prime_block_le_31,4,53599,10.8892856902,81,4.39444915467,0,0,176,226 473 2277 3672 4292 4348 4565 4881 5154 5527 5868 6115,-5.17622024747,-0.776034840366,1.00005596725,1.00000758878,1.00011572888,constructed_exact_power_root,0.311005418294,0.333333333333,-0.022327915039,C_from_near_power_row_as_positive_control,positive_control_survivor
rank36_Q31_actual_near_miss,actual_near_miss,36,7,7,3,108,149,121685,1801818905094125,121685,31,prime_block_le_31,4,53599,10.8892856902,3,1.09861228867,3,7,0,,-1.91851761598,1.09861228867,,,,none_visible,0.309992542722,0.333333333333,-0.0233407906115,existing_near_power_csv,local_obstruction_before_drift
rank36_Q31_random_root_sets,random_root_sets,36,7,7,3,108,149,121685,1801818905094125,121685,31,prime_block_le_31,4,53599,10.8892856902,3,1.09861228867,3,7,0,,-1.91851761598,1.09861228867,,,,none_visible,0.309992542722,0.333333333333,-0.0233407906115,deterministic_seeded_random_sets_same_cardinality,local_obstruction_before_drift
rank36_Q31_exact_power_anchor,exact_power_anchor,36,7,7,3,108,149,121685,1801818905094125,121685,31,prime_block_le_31,4,53599,10.8892856902,81,4.39444915467,0,0,185,422 785 1149 2251 4412 4474 4607 4621 5063 6388 6675 7039,-5.21435448198,-0.825906670406,0.999874600327,0.999266777152,1.00025566924,constructed_exact_power_root,0.309992542722,0.333333333333,-0.0233407906115,C_from_near_power_row_as_positive_control,positive_control_survivor
rank37_Q31_actual_near_miss,actual_near_miss,37,5,7,4,118,79,2094,19226786746896,2094,31,prime_block_le_31,10,100280245065,25.331234554,4,1.38629436112,7,3,0,,16.2981088015,1.38629436112,1.02984718243,1.01623686724,1.04345749761,none_visible,0.828161144707,0.25,0.578161144707,existing_near_power_csv,local_obstruction_before_drift
rank37_Q31_random_root_sets,random_root_sets,37,5,7,4,118,79,2094,19226786746896,2094,31,prime_block_le_31,10,100280245065,25.331234554,4,1.38629436112,7,3,0,,16.2981088015,1.38629436112,1.01396848138,0.984479465138,1.04345749761,none_visible,0.828161144707,0.25,0.578161144707,deterministic_seeded_random_sets_same_cardinality,local_obstruction_before_drift
rank37_Q31_exact_power_anchor,exact_power_anchor,37,5,7,4,118,79,2094,19226786746896,2094,31,prime_block_le_31,10,100280245065,25.331234554,8192,9.01091334728,0,0,1,2094,8.67348981533,9.01091334728,1.00832404754,0.995403533906,1.04345749761,constructed_exact_power_root,0.828161144707,0.25,0.578161144707,C_from_near_power_row_as_positive_control,positive_control_survivor
rank38_Q31_actual_near_miss,actual_near_miss,38,6,7,3,245,134,99734,992041207978904,99734,31,prime_block_le_31,4,53599,10.8892856902,9,2.19722457734,2,13,0,,-2.81820080805,2.19722457734,1.00001225482,1.00001225482,1.00001225482,none_visible,0.315350069501,0.333333333333,-0.0179832638326,existing_near_power_csv,local_obstruction_before_drift
rank38_Q31_random_root_sets,random_root_sets,38,6,7,3,245,134,99734,992041207978904,99734,31,prime_block_le_31,4,53599,10.8892856902,9,2.19722457734,2,13,0,,-2.81820080805,2.19722457734,1.00016042674,1.00016042674,1.00016042674,none_visible,0.315350069501,0.333333333333,-0.0179832638326,deterministic_seeded_random_sets_same_cardinality,local_obstruction_before_drift
rank38_Q31_exact_power_anchor,exact_power_anchor,38,6,7,3,245,134,99734,992041207978904,99734,31,prime_block_le_31,4,53599,10.8892856902,81,4.39444915467,0,0,149,934 2035 2624 3244 4220 4639 4688 5246 5494 6235 6576 7850,-5.01542538539,-0.609497151273,1.0001065798,1.00002005334,1.00026626382,constructed_exact_power_root,0.315350069501,0.333333333333,-0.0179832638326,C_from_near_power_row_as_positive_control,positive_control_survivor
rank39_Q31_actual_near_miss,actual_near_miss,39,7,7,3,99,182,188593,6707747514563857,188593,31,prime_block_le_31,4,53599,10.8892856902,9,2.19722457734,2,19,0,,-3.45528542007,2.19722457734,0.999943440813,0.999943440813,0.999943440813,none_visible,0.298811093179,0.333333333333,-0.0345222401542,existing_near_power_csv,local_obstruction_before_drift
rank39_Q31_random_root_sets,random_root_sets,39,7,7,3,99,182,188593,6707747514563857,188593,31,prime_block_le_31,4,53599,10.8892856902,9,2.19722457734,2,19,0,,-3.45528542007,2.19722457734,0.999943440813,0.999943440813,0.999943440813,none_visible,0.298811093179,0.333333333333,-0.0345222401542,deterministic_seeded_random_sets_same_cardinality,local_obstruction_before_drift
rank39_Q31_exact_power_anchor,exact_power_anchor,39,7,7,3,99,182,188593,6707747514563857,188593,31,prime_block_le_31,4,53599,10.8892856902,81,4.39444915467,0,0,284,2735 3603 4192 4933 5414 5556 7181 8049 8235 8777 10002 10405,-5.65250999741,-1.25452508349,1.0000577375,1.00002769044,1.00009485447,constructed_exact_power_root,0.298811093179,0.333333333333,-0.0345222401542,C_from_near_power_row_as_positive_control,positive_control_survivor
rank40_Q31_actual_near_miss,actual_near_miss,40,7,7,3,121,214,275602,20933752951467208,275602,31,prime_block_le_31,4,53599,10.8892856902,3,1.09861228867,3,13,0,,-2.73603967349,1.09861228867,,,,none_visible,0.289761717618,0.333333333333,-0.0435716157149,existing_near_power_csv,local_obstruction_before_drift
rank40_Q31_random_root_sets,random_root_sets,40,7,7,3,121,214,275602,20933752951467208,275602,31,prime_block_le_31,4,53599,10.8892856902,3,1.09861228867,3,13,0,,-2.73603967349,1.09861228867,,,,none_visible,0.289761717618,0.333333333333,-0.0435716157149,deterministic_seeded_random_sets_same_cardinality,local_obstruction_before_drift
rank40_Q31_exact_power_anchor,exact_power_anchor,40,7,7,3,121,214,275602,20933752951467208,275602,31,prime_block_le_31,4,53599,10.8892856902,81,4.39444915467,0,0,419,83 353 486 951 2306 3174 3307 3408 3811 5764 5787 6376,-6.03187653949,-1.64342176525,1.00004165965,0.999882681064,1.00018142103,constructed_exact_power_root,0.289761717618,0.333333333333,-0.0435716157149,C_from_near_power_row_as_positive_control,positive_control_survivor
rank41_Q31_actual_near_miss,actual_near_miss,41,7,7,3,105,206,251369,15883095686476409,251369,31,prime_block_le_31,4,53599,10.8892856902,1,0,4,7,0,,-1.5453915679,0,,,,none_visible,0.291906401862,0.333333333333,-0.0414269314709,existing_near_power_csv,local_obstruction_before_drift
rank41_Q31_random_root_sets,random_root_sets,41,7,7,3,105,206,251369,15883095686476409,251369,31,prime_block_le_31,4,53599,10.8892856902,1,0,4,7,0,,-1.5453915679,0,,,,none_visible,0.291906401862,0.333333333333,-0.0414269314709,deterministic_seeded_random_sets_same_cardinality,local_obstruction_before_drift
rank41_Q31_exact_power_anchor,exact_power_anchor,41,7,7,3,105,206,251369,15883095686476409,251369,31,prime_block_le_31,4,53599,10.8892856902,81,4.39444915467,0,0,378,601 2089 2687 3090 4059 4135 4910 5547 6345 7523 7593 8258,-5.93984072257,-1.54044504095,1.00007484938,0.999973036541,1.00027272876,constructed_exact_power_root,0.291906401862,0.333333333333,-0.0414269314709,C_from_near_power_row_as_positive_control,positive_control_survivor
rank42_Q31_actual_near_miss,actual_near_miss,42,6,7,3,221,198,229241,12046943758644521,229241,31,prime_block_le_31,4,53599,10.8892856902,1,0,4,7,0,,-1.45324344073,0,,,,none_visible,0.294085746789,0.333333333333,-0.0392475865445,existing_near_power_csv,local_obstruction_before_drift
rank42_Q31_random_root_sets,random_root_sets,42,6,7,3,221,198,229241,12046943758644521,229241,31,prime_block_le_31,4,53599,10.8892856902,1,0,4,7,0,,-1.45324344073,0,,,,none_visible,0.294085746789,0.333333333333,-0.0392475865445,deterministic_seeded_random_sets_same_cardinality,local_obstruction_before_drift
rank42_Q31_exact_power_anchor,exact_power_anchor,42,6,7,3,221,198,229241,12046943758644521,229241,31,prime_block_le_31,4,53599,10.8892856902,81,4.39444915467,0,0,349,272 1980 2194 2721 2987 3065 3806 5932 6317 6751 7017 7110,-5.8476925954,-1.46062276753,1.00020631692,1.00003586715,1.0003329829,constructed_exact_power_root,0.294085746789,0.333333333333,-0.0392475865445,C_from_near_power_row_as_positive_control,positive_control_survivor
rank43_Q31_actual_near_miss,actual_near_miss,43,6,7,3,235,249,390429,59514968106923589,390429,31,prime_block_le_31,4,53599,10.8892856902,3,1.09861228867,3,7,0,,-3.08432801205,1.09861228867,,,,none_visible,0.281923223162,0.333333333333,-0.0514101101714,existing_near_power_csv,local_obstruction_before_drift
rank43_Q31_random_root_sets,random_root_sets,43,6,7,3,235,249,390429,59514968106923589,390429,31,prime_block_le_31,4,53599,10.8892856902,3,1.09861228867,3,7,0,,-3.08432801205,1.09861228867,,,,none_visible,0.281923223162,0.333333333333,-0.0514101101714,deterministic_seeded_random_sets_same_cardinality,local_obstruction_before_drift
rank43_Q31_exact_power_anchor,exact_power_anchor,43,6,7,3,235,249,390429,59514968106923589,390429,31,prime_block_le_31,4,53599,10.8892856902,27,3.295836866,0,0,197,1677 2886 6864 8073 8528 10543 13715 15236 15730 16185 16991 20878,-5.28155258939,-1.98736686273,0.99999962055,0.999977802195,1.00003215836,constructed_exact_power_root,0.281923223162,0.333333333333,-0.0514101101714,C_from_near_power_row_as_positive_control,positive_control_survivor
rank44_Q31_actual_near_miss,actual_near_miss,44,6,7,3,241,177,177988,5638611452894272,177988,31,prime_block_le_31,4,53599,10.8892856902,3,1.09861228867,3,7,0,,-2.29879800977,1.09861228867,,,,none_visible,0.300241571632,0.333333333333,-0.0330917617011,existing_near_power_csv,local_obstruction_before_drift
rank44_Q31_random_root_sets,random_root_sets,44,6,7,3,241,177,177988,5638611452894272,177988,31,prime_block_le_31,4,53599,10.8892856902,3,1.09861228867,3,7,0,,-2.29879800977,1.09861228867,,,,none_visible,0.300241571632,0.333333333333,-0.0330917617011,deterministic_seeded_random_sets_same_cardinality,local_obstruction_before_drift
rank44_Q31_exact_power_anchor,exact_power_anchor,44,6,7,3,241,177,177988,5638611452894272,177988,31,prime_block_le_31,4,53599,10.8892856902,81,4.39444915467,0,0,270,110 395 642 2502 3148 3737 3867 4114 4269 5634 5696 6285,-5.59463487578,-1.20397280433,1.00020787918,1.00004494685,1.00048505143,constructed_exact_power_root,0.300241571632,0.333333333333,-0.0330917617011,C_from_near_power_row_as_positive_control,positive_control_survivor
rank45_Q31_actual_near_miss,actual_near_miss,45,5,6,3,182,141,20048,8057738350592,20048,31,prime_block_le_31,4,53599,10.8892856902,27,3.295836866,1,31,0,,-2.31243585297,3.295836866,0.999035647779,0.99795490822,1.00011638734,none_visible,0.366424808589,0.333333333333,0.0330914752555,existing_near_power_csv,local_obstruction_before_drift
rank45_Q31_random_root_sets,random_root_sets,45,5,6,3,182,141,20048,8057738350592,20048,31,prime_block_le_31,4,53599,10.8892856902,27,3.295836866,1,31,0,,-2.31243585297,3.295836866,1.00083688038,0.99961204221,1.00206171854,none_visible,0.366424808589,0.333333333333,0.0330914752555,deterministic_seeded_random_sets_same_cardinality,local_obstruction_before_drift
rank45_Q31_exact_power_anchor,exact_power_anchor,45,5,6,3,182,141,20048,8057738350592,20048,31,prime_block_le_31,4,53599,10.8892856902,27,3.295836866,0,0,11,4270 4487 4543 5075 10129 11585 12733 15176 18375 19831 20048,-2.31243585297,0.897941593206,1.00099206349,1.00011638734,1.00216702137,constructed_exact_power_root,0.366424808589,0.333333333333,0.0330914752555,C_from_near_power_row_as_positive_control,positive_control_survivor
rank46_Q31_actual_near_miss,actual_near_miss,46,7,7,3,106,141,107961,1258347804744681,107961,31,prime_block_le_31,4,53599,10.8892856902,1,0,2,7,0,,-0.70023963961,0,0.99979622271,0.99979622271,0.99979622271,none_visible,0.313193318401,0.333333333333,-0.0201400149326,existing_near_power_csv,local_obstruction_before_drift
rank46_Q31_random_root_sets,random_root_sets,46,7,7,3,106,141,107961,1258347804744681,107961,31,prime_block_le_31,4,53599,10.8892856902,1,0,2,7,0,,-0.70023963961,0,0.99979622271,0.99979622271,0.99979622271,none_visible,0.313193318401,0.333333333333,-0.0201400149326,deterministic_seeded_random_sets_same_cardinality,local_obstruction_before_drift
rank46_Q31_exact_power_anchor,exact_power_anchor,46,7,7,3,106,141,107961,1258347804744681,107961,31,prime_block_le_31,4,53599,10.8892856902,27,3.295836866,0,0,55,763 2947 6405 8659 12782 17122 21245 22764 25151 25949 26887 29407,-3.99607650561,-0.711496319228,1.00053654492,1.00023774017,1.0008130508,constructed_exact_power_root,0.313193318401,0.333333333333,-0.0201400149326,C_from_near_power_row_as_positive_control,positive_control_survivor
rank47_Q31_actual_near_miss,actual_near_miss,47,5,6,3,68,71,5060,129554216000,5060,31,prime_block_le_31,4,53599,10.8892856902,3,1.09861228867,3,7,0,,1.26155163922,1.09861228867,,,,none_visible,0.425572760935,0.333333333333,0.0922394276014,existing_near_power_csv,local_obstruction_before_drift
rank47_Q31_random_root_sets,random_root_sets,47,5,6,3,68,71,5060,129554216000,5060,31,prime_block_le_31,4,53599,10.8892856902,3,1.09861228867,3,7,0,,1.26155163922,1.09861228867,,,,none_visible,0.425572760935,0.333333333333,0.0922394276014,deterministic_seeded_random_sets_same_cardinality,local_obstruction_before_drift
rank47_Q31_exact_power_anchor,exact_power_anchor,47,5,6,3,68,71,5060,129554216000,5060,31,prime_block_le_31,4,53599,10.8892856902,81,4.39444915467,0,0,9,66 237 503 937 1244 1678 3771 4189 5060,-2.03428522679,2.19722457734,1.00559215342,0.999121651296,1.00882740448,constructed_exact_power_root,0.425572760935,0.333333333333,0.0922394276014,C_from_near_power_row_as_positive_control,positive_control_survivor
rank48_Q31_actual_near_miss,actual_near_miss,48,5,7,3,187,103,49761,123216054498081,49761,31,prime_block_le_31,4,53599,10.8892856902,9,2.19722457734,2,13,0,,-2.12292571084,2.19722457734,0.999915149972,0.999915149972,0.999915149972,none_visible,0.335623330467,0.333333333333,0.00228999713409,existing_near_power_csv,local_obstruction_before_drift
rank48_Q31_random_root_sets,random_root_sets,48,5,7,3,187,103,49761,123216054498081,49761,31,prime_block_le_31,4,53599,10.8892856902,9,2.19722457734,2,13,0,,-2.12292571084,2.19722457734,0.999915149972,0.999915149972,0.999915149972,none_visible,0.335623330467,0.333333333333,0.00228999713409,deterministic_seeded_random_sets_same_cardinality,local_obstruction_before_drift
rank48_Q31_exact_power_anchor,exact_power_anchor,48,5,7,3,187,103,49761,123216054498081,49761,31,prime_block_le_31,4,53599,10.8892856902,27,3.295836866,0,0,24,285 836 2014 3002 6536 9481 10659 11476 13205 15599 17328 21850,-3.22153799951,0.117783035656,1.00289904261,0.999915149972,1.00610920199,constructed_exact_power_root,0.335623330467,0.333333333333,0.00228999713409,C_from_near_power_row_as_positive_control,positive_control_survivor
rank49_Q31_actual_near_miss,actual_near_miss,49,7,7,3,154,171,184980,6329571721992000,184980,31,prime_block_le_31,4,53599,10.8892856902,1,0,3,7,0,,-1.23871729994,0,,,,none_visible,0.299287681549,0.333333333333,-0.0340456517848,existing_near_power_csv,local_obstruction_before_drift
rank49_Q31_random_root_sets,random_root_sets,49,7,7,3,154,171,184980,6329571721992000,184980,31,prime_block_le_31,4,53599,10.8892856902,1,0,3,7,0,,-1.23871729994,0,,,,none_visible,0.299287681549,0.333333333333,-0.0340456517848,deterministic_seeded_random_sets_same_cardinality,local_obstruction_before_drift
rank49_Q31_exact_power_anchor,exact_power_anchor,49,7,7,3,154,171,184980,6329571721992000,184980,31,prime_block_le_31,4,53599,10.8892856902,81,4.39444915467,0,0,277,542 1875 2369 2960 3454 3506 3981 5409 8693 9439 9532 9551,-5.63316645461,-1.22956835151,1.00030774098,0.999975973379,1.00087757235,constructed_exact_power_root,0.299287681549,0.333333333333,-0.0340456517848,C_from_near_power_row_as_positive_control,positive_control_survivor
rank50_Q31_actual_near_miss,actual_near_miss,50,7,7,4,149,204,11305,16333613199150625,11305,31,prime_block_le_31,10,100280245065,25.331234554,64,4.15888308336,5,3,0,,11.839351086,4.15888308336,1.00078366873,0.999159663866,1.00310150376,none_visible,0.678539416851,0.25,0.428539416851,existing_near_power_csv,local_obstruction_before_drift
rank50_Q31_random_root_sets,random_root_sets,50,7,7,4,149,204,11305,16333613199150625,11305,31,prime_block_le_31,10,100280245065,25.331234554,64,4.15888308336,5,3,0,,11.839351086,4.15888308336,0.99977747678,0.999159663866,1.00065789474,none_visible,0.678539416851,0.25,0.428539416851,deterministic_seeded_random_sets_same_cardinality,local_obstruction_before_drift
rank50_Q31_exact_power_anchor,exact_power_anchor,50,7,7,4,149,204,11305,16333613199150625,11305,31,prime_block_le_31,10,100280245065,25.331234554,256,5.54517744448,0,0,1,11305,10.4530567248,5.54517744448,1.00182809966,1,1.00504201681,constructed_exact_power_root,0.678539416851,0.25,0.428539416851,C_from_near_power_row_as_positive_control,positive_control_survivor
rank51_Q31_actual_near_miss,actual_near_miss,51,6,7,4,173,138,5595,979941981200625,5595,31,prime_block_le_31,10,100280245065,25.331234554,64,4.15888308336,3,7,0,,12.5427228499,4.15888308336,1.01053768245,0.989901697945,1.04441465594,none_visible,0.733844863646,0.25,0.483844863646,existing_near_power_csv,local_obstruction_before_drift
rank51_Q31_random_root_sets,random_root_sets,51,6,7,4,173,138,5595,979941981200625,5595,31,prime_block_le_31,10,100280245065,25.331234554,64,4.15888308336,3,7,0,,12.5427228499,4.15888308336,1.02337652666,0.995844504021,1.12475424486,none_visible,0.733844863646,0.25,0.483844863646,deterministic_seeded_random_sets_same_cardinality,local_obstruction_before_drift
rank51_Q31_exact_power_anchor,exact_power_anchor,51,6,7,4,173,138,5595,979941981200625,5595,31,prime_block_le_31,10,100280245065,25.331234554,2048,7.62461898616,0,0,1,5595,9.07698694714,7.62461898616,1.00269834177,0.995844504021,1.01331546023,constructed_exact_power_root,0.733844863646,0.25,0.483844863646,C_from_near_power_row_as_positive_control,positive_control_survivor
rank52_Q31_actual_near_miss,actual_near_miss,52,7,5,3,39,179,6847,320997007423,6847,31,prime_block_le_31,4,53599,10.8892856902,3,1.09861228867,3,13,0,,0.959107522379,1.09861228867,,,,none_visible,0.410998677517,0.333333333333,0.0776653441836,existing_near_power_csv,local_obstruction_before_drift
rank52_Q31_random_root_sets,random_root_sets,52,7,5,3,39,179,6847,320997007423,6847,31,prime_block_le_31,4,53599,10.8892856902,3,1.09861228867,3,13,0,,0.959107522379,1.09861228867,,,,none_visible,0.410998677517,0.333333333333,0.0776653441836,deterministic_seeded_random_sets_same_cardinality,local_obstruction_before_drift
rank52_Q31_exact_power_anchor,exact_power_anchor,52,7,5,3,39,179,6847,320997007423,6847,31,prime_block_le_31,4,53599,10.8892856902,81,4.39444915467,0,0,11,1236 1654 1964 2367 2538 5188 5359 6087 6490 6813 6847,-2.33672934363,1.99655388187,1.00597179624,1.00206091881,1.01316067053,constructed_exact_power_root,0.410998677517,0.333333333333,0.0776653441836,C_from_near_power_row_as_positive_control,positive_control_survivor
rank53_Q31_actual_near_miss,actual_near_miss,53,7,7,3,206,247,415692,71831510617053888,415692,31,prime_block_le_31,4,53599,10.8892856902,1,0,4,7,0,,-2.04841419024,0,,,,none_visible,0.280556971508,0.333333333333,-0.0527763618256,existing_near_power_csv,local_obstruction_before_drift
rank53_Q31_random_root_sets,random_root_sets,53,7,7,3,206,247,415692,71831510617053888,415692,31,prime_block_le_31,4,53599,10.8892856902,1,0,4,7,0,,-2.04841419024,0,,,,none_visible,0.280556971508,0.333333333333,-0.0527763618256,deterministic_seeded_random_sets_same_cardinality,local_obstruction_before_drift
rank53_Q31_exact_power_anchor,exact_power_anchor,53,7,7,3,206,247,415692,71831510617053888,415692,31,prime_block_le_31,4,53599,10.8892856902,81,4.39444915467,0,0,627,127 1780 2214 3392 4138 4250 4684 4820 5314 7102 7765 8850,-6.44286334491,-2.04649738596,0.999968548651,0.999869294253,1.00002165065,constructed_exact_power_root,0.280556971508,0.333333333333,-0.0527763618256,C_from_near_power_row_as_positive_control,positive_control_survivor
rank54_Q31_actual_near_miss,actual_near_miss,54,6,7,3,208,119,74824,418911964148224,74824,31,prime_block_le_31,4,53599,10.8892856902,3,1.09861228867,3,13,0,,-1.43222056661,1.09861228867,,,,none_visible,0.323424769675,0.333333333333,-0.00990856365847,existing_near_power_csv,local_obstruction_before_drift
rank54_Q31_random_root_sets,random_root_sets,54,6,7,3,208,119,74824,418911964148224,74824,31,prime_block_le_31,4,53599,10.8892856902,3,1.09861228867,3,13,0,,-1.43222056661,1.09861228867,,,,none_visible,0.323424769675,0.333333333333,-0.00990856365847,deterministic_seeded_random_sets_same_cardinality,local_obstruction_before_drift
rank54_Q31_exact_power_anchor,exact_power_anchor,54,6,7,3,208,119,74824,418911964148224,74824,31,prime_block_le_31,4,53599,10.8892856902,81,4.39444915467,0,0,108,477 508 1199 3214 3935 3966 4631 4733 7120 7926 8089 8856,-4.72805743262,-0.287682072452,1.0003558969,1.00022719983,1.00059398648,constructed_exact_power_root,0.323424769675,0.333333333333,-0.00990856365847,C_from_near_power_row_as_positive_control,positive_control_survivor
rank55_Q31_actual_near_miss,actual_near_miss,55,7,7,3,89,151,122409,1834171961263929,122409,31,prime_block_le_31,4,53599,10.8892856902,3,1.09861228867,3,7,0,,-1.92444977427,1.09861228867,,,,none_visible,0.309835572556,0.333333333333,-0.0234977607778,existing_near_power_csv,local_obstruction_before_drift
rank55_Q31_random_root_sets,random_root_sets,55,7,7,3,89,151,122409,1834171961263929,122409,31,prime_block_le_31,4,53599,10.8892856902,3,1.09861228867,3,7,0,,-1.92444977427,1.09861228867,,,,none_visible,0.309835572556,0.333333333333,-0.0234977607778,deterministic_seeded_random_sets_same_cardinality,local_obstruction_before_drift
rank55_Q31_exact_power_anchor,exact_power_anchor,55,7,7,3,89,151,122409,1834171961263929,122409,31,prime_block_le_31,4,53599,10.8892856902,27,3.295836866,0,0,63,672 742 1407 2044 4865 10955 13776 14413 15211 17031 17234 18032,-4.1216743516,-0.847297860387,1.00005355452,0.999720427238,1.00030680388,constructed_exact_power_root,0.309835572556,0.333333333333,-0.0234977607778,C_from_near_power_row_as_positive_control,positive_control_survivor
rank56_Q31_actual_near_miss,actual_near_miss,56,6,7,3,250,237,348272,42243090123419648,348272,31,prime_block_le_31,4,53599,10.8892856902,3,1.09861228867,2,13,0,,-2.97006566115,1.09861228867,0.999903332261,0.999903332261,0.999903332261,none_visible,0.284447623206,0.333333333333,-0.0488857101274,existing_near_power_csv,local_obstruction_before_drift
rank56_Q31_random_root_sets,random_root_sets,56,6,7,3,250,237,348272,42243090123419648,348272,31,prime_block_le_31,4,53599,10.8892856902,3,1.09861228867,2,13,0,,-2.97006566115,1.09861228867,0.999903332261,0.999903332261,0.999903332261,none_visible,0.284447623206,0.333333333333,-0.0488857101274,deterministic_seeded_random_sets_same_cardinality,local_obstruction_before_drift
rank56_Q31_exact_power_anchor,exact_power_anchor,56,6,7,3,250,237,348272,42243090123419648,348272,31,prime_block_le_31,4,53599,10.8892856902,81,4.39444915467,0,0,527,109 421 3035 3252 3593 3707 4201 4790 4916 5608 6063 6311,-6.26590252716,-1.87275139387,1.00017695832,1.00001499467,1.00044282119,constructed_exact_power_root,0.284447623206,0.333333333333,-0.0488857101274,C_from_near_power_row_as_positive_control,positive_control_survivor
rank57_Q31_actual_near_miss,actual_near_miss,57,5,7,3,163,84,30942,29624098656888,30942,31,prime_block_le_31,4,53599,10.8892856902,3,1.09861228867,3,7,0,,-0.549196361779,1.09861228867,,,,none_visible,0.351045223956,0.333333333333,0.0177118906223,existing_near_power_csv,local_obstruction_before_drift
rank57_Q31_random_root_sets,random_root_sets,57,5,7,3,163,84,30942,29624098656888,30942,31,prime_block_le_31,4,53599,10.8892856902,3,1.09861228867,3,7,0,,-0.549196361779,1.09861228867,,,,none_visible,0.351045223956,0.333333333333,0.0177118906223,deterministic_seeded_random_sets_same_cardinality,local_obstruction_before_drift
rank57_Q31_exact_power_anchor,exact_power_anchor,57,5,7,3,163,84,30942,29624098656888,30942,31,prime_block_le_31,4,53599,10.8892856902,81,4.39444915467,0,0,51,162 317 1058 1136 1929 2580 2732 4019 4608 5618 6437 6948,-3.84503322778,0.462623521948,0.999689981495,0.998312254469,1.00049555082,constructed_exact_power_root,0.351045223956,0.333333333333,0.0177118906223,C_from_near_power_row_as_positive_control,positive_control_survivor
rank58_Q31_actual_near_miss,actual_near_miss,58,6,7,3,197,194,218283,10400632276871187,218283,31,prime_block_le_31,4,53599,10.8892856902,9,2.19722457734,2,13,0,,-3.60148655219,2.19722457734,0.999930263822,0.999930263822,0.999930263822,none_visible,0.295257479422,0.333333333333,-0.0380758539118,existing_near_power_csv,local_obstruction_before_drift
rank58_Q31_random_root_sets,random_root_sets,58,6,7,3,197,194,218283,10400632276871187,218283,31,prime_block_le_31,4,53599,10.8892856902,9,2.19722457734,2,13,0,,-3.60148655219,2.19722457734,0.999930263822,0.999930263822,0.999930263822,none_visible,0.295257479422,0.333333333333,-0.0380758539118,deterministic_seeded_random_sets_same_cardinality,local_obstruction_before_drift
rank58_Q31_exact_power_anchor,exact_power_anchor,58,6,7,3,197,194,218283,10400632276871187,218283,31,prime_block_le_31,4,53599,10.8892856902,27,3.295836866,0,0,110,1261 3887 6708 7345 9321 10166 11141 11544 12142 14365 14599 15002,-4.70009884086,-1.40464349979,1.00005327776,0.999881906618,1.00029777857,constructed_exact_power_root,0.295257479422,0.333333333333,-0.0380758539118,C_from_near_power_row_as_positive_control,positive_control_survivor
rank59_Q31_actual_near_miss,actual_near_miss,59,5,6,3,188,213,45407,93619955034143,45407,31,prime_block_le_31,4,53599,10.8892856902,3,1.09861228867,2,19,0,,-0.932748155666,1.09861228867,1.00004404607,1.00004404607,1.00004404607,none_visible,0.338489154546,0.333333333333,0.00515582121241,existing_near_power_csv,local_obstruction_before_drift
rank59_Q31_random_root_sets,random_root_sets,59,5,6,3,188,213,45407,93619955034143,45407,31,prime_block_le_31,4,53599,10.8892856902,3,1.09861228867,2,19,0,,-0.932748155666,1.09861228867,1.00004404607,1.00004404607,1.00004404607,none_visible,0.338489154546,0.333333333333,0.00515582121241,deterministic_seeded_random_sets_same_cardinality,local_obstruction_before_drift
rank59_Q31_exact_power_anchor,exact_power_anchor,59,5,6,3,188,213,45407,93619955034143,45407,31,prime_block_le_31,4,53599,10.8892856902,81,4.39444915467,0,0,65,271 1480 1727 1753 4766 6781 7054 7122 7339 7369 7586 8175,-4.22858502167,0.220061884777,1.00067863578,1.00004404607,1.00169332678,constructed_exact_power_root,0.338489154546,0.333333333333,0.00515582121241,C_from_near_power_row_as_positive_control,positive_control_survivor
rank60_Q31_actual_near_miss,actual_near_miss,60,7,7,4,204,227,14626,45761713347855376,14626,31,prime_block_le_31,10,100280245065,25.331234554,16,2.77258872224,7,3,0,,12.968089786,2.77258872224,1.0006025229,1.00027348557,1.00093156024,none_visible,0.660317150356,0.25,0.410317150356,existing_near_power_csv,local_obstruction_before_drift
rank60_Q31_random_root_sets,random_root_sets,60,7,7,4,204,227,14626,45761713347855376,14626,31,prime_block_le_31,10,100280245065,25.331234554,16,2.77258872224,7,3,0,,12.968089786,2.77258872224,0.999991453576,0.999709421578,1.00027348557,none_visible,0.660317150356,0.25,0.410317150356,deterministic_seeded_random_sets_same_cardinality,local_obstruction_before_drift
rank60_Q31_exact_power_anchor,exact_power_anchor,60,7,7,4,204,227,14626,45761713347855376,14626,31,prime_block_le_31,10,100280245065,25.331234554,16384,9.70406052784,0,0,1,14626,6.03661798037,9.70406052784,1.00154690278,0.997581361958,1.01418706413,constructed_exact_power_root,0.660317150356,0.25,0.410317150356,C_from_near_power_row_as_positive_control,positive_control_survivor
rank61_Q31_actual_near_miss,actual_near_miss,61,6,7,3,185,188,202799,8340602569088399,202799,31,prime_block_le_31,4,53599,10.8892856902,9,2.19722457734,1,31,0,,-3.52790950689,2.19722457734,0.999919460484,0.999898092857,0.999940828111,none_visible,0.297035239255,0.333333333333,-0.0362980940779,existing_near_power_csv,local_obstruction_before_drift
rank61_Q31_random_root_sets,random_root_sets,61,6,7,3,185,188,202799,8340602569088399,202799,31,prime_block_le_31,4,53599,10.8892856902,9,2.19722457734,1,31,0,,-3.52790950689,2.19722457734,0.999919460484,0.999898092857,0.999940828111,none_visible,0.297035239255,0.333333333333,-0.0362980940779,deterministic_seeded_random_sets_same_cardinality,local_obstruction_before_drift
rank61_Q31_exact_power_anchor,exact_power_anchor,61,6,7,3,185,188,202799,8340602569088399,202799,31,prime_block_le_31,4,53599,10.8892856902,81,4.39444915467,0,0,305,1661 2136 2279 2963 4027 5009 5100 5503 5784 6497 6848 8150,-5.72513408422,-1.32586262193,0.999972240348,0.999743040591,1.00009752404,constructed_exact_power_root,0.297035239255,0.333333333333,-0.0362980940779,C_from_near_power_row_as_positive_control,positive_control_survivor
rank62_Q31_actual_near_miss,actual_near_miss,62,7,7,5,179,246,2271,60406777905120351,2271,31,prime_block_le_31,2,341,5.83188247728,5,1.60943791243,1,11,0,,-3.50553097726,1.60943791243,,,,none_visible,0.150929113207,0.2,-0.0490708867928,existing_near_power_csv,local_obstruction_before_drift
rank62_Q31_random_root_sets,random_root_sets,62,7,7,5,179,246,2271,60406777905120351,2271,31,prime_block_le_31,2,341,5.83188247728,5,1.60943791243,1,11,0,,-3.50553097726,1.60943791243,,,,none_visible,0.150929113207,0.2,-0.0490708867928,deterministic_seeded_random_sets_same_cardinality,local_obstruction_before_drift
rank62_Q31_exact_power_anchor,exact_power_anchor,62,7,7,5,179,246,2271,60406777905120351,2271,31,prime_block_le_31,2,341,5.83188247728,25,3.21887582487,0,0,169,1 4 16 47 64 70 78 97 125 126 157 159,-5.11496888969,-1.91102289005,1.01504183179,1.01504183179,1.01504183179,constructed_exact_power_root,0.150929113207,0.2,-0.0490708867928,C_from_near_power_row_as_positive_control,positive_control_survivor
rank63_Q31_actual_near_miss,actual_near_miss,63,7,7,3,108,217,283681,22829202875910241,283681,31,prime_block_le_31,4,53599,10.8892856902,9,2.19722457734,1,7,0,,-3.86354453357,2.19722457734,1.00007657271,0.999849596319,1.0003035491,none_visible,0.289094926915,0.333333333333,-0.0442384064181,existing_near_power_csv,local_obstruction_before_drift
rank63_Q31_random_root_sets,random_root_sets,63,7,7,3,108,217,283681,22829202875910241,283681,31,prime_block_le_31,4,53599,10.8892856902,9,2.19722457734,1,7,0,,-3.86354453357,2.19722457734,1.0001063401,1.00007285178,1.00013982842,none_visible,0.289094926915,0.333333333333,-0.0442384064181,deterministic_seeded_random_sets_same_cardinality,local_obstruction_before_drift
rank63_Q31_exact_power_anchor,exact_power_anchor,63,7,7,3,108,217,283681,22829202875910241,283681,31,prime_block_le_31,4,53599,10.8892856902,27,3.295836866,0,0,142,2728 5549 7626 9393 9796 12617 15686 17050 17639 18042 18507 20863,-4.96215682224,-1.6599901916,1.00007846581,1.00002271722,1.00013982842,constructed_exact_power_root,0.289094926915,0.333333333333,-0.0442384064181,C_from_near_power_row_as_positive_control,positive_control_survivor
rank64_Q31_actual_near_miss,actual_near_miss,64,6,7,4,240,179,8830,6079149367210000,8830,31,prime_block_le_31,10,100280245065,25.331234554,16,2.77258872224,7,3,0,,13.4727355382,2.77258872224,1.00110419026,1.00002831257,1.00218006795,none_visible,0.696992203739,0.25,0.446992203739,existing_near_power_csv,local_obstruction_before_drift
rank64_Q31_random_root_sets,random_root_sets,64,6,7,4,240,179,8830,6079149367210000,8830,31,prime_block_le_31,10,100280245065,25.331234554,16,2.77258872224,7,3,0,,13.4727355382,2.77258872224,1.00110419026,1.00002831257,1.00218006795,none_visible,0.696992203739,0.25,0.446992203739,deterministic_seeded_random_sets_same_cardinality,local_obstruction_before_drift
rank64_Q31_exact_power_anchor,exact_power_anchor,64,6,7,4,240,179,8830,6079149367210000,8830,31,prime_block_le_31,10,100280245065,25.331234554,4096,8.31776616672,0,0,1,8830,7.92755809372,8.31776616672,1.00446394866,1.00056625142,1.0181200453,constructed_exact_power_root,0.696992203739,0.25,0.446992203739,C_from_near_power_row_as_positive_control,positive_control_survivor
rank65_Q31_actual_near_miss,actual_near_miss,65,7,7,3,100,169,159233,4037376327502337,159233,31,prime_block_le_31,4,53599,10.8892856902,3,1.09861228867,3,7,0,,-2.18745041584,1.09861228867,,,,none_visible,0.303032591086,0.333333333333,-0.030300742247,existing_near_power_csv,local_obstruction_before_drift
rank65_Q31_random_root_sets,random_root_sets,65,7,7,3,100,169,159233,4037376327502337,159233,31,prime_block_le_31,4,53599,10.8892856902,3,1.09861228867,3,7,0,,-2.18745041584,1.09861228867,,,,none_visible,0.303032591086,0.333333333333,-0.030300742247,deterministic_seeded_random_sets_same_cardinality,local_obstruction_before_drift
rank65_Q31_exact_power_anchor,exact_power_anchor,65,7,7,3,100,169,159233,4037376327502337,159233,31,prime_block_le_31,4,53599,10.8892856902,81,4.39444915467,0,0,239,53 984 1381 1758 2466 2993 3929 4176 4915 6470 7463 9038,-5.48328728185,-1.08201439726,1.00025259979,0.999979764105,1.00078012863,constructed_exact_power_root,0.303032591086,0.333333333333,-0.030300742247,C_from_near_power_row_as_positive_control,positive_control_survivor
rank66_Q31_actual_near_miss,actual_near_miss,66,6,7,3,160,199,231306,12375441316400616,231306,31,prime_block_le_31,4,53599,10.8892856902,9,2.19722457734,2,7,0,,-3.65943567539,2.19722457734,0.999875585684,0.999875585684,0.999875585684,none_visible,0.29387222933,0.333333333333,-0.0394611040028,existing_near_power_csv,local_obstruction_before_drift
rank66_Q31_random_root_sets,random_root_sets,66,6,7,3,160,199,231306,12375441316400616,231306,31,prime_block_le_31,4,53599,10.8892856902,9,2.19722457734,2,7,0,,-3.65943567539,2.19722457734,0.999875585684,0.999875585684,0.999875585684,none_visible,0.29387222933,0.333333333333,-0.0394611040028,deterministic_seeded_random_sets_same_cardinality,local_obstruction_before_drift
rank66_Q31_exact_power_anchor,exact_power_anchor,66,6,7,3,160,199,231306,12375441316400616,231306,31,prime_block_le_31,4,53599,10.8892856902,27,3.295836866,0,0,116,4541 4560 8683 9253 9747 13376 13870 16910 19855 21033 22819 28006,-4.75804796406,-1.4577533251,1.00014907301,0.999890476973,1.00057499589,constructed_exact_power_root,0.29387222933,0.333333333333,-0.0394611040028,C_from_near_power_row_as_positive_control,positive_control_survivor
rank67_Q31_actual_near_miss,actual_near_miss,67,6,6,3,91,248,61554,233221637659464,61554,31,prime_block_le_31,4,53599,10.8892856902,81,4.39444915467,0,0,92,547 1647 2081 3259 3851 4174 4670 4936 5352 5786 6204 8297,-4.53283358182,-0.127339422377,0.999538496159,0.998348333712,1.00020397627,none_visible,0.329150387898,0.333333333333,-0.00418294543559,existing_near_power_csv,low_section_survivor_requires_anchor_audit
rank67_Q31_random_root_sets,random_root_sets,67,6,6,3,91,248,61554,233221637659464,61554,31,prime_block_le_31,4,53599,10.8892856902,81,4.39444915467,0,0,88,123 2200 3183 3378 3981 6337 7439 8755 8825 9623 9662 9795,-4.53283358182,-0.0828876598058,0.999389876278,0.998348333712,1.00020397627,none_visible,0.329150387898,0.333333333333,-0.00418294543559,deterministic_seeded_random_sets_same_cardinality,low_section_survivor_requires_anchor_audit
rank67_Q31_exact_power_anchor,exact_power_anchor,67,6,6,3,91,248,61554,233221637659464,61554,31,prime_block_le_31,4,53599,10.8892856902,81,4.39444915467,0,0,96,10 374 1343 1910 1986 2428 3832 4133 4497 4931 5444 6109,-4.53283358182,-0.169899036795,1.00125574774,1.00003971219,1.00366435253,constructed_exact_power_root,0.329150387898,0.333333333333,-0.00418294543559,C_from_near_power_row_as_positive_control,positive_control_survivor
rank68_Q31_actual_near_miss,actual_near_miss,68,7,7,3,118,249,390757,59665090001128093,390757,31,prime_block_le_31,4,53599,10.8892856902,9,2.19722457734,2,7,0,,-4.18378004956,2.19722457734,0.999992322594,0.999992322594,0.999992322594,none_visible,0.281904836425,0.333333333333,-0.051428496908,existing_near_power_csv,local_obstruction_before_drift
rank68_Q31_random_root_sets,random_root_sets,68,7,7,3,118,249,390757,59665090001128093,390757,31,prime_block_le_31,4,53599,10.8892856902,9,2.19722457734,2,7,0,,-4.18378004956,2.19722457734,0.999992322594,0.999992322594,0.999992322594,none_visible,0.281904836425,0.333333333333,-0.051428496908,deterministic_seeded_random_sets_same_cardinality,local_obstruction_before_drift
rank68_Q31_exact_power_anchor,exact_power_anchor,68,7,7,3,118,249,390757,59665090001128093,390757,31,prime_block_le_31,4,53599,10.8892856902,81,4.39444915467,0,0,592,250 971 1693 1769 2180 2978 3708 3916 4156 4962 5227 5892,-6.38100462689,-1.98905748021,1.00009279235,1.00001819829,1.00019762211,constructed_exact_power_root,0.281904836425,0.333333333333,-0.051428496908,C_from_near_power_row_as_positive_control,positive_control_survivor
rank69_Q31_actual_near_miss,actual_near_miss,69,7,7,3,71,177,176000,5451776000000000,176000,31,prime_block_le_31,4,53599,10.8892856902,9,2.19722457734,1,7,0,,-3.38617816119,2.19722457734,1.00031881313,1.00000694444,1.00063068182,none_visible,0.300520780751,0.333333333333,-0.0328125525826,existing_near_power_csv,local_obstruction_before_drift
rank69_Q31_random_root_sets,random_root_sets,69,7,7,3,71,177,176000,5451776000000000,176000,31,prime_block_le_31,4,53599,10.8892856902,9,2.19722457734,1,7,0,,-3.38617816119,2.19722457734,0.999605113636,0.999515151515,0.999695075758,none_visible,0.300520780751,0.333333333333,-0.0328125525826,deterministic_seeded_random_sets_same_cardinality,local_obstruction_before_drift
rank69_Q31_exact_power_anchor,exact_power_anchor,69,7,7,3,71,177,176000,5451776000000000,176000,31,prime_block_le_31,4,53599,10.8892856902,81,4.39444915467,0,0,270,356 850 964 1553 1770 4126 4448 6151 6740 6957 7052 7412,-5.58340273852,-1.20397280433,1.00021948653,1.00008080808,1.00031881313,constructed_exact_power_root,0.300520780751,0.333333333333,-0.0328125525826,C_from_near_power_row_as_positive_control,positive_control_survivor
rank70_Q31_actual_near_miss,actual_near_miss,70,4,6,3,188,101,10205,1062769365125,10205,31,prime_block_le_31,4,53599,10.8892856902,3,1.09861228867,3,7,0,,0.560040326256,1.09861228867,,,,none_visible,0.393230005692,0.333333333333,0.0598966723591,existing_near_power_csv,local_obstruction_before_drift
rank70_Q31_random_root_sets,random_root_sets,70,4,6,3,188,101,10205,1062769365125,10205,31,prime_block_le_31,4,53599,10.8892856902,3,1.09861228867,3,7,0,,0.560040326256,1.09861228867,,,,none_visible,0.393230005692,0.333333333333,0.0598966723591,deterministic_seeded_random_sets_same_cardinality,local_obstruction_before_drift
rank70_Q31_exact_power_anchor,exact_power_anchor,70,4,6,3,188,101,10205,1062769365125,10205,31,prime_block_le_31,4,53599,10.8892856902,27,3.295836866,0,0,6,3757 4563 5486 6292 6474 10205,-1.63718425108,1.50407739678,1.00353857042,1.00042462845,1.008492569,constructed_exact_power_root,0.393230005692,0.333333333333,0.0598966723591,C_from_near_power_row_as_positive_control,positive_control_survivor
rank71_Q31_actual_near_miss,actual_near_miss,71,7,7,3,203,206,310545,29948399895128625,310545,31,prime_block_le_31,4,53599,10.8892856902,9,2.19722457734,2,7,0,,-3.95402298456,2.19722457734,0.999542739378,0.999542739378,0.999542739378,none_visible,0.287026550572,0.333333333333,-0.0463067827609,existing_near_power_csv,local_obstruction_before_drift
rank71_Q31_random_root_sets,random_root_sets,71,7,7,3,203,206,310545,29948399895128625,310545,31,prime_block_le_31,4,53599,10.8892856902,9,2.19722457734,2,7,0,,-3.95402298456,2.19722457734,1.00017496122,1.00017496122,1.00017496122,none_visible,0.287026550572,0.333333333333,-0.0463067827609,deterministic_seeded_random_sets_same_cardinality,local_obstruction_before_drift
rank71_Q31_exact_power_anchor,exact_power_anchor,71,7,7,3,203,206,310545,29948399895128625,310545,31,prime_block_le_31,4,53599,10.8892856902,81,4.39444915467,0,0,469,555 2837 3025 4265 5443 5877 5937 6371 8212 8388 9452 9998,-6.15124756189,-1.75615361377,1.00018378681,1.00002468778,1.00038570184,constructed_exact_power_root,0.287026550572,0.333333333333,-0.0463067827609,C_from_near_power_row_as_positive_control,positive_control_survivor
rank72_Q31_actual_near_miss,actual_near_miss,72,6,7,3,241,205,248854,15411108481939864,248854,31,prime_block_le_31,4,53599,10.8892856902,1,0,4,7,0,,-1.53533596793,0,,,,none_visible,0.292142650022,0.333333333333,-0.0411906833109,existing_near_power_csv,local_obstruction_before_drift
rank72_Q31_random_root_sets,random_root_sets,72,6,7,3,241,205,248854,15411108481939864,248854,31,prime_block_le_31,4,53599,10.8892856902,1,0,4,7,0,,-1.53533596793,0,,,,none_visible,0.292142650022,0.333333333333,-0.0411906833109,deterministic_seeded_random_sets_same_cardinality,local_obstruction_before_drift
rank72_Q31_exact_power_anchor,exact_power_anchor,72,6,7,3,241,205,248854,15411108481939864,248854,31,prime_block_le_31,4,53599,10.8892856902,81,4.39444915467,0,0,374,2192 3427 3712 3830 3959 4362 4951 5597 5783 6651 7183 7772,-5.9297851226,-1.52980664274,1.00009584677,1.00000267895,1.00015939734,constructed_exact_power_root,0.292142650022,0.333333333333,-0.0411906833109,C_from_near_power_row_as_positive_control,positive_control_survivor
rank73_Q31_actual_near_miss,actual_near_miss,73,5,6,3,191,206,42483,76673543092587,42483,31,prime_block_le_31,4,53599,10.8892856902,9,2.19722457734,2,7,0,,-1.96479816206,2.19722457734,0.998234587953,0.998234587953,0.998234587953,none_visible,0.34060334317,0.333333333333,0.00727000983692,existing_near_power_csv,local_obstruction_before_drift
rank73_Q31_random_root_sets,random_root_sets,73,5,6,3,191,206,42483,76673543092587,42483,31,prime_block_le_31,4,53599,10.8892856902,9,2.19722457734,2,7,0,,-1.96479816206,2.19722457734,0.999775073428,0.999775073428,0.999775073428,none_visible,0.34060334317,0.333333333333,0.00727000983692,deterministic_seeded_random_sets_same_cardinality,local_obstruction_before_drift
rank73_Q31_exact_power_anchor,exact_power_anchor,73,5,6,3,191,206,42483,76673543092587,42483,31,prime_block_le_31,4,53599,10.8892856902,27,3.295836866,0,0,23,1057 6244 7238 10059 11361 13426 14182 17549 18613 20804 22736 23625,-3.06341045073,0.160342650075,1.00106970893,1.00002353883,1.00285604438,constructed_exact_power_root,0.34060334317,0.333333333333,0.00727000983692,C_from_near_power_row_as_positive_control,positive_control_survivor
rank74_Q31_actual_near_miss,actual_near_miss,74,7,7,3,92,171,163005,4331145547225125,163005,31,prime_block_le_31,4,53599,10.8892856902,3,1.09861228867,3,7,0,,-2.21086275266,1.09861228867,,,,none_visible,0.30244144167,0.333333333333,-0.0308918916631,existing_near_power_csv,local_obstruction_before_drift
rank74_Q31_random_root_sets,random_root_sets,74,7,7,3,92,171,163005,4331145547225125,163005,31,prime_block_le_31,4,53599,10.8892856902,3,1.09861228867,3,7,0,,-2.21086275266,1.09861228867,,,,none_visible,0.30244144167,0.333333333333,-0.0308918916631,deterministic_seeded_random_sets_same_cardinality,local_obstruction_before_drift
rank74_Q31_exact_power_anchor,exact_power_anchor,74,7,7,3,92,171,163005,4331145547225125,163005,31,prime_block_le_31,4,53599,10.8892856902,81,4.39444915467,0,0,246,593 671 2208 3027 4037 4623 4626 5367 6065 6390 6716 7509,-5.50669961867,-1.11088238126,1.0000579396,0.99997682416,1.00010497292,constructed_exact_power_root,0.30244144167,0.333333333333,-0.0308918916631,C_from_near_power_row_as_positive_control,positive_control_survivor
rank75_Q31_actual_near_miss,actual_near_miss,75,6,6,3,187,190,44782,89807055379768,44782,31,prime_block_le_31,4,53599,10.8892856902,3,1.09861228867,3,7,0,,-0.918888150451,1.09861228867,,,,none_visible,0.338927217432,0.333333333333,0.00559388409897,existing_near_power_csv,local_obstruction_before_drift
rank75_Q31_random_root_sets,random_root_sets,75,6,6,3,187,190,44782,89807055379768,44782,31,prime_block_le_31,4,53599,10.8892856902,3,1.09861228867,3,7,0,,-0.918888150451,1.09861228867,,,,none_visible,0.338927217432,0.333333333333,0.00559388409897,deterministic_seeded_random_sets_same_cardinality,local_obstruction_before_drift
rank75_Q31_exact_power_anchor,exact_power_anchor,75,6,6,3,187,190,44782,89807055379768,44782,31,prime_block_le_31,4,53599,10.8892856902,81,4.39444915467,0,0,70,493 2064 2155 2539 2558 3314 3457 6187 6278 6681 6991 7251,-4.21472501646,0.145953912623,1.00061284544,1.00000248116,1.00105945345,constructed_exact_power_root,0.338927217432,0.333333333333,0.00559388409897,C_from_near_power_row_as_positive_control,positive_control_survivor
rank76_Q31_actual_near_miss,actual_near_miss,76,7,7,3,127,210,264687,18543761579690703,264687,31,prime_block_le_31,4,53599,10.8892856902,27,3.295836866,1,31,0,,-4.89285445064,3.295836866,0.999998110976,0.999951724951,1.000044497,none_visible,0.290699482212,0.333333333333,-0.0426338511218,existing_near_power_csv,local_obstruction_before_drift
rank76_Q31_random_root_sets,random_root_sets,76,7,7,3,127,210,264687,18543761579690703,264687,31,prime_block_le_31,4,53599,10.8892856902,27,3.295836866,1,31,0,,-4.89285445064,3.295836866,1.00004995418,1.000044497,1.00005541136,none_visible,0.290699482212,0.333333333333,-0.0426338511218,deterministic_seeded_random_sets_same_cardinality,local_obstruction_before_drift
rank76_Q31_exact_power_anchor,exact_power_anchor,76,7,7,3,127,210,264687,18543761579690703,264687,31,prime_block_le_31,4,53599,10.8892856902,81,4.39444915467,0,0,403,138 1347 1620 2334 2581 2582 3114 3170 3387 3729 4938 5185,-5.99146673931,-1.60448740727,1.00014804348,1.00000629675,1.00038242234,constructed_exact_power_root,0.290699482212,0.333333333333,-0.0426338511218,C_from_near_power_row_as_positive_control,positive_control_survivor
rank77_Q31_actual_near_miss,actual_near_miss,77,7,7,3,89,206,250859,15786616544589779,250859,31,prime_block_le_31,4,53599,10.8892856902,27,3.295836866,1,13,0,,-4.83919748312,3.295836866,0.999966780808,0.999958365279,0.999975196336,none_visible,0.291954086605,0.333333333333,-0.0413792467286,existing_near_power_csv,local_obstruction_before_drift
rank77_Q31_random_root_sets,random_root_sets,77,7,7,3,89,206,250859,15786616544589779,250859,31,prime_block_le_31,4,53599,10.8892856902,27,3.295836866,1,13,0,,-4.83919748312,3.295836866,0.999996235158,0.999958365279,1.00003410504,none_visible,0.291954086605,0.333333333333,-0.0413792467286,deterministic_seeded_random_sets_same_cardinality,local_obstruction_before_drift
rank77_Q31_exact_power_anchor,exact_power_anchor,77,7,7,3,89,206,250859,15786616544589779,250859,31,prime_block_le_31,4,53599,10.8892856902,27,3.295836866,0,0,128,1477 3479 7196 9940 14112 15442 15582 15659 21301 22358 22575 23905,-4.83919748312,-1.55619339792,1.00007396807,0.999958365279,1.00015192244,constructed_exact_power_root,0.291954086605,0.333333333333,-0.0413792467286,C_from_near_power_row_as_positive_control,positive_control_survivor
rank78_Q31_actual_near_miss,actual_near_miss,78,6,7,3,199,145,112128,1409750403121152,112128,31,prime_block_le_31,4,53599,10.8892856902,27,3.295836866,1,19,0,,-4.03394753069,3.295836866,0.999999009069,0.99996036276,1.00003765538,none_visible,0.312173231732,0.333333333333,-0.0211601016015,existing_near_power_csv,local_obstruction_before_drift
rank78_Q31_random_root_sets,random_root_sets,78,6,7,3,199,145,112128,1409750403121152,112128,31,prime_block_le_31,4,53599,10.8892856902,27,3.295836866,1,19,0,,-4.03394753069,3.295836866,0.999953921709,0.999947480657,0.99996036276,none_visible,0.312173231732,0.333333333333,-0.0211601016015,deterministic_seeded_random_sets_same_cardinality,local_obstruction_before_drift
rank78_Q31_exact_power_anchor,exact_power_anchor,78,6,7,3,199,145,112128,1409750403121152,112128,31,prime_block_le_31,4,53599,10.8892856902,81,4.39444915467,0,0,171,807 1296 1985 2419 2536 3714 3942 4148 4930 5058 6542 6659,-5.13255981936,-0.74721440183,1.00059158581,1.00008918379,1.00155774353,constructed_exact_power_root,0.312173231732,0.333333333333,-0.0211601016015,C_from_near_power_row_as_positive_control,positive_control_survivor
rank79_Q31_actual_near_miss,actual_near_miss,79,5,6,3,143,168,28249,22542871522249,28249,31,prime_block_le_31,4,53599,10.8892856902,3,1.09861228867,3,7,0,,-0.458139936218,1.09861228867,,,,none_visible,0.354164114138,0.333333333333,0.0208307808051,existing_near_power_csv,local_obstruction_before_drift
rank79_Q31_random_root_sets,random_root_sets,79,5,6,3,143,168,28249,22542871522249,28249,31,prime_block_le_31,4,53599,10.8892856902,3,1.09861228867,3,7,0,,-0.458139936218,1.09861228867,,,,none_visible,0.354164114138,0.333333333333,0.0208307808051,deterministic_seeded_random_sets_same_cardinality,local_obstruction_before_drift
rank79_Q31_exact_power_anchor,exact_power_anchor,79,5,6,3,143,168,28249,22542871522249,28249,31,prime_block_le_31,4,53599,10.8892856902,27,3.295836866,0,0,16,1248 2613 2860 3796 8905 10270 11453 12688 15080 16692 18174 22737,-2.65536451355,0.523248143765,1.00103838484,0.999693204479,1.00260776193,constructed_exact_power_root,0.354164114138,0.333333333333,0.0208307808051,C_from_near_power_row_as_positive_control,positive_control_survivor
rank80_Q31_actual_near_miss,actual_near_miss,80,6,7,4,220,103,3921,236367286326081,3921,31,prime_block_le_31,10,100280245065,25.331234554,16,2.77258872224,4,3,0,,14.2845438295,2.77258872224,0.973323131854,0.917112981382,1.00790614639,none_visible,0.765377153527,0.25,0.515377153527,existing_near_power_csv,local_obstruction_before_drift
rank80_Q31_random_root_sets,random_root_sets,80,6,7,4,220,103,3921,236367286326081,3921,31,prime_block_le_31,10,100280245065,25.331234554,16,2.77258872224,4,3,0,,14.2845438295,2.77258872224,1.0169089518,1.00306044376,1.03175210406,none_visible,0.765377153527,0.25,0.515377153527,deterministic_seeded_random_sets_same_cardinality,local_obstruction_before_drift
rank80_Q31_exact_power_anchor,exact_power_anchor,80,6,7,4,220,103,3921,236367286326081,3921,31,prime_block_le_31,10,100280245065,25.331234554,8192,9.01091334728,0,0,1,3921,8.04621920447,9.01091334728,1.00270445465,0.999394287172,1.00911757205,constructed_exact_power_root,0.765377153527,0.25,0.515377153527,C_from_near_power_row_as_positive_control,positive_control_survivor
rank81_Q31_actual_near_miss,actual_near_miss,81,7,7,3,184,185,244169,14556989663478809,244169,31,prime_block_le_31,4,53599,10.8892856902,3,1.09861228867,3,7,0,,-2.61494248597,1.09861228867,,,,none_visible,0.292590221207,0.333333333333,-0.0407431121265,existing_near_power_csv,local_obstruction_before_drift
rank81_Q31_random_root_sets,random_root_sets,81,7,7,3,184,185,244169,14556989663478809,244169,31,prime_block_le_31,4,53599,10.8892856902,3,1.09861228867,3,7,0,,-2.61494248597,1.09861228867,,,,none_visible,0.292590221207,0.333333333333,-0.0407431121265,deterministic_seeded_random_sets_same_cardinality,local_obstruction_before_drift
rank81_Q31_exact_power_anchor,exact_power_anchor,81,7,7,3,184,185,244169,14556989663478809,244169,31,prime_block_le_31,4,53599,10.8892856902,27,3.295836866,0,0,123,2185 5149 6308 9272 10336 11020 14459 18677 20463 21641 24586 25650,-4.81216706331,-1.51634748937,0.999777476529,0.999481233626,1.00005870251,constructed_exact_power_root,0.292590221207,0.333333333333,-0.0407431121265,C_from_near_power_row_as_positive_control,positive_control_survivor
rank82_Q31_actual_near_miss,actual_near_miss,82,7,7,3,124,215,278867,21686595244340363,278867,31,prime_block_le_31,4,53599,10.8892856902,9,2.19722457734,2,7,0,,-3.8464291318,2.19722457734,1.00003227345,1.00003227345,1.00003227345,none_visible,0.28948954985,0.333333333333,-0.043843783483,existing_near_power_csv,local_obstruction_before_drift
rank82_Q31_random_root_sets,random_root_sets,82,7,7,3,124,215,278867,21686595244340363,278867,31,prime_block_le_31,4,53599,10.8892856902,9,2.19722457734,2,7,0,,-3.8464291318,2.19722457734,1.00003227345,1.00003227345,1.00003227345,none_visible,0.28948954985,0.333333333333,-0.043843783483,deterministic_seeded_random_sets_same_cardinality,local_obstruction_before_drift
rank82_Q31_exact_power_anchor,exact_power_anchor,82,7,7,3,124,215,278867,21686595244340363,278867,31,prime_block_le_31,4,53599,10.8892856902,81,4.39444915467,0,0,419,23 270 389 519 823 3215 4146 4300 4393 6868 7680 8423,-6.04365370914,-1.64342176525,1.00011753911,1.00006335159,1.00020519539,constructed_exact_power_root,0.28948954985,0.333333333333,-0.043843783483,C_from_near_power_row_as_positive_control,positive_control_survivor
rank83_Q31_actual_near_miss,actual_near_miss,83,6,6,3,97,250,62571,244973601795411,62571,31,prime_block_le_31,4,53599,10.8892856902,1,0,3,7,0,,-0.154771500796,0,,,,none_visible,0.328661997485,0.333333333333,-0.00467133584817,existing_near_power_csv,local_obstruction_before_drift
rank83_Q31_random_root_sets,random_root_sets,83,6,6,3,97,250,62571,244973601795411,62571,31,prime_block_le_31,4,53599,10.8892856902,1,0,3,7,0,,-0.154771500796,0,,,,none_visible,0.328661997485,0.333333333333,-0.00467133584817,deterministic_seeded_random_sets_same_cardinality,local_obstruction_before_drift
rank83_Q31_exact_power_anchor,exact_power_anchor,83,6,6,3,97,250,62571,244973601795411,62571,31,prime_block_le_31,4,53599,10.8892856902,81,4.39444915467,0,0,97,747 902 1315 1410 3177 3239 3671 3785 3828 4322 4374 5934,-4.54922065547,-0.180261823831,1.00021545894,0.999902333172,1.00047590382,constructed_exact_power_root,0.328661997485,0.333333333333,-0.00467133584817,C_from_near_power_row_as_positive_control,positive_control_survivor
rank84_Q31_actual_near_miss,actual_near_miss,84,6,7,3,223,227,314750,31181515296875000,314750,31,prime_block_le_31,4,53599,10.8892856902,1,0,4,7,0,,-1.77024826174,0,,,,none_visible,0.286721605275,0.333333333333,-0.0466117280584,existing_near_power_csv,local_obstruction_before_drift
rank84_Q31_random_root_sets,random_root_sets,84,6,7,3,223,227,314750,31181515296875000,314750,31,prime_block_le_31,4,53599,10.8892856902,1,0,4,7,0,,-1.77024826174,0,,,,none_visible,0.286721605275,0.333333333333,-0.0466117280584,deterministic_seeded_random_sets_same_cardinality,local_obstruction_before_drift
rank84_Q31_exact_power_anchor,exact_power_anchor,84,6,7,3,223,227,314750,31181515296875000,314750,31,prime_block_le_31,4,53599,10.8892856902,81,4.39444915467,0,0,474,813 1229 1402 2143 4285 4440 5181 5259 5770 6052 6703 7382,-6.16469741641,-1.76675816702,0.999951284088,0.99991209955,0.999996116848,constructed_exact_power_root,0.286721605275,0.333333333333,-0.0466117280584,C_from_near_power_row_as_positive_control,positive_control_survivor
rank85_Q31_actual_near_miss,actual_near_miss,85,7,7,3,97,241,361649,47300072421042449,361649,31,prime_block_le_31,4,53599,10.8892856902,1,0,3,7,0,,-1.909143717,0,,,,none_visible,0.28360994785,0.333333333333,-0.0497233854838,existing_near_power_csv,local_obstruction_before_drift
rank85_Q31_random_root_sets,random_root_sets,85,7,7,3,97,241,361649,47300072421042449,361649,31,prime_block_le_31,4,53599,10.8892856902,1,0,3,7,0,,-1.909143717,0,,,,none_visible,0.28360994785,0.333333333333,-0.0497233854838,deterministic_seeded_random_sets_same_cardinality,local_obstruction_before_drift
rank85_Q31_exact_power_anchor,exact_power_anchor,85,7,7,3,97,241,361649,47300072421042449,361649,31,prime_block_le_31,4,53599,10.8892856902,81,4.39444915467,0,0,545,344 1656 2111 3320 5037 5531 5657 6246 6463 7298 8507 8621,-6.30359287167,-1.90633663999,1.00007517008,1.00001444003,1.00017266588,constructed_exact_power_root,0.28360994785,0.333333333333,-0.0497233854838,C_from_near_power_row_as_positive_control,positive_control_survivor
rank86_Q31_actual_near_miss,actual_near_miss,86,7,7,3,183,202,274114,20596510676193544,274114,31,prime_block_le_31,4,53599,10.8892856902,1,0,3,13,0,,-1.63201366707,0,,,,none_visible,0.289886999198,0.333333333333,-0.0434463341358,existing_near_power_csv,local_obstruction_before_drift
rank86_Q31_random_root_sets,random_root_sets,86,7,7,3,183,202,274114,20596510676193544,274114,31,prime_block_le_31,4,53599,10.8892856902,1,0,3,13,0,,-1.63201366707,0,,,,none_visible,0.289886999198,0.333333333333,-0.0434463341358,deterministic_seeded_random_sets_same_cardinality,local_obstruction_before_drift
rank86_Q31_exact_power_anchor,exact_power_anchor,86,7,7,3,183,202,274114,20596510676193544,274114,31,prime_block_le_31,4,53599,10.8892856902,81,4.39444915467,0,0,416,1075 1717 1920 2718 2895 3298 3896 4020 5175 5840 6119 6353,-6.02646282174,-1.63623610559,1.00001742989,0.999880828171,1.00010417401,constructed_exact_power_root,0.289886999198,0.333333333333,-0.0434463341358,C_from_near_power_row_as_positive_control,positive_control_survivor
rank87_Q31_actual_near_miss,actual_near_miss,87,6,6,3,106,207,43105,80090858382625,43105,31,prime_block_le_31,4,53599,10.8892856902,3,1.09861228867,2,7,0,,-0.880720877144,1.09861228867,1.00278389978,1.00278389978,1.00278389978,none_visible,0.340139423392,0.333333333333,0.00680609005831,existing_near_power_csv,local_obstruction_before_drift
rank87_Q31_random_root_sets,random_root_sets,87,6,6,3,106,207,43105,80090858382625,43105,31,prime_block_le_31,4,53599,10.8892856902,3,1.09861228867,2,7,0,,-0.880720877144,1.09861228867,0.997053706067,0.997053706067,0.997053706067,none_visible,0.340139423392,0.333333333333,0.00680609005831,deterministic_seeded_random_sets_same_cardinality,local_obstruction_before_drift
rank87_Q31_exact_power_anchor,exact_power_anchor,87,6,6,3,106,207,43105,80090858382625,43105,31,prime_block_le_31,4,53599,10.8892856902,81,4.39444915467,0,0,68,108 1193 1286 1720 1739 3072 4157 4632 5316 5862 6432 6926,-4.17655774315,0.174941449496,1.0009674911,0.999600458828,1.00356751601,constructed_exact_power_root,0.340139423392,0.333333333333,0.00680609005831,C_from_near_power_row_as_positive_control,positive_control_survivor
rank88_Q31_actual_near_miss,actual_near_miss,88,4,5,3,121,76,1401,2749884201,1401,31,prime_block_le_31,4,53599,10.8892856902,9,2.19722457734,2,13,0,,1.4471195665,2.19722457734,1.00206201919,1.00206201919,1.00206201919,none_visible,0.50100637438,0.333333333333,0.167673041046,existing_near_power_csv,local_obstruction_before_drift
rank88_Q31_random_root_sets,random_root_sets,88,4,5,3,121,76,1401,2749884201,1401,31,prime_block_le_31,4,53599,10.8892856902,9,2.19722457734,2,13,0,,1.4471195665,2.19722457734,1.00206201919,1.00206201919,1.00206201919,none_visible,0.50100637438,0.333333333333,0.167673041046,deterministic_seeded_random_sets_same_cardinality,local_obstruction_before_drift
rank88_Q31_exact_power_anchor,exact_power_anchor,88,4,5,3,121,76,1401,2749884201,1401,31,prime_block_le_31,4,53599,10.8892856902,81,4.39444915467,0,0,3,212 1390 1401,-0.750105010841,3.295836866,1.02141327623,0.979459116504,1.0743913078,constructed_exact_power_root,0.50100637438,0.333333333333,0.167673041046,C_from_near_power_row_as_positive_control,positive_control_survivor
rank89_Q31_actual_near_miss,actual_near_miss,89,7,7,4,121,246,15307,54898481099454001,15307,31,prime_block_le_31,10,100280245065,25.331234554,64,4.15888308336,5,5,0,,11.5362859516,4.15888308336,1.00036952048,0.99978767884,1.00077578885,none_visible,0.657198586494,0.25,0.407198586494,existing_near_power_csv,local_obstruction_before_drift
rank89_Q31_random_root_sets,random_root_sets,89,7,7,4,121,246,15307,54898481099454001,15307,31,prime_block_le_31,10,100280245065,25.331234554,64,4.15888308336,5,5,0,,11.5362859516,4.15888308336,1.00007757889,0.999608022473,1.00045730711,none_visible,0.657198586494,0.25,0.407198586494,deterministic_seeded_random_sets_same_cardinality,local_obstruction_before_drift
rank89_Q31_exact_power_anchor,exact_power_anchor,89,7,7,4,121,246,15307,54898481099454001,15307,31,prime_block_le_31,10,100280245065,25.331234554,16384,9.70406052784,0,0,1,15307,5.99110850711,9.70406052784,1.00161327788,0.99968151826,1.00635330241,constructed_exact_power_root,0.657198586494,0.25,0.407198586494,C_from_near_power_row_as_positive_control,positive_control_survivor
rank90_Q31_actual_near_miss,actual_near_miss,90,7,7,3,158,193,231663,12432830941751247,231663,31,prime_block_le_31,4,53599,10.8892856902,9,2.19722457734,1,31,0,,-3.66097789558,2.19722457734,1.00003381348,0.999968344823,1.00009928215,none_visible,0.293835540732,0.333333333333,-0.0394977926012,existing_near_power_csv,local_obstruction_before_drift
rank90_Q31_random_root_sets,random_root_sets,90,7,7,3,158,193,231663,12432830941751247,231663,31,prime_block_le_31,4,53599,10.8892856902,9,2.19722457734,1,31,0,,-3.66097789558,2.19722457734,1.00009928215,1.00009928215,1.00009928215,none_visible,0.293835540732,0.333333333333,-0.0394977926012,deterministic_seeded_random_sets_same_cardinality,local_obstruction_before_drift
rank90_Q31_exact_power_anchor,exact_power_anchor,90,7,7,3,158,193,231663,12432830941751247,231663,31,prime_block_le_31,4,53599,10.8892856902,27,3.295836866,0,0,117,2635 3069 4247 5487 7192 9610 13144 16771 17267 19561 20894 21979,-4.75959018425,-1.46633706879,1.00030951729,0.999980815044,1.00089210045,constructed_exact_power_root,0.293835540732,0.333333333333,-0.0394977926012,C_from_near_power_row_as_positive_control,positive_control_survivor
rank91_Q31_actual_near_miss,actual_near_miss,91,6,7,3,214,151,123551,1885987433053151,123551,31,prime_block_le_31,4,53599,10.8892856902,1,0,3,7,0,,-0.835123615105,0,,,,none_visible,0.309590172282,0.333333333333,-0.0237431610515,existing_near_power_csv,local_obstruction_before_drift
rank91_Q31_random_root_sets,random_root_sets,91,6,7,3,214,151,123551,1885987433053151,123551,31,prime_block_le_31,4,53599,10.8892856902,1,0,3,7,0,,-0.835123615105,0,,,,none_visible,0.309590172282,0.333333333333,-0.0237431610515,deterministic_seeded_random_sets_same_cardinality,local_obstruction_before_drift
rank91_Q31_exact_power_anchor,exact_power_anchor,91,6,7,3,214,151,123551,1885987433053151,123551,31,prime_block_le_31,4,53599,10.8892856902,81,4.39444915467,0,0,188,452 946 2157 3221 3397 4554 4573 4575 5069 5639 6185 7344,-5.22957276978,-0.841992808158,1.00007794052,1.00003147598,1.00013669569,constructed_exact_power_root,0.309590172282,0.333333333333,-0.0237431610515,C_from_near_power_row_as_positive_control,positive_control_survivor
rank92_Q31_actual_near_miss,actual_near_miss,92,6,5,3,63,230,8905,706157817625,8905,31,prime_block_le_31,4,53599,10.8892856902,3,1.09861228867,3,13,0,,0.696305205777,1.09861228867,,,,none_visible,0.39912194213,0.333333333333,0.0657886087967,existing_near_power_csv,local_obstruction_before_drift
rank92_Q31_random_root_sets,random_root_sets,92,6,5,3,63,230,8905,706157817625,8905,31,prime_block_le_31,4,53599,10.8892856902,3,1.09861228867,3,13,0,,0.696305205777,1.09861228867,,,,none_visible,0.39912194213,0.333333333333,0.0657886087967,deterministic_seeded_random_sets_same_cardinality,local_obstruction_before_drift
rank92_Q31_exact_power_anchor,exact_power_anchor,92,6,5,3,63,230,8905,706157817625,8905,31,prime_block_le_31,4,53599,10.8892856902,27,3.295836866,0,0,5,1248 2613 2860 3796 8905,-1.50091937156,1.68639895357,1.00291138977,0.999488427226,1.00778588808,constructed_exact_power_root,0.39912194213,0.333333333333,0.0657886087967,C_from_near_power_row_as_positive_control,positive_control_survivor
rank93_Q31_actual_near_miss,actual_near_miss,93,7,7,3,67,129,84368,600528000684032,84368,31,prime_block_le_31,4,53599,10.8892856902,1,0,3,13,0,,-0.453657771602,0,,,,none_visible,0.320001762237,0.333333333333,-0.0133315710962,existing_near_power_csv,local_obstruction_before_drift
rank93_Q31_random_root_sets,random_root_sets,93,7,7,3,67,129,84368,600528000684032,84368,31,prime_block_le_31,4,53599,10.8892856902,1,0,3,13,0,,-0.453657771602,0,,,,none_visible,0.320001762237,0.333333333333,-0.0133315710962,deterministic_seeded_random_sets_same_cardinality,local_obstruction_before_drift
rank93_Q31_exact_power_anchor,exact_power_anchor,93,7,7,3,67,129,84368,600528000684032,84368,31,prime_block_le_31,4,53599,10.8892856902,81,4.39444915467,0,0,127,141 2906 3495 3742 4363 4610 5727 6316 6563 6966 8201 8796,-4.84810692627,-0.449737931786,0.999981562256,0.999880154666,1.00010930948,constructed_exact_power_root,0.320001762237,0.333333333333,-0.0133315710962,C_from_near_power_row_as_positive_control,positive_control_survivor
rank94_Q31_actual_near_miss,actual_near_miss,94,6,7,3,228,239,354855,44684076513576375,354855,31,prime_block_le_31,4,53599,10.8892856902,3,1.09861228867,3,7,0,,-2.98879113281,1.09861228867,,,,none_visible,0.284030828285,0.333333333333,-0.0493025050481,existing_near_power_csv,local_obstruction_before_drift
rank94_Q31_random_root_sets,random_root_sets,94,6,7,3,228,239,354855,44684076513576375,354855,31,prime_block_le_31,4,53599,10.8892856902,3,1.09861228867,3,7,0,,-2.98879113281,1.09861228867,,,,none_visible,0.284030828285,0.333333333333,-0.0493025050481,deterministic_seeded_random_sets_same_cardinality,local_obstruction_before_drift
rank94_Q31_exact_power_anchor,exact_power_anchor,94,6,7,3,228,239,354855,44684076513576375,354855,31,prime_block_le_31,4,53599,10.8892856902,81,4.39444915467,0,0,539,463 1996 2230 2585 2633 3222 5065 5198 5454 6043 7018 7421,-6.28462799882,-1.89526641624,1.00000782792,0.999957102979,1.00008203664,constructed_exact_power_root,0.284030828285,0.333333333333,-0.0493025050481,C_from_near_power_row_as_positive_control,positive_control_survivor
rank95_Q31_actual_near_miss,actual_near_miss,95,7,7,3,92,177,176501,5498465582279501,176501,31,prime_block_le_31,4,53599,10.8892856902,3,1.09861228867,3,7,0,,-2.29040841956,1.09861228867,,,,none_visible,0.300450071482,0.333333333333,-0.0328832618509,existing_near_power_csv,local_obstruction_before_drift
rank95_Q31_random_root_sets,random_root_sets,95,7,7,3,92,177,176501,5498465582279501,176501,31,prime_block_le_31,4,53599,10.8892856902,3,1.09861228867,3,7,0,,-2.29040841956,1.09861228867,,,,none_visible,0.300450071482,0.333333333333,-0.0328832618509,deterministic_seeded_random_sets_same_cardinality,local_obstruction_before_drift
rank95_Q31_exact_power_anchor,exact_power_anchor,95,7,7,3,92,177,176501,5498465582279501,176501,31,prime_block_le_31,4,53599,10.8892856902,27,3.295836866,0,0,88,390 3302 3965 5577 6929 14586 15704 18122 18616 20891 23309 23855,-4.4876329969,-1.18149994847,1.00015150475,0.999644320555,1.00058923179,constructed_exact_power_root,0.300450071482,0.333333333333,-0.0328832618509,C_from_near_power_row_as_positive_control,positive_control_survivor
rank96_Q31_actual_near_miss,actual_near_miss,96,5,5,3,145,239,9450,843908625000,9450,31,prime_block_le_31,4,53599,10.8892856902,1,0,4,7,0,,1.73551566968,0,,,,none_visible,0.396531908558,0.333333333333,0.0631985752244,existing_near_power_csv,local_obstruction_before_drift
rank96_Q31_random_root_sets,random_root_sets,96,5,5,3,145,239,9450,843908625000,9450,31,prime_block_le_31,4,53599,10.8892856902,1,0,4,7,0,,1.73551566968,0,,,,none_visible,0.396531908558,0.333333333333,0.0631985752244,deterministic_seeded_random_sets_same_cardinality,local_obstruction_before_drift
rank96_Q31_exact_power_anchor,exact_power_anchor,96,5,5,3,145,239,9450,843908625000,9450,31,prime_block_le_31,4,53599,10.8892856902,27,3.295836866,0,0,3,805 5327 9450,-1.56032119632,2.19722457734,1.00253184401,1.00148148148,1.00417401529,constructed_exact_power_root,0.396531908558,0.333333333333,0.0631985752244,C_from_near_power_row_as_positive_control,positive_control_survivor
rank97_Q31_actual_near_miss,actual_near_miss,97,6,7,3,207,100,56323,178672344970267,56323,31,prime_block_le_31,4,53599,10.8892856902,3,1.09861228867,3,7,0,,-1.14818485496,1.09861228867,,,,none_visible,0.331822737952,0.333333333333,-0.00151059538171,existing_near_power_csv,local_obstruction_before_drift
rank97_Q31_random_root_sets,random_root_sets,97,6,7,3,207,100,56323,178672344970267,56323,31,prime_block_le_31,4,53599,10.8892856902,3,1.09861228867,3,7,0,,-1.14818485496,1.09861228867,,,,none_visible,0.331822737952,0.333333333333,-0.00151059538171,deterministic_seeded_random_sets_same_cardinality,local_obstruction_before_drift
rank97_Q31_exact_power_anchor,exact_power_anchor,97,6,7,3,207,100,56323,178672344970267,56323,31,prime_block_le_31,4,53599,10.8892856902,81,4.39444915467,0,0,86,11 1360 1698 2101 2724 2832 3313 3868 4054 4181 4909 4922,-4.44402172096,-0.0598981415811,1.00062996434,0.999927008307,1.001599899,constructed_exact_power_root,0.331822737952,0.333333333333,-0.00151059538171,C_from_near_power_row_as_positive_control,positive_control_survivor
rank98_Q31_actual_near_miss,actual_near_miss,98,6,6,3,95,239,57196,187109988665536,57196,31,prime_block_le_31,4,53599,10.8892856902,3,1.09861228867,2,7,0,,-1.16356584335,1.09861228867,1.00044874933,1.00044874933,1.00044874933,none_visible,0.331356821372,0.333333333333,-0.00197651196133,existing_near_power_csv,local_obstruction_before_drift
rank98_Q31_random_root_sets,random_root_sets,98,6,6,3,95,239,57196,187109988665536,57196,31,prime_block_le_31,4,53599,10.8892856902,3,1.09861228867,2,7,0,,-1.16356584335,1.09861228867,1.00188824393,1.00188824393,1.00188824393,none_visible,0.331356821372,0.333333333333,-0.00197651196133,deterministic_seeded_random_sets_same_cardinality,local_obstruction_before_drift
rank98_Q31_exact_power_anchor,exact_power_anchor,98,6,6,3,95,239,57196,187109988665536,57196,31,prime_block_le_31,4,53599,10.8892856902,81,4.39444915467,0,0,89,118 614 997 1431 1524 2512 2609 3597 4241 5326 5554 6046,-4.45940270936,-0.0941872150597,1.00066114439,0.99986790063,1.00118695169,constructed_exact_power_root,0.331356821372,0.333333333333,-0.00197651196133,C_from_near_power_row_as_positive_control,positive_control_survivor
rank99_Q31_actual_near_miss,actual_near_miss,99,7,7,3,209,214,336118,37973035221035032,336118,31,prime_block_le_31,4,53599,10.8892856902,3,1.09861228867,3,7,0,,-2.93454416627,1.09861228867,,,,none_visible,0.285241637512,0.333333333333,-0.0480916958216,existing_near_power_csv,local_obstruction_before_drift
rank99_Q31_random_root_sets,random_root_sets,99,7,7,3,209,214,336118,37973035221035032,336118,31,prime_block_le_31,4,53599,10.8892856902,3,1.09861228867,3,7,0,,-2.93454416627,1.09861228867,,,,none_visible,0.285241637512,0.333333333333,-0.0480916958216,deterministic_seeded_random_sets_same_cardinality,local_obstruction_before_drift
rank99_Q31_exact_power_anchor,exact_power_anchor,99,7,7,3,209,214,336118,37973035221035032,336118,31,prime_block_le_31,4,53599,10.8892856902,81,4.39444915467,0,0,508,607 958 1361 2250 3428 3552 4325 4616 5794 6373 7437 7580,-6.23038103227,-1.83603229291,1.00002159735,0.999986777131,1.00006413092,constructed_exact_power_root,0.285241637512,0.333333333333,-0.0480916958216,C_from_near_power_row_as_positive_control,positive_control_survivor
rank100_Q31_actual_near_miss,actual_near_miss,100,5,7,3,197,114,63040,250523582464000,63040,31,prime_block_le_31,4,53599,10.8892856902,3,1.09861228867,3,7,0,,-1.26085132303,1.09861228867,,,,none_visible,0.328439920029,0.333333333333,-0.00489341330442,existing_near_power_csv,local_obstruction_before_drift
rank100_Q31_random_root_sets,random_root_sets,100,5,7,3,197,114,63040,250523582464000,63040,31,prime_block_le_31,4,53599,10.8892856902,3,1.09861228867,3,7,0,,-1.26085132303,1.09861228867,,,,none_visible,0.328439920029,0.333333333333,-0.00489341330442,deterministic_seeded_random_sets_same_cardinality,local_obstruction_before_drift
rank100_Q31_exact_power_anchor,exact_power_anchor,100,5,7,3,197,114,63040,250523582464000,63040,31,prime_block_le_31,4,53599,10.8892856902,81,4.39444915467,0,0,92,549 1784 2068 2999 3246 3303 4052 5318 6191 7426 9441 10531,-4.55668818904,-0.127339422377,1.00046883813,1.00020445572,1.00076847152,constructed_exact_power_root,0.328439920029,0.333333333333,-0.00489341330442,C_from_near_power_row_as_positive_control,positive_control_survivor
rank101_Q31_actual_near_miss,actual_near_miss,101,6,7,3,216,205,248345,15316737235663625,248345,31,prime_block_le_31,4,53599,10.8892856902,3,1.09861228867,3,7,0,,-2.63190078596,1.09861228867,,,,none_visible,0.29219080055,0.333333333333,-0.0411425327835,existing_near_power_csv,local_obstruction_before_drift
rank101_Q31_random_root_sets,random_root_sets,101,6,7,3,216,205,248345,15316737235663625,248345,31,prime_block_le_31,4,53599,10.8892856902,3,1.09861228867,3,7,0,,-2.63190078596,1.09861228867,,,,none_visible,0.29219080055,0.333333333333,-0.0411425327835,deterministic_seeded_random_sets_same_cardinality,local_obstruction_before_drift
rank101_Q31_exact_power_anchor,exact_power_anchor,101,6,7,3,216,205,248345,15316737235663625,248345,31,prime_block_le_31,4,53599,10.8892856902,81,4.39444915467,0,0,376,314 1991 2407 2670 3321 4763 5088 6207 6359 6375 7026 7230,-5.92773765196,-1.53513998872,1.00007799783,1.000057268,1.00010961454,constructed_exact_power_root,0.29219080055,0.333333333333,-0.0411425327835,C_from_near_power_row_as_positive_control,positive_control_survivor
rank102_Q31_actual_near_miss,actual_near_miss,102,7,7,3,138,197,231882,12468123993460968,231882,31,prime_block_le_31,4,53599,10.8892856902,9,2.19722457734,2,13,0,,-3.66192278774,2.19722457734,0.999976520625,0.999976520625,0.999976520625,none_visible,0.293813066776,0.333333333333,-0.0395202665577,existing_near_power_csv,local_obstruction_before_drift
rank102_Q31_random_root_sets,random_root_sets,102,7,7,3,138,197,231882,12468123993460968,231882,31,prime_block_le_31,4,53599,10.8892856902,9,2.19722457734,2,13,0,,-3.66192278774,2.19722457734,0.999872540535,0.999872540535,0.999872540535,none_visible,0.293813066776,0.333333333333,-0.0395202665577,deterministic_seeded_random_sets_same_cardinality,local_obstruction_before_drift
rank102_Q31_exact_power_anchor,exact_power_anchor,102,7,7,3,138,197,231882,12468123993460968,231882,31,prime_block_le_31,4,53599,10.8892856902,27,3.295836866,0,0,119,196 560 4018 4319 4683 8141 11480 15603 16688 17052 17486 20510,-4.7605350764,-1.48328662711,0.999945534239,0.999664580356,1.00010158423,constructed_exact_power_root,0.293813066776,0.333333333333,-0.0395202665577,C_from_near_power_row_as_positive_control,positive_control_survivor
rank103_Q31_actual_near_miss,actual_near_miss,103,7,7,3,86,173,167182,4672706995152568,167182,31,prime_block_le_31,4,53599,10.8892856902,1,0,3,13,0,,-1.13755262817,0,,,,none_visible,0.301805162807,0.333333333333,-0.031528170526,existing_near_power_csv,local_obstruction_before_drift
rank103_Q31_random_root_sets,random_root_sets,103,7,7,3,86,173,167182,4672706995152568,167182,31,prime_block_le_31,4,53599,10.8892856902,1,0,3,13,0,,-1.13755262817,0,,,,none_visible,0.301805162807,0.333333333333,-0.031528170526,deterministic_seeded_random_sets_same_cardinality,local_obstruction_before_drift
rank103_Q31_exact_power_anchor,exact_power_anchor,103,7,7,3,86,173,167182,4672706995152568,167182,31,prime_block_le_31,4,53599,10.8892856902,81,4.39444915467,0,0,256,305 1432 1835 2424 3161 3564 3788 4153 4552 4656 5245 5517,-5.53200178284,-1.15072828981,1.00008639952,1.00003123675,1.0001708052,constructed_exact_power_root,0.301805162807,0.333333333333,-0.031528170526,C_from_near_power_row_as_positive_control,positive_control_survivor
rank104_Q31_actual_near_miss,actual_near_miss,104,5,7,3,229,90,36458,48459454583912,36458,31,prime_block_le_31,4,53599,10.8892856902,1,0,4,7,0,,0.385369498076,0,,,,none_visible,0.345562724449,0.333333333333,0.0122293911156,existing_near_power_csv,local_obstruction_before_drift
rank104_Q31_random_root_sets,random_root_sets,104,5,7,3,229,90,36458,48459454583912,36458,31,prime_block_le_31,4,53599,10.8892856902,1,0,4,7,0,,0.385369498076,0,,,,none_visible,0.345562724449,0.333333333333,0.0122293911156,deterministic_seeded_random_sets_same_cardinality,local_obstruction_before_drift
rank104_Q31_exact_power_anchor,exact_power_anchor,104,5,7,3,229,90,36458,48459454583912,36458,31,prime_block_le_31,4,53599,10.8892856902,81,4.39444915467,0,0,55,746 1955 2437 3854 4071 4204 5280 5413 6427 7256 7597 9612,-4.0090796566,0.38711596944,0.999361010031,0.99805560127,1.00035047939,constructed_exact_power_root,0.345562724449,0.333333333333,0.0122293911156,C_from_near_power_row_as_positive_control,positive_control_survivor
rank105_Q31_actual_near_miss,actual_near_miss,105,7,6,3,28,61,4021,65013301261,4021,31,prime_block_le_31,4,53599,10.8892856902,27,3.295836866,1,19,0,,-0.705837082733,3.295836866,1.00026251071,0.998286772224,1.00223824919,none_visible,0.43735833871,0.333333333333,0.104025005377,existing_near_power_csv,local_obstruction_before_drift
rank105_Q31_random_root_sets,random_root_sets,105,7,6,3,28,61,4021,65013301261,4021,31,prime_block_le_31,4,53599,10.8892856902,27,3.295836866,1,19,0,,-0.705837082733,3.295836866,1.00277708696,1.00223824919,1.00331592473,none_visible,0.43735833871,0.333333333333,0.104025005377,deterministic_seeded_random_sets_same_cardinality,local_obstruction_before_drift
rank105_Q31_exact_power_anchor,exact_power_anchor,105,7,6,3,28,61,4021,65013301261,4021,31,prime_block_le_31,4,53599,10.8892856902,81,4.39444915467,0,0,7,426 797 829 1076 1728 3618 4021,-1.8044493714,2.44853900562,0.99981578196,0.992815496422,1.00331592473,constructed_exact_power_root,0.43735833871,0.333333333333,0.104025005377,C_from_near_power_row_as_positive_control,positive_control_survivor
rank106_Q31_actual_near_miss,actual_near_miss,106,7,7,3,195,224,339173,39017893441970717,339173,31,prime_block_le_31,4,53599,10.8892856902,3,1.09861228867,3,13,0,,-2.94359217917,1.09861228867,,,,none_visible,0.285038966223,0.333333333333,-0.0482943671105,existing_near_power_csv,local_obstruction_before_drift
rank106_Q31_random_root_sets,random_root_sets,106,7,7,3,195,224,339173,39017893441970717,339173,31,prime_block_le_31,4,53599,10.8892856902,3,1.09861228867,3,13,0,,-2.94359217917,1.09861228867,,,,none_visible,0.285038966223,0.333333333333,-0.0482943671105,deterministic_seeded_random_sets_same_cardinality,local_obstruction_before_drift
rank106_Q31_exact_power_anchor,exact_power_anchor,106,7,7,3,195,224,339173,39017893441970717,339173,31,prime_block_le_31,4,53599,10.8892856902,81,4.39444915467,0,0,516,289 484 1374 1600 1738 2172 2265 3350 3823 5196 5630 5723,-6.23942904518,-1.85165761081,1.00005186908,1.00003800093,1.00007534667,constructed_exact_power_root,0.285038966223,0.333333333333,-0.0482943671105,C_from_near_power_row_as_positive_control,positive_control_survivor
rank107_Q31_actual_near_miss,actual_near_miss,107,5,6,3,169,125,15811,3952555856731,15811,31,prime_block_le_31,4,53599,10.8892856902,9,2.19722457734,2,7,0,,-0.976400066478,2.19722457734,0.999810258681,0.999810258681,0.999810258681,none_visible,0.375422916781,0.333333333333,0.0420895834479,existing_near_power_csv,local_obstruction_before_drift
rank107_Q31_random_root_sets,random_root_sets,107,5,6,3,169,125,15811,3952555856731,15811,31,prime_block_le_31,4,53599,10.8892856902,9,2.19722457734,2,7,0,,-0.976400066478,2.19722457734,0.999810258681,0.999810258681,0.999810258681,none_visible,0.375422916781,0.333333333333,0.0420895834479,deterministic_seeded_random_sets_same_cardinality,local_obstruction_before_drift
rank107_Q31_exact_power_anchor,exact_power_anchor,107,5,6,3,169,125,15811,3952555856731,15811,31,prime_block_le_31,4,53599,10.8892856902,81,4.39444915467,0,0,29,1028 1420 3043 3225 3415 4031 4954 5151 5760 7166 7348 8154,-3.17362464381,1.02715332469,1.00272665303,1.00081518493,1.00581873379,constructed_exact_power_root,0.375422916781,0.333333333333,0.0420895834479,C_from_near_power_row_as_positive_control,positive_control_survivor
rank108_Q31_actual_near_miss,actual_near_miss,108,7,7,3,210,223,356832,45435088927162368,356832,31,prime_block_le_31,4,53599,10.8892856902,3,1.09861228867,3,13,0,,-2.99434696026,1.09861228867,,,,none_visible,0.283907400537,0.333333333333,-0.0494259327962,existing_near_power_csv,local_obstruction_before_drift
rank108_Q31_random_root_sets,random_root_sets,108,7,7,3,210,223,356832,45435088927162368,356832,31,prime_block_le_31,4,53599,10.8892856902,3,1.09861228867,3,13,0,,-2.99434696026,1.09861228867,,,,none_visible,0.283907400537,0.333333333333,-0.0494259327962,deterministic_seeded_random_sets_same_cardinality,local_obstruction_before_drift
rank108_Q31_exact_power_anchor,exact_power_anchor,108,7,7,3,210,223,356832,45435088927162368,356832,31,prime_block_le_31,4,53599,10.8892856902,27,3.295836866,0,0,181,1386 4207 4977 5845 6377 7798 10563 13384 14623 18809 19677 21630,-5.1915715376,-1.90266016526,1.00003632792,0.999919040644,1.00011116342,constructed_exact_power_root,0.283907400537,0.333333333333,-0.0494259327962,C_from_near_power_row_as_positive_control,positive_control_survivor
rank109_Q31_actual_near_miss,actual_near_miss,109,6,6,3,84,211,44580,88597239912000,44580,31,prime_block_le_31,4,53599,10.8892856902,9,2.19722457734,1,31,0,,-2.01297949411,2.19722457734,1.00153656348,1.00022431584,1.00284881113,none_visible,0.33907035293,0.333333333333,0.00573701959645,existing_near_power_csv,local_obstruction_before_drift
rank109_Q31_random_root_sets,random_root_sets,109,6,6,3,84,211,44580,88597239912000,44580,31,prime_block_le_31,4,53599,10.8892856902,9,2.19722457734,1,31,0,,-2.01297949411,2.19722457734,1.00119635113,0.999543891132,1.00284881113,none_visible,0.33907035293,0.333333333333,0.00573701959645,deterministic_seeded_random_sets_same_cardinality,local_obstruction_before_drift
rank109_Q31_exact_power_anchor,exact_power_anchor,109,6,6,3,84,211,44580,88597239912000,44580,31,prime_block_le_31,4,53599,10.8892856902,81,4.39444915467,0,0,70,289 484 1374 1600 1738 2172 2265 3350 3823 5196 5630 5723,-4.21020407144,0.145953912623,0.999827193726,0.99825532127,1.00100194407,constructed_exact_power_root,0.33907035293,0.333333333333,0.00573701959645,C_from_near_power_row_as_positive_control,positive_control_survivor
rank110_Q31_actual_near_miss,actual_near_miss,110,6,7,3,73,71,20989,9246454621669,20989,31,prime_block_le_31,4,53599,10.8892856902,1,0,4,7,0,,0.937531920223,0,,,,none_visible,0.3647359029,0.333333333333,0.031402569567,existing_near_power_csv,local_obstruction_before_drift
rank110_Q31_random_root_sets,random_root_sets,110,6,7,3,73,71,20989,9246454621669,20989,31,prime_block_le_31,4,53599,10.8892856902,1,0,4,7,0,,0.937531920223,0,,,,none_visible,0.3647359029,0.333333333333,0.031402569567,deterministic_seeded_random_sets_same_cardinality,local_obstruction_before_drift
rank110_Q31_exact_power_anchor,exact_power_anchor,110,6,7,3,73,71,20989,9246454621669,20989,31,prime_block_le_31,4,53599,10.8892856902,81,4.39444915467,0,0,30,661 1321 1476 2637 3699 5311 5675 5900 5962 6095 6264 9133,-3.45691723445,0.99325177301,1.00353624385,1.00007940667,1.01024346086,constructed_exact_power_root,0.3647359029,0.333333333333,0.031402569567,C_from_near_power_row_as_positive_control,positive_control_survivor
rank111_Q31_actual_near_miss,actual_near_miss,111,6,6,3,127,212,45626,94981098574376,45626,31,prime_block_le_31,4,53599,10.8892856902,3,1.09861228867,3,7,0,,-0.937559606952,1.09861228867,,,,none_visible,0.338337347247,0.333333333333,0.00500401391322,existing_near_power_csv,local_obstruction_before_drift
rank111_Q31_random_root_sets,random_root_sets,111,6,6,3,127,212,45626,94981098574376,45626,31,prime_block_le_31,4,53599,10.8892856902,3,1.09861228867,3,7,0,,-0.937559606952,1.09861228867,,,,none_visible,0.338337347247,0.333333333333,0.00500401391322,deterministic_seeded_random_sets_same_cardinality,local_obstruction_before_drift
rank111_Q31_exact_power_anchor,exact_power_anchor,111,6,6,3,127,212,45626,94981098574376,45626,31,prime_block_le_31,4,53599,10.8892856902,27,3.295836866,0,0,25,315 3136 4837 6566 7658 8960 9387 10689 11781 12684 13510 15505,-3.13478418429,0.0769610411361,1.00068674294,1.00030927785,1.00118840622,constructed_exact_power_root,0.338337347247,0.333333333333,0.00500401391322,C_from_near_power_row_as_positive_control,positive_control_survivor
rank112_Q31_actual_near_miss,actual_near_miss,112,6,7,3,233,243,368873,50191549511754617,368873,31,prime_block_le_31,4,53599,10.8892856902,9,2.19722457734,2,13,0,,-4.12614657751,2.19722457734,0.999946684451,0.999946684451,0.999946684451,none_visible,0.283172342375,0.333333333333,-0.0501609909583,existing_near_power_csv,local_obstruction_before_drift
rank112_Q31_random_root_sets,random_root_sets,112,6,7,3,233,243,368873,50191549511754617,368873,31,prime_block_le_31,4,53599,10.8892856902,9,2.19722457734,2,13,0,,-4.12614657751,2.19722457734,1.00010693232,1.00010693232,1.00010693232,none_visible,0.283172342375,0.333333333333,-0.0501609909583,deterministic_seeded_random_sets_same_cardinality,local_obstruction_before_drift
rank112_Q31_exact_power_anchor,exact_power_anchor,112,6,7,3,233,243,368873,50191549511754617,368873,31,prime_block_le_31,4,53599,10.8892856902,81,4.39444915467,0,0,561,410 596 1464 1740 3089 3231 4453 4561 5042 5910 6638 8656,-6.32337115484,-1.93527175085,1.00010040593,1.00000150609,1.00027862646,constructed_exact_power_root,0.283172342375,0.333333333333,-0.0501609909583,C_from_near_power_row_as_positive_control,positive_control_survivor
rank113_Q31_actual_near_miss,actual_near_miss,113,7,7,3,81,131,88149,684939432371949,88149,31,prime_block_le_31,4,53599,10.8892856902,3,1.09861228867,3,7,0,,-1.59611044196,1.09861228867,,,,none_visible,0.318769719933,0.333333333333,-0.0145636133999,existing_near_power_csv,local_obstruction_before_drift
rank113_Q31_random_root_sets,random_root_sets,113,7,7,3,81,131,88149,684939432371949,88149,31,prime_block_le_31,4,53599,10.8892856902,3,1.09861228867,3,7,0,,-1.59611044196,1.09861228867,,,,none_visible,0.318769719933,0.333333333333,-0.0145636133999,deterministic_seeded_random_sets_same_cardinality,local_obstruction_before_drift
rank113_Q31_exact_power_anchor,exact_power_anchor,113,7,7,3,81,131,88149,684939432371949,88149,31,prime_block_le_31,4,53599,10.8892856902,81,4.39444915467,0,0,132,607 958 1361 2250 3428 3552 4325 4616 5794 6373 7437 7580,-4.89194730797,-0.488352767914,1.00012983068,0.999996218524,1.00034033285,constructed_exact_power_root,0.318769719933,0.333333333333,-0.0145636133999,C_from_near_power_row_as_positive_control,positive_control_survivor
rank114_Q31_actual_near_miss,actual_near_miss,114,7,7,3,137,237,350081,42904774389581441,350081,31,prime_block_le_31,4,53599,10.8892856902,1,0,4,7,0,,-1.87663414509,0,,,,none_visible,0.284332186287,0.333333333333,-0.0490011470465,existing_near_power_csv,local_obstruction_before_drift
rank114_Q31_random_root_sets,random_root_sets,114,7,7,3,137,237,350081,42904774389581441,350081,31,prime_block_le_31,4,53599,10.8892856902,1,0,4,7,0,,-1.87663414509,0,,,,none_visible,0.284332186287,0.333333333333,-0.0490011470465,deterministic_seeded_random_sets_same_cardinality,local_obstruction_before_drift
rank114_Q31_exact_power_anchor,exact_power_anchor,114,7,7,3,137,237,350081,42904774389581441,350081,31,prime_block_le_31,4,53599,10.8892856902,81,4.39444915467,0,0,531,1486 2571 2664 2935 3236 3462 4547 5685 6694 6770 7058 7492,-6.27108329977,-1.88031286657,0.999889866758,0.99957279728,1.00007934672,constructed_exact_power_root,0.284332186287,0.333333333333,-0.0490011470465,C_from_near_power_row_as_positive_control,positive_control_survivor
rank115_Q31_actual_near_miss,actual_near_miss,115,7,7,3,103,231,327794,35221106836282184,327794,31,prime_block_le_31,4,53599,10.8892856902,3,1.09861228867,3,7,0,,-2.90946723978,1.09861228867,,,,none_visible,0.285804858328,0.333333333333,-0.0475284750057,existing_near_power_csv,local_obstruction_before_drift
rank115_Q31_random_root_sets,random_root_sets,115,7,7,3,103,231,327794,35221106836282184,327794,31,prime_block_le_31,4,53599,10.8892856902,3,1.09861228867,3,7,0,,-2.90946723978,1.09861228867,,,,none_visible,0.285804858328,0.333333333333,-0.0475284750057,deterministic_seeded_random_sets_same_cardinality,local_obstruction_before_drift
rank115_Q31_exact_power_anchor,exact_power_anchor,115,7,7,3,103,231,327794,35221106836282184,327794,31,prime_block_le_31,4,53599,10.8892856902,27,3.295836866,0,0,169,465 992 2077 4588 5022 5704 6200 9827 13361 16306 17391 17484,-5.10669181712,-1.83406184892,0.999951075868,0.999653237501,1.0001749066,constructed_exact_power_root,0.285804858328,0.333333333333,-0.0475284750057,C_from_near_power_row_as_positive_control,positive_control_survivor
rank116_Q31_actual_near_miss,actual_near_miss,116,7,7,3,86,227,314453,31093329363837677,314453,31,prime_block_le_31,4,53599,10.8892856902,9,2.19722457734,2,7,0,,-3.96652878756,2.19722457734,0.999925443725,0.999925443725,0.999925443725,none_visible,0.286742988381,0.333333333333,-0.0465903449528,existing_near_power_csv,local_obstruction_before_drift
rank116_Q31_random_root_sets,random_root_sets,116,7,7,3,86,227,314453,31093329363837677,314453,31,prime_block_le_31,4,53599,10.8892856902,9,2.19722457734,2,7,0,,-3.96652878756,2.19722457734,0.999783044772,0.999783044772,0.999783044772,none_visible,0.286742988381,0.333333333333,-0.0465903449528,deterministic_seeded_random_sets_same_cardinality,local_obstruction_before_drift
rank116_Q31_exact_power_anchor,exact_power_anchor,116,7,7,3,86,227,314453,31093329363837677,314453,31,prime_block_le_31,4,53599,10.8892856902,81,4.39444915467,0,0,477,516 2453 2484 3461 3727 4980 6158 6607 7367 9103 9369 9400,-6.1637533649,-1.77306733622,0.999994582008,0.999815906069,1.00019186757,constructed_exact_power_root,0.286742988381,0.333333333333,-0.0465903449528,C_from_near_power_row_as_positive_control,positive_control_survivor
rank117_Q31_actual_near_miss,actual_near_miss,117,7,7,4,74,177,8594,5454832223930896,8594,31,prime_block_le_31,10,100280245065,25.331234554,32,3.4657359028,6,3,0,,12.8066790869,3.4657359028,0.999520013963,0.995578310449,1.00461077496,none_visible,0.699076584265,0.25,0.449076584265,existing_near_power_csv,local_obstruction_before_drift
rank117_Q31_random_root_sets,random_root_sets,117,7,7,4,74,177,8594,5454832223930896,8594,31,prime_block_le_31,10,100280245065,25.331234554,32,3.4657359028,6,3,0,,12.8066790869,3.4657359028,0.99876367233,0.995578310449,1.00045089597,none_visible,0.699076584265,0.25,0.449076584265,deterministic_seeded_random_sets_same_cardinality,local_obstruction_before_drift
rank117_Q31_exact_power_anchor,exact_power_anchor,117,7,7,4,74,177,8594,5454832223930896,8594,31,prime_block_le_31,10,100280245065,25.331234554,16384,9.70406052784,0,0,1,8594,6.56835446187,9.70406052784,1.00471016601,0.999258203398,1.01992669304,constructed_exact_power_root,0.699076584265,0.25,0.449076584265,C_from_near_power_row_as_positive_control,positive_control_survivor
rank118_Q31_actual_near_miss,actual_near_miss,118,6,7,3,171,179,180830,5913048577787000,180830,31,prime_block_le_31,4,53599,10.8892856902,3,1.09861228867,3,7,0,,-2.31463924088,1.09861228867,,,,none_visible,0.29984867008,0.333333333333,-0.0334846632531,existing_near_power_csv,local_obstruction_before_drift
rank118_Q31_random_root_sets,random_root_sets,118,6,7,3,171,179,180830,5913048577787000,180830,31,prime_block_le_31,4,53599,10.8892856902,3,1.09861228867,3,7,0,,-2.31463924088,1.09861228867,,,,none_visible,0.29984867008,0.333333333333,-0.0334846632531,deterministic_seeded_random_sets_same_cardinality,local_obstruction_before_drift
rank118_Q31_exact_power_anchor,exact_power_anchor,118,6,7,3,171,179,180830,5913048577787000,180830,31,prime_block_le_31,4,53599,10.8892856902,27,3.295836866,0,0,93,286 1027 1508 5122 7943 9568 12389 13117 13520 16341 17225 20033,-4.51186381821,-1.23676262715,1.00024352727,1.0000958543,1.00032320104,constructed_exact_power_root,0.29984867008,0.333333333333,-0.0334846632531,C_from_near_power_row_as_positive_control,positive_control_survivor
rank119_Q31_actual_near_miss,actual_near_miss,119,6,7,3,216,191,210857,9374844432292793,210857,31,prime_block_le_31,4,53599,10.8892856902,3,1.09861228867,3,7,0,,-2.46826205608,1.09861228867,,,,none_visible,0.296091117315,0.333333333333,-0.0372422160187,existing_near_power_csv,local_obstruction_before_drift
rank119_Q31_random_root_sets,random_root_sets,119,6,7,3,216,191,210857,9374844432292793,210857,31,prime_block_le_31,4,53599,10.8892856902,3,1.09861228867,3,7,0,,-2.46826205608,1.09861228867,,,,none_visible,0.296091117315,0.333333333333,-0.0372422160187,deterministic_seeded_random_sets_same_cardinality,local_obstruction_before_drift
rank119_Q31_exact_power_anchor,exact_power_anchor,119,6,7,3,216,191,210857,9374844432292793,210857,31,prime_block_le_31,4,53599,10.8892856902,81,4.39444915467,0,0,321,192 402 584 1921 4315 4346 4924 6044 6075 9047 10566 12003,-5.76409892208,-1.37699196846,0.999962586545,0.999863519932,1.00002371275,constructed_exact_power_root,0.296091117315,0.333333333333,-0.0372422160187,C_from_near_power_row_as_positive_control,positive_control_survivor
rank120_Q31_actual_near_miss,actual_near_miss,120,7,7,3,71,174,169130,4837956360497000,169130,31,prime_block_le_31,4,53599,10.8892856902,1,0,3,13,0,,-1.1491372388,0,,,,none_visible,0.30151473479,0.333333333333,-0.0318185985429,existing_near_power_csv,local_obstruction_before_drift
rank120_Q31_random_root_sets,random_root_sets,120,7,7,3,71,174,169130,4837956360497000,169130,31,prime_block_le_31,4,53599,10.8892856902,1,0,3,13,0,,-1.1491372388,0,,,,none_visible,0.30151473479,0.333333333333,-0.0318185985429,deterministic_seeded_random_sets_same_cardinality,local_obstruction_before_drift
rank120_Q31_exact_power_anchor,exact_power_anchor,120,7,7,3,71,174,169130,4837956360497000,169130,31,prime_block_le_31,4,53599,10.8892856902,27,3.295836866,0,0,87,780 5213 6201 6604 7930 8333 9425 11154 13858 15587 20527 28587,-4.4449741048,-1.17007125265,1.00029146985,1.00023059185,1.00038431975,constructed_exact_power_root,0.30151473479,0.333333333333,-0.0318185985429,C_from_near_power_row_as_positive_control,positive_control_survivor
rank121_Q31_actual_near_miss,actual_near_miss,121,6,6,3,59,178,31698,31848984040392,31698,31,prime_block_le_31,4,53599,10.8892856902,3,1.09861228867,2,7,0,,-0.573335464892,1.09861228867,1.00260794582,1.00260794582,1.00260794582,none_visible,0.3502275947,0.333333333333,0.0168942613664,existing_near_power_csv,local_obstruction_before_drift
rank121_Q31_random_root_sets,random_root_sets,121,6,6,3,59,178,31698,31848984040392,31698,31,prime_block_le_31,4,53599,10.8892856902,3,1.09861228867,2,7,0,,-0.573335464892,1.09861228867,1.00260794582,1.00260794582,1.00260794582,none_visible,0.3502275947,0.333333333333,0.0168942613664,deterministic_seeded_random_sets_same_cardinality,local_obstruction_before_drift
rank121_Q31_exact_power_anchor,exact_power_anchor,121,6,6,3,59,178,31698,31848984040392,31698,31,prime_block_le_31,4,53599,10.8892856902,81,4.39444915467,0,0,51,142 576 1206 1733 1752 1754 2248 2818 3676 5329 5763 5875,-3.8691723309,0.462623521948,0.999473036037,0.997213283698,1.00087632588,constructed_exact_power_root,0.3502275947,0.333333333333,0.0168942613664,C_from_near_power_row_as_positive_control,positive_control_survivor
rank122_Q31_actual_near_miss,actual_near_miss,122,5,7,3,199,105,52051,141022117888651,52051,31,prime_block_le_31,4,53599,10.8892856902,9,2.19722457734,2,7,0,,-2.16791817332,2.19722457734,0.997049901912,0.997049901912,0.997049901912,none_visible,0.334232856351,0.333333333333,0.000899523017549,existing_near_power_csv,local_obstruction_before_drift
rank122_Q31_random_root_sets,random_root_sets,122,5,7,3,199,105,52051,141022117888651,52051,31,prime_block_le_31,4,53599,10.8892856902,9,2.19722457734,2,7,0,,-2.16791817332,2.19722457734,0.99956452966,0.99956452966,0.99956452966,none_visible,0.334232856351,0.333333333333,0.000899523017549,deterministic_seeded_random_sets_same_cardinality,local_obstruction_before_drift
rank122_Q31_exact_power_anchor,exact_power_anchor,122,5,7,3,199,105,52051,141022117888651,52051,31,prime_block_le_31,4,53599,10.8892856902,81,4.39444915467,0,0,81,10 374 1343 1910 1986 2428 3832 4133 4497 4931 5444 6109,-4.36514275066,0,1.0010139628,0.999686205196,1.00333647128,constructed_exact_power_root,0.334232856351,0.333333333333,0.000899523017549,C_from_near_power_row_as_positive_control,positive_control_survivor
rank123_Q31_actual_near_miss,actual_near_miss,123,6,7,3,141,161,141145,2811878131623625,141145,31,prime_block_le_31,4,53599,10.8892856902,3,1.09861228867,3,13,0,,-2.06686960825,1.09861228867,,,,none_visible,0.306114166631,0.333333333333,-0.0272191667021,existing_near_power_csv,local_obstruction_before_drift
rank123_Q31_random_root_sets,random_root_sets,123,6,7,3,141,161,141145,2811878131623625,141145,31,prime_block_le_31,4,53599,10.8892856902,3,1.09861228867,3,13,0,,-2.06686960825,1.09861228867,,,,none_visible,0.306114166631,0.333333333333,-0.0272191667021,deterministic_seeded_random_sets_same_cardinality,local_obstruction_before_drift
rank123_Q31_exact_power_anchor,exact_power_anchor,123,6,7,3,141,161,141145,2811878131623625,141145,31,prime_block_le_31,4,53599,10.8892856902,81,4.39444915467,0,0,214,205 298 732 870 2521 2955 3319 4328 4404 5373 6777 7667,-5.36270647425,-0.971526860349,1.00046156894,0.999818153908,1.00152325623,constructed_exact_power_root,0.306114166631,0.333333333333,-0.0272191667021,C_from_near_power_row_as_positive_control,positive_control_survivor
rank124_Q31_actual_near_miss,actual_near_miss,124,7,6,4,64,157,2098,19374117772816,2098,31,prime_block_le_31,10,100280245065,25.331234554,4,1.38629436112,7,3,0,,16.296200404,1.38629436112,0.997616777884,0.997616777884,0.997616777884,none_visible,0.827954514501,0.25,0.577954514501,existing_near_power_csv,local_obstruction_before_drift
rank124_Q31_random_root_sets,random_root_sets,124,7,6,4,64,157,2098,19374117772816,2098,31,prime_block_le_31,10,100280245065,25.331234554,4,1.38629436112,7,3,0,,16.296200404,1.38629436112,0.997616777884,0.997616777884,0.997616777884,none_visible,0.827954514501,0.25,0.577954514501,deterministic_seeded_random_sets_same_cardinality,local_obstruction_before_drift
rank124_Q31_exact_power_anchor,exact_power_anchor,124,7,6,4,64,157,2098,19374117772816,2098,31,prime_block_le_31,10,100280245065,25.331234554,16384,9.70406052784,0,0,1,2098,7.97843423725,9.70406052784,1.01173736892,0.993505719733,1.07125834128,constructed_exact_power_root,0.827954514501,0.25,0.577954514501,C_from_near_power_row_as_positive_control,positive_control_survivor
rank125_Q31_actual_near_miss,actual_near_miss,125,6,6,4,128,157,2098,19374117772816,2098,31,prime_block_le_31,10,100280245065,25.331234554,4,1.38629436112,7,3,0,,16.296200404,1.38629436112,0.997616777884,0.997616777884,0.997616777884,none_visible,0.827954514501,0.25,0.577954514501,existing_near_power_csv,local_obstruction_before_drift
rank125_Q31_random_root_sets,random_root_sets,125,6,6,4,128,157,2098,19374117772816,2098,31,prime_block_le_31,10,100280245065,25.331234554,4,1.38629436112,7,3,0,,16.296200404,1.38629436112,0.997616777884,0.997616777884,0.997616777884,none_visible,0.827954514501,0.25,0.577954514501,deterministic_seeded_random_sets_same_cardinality,local_obstruction_before_drift
rank125_Q31_exact_power_anchor,exact_power_anchor,125,6,6,4,128,157,2098,19374117772816,2098,31,prime_block_le_31,10,100280245065,25.331234554,16384,9.70406052784,0,0,1,2098,7.97843423725,9.70406052784,1.01173736892,0.993505719733,1.07125834128,constructed_exact_power_root,0.827954514501,0.25,0.577954514501,C_from_near_power_row_as_positive_control,positive_control_survivor
rank126_Q31_actual_near_miss,actual_near_miss,126,7,7,3,217,246,425757,77176555446273093,425757,31,prime_block_le_31,4,53599,10.8892856902,81,4.39444915467,0,0,645,44 158 821 2514 3733 5345 5440 5595 6141 6203 6792 7207,-6.46678750447,-2.07480116212,1.00011378426,1.00002766315,1.00021138819,none_visible,0.28003912824,0.333333333333,-0.0532942050936,existing_near_power_csv,low_section_survivor_requires_anchor_audit
rank126_Q31_random_root_sets,random_root_sets,126,7,7,3,217,246,425757,77176555446273093,425757,31,prime_block_le_31,4,53599,10.8892856902,81,4.39444915467,0,0,642,520 954 1357 1581 1945 2379 3310 5270 6999 8463 9261 9641,-6.46678750447,-2.07013914902,0.999966073501,0.99990396191,1.0000378411,none_visible,0.28003912824,0.333333333333,-0.0532942050936,deterministic_seeded_random_sets_same_cardinality,low_section_survivor_requires_anchor_audit
rank126_Q31_exact_power_anchor,exact_power_anchor,126,7,7,3,217,246,425757,77176555446273093,425757,31,prime_block_le_31,4,53599,10.8892856902,81,4.39444915467,0,0,646,852 1441 1594 1658 1935 2049 2152 2855 3456 5211 7236 8042,-6.46678750447,-2.07635034911,0.999981905867,0.99990396191,1.0000378411,constructed_exact_power_root,0.28003912824,0.333333333333,-0.0532942050936,C_from_near_power_row_as_positive_control,positive_control_survivor
rank127_Q31_actual_near_miss,actual_near_miss,127,5,7,3,197,81,28510,23173501051000,28510,31,prime_block_le_31,4,53599,10.8892856902,3,1.09861228867,3,7,0,,-0.467336780406,1.09861228867,,,,none_visible,0.353846587433,0.333333333333,0.0205132540999,existing_near_power_csv,local_obstruction_before_drift
rank127_Q31_random_root_sets,random_root_sets,127,5,7,3,197,81,28510,23173501051000,28510,31,prime_block_le_31,4,53599,10.8892856902,3,1.09861228867,3,7,0,,-0.467336780406,1.09861228867,,,,none_visible,0.353846587433,0.333333333333,0.0205132540999,deterministic_seeded_random_sets_same_cardinality,local_obstruction_before_drift
rank127_Q31_exact_power_anchor,exact_power_anchor,127,5,7,3,197,81,28510,23173501051000,28510,31,prime_block_le_31,4,53599,10.8892856902,81,4.39444915467,0,0,45,300 1951 2005 2523 2616 3701 4423 5981 6074 6646 7159 7328,-3.76317364641,0.587786664902,1.00178494875,0.999762266651,1.00542499708,constructed_exact_power_root,0.353846587433,0.333333333333,0.0205132540999,C_from_near_power_row_as_positive_control,positive_control_survivor
rank128_Q31_actual_near_miss,actual_near_miss,128,6,6,3,127,244,59928,215223332746752,59928,31,prime_block_le_31,4,53599,10.8892856902,3,1.09861228867,3,7,0,,-1.21022571913,1.09861228867,,,,none_visible,0.329951384602,0.333333333333,-0.0033819487309,existing_near_power_csv,local_obstruction_before_drift
rank128_Q31_random_root_sets,random_root_sets,128,6,6,3,127,244,59928,215223332746752,59928,31,prime_block_le_31,4,53599,10.8892856902,3,1.09861228867,3,7,0,,-1.21022571913,1.09861228867,,,,none_visible,0.329951384602,0.333333333333,-0.0033819487309,deterministic_seeded_random_sets_same_cardinality,local_obstruction_before_drift
rank128_Q31_exact_power_anchor,exact_power_anchor,128,6,6,3,127,244,59928,215223332746752,59928,31,prime_block_le_31,4,53599,10.8892856902,81,4.39444915467,0,0,93,242 687 800 869 1086 1675 2598 2815 3404 3973 5182 6329,-4.50606258513,-0.138150338481,0.999957356235,0.999226849998,1.00063594832,constructed_exact_power_root,0.329951384602,0.333333333333,-0.0033819487309,C_from_near_power_row_as_positive_control,positive_control_survivor
rank129_Q31_actual_near_miss,actual_near_miss,129,6,7,3,167,198,228638,11952128053790072,228638,31,prime_block_le_31,4,53599,10.8892856902,1,0,3,7,0,,-1.45060955558,0,,,,none_visible,0.294148517831,0.333333333333,-0.0391848155027,existing_near_power_csv,local_obstruction_before_drift
rank129_Q31_random_root_sets,random_root_sets,129,6,7,3,167,198,228638,11952128053790072,228638,31,prime_block_le_31,4,53599,10.8892856902,1,0,3,7,0,,-1.45060955558,0,,,,none_visible,0.294148517831,0.333333333333,-0.0391848155027,deterministic_seeded_random_sets_same_cardinality,local_obstruction_before_drift
rank129_Q31_exact_power_anchor,exact_power_anchor,129,6,7,3,167,198,228638,11952128053790072,228638,31,prime_block_le_31,4,53599,10.8892856902,81,4.39444915467,0,0,349,995 1255 1584 2452 3921 4818 5688 6091 6182 6680 6771 6885,-5.84505871025,-1.46062276753,1.0001660396,0.999975701521,1.00039509326,constructed_exact_power_root,0.294148517831,0.333333333333,-0.0391848155027,C_from_near_power_row_as_positive_control,positive_control_survivor
rank130_Q31_actual_near_miss,actual_near_miss,130,7,7,3,103,238,351364,43378226058516544,351364,31,prime_block_le_31,4,53599,10.8892856902,1,0,3,7,0,,-1.88029231197,0,,,,none_visible,0.284250732179,0.333333333333,-0.0490826011544,existing_near_power_csv,local_obstruction_before_drift
rank130_Q31_random_root_sets,random_root_sets,130,7,7,3,103,238,351364,43378226058516544,351364,31,prime_block_le_31,4,53599,10.8892856902,1,0,3,7,0,,-1.88029231197,0,,,,none_visible,0.284250732179,0.333333333333,-0.0490826011544,deterministic_seeded_random_sets_same_cardinality,local_obstruction_before_drift
rank130_Q31_exact_power_anchor,exact_power_anchor,130,7,7,3,103,238,351364,43378226058516544,351364,31,prime_block_le_31,4,53599,10.8892856902,27,3.295836866,0,0,177,1118 1924 4576 5382 7605 9581 10790 13039 14248 16432 19890 24128,-5.17612917797,-1.88031286657,0.999978074863,0.999864338217,1.00004933156,constructed_exact_power_root,0.284250732179,0.333333333333,-0.0490826011544,C_from_near_power_row_as_positive_control,positive_control_survivor
rank131_Q31_actual_near_miss,actual_near_miss,131,6,7,3,227,192,213672,9755349769640448,213672,31,prime_block_le_31,4,53599,10.8892856902,3,1.09861228867,3,7,0,,-2.48152400642,1.09861228867,,,,none_visible,0.295771146444,0.333333333333,-0.0375621868898,existing_near_power_csv,local_obstruction_before_drift
rank131_Q31_random_root_sets,random_root_sets,131,6,7,3,227,192,213672,9755349769640448,213672,31,prime_block_le_31,4,53599,10.8892856902,3,1.09861228867,3,7,0,,-2.48152400642,1.09861228867,,,,none_visible,0.295771146444,0.333333333333,-0.0375621868898,deterministic_seeded_random_sets_same_cardinality,local_obstruction_before_drift
rank131_Q31_exact_power_anchor,exact_power_anchor,131,6,7,3,227,192,213672,9755349769640448,213672,31,prime_block_le_31,4,53599,10.8892856902,81,4.39444915467,0,0,323,1213 1278 2391 2487 3228 3665 4918 5184 6731 7940 8129 8870,-5.77736087243,-1.38320316855,1.00013433535,1.00002860043,1.0003255249,constructed_exact_power_root,0.295771146444,0.333333333333,-0.0375621868898,C_from_near_power_row_as_positive_control,positive_control_survivor
rank132_Q31_actual_near_miss,actual_near_miss,132,5,6,4,172,149,1825,11093062890625,1825,31,prime_block_le_31,10,100280245065,25.331234554,2,0.69314718056,9,3,0,,17.1287521075,0.69314718056,,,,none_visible,0.843324796959,0.25,0.593324796959,existing_near_power_csv,local_obstruction_before_drift
rank132_Q31_random_root_sets,random_root_sets,132,5,6,4,172,149,1825,11093062890625,1825,31,prime_block_le_31,10,100280245065,25.331234554,2,0.69314718056,9,3,0,,17.1287521075,0.69314718056,,,,none_visible,0.843324796959,0.25,0.593324796959,deterministic_seeded_random_sets_same_cardinality,local_obstruction_before_drift
rank132_Q31_exact_power_anchor,exact_power_anchor,132,5,6,4,172,149,1825,11093062890625,1825,31,prime_block_le_31,10,100280245065,25.331234554,4096,8.31776616672,0,0,1,1825,9.5041331213,8.31776616672,1.00722222222,0.989246575342,1.04678082192,constructed_exact_power_root,0.843324796959,0.25,0.593324796959,C_from_near_power_row_as_positive_control,positive_control_survivor
rank133_Q31_actual_near_miss,actual_near_miss,133,6,7,3,233,225,308473,29352930847419817,308473,31,prime_block_le_31,4,53599,10.8892856902,3,1.09861228867,3,7,0,,-2.84871619674,1.09861228867,,,,none_visible,0.28717857524,0.333333333333,-0.0461547580935,existing_near_power_csv,local_obstruction_before_drift
rank133_Q31_random_root_sets,random_root_sets,133,6,7,3,233,225,308473,29352930847419817,308473,31,prime_block_le_31,4,53599,10.8892856902,3,1.09861228867,3,7,0,,-2.84871619674,1.09861228867,,,,none_visible,0.28717857524,0.333333333333,-0.0461547580935,deterministic_seeded_random_sets_same_cardinality,local_obstruction_before_drift
rank133_Q31_exact_power_anchor,exact_power_anchor,133,6,7,3,233,225,308473,29352930847419817,308473,31,prime_block_le_31,4,53599,10.8892856902,81,4.39444915467,0,0,467,1262 1418 2193 2440 2564 2843 2900 4078 5385 5541 6098 7023,-6.14455306274,-1.751880103,0.999992916122,0.99989194084,1.00009725324,constructed_exact_power_root,0.28717857524,0.333333333333,-0.0461547580935,C_from_near_power_row_as_positive_control,positive_control_survivor
rank134_Q31_actual_near_miss,actual_near_miss,134,6,7,3,241,229,321469,33221351612604709,321469,31,prime_block_le_31,4,53599,10.8892856902,9,2.19722457734,2,13,0,,-3.98859528216,2.19722457734,0.999975114241,0.999975114241,0.999975114241,none_visible,0.286244006908,0.333333333333,-0.0470893264256,existing_near_power_csv,local_obstruction_before_drift
rank134_Q31_random_root_sets,random_root_sets,134,6,7,3,241,229,321469,33221351612604709,321469,31,prime_block_le_31,4,53599,10.8892856902,9,2.19722457734,2,13,0,,-3.98859528216,2.19722457734,1.00002108377,1.00002108377,1.00002108377,none_visible,0.286244006908,0.333333333333,-0.0470893264256,deterministic_seeded_random_sets_same_cardinality,local_obstruction_before_drift
rank134_Q31_exact_power_anchor,exact_power_anchor,134,6,7,3,241,229,321469,33221351612604709,321469,31,prime_block_le_31,4,53599,10.8892856902,81,4.39444915467,0,0,486,863 1215 2944 3343 4036 4439 5699 5765 6164 6168 6206 6567,-6.1858198595,-1.79175946923,0.99998502246,0.999961980091,1.00001140597,constructed_exact_power_root,0.286244006908,0.333333333333,-0.0470893264256,C_from_near_power_row_as_positive_control,positive_control_survivor
rank135_Q31_actual_near_miss,actual_near_miss,135,6,7,3,187,230,324250,34091016765625000,324250,31,prime_block_le_31,4,53599,10.8892856902,9,2.19722457734,1,19,0,,-3.99720898935,2.19722457734,0.999952026043,0.999947571318,0.999956480768,none_visible,0.286049699273,0.333333333333,-0.0472836340603,existing_near_power_csv,local_obstruction_before_drift
rank135_Q31_random_root_sets,random_root_sets,135,6,7,3,187,230,324250,34091016765625000,324250,31,prime_block_le_31,4,53599,10.8892856902,9,2.19722457734,1,19,0,,-3.99720898935,2.19722457734,1.00006784888,1.00004112053,1.00009457723,none_visible,0.286049699273,0.333333333333,-0.0472836340603,deterministic_seeded_random_sets_same_cardinality,local_obstruction_before_drift
rank135_Q31_exact_power_anchor,exact_power_anchor,135,6,7,3,187,230,324250,34091016765625000,324250,31,prime_block_le_31,4,53599,10.8892856902,81,4.39444915467,0,0,488,1858 2656 2974 3338 3639 3834 5561 7097 7173 7461 7895 9019,-6.19443356668,-1.79586625118,1.00024980725,1.00001884691,1.0006894543,constructed_exact_power_root,0.286049699273,0.333333333333,-0.0472836340603,C_from_near_power_row_as_positive_control,positive_control_survivor
rank136_Q31_actual_near_miss,actual_near_miss,136,5,6,3,207,164,27070,19836487243000,27070,31,prime_block_le_31,4,53599,10.8892856902,3,1.09861228867,3,7,0,,-0.415507981108,1.09861228867,,,,none_visible,0.355643483165,0.333333333333,0.0223101498315,existing_near_power_csv,local_obstruction_before_drift
rank136_Q31_random_root_sets,random_root_sets,136,5,6,3,207,164,27070,19836487243000,27070,31,prime_block_le_31,4,53599,10.8892856902,3,1.09861228867,3,7,0,,-0.415507981108,1.09861228867,,,,none_visible,0.355643483165,0.333333333333,0.0223101498315,deterministic_seeded_random_sets_same_cardinality,local_obstruction_before_drift
rank136_Q31_exact_power_anchor,exact_power_anchor,136,5,6,3,207,164,27070,19836487243000,27070,31,prime_block_le_31,4,53599,10.8892856902,81,4.39444915467,0,0,31,2066 2872 4068 4099 4391 5646 6406 8514 9552 10529 11288 12048,-3.71134484711,0.960461950187,0.999716783647,0.997611131634,1.00088659032,constructed_exact_power_root,0.355643483165,0.333333333333,0.0223101498315,C_from_near_power_row_as_positive_control,positive_control_survivor
rank137_Q31_actual_near_miss,actual_near_miss,137,6,7,3,222,125,84181,596543669701741,84181,31,prime_block_le_31,4,53599,10.8892856902,3,1.09861228867,2,13,0,,-1.55005112006,1.09861228867,1.00017818748,1.00017818748,1.00017818748,none_visible,0.320064374178,0.333333333333,-0.0132689591549,existing_near_power_csv,local_obstruction_before_drift
rank137_Q31_random_root_sets,random_root_sets,137,6,7,3,222,125,84181,596543669701741,84181,31,prime_block_le_31,4,53599,10.8892856902,3,1.09861228867,2,13,0,,-1.55005112006,1.09861228867,1.00017818748,1.00017818748,1.00017818748,none_visible,0.320064374178,0.333333333333,-0.0132689591549,deterministic_seeded_random_sets_same_cardinality,local_obstruction_before_drift
rank137_Q31_exact_power_anchor,exact_power_anchor,137,6,7,3,222,125,84181,596543669701741,84181,31,prime_block_le_31,4,53599,10.8892856902,81,4.39444915467,0,0,129,824 1578 1692 1721 2281 2775 4058 4542 4647 6011 6879 7117,-4.84588798606,-0.465363249689,1.00020326571,0.999894407421,1.0005464416,constructed_exact_power_root,0.320064374178,0.333333333333,-0.0132689591549,C_from_near_power_row_as_positive_control,positive_control_survivor
rank138_Q31_actual_near_miss,actual_near_miss,138,6,7,3,243,188,204134,8506404623478104,204134,31,prime_block_le_31,4,53599,10.8892856902,3,1.09861228867,2,19,0,,-2.43585851843,1.09861228867,0.999897126397,0.999897126397,0.999897126397,none_visible,0.29687583695,0.333333333333,-0.0364574963836,existing_near_power_csv,local_obstruction_before_drift
rank138_Q31_random_root_sets,random_root_sets,138,6,7,3,243,188,204134,8506404623478104,204134,31,prime_block_le_31,4,53599,10.8892856902,3,1.09861228867,2,19,0,,-2.43585851843,1.09861228867,1.0000457216,1.0000457216,1.0000457216,none_visible,0.29687583695,0.333333333333,-0.0364574963836,deterministic_seeded_random_sets_same_cardinality,local_obstruction_before_drift
rank138_Q31_exact_power_anchor,exact_power_anchor,138,6,7,3,243,188,204134,8506404623478104,204134,31,prime_block_le_31,4,53599,10.8892856902,27,3.295836866,0,0,104,2114 3843 4025 12488 12747 14476 18389 20118 20993 22722 23121 26635,-4.63308309577,-1.34855403314,1.00014714372,0.999989113904,1.00025800046,constructed_exact_power_root,0.29687583695,0.333333333333,-0.0364574963836,C_from_near_power_row_as_positive_control,positive_control_survivor
rank139_Q31_actual_near_miss,actual_near_miss,139,6,7,3,208,203,242650,14286994809625000,242650,31,prime_block_le_31,4,53599,10.8892856902,27,3.295836866,1,31,0,,-4.80592653067,3.295836866,0.999887125947,0.999830574444,0.99994367745,none_visible,0.292737480143,0.333333333333,-0.0405958531902,existing_near_power_csv,local_obstruction_before_drift
rank139_Q31_random_root_sets,random_root_sets,139,6,7,3,208,203,242650,14286994809625000,242650,31,prime_block_le_31,4,53599,10.8892856902,27,3.295836866,1,31,0,,-4.80592653067,3.295836866,1.00002106372,0.999985346979,1.00005678046,none_visible,0.292737480143,0.333333333333,-0.0405958531902,deterministic_seeded_random_sets_same_cardinality,local_obstruction_before_drift
rank139_Q31_exact_power_anchor,exact_power_anchor,139,6,7,3,208,203,242650,14286994809625000,242650,31,prime_block_le_31,4,53599,10.8892856902,81,4.39444915467,0,0,368,106 695 1565 1968 2059 2433 2762 2927 3165 3516 4789 4932,-5.90453881934,-1.5136337835,1.00005265929,1.00002701651,1.00007418092,constructed_exact_power_root,0.292737480143,0.333333333333,-0.0405958531902,C_from_near_power_row_as_positive_control,positive_control_survivor
rank140_Q31_actual_near_miss,actual_near_miss,140,7,7,3,121,160,145245,3064104500581125,145245,31,prime_block_le_31,4,53599,10.8892856902,9,2.19722457734,2,19,0,,-3.19411613788,2.19722457734,1.00000764991,1.00000764991,1.00000764991,none_visible,0.305376726273,0.333333333333,-0.0279566070604,existing_near_power_csv,local_obstruction_before_drift
rank140_Q31_random_root_sets,random_root_sets,140,7,7,3,121,160,145245,3064104500581125,145245,31,prime_block_le_31,4,53599,10.8892856902,9,2.19722457734,2,19,0,,-3.19411613788,2.19722457734,1.00000764991,1.00000764991,1.00000764991,none_visible,0.305376726273,0.333333333333,-0.0279566070604,deterministic_seeded_random_sets_same_cardinality,local_obstruction_before_drift
rank140_Q31_exact_power_anchor,exact_power_anchor,140,7,7,3,121,160,145245,3064104500581125,145245,31,prime_block_le_31,4,53599,10.8892856902,81,4.39444915467,0,0,219,289 484 1374 1600 1738 2172 2265 3350 3823 5196 5630 5723,-5.39134071522,-0.994622575144,0.999863321616,0.999385712264,1.0001269885,constructed_exact_power_root,0.305376726273,0.333333333333,-0.0279566070604,C_from_near_power_row_as_positive_control,positive_control_survivor
rank141_Q31_actual_near_miss,actual_near_miss,141,6,6,4,158,165,2445,35736782900625,2445,31,prime_block_le_31,10,100280245065,25.331234554,512,6.23832462504,2,5,0,,11.2911095271,6.23832462504,0.999496056091,0.98890593047,1.01114519427,none_visible,0.811711183608,0.25,0.561711183608,existing_near_power_csv,local_obstruction_before_drift
rank141_Q31_random_root_sets,random_root_sets,141,6,6,4,158,165,2445,35736782900625,2445,31,prime_block_le_31,10,100280245065,25.331234554,512,6.23832462504,2,5,0,,11.2911095271,6.23832462504,1.00811422729,0.99427402863,1.05710633947,none_visible,0.811711183608,0.25,0.561711183608,deterministic_seeded_random_sets_same_cardinality,local_obstruction_before_drift
rank141_Q31_exact_power_anchor,exact_power_anchor,141,6,6,4,158,165,2445,35736782900625,2445,31,prime_block_le_31,10,100280245065,25.331234554,2048,7.62461898616,0,0,1,2445,9.90481516597,7.62461898616,1.01284651216,1,1.02770961145,constructed_exact_power_root,0.811711183608,0.25,0.561711183608,C_from_near_power_row_as_positive_control,positive_control_survivor
rank142_Q31_actual_near_miss,actual_near_miss,142,6,7,3,91,125,78156,477405010420416,78156,31,prime_block_le_31,4,53599,10.8892856902,9,2.19722457734,2,19,0,,-2.5744009955,2.19722457734,1.00003696311,1.00003696311,1.00003696311,none_visible,0.322174065099,0.333333333333,-0.0111592682346,existing_near_power_csv,local_obstruction_before_drift
rank142_Q31_random_root_sets,random_root_sets,142,6,7,3,91,125,78156,477405010420416,78156,31,prime_block_le_31,4,53599,10.8892856902,9,2.19722457734,2,19,0,,-2.5744009955,2.19722457734,0.999907592223,0.999907592223,0.999907592223,none_visible,0.322174065099,0.333333333333,-0.0111592682346,deterministic_seeded_random_sets_same_cardinality,local_obstruction_before_drift
rank142_Q31_exact_power_anchor,exact_power_anchor,142,6,7,3,91,125,78156,477405010420416,78156,31,prime_block_le_31,4,53599,10.8892856902,27,3.295836866,0,0,37,156 1586 1885 7813 9542 10231 11960 16900 18512 24557 25545 27157,-3.67301328417,-0.31508104664,1.00073499724,0.999722776669,1.00231588106,constructed_exact_power_root,0.322174065099,0.333333333333,-0.0111592682346,C_from_near_power_row_as_positive_control,positive_control_survivor
rank143_Q31_actual_near_miss,actual_near_miss,143,6,6,3,203,211,54087,158226302836503,54087,31,prime_block_le_31,4,53599,10.8892856902,9,2.19722457734,1,31,0,,-2.20628802738,2.19722457734,0.99975040213,0.999389871873,1.00011093239,none_visible,0.333056121622,0.333333333333,-0.000277211711158,existing_near_power_csv,local_obstruction_before_drift
rank143_Q31_random_root_sets,random_root_sets,143,6,6,3,203,211,54087,158226302836503,54087,31,prime_block_le_31,4,53599,10.8892856902,9,2.19722457734,1,31,0,,-2.20628802738,2.19722457734,1.00003081455,0.999950696717,1.00011093239,none_visible,0.333056121622,0.333333333333,-0.000277211711158,deterministic_seeded_random_sets_same_cardinality,local_obstruction_before_drift
rank143_Q31_exact_power_anchor,exact_power_anchor,143,6,6,3,203,211,54087,158226302836503,54087,31,prime_block_le_31,4,53599,10.8892856902,81,4.39444915467,0,0,82,488 580 1077 1970 2936 3582 4171 4233 4518 4765 5354 6625,-4.40351260471,-0.0122700925918,1.00023966874,0.999950696717,1.00065737711,constructed_exact_power_root,0.333056121622,0.333333333333,-0.000277211711158,C_from_near_power_row_as_positive_control,positive_control_survivor
rank144_Q31_actual_near_miss,actual_near_miss,144,7,7,3,53,131,87208,663237356902912,87208,31,prime_block_le_31,4,53599,10.8892856902,3,1.09861228867,3,7,0,,-1.58537794731,1.09861228867,,,,none_visible,0.319070456473,0.333333333333,-0.0142628768605,existing_near_power_csv,local_obstruction_before_drift
rank144_Q31_random_root_sets,random_root_sets,144,7,7,3,53,131,87208,663237356902912,87208,31,prime_block_le_31,4,53599,10.8892856902,3,1.09861228867,3,7,0,,-1.58537794731,1.09861228867,,,,none_visible,0.319070456473,0.333333333333,-0.0142628768605,deterministic_seeded_random_sets_same_cardinality,local_obstruction_before_drift
rank144_Q31_exact_power_anchor,exact_power_anchor,144,7,7,3,53,131,87208,663237356902912,87208,31,prime_block_le_31,4,53599,10.8892856902,81,4.39444915467,0,0,132,36 1024 1544 1772 1954 2144 2753 2760 3683 3938 4159 4489,-4.88121481331,-0.488352767914,1.000442535,1.00011976475,1.00108807551,constructed_exact_power_root,0.319070456473,0.333333333333,-0.0142628768605,C_from_near_power_row_as_positive_control,positive_control_survivor
rank145_Q31_actual_near_miss,actual_near_miss,145,6,7,3,107,108,55708,172883163454912,55708,31,prime_block_le_31,4,53599,10.8892856902,9,2.19722457734,1,7,0,,-2.23581792934,2.19722457734,1.00024632409,0.999583143853,1.00090950432,none_visible,0.332156119473,0.333333333333,-0.00117721385994,existing_near_power_csv,local_obstruction_before_drift
rank145_Q31_random_root_sets,random_root_sets,145,6,7,3,107,108,55708,172883163454912,55708,31,prime_block_le_31,4,53599,10.8892856902,9,2.19722457734,1,7,0,,-2.23581792934,2.19722457734,1,0.99909049568,1.00090950432,none_visible,0.332156119473,0.333333333333,-0.00117721385994,deterministic_seeded_random_sets_same_cardinality,local_obstruction_before_drift
rank145_Q31_exact_power_anchor,exact_power_anchor,145,6,7,3,107,108,55708,172883163454912,55708,31,prime_block_le_31,4,53599,10.8892856902,27,3.295836866,0,0,30,893 1121 2109 3838 5643 5833 7372 9766 11495 13490 14478 16207,-3.33443021801,-0.105360515658,1.00008576466,0.99909049568,1.00090950432,constructed_exact_power_root,0.332156119473,0.333333333333,-0.00117721385994,C_from_near_power_row_as_positive_control,positive_control_survivor
rank146_Q31_actual_near_miss,actual_near_miss,146,6,7,3,232,245,375964,53142108853841344,375964,31,prime_block_le_31,4,53599,10.8892856902,27,3.295836866,1,19,0,,-5.24379984894,3.295836866,0.999997044634,0.999973992782,1.00002009649,none_visible,0.28275232405,0.333333333333,-0.0505810092838,existing_near_power_csv,local_obstruction_before_drift
rank146_Q31_random_root_sets,random_root_sets,146,6,7,3,232,245,375964,53142108853841344,375964,31,prime_block_le_31,4,53599,10.8892856902,27,3.295836866,1,19,0,,-5.24379984894,3.295836866,0.999910600187,0.999854891544,0.999966308831,none_visible,0.28275232405,0.333333333333,-0.0505810092838,deterministic_seeded_random_sets_same_cardinality,local_obstruction_before_drift
rank146_Q31_exact_power_anchor,exact_power_anchor,146,6,7,3,232,245,375964,53142108853841344,375964,31,prime_block_le_31,4,53599,10.8892856902,81,4.39444915467,0,0,569,368 771 1065 1388 2690 3592 4320 5483 5511 5821 6224 8304,-6.34241213761,-1.94943127945,1.00002610573,0.999993202659,1.00004699031,constructed_exact_power_root,0.28275232405,0.333333333333,-0.0505810092838,C_from_near_power_row_as_positive_control,positive_control_survivor
rank147_Q31_actual_near_miss,actual_near_miss,147,7,7,3,171,214,291735,24829364618490375,291735,31,prime_block_le_31,4,53599,10.8892856902,3,1.09861228867,2,19,0,,-2.79292773344,1.09861228867,1.00003770545,1.00003770545,1.00003770545,none_visible,0.288451760176,0.333333333333,-0.0448815731577,existing_near_power_csv,local_obstruction_before_drift
rank147_Q31_random_root_sets,random_root_sets,147,7,7,3,171,214,291735,24829364618490375,291735,31,prime_block_le_31,4,53599,10.8892856902,3,1.09861228867,2,19,0,,-2.79292773344,1.09861228867,0.999933729812,0.999933729812,0.999933729812,none_visible,0.288451760176,0.333333333333,-0.0448815731577,deterministic_seeded_random_sets_same_cardinality,local_obstruction_before_drift
rank147_Q31_exact_power_anchor,exact_power_anchor,147,7,7,3,171,214,291735,24829364618490375,291735,31,prime_block_le_31,4,53599,10.8892856902,81,4.39444915467,0,0,441,769 1396 3008 3125 4737 4868 5647 6298 6597 6635 6697 7286,-6.08876459945,-1.69459572077,1.00019995315,1.00000304691,1.00050464367,constructed_exact_power_root,0.288451760176,0.333333333333,-0.0448815731577,C_from_near_power_row_as_positive_control,positive_control_survivor
rank148_Q31_actual_near_miss,actual_near_miss,148,6,7,3,180,139,101204,1036556630137664,101204,31,prime_block_le_31,4,53599,10.8892856902,9,2.19722457734,1,31,0,,-2.83283244791,2.19722457734,0.999724428986,0.999567430361,0.999881427612,none_visible,0.31494971104,0.333333333333,-0.0183836222934,existing_near_power_csv,local_obstruction_before_drift
rank148_Q31_random_root_sets,random_root_sets,148,6,7,3,180,139,101204,1036556630137664,101204,31,prime_block_le_31,4,53599,10.8892856902,9,2.19722457734,1,31,0,,-2.83283244791,2.19722457734,0.999860018708,0.999838609805,0.999881427612,none_visible,0.31494971104,0.333333333333,-0.0183836222934,deterministic_seeded_random_sets_same_cardinality,local_obstruction_before_drift
rank148_Q31_exact_power_anchor,exact_power_anchor,148,6,7,3,180,139,101204,1036556630137664,101204,31,prime_block_le_31,4,53599,10.8892856902,81,4.39444915467,0,0,153,376 2084 2903 3169 4003 4437 5197 6114 6530 6796 7292 7537,-5.03005702525,-0.63598876672,1.00010027418,0.999838609805,1.00038096869,constructed_exact_power_root,0.31494971104,0.333333333333,-0.0183836222934,C_from_near_power_row_as_positive_control,positive_control_survivor
rank149_Q31_actual_near_miss,actual_near_miss,149,6,7,3,241,201,237820,13450707367768000,237820,31,prime_block_le_31,4,53599,10.8892856902,9,2.19722457734,2,13,0,,-3.68720825116,2.19722457734,1.00005045833,1.00005045833,1.00005045833,none_visible,0.293212934463,0.333333333333,-0.0401203988704,existing_near_power_csv,local_obstruction_before_drift
rank149_Q31_random_root_sets,random_root_sets,149,6,7,3,241,201,237820,13450707367768000,237820,31,prime_block_le_31,4,53599,10.8892856902,9,2.19722457734,2,13,0,,-3.68720825116,2.19722457734,0.999949074463,0.999949074463,0.999949074463,none_visible,0.293212934463,0.333333333333,-0.0401203988704,deterministic_seeded_random_sets_same_cardinality,local_obstruction_before_drift
rank149_Q31_exact_power_anchor,exact_power_anchor,149,6,7,3,241,201,237820,13450707367768000,237820,31,prime_block_le_31,4,53599,10.8892856902,81,4.39444915467,0,0,362,2087 2335 2468 2676 2893 3102 4652 4691 4869 6078 6560 7977,-5.8844328285,-1.49719505715,0.999925091183,0.999746306731,1.00005699922,constructed_exact_power_root,0.293212934463,0.333333333333,-0.0401203988704,C_from_near_power_row_as_positive_control,positive_control_survivor
rank150_Q31_actual_near_miss,actual_near_miss,150,7,7,3,161,185,217016,10220573438660096,217016,31,prime_block_le_31,4,53599,10.8892856902,3,1.09861228867,3,7,0,,-2.49705296102,1.09861228867,,,,none_visible,0.295397357463,0.333333333333,-0.0379359758699,existing_near_power_csv,local_obstruction_before_drift
rank150_Q31_random_root_sets,random_root_sets,150,7,7,3,161,185,217016,10220573438660096,217016,31,prime_block_le_31,4,53599,10.8892856902,3,1.09861228867,3,7,0,,-2.49705296102,1.09861228867,,,,none_visible,0.295397357463,0.333333333333,-0.0379359758699,deterministic_seeded_random_sets_same_cardinality,local_obstruction_before_drift
rank150_Q31_exact_power_anchor,exact_power_anchor,150,7,7,3,161,185,217016,10220573438660096,217016,31,prime_block_le_31,4,53599,10.8892856902,81,4.39444915467,0,0,329,359 1194 1411 1506 2620 4337 5546 6001 6693 8016 8262 9657,-5.79288982703,-1.40160859609,1.00021828054,0.999994368055,1.00059289023,constructed_exact_power_root,0.295397357463,0.333333333333,-0.0379359758699,C_from_near_power_row_as_positive_control,positive_control_survivor
rank151_Q31_actual_near_miss,actual_near_miss,151,6,7,3,203,178,178961,5731591019717681,178961,31,prime_block_le_31,4,53599,10.8892856902,9,2.19722457734,2,7,0,,-3.40286207116,2.19722457734,1.00002359297,1.00002359297,1.00002359297,none_visible,0.300106238089,0.333333333333,-0.0332270952443,existing_near_power_csv,local_obstruction_before_drift
rank151_Q31_random_root_sets,random_root_sets,151,6,7,3,203,178,178961,5731591019717681,178961,31,prime_block_le_31,4,53599,10.8892856902,9,2.19722457734,2,7,0,,-3.40286207116,2.19722457734,1.00017694731,1.00017694731,1.00017694731,none_visible,0.300106238089,0.333333333333,-0.0332270952443,deterministic_seeded_random_sets_same_cardinality,local_obstruction_before_drift
rank151_Q31_exact_power_anchor,exact_power_anchor,151,6,7,3,203,178,178961,5731591019717681,178961,31,prime_block_le_31,4,53599,10.8892856902,27,3.295836866,0,0,89,703 1881 4826 10583 14041 14706 17195 18164 18240 21698 22363 25821,-4.50147435983,-1.19279950373,0.999708606075,0.999433768624,0.999975165291,constructed_exact_power_root,0.300106238089,0.333333333333,-0.0332270952443,C_from_near_power_row_as_positive_control,positive_control_survivor
rank152_Q31_actual_near_miss,actual_near_miss,152,6,7,3,201,128,85676,628894137795776,85676,31,prime_block_le_31,4,53599,10.8892856902,9,2.19722457734,2,7,0,,-2.66626690586,2.19722457734,1.00085723475,1.00085723475,1.00085723475,none_visible,0.319568328257,0.333333333333,-0.0137650050768,existing_near_power_csv,local_obstruction_before_drift
rank152_Q31_random_root_sets,random_root_sets,152,6,7,3,201,128,85676,628894137795776,85676,31,prime_block_le_31,4,53599,10.8892856902,9,2.19722457734,2,7,0,,-2.66626690586,2.19722457734,0.999289312189,0.999289312189,0.999289312189,none_visible,0.319568328257,0.333333333333,-0.0137650050768,deterministic_seeded_random_sets_same_cardinality,local_obstruction_before_drift
rank152_Q31_exact_power_anchor,exact_power_anchor,152,6,7,3,201,128,85676,628894137795776,85676,31,prime_block_le_31,4,53599,10.8892856902,81,4.39444915467,0,0,130,54 643 860 1536 2316 2658 2931 3216 3463 4140 4672 5907,-4.8634914832,-0.473085295783,0.999792067617,0.999128499619,1.00018285946,constructed_exact_power_root,0.319568328257,0.333333333333,-0.0137650050768,C_from_near_power_row_as_positive_control,positive_control_survivor
rank153_Q31_actual_near_miss,actual_near_miss,153,6,6,4,74,203,2894,70144578055696,2894,31,prime_block_le_31,10,100280245065,25.331234554,16,2.77258872224,5,3,0,,14.5882509246,2.77258872224,1.00336903939,0.990497581202,1.00958880442,none_visible,0.794541388758,0.25,0.544541388758,existing_near_power_csv,local_obstruction_before_drift
rank153_Q31_random_root_sets,random_root_sets,153,6,6,4,74,203,2894,70144578055696,2894,31,prime_block_le_31,10,100280245065,25.331234554,16,2.77258872224,5,3,0,,14.5882509246,2.77258872224,0.985519609537,0.970758465791,1.00380096752,none_visible,0.794541388758,0.25,0.544541388758,deterministic_seeded_random_sets_same_cardinality,local_obstruction_before_drift
rank153_Q31_exact_power_anchor,exact_power_anchor,153,6,6,4,74,203,2894,70144578055696,2894,31,prime_block_le_31,10,100280245065,25.331234554,16384,9.70406052784,0,0,1,2894,7.65677911901,9.70406052784,1.01486552638,1.0003455425,1.05701451279,constructed_exact_power_root,0.794541388758,0.25,0.544541388758,C_from_near_power_row_as_positive_control,positive_control_survivor
rank154_Q31_actual_near_miss,actual_near_miss,154,6,6,3,153,250,63576,256968328766976,63576,31,prime_block_le_31,4,53599,10.8892856902,9,2.19722457734,2,7,0,,-2.36793020679,2.19722457734,1.00056625142,1.00056625142,1.00056625142,none_visible,0.32818849417,0.333333333333,-0.00514483916302,existing_near_power_csv,local_obstruction_before_drift
rank154_Q31_random_root_sets,random_root_sets,154,6,6,3,153,250,63576,256968328766976,63576,31,prime_block_le_31,4,53599,10.8892856902,9,2.19722457734,2,7,0,,-2.36793020679,2.19722457734,0.998507473121,0.998507473121,0.998507473121,none_visible,0.32818849417,0.333333333333,-0.00514483916302,deterministic_seeded_random_sets_same_cardinality,local_obstruction_before_drift
rank154_Q31_exact_power_anchor,exact_power_anchor,154,6,6,3,153,250,63576,256968328766976,63576,31,prime_block_le_31,4,53599,10.8892856902,81,4.39444915467,0,0,97,743 1332 1618 1731 3347 3385 3529 3746 4335 5114 5296 7260,-4.56515478412,-0.180261823831,0.999979610289,0.999536862268,1.0002009843,constructed_exact_power_root,0.32818849417,0.333333333333,-0.00514483916302,C_from_near_power_row_as_positive_control,positive_control_survivor
rank155_Q31_actual_near_miss,actual_near_miss,155,6,7,3,65,93,39202,60245508310408,39202,31,prime_block_le_31,4,53599,10.8892856902,3,1.09861228867,3,7,0,,-0.785809643385,1.09861228867,,,,none_visible,0.343191766234,0.333333333333,0.00985843290111,existing_near_power_csv,local_obstruction_before_drift
rank155_Q31_random_root_sets,random_root_sets,155,6,7,3,65,93,39202,60245508310408,39202,31,prime_block_le_31,4,53599,10.8892856902,3,1.09861228867,3,7,0,,-0.785809643385,1.09861228867,,,,none_visible,0.343191766234,0.333333333333,0.00985843290111,deterministic_seeded_random_sets_same_cardinality,local_obstruction_before_drift
rank155_Q31_exact_power_anchor,exact_power_anchor,155,6,7,3,65,93,39202,60245508310408,39202,31,prime_block_le_31,4,53599,10.8892856902,81,4.39444915467,0,0,60,359 1194 1411 1506 2620 4337 5546 6001 6693 8016 8262 9657,-4.08164650939,0.30010459245,1.00123293029,0.999968822452,1.00331899166,constructed_exact_power_root,0.343191766234,0.333333333333,0.00985843290111,C_from_near_power_row_as_positive_control,positive_control_survivor
rank156_Q31_actual_near_miss,actual_near_miss,156,6,6,3,123,193,38063,55145368716047,38063,31,prime_block_le_31,4,53599,10.8892856902,3,1.09861228867,3,7,0,,-0.756324559155,1.09861228867,,,,none_visible,0.344151189776,0.333333333333,0.0108178564425,existing_near_power_csv,local_obstruction_before_drift
rank156_Q31_random_root_sets,random_root_sets,156,6,6,3,123,193,38063,55145368716047,38063,31,prime_block_le_31,4,53599,10.8892856902,3,1.09861228867,3,7,0,,-0.756324559155,1.09861228867,,,,none_visible,0.344151189776,0.333333333333,0.0108178564425,deterministic_seeded_random_sets_same_cardinality,local_obstruction_before_drift
rank156_Q31_exact_power_anchor,exact_power_anchor,156,6,6,3,123,193,38063,55145368716047,38063,31,prime_block_le_31,4,53599,10.8892856902,81,4.39444915467,0,0,56,688 2227 2417 3312 4222 4645 5951 6640 6939 7435 8345 8369,-4.05216142516,0.369097463937,1.0007735713,1.00014011858,1.00150627468,constructed_exact_power_root,0.344151189776,0.333333333333,0.0108178564425,C_from_near_power_row_as_positive_control,positive_control_survivor
rank157_Q31_actual_near_miss,actual_near_miss,157,7,7,3,182,229,340966,39639961520548696,340966,31,prime_block_le_31,4,53599,10.8892856902,27,3.295836866,1,7,0,,-5.14608922039,3.295836866,1.00010085724,1.00001107963,1.00019063484,none_visible,0.284920998236,0.333333333333,-0.048412335097,existing_near_power_csv,local_obstruction_before_drift
rank157_Q31_random_root_sets,random_root_sets,157,7,7,3,182,229,340966,39639961520548696,340966,31,prime_block_le_31,4,53599,10.8892856902,27,3.295836866,1,7,0,,-5.14608922039,3.295836866,1.00002036697,0.999850099098,1.00019063484,none_visible,0.284920998236,0.333333333333,-0.048412335097,deterministic_seeded_random_sets_same_cardinality,local_obstruction_before_drift
rank157_Q31_exact_power_anchor,exact_power_anchor,157,7,7,3,182,229,340966,39639961520548696,340966,31,prime_block_le_31,4,53599,10.8892856902,81,4.39444915467,0,0,512,824 1578 1692 1721 2281 2775 4058 4542 4647 6011 6879 7117,-6.24470150905,-1.84387547037,1.0000309578,0.999998696514,1.0000915699,constructed_exact_power_root,0.284920998236,0.333333333333,-0.048412335097,C_from_near_power_row_as_positive_control,positive_control_survivor
rank158_Q31_actual_near_miss,actual_near_miss,158,6,7,3,188,165,149981,3373717662443141,149981,31,prime_block_le_31,4,53599,10.8892856902,3,1.09861228867,3,7,0,,-2.12759049689,1.09861228867,,,,none_visible,0.304554583425,0.333333333333,-0.0287787499084,existing_near_power_csv,local_obstruction_before_drift
rank158_Q31_random_root_sets,random_root_sets,158,6,7,3,188,165,149981,3373717662443141,149981,31,prime_block_le_31,4,53599,10.8892856902,3,1.09861228867,3,7,0,,-2.12759049689,1.09861228867,,,,none_visible,0.304554583425,0.333333333333,-0.0287787499084,deterministic_seeded_random_sets_same_cardinality,local_obstruction_before_drift
rank158_Q31_exact_power_anchor,exact_power_anchor,158,6,7,3,188,165,149981,3373717662443141,149981,31,prime_block_le_31,4,53599,10.8892856902,27,3.295836866,0,0,77,325 2028 2834 3289 5304 8476 10491 10946 12155 16133 16848 17342,-4.32481507422,-1.04796855585,1.0002906541,1.00011557019,1.00055414427,constructed_exact_power_root,0.304554583425,0.333333333333,-0.0287787499084,C_from_near_power_row_as_positive_control,positive_control_survivor
rank159_Q31_actual_near_miss,actual_near_miss,159,6,7,3,149,129,84596,605409854140736,84596,31,prime_block_le_31,4,53599,10.8892856902,3,1.09861228867,3,7,0,,-1.55496886165,1.09861228867,,,,none_visible,0.319925643038,0.333333333333,-0.0134076902949,existing_near_power_csv,local_obstruction_before_drift
rank159_Q31_random_root_sets,random_root_sets,159,6,7,3,149,129,84596,605409854140736,84596,31,prime_block_le_31,4,53599,10.8892856902,3,1.09861228867,3,7,0,,-1.55496886165,1.09861228867,,,,none_visible,0.319925643038,0.333333333333,-0.0134076902949,deterministic_seeded_random_sets_same_cardinality,local_obstruction_before_drift
rank159_Q31_exact_power_anchor,exact_power_anchor,159,6,7,3,149,129,84596,605409854140736,84596,31,prime_block_le_31,4,53599,10.8892856902,81,4.39444915467,0,0,131,18 512 772 886 977 1072 1380 1969 2839 3242 3333 3438,-4.85080572766,-0.480748168529,0.999801671737,0.99950614949,1.00004334326,constructed_exact_power_root,0.319925643038,0.333333333333,-0.0134076902949,C_from_near_power_row_as_positive_control,positive_control_survivor
rank160_Q31_actual_near_miss,actual_near_miss,160,6,7,3,204,229,321069,33097495072171509,321069,31,prime_block_le_31,4,53599,10.8892856902,9,2.19722457734,2,13,0,,-3.98735021945,2.19722457734,1.00002422463,1.00002422463,1.00002422463,none_visible,0.286272114817,0.333333333333,-0.0470612185167,existing_near_power_csv,local_obstruction_before_drift
rank160_Q31_random_root_sets,random_root_sets,160,6,7,3,204,229,321069,33097495072171509,321069,31,prime_block_le_31,4,53599,10.8892856902,9,2.19722457734,2,13,0,,-3.98735021945,2.19722457734,1.00002422463,1.00002422463,1.00002422463,none_visible,0.286272114817,0.333333333333,-0.0470612185167,deterministic_seeded_random_sets_same_cardinality,local_obstruction_before_drift
rank160_Q31_exact_power_anchor,exact_power_anchor,160,6,7,3,204,229,321069,33097495072171509,321069,31,prime_block_le_31,4,53599,10.8892856902,27,3.295836866,0,0,162,1645 2933 4466 5103 6923 7924 9891 12712 13216 13349 15169 16037,-5.08596250812,-1.79175946923,1.00004637286,1.00000449886,1.00012354561,constructed_exact_power_root,0.286272114817,0.333333333333,-0.0470612185167,C_from_near_power_row_as_positive_control,positive_control_survivor
rank161_Q31_actual_near_miss,actual_near_miss,161,7,7,3,159,218,296128,25967995095089152,296128,31,prime_block_le_31,4,53599,10.8892856902,9,2.19722457734,1,31,0,,-3.90648595943,2.19722457734,1.00006978964,1.00005515633,1.00008442295,none_visible,0.28810956342,0.333333333333,-0.0452237699129,existing_near_power_csv,local_obstruction_before_drift
rank161_Q31_random_root_sets,random_root_sets,161,7,7,3,159,218,296128,25967995095089152,296128,31,prime_block_le_31,4,53599,10.8892856902,9,2.19722457734,1,31,0,,-3.90648595943,2.19722457734,1.00006978964,1.00005515633,1.00008442295,none_visible,0.28810956342,0.333333333333,-0.0452237699129,deterministic_seeded_random_sets_same_cardinality,local_obstruction_before_drift
rank161_Q31_exact_power_anchor,exact_power_anchor,161,7,7,3,159,218,296128,25967995095089152,296128,31,prime_block_le_31,4,53599,10.8892856902,27,3.295836866,0,0,150,1134 2198 2219 6321 7406 7952 13503 13937 16849 18060 18690 19124,-5.0050982481,-1.71479842809,0.999993871519,0.99989906767,1.00005515633,constructed_exact_power_root,0.28810956342,0.333333333333,-0.0452237699129,C_from_near_power_row_as_positive_control,positive_control_survivor
rank162_Q31_actual_near_miss,actual_near_miss,162,7,7,3,131,162,153124,3590292207490624,153124,31,prime_block_le_31,4,53599,10.8892856902,27,3.295836866,1,31,0,,-4.34555450548,3.295836866,0.99999129246,0.999925260283,1.00005732464,none_visible,0.304025536848,0.333333333333,-0.0293077964856,existing_near_power_csv,local_obstruction_before_drift
rank162_Q31_random_root_sets,random_root_sets,162,7,7,3,131,162,153124,3590292207490624,153124,31,prime_block_le_31,4,53599,10.8892856902,27,3.295836866,1,31,0,,-4.34555450548,3.295836866,0.999925260283,0.999925260283,0.999925260283,none_visible,0.304025536848,0.333333333333,-0.0293077964856,deterministic_seeded_random_sets_same_cardinality,local_obstruction_before_drift
rank162_Q31_exact_power_anchor,exact_power_anchor,162,7,7,3,131,162,153124,3590292207490624,153124,31,prime_block_le_31,4,53599,10.8892856902,81,4.39444915467,0,0,231,2092 2586 2617 2929 4107 5087 5626 5893 6835 8571 9749 9799,-5.44416679415,-1.04796855585,1.00004474708,0.999925260283,1.00010449048,constructed_exact_power_root,0.304025536848,0.333333333333,-0.0293077964856,C_from_near_power_row_as_positive_control,positive_control_survivor
rank163_Q31_actual_near_miss,actual_near_miss,163,6,7,3,217,184,193498,7244850723821992,193498,31,prime_block_le_31,4,53599,10.8892856902,27,3.295836866,1,7,0,,-4.57957363132,3.295836866,0.999749638526,0.999433241343,1.00006603571,none_visible,0.298180826495,0.333333333333,-0.0351525068379,existing_near_power_csv,local_obstruction_before_drift
rank163_Q31_random_root_sets,random_root_sets,163,6,7,3,217,184,193498,7244850723821992,193498,31,prime_block_le_31,4,53599,10.8892856902,27,3.295836866,1,7,0,,-4.57957363132,3.295836866,1.00022968943,1.0001096767,1.00034970215,none_visible,0.298180826495,0.333333333333,-0.0351525068379,deterministic_seeded_random_sets_same_cardinality,local_obstruction_before_drift
rank163_Q31_exact_power_anchor,exact_power_anchor,163,6,7,3,217,184,193498,7244850723821992,193498,31,prime_block_le_31,4,53599,10.8892856902,81,4.39444915467,0,0,291,135 2073 2150 3434 3840 5049 5436 5790 6596 6645 7792 8040,-5.67818591999,-1.2788741125,0.999960378574,0.999771459022,1.00006603571,constructed_exact_power_root,0.298180826495,0.333333333333,-0.0351525068379,C_from_near_power_row_as_positive_control,positive_control_survivor
rank164_Q31_actual_near_miss,actual_near_miss,164,7,7,3,185,199,270421,19775216339828461,270421,31,prime_block_le_31,4,53599,10.8892856902,9,2.19722457734,2,13,0,,-3.81567417003,2.19722457734,0.999936313296,0.999936313296,0.999936313296,none_visible,0.290201368564,0.333333333333,-0.0431319647692,existing_near_power_csv,local_obstruction_before_drift
rank164_Q31_random_root_sets,random_root_sets,164,7,7,3,185,199,270421,19775216339828461,270421,31,prime_block_le_31,4,53599,10.8892856902,9,2.19722457734,2,13,0,,-3.81567417003,2.19722457734,1.0001002552,1.0001002552,1.0001002552,none_visible,0.290201368564,0.333333333333,-0.0431319647692,deterministic_seeded_random_sets_same_cardinality,local_obstruction_before_drift
rank164_Q31_exact_power_anchor,exact_power_anchor,164,7,7,3,185,199,270421,19775216339828461,270421,31,prime_block_le_31,4,53599,10.8892856902,81,4.39444915467,0,0,408,319 2179 2426 2556 2711 3791 4323 4782 4974 5805 6147 6456,-6.01289874736,-1.61681801973,0.999981784233,0.999959733568,1.00000246529,constructed_exact_power_root,0.290201368564,0.333333333333,-0.0431319647692,C_from_near_power_row_as_positive_control,positive_control_survivor
rank165_Q31_actual_near_miss,actual_near_miss,165,7,7,3,81,199,231344,12381541599555584,231344,31,prime_block_le_31,4,53599,10.8892856902,9,2.19722457734,1,13,0,,-3.65959994644,2.19722457734,1.00007300336,1.00000912542,1.0001368813,none_visible,0.293868320974,0.333333333333,-0.0394650123597,existing_near_power_csv,local_obstruction_before_drift
rank165_Q31_random_root_sets,random_root_sets,165,7,7,3,81,199,231344,12381541599555584,231344,31,prime_block_le_31,4,53599,10.8892856902,9,2.19722457734,1,13,0,,-3.65959994644,2.19722457734,1.00011863046,0.999945247481,1.00029201343,none_visible,0.293868320974,0.333333333333,-0.0394650123597,deterministic_seeded_random_sets_same_cardinality,local_obstruction_before_drift
rank165_Q31_exact_power_anchor,exact_power_anchor,165,7,7,3,81,199,231344,12381541599555584,231344,31,prime_block_le_31,4,53599,10.8892856902,27,3.295836866,0,0,116,456 1387 1691 4579 5814 9291 15523 16948 17005 18183 19646 21128,-4.7582122351,-1.4577533251,0.999953572426,0.999726237407,1.00007972735,constructed_exact_power_root,0.293868320974,0.333333333333,-0.0394650123597,C_from_near_power_row_as_positive_control,positive_control_survivor
rank166_Q31_actual_near_miss,actual_near_miss,166,6,7,3,221,161,142940,2920527724184000,142940,31,prime_block_le_31,4,53599,10.8892856902,9,2.19722457734,2,19,0,,-3.17811912794,2.19722457734,1.00007617804,1.00007617804,1.00007617804,none_visible,0.305788271374,0.333333333333,-0.0275450619594,existing_near_power_csv,local_obstruction_before_drift
rank166_Q31_random_root_sets,random_root_sets,166,6,7,3,221,161,142940,2920527724184000,142940,31,prime_block_le_31,4,53599,10.8892856902,9,2.19722457734,2,19,0,,-3.17811912794,2.19722457734,1.00000544129,1.00000544129,1.00000544129,none_visible,0.305788271374,0.333333333333,-0.0275450619594,deterministic_seeded_random_sets_same_cardinality,local_obstruction_before_drift
rank166_Q31_exact_power_anchor,exact_power_anchor,166,6,7,3,221,161,142940,2920527724184000,142940,31,prime_block_le_31,4,53599,10.8892856902,27,3.295836866,0,0,74,812 1029 2541 2758 2940 6671 8400 9275 11004 11186 11403 14917,-4.27673141661,-1.0082282272,1.00006270437,0.999934704538,1.00031870404,constructed_exact_power_root,0.305788271374,0.333333333333,-0.0275450619594,C_from_near_power_row_as_positive_control,positive_control_survivor
rank167_Q31_actual_near_miss,actual_near_miss,167,6,7,4,127,91,2734,55871977259536,2734,31,prime_block_le_31,10,100280245065,25.331234554,256,5.54517744448,3,3,0,,11.8725360923,5.54517744448,0.999276091197,0.993782004389,1.00420629115,none_visible,0.800251698919,0.25,0.550251698919,existing_near_power_csv,local_obstruction_before_drift
rank167_Q31_random_root_sets,random_root_sets,167,6,7,4,127,91,2734,55871977259536,2734,31,prime_block_le_31,10,100280245065,25.331234554,256,5.54517744448,3,3,0,,11.8725360923,5.54517744448,0.99105020117,0.959903072421,0.999817117776,none_visible,0.800251698919,0.25,0.550251698919,deterministic_seeded_random_sets_same_cardinality,local_obstruction_before_drift
rank167_Q31_exact_power_anchor,exact_power_anchor,167,6,7,4,127,91,2734,55871977259536,2734,31,prime_block_le_31,10,100280245065,25.331234554,16384,9.70406052784,0,0,1,2734,7.71365300892,9.70406052784,1.01328182151,0.998994147769,1.06734637893,constructed_exact_power_root,0.800251698919,0.25,0.550251698919,C_from_near_power_row_as_positive_control,positive_control_survivor
rank168_Q31_actual_near_miss,actual_near_miss,168,7,7,3,193,250,414101,71009889658672301,414101,31,prime_block_le_31,4,53599,10.8892856902,9,2.19722457734,2,7,0,,-4.24180407157,2.19722457734,0.999901258657,0.999901258657,0.999901258657,none_visible,0.280640152419,0.333333333333,-0.052693180914,existing_near_power_csv,local_obstruction_before_drift
rank168_Q31_random_root_sets,random_root_sets,168,7,7,3,193,250,414101,71009889658672301,414101,31,prime_block_le_31,4,53599,10.8892856902,9,2.19722457734,2,7,0,,-4.24180407157,2.19722457734,1.00000939116,1.00000939116,1.00000939116,none_visible,0.280640152419,0.333333333333,-0.052693180914,deterministic_seeded_random_sets_same_cardinality,local_obstruction_before_drift
rank168_Q31_exact_power_anchor,exact_power_anchor,168,7,7,3,193,250,414101,71009889658672301,414101,31,prime_block_le_31,4,53599,10.8892856902,81,4.39444915467,0,0,624,127 1780 2214 3392 4138 4250 4684 4820 5314 7102 7765 8850,-6.43902864891,-2.0417012137,1.00015321007,1.0000198556,1.00039201386,constructed_exact_power_root,0.280640152419,0.333333333333,-0.052693180914,C_from_near_power_row_as_positive_control,positive_control_survivor
rank169_Q31_actual_near_miss,actual_near_miss,169,7,7,3,229,237,421762,75024367721822728,421762,31,prime_block_le_31,4,53599,10.8892856902,3,1.09861228867,3,7,0,,-3.16152305138,1.09861228867,,,,none_visible,0.280242961874,0.333333333333,-0.0530903714598,existing_near_power_csv,local_obstruction_before_drift
rank169_Q31_random_root_sets,random_root_sets,169,7,7,3,229,237,421762,75024367721822728,421762,31,prime_block_le_31,4,53599,10.8892856902,3,1.09861228867,3,7,0,,-3.16152305138,1.09861228867,,,,none_visible,0.280242961874,0.333333333333,-0.0530903714598,deterministic_seeded_random_sets_same_cardinality,local_obstruction_before_drift
rank169_Q31_exact_power_anchor,exact_power_anchor,169,7,7,3,229,237,421762,75024367721822728,421762,31,prime_block_le_31,4,53599,10.8892856902,27,3.295836866,0,0,211,950 1368 4161 5073 5339 8284 9785 13737 16264 17442 20387 20653,-5.35874762871,-2.05602126747,1.00009527929,0.999879869057,1.0003754092,constructed_exact_power_root,0.280242961874,0.333333333333,-0.0530903714598,C_from_near_power_row_as_positive_control,positive_control_survivor
rank170_Q31_actual_near_miss,actual_near_miss,170,4,5,3,194,235,8955,718119583875,8955,31,prime_block_le_31,4,53599,10.8892856902,9,2.19722457734,2,7,0,,-0.407906201663,2.19722457734,1.00121595632,1.00121595632,1.00121595632,none_visible,0.398876366395,0.333333333333,0.0655430330621,existing_near_power_csv,local_obstruction_before_drift
rank170_Q31_random_root_sets,random_root_sets,170,4,5,3,194,235,8955,718119583875,8955,31,prime_block_le_31,4,53599,10.8892856902,9,2.19722457734,2,7,0,,-0.407906201663,2.19722457734,1.00852410199,1.00852410199,1.00852410199,none_visible,0.398876366395,0.333333333333,0.0655430330621,deterministic_seeded_random_sets_same_cardinality,local_obstruction_before_drift
rank170_Q31_exact_power_anchor,exact_power_anchor,170,4,5,3,194,235,8955,718119583875,8955,31,prime_block_le_31,4,53599,10.8892856902,81,4.39444915467,0,0,15,631 709 1220 1282 1450 2039 3049 4925 5077 5728 6521 7340,-2.605130779,1.68639895357,1.00229129185,0.999094236615,1.00852410199,constructed_exact_power_root,0.398876366395,0.333333333333,0.0655430330621,C_from_near_power_row_as_positive_control,positive_control_survivor
rank171_Q31_actual_near_miss,actual_near_miss,171,7,7,3,87,218,286175,23436625181609375,286175,31,prime_block_le_31,4,53599,10.8892856902,1,0,4,7,0,,-1.67507310062,0,,,,none_visible,0.288893524705,0.333333333333,-0.0444398086288,existing_near_power_csv,local_obstruction_before_drift
rank171_Q31_random_root_sets,random_root_sets,171,7,7,3,87,218,286175,23436625181609375,286175,31,prime_block_le_31,4,53599,10.8892856902,1,0,4,7,0,,-1.67507310062,0,,,,none_visible,0.288893524705,0.333333333333,-0.0444398086288,deterministic_seeded_random_sets_same_cardinality,local_obstruction_before_drift
rank171_Q31_exact_power_anchor,exact_power_anchor,171,7,7,3,87,218,286175,23436625181609375,286175,31,prime_block_le_31,4,53599,10.8892856902,81,4.39444915467,0,0,431,226 473 2277 3672 4292 4348 4565 4881 5154 5527 5868 6115,-6.06952225529,-1.67165893543,1.0000253665,0.999958844142,1.00006988731,constructed_exact_power_root,0.288893524705,0.333333333333,-0.0444398086288,C_from_near_power_row_as_positive_control,positive_control_survivor
rank172_Q31_actual_near_miss,actual_near_miss,172,7,7,3,157,199,245021,14709906899144261,245021,31,prime_block_le_31,4,53599,10.8892856902,27,3.295836866,1,31,0,,-4.81565037598,3.295836866,1.00000929626,1.00000634866,1.00001224385,none_visible,0.29250808928,0.333333333333,-0.040825244053,existing_near_power_csv,local_obstruction_before_drift
rank172_Q31_random_root_sets,random_root_sets,172,7,7,3,157,199,245021,14709906899144261,245021,31,prime_block_le_31,4,53599,10.8892856902,27,3.295836866,1,31,0,,-4.81565037598,3.295836866,0.999968029951,0.999923816054,1.00001224385,none_visible,0.29250808928,0.333333333333,-0.040825244053,deterministic_seeded_random_sets_same_cardinality,local_obstruction_before_drift
rank172_Q31_exact_power_anchor,exact_power_anchor,172,7,7,3,157,199,245021,14709906899144261,245021,31,prime_block_le_31,4,53599,10.8892856902,27,3.295836866,0,0,126,1442 2961 7084 7427 11424 12614 13069 15547 18256 19796 21532 23919,-4.81565037598,-1.54044504095,0.999982767917,0.999923816054,1.00001224385,constructed_exact_power_root,0.29250808928,0.333333333333,-0.040825244053,C_from_near_power_row_as_positive_control,positive_control_survivor
rank173_Q31_actual_near_miss,actual_near_miss,173,5,5,3,79,219,7973,506833476317,7973,31,prime_block_le_31,4,53599,10.8892856902,81,4.39444915467,0,0,7,1367 2216 2307 2710 4188 4477 6554,-2.48897957701,2.44853900562,0.999651601934,0.998230137826,1.00140752819,none_visible,0.404033414227,0.333333333333,0.0707000808938,existing_near_power_csv,low_section_survivor_requires_anchor_audit
rank173_Q31_random_root_sets,random_root_sets,173,5,5,3,79,219,7973,506833476317,7973,31,prime_block_le_31,4,53599,10.8892856902,81,4.39444915467,0,0,13,4 1144 1547 1733 2236 2825 3965 4554 4602 5005 5191 7423,-2.48897957701,1.82949979721,0.994160848419,0.976782752902,1.0051144836,none_visible,0.404033414227,0.333333333333,0.0707000808938,deterministic_seeded_random_sets_same_cardinality,low_section_survivor_requires_anchor_audit
rank173_Q31_exact_power_anchor,exact_power_anchor,173,5,5,3,79,219,7973,506833476317,7973,31,prime_block_le_31,4,53599,10.8892856902,27,3.295836866,0,0,3,987 3808 7973,-1.39036728834,2.19722457734,1.00122171588,1.00058530875,1.00167231072,constructed_exact_power_root,0.404033414227,0.333333333333,0.0707000808938,C_from_near_power_row_as_positive_control,positive_control_survivor
rank174_Q31_actual_near_miss,actual_near_miss,174,7,7,3,111,217,283831,22865435737145191,283831,31,prime_block_le_31,4,53599,10.8892856902,3,1.09861228867,3,13,0,,-2.7654608681,1.09861228867,,,,none_visible,0.28908275579,0.333333333333,-0.0442505775434,existing_near_power_csv,local_obstruction_before_drift
rank174_Q31_random_root_sets,random_root_sets,174,7,7,3,111,217,283831,22865435737145191,283831,31,prime_block_le_31,4,53599,10.8892856902,3,1.09861228867,3,13,0,,-2.7654608681,1.09861228867,,,,none_visible,0.28908275579,0.333333333333,-0.0442505775434,deterministic_seeded_random_sets_same_cardinality,local_obstruction_before_drift
rank174_Q31_exact_power_anchor,exact_power_anchor,174,7,7,3,111,217,283831,22865435737145191,283831,31,prime_block_le_31,4,53599,10.8892856902,81,4.39444915467,0,0,428,123 522 1773 2878 3502 5462 6350 7074 7191 8117 8768 8803,-6.0612977341,-1.66467404091,1.00004293113,1.00000548057,1.00009473556,constructed_exact_power_root,0.28908275579,0.333333333333,-0.0442505775434,C_from_near_power_row_as_positive_control,positive_control_survivor
rank175_Q31_actual_near_miss,actual_near_miss,175,6,7,3,120,157,133030,2354229369127000,133030,31,prime_block_le_31,4,53599,10.8892856902,9,2.19722457734,2,7,0,,-3.10626883285,2.19722457734,0.999647531467,0.999647531467,0.999647531467,none_visible,0.307650482181,0.333333333333,-0.025682851152,existing_near_power_csv,local_obstruction_before_drift
rank175_Q31_random_root_sets,random_root_sets,175,6,7,3,120,157,133030,2354229369127000,133030,31,prime_block_le_31,4,53599,10.8892856902,9,2.19722457734,2,7,0,,-3.10626883285,2.19722457734,0.999647531467,0.999647531467,0.999647531467,none_visible,0.307650482181,0.333333333333,-0.025682851152,deterministic_seeded_random_sets_same_cardinality,local_obstruction_before_drift
rank175_Q31_exact_power_anchor,exact_power_anchor,175,6,7,3,120,157,133030,2354229369127000,133030,31,prime_block_le_31,4,53599,10.8892856902,81,4.39444915467,0,0,198,1626 2395 2458 2804 4286 4447 5625 5749 6581 7107 8570 8880,-5.30349341018,-0.893817876022,1.00012946119,0.999742748085,1.00063143652,constructed_exact_power_root,0.307650482181,0.333333333333,-0.025682851152,C_from_near_power_row_as_positive_control,positive_control_survivor
rank176_Q31_actual_near_miss,actual_near_miss,176,5,5,3,107,211,7561,432252699481,7561,31,prime_block_le_31,4,53599,10.8892856902,3,1.09861228867,3,7,0,,0.859914665942,1.09861228867,,,,none_visible,0.406433764947,0.333333333333,0.0731004316133,existing_near_power_csv,local_obstruction_before_drift
rank176_Q31_random_root_sets,random_root_sets,176,5,5,3,107,211,7561,432252699481,7561,31,prime_block_le_31,4,53599,10.8892856902,3,1.09861228867,3,7,0,,0.859914665942,1.09861228867,,,,none_visible,0.406433764947,0.333333333333,0.0731004316133,deterministic_seeded_random_sets_same_cardinality,local_obstruction_before_drift
rank176_Q31_exact_power_anchor,exact_power_anchor,176,5,5,3,107,211,7561,432252699481,7561,31,prime_block_le_31,4,53599,10.8892856902,81,4.39444915467,0,0,12,2374 2725 4141 4635 4895 5195 5224 6092 6962 7365 7456 7561,-2.43592220006,1.90954250488,1.00204264574,1.00027921057,1.0040412056,constructed_exact_power_root,0.406433764947,0.333333333333,0.0731004316133,C_from_near_power_row_as_positive_control,positive_control_survivor
rank177_Q31_actual_near_miss,actual_near_miss,177,5,6,3,195,226,51112,133526856636928,51112,31,prime_block_le_31,4,53599,10.8892856902,9,2.19722457734,1,19,0,,-2.14971346945,2.19722457734,0.999357619867,0.998721761361,0.999993478374,none_visible,0.334794075377,0.333333333333,0.00146074204383,existing_near_power_csv,local_obstruction_before_drift
rank177_Q31_random_root_sets,random_root_sets,177,5,6,3,195,226,51112,133526856636928,51112,31,prime_block_le_31,4,53599,10.8892856902,9,2.19722457734,1,19,0,,-2.14971346945,2.19722457734,1.00053042556,1.0004739048,1.00058694631,none_visible,0.334794075377,0.333333333333,0.00146074204383,deterministic_seeded_random_sets_same_cardinality,local_obstruction_before_drift
rank177_Q31_exact_power_anchor,exact_power_anchor,177,5,6,3,195,226,51112,133526856636928,51112,31,prime_block_le_31,4,53599,10.8892856902,81,4.39444915467,0,0,78,458 724 755 1732 3251 4429 4878 5638 7185 7374 8412 9218,-4.34693804679,0.0377403279828,1.00010941839,0.999993478374,1.00033260291,constructed_exact_power_root,0.334794075377,0.333333333333,0.00146074204383,C_from_near_power_row_as_positive_control,positive_control_survivor
rank178_Q31_actual_near_miss,actual_near_miss,178,7,6,3,43,178,31774,32078619752824,31774,31,prime_block_le_31,4,53599,10.8892856902,9,2.19722457734,2,7,0,,-1.67434251145,2.19722457734,0.999164236308,0.999164236308,0.999164236308,none_visible,0.350146688117,0.333333333333,0.0168133547834,existing_near_power_csv,local_obstruction_before_drift
rank178_Q31_random_root_sets,random_root_sets,178,7,6,3,43,178,31774,32078619752824,31774,31,prime_block_le_31,4,53599,10.8892856902,9,2.19722457734,2,7,0,,-1.67434251145,2.19722457734,1.00057349475,1.00057349475,1.00057349475,none_visible,0.350146688117,0.333333333333,0.0168133547834,deterministic_seeded_random_sets_same_cardinality,local_obstruction_before_drift
rank178_Q31_exact_power_anchor,exact_power_anchor,178,7,6,3,43,178,31774,32078619752824,31774,31,prime_block_le_31,4,53599,10.8892856902,81,4.39444915467,0,0,48,123 522 1773 2878 3502 5462 6350 7074 7191 8117 8768 8803,-3.87156708878,0.523248143765,1.0004604277,1.0001643552,1.00100711273,constructed_exact_power_root,0.350146688117,0.333333333333,0.0168133547834,C_from_near_power_row_as_positive_control,positive_control_survivor
rank179_Q31_actual_near_miss,actual_near_miss,179,6,6,3,101,187,35256,43822698057216,35256,31,prime_block_le_31,4,53599,10.8892856902,3,1.09861228867,2,7,0,,-0.679717605021,1.09861228867,0.997173058014,0.997173058014,0.997173058014,none_visible,0.346669183077,0.333333333333,0.0133358497432,existing_near_power_csv,local_obstruction_before_drift
rank179_Q31_random_root_sets,random_root_sets,179,6,6,3,101,187,35256,43822698057216,35256,31,prime_block_le_31,4,53599,10.8892856902,3,1.09861228867,2,7,0,,-0.679717605021,1.09861228867,0.999508357915,0.999508357915,0.999508357915,none_visible,0.346669183077,0.333333333333,0.0133358497432,deterministic_seeded_random_sets_same_cardinality,local_obstruction_before_drift
rank179_Q31_exact_power_anchor,exact_power_anchor,179,6,6,3,101,187,35256,43822698057216,35256,31,prime_block_le_31,4,53599,10.8892856902,27,3.295836866,0,0,20,39 2990 4225 4628 7449 11050 12532 13871 15353 19539 19786 20189,-2.87694218236,0.30010459245,1.00132680332,0.999754178958,1.00238257318,constructed_exact_power_root,0.346669183077,0.333333333333,0.0133358497432,C_from_near_power_row_as_positive_control,positive_control_survivor
rank180_Q31_actual_near_miss,actual_near_miss,180,6,7,3,212,151,123436,1880725960305856,123436,31,prime_block_le_31,4,53599,10.8892856902,3,1.09861228867,3,7,0,,-1.9328046806,1.09861228867,,,,none_visible,0.30961476375,0.333333333333,-0.023718569583,existing_near_power_csv,local_obstruction_before_drift
rank180_Q31_random_root_sets,random_root_sets,180,6,7,3,212,151,123436,1880725960305856,123436,31,prime_block_le_31,4,53599,10.8892856902,3,1.09861228867,3,7,0,,-1.9328046806,1.09861228867,,,,none_visible,0.30961476375,0.333333333333,-0.023718569583,deterministic_seeded_random_sets_same_cardinality,local_obstruction_before_drift
rank180_Q31_exact_power_anchor,exact_power_anchor,180,6,7,3,212,151,123436,1880725960305856,123436,31,prime_block_le_31,4,53599,10.8892856902,81,4.39444915467,0,0,183,94 521 1699 1823 2330 2915 3818 4644 5864 6639 6852 8581,-5.22864154661,-0.815036998169,0.99997749621,0.999921686812,1.00007381243,constructed_exact_power_root,0.30961476375,0.333333333333,-0.023718569583,C_from_near_power_row_as_positive_control,positive_control_survivor
rank181_Q31_actual_near_miss,actual_near_miss,181,6,7,3,152,165,149508,3341898809704512,149508,31,prime_block_le_31,4,53599,10.8892856902,1,0,4,7,0,,-1.02581949192,0,,,,none_visible,0.304635321405,0.333333333333,-0.028698011928,existing_near_power_csv,local_obstruction_before_drift
rank181_Q31_random_root_sets,random_root_sets,181,6,7,3,152,165,149508,3341898809704512,149508,31,prime_block_le_31,4,53599,10.8892856902,1,0,4,7,0,,-1.02581949192,0,,,,none_visible,0.304635321405,0.333333333333,-0.028698011928,deterministic_seeded_random_sets_same_cardinality,local_obstruction_before_drift
rank181_Q31_exact_power_anchor,exact_power_anchor,181,6,7,3,152,165,149508,3341898809704512,149508,31,prime_block_le_31,4,53599,10.8892856902,81,4.39444915467,0,0,227,739 3075 4470 4804 4831 5090 5679 6199 6381 6598 6819 7408,-5.42026864659,-1.03050086281,1.00018926276,0.999878861926,1.00065548332,constructed_exact_power_root,0.304635321405,0.333333333333,-0.028698011928,C_from_near_power_row_as_positive_control,positive_control_survivor
rank182_Q31_actual_near_miss,actual_near_miss,182,7,7,3,203,227,356385,45264554441366625,356385,31,prime_block_le_31,4,53599,10.8892856902,9,2.19722457734,2,7,0,,-4.09170577332,2.19722457734,1.00012938567,1.00012938567,1.00012938567,none_visible,0.283935238263,0.333333333333,-0.04939809507,existing_near_power_csv,local_obstruction_before_drift
rank182_Q31_random_root_sets,random_root_sets,182,7,7,3,203,227,356385,45264554441366625,356385,31,prime_block_le_31,4,53599,10.8892856902,9,2.19722457734,2,7,0,,-4.09170577332,2.19722457734,1.00012938567,1.00012938567,1.00012938567,none_visible,0.283935238263,0.333333333333,-0.04939809507,deterministic_seeded_random_sets_same_cardinality,local_obstruction_before_drift
rank182_Q31_exact_power_anchor,exact_power_anchor,182,7,7,3,203,227,356385,45264554441366625,356385,31,prime_block_le_31,4,53599,10.8892856902,81,4.39444915467,0,0,537,820 1192 1465 2055 2928 3480 4943 6178 6462 7697 8849 8906,-6.28893035065,-1.89154893984,1.00011317349,1.0000240065,1.00025503006,constructed_exact_power_root,0.283935238263,0.333333333333,-0.04939809507,C_from_near_power_row_as_positive_control,positive_control_survivor
rank183_Q31_actual_near_miss,actual_near_miss,183,6,7,3,106,135,93547,818633651978323,93547,31,prime_block_le_31,4,53599,10.8892856902,3,1.09861228867,3,7,0,,-1.65554586128,1.09861228867,,,,none_visible,0.31711448238,0.333333333333,-0.0162188509534,existing_near_power_csv,local_obstruction_before_drift
rank183_Q31_random_root_sets,random_root_sets,183,6,7,3,106,135,93547,818633651978323,93547,31,prime_block_le_31,4,53599,10.8892856902,3,1.09861228867,3,7,0,,-1.65554586128,1.09861228867,,,,none_visible,0.31711448238,0.333333333333,-0.0162188509534,deterministic_seeded_random_sets_same_cardinality,local_obstruction_before_drift
rank183_Q31_exact_power_anchor,exact_power_anchor,183,6,7,3,106,135,93547,818633651978323,93547,31,prime_block_le_31,4,53599,10.8892856902,81,4.39444915467,0,0,142,376 2084 2903 3169 4003 4437 5197 6114 6530 6796 7292 7537,-4.95138272728,-0.561377902929,1.00008274708,0.99982539971,1.00041215171,constructed_exact_power_root,0.31711448238,0.333333333333,-0.0162188509534,C_from_near_power_row_as_positive_control,positive_control_survivor
rank184_Q31_actual_near_miss,actual_near_miss,184,6,7,3,169,203,242323,14229312292552267,242323,31,prime_block_le_31,4,53599,10.8892856902,9,2.19722457734,2,19,0,,-3.70596571312,2.19722457734,0.999957815716,0.999957815716,0.999957815716,none_visible,0.292769321093,0.333333333333,-0.0405640122406,existing_near_power_csv,local_obstruction_before_drift
rank184_Q31_random_root_sets,random_root_sets,184,6,7,3,169,203,242323,14229312292552267,242323,31,prime_block_le_31,4,53599,10.8892856902,9,2.19722457734,2,19,0,,-3.70596571312,2.19722457734,0.999999541475,0.999999541475,0.999999541475,none_visible,0.292769321093,0.333333333333,-0.0405640122406,deterministic_seeded_random_sets_same_cardinality,local_obstruction_before_drift
rank184_Q31_exact_power_anchor,exact_power_anchor,184,6,7,3,169,203,242323,14229312292552267,242323,31,prime_block_le_31,4,53599,10.8892856902,81,4.39444915467,0,0,359,1639 2011 2752 3266 3558 4026 4785 5762 8908 9668 10474 11215,-5.90319029045,-1.48887323382,1.00005395309,1.00004126723,1.00007336397,constructed_exact_power_root,0.292769321093,0.333333333333,-0.0405640122406,C_from_near_power_row_as_positive_control,positive_control_survivor
rank185_Q31_actual_near_miss,actual_near_miss,185,7,7,3,109,153,128975,2145441166859375,128975,31,prime_block_le_31,4,53599,10.8892856902,9,2.19722457734,2,7,0,,-3.07531275328,2.19722457734,0.999883698391,0.999883698391,0.999883698391,none_visible,0.308459809132,0.333333333333,-0.0248735242016,existing_near_power_csv,local_obstruction_before_drift
rank185_Q31_random_root_sets,random_root_sets,185,7,7,3,109,153,128975,2145441166859375,128975,31,prime_block_le_31,4,53599,10.8892856902,9,2.19722457734,2,7,0,,-3.07531275328,2.19722457734,0.999883698391,0.999883698391,0.999883698391,none_visible,0.308459809132,0.333333333333,-0.0248735242016,deterministic_seeded_random_sets_same_cardinality,local_obstruction_before_drift
rank185_Q31_exact_power_anchor,exact_power_anchor,185,7,7,3,109,153,128975,2145441166859375,128975,31,prime_block_le_31,4,53599,10.8892856902,27,3.295836866,0,0,65,1162 2359 4942 6804 7546 8001 13188 13314 18634 21560 21777 23821,-4.17392504195,-0.878550403891,1.0000832777,1.00001809136,1.00012405505,constructed_exact_power_root,0.308459809132,0.333333333333,-0.0248735242016,C_from_near_power_row_as_positive_control,positive_control_survivor
rank186_Q31_actual_near_miss,actual_near_miss,186,7,7,3,130,131,108846,1289547729479736,108846,31,prime_block_le_31,4,53599,10.8892856902,3,1.09861228867,3,7,0,,-1.80701591667,1.09861228867,,,,none_visible,0.3129728515,0.333333333333,-0.020360481833,existing_near_power_csv,local_obstruction_before_drift
rank186_Q31_random_root_sets,random_root_sets,186,7,7,3,130,131,108846,1289547729479736,108846,31,prime_block_le_31,4,53599,10.8892856902,3,1.09861228867,3,7,0,,-1.80701591667,1.09861228867,,,,none_visible,0.3129728515,0.333333333333,-0.020360481833,deterministic_seeded_random_sets_same_cardinality,local_obstruction_before_drift
rank186_Q31_exact_power_anchor,exact_power_anchor,186,7,7,3,130,131,108846,1289547729479736,108846,31,prime_block_le_31,4,53599,10.8892856902,81,4.39444915467,0,0,167,439 831 1427 1637 1648 3156 3384 3442 4562 5171 5550 5771,-5.10285278267,-0.723544657744,1.0000762205,0.999735610148,1.00049203053,constructed_exact_power_root,0.3129728515,0.333333333333,-0.020360481833,C_from_near_power_row_as_positive_control,positive_control_survivor
rank187_Q31_actual_near_miss,actual_near_miss,187,6,6,3,65,152,23151,12408213711951,23151,31,prime_block_le_31,4,53599,10.8892856902,27,3.295836866,1,7,0,,-2.45634443096,3.295836866,1.00061432432,1.00052313555,1.00070551308,none_visible,0.361177767998,0.333333333333,0.0278444346642,existing_near_power_csv,local_obstruction_before_drift
rank187_Q31_random_root_sets,random_root_sets,187,6,6,3,65,152,23151,12408213711951,23151,31,prime_block_le_31,4,53599,10.8892856902,27,3.295836866,1,7,0,,-2.45634443096,3.295836866,0.998608171473,0.997878661349,0.999337681598,none_visible,0.361177767998,0.333333333333,0.0278444346642,deterministic_seeded_random_sets_same_cardinality,local_obstruction_before_drift
rank187_Q31_exact_power_anchor,exact_power_anchor,187,6,6,3,65,152,23151,12408213711951,23151,31,prime_block_le_31,4,53599,10.8892856902,81,4.39444915467,0,0,33,1334 3063 3690 4376 4531 5364 5419 6108 6143 7093 7837 8003,-3.55495671963,0.897941593206,1.00219812919,0.999712035477,1.00635921654,constructed_exact_power_root,0.361177767998,0.333333333333,0.0278444346642,C_from_near_power_row_as_positive_control,positive_control_survivor
rank188_Q31_actual_near_miss,actual_near_miss,188,7,7,3,59,130,85725,629973790453125,85725,31,prime_block_le_31,4,53599,10.8892856902,3,1.09861228867,2,13,0,,-1.56822637583,1.09861228867,0.999665597356,0.999665597356,0.999665597356,none_visible,0.319552242548,0.333333333333,-0.0137810907855,existing_near_power_csv,local_obstruction_before_drift
rank188_Q31_random_root_sets,random_root_sets,188,7,7,3,59,130,85725,629973790453125,85725,31,prime_block_le_31,4,53599,10.8892856902,3,1.09861228867,2,13,0,,-1.56822637583,1.09861228867,0.999665597356,0.999665597356,0.999665597356,none_visible,0.319552242548,0.333333333333,-0.0137810907855,deterministic_seeded_random_sets_same_cardinality,local_obstruction_before_drift
rank188_Q31_exact_power_anchor,exact_power_anchor,188,7,7,3,59,130,85725,629973790453125,85725,31,prime_block_le_31,4,53599,10.8892856902,81,4.39444915467,0,0,127,157 1335 2544 3513 3615 4280 4793 5032 6002 7047 7738 8186,-4.86406324184,-0.449737931786,1.00010023438,1.00008295259,1.00013350183,constructed_exact_power_root,0.319552242548,0.333333333333,-0.0137810907855,C_from_near_power_row_as_positive_control,positive_control_survivor
rank189_Q31_actual_near_miss,actual_near_miss,189,7,7,3,147,197,235123,12998263692805867,235123,31,prime_block_le_31,4,53599,10.8892856902,3,1.09861228867,3,13,0,,-2.57719065895,1.09861228867,,,,none_visible,0.293483327354,0.333333333333,-0.0398500059794,existing_near_power_csv,local_obstruction_before_drift
rank189_Q31_random_root_sets,random_root_sets,189,7,7,3,147,197,235123,12998263692805867,235123,31,prime_block_le_31,4,53599,10.8892856902,3,1.09861228867,3,13,0,,-2.57719065895,1.09861228867,,,,none_visible,0.293483327354,0.333333333333,-0.0398500059794,deterministic_seeded_random_sets_same_cardinality,local_obstruction_before_drift
rank189_Q31_exact_power_anchor,exact_power_anchor,189,7,7,3,147,197,235123,12998263692805867,235123,31,prime_block_le_31,4,53599,10.8892856902,27,3.295836866,0,0,117,1631 1848 5621 6636 10094 14084 17269 20594 20727 22911 26236 26369,-4.77441523629,-1.46633706879,1.00004331854,0.999960304465,1.00008931495,constructed_exact_power_root,0.293483327354,0.333333333333,-0.0398500059794,C_from_near_power_row_as_positive_control,positive_control_survivor
rank190_Q31_actual_near_miss,actual_near_miss,190,6,6,3,230,247,72120,375117352128000,72120,31,prime_block_le_31,4,53599,10.8892856902,9,2.19722457734,2,7,0,,-2.49402556449,2.19722457734,1.00005546312,1.00005546312,1.00005546312,none_visible,0.32448898363,0.333333333333,-0.00884434970306,existing_near_power_csv,local_obstruction_before_drift
rank190_Q31_random_root_sets,random_root_sets,190,6,6,3,230,247,72120,375117352128000,72120,31,prime_block_le_31,4,53599,10.8892856902,9,2.19722457734,2,7,0,,-2.49402556449,2.19722457734,1.00005546312,1.00005546312,1.00005546312,none_visible,0.32448898363,0.333333333333,-0.00884434970306,deterministic_seeded_random_sets_same_cardinality,local_obstruction_before_drift
rank190_Q31_exact_power_anchor,exact_power_anchor,190,6,6,3,230,247,72120,375117352128000,72120,31,prime_block_le_31,4,53599,10.8892856902,81,4.39444915467,0,0,111,412 789 846 2029 2271 3604 3734 4689 4969 6152 6891 7138,-4.69125014182,-0.31508104664,0.999982539389,0.999895236335,1.00005546312,constructed_exact_power_root,0.32448898363,0.333333333333,-0.00884434970306,C_from_near_power_row_as_positive_control,positive_control_survivor
rank191_Q31_actual_near_miss,actual_near_miss,191,6,7,3,228,161,143330,2944498264037000,143330,31,prime_block_le_31,4,53599,10.8892856902,3,1.09861228867,3,13,0,,-2.08223154142,1.09861228867,,,,none_visible,0.305718096302,0.333333333333,-0.0276152370314,existing_near_power_csv,local_obstruction_before_drift
rank191_Q31_random_root_sets,random_root_sets,191,6,7,3,228,161,143330,2944498264037000,143330,31,prime_block_le_31,4,53599,10.8892856902,3,1.09861228867,3,13,0,,-2.08223154142,1.09861228867,,,,none_visible,0.305718096302,0.333333333333,-0.0276152370314,deterministic_seeded_random_sets_same_cardinality,local_obstruction_before_drift
rank191_Q31_exact_power_anchor,exact_power_anchor,191,6,7,3,228,161,143330,2944498264037000,143330,31,prime_block_le_31,4,53599,10.8892856902,81,4.39444915467,0,0,218,110 395 642 2502 3148 3737 3867 4114 4269 5634 5696 6285,-5.37806840742,-0.990045908117,1.0003932908,1.00003565974,1.00086668682,constructed_exact_power_root,0.305718096302,0.333333333333,-0.0276152370314,C_from_near_power_row_as_positive_control,positive_control_survivor
rank192_Q31_actual_near_miss,actual_near_miss,192,7,7,3,79,134,92637,794974954718853,92637,31,prime_block_le_31,4,53599,10.8892856902,9,2.19722457734,2,7,0,,-2.74438279603,2.19722457734,1.00008875743,1.00008875743,1.00008875743,none_visible,0.317385537467,0.333333333333,-0.0159477958666,existing_near_power_csv,local_obstruction_before_drift
rank192_Q31_random_root_sets,random_root_sets,192,7,7,3,79,134,92637,794974954718853,92637,31,prime_block_le_31,4,53599,10.8892856902,9,2.19722457734,2,7,0,,-2.74438279603,2.19722457734,1.00008875743,1.00008875743,1.00008875743,none_visible,0.317385537467,0.333333333333,-0.0159477958666,deterministic_seeded_random_sets_same_cardinality,local_obstruction_before_drift
rank192_Q31_exact_power_anchor,exact_power_anchor,192,7,7,3,79,134,92637,794974954718853,92637,31,prime_block_le_31,4,53599,10.8892856902,81,4.39444915467,0,0,142,1000 1063 2649 3884 3951 4255 4287 4534 5186 5997 6772 7076,-4.94160737337,-0.561377902929,1.00041100288,1.00001079482,1.00105549379,constructed_exact_power_root,0.317385537467,0.333333333333,-0.0159477958666,C_from_near_power_row_as_positive_control,positive_control_survivor
rank193_Q31_actual_near_miss,actual_near_miss,193,7,7,3,196,229,353402,44137426657600808,353402,31,prime_block_le_31,4,53599,10.8892856902,1,0,4,7,0,,-1.88607580799,0,,,,none_visible,0.284122049873,0.333333333333,-0.0492112834606,existing_near_power_csv,local_obstruction_before_drift
rank193_Q31_random_root_sets,random_root_sets,193,7,7,3,196,229,353402,44137426657600808,353402,31,prime_block_le_31,4,53599,10.8892856902,1,0,4,7,0,,-1.88607580799,0,,,,none_visible,0.284122049873,0.333333333333,-0.0492112834606,deterministic_seeded_random_sets_same_cardinality,local_obstruction_before_drift
rank193_Q31_exact_power_anchor,exact_power_anchor,193,7,7,3,196,229,353402,44137426657600808,353402,31,prime_block_le_31,4,53599,10.8892856902,27,3.295836866,0,0,183,413 2149 4536 5334 8792 8876 12999 13797 14518 17255 17703 18641,-5.181912674,-1.91364928684,1.00004233978,0.999947180076,1.00017952486,constructed_exact_power_root,0.284122049873,0.333333333333,-0.0492112834606,C_from_near_power_row_as_positive_control,positive_control_survivor
rank194_Q31_actual_near_miss,actual_near_miss,194,6,7,3,110,119,69775,339703119859375,69775,31,prime_block_le_31,4,53599,10.8892856902,9,2.19722457734,2,13,0,,-2.46096994557,2.19722457734,1.00008121342,1.00008121342,1.00008121342,none_visible,0.325450711803,0.333333333333,-0.00788262152997,existing_near_power_csv,local_obstruction_before_drift
rank194_Q31_random_root_sets,random_root_sets,194,6,7,3,110,119,69775,339703119859375,69775,31,prime_block_le_31,4,53599,10.8892856902,9,2.19722457734,2,13,0,,-2.46096994557,2.19722457734,1.00008121342,1.00008121342,1.00008121342,none_visible,0.325450711803,0.333333333333,-0.00788262152997,deterministic_seeded_random_sets_same_cardinality,local_obstruction_before_drift
rank194_Q31_exact_power_anchor,exact_power_anchor,194,6,7,3,110,119,69775,339703119859375,69775,31,prime_block_le_31,4,53599,10.8892856902,81,4.39444915467,0,0,110,311 1265 2040 2357 2547 3260 4086 4248 5802 5977 6081 6205,-4.65819452291,-0.30603121112,1.00029672094,0.999880568494,1.000777101,constructed_exact_power_root,0.325450711803,0.333333333333,-0.00788262152997,C_from_near_power_row_as_positive_control,positive_control_survivor
rank195_Q31_actual_near_miss,actual_near_miss,195,6,7,3,216,247,383020,56190688799608000,383020,31,prime_block_le_31,4,53599,10.8892856902,9,2.19722457734,1,7,0,,-4.16378137329,2.19722457734,0.999842770032,0.999556158947,1.00012938112,none_visible,0.282343370389,0.333333333333,-0.0509899629442,existing_near_power_csv,local_obstruction_before_drift
rank195_Q31_random_root_sets,random_root_sets,195,6,7,3,216,247,383020,56190688799608000,383020,31,prime_block_le_31,4,53599,10.8892856902,9,2.19722457734,1,7,0,,-4.16378137329,2.19722457734,0.999806943647,0.999556158947,1.00005772835,none_visible,0.282343370389,0.333333333333,-0.0509899629442,deterministic_seeded_random_sets_same_cardinality,local_obstruction_before_drift
rank195_Q31_exact_power_anchor,exact_power_anchor,195,6,7,3,216,247,383020,56190688799608000,383020,31,prime_block_le_31,4,53599,10.8892856902,81,4.39444915467,0,0,580,170 354 1348 1842 2991 4169 4293 4572 4663 6358 7114 7536,-6.36100595062,-1.96857894887,1.00008315976,0.999986075575,1.00023961615,constructed_exact_power_root,0.282343370389,0.333333333333,-0.0509899629442,C_from_near_power_row_as_positive_control,positive_control_survivor
rank196_Q31_actual_near_miss,actual_near_miss,196,6,7,3,228,223,302077,27564681496130533,302077,31,prime_block_le_31,4,53599,10.8892856902,1,0,3,13,0,,-1.72915154058,0,,,,none_visible,0.287655422803,0.333333333333,-0.0456779105304,existing_near_power_csv,local_obstruction_before_drift
rank196_Q31_random_root_sets,random_root_sets,196,6,7,3,228,223,302077,27564681496130533,302077,31,prime_block_le_31,4,53599,10.8892856902,1,0,3,13,0,,-1.72915154058,0,,,,none_visible,0.287655422803,0.333333333333,-0.0456779105304,deterministic_seeded_random_sets_same_cardinality,local_obstruction_before_drift
rank196_Q31_exact_power_anchor,exact_power_anchor,196,6,7,3,228,223,302077,27564681496130533,302077,31,prime_block_le_31,4,53599,10.8892856902,81,4.39444915467,0,0,453,542 1875 2369 2960 3454 3506 3981 5409 8693 9439 9532 9551,-6.12360069525,-1.72144297081,0.999939922112,0.999831536698,1.00001324166,constructed_exact_power_root,0.287655422803,0.333333333333,-0.0456779105304,C_from_near_power_row_as_positive_control,positive_control_survivor
rank197_Q31_actual_near_miss,actual_near_miss,197,7,7,3,165,167,190856,6952123086742016,190856,31,prime_block_le_31,4,53599,10.8892856902,1,0,4,7,0,,-1.26998880581,0,,,,none_visible,0.298517966506,0.333333333333,-0.0348153668278,existing_near_power_csv,local_obstruction_before_drift
rank197_Q31_random_root_sets,random_root_sets,197,7,7,3,165,167,190856,6952123086742016,190856,31,prime_block_le_31,4,53599,10.8892856902,1,0,4,7,0,,-1.26998880581,0,,,,none_visible,0.298517966506,0.333333333333,-0.0348153668278,deterministic_seeded_random_sets_same_cardinality,local_obstruction_before_drift
rank197_Q31_exact_power_anchor,exact_power_anchor,197,7,7,3,165,167,190856,6952123086742016,190856,31,prime_block_le_31,4,53599,10.8892856902,81,4.39444915467,0,0,296,144 438 562 919 2965 3355 3383 3693 4096 4267 4533 6176,-5.66443796049,-1.29591029965,1.00021850874,0.999961576616,1.00058100814,constructed_exact_power_root,0.298517966506,0.333333333333,-0.0348153668278,C_from_near_power_row_as_positive_control,positive_control_survivor
rank198_Q31_actual_near_miss,actual_near_miss,198,6,7,3,221,245,375871,53102682256901311,375871,31,prime_block_le_31,4,53599,10.8892856902,3,1.09861228867,3,13,0,,-3.0463278769,1.09861228867,,,,none_visible,0.282757773253,0.333333333333,-0.0505755600806,existing_near_power_csv,local_obstruction_before_drift
rank198_Q31_random_root_sets,random_root_sets,198,6,7,3,221,245,375871,53102682256901311,375871,31,prime_block_le_31,4,53599,10.8892856902,3,1.09861228867,3,13,0,,-3.0463278769,1.09861228867,,,,none_visible,0.282757773253,0.333333333333,-0.0505755600806,deterministic_seeded_random_sets_same_cardinality,local_obstruction_before_drift
rank198_Q31_exact_power_anchor,exact_power_anchor,198,6,7,3,221,245,375871,53102682256901311,375871,31,prime_block_le_31,4,53599,10.8892856902,81,4.39444915467,0,0,568,678 941 1419 1592 2008 3034 3359 4630 4646 5297 5449 6242,-6.3421647429,-1.94767226405,1.00007715413,1.00002542243,1.00011144485,constructed_exact_power_root,0.282757773253,0.333333333333,-0.0505755600806,C_from_near_power_row_as_positive_control,positive_control_survivor
rank199_Q31_actual_near_miss,actual_near_miss,199,7,7,3,83,201,236821,13281913022415661,236821,31,prime_block_le_31,4,53599,10.8892856902,3,1.09861228867,3,7,0,,-2.58438645899,1.09861228867,,,,none_visible,0.293312673849,0.333333333333,-0.0400206594843,existing_near_power_csv,local_obstruction_before_drift
rank199_Q31_random_root_sets,random_root_sets,199,7,7,3,83,201,236821,13281913022415661,236821,31,prime_block_le_31,4,53599,10.8892856902,3,1.09861228867,3,7,0,,-2.58438645899,1.09861228867,,,,none_visible,0.293312673849,0.333333333333,-0.0400206594843,deterministic_seeded_random_sets_same_cardinality,local_obstruction_before_drift
rank199_Q31_exact_power_anchor,exact_power_anchor,199,7,7,3,83,201,236821,13281913022415661,236821,31,prime_block_le_31,4,53599,10.8892856902,27,3.295836866,0,0,116,4082 4888 8320 11778 12545 13962 17420 22425 23634 25883 27092 29068,-4.78161103633,-1.4577533251,1.00009258438,0.999963404146,1.00021957512,constructed_exact_power_root,0.293312673849,0.333333333333,-0.0400206594843,C_from_near_power_row_as_positive_control,positive_control_survivor
rank200_Q31_actual_near_miss,actual_near_miss,200,7,7,3,179,226,330197,36001398328555373,330197,31,prime_block_le_31,4,53599,10.8892856902,9,2.19722457734,2,19,0,,-4.01538361219,2.19722457734,1.00000471099,1.00000471099,1.00000471099,none_visible,0.285640581192,0.333333333333,-0.0476927521412,existing_near_power_csv,local_obstruction_before_drift
rank200_Q31_random_root_sets,random_root_sets,200,7,7,3,179,226,330197,36001398328555373,330197,31,prime_block_le_31,4,53599,10.8892856902,9,2.19722457734,2,19,0,,-4.01538361219,2.19722457734,1.00006595389,1.00006595389,1.00006595389,none_visible,0.285640581192,0.333333333333,-0.0476927521412,deterministic_seeded_random_sets_same_cardinality,local_obstruction_before_drift
rank200_Q31_exact_power_anchor,exact_power_anchor,200,7,7,3,179,226,330197,36001398328555373,330197,31,prime_block_le_31,4,53599,10.8892856902,27,3.295836866,0,0,165,5691 7518 8603 9814 10878 12726 15001 18711 19887 23898 24010 24444,-5.11399590086,-1.8101086079,0.999899723162,0.999711619966,1.00004408143,constructed_exact_power_root,0.285640581192,0.333333333333,-0.0476927521412,C_from_near_power_row_as_positive_control,positive_control_survivor
rank201_Q31_actual_near_miss,actual_near_miss,201,7,6,3,71,175,33566,37818018565496,33566,31,prime_block_le_31,4,53599,10.8892856902,3,1.09861228867,3,13,0,,-0.630595527368,1.09861228867,,,,none_visible,0.348303255726,0.333333333333,0.0149699223928,existing_near_power_csv,local_obstruction_before_drift
rank201_Q31_random_root_sets,random_root_sets,201,7,6,3,71,175,33566,37818018565496,33566,31,prime_block_le_31,4,53599,10.8892856902,3,1.09861228867,3,13,0,,-0.630595527368,1.09861228867,,,,none_visible,0.348303255726,0.333333333333,0.0149699223928,deterministic_seeded_random_sets_same_cardinality,local_obstruction_before_drift
rank201_Q31_exact_power_anchor,exact_power_anchor,201,7,6,3,71,175,33566,37818018565496,33566,31,prime_block_le_31,4,53599,10.8892856902,27,3.295836866,0,0,16,1794 2535 6630 9451 10595 13806 17511 18239 21060 21463 25909 30342,-2.8278201047,0.523248143765,1.00045681146,1.00020854436,1.00077459334,constructed_exact_power_root,0.348303255726,0.333333333333,0.0149699223928,C_from_near_power_row_as_positive_control,positive_control_survivor
rank202_Q31_actual_near_miss,actual_near_miss,202,7,6,3,53,190,36398,48220594676792,36398,31,prime_block_le_31,4,53599,10.8892856902,1,0,3,7,0,,0.387016583108,0,,,,none_visible,0.345616919517,0.333333333333,0.0122835861839,existing_near_power_csv,local_obstruction_before_drift
rank202_Q31_random_root_sets,random_root_sets,202,7,6,3,53,190,36398,48220594676792,36398,31,prime_block_le_31,4,53599,10.8892856902,1,0,3,7,0,,0.387016583108,0,,,,none_visible,0.345616919517,0.333333333333,0.0122835861839,deterministic_seeded_random_sets_same_cardinality,local_obstruction_before_drift
rank202_Q31_exact_power_anchor,exact_power_anchor,202,7,6,3,53,190,36398,48220594676792,36398,31,prime_block_le_31,4,53599,10.8892856902,81,4.39444915467,0,0,53,1074 1818 2673 2841 3414 3492 5029 5848 6641 6793 7444 8886,-4.00743257156,0.42415724112,1.00010887859,0.999700838263,1.00057084944,constructed_exact_power_root,0.345616919517,0.333333333333,0.0122835861839,C_from_near_power_row_as_positive_control,positive_control_survivor
rank203_Q31_actual_near_miss,actual_near_miss,203,5,6,3,198,139,19589,7516865833469,19589,31,prime_block_le_31,4,53599,10.8892856902,1,0,4,7,0,,1.00656222699,0,,,,none_visible,0.367283564115,0.333333333333,0.0339502307819,existing_near_power_csv,local_obstruction_before_drift
rank203_Q31_random_root_sets,random_root_sets,203,5,6,3,198,139,19589,7516865833469,19589,31,prime_block_le_31,4,53599,10.8892856902,1,0,4,7,0,,1.00656222699,0,,,,none_visible,0.367283564115,0.333333333333,0.0339502307819,deterministic_seeded_random_sets_same_cardinality,local_obstruction_before_drift
rank203_Q31_exact_power_anchor,exact_power_anchor,203,5,6,3,198,139,19589,7516865833469,19589,31,prime_block_le_31,4,53599,10.8892856902,27,3.295836866,0,0,9,4275 6156 11343 12046 12540 14307 14402 17233 19589,-2.28927463902,1.09861228867,1.00079787787,0.999807148003,1.00226317491,constructed_exact_power_root,0.367283564115,0.333333333333,0.0339502307819,C_from_near_power_row_as_positive_control,positive_control_survivor
rank204_Q31_actual_near_miss,actual_near_miss,204,6,7,3,204,199,231650,12430738017125000,231650,31,prime_block_le_31,4,53599,10.8892856902,9,2.19722457734,2,7,0,,-3.66092177801,2.19722457734,1.00003693311,1.00003693311,1.00003693311,none_visible,0.293836875579,0.333333333333,-0.0394964577546,existing_near_power_csv,local_obstruction_before_drift
rank204_Q31_random_root_sets,random_root_sets,204,6,7,3,204,199,231650,12430738017125000,231650,31,prime_block_le_31,4,53599,10.8892856902,9,2.19722457734,2,7,0,,-3.66092177801,2.19722457734,0.999681511859,0.999681511859,0.999681511859,none_visible,0.293836875579,0.333333333333,-0.0394964577546,deterministic_seeded_random_sets_same_cardinality,local_obstruction_before_drift
rank204_Q31_exact_power_anchor,exact_power_anchor,204,6,7,3,204,199,231650,12430738017125000,231650,31,prime_block_le_31,4,53599,10.8892856902,81,4.39444915467,0,0,351,698 1504 2434 3149 3643 4182 4213 6683 7146 7489 7983 8336,-5.85814635535,-1.46633706879,1.00022783414,0.999980813967,1.00066575533,constructed_exact_power_root,0.293836875579,0.333333333333,-0.0394964577546,C_from_near_power_row_as_positive_control,positive_control_survivor
rank205_Q31_actual_near_miss,actual_near_miss,205,6,7,3,207,113,67964,313932872337344,67964,31,prime_block_le_31,4,53599,10.8892856902,1,0,4,7,0,,-0.237447742037,0,,,,none_visible,0.326219902619,0.333333333333,-0.00711343071423,existing_near_power_csv,local_obstruction_before_drift
rank205_Q31_random_root_sets,random_root_sets,205,6,7,3,207,113,67964,313932872337344,67964,31,prime_block_le_31,4,53599,10.8892856902,1,0,4,7,0,,-0.237447742037,0,,,,none_visible,0.326219902619,0.333333333333,-0.00711343071423,deterministic_seeded_random_sets_same_cardinality,local_obstruction_before_drift
rank205_Q31_exact_power_anchor,exact_power_anchor,205,6,7,3,207,113,67964,313932872337344,67964,31,prime_block_le_31,4,53599,10.8892856902,27,3.295836866,0,0,37,1261 3887 6708 7345 9321 10166 11141 11544 12142 14365 14599 15002,-3.53328460804,-0.31508104664,1.00051988308,0.999519353383,1.00184901811,constructed_exact_power_root,0.326219902619,0.333333333333,-0.00711343071423,C_from_near_power_row_as_positive_control,positive_control_survivor
rank206_Q31_actual_near_miss,actual_near_miss,206,6,7,3,203,244,372197,51560676262489373,372197,31,prime_block_le_31,4,53599,10.8892856902,9,2.19722457734,2,13,0,,-4.13511745014,2.19722457734,0.999951937042,0.999951937042,0.999951937042,none_visible,0.282974301707,0.333333333333,-0.0503590316268,existing_near_power_csv,local_obstruction_before_drift
rank206_Q31_random_root_sets,random_root_sets,206,6,7,3,203,244,372197,51560676262489373,372197,31,prime_block_le_31,4,53599,10.8892856902,9,2.19722457734,2,13,0,,-4.13511745014,2.19722457734,1.00008149806,1.00008149806,1.00008149806,none_visible,0.282974301707,0.333333333333,-0.0503590316268,deterministic_seeded_random_sets_same_cardinality,local_obstruction_before_drift
rank206_Q31_exact_power_anchor,exact_power_anchor,206,6,7,3,203,244,372197,51560676262489373,372197,31,prime_block_le_31,4,53599,10.8892856902,27,3.295836866,0,0,188,427 2569 5250 7343 8288 8939 9107 16023 16534 17353 20391 21042,-5.23372973881,-1.94060509683,1.00007065155,1.00001223964,1.00013702421,constructed_exact_power_root,0.282974301707,0.333333333333,-0.0503590316268,C_from_near_power_row_as_positive_control,positive_control_survivor
rank207_Q31_actual_near_miss,actual_near_miss,207,6,7,3,221,191,210969,9389791155283209,210969,31,prime_block_le_31,4,53599,10.8892856902,1,0,4,7,0,,-1.37018079206,0,,,,none_visible,0.296078291986,0.333333333333,-0.037255041347,existing_near_power_csv,local_obstruction_before_drift
rank207_Q31_random_root_sets,random_root_sets,207,6,7,3,221,191,210969,9389791155283209,210969,31,prime_block_le_31,4,53599,10.8892856902,1,0,4,7,0,,-1.37018079206,0,,,,none_visible,0.296078291986,0.333333333333,-0.037255041347,deterministic_seeded_random_sets_same_cardinality,local_obstruction_before_drift
rank207_Q31_exact_power_anchor,exact_power_anchor,207,6,7,3,221,191,210969,9389791155283209,210969,31,prime_block_le_31,4,53599,10.8892856902,81,4.39444915467,0,0,323,132 474 1006 1874 2463 2488 2953 3295 3356 3827 5309 5465,-5.76462994674,-1.38320316855,1.00009041174,1.00004476698,1.00011323412,constructed_exact_power_root,0.296078291986,0.333333333333,-0.037255041347,C_from_near_power_row_as_positive_control,positive_control_survivor
rank208_Q31_actual_near_miss,actual_near_miss,208,7,7,3,89,196,223446,11156237565520536,223446,31,prime_block_le_31,4,53599,10.8892856902,3,1.09861228867,2,7,0,,-2.5262516516,1.09861228867,1.00079512127,1.00079512127,1.00079512127,none_visible,0.294697083978,0.333333333333,-0.0386362493556,existing_near_power_csv,local_obstruction_before_drift
rank208_Q31_random_root_sets,random_root_sets,208,7,7,3,89,196,223446,11156237565520536,223446,31,prime_block_le_31,4,53599,10.8892856902,3,1.09861228867,2,7,0,,-2.5262516516,1.09861228867,0.999037798842,0.999037798842,0.999037798842,none_visible,0.294697083978,0.333333333333,-0.0386362493556,deterministic_seeded_random_sets_same_cardinality,local_obstruction_before_drift
rank208_Q31_exact_power_anchor,exact_power_anchor,208,7,7,3,89,196,223446,11156237565520536,223446,31,prime_block_le_31,4,53599,10.8892856902,81,4.39444915467,0,0,335,370 3918 3958 4569 5592 5725 6996 7376 7948 8027 9050 9414,-5.82208851761,-1.41968137715,0.999801095368,0.999330685913,1.0000427645,constructed_exact_power_root,0.294697083978,0.333333333333,-0.0386362493556,C_from_near_power_row_as_positive_control,positive_control_survivor
rank209_Q31_actual_near_miss,actual_near_miss,209,6,6,3,223,248,70849,355632280170049,70849,31,prime_block_le_31,4,53599,10.8892856902,9,2.19722457734,1,7,0,,-2.47624501786,2.19722457734,0.999551471753,0.998538362496,1.00056458101,none_visible,0.32500558762,0.333333333333,-0.00832774571362,existing_near_power_csv,local_obstruction_before_drift
rank209_Q31_random_root_sets,random_root_sets,209,6,6,3,223,248,70849,355632280170049,70849,31,prime_block_le_31,4,53599,10.8892856902,9,2.19722457734,1,7,0,,-2.47624501786,2.19722457734,0.99838937584,0.998240389185,0.998538362496,none_visible,0.32500558762,0.333333333333,-0.00832774571362,deterministic_seeded_random_sets_same_cardinality,local_obstruction_before_drift
rank209_Q31_exact_power_anchor,exact_power_anchor,209,6,6,3,223,248,70849,355632280170049,70849,31,prime_block_le_31,4,53599,10.8892856902,81,4.39444915467,0,0,111,225 758 1031 1156 1936 1962 2209 3418 3455 4937 5496 6400,-4.6734695952,-0.31508104664,0.999714572934,0.999402485097,1.00027915394,constructed_exact_power_root,0.32500558762,0.333333333333,-0.00832774571362,C_from_near_power_row_as_positive_control,positive_control_survivor
rank210_Q31_actual_near_miss,actual_near_miss,210,7,7,3,129,226,313148,30707815807097792,313148,31,prime_block_le_31,4,53599,10.8892856902,9,2.19722457734,2,7,0,,-3.96237008839,2.19722457734,0.999802720191,0.999802720191,0.999802720191,none_visible,0.286837222393,0.333333333333,-0.0464961109402,existing_near_power_csv,local_obstruction_before_drift
rank210_Q31_random_root_sets,random_root_sets,210,7,7,3,129,226,313148,30707815807097792,313148,31,prime_block_le_31,4,53599,10.8892856902,9,2.19722457734,2,7,0,,-3.96237008839,2.19722457734,1.00001170905,1.00001170905,1.00001170905,none_visible,0.286837222393,0.333333333333,-0.0464961109402,deterministic_seeded_random_sets_same_cardinality,local_obstruction_before_drift
rank210_Q31_exact_power_anchor,exact_power_anchor,210,7,7,3,129,226,313148,30707815807097792,313148,31,prime_block_le_31,4,53599,10.8892856902,81,4.39444915467,0,0,472,766 2001 2441 3923 4450 5386 5535 5633 6564 6998 7927 8046,-6.15959466572,-1.76252983091,1.00017930227,1.00004257838,1.00042968678,constructed_exact_power_root,0.286837222393,0.333333333333,-0.0464961109402,C_from_near_power_row_as_positive_control,positive_control_survivor
rank211_Q31_actual_near_miss,actual_near_miss,211,5,6,3,222,209,43775,83883871109375,43775,31,prime_block_le_31,4,53599,10.8892856902,3,1.09861228867,3,7,0,,-0.896144755654,1.09861228867,,,,none_visible,0.339648513088,0.333333333333,0.006315179755,existing_near_power_csv,local_obstruction_before_drift
rank211_Q31_random_root_sets,random_root_sets,211,5,6,3,222,209,43775,83883871109375,43775,31,prime_block_le_31,4,53599,10.8892856902,3,1.09861228867,3,7,0,,-0.896144755654,1.09861228867,,,,none_visible,0.339648513088,0.333333333333,0.006315179755,deterministic_seeded_random_sets_same_cardinality,local_obstruction_before_drift
rank211_Q31_exact_power_anchor,exact_power_anchor,211,5,6,3,222,209,43775,83883871109375,43775,31,prime_block_le_31,4,53599,10.8892856902,81,4.39444915467,0,0,67,2235 2402 2545 3299 3704 5366 5490 5769 6525 6668 7422 7732,-4.19198162166,0.189756535281,1.00109059373,0.999974617679,1.00315756076,constructed_exact_power_root,0.339648513088,0.333333333333,0.006315179755,C_from_near_power_row_as_positive_control,positive_control_survivor
rank212_Q31_actual_near_miss,actual_near_miss,212,7,6,3,72,245,60939,226300737716019,60939,31,prime_block_le_31,4,53599,10.8892856902,9,2.19722457734,2,7,0,,-2.32556752999,2.19722457734,1.0002479711,1.0002479711,1.0002479711,none_visible,0.329450375793,0.333333333333,-0.00388295754057,existing_near_power_csv,local_obstruction_before_drift
rank212_Q31_random_root_sets,random_root_sets,212,7,6,3,72,245,60939,226300737716019,60939,31,prime_block_le_31,4,53599,10.8892856902,9,2.19722457734,2,7,0,,-2.32556752999,2.19722457734,0.999797611819,0.999797611819,0.999797611819,none_visible,0.329450375793,0.333333333333,-0.00388295754057,deterministic_seeded_random_sets_same_cardinality,local_obstruction_before_drift
rank212_Q31_exact_power_anchor,exact_power_anchor,212,7,6,3,72,245,60939,226300737716019,60939,31,prime_block_le_31,4,53599,10.8892856902,81,4.39444915467,0,0,93,631 709 1220 1282 1450 2039 3049 4925 5077 5728 6521 7340,-4.52279210733,-0.138150338481,1.00023824675,0.999797611819,1.00090618852,constructed_exact_power_root,0.329450375793,0.333333333333,-0.00388295754057,C_from_near_power_row_as_positive_control,positive_control_survivor
rank213_Q31_actual_near_miss,actual_near_miss,213,6,5,4,37,173,630,157529610000,630,31,prime_block_le_31,10,100280245065,25.331234554,16,2.77258872224,6,5,0,,16.1129260124,2.77258872224,1.00046296296,0.993055555556,1.00833333333,none_visible,0.982482766233,0.25,0.732482766233,existing_near_power_csv,local_obstruction_before_drift
rank213_Q31_random_root_sets,random_root_sets,213,6,5,4,37,173,630,157529610000,630,31,prime_block_le_31,10,100280245065,25.331234554,16,2.77258872224,6,5,0,,16.1129260124,2.77258872224,0.98082010582,0.964682539683,1,none_visible,0.982482766233,0.25,0.732482766233,deterministic_seeded_random_sets_same_cardinality,local_obstruction_before_drift
rank213_Q31_exact_power_anchor,exact_power_anchor,213,6,5,4,37,173,630,157529610000,630,31,prime_block_le_31,10,100280245065,25.331234554,1024,6.9314718056,0,0,1,630,11.9540429291,6.9314718056,1.01144179894,0.926388888889,1.07023809524,constructed_exact_power_root,0.982482766233,0.25,0.732482766233,C_from_near_power_row_as_positive_control,positive_control_survivor
rank214_Q31_actual_near_miss,actual_near_miss,214,7,7,3,69,146,112439,1421513286860519,112439,31,prime_block_le_31,4,53599,10.8892856902,1,0,4,7,0,,-0.74088044118,0,,,,none_visible,0.312098886269,0.333333333333,-0.0212344470639,existing_near_power_csv,local_obstruction_before_drift
rank214_Q31_random_root_sets,random_root_sets,214,7,7,3,69,146,112439,1421513286860519,112439,31,prime_block_le_31,4,53599,10.8892856902,1,0,4,7,0,,-0.74088044118,0,,,,none_visible,0.312098886269,0.333333333333,-0.0212344470639,deterministic_seeded_random_sets_same_cardinality,local_obstruction_before_drift
rank214_Q31_exact_power_anchor,exact_power_anchor,214,7,7,3,69,146,112439,1421513286860519,112439,31,prime_block_le_31,4,53599,10.8892856902,81,4.39444915467,0,0,170,188 1042 3057 3265 3398 3646 4660 5241 5830 5869 6047 7636,-5.13532959585,-0.741349282378,0.999842218974,0.999369534691,1.00014921671,constructed_exact_power_root,0.312098886269,0.333333333333,-0.0212344470639,C_from_near_power_row_as_positive_control,positive_control_survivor
rank215_Q31_actual_near_miss,actual_near_miss,215,6,6,3,211,241,65745,284176518368625,65745,31,prime_block_le_31,4,53599,10.8892856902,3,1.09861228867,2,7,0,,-1.30286550002,1.09861228867,0.999345957868,0.999345957868,0.999345957868,none_visible,0.327196030856,0.333333333333,-0.00613730247747,existing_near_power_csv,local_obstruction_before_drift
rank215_Q31_random_root_sets,random_root_sets,215,6,6,3,211,241,65745,284176518368625,65745,31,prime_block_le_31,4,53599,10.8892856902,3,1.09861228867,2,7,0,,-1.30286550002,1.09861228867,0.999345957868,0.999345957868,0.999345957868,none_visible,0.327196030856,0.333333333333,-0.00613730247747,deterministic_seeded_random_sets_same_cardinality,local_obstruction_before_drift
rank215_Q31_exact_power_anchor,exact_power_anchor,215,6,6,3,211,241,65745,284176518368625,65745,31,prime_block_le_31,4,53599,10.8892856902,81,4.39444915467,0,0,107,36 1024 1544 1772 1954 2144 2753 2760 3683 3938 4159 4489,-4.59870236603,-0.278379679789,1.00009238838,0.999410179059,1.0005982711,constructed_exact_power_root,0.327196030856,0.333333333333,-0.00613730247747,C_from_near_power_row_as_positive_control,positive_control_survivor
rank216_Q31_actual_near_miss,actual_near_miss,216,6,7,3,149,168,155886,3788099168646456,155886,31,prime_block_le_31,4,53599,10.8892856902,9,2.19722457734,2,13,0,,-3.26481913703,2.19722457734,1.00010549019,1.00010549019,1.00010549019,none_visible,0.303570983473,0.333333333333,-0.02976234986,existing_near_power_csv,local_obstruction_before_drift
rank216_Q31_random_root_sets,random_root_sets,216,6,7,3,149,168,155886,3788099168646456,155886,31,prime_block_le_31,4,53599,10.8892856902,9,2.19722457734,2,13,0,,-3.26481913703,2.19722457734,1.00010549019,1.00010549019,1.00010549019,none_visible,0.303570983473,0.333333333333,-0.02976234986,deterministic_seeded_random_sets_same_cardinality,local_obstruction_before_drift
rank216_Q31_exact_power_anchor,exact_power_anchor,216,6,7,3,149,168,155886,3788099168646456,155886,31,prime_block_le_31,4,53599,10.8892856902,81,4.39444915467,0,0,235,276 1041 2694 3240 4668 5162 5164 6228 6340 6774 7458 8791,-5.46204371436,-1.06513635947,0.999877640878,0.999597284055,1.00004561738,constructed_exact_power_root,0.303570983473,0.333333333333,-0.02976234986,C_from_near_power_row_as_positive_control,positive_control_survivor
rank217_Q31_actual_near_miss,actual_near_miss,217,5,7,3,243,92,38402,56631951820808,38402,31,prime_block_le_31,4,53599,10.8892856902,1,0,3,7,0,,0.333420869616,0,,,,none_visible,0.343862104946,0.333333333333,0.0105287716129,existing_near_power_csv,local_obstruction_before_drift
rank217_Q31_random_root_sets,random_root_sets,217,5,7,3,243,92,38402,56631951820808,38402,31,prime_block_le_31,4,53599,10.8892856902,1,0,3,7,0,,0.333420869616,0,,,,none_visible,0.343862104946,0.333333333333,0.0105287716129,deterministic_seeded_random_sets_same_cardinality,local_obstruction_before_drift
rank217_Q31_exact_power_anchor,exact_power_anchor,217,5,7,3,243,92,38402,56631951820808,38402,31,prime_block_le_31,4,53599,10.8892856902,9,2.19722457734,0,0,6,17836 26299 29939 31941 36855 38402,-1.86380370772,0.405465108108,1.00068090589,0.99865747733,1.00338524035,constructed_exact_power_root,0.343862104946,0.333333333333,0.0105287716129,C_from_near_power_row_as_positive_control,positive_control_survivor
rank218_Q31_actual_near_miss,actual_near_miss,218,6,7,3,203,199,231637,12428645327391853,231637,31,prime_block_le_31,4,53599,10.8892856902,3,1.09861228867,3,7,0,,-2.56225336862,1.09861228867,,,,none_visible,0.293838210512,0.333333333333,-0.039495122821,existing_near_power_csv,local_obstruction_before_drift
rank218_Q31_random_root_sets,random_root_sets,218,6,7,3,203,199,231637,12428645327391853,231637,31,prime_block_le_31,4,53599,10.8892856902,3,1.09861228867,3,7,0,,-2.56225336862,1.09861228867,,,,none_visible,0.293838210512,0.333333333333,-0.039495122821,deterministic_seeded_random_sets_same_cardinality,local_obstruction_before_drift
rank218_Q31_exact_power_anchor,exact_power_anchor,218,6,7,3,203,199,231637,12428645327391853,231637,31,prime_block_le_31,4,53599,10.8892856902,27,3.295836866,0,0,117,924 3318 5047 7042 10297 13118 14420 15687 17241 17416 18942 20671,-4.75947794596,-1.46633706879,1.00015381666,1.00009305748,1.00021153788,constructed_exact_power_root,0.293838210512,0.333333333333,-0.039495122821,C_from_near_power_row_as_positive_control,positive_control_survivor
rank219_Q31_actual_near_miss,actual_near_miss,219,6,7,4,140,103,3380,130516915360000,3380,31,prime_block_le_31,10,100280245065,25.331234554,32,3.4657359028,4,3,0,,13.7398676628,3.4657359028,1.00088757396,0.969674556213,1.06390532544,none_visible,0.77936207631,0.25,0.52936207631,existing_near_power_csv,local_obstruction_before_drift
rank219_Q31_random_root_sets,random_root_sets,219,6,7,4,140,103,3380,130516915360000,3380,31,prime_block_le_31,10,100280245065,25.331234554,32,3.4657359028,4,3,0,,13.7398676628,3.4657359028,0.99423816568,0.969674556213,1.03065828402,none_visible,0.77936207631,0.25,0.52936207631,deterministic_seeded_random_sets_same_cardinality,local_obstruction_before_drift
rank219_Q31_exact_power_anchor,exact_power_anchor,219,6,7,4,140,103,3380,130516915360000,3380,31,prime_block_le_31,10,100280245065,25.331234554,1024,6.9314718056,0,0,1,3380,10.27413176,6.9314718056,1.00192307692,0.964164201183,1.01538461538,constructed_exact_power_root,0.77936207631,0.25,0.52936207631,C_from_near_power_row_as_positive_control,positive_control_survivor
rank220_Q31_actual_near_miss,actual_near_miss,220,7,7,3,143,236,347594,41996859349860584,347594,31,prime_block_le_31,4,53599,10.8892856902,3,1.09861228867,3,13,0,,-2.9681170095,1.09861228867,,,,none_visible,0.284491066927,0.333333333333,-0.0488422664065,existing_near_power_csv,local_obstruction_before_drift
rank220_Q31_random_root_sets,random_root_sets,220,7,7,3,143,236,347594,41996859349860584,347594,31,prime_block_le_31,4,53599,10.8892856902,3,1.09861228867,3,13,0,,-2.9681170095,1.09861228867,,,,none_visible,0.284491066927,0.333333333333,-0.0488422664065,deterministic_seeded_random_sets_same_cardinality,local_obstruction_before_drift
rank220_Q31_exact_power_anchor,exact_power_anchor,220,7,7,3,143,236,347594,41996859349860584,347594,31,prime_block_le_31,4,53599,10.8892856902,27,3.295836866,0,0,175,1443 3432 4264 7618 7865 10439 10686 11089 12324 15275 18096 23179,-5.16534158684,-1.86894910792,0.999994672371,0.999946617158,1.00004986661,constructed_exact_power_root,0.284491066927,0.333333333333,-0.0488422664065,C_from_near_power_row_as_positive_control,positive_control_survivor
rank221_Q31_actual_near_miss,actual_near_miss,221,6,7,3,200,171,163108,4339361060955712,163108,31,prime_block_le_31,4,53599,10.8892856902,9,2.19722457734,2,7,0,,-3.31010672424,2.19722457734,0.99987465701,0.99987465701,0.99987465701,none_visible,0.302425523955,0.333333333333,-0.0309078093782,existing_near_power_csv,local_obstruction_before_drift
rank221_Q31_random_root_sets,random_root_sets,221,6,7,3,200,171,163108,4339361060955712,163108,31,prime_block_le_31,4,53599,10.8892856902,9,2.19722457734,2,7,0,,-3.31010672424,2.19722457734,0.99987465701,0.99987465701,0.99987465701,none_visible,0.302425523955,0.333333333333,-0.0309078093782,deterministic_seeded_random_sets_same_cardinality,local_obstruction_before_drift
rank221_Q31_exact_power_anchor,exact_power_anchor,221,6,7,3,200,171,163108,4339361060955712,163108,31,prime_block_le_31,4,53599,10.8892856902,81,4.39444915467,0,0,249,550 673 1908 1975 2032 2311 3210 3371 3774 4796 4853 6031,-5.50733130157,-1.12300374179,1.00008855755,0.99987465701,1.00030177687,constructed_exact_power_root,0.302425523955,0.333333333333,-0.0309078093782,C_from_near_power_row_as_positive_control,positive_control_survivor
rank222_Q31_actual_near_miss,actual_near_miss,222,7,7,3,95,164,148287,3260687939475903,148287,31,prime_block_le_31,4,53599,10.8892856902,3,1.09861228867,2,13,0,,-2.11623146263,1.09861228867,1.00005394944,1.00005394944,1.00005394944,none_visible,0.304845124584,0.333333333333,-0.0284882087489,existing_near_power_csv,local_obstruction_before_drift
rank222_Q31_random_root_sets,random_root_sets,222,7,7,3,95,164,148287,3260687939475903,148287,31,prime_block_le_31,4,53599,10.8892856902,3,1.09861228867,2,13,0,,-2.11623146263,1.09861228867,1.00005394944,1.00005394944,1.00005394944,none_visible,0.304845124584,0.333333333333,-0.0284882087489,deterministic_seeded_random_sets_same_cardinality,local_obstruction_before_drift
rank222_Q31_exact_power_anchor,exact_power_anchor,222,7,7,3,95,164,148287,3260687939475903,148287,31,prime_block_le_31,4,53599,10.8892856902,81,4.39444915467,0,0,226,913 1223 2148 2705 2861 3636 3883 5346 5682 6828 6984 9805,-5.41206832864,-1.0260858446,1.00014236657,0.999949047755,1.00050952245,constructed_exact_power_root,0.304845124584,0.333333333333,-0.0284882087489,C_from_near_power_row_as_positive_control,positive_control_survivor
rank223_Q31_actual_near_miss,actual_near_miss,223,6,7,3,244,149,122571,1841463809175411,122571,31,prime_block_le_31,4,53599,10.8892856902,9,2.19722457734,2,7,0,,-3.02438462007,2.19722457734,0.999883967478,0.999883967478,0.999883967478,none_visible,0.309800598191,0.333333333333,-0.0235327351426,existing_near_power_csv,local_obstruction_before_drift
rank223_Q31_random_root_sets,random_root_sets,223,6,7,3,244,149,122571,1841463809175411,122571,31,prime_block_le_31,4,53599,10.8892856902,9,2.19722457734,2,7,0,,-3.02438462007,2.19722457734,0.999518646336,0.999518646336,0.999518646336,none_visible,0.309800598191,0.333333333333,-0.0235327351426,deterministic_seeded_random_sets_same_cardinality,local_obstruction_before_drift
rank223_Q31_exact_power_anchor,exact_power_anchor,223,6,7,3,244,149,122571,1841463809175411,122571,31,prime_block_le_31,4,53599,10.8892856902,81,4.39444915467,0,0,188,648 1268 1857 1971 2074 2465 2529 3271 4232 4327 4544 5133,-5.22160919741,-0.841992808158,1.00006980081,0.999966459349,1.00019036586,constructed_exact_power_root,0.309800598191,0.333333333333,-0.0235327351426,C_from_near_power_row_as_positive_control,positive_control_survivor
rank224_Q31_actual_near_miss,actual_near_miss,224,7,7,3,71,106,54227,159458155395083,54227,31,prime_block_le_31,4,53599,10.8892856902,9,2.19722457734,2,7,0,,-2.20887310554,2.19722457734,0.999153763091,0.999153763091,0.999153763091,none_visible,0.332977139758,0.333333333333,-0.000356193575385,existing_near_power_csv,local_obstruction_before_drift
rank224_Q31_random_root_sets,random_root_sets,224,7,7,3,71,106,54227,159458155395083,54227,31,prime_block_le_31,4,53599,10.8892856902,9,2.19722457734,2,7,0,,-2.20887310554,2.19722457734,0.999979510002,0.999979510002,0.999979510002,none_visible,0.332977139758,0.333333333333,-0.000356193575385,deterministic_seeded_random_sets_same_cardinality,local_obstruction_before_drift
rank224_Q31_exact_power_anchor,exact_power_anchor,224,7,7,3,71,106,54227,159458155395083,54227,31,prime_block_le_31,4,53599,10.8892856902,81,4.39444915467,0,0,83,381 628 1559 2519 3982 4814 5340 6642 6803 8291 9463 9526,-4.40609768288,-0.0243914531242,1.00034423196,0.999979510002,1.00056552394,constructed_exact_power_root,0.332977139758,0.333333333333,-0.000356193575385,C_from_near_power_row_as_positive_control,positive_control_survivor
rank225_Q31_actual_near_miss,actual_near_miss,225,6,6,3,169,185,39872,63387563982848,39872,31,prime_block_le_31,4,53599,10.8892856902,3,1.09861228867,3,7,0,,-0.802756200647,1.09861228867,,,,none_visible,0.342642754334,0.333333333333,0.00930942100065,existing_near_power_csv,local_obstruction_before_drift
rank225_Q31_random_root_sets,random_root_sets,225,6,6,3,169,185,39872,63387563982848,39872,31,prime_block_le_31,4,53599,10.8892856902,3,1.09861228867,3,7,0,,-0.802756200647,1.09861228867,,,,none_visible,0.342642754334,0.333333333333,0.00930942100065,deterministic_seeded_random_sets_same_cardinality,local_obstruction_before_drift
rank225_Q31_exact_power_anchor,exact_power_anchor,225,6,6,3,169,185,39872,63387563982848,39872,31,prime_block_le_31,4,53599,10.8892856902,27,3.295836866,0,0,21,770 2765 4494 11662 13139 13391 15785 17514 22036 22946 24675 26159,-2.99998077798,0.251314428281,0.999492821473,0.997948992331,1.00040964419,constructed_exact_power_root,0.342642754334,0.333333333333,0.00930942100065,C_from_near_power_row_as_positive_control,positive_control_survivor
rank226_Q31_actual_near_miss,actual_near_miss,226,7,7,3,118,175,174844,5345055272603584,174844,31,prime_block_le_31,4,53599,10.8892856902,27,3.295836866,1,31,0,,-4.47820060261,3.295836866,1.00011279896,1.00004257764,1.00018302029,none_visible,0.300684833397,0.333333333333,-0.0326484999359,existing_near_power_csv,local_obstruction_before_drift
rank226_Q31_random_root_sets,random_root_sets,226,7,7,3,118,175,174844,5345055272603584,174844,31,prime_block_le_31,4,53599,10.8892856902,27,3.295836866,1,31,0,,-4.47820060261,3.295836866,1.0000343163,1.00002605497,1.00004257764,none_visible,0.300684833397,0.333333333333,-0.0326484999359,deterministic_seeded_random_sets_same_cardinality,local_obstruction_before_drift
rank226_Q31_exact_power_anchor,exact_power_anchor,226,7,7,3,118,175,174844,5345055272603584,174844,31,prime_block_le_31,4,53599,10.8892856902,81,4.39444915467,0,0,263,593 671 2208 3027 4037 4623 4626 5367 6065 6390 6716 7509,-5.57681289128,-1.17770487751,1.00004850885,0.999984748309,1.00013472327,constructed_exact_power_root,0.300684833397,0.333333333333,-0.0326484999359,C_from_near_power_row_as_positive_control,positive_control_survivor
rank227_Q31_actual_near_miss,actual_near_miss,227,7,7,3,93,212,268268,19306636261744832,268268,31,prime_block_le_31,4,53599,10.8892856902,3,1.09861228867,3,7,0,,-2.70906835833,1.09861228867,,,,none_visible,0.290386950904,0.333333333333,-0.0429463824294,existing_near_power_csv,local_obstruction_before_drift
rank227_Q31_random_root_sets,random_root_sets,227,7,7,3,93,212,268268,19306636261744832,268268,31,prime_block_le_31,4,53599,10.8892856902,3,1.09861228867,3,7,0,,-2.70906835833,1.09861228867,,,,none_visible,0.290386950904,0.333333333333,-0.0429463824294,deterministic_seeded_random_sets_same_cardinality,local_obstruction_before_drift
rank227_Q31_exact_power_anchor,exact_power_anchor,227,7,7,3,93,212,268268,19306636261744832,268268,31,prime_block_le_31,4,53599,10.8892856902,9,2.19722457734,0,0,46,273 20930 23751 29575 31304 32396 34125 43498 52143 53872 74529 77350,-3.80768064699,-1.63141681915,1.00013736954,1,1.00020998902,constructed_exact_power_root,0.290386950904,0.333333333333,-0.0429463824294,C_from_near_power_row_as_positive_control,positive_control_survivor
rank228_Q31_actual_near_miss,actual_near_miss,228,7,7,3,110,183,191911,7068049873791031,191911,31,prime_block_le_31,4,53599,10.8892856902,9,2.19722457734,2,19,0,,-3.47272588904,2.19722457734,1.00004168599,1.00004168599,1.00004168599,none_visible,0.298382692287,0.333333333333,-0.0349506410459,existing_near_power_csv,local_obstruction_before_drift
rank228_Q31_random_root_sets,random_root_sets,228,7,7,3,110,183,191911,7068049873791031,191911,31,prime_block_le_31,4,53599,10.8892856902,9,2.19722457734,2,19,0,,-3.47272588904,2.19722457734,1.00004168599,1.00004168599,1.00004168599,none_visible,0.298382692287,0.333333333333,-0.0349506410459,deterministic_seeded_random_sets_same_cardinality,local_obstruction_before_drift
rank228_Q31_exact_power_anchor,exact_power_anchor,228,7,7,3,110,183,191911,7068049873791031,191911,31,prime_block_le_31,4,53599,10.8892856902,81,4.39444915467,0,0,290,83 353 486 951 2306 3174 3307 3408 3811 5764 5787 6376,-5.66995046638,-1.27543176831,1.00009302151,1.00004168599,1.00019569256,constructed_exact_power_root,0.298382692287,0.333333333333,-0.0349506410459,C_from_near_power_row_as_positive_control,positive_control_survivor
rank229_Q31_actual_near_miss,actual_near_miss,229,6,7,3,187,222,298577,26617609554626033,298577,31,prime_block_le_31,4,53599,10.8892856902,3,1.09861228867,2,19,0,,-2.8161097335,1.09861228867,0.999979904681,0.999979904681,0.999979904681,none_visible,0.28792134027,0.333333333333,-0.0454119930633,existing_near_power_csv,local_obstruction_before_drift
rank229_Q31_random_root_sets,random_root_sets,229,6,7,3,187,222,298577,26617609554626033,298577,31,prime_block_le_31,4,53599,10.8892856902,3,1.09861228867,2,19,0,,-2.8161097335,1.09861228867,0.999979904681,0.999979904681,0.999979904681,none_visible,0.28792134027,0.333333333333,-0.0454119930633,deterministic_seeded_random_sets_same_cardinality,local_obstruction_before_drift
rank229_Q31_exact_power_anchor,exact_power_anchor,229,6,7,3,187,222,298577,26617609554626033,298577,31,prime_block_le_31,4,53599,10.8892856902,81,4.39444915467,0,0,453,824 1578 1692 1721 2281 2775 4058 4542 4647 6011 6879 7117,-6.1119465995,-1.72144297081,1.00005730887,0.999970229157,1.00015406411,constructed_exact_power_root,0.28792134027,0.333333333333,-0.0454119930633,C_from_near_power_row_as_positive_control,positive_control_survivor
rank230_Q31_actual_near_miss,actual_near_miss,230,7,7,3,157,180,203870,8473444100603000,203870,31,prime_block_le_31,4,53599,10.8892856902,27,3.295836866,1,13,0,,-4.63178899063,3.295836866,1.00014497256,1.00002071037,1.00026923475,none_visible,0.296907262804,0.333333333333,-0.0364260705289,existing_near_power_csv,local_obstruction_before_drift
rank230_Q31_random_root_sets,random_root_sets,230,7,7,3,157,180,203870,8473444100603000,203870,31,prime_block_le_31,4,53599,10.8892856902,27,3.295836866,1,13,0,,-4.63178899063,3.295836866,0.999948224086,0.999948224086,0.999948224086,none_visible,0.296907262804,0.333333333333,-0.0364260705289,deterministic_seeded_random_sets_same_cardinality,local_obstruction_before_drift
rank230_Q31_exact_power_anchor,exact_power_anchor,230,7,7,3,157,180,203870,8473444100603000,203870,31,prime_block_le_31,4,53599,10.8892856902,27,3.295836866,0,0,102,1843 5966 9500 10735 13623 13680 13927 14858 21337 26049 26296 27759,-4.63178899063,-1.32913594728,1.00032773245,1.0000512309,1.00059024542,constructed_exact_power_root,0.296907262804,0.333333333333,-0.0364260705289,C_from_near_power_row_as_positive_control,positive_control_survivor
rank231_Q31_actual_near_miss,actual_near_miss,231,7,7,3,185,216,308475,29353501784671875,308475,31,prime_block_le_31,4,53599,10.8892856902,9,2.19722457734,2,7,0,,-3.94733496893,2.19722457734,0.99985195991,0.99985195991,0.99985195991,none_visible,0.287178427928,0.333333333333,-0.0461549054052,existing_near_power_csv,local_obstruction_before_drift
rank231_Q31_random_root_sets,random_root_sets,231,7,7,3,185,216,308475,29353501784671875,308475,31,prime_block_le_31,4,53599,10.8892856902,9,2.19722457734,2,7,0,,-3.94733496893,2.19722457734,0.99970680138,0.99970680138,0.99970680138,none_visible,0.287178427928,0.333333333333,-0.0461549054052,deterministic_seeded_random_sets_same_cardinality,local_obstruction_before_drift
rank231_Q31_exact_power_anchor,exact_power_anchor,231,7,7,3,185,216,308475,29353501784671875,308475,31,prime_block_le_31,4,53599,10.8892856902,81,4.39444915467,0,0,470,528 1307 1606 1896 2257 2295 3167 4024 4779 4934 5767 7496,-6.14455954627,-1.75828354003,0.999896984268,0.999673303257,1.00001584857,constructed_exact_power_root,0.287178427928,0.333333333333,-0.0461549054052,C_from_near_power_row_as_positive_control,positive_control_survivor
rank232_Q31_actual_near_miss,actual_near_miss,232,7,7,3,137,235,343374,40485753162717624,343374,31,prime_block_le_31,4,53599,10.8892856902,3,1.09861228867,2,13,0,,-2.95590210963,1.09861228867,0.999767017887,0.999767017887,0.999767017887,none_visible,0.284763691515,0.333333333333,-0.0485696418183,existing_near_power_csv,local_obstruction_before_drift
rank232_Q31_random_root_sets,random_root_sets,232,7,7,3,137,235,343374,40485753162717624,343374,31,prime_block_le_31,4,53599,10.8892856902,3,1.09861228867,2,13,0,,-2.95590210963,1.09861228867,1.00018832721,1.00018832721,1.00018832721,none_visible,0.284763691515,0.333333333333,-0.0485696418183,deterministic_seeded_random_sets_same_cardinality,local_obstruction_before_drift
rank232_Q31_exact_power_anchor,exact_power_anchor,232,7,7,3,137,235,343374,40485753162717624,343374,31,prime_block_le_31,4,53599,10.8892856902,81,4.39444915467,0,0,520,80 2229 2498 2992 3996 4604 4854 5193 5267 6466 7685 8231,-6.25173897563,-1.8593796569,1.00005900056,1.00002750483,1.00011163726,constructed_exact_power_root,0.284763691515,0.333333333333,-0.0485696418183,C_from_near_power_row_as_positive_control,positive_control_survivor
rank233_Q31_actual_near_miss,actual_near_miss,233,6,6,3,155,243,60346,219758390301736,60346,31,prime_block_le_31,4,53599,10.8892856902,9,2.19722457734,2,7,0,,-2.31578883146,2.19722457734,0.998812404026,0.998812404026,0.998812404026,none_visible,0.329743039294,0.333333333333,-0.00359029403948,existing_near_power_csv,local_obstruction_before_drift
rank233_Q31_random_root_sets,random_root_sets,233,6,6,3,155,243,60346,219758390301736,60346,31,prime_block_le_31,4,53599,10.8892856902,9,2.19722457734,2,7,0,,-2.31578883146,2.19722457734,0.997727917159,0.997727917159,0.997727917159,none_visible,0.329743039294,0.333333333333,-0.00359029403948,deterministic_seeded_random_sets_same_cardinality,local_obstruction_before_drift
rank233_Q31_exact_power_anchor,exact_power_anchor,233,6,6,3,155,243,60346,219758390301736,60346,31,prime_block_le_31,4,53599,10.8892856902,27,3.295836866,0,0,33,299 1105 2301 3510 5057 6747 8762 10699 11973 14404 15613 17615,-3.41440112013,-0.200670695462,1.00054009533,0.999896890892,1.00143616257,constructed_exact_power_root,0.329743039294,0.333333333333,-0.00359029403948,C_from_near_power_row_as_positive_control,positive_control_survivor
rank234_Q31_actual_near_miss,actual_near_miss,234,7,7,3,149,229,326031,34655860607887791,326031,31,prime_block_le_31,4,53599,10.8892856902,9,2.19722457734,1,31,0,,-4.00268663502,2.19722457734,0.999958933694,0.999943427329,0.999974440058,none_visible,0.285926271937,0.333333333333,-0.0474070613964,existing_near_power_csv,local_obstruction_before_drift
rank234_Q31_random_root_sets,random_root_sets,234,7,7,3,149,229,326031,34655860607887791,326031,31,prime_block_le_31,4,53599,10.8892856902,9,2.19722457734,1,31,0,,-4.00268663502,2.19722457734,1.00004754149,1.00002760474,1.00006747825,none_visible,0.285926271937,0.333333333333,-0.0474070613964,deterministic_seeded_random_sets_same_cardinality,local_obstruction_before_drift
rank234_Q31_exact_power_anchor,exact_power_anchor,234,7,7,3,149,229,326031,34655860607887791,326031,31,prime_block_le_31,4,53599,10.8892856902,81,4.39444915467,0,0,492,376 2084 2903 3169 4003 4437 5197 6114 6530 6796 7292 7537,-6.19991121236,-1.80402956182,0.99994728972,0.999839824366,1.00002760474,constructed_exact_power_root,0.285926271937,0.333333333333,-0.0474070613964,C_from_near_power_row_as_positive_control,positive_control_survivor
rank235_Q31_actual_near_miss,actual_near_miss,235,7,7,3,123,163,151584,3483053049544704,151584,31,prime_block_le_31,4,53599,10.8892856902,9,2.19722457734,1,19,0,,-3.23683409289,2.19722457734,0.999887850961,0.99963056787,1.00014513405,none_visible,0.304283157336,0.333333333333,-0.0290501759978,existing_near_power_csv,local_obstruction_before_drift
rank235_Q31_random_root_sets,random_root_sets,235,7,7,3,123,163,151584,3483053049544704,151584,31,prime_block_le_31,4,53599,10.8892856902,9,2.19722457734,1,19,0,,-3.23683409289,2.19722457734,0.999787796425,0.99963056787,0.999945024981,none_visible,0.304283157336,0.333333333333,-0.0290501759978,deterministic_seeded_random_sets_same_cardinality,local_obstruction_before_drift
rank235_Q31_exact_power_anchor,exact_power_anchor,235,7,7,3,123,163,151584,3483053049544704,151584,31,prime_block_le_31,4,53599,10.8892856902,81,4.39444915467,0,0,223,439 831 1427 1637 1648 3156 3384 3442 4562 5171 5550 5771,-5.43405867023,-1.01272261679,0.999787185592,0.999471506814,0.999945024981,constructed_exact_power_root,0.304283157336,0.333333333333,-0.0290501759978,C_from_near_power_row_as_positive_control,positive_control_survivor
rank236_Q31_actual_near_miss,actual_near_miss,236,6,7,3,181,169,158376,3972538457381376,158376,31,prime_block_le_31,4,53599,10.8892856902,3,1.09861228867,3,7,0,,-2.18205383023,1.09861228867,,,,none_visible,0.30316917996,0.333333333333,-0.0301641533738,existing_near_power_csv,local_obstruction_before_drift
rank236_Q31_random_root_sets,random_root_sets,236,6,7,3,181,169,158376,3972538457381376,158376,31,prime_block_le_31,4,53599,10.8892856902,3,1.09861228867,3,7,0,,-2.18205383023,1.09861228867,,,,none_visible,0.30316917996,0.333333333333,-0.0301641533738,deterministic_seeded_random_sets_same_cardinality,local_obstruction_before_drift
rank236_Q31_exact_power_anchor,exact_power_anchor,236,6,7,3,181,169,158376,3972538457381376,158376,31,prime_block_le_31,4,53599,10.8892856902,81,4.39444915467,0,0,242,121 400 543 1299 1702 2591 3364 3488 4523 4666 6309 7303,-5.47789069624,-1.09448857148,1.00004209392,0.999997193739,1.00009190506,constructed_exact_power_root,0.30316917996,0.333333333333,-0.0301641533738,C_from_near_power_row_as_positive_control,positive_control_survivor
rank237_Q31_actual_near_miss,actual_near_miss,237,7,7,3,142,197,233183,12679165075939487,233183,31,prime_block_le_31,4,53599,10.8892856902,3,1.09861228867,3,7,0,,-2.5689054305,1.09861228867,,,,none_visible,0.293680063541,0.333333333333,-0.0396532697923,existing_near_power_csv,local_obstruction_before_drift
rank237_Q31_random_root_sets,random_root_sets,237,7,7,3,142,197,233183,12679165075939487,233183,31,prime_block_le_31,4,53599,10.8892856902,3,1.09861228867,3,7,0,,-2.5689054305,1.09861228867,,,,none_visible,0.293680063541,0.333333333333,-0.0396532697923,deterministic_seeded_random_sets_same_cardinality,local_obstruction_before_drift
rank237_Q31_exact_power_anchor,exact_power_anchor,237,7,7,3,142,197,233183,12679165075939487,233183,31,prime_block_le_31,4,53599,10.8892856902,81,4.39444915467,0,0,351,656 811 1055 1172 1644 2784 3373 5829 7558 7689 7724 8468,-5.86474229651,-1.46633706879,1.00002509553,0.999980940101,1.00005336772,constructed_exact_power_root,0.293680063541,0.333333333333,-0.0396532697923,C_from_near_power_row_as_positive_control,positive_control_survivor
rank238_Q31_actual_near_miss,actual_near_miss,238,7,7,3,182,235,358809,46194469470069129,358809,31,prime_block_le_31,4,53599,10.8892856902,9,2.19722457734,2,7,0,,-4.09848437963,2.19722457734,0.999922583386,0.999922583386,0.999922583386,none_visible,0.283784761085,0.333333333333,-0.0495485722486,existing_near_power_csv,local_obstruction_before_drift
rank238_Q31_random_root_sets,random_root_sets,238,7,7,3,182,235,358809,46194469470069129,358809,31,prime_block_le_31,4,53599,10.8892856902,9,2.19722457734,2,7,0,,-4.09848437963,2.19722457734,0.999999071001,0.999999071001,0.999999071001,none_visible,0.283784761085,0.333333333333,-0.0495485722486,deterministic_seeded_random_sets_same_cardinality,local_obstruction_before_drift
rank238_Q31_exact_power_anchor,exact_power_anchor,238,7,7,3,182,235,358809,46194469470069129,358809,31,prime_block_le_31,4,53599,10.8892856902,81,4.39444915467,0,0,539,542 1875 2369 2960 3454 3506 3981 5409 8693 9439 9532 9551,-6.29570895697,-1.89526641624,1.00014626579,0.999999071001,1.00042857837,constructed_exact_power_root,0.283784761085,0.333333333333,-0.0495485722486,C_from_near_power_row_as_positive_control,positive_control_survivor
rank239_Q31_actual_near_miss,actual_near_miss,239,7,7,3,94,213,271242,19955876792704488,271242,31,prime_block_le_31,4,53599,10.8892856902,9,2.19722457734,2,13,0,,-3.81870557748,2.19722457734,1.00002949396,1.00002949396,1.00002949396,none_visible,0.290131051643,0.333333333333,-0.0432022816902,existing_near_power_csv,local_obstruction_before_drift
rank239_Q31_random_root_sets,random_root_sets,239,7,7,3,94,213,271242,19955876792704488,271242,31,prime_block_le_31,4,53599,10.8892856902,9,2.19722457734,2,13,0,,-3.81870557748,2.19722457734,1.00002949396,1.00002949396,1.00002949396,none_visible,0.290131051643,0.333333333333,-0.0432022816902,deterministic_seeded_random_sets_same_cardinality,local_obstruction_before_drift
rank239_Q31_exact_power_anchor,exact_power_anchor,239,7,7,3,94,213,271242,19955876792704488,271242,31,prime_block_le_31,4,53599,10.8892856902,81,4.39444915467,0,0,410,17 1195 2285 2714 3247 3520 4177 4983 5659 6408 6439 6837,-6.01593015482,-1.62170800503,1.00004014455,0.999957807255,1.00009298789,constructed_exact_power_root,0.290131051643,0.333333333333,-0.0432022816902,C_from_near_power_row_as_positive_control,positive_control_survivor
rank240_Q31_actual_near_miss,actual_near_miss,240,7,7,3,124,245,376658,53436940892282312,376658,31,prime_block_le_31,4,53599,10.8892856902,9,2.19722457734,2,7,0,,-4.14703178007,2.19722457734,0.999972270748,0.999972270748,0.999972270748,none_visible,0.282711709231,0.333333333333,-0.0506216241028,existing_near_power_csv,local_obstruction_before_drift
rank240_Q31_random_root_sets,random_root_sets,240,7,7,3,124,245,376658,53436940892282312,376658,31,prime_block_le_31,4,53599,10.8892856902,9,2.19722457734,2,7,0,,-4.14703178007,2.19722457734,0.999972270748,0.999972270748,0.999972270748,none_visible,0.282711709231,0.333333333333,-0.0506216241028,deterministic_seeded_random_sets_same_cardinality,local_obstruction_before_drift
rank240_Q31_exact_power_anchor,exact_power_anchor,240,7,7,3,124,245,376658,53436940892282312,376658,31,prime_block_le_31,4,53599,10.8892856902,81,4.39444915467,0,0,570,820 1192 1465 2055 2928 3480 4943 6178 6462 7697 8849 8906,-6.34425635741,-1.95118720616,1.0000605717,1.0000297942,1.00010678712,constructed_exact_power_root,0.282711709231,0.333333333333,-0.0506216241028,C_from_near_power_row_as_positive_control,positive_control_survivor
rank241_Q31_actual_near_miss,actual_near_miss,241,6,7,3,198,215,277183,21296085056487487,277183,31,prime_block_le_31,4,53599,10.8892856902,9,2.19722457734,2,13,0,,-3.84037210402,2.19722457734,1.00008097338,1.00008097338,1.00008097338,none_visible,0.289629462525,0.333333333333,-0.0437038708088,existing_near_power_csv,local_obstruction_before_drift
rank241_Q31_random_root_sets,random_root_sets,241,6,7,3,198,215,277183,21296085056487487,277183,31,prime_block_le_31,4,53599,10.8892856902,9,2.19722457734,2,13,0,,-3.84037210402,2.19722457734,0.99990700087,0.99990700087,0.99990700087,none_visible,0.289629462525,0.333333333333,-0.0437038708088,deterministic_seeded_random_sets_same_cardinality,local_obstruction_before_drift
rank241_Q31_exact_power_anchor,exact_power_anchor,241,6,7,3,198,215,277183,21296085056487487,277183,31,prime_block_le_31,4,53599,10.8892856902,81,4.39444915467,0,0,418,277 1052 1128 1850 2129 3028 3098 3431 4586 5251 6252 8709,-6.03759668136,-1.64103227785,0.999979689845,0.99990700087,1.00002124549,constructed_exact_power_root,0.289629462525,0.333333333333,-0.0437038708088,C_from_near_power_row_as_positive_control,positive_control_survivor
rank242_Q31_actual_near_miss,actual_near_miss,242,7,7,3,163,225,318305,32250049234222625,318305,31,prime_block_le_31,4,53599,10.8892856902,3,1.09861228867,3,7,0,,-2.8800919201,1.09861228867,,,,none_visible,0.286467455169,0.333333333333,-0.0468658781643,existing_near_power_csv,local_obstruction_before_drift
rank242_Q31_random_root_sets,random_root_sets,242,7,7,3,163,225,318305,32250049234222625,318305,31,prime_block_le_31,4,53599,10.8892856902,3,1.09861228867,3,7,0,,-2.8800919201,1.09861228867,,,,none_visible,0.286467455169,0.333333333333,-0.0468658781643,deterministic_seeded_random_sets_same_cardinality,local_obstruction_before_drift
rank242_Q31_exact_power_anchor,exact_power_anchor,242,7,7,3,163,225,318305,32250049234222625,318305,31,prime_block_le_31,4,53599,10.8892856902,27,3.295836866,0,0,159,2353 3159 5317 5629 10816 13780 14989 20631 22152 22646 27339 27794,-5.07731649743,-1.77306733622,1.00009518008,0.999986386223,1.00025831269,constructed_exact_power_root,0.286467455169,0.333333333333,-0.0468658781643,C_from_near_power_row_as_positive_control,positive_control_survivor
rank243_Q31_actual_near_miss,actual_near_miss,243,7,7,3,160,167,184759,6306912545957479,184759,31,prime_block_le_31,4,53599,10.8892856902,3,1.09861228867,3,7,0,,-2.3361341506,1.09861228867,,,,none_visible,0.299317184768,0.333333333333,-0.034016148565,existing_near_power_csv,local_obstruction_before_drift
rank243_Q31_random_root_sets,random_root_sets,243,7,7,3,160,167,184759,6306912545957479,184759,31,prime_block_le_31,4,53599,10.8892856902,3,1.09861228867,3,7,0,,-2.3361341506,1.09861228867,,,,none_visible,0.299317184768,0.333333333333,-0.034016148565,deterministic_seeded_random_sets_same_cardinality,local_obstruction_before_drift
rank243_Q31_exact_power_anchor,exact_power_anchor,243,7,7,3,160,167,184759,6306912545957479,184759,31,prime_block_le_31,4,53599,10.8892856902,81,4.39444915467,0,0,288,781 991 1173 1990 2510 3168 3719 4897 4904 5513 6113 6633,-5.63197101661,-1.26851132546,1.00006615224,0.999949483742,1.00013230449,constructed_exact_power_root,0.299317184768,0.333333333333,-0.034016148565,C_from_near_power_row_as_positive_control,positive_control_survivor
rank244_Q31_actual_near_miss,actual_near_miss,244,6,7,3,219,203,242816,14316336626794496,242816,31,prime_block_le_31,4,53599,10.8892856902,3,1.09861228867,3,13,0,,-2.60938583235,1.09861228867,,,,none_visible,0.292721335299,0.333333333333,-0.0406119980342,existing_near_power_csv,local_obstruction_before_drift
rank244_Q31_random_root_sets,random_root_sets,244,6,7,3,219,203,242816,14316336626794496,242816,31,prime_block_le_31,4,53599,10.8892856902,3,1.09861228867,3,13,0,,-2.60938583235,1.09861228867,,,,none_visible,0.292721335299,0.333333333333,-0.0406119980342,deterministic_seeded_random_sets_same_cardinality,local_obstruction_before_drift
rank244_Q31_exact_power_anchor,exact_power_anchor,244,6,7,3,219,203,242816,14316336626794496,242816,31,prime_block_le_31,4,53599,10.8892856902,27,3.295836866,0,0,123,1267 3031 6986 7805 9947 11277 14721 16317 18193 19089 23912 24563,-4.80661040969,-1.51634748937,1.00008663777,1.00000960947,1.00019905333,constructed_exact_power_root,0.292721335299,0.333333333333,-0.0406119980342,C_from_near_power_row_as_positive_control,positive_control_survivor
rank245_Q31_actual_near_miss,actual_near_miss,245,7,7,3,122,209,261204,17821303645817664,261204,31,prime_block_le_31,4,53599,10.8892856902,3,1.09861228867,3,7,0,,-2.6823835887,1.09861228867,,,,none_visible,0.291008202686,0.333333333333,-0.042325130647,existing_near_power_csv,local_obstruction_before_drift
rank245_Q31_random_root_sets,random_root_sets,245,7,7,3,122,209,261204,17821303645817664,261204,31,prime_block_le_31,4,53599,10.8892856902,3,1.09861228867,3,7,0,,-2.6823835887,1.09861228867,,,,none_visible,0.291008202686,0.333333333333,-0.042325130647,deterministic_seeded_random_sets_same_cardinality,local_obstruction_before_drift
rank245_Q31_exact_power_anchor,exact_power_anchor,245,7,7,3,122,209,261204,17821303645817664,261204,31,prime_block_le_31,4,53599,10.8892856902,81,4.39444915467,0,0,396,229 362 866 2439 2819 3687 4206 4609 6429 7430 9887 10499,-5.97822045471,-1.58696505658,1.0000394186,0.999941722859,1.00015186087,constructed_exact_power_root,0.291008202686,0.333333333333,-0.042325130647,C_from_near_power_row_as_positive_control,positive_control_survivor
rank246_Q31_actual_near_miss,actual_near_miss,246,4,5,3,218,243,9471,849547194111,9471,31,prime_block_le_31,4,53599,10.8892856902,3,1.09861228867,3,7,0,,0.634683624274,1.09861228867,,,,none_visible,0.39643577429,0.333333333333,0.0631024409563,existing_near_power_csv,local_obstruction_before_drift
rank246_Q31_random_root_sets,random_root_sets,246,4,5,3,218,243,9471,849547194111,9471,31,prime_block_le_31,4,53599,10.8892856902,3,1.09861228867,3,7,0,,0.634683624274,1.09861228867,,,,none_visible,0.39643577429,0.333333333333,0.0631024409563,deterministic_seeded_random_sets_same_cardinality,local_obstruction_before_drift
rank246_Q31_exact_power_anchor,exact_power_anchor,246,4,5,3,218,243,9471,849547194111,9471,31,prime_block_le_31,4,53599,10.8892856902,27,3.295836866,0,0,7,462 1659 3521 6559 7210 8708 9471,-1.56254095306,1.34992671695,1.00367984921,0.999718438743,1.00885744788,constructed_exact_power_root,0.39643577429,0.333333333333,0.0631024409563,C_from_near_power_row_as_positive_control,positive_control_survivor
rank247_Q31_actual_near_miss,actual_near_miss,247,6,7,3,226,173,168348,4771158934560192,168348,31,prime_block_le_31,4,53599,10.8892856902,3,1.09861228867,3,13,0,,-2.24311514301,1.09861228867,,,,none_visible,0.301630852437,0.333333333333,-0.0317024808966,existing_near_power_csv,local_obstruction_before_drift
rank247_Q31_random_root_sets,random_root_sets,247,6,7,3,226,173,168348,4771158934560192,168348,31,prime_block_le_31,4,53599,10.8892856902,3,1.09861228867,3,13,0,,-2.24311514301,1.09861228867,,,,none_visible,0.301630852437,0.333333333333,-0.0317024808966,deterministic_seeded_random_sets_same_cardinality,local_obstruction_before_drift
rank247_Q31_exact_power_anchor,exact_power_anchor,247,6,7,3,226,173,168348,4771158934560192,168348,31,prime_block_le_31,4,53599,10.8892856902,81,4.39444915467,0,0,257,202 297 388 1671 2260 2868 3128 4492 4730 5081 5484 5598,-5.53895200901,-1.15462693022,0.99994719932,0.999852158096,1.00001188015,constructed_exact_power_root,0.301630852437,0.333333333333,-0.0317024808966,C_from_near_power_row_as_positive_control,positive_control_survivor
rank248_Q31_actual_near_miss,actual_near_miss,248,7,7,3,143,168,170997,4999947835616973,170997,31,prime_block_le_31,4,53599,10.8892856902,9,2.19722457734,2,7,0,,-3.35734017864,2.19722457734,0.999268993023,0.999268993023,0.999268993023,none_visible,0.301240020887,0.333333333333,-0.032093312446,existing_near_power_csv,local_obstruction_before_drift
rank248_Q31_random_root_sets,random_root_sets,248,7,7,3,143,168,170997,4999947835616973,170997,31,prime_block_le_31,4,53599,10.8892856902,9,2.19722457734,2,7,0,,-3.35734017864,2.19722457734,0.999792718911,0.999792718911,0.999792718911,none_visible,0.301240020887,0.333333333333,-0.032093312446,deterministic_seeded_random_sets_same_cardinality,local_obstruction_before_drift
rank248_Q31_exact_power_anchor,exact_power_anchor,248,7,7,3,143,168,170997,4999947835616973,170997,31,prime_block_le_31,4,53599,10.8892856902,81,4.39444915467,0,0,255,1555 2361 2543 3322 4272 4558 5926 6287 6325 8054 10018 10200,-5.55456475598,-1.14681439049,1.00011457858,0.999894085211,1.00043730462,constructed_exact_power_root,0.301240020887,0.333333333333,-0.032093312446,C_from_near_power_row_as_positive_control,positive_control_survivor
rank249_Q31_actual_near_miss,actual_near_miss,249,5,6,3,173,202,40835,68092249182875,40835,31,prime_block_le_31,4,53599,10.8892856902,1,0,4,7,0,,0.271990854376,0,,,,none_visible,0.341872572332,0.333333333333,0.00853923899897,existing_near_power_csv,local_obstruction_before_drift
rank249_Q31_random_root_sets,random_root_sets,249,5,6,3,173,202,40835,68092249182875,40835,31,prime_block_le_31,4,53599,10.8892856902,1,0,4,7,0,,0.271990854376,0,,,,none_visible,0.341872572332,0.333333333333,0.00853923899897,deterministic_seeded_random_sets_same_cardinality,local_obstruction_before_drift
rank249_Q31_exact_power_anchor,exact_power_anchor,249,5,6,3,173,202,40835,68092249182875,40835,31,prime_block_le_31,4,53599,10.8892856902,81,4.39444915467,0,0,60,1068 2550 2892 3424 4075 4659 5098 5310 5842 7169 7324 8689,-4.1224583003,0.30010459245,1.00037549488,1.00005714052,1.00072922194,constructed_exact_power_root,0.341872572332,0.333333333333,0.00853923899897,C_from_near_power_row_as_positive_control,positive_control_survivor
rank250_Q31_actual_near_miss,actual_near_miss,250,6,6,3,177,193,43521,82432144309761,43521,31,prime_block_le_31,4,53599,10.8892856902,3,1.09861228867,3,7,0,,-0.890325457707,1.09861228867,,,,none_visible,0.339833562813,0.333333333333,0.00650022947938,existing_near_power_csv,local_obstruction_before_drift
rank250_Q31_random_root_sets,random_root_sets,250,6,6,3,177,193,43521,82432144309761,43521,31,prime_block_le_31,4,53599,10.8892856902,3,1.09861228867,3,7,0,,-0.890325457707,1.09861228867,,,,none_visible,0.339833562813,0.333333333333,0.00650022947938,deterministic_seeded_random_sets_same_cardinality,local_obstruction_before_drift
rank250_Q31_exact_power_anchor,exact_power_anchor,250,6,6,3,177,193,43521,82432144309761,43521,31,prime_block_le_31,4,53599,10.8892856902,81,4.39444915467,0,0,65,121 400 543 1299 1702 2591 3364 3488 4523 4666 6309 7303,-4.18616232371,0.220061884777,1.00002042437,0.999936173852,1.00013531143,constructed_exact_power_root,0.339833562813,0.333333333333,0.00650022947938,C_from_near_power_row_as_positive_control,positive_control_survivor
