case_id,control_class,rank,x,y,z,A,B,C,H,T,Q,block_id,prime_count,M_block,log_M_block,n_root_classes,log_n_root_classes,local_empty_roots,first_empty_q,n_low_sections,low_section_sample,D_root,D_drift,pair_corr_ratio_mean,pair_corr_ratio_min,pair_corr_ratio_max,anchor_type,detector_degree,target_degree,degree_gap,advice_source,decision,source_axis_1,source_axis_2,source_anchor_1,source_anchor_2,axis_independence_check,coefficient_ring_target,residue_or_survivor_status,overlap_status,lift_or_escape_obstruction,matched_negative_control_result,window_id,window_predefined,local_pass_occupancy,root_signal_share,drift_or_branch_share,share_over_occupancy,branch_switch_share,alternate_root_or_shuffled_branch_control,noncoherent_tail_cost,transfer_status
rank1_Q1009_actual_near_miss,actual_near_miss,1,7,7,3,175,243,380429,55058052685693589,380429,1009,prime_block_le_1009,81,148442751793136438533965338087543801190959757888544388980934356724535496789076307693189375411040397120044336213563505967374089274154395172105420265758452993645832585198070632260101329900383144999881739549,467.819803066,1162261467,20.8736334847,61,7,0,,434.097114739,20.8736334847,1.04356319249,0.696008395201,1.75988219148,none_visible,12.1362961143,0.333333333333,11.802962781,existing_near_power_csv,local_obstruction_before_drift,local_residue_sieve,blocked_unfilled,darmon_granville_ceiling,blocked_unfilled,blocked_unfilled,Z,residue_only,blocked_unfilled,blocked_unfilled,under_test,Q_1009,pass_predefined,81,0,20.8736334847,0.257699178823,blocked_unfilled,control_class=actual_near_miss,20.8736334847,local_obstruction_before_drift
rank1_Q1009_random_root_sets,random_root_sets,1,7,7,3,175,243,380429,55058052685693589,380429,1009,prime_block_le_1009,81,148442751793136438533965338087543801190959757888544388980934356724535496789076307693189375411040397120044336213563505967374089274154395172105420265758452993645832585198070632260101329900383144999881739549,467.819803066,1162261467,20.8736334847,61,7,0,,434.097114739,20.8736334847,1.01013385028,0.805229534727,1.37247890612,none_visible,12.1362961143,0.333333333333,11.802962781,deterministic_seeded_random_sets_same_cardinality,local_obstruction_before_drift,local_residue_sieve,blocked_unfilled,darmon_granville_ceiling,blocked_unfilled,blocked_unfilled,Z,residue_only,blocked_unfilled,blocked_unfilled,negative_control_passed,Q_1009,pass_predefined,81,0,20.8736334847,0.257699178823,blocked_unfilled,control_class=random_root_sets,20.8736334847,local_obstruction_before_drift
rank1_Q1009_exact_power_anchor,exact_power_anchor,1,7,7,3,175,243,380429,55058052685693589,380429,1009,prime_block_le_1009,81,148442751793136438533965338087543801190959757888544388980934356724535496789076307693189375411040397120044336213563505967374089274154395172105420265758452993645832585198070632260101329900383144999881739549,467.819803066,147808829414345923316083210206383297601,87.8889830934,0,0,1,380429,367.08176513,87.8889830934,1.00426340078,0.96713622428,1.0589673471,constructed_exact_power_root,12.1362961143,0.333333333333,11.802962781,C_from_near_power_row_as_positive_control,positive_control_survivor,local_residue_sieve,blocked_unfilled,darmon_granville_ceiling,blocked_unfilled,blocked_unfilled,Z,survivor_kandidat_requires_overlap_check,blocked_unfilled,blocked_unfilled,positive_control_passed,Q_1009,pass_predefined,81,2.62861138346e-06,87.8889830934,1.08504917399,blocked_unfilled,control_class=exact_power_anchor,87.8889830934,positive_control_survivor
rank2_Q1009_actual_near_miss,actual_near_miss,2,7,7,3,116,193,217276,10257352303600576,217276,1009,prime_block_le_1009,81,148442751793136438533965338087543801190959757888544388980934356724535496789076307693189375411040397120044336213563505967374089274154395172105420265758452993645832585198070632260101329900383144999881739549,467.819803066,847288609443,27.4653072167,55,19,0,,428.065572135,27.4653072167,1.04304648278,0.718976478458,1.62521810457,none_visible,12.6894704522,0.333333333333,12.3561371189,existing_near_power_csv,local_obstruction_before_drift,local_residue_sieve,blocked_unfilled,darmon_granville_ceiling,blocked_unfilled,blocked_unfilled,Z,residue_only,blocked_unfilled,blocked_unfilled,under_test,Q_1009,pass_predefined,81,0,27.4653072167,0.339077866873,blocked_unfilled,control_class=actual_near_miss,27.4653072167,local_obstruction_before_drift
rank2_Q1009_random_root_sets,random_root_sets,2,7,7,3,116,193,217276,10257352303600576,217276,1009,prime_block_le_1009,81,148442751793136438533965338087543801190959757888544388980934356724535496789076307693189375411040397120044336213563505967374089274154395172105420265758452993645832585198070632260101329900383144999881739549,467.819803066,847288609443,27.4653072167,55,19,0,,428.065572135,27.4653072167,1.02526407784,0.812609052286,1.4117609758,none_visible,12.6894704522,0.333333333333,12.3561371189,deterministic_seeded_random_sets_same_cardinality,local_obstruction_before_drift,local_residue_sieve,blocked_unfilled,darmon_granville_ceiling,blocked_unfilled,blocked_unfilled,Z,residue_only,blocked_unfilled,blocked_unfilled,negative_control_passed,Q_1009,pass_predefined,81,0,27.4653072167,0.339077866873,blocked_unfilled,control_class=random_root_sets,27.4653072167,local_obstruction_before_drift
rank2_Q1009_exact_power_anchor,exact_power_anchor,2,7,7,3,116,193,217276,10257352303600576,217276,1009,prime_block_le_1009,81,148442751793136438533965338087543801190959757888544388980934356724535496789076307693189375411040397120044336213563505967374089274154395172105420265758452993645832585198070632260101329900383144999881739549,467.819803066,443426488243037769948249630619149892803,88.9875953821,0,0,1,217276,366.54328397,88.9875953821,1.00520374155,0.98067537244,1.05398305483,constructed_exact_power_root,12.6894704522,0.333333333333,12.3561371189,C_from_near_power_row_as_positive_control,positive_control_survivor,local_residue_sieve,blocked_unfilled,darmon_granville_ceiling,blocked_unfilled,blocked_unfilled,Z,survivor_kandidat_requires_overlap_check,blocked_unfilled,blocked_unfilled,positive_control_passed,Q_1009,pass_predefined,81,4.60244113478e-06,88.9875953821,1.09861228867,blocked_unfilled,control_class=exact_power_anchor,88.9875953821,positive_control_survivor
rank3_Q1009_actual_near_miss,actual_near_miss,3,7,7,3,123,233,335332,37707261911714368,335332,1009,prime_block_le_1009,81,148442751793136438533965338087543801190959757888544388980934356724535496789076307693189375411040397120044336213563505967374089274154395172105420265758452993645832585198070632260101329900383144999881739549,467.819803066,847288609443,27.4653072167,56,13,0,,427.631619484,27.4653072167,1.02428064934,0.263565991647,1.49814876666,none_visible,12.2566572121,0.333333333333,11.9233238787,existing_near_power_csv,local_obstruction_before_drift,local_residue_sieve,blocked_unfilled,darmon_granville_ceiling,blocked_unfilled,blocked_unfilled,Z,residue_only,blocked_unfilled,blocked_unfilled,under_test,Q_1009,pass_predefined,81,0,27.4653072167,0.339077866873,blocked_unfilled,control_class=actual_near_miss,27.4653072167,local_obstruction_before_drift
rank3_Q1009_random_root_sets,random_root_sets,3,7,7,3,123,233,335332,37707261911714368,335332,1009,prime_block_le_1009,81,148442751793136438533965338087543801190959757888544388980934356724535496789076307693189375411040397120044336213563505967374089274154395172105420265758452993645832585198070632260101329900383144999881739549,467.819803066,847288609443,27.4653072167,56,13,0,,427.631619484,27.4653072167,1.00734907384,0.527131983295,1.43493811109,none_visible,12.2566572121,0.333333333333,11.9233238787,deterministic_seeded_random_sets_same_cardinality,local_obstruction_before_drift,local_residue_sieve,blocked_unfilled,darmon_granville_ceiling,blocked_unfilled,blocked_unfilled,Z,residue_only,blocked_unfilled,blocked_unfilled,negative_control_passed,Q_1009,pass_predefined,81,0,27.4653072167,0.339077866873,blocked_unfilled,control_class=random_root_sets,27.4653072167,local_obstruction_before_drift
rank3_Q1009_exact_power_anchor,exact_power_anchor,3,7,7,3,123,233,335332,37707261911714368,335332,1009,prime_block_le_1009,81,148442751793136438533965338087543801190959757888544388980934356724535496789076307693189375411040397120044336213563505967374089274154395172105420265758452993645832585198070632260101329900383144999881739549,467.819803066,443426488243037769948249630619149892803,88.9875953821,0,0,1,335332,366.109331319,88.9875953821,1.00015516684,0.992630189384,1.00905934682,constructed_exact_power_root,12.2566572121,0.333333333333,11.9233238787,C_from_near_power_row_as_positive_control,positive_control_survivor,local_residue_sieve,blocked_unfilled,darmon_granville_ceiling,blocked_unfilled,blocked_unfilled,Z,survivor_kandidat_requires_overlap_check,blocked_unfilled,blocked_unfilled,positive_control_passed,Q_1009,pass_predefined,81,2.9821192132e-06,88.9875953821,1.09861228867,blocked_unfilled,control_class=exact_power_anchor,88.9875953821,positive_control_survivor
rank4_Q1009_actual_near_miss,actual_near_miss,4,7,7,3,166,247,390533,59562540435549437,390533,1009,prime_block_le_1009,81,148442751793136438533965338087543801190959757888544388980934356724535496789076307693189375411040397120044336213563505967374089274154395172105420265758452993645832585198070632260101329900383144999881739549,467.819803066,387420489,19.775021196,62,13,0,,435.169514118,19.775021196,1.00697933464,0.663002443669,1.45572077136,none_visible,12.111587686,0.333333333333,11.7782543526,existing_near_power_csv,local_obstruction_before_drift,local_residue_sieve,blocked_unfilled,darmon_granville_ceiling,blocked_unfilled,blocked_unfilled,Z,residue_only,blocked_unfilled,blocked_unfilled,under_test,Q_1009,pass_predefined,81,0,19.775021196,0.244136064148,blocked_unfilled,control_class=actual_near_miss,19.775021196,local_obstruction_before_drift
rank4_Q1009_random_root_sets,random_root_sets,4,7,7,3,166,247,390533,59562540435549437,390533,1009,prime_block_le_1009,81,148442751793136438533965338087543801190959757888544388980934356724535496789076307693189375411040397120044336213563505967374089274154395172105420265758452993645832585198070632260101329900383144999881739549,467.819803066,387420489,19.775021196,62,13,0,,435.169514118,19.775021196,0.939871381224,0.537973032297,1.15473468311,none_visible,12.111587686,0.333333333333,11.7782543526,deterministic_seeded_random_sets_same_cardinality,local_obstruction_before_drift,local_residue_sieve,blocked_unfilled,darmon_granville_ceiling,blocked_unfilled,blocked_unfilled,Z,residue_only,blocked_unfilled,blocked_unfilled,negative_control_passed,Q_1009,pass_predefined,81,0,19.775021196,0.244136064148,blocked_unfilled,control_class=random_root_sets,19.775021196,local_obstruction_before_drift
rank4_Q1009_exact_power_anchor,exact_power_anchor,4,7,7,3,166,247,390533,59562540435549437,390533,1009,prime_block_le_1009,81,148442751793136438533965338087543801190959757888544388980934356724535496789076307693189375411040397120044336213563505967374089274154395172105420265758452993645832585198070632260101329900383144999881739549,467.819803066,147808829414345923316083210206383297601,87.8889830934,0,0,1,390533,367.055552221,87.8889830934,1.00524525314,0.973452805383,1.03632556873,constructed_exact_power_root,12.111587686,0.333333333333,11.7782543526,C_from_near_power_row_as_positive_control,positive_control_survivor,local_residue_sieve,blocked_unfilled,darmon_granville_ceiling,blocked_unfilled,blocked_unfilled,Z,survivor_kandidat_requires_overlap_check,blocked_unfilled,blocked_unfilled,positive_control_passed,Q_1009,pass_predefined,81,2.56060307324e-06,87.8889830934,1.08504917399,blocked_unfilled,control_class=exact_power_anchor,87.8889830934,positive_control_survivor
rank5_Q1009_actual_near_miss,actual_near_miss,5,5,6,4,198,227,3422,137126067287056,3422,1009,prime_block_le_1009,168,9883326855402037591071935385995119237769544071052336268948774388464692156613644748904309606814293831245297812573737471660766117746371102064423456768885161432286497987467827050297144528442873088837053363555505746083646800378861291436855041666704610624315412063093301501729007973506838237506477051903879849849069942384994070557970314845526910370320580570131817760395064723644436433536440921569283170173653219381073021595,962.46883296,19342813113834066795298816,58.224363167,106,5,0,,896.106489338,58.224363167,1.4341850526,0,8.84738457043,none_visible,29.5671892537,0.25,29.3171892537,existing_near_power_csv,local_obstruction_before_drift,local_residue_sieve,blocked_unfilled,darmon_granville_ceiling,blocked_unfilled,blocked_unfilled,Z,residue_only,blocked_unfilled,blocked_unfilled,under_test,Q_1009,pass_predefined,168,0,58.224363167,0.34657359028,blocked_unfilled,control_class=actual_near_miss,58.224363167,local_obstruction_before_drift
rank5_Q1009_random_root_sets,random_root_sets,5,5,6,4,198,227,3422,137126067287056,3422,1009,prime_block_le_1009,168,9883326855402037591071935385995119237769544071052336268948774388464692156613644748904309606814293831245297812573737471660766117746371102064423456768885161432286497987467827050297144528442873088837053363555505746083646800378861291436855041666704610624315412063093301501729007973506838237506477051903879849849069942384994070557970314845526910370320580570131817760395064723644436433536440921569283170173653219381073021595,962.46883296,19342813113834066795298816,58.224363167,106,5,0,,896.106489338,58.224363167,1.24106425336,0,4.04164231444,none_visible,29.5671892537,0.25,29.3171892537,deterministic_seeded_random_sets_same_cardinality,local_obstruction_before_drift,local_residue_sieve,blocked_unfilled,darmon_granville_ceiling,blocked_unfilled,blocked_unfilled,Z,residue_only,blocked_unfilled,blocked_unfilled,negative_control_passed,Q_1009,pass_predefined,168,0,58.224363167,0.34657359028,blocked_unfilled,control_class=random_root_sets,58.224363167,local_obstruction_before_drift
rank5_Q1009_exact_power_anchor,exact_power_anchor,5,5,6,4,198,227,3422,137126067287056,3422,1009,prime_block_le_1009,168,9883326855402037591071935385995119237769544071052336268948774388464692156613644748904309606814293831245297812573737471660766117746371102064423456768885161432286497987467827050297144528442873088837053363555505746083646800378861291436855041666704610624315412063093301501729007973506838237506477051903879849849069942384994070557970314845526910370320580570131817760395064723644436433536440921569283170173653219381073021595,962.46883296,113078212145816597093331040047546785012958969400039613319782796882727665664,170.514206418,0,0,1,3422,783.816646088,170.514206418,1.04711700029,0.630698421975,1.43709818819,constructed_exact_power_root,29.5671892537,0.25,29.3171892537,C_from_near_power_row_as_positive_control,positive_control_survivor,local_residue_sieve,blocked_unfilled,darmon_granville_ceiling,blocked_unfilled,blocked_unfilled,Z,survivor_kandidat_requires_overlap_check,blocked_unfilled,blocked_unfilled,positive_control_passed,Q_1009,pass_predefined,168,0.000292226767972,170.514206418,1.01496551439,blocked_unfilled,control_class=exact_power_anchor,170.514206418,positive_control_survivor
rank6_Q1009_actual_near_miss,actual_near_miss,6,6,6,3,185,218,52827,147423882533283,52827,1009,prime_block_le_1009,81,148442751793136438533965338087543801190959757888544388980934356724535496789076307693189375411040397120044336213563505967374089274154395172105420265758452993645832585198070632260101329900383144999881739549,467.819803066,31381059609,24.1694703507,59,7,0,,432.775555013,24.1694703507,1.058300314,0,2.74456664626,none_visible,14.3395974262,0.333333333333,14.0062640929,existing_near_power_csv,local_obstruction_before_drift,local_residue_sieve,blocked_unfilled,darmon_granville_ceiling,blocked_unfilled,blocked_unfilled,Z,residue_only,blocked_unfilled,blocked_unfilled,under_test,Q_1009,pass_predefined,81,0,24.1694703507,0.298388522848,blocked_unfilled,control_class=actual_near_miss,24.1694703507,local_obstruction_before_drift
rank6_Q1009_random_root_sets,random_root_sets,6,6,6,3,185,218,52827,147423882533283,52827,1009,prime_block_le_1009,81,148442751793136438533965338087543801190959757888544388980934356724535496789076307693189375411040397120044336213563505967374089274154395172105420265758452993645832585198070632260101329900383144999881739549,467.819803066,31381059609,24.1694703507,59,7,0,,432.775555013,24.1694703507,0.916396968321,0,3.21465033663,none_visible,14.3395974262,0.333333333333,14.0062640929,deterministic_seeded_random_sets_same_cardinality,local_obstruction_before_drift,local_residue_sieve,blocked_unfilled,darmon_granville_ceiling,blocked_unfilled,blocked_unfilled,Z,residue_only,blocked_unfilled,blocked_unfilled,negative_control_passed,Q_1009,pass_predefined,81,0,24.1694703507,0.298388522848,blocked_unfilled,control_class=random_root_sets,24.1694703507,local_obstruction_before_drift
rank6_Q1009_exact_power_anchor,exact_power_anchor,6,6,6,3,185,218,52827,147423882533283,52827,1009,prime_block_le_1009,81,148442751793136438533965338087543801190959757888544388980934356724535496789076307693189375411040397120044336213563505967374089274154395172105420265758452993645832585198070632260101329900383144999881739549,467.819803066,443426488243037769948249630619149892803,88.9875953821,0,0,1,52827,367.957429981,88.9875953821,1.02736693287,0.947396428173,1.21172254087,constructed_exact_power_root,14.3395974262,0.333333333333,14.0062640929,C_from_near_power_row_as_positive_control,positive_control_survivor,local_residue_sieve,blocked_unfilled,darmon_granville_ceiling,blocked_unfilled,blocked_unfilled,Z,survivor_kandidat_requires_overlap_check,blocked_unfilled,blocked_unfilled,positive_control_passed,Q_1009,pass_predefined,81,1.8929713972e-05,88.9875953821,1.09861228867,blocked_unfilled,control_class=exact_power_anchor,88.9875953821,positive_control_survivor
rank7_Q1009_actual_near_miss,actual_near_miss,7,6,7,3,162,85,36873,50133199270617,36873,1009,prime_block_le_1009,81,148442751793136438533965338087543801190959757888544388980934356724535496789076307693189375411040397120044336213563505967374089274154395172105420265758452993645832585198070632260101329900383144999881739549,467.819803066,3486784401,21.9722457734,61,7,0,,435.332322438,21.9722457734,0.884701765171,0,5.14595744553,none_visible,14.8299050385,0.333333333333,14.4965717052,existing_near_power_csv,local_obstruction_before_drift,local_residue_sieve,blocked_unfilled,darmon_granville_ceiling,blocked_unfilled,blocked_unfilled,Z,residue_only,blocked_unfilled,blocked_unfilled,under_test,Q_1009,pass_predefined,81,0,21.9722457734,0.271262293498,blocked_unfilled,control_class=actual_near_miss,21.9722457734,local_obstruction_before_drift
rank7_Q1009_random_root_sets,random_root_sets,7,6,7,3,162,85,36873,50133199270617,36873,1009,prime_block_le_1009,81,148442751793136438533965338087543801190959757888544388980934356724535496789076307693189375411040397120044336213563505967374089274154395172105420265758452993645832585198070632260101329900383144999881739549,467.819803066,3486784401,21.9722457734,61,7,0,,435.332322438,21.9722457734,1.24414954888,0,5.26250463302,none_visible,14.8299050385,0.333333333333,14.4965717052,deterministic_seeded_random_sets_same_cardinality,local_obstruction_before_drift,local_residue_sieve,blocked_unfilled,darmon_granville_ceiling,blocked_unfilled,blocked_unfilled,Z,residue_only,blocked_unfilled,blocked_unfilled,negative_control_passed,Q_1009,pass_predefined,81,0,21.9722457734,0.271262293498,blocked_unfilled,control_class=random_root_sets,21.9722457734,local_obstruction_before_drift
rank7_Q1009_exact_power_anchor,exact_power_anchor,7,6,7,3,162,85,36873,50133199270617,36873,1009,prime_block_le_1009,81,148442751793136438533965338087543801190959757888544388980934356724535496789076307693189375411040397120044336213563505967374089274154395172105420265758452993645832585198070632260101329900383144999881739549,467.819803066,147808829414345923316083210206383297601,87.8889830934,0,0,1,36873,369.415585118,87.8889830934,1.00485035723,0.759164338857,1.24463850393,constructed_exact_power_root,14.8299050385,0.333333333333,14.4965717052,C_from_near_power_row_as_positive_control,positive_control_survivor,local_residue_sieve,blocked_unfilled,darmon_granville_ceiling,blocked_unfilled,blocked_unfilled,Z,survivor_kandidat_requires_overlap_check,blocked_unfilled,blocked_unfilled,positive_control_passed,Q_1009,pass_predefined,81,2.71201149893e-05,87.8889830934,1.08504917399,blocked_unfilled,control_class=exact_power_anchor,87.8889830934,positive_control_survivor
rank8_Q1009_actual_near_miss,actual_near_miss,8,3,6,3,244,27,738,401947272,738,1009,prime_block_le_1009,81,148442751793136438533965338087543801190959757888544388980934356724535496789076307693189375411040397120044336213563505967374089274154395172105420265758452993645832585198070632260101329900383144999881739549,467.819803066,205891132094649,32.95836866,46,37,0,,428.257490581,32.95836866,1.45281918097,0,13.3256549232,none_visible,23.613152761,0.333333333333,23.2798194277,existing_near_power_csv,local_obstruction_before_drift,local_residue_sieve,blocked_unfilled,darmon_granville_ceiling,blocked_unfilled,blocked_unfilled,Z,residue_only,blocked_unfilled,blocked_unfilled,under_test,Q_1009,pass_predefined,81,0,32.95836866,0.406893440247,blocked_unfilled,control_class=actual_near_miss,32.95836866,local_obstruction_before_drift
rank8_Q1009_random_root_sets,random_root_sets,8,3,6,3,244,27,738,401947272,738,1009,prime_block_le_1009,81,148442751793136438533965338087543801190959757888544388980934356724535496789076307693189375411040397120044336213563505967374089274154395172105420265758452993645832585198070632260101329900383144999881739549,467.819803066,205891132094649,32.95836866,46,37,0,,428.257490581,32.95836866,1.49274189501,0,24.4464016862,none_visible,23.613152761,0.333333333333,23.2798194277,deterministic_seeded_random_sets_same_cardinality,local_obstruction_before_drift,local_residue_sieve,blocked_unfilled,darmon_granville_ceiling,blocked_unfilled,blocked_unfilled,Z,residue_only,blocked_unfilled,blocked_unfilled,negative_control_passed,Q_1009,pass_predefined,81,0,32.95836866,0.406893440247,blocked_unfilled,control_class=random_root_sets,32.95836866,local_obstruction_before_drift
rank8_Q1009_exact_power_anchor,exact_power_anchor,8,3,6,3,244,27,738,401947272,738,1009,prime_block_le_1009,81,148442751793136438533965338087543801190959757888544388980934356724535496789076307693189375411040397120044336213563505967374089274154395172105420265758452993645832585198070632260101329900383144999881739549,467.819803066,443426488243037769948249630619149892803,88.9875953821,0,0,1,738,372.228263859,88.9875953821,3.65280287062,0.863444745559,11.5648900933,constructed_exact_power_root,23.613152761,0.333333333333,23.2798194277,C_from_near_power_row_as_positive_control,positive_control_survivor,local_residue_sieve,blocked_unfilled,darmon_granville_ceiling,blocked_unfilled,blocked_unfilled,Z,survivor_kandidat_requires_overlap_check,blocked_unfilled,blocked_unfilled,positive_control_passed,Q_1009,pass_predefined,81,0.00135501355014,88.9875953821,1.09861228867,blocked_unfilled,control_class=exact_power_anchor,88.9875953821,positive_control_survivor
rank9_Q1009_actual_near_miss,actual_near_miss,9,7,7,3,192,205,291752,24833705446251008,291752,1009,prime_block_le_1009,81,148442751793136438533965338087543801190959757888544388980934356724535496789076307693189375411040397120044336213563505967374089274154395172105420265758452993645832585198070632260101329900383144999881739549,467.819803066,150094635296999121,39.5500423921,44,7,0,,415.686101269,39.5500423921,0.995132122615,0.763831381904,1.1784833999,none_visible,12.3922564441,0.333333333333,12.0589231107,existing_near_power_csv,local_obstruction_before_drift,local_residue_sieve,blocked_unfilled,darmon_granville_ceiling,blocked_unfilled,blocked_unfilled,Z,residue_only,blocked_unfilled,blocked_unfilled,under_test,Q_1009,pass_predefined,81,0,39.5500423921,0.488272128297,blocked_unfilled,control_class=actual_near_miss,39.5500423921,local_obstruction_before_drift
rank9_Q1009_random_root_sets,random_root_sets,9,7,7,3,192,205,291752,24833705446251008,291752,1009,prime_block_le_1009,81,148442751793136438533965338087543801190959757888544388980934356724535496789076307693189375411040397120044336213563505967374089274154395172105420265758452993645832585198070632260101329900383144999881739549,467.819803066,150094635296999121,39.5500423921,44,7,0,,415.686101269,39.5500423921,0.992762498439,0.73655212494,1.04757274824,none_visible,12.3922564441,0.333333333333,12.0589231107,deterministic_seeded_random_sets_same_cardinality,local_obstruction_before_drift,local_residue_sieve,blocked_unfilled,darmon_granville_ceiling,blocked_unfilled,blocked_unfilled,Z,residue_only,blocked_unfilled,blocked_unfilled,negative_control_passed,Q_1009,pass_predefined,81,0,39.5500423921,0.488272128297,blocked_unfilled,control_class=random_root_sets,39.5500423921,local_obstruction_before_drift
rank9_Q1009_exact_power_anchor,exact_power_anchor,9,7,7,3,192,205,291752,24833705446251008,291752,1009,prime_block_le_1009,81,148442751793136438533965338087543801190959757888544388980934356724535496789076307693189375411040397120044336213563505967374089274154395172105420265758452993645832585198070632260101329900383144999881739549,467.819803066,443426488243037769948249630619149892803,88.9875953821,0,0,1,291752,366.248548278,88.9875953821,1.00389216285,0.991450120498,1.0298933493,constructed_exact_power_root,12.3922564441,0.333333333333,12.0589231107,C_from_near_power_row_as_positive_control,positive_control_survivor,local_residue_sieve,blocked_unfilled,darmon_granville_ceiling,blocked_unfilled,blocked_unfilled,Z,survivor_kandidat_requires_overlap_check,blocked_unfilled,blocked_unfilled,positive_control_passed,Q_1009,pass_predefined,81,3.42756861992e-06,88.9875953821,1.09861228867,blocked_unfilled,control_class=exact_power_anchor,88.9875953821,positive_control_survivor
rank10_Q1009_actual_near_miss,actual_near_miss,10,7,7,3,121,232,331882,36555362570660968,331882,1009,prime_block_le_1009,81,148442751793136438533965338087543801190959757888544388980934356724535496789076307693189375411040397120044336213563505967374089274154395172105420265758452993645832585198070632260101329900383144999881739549,467.819803066,7625597484987,29.662531794,54,7,0,,425.444736509,29.662531794,0.919525168138,0,1.2265520744,none_visible,12.2666279591,0.333333333333,11.9332946258,existing_near_power_csv,local_obstruction_before_drift,local_residue_sieve,blocked_unfilled,darmon_granville_ceiling,blocked_unfilled,blocked_unfilled,Z,residue_only,blocked_unfilled,blocked_unfilled,under_test,Q_1009,pass_predefined,81,0,29.662531794,0.366204096223,blocked_unfilled,control_class=actual_near_miss,29.662531794,local_obstruction_before_drift
rank10_Q1009_random_root_sets,random_root_sets,10,7,7,3,121,232,331882,36555362570660968,331882,1009,prime_block_le_1009,81,148442751793136438533965338087543801190959757888544388980934356724535496789076307693189375411040397120044336213563505967374089274154395172105420265758452993645832585198070632260101329900383144999881739549,467.819803066,7625597484987,29.662531794,54,7,0,,425.444736509,29.662531794,1.04355730127,0.761813937886,1.6442979399,none_visible,12.2666279591,0.333333333333,11.9332946258,deterministic_seeded_random_sets_same_cardinality,local_obstruction_before_drift,local_residue_sieve,blocked_unfilled,darmon_granville_ceiling,blocked_unfilled,blocked_unfilled,Z,residue_only,blocked_unfilled,blocked_unfilled,negative_control_passed,Q_1009,pass_predefined,81,0,29.662531794,0.366204096223,blocked_unfilled,control_class=random_root_sets,29.662531794,local_obstruction_before_drift
rank10_Q1009_exact_power_anchor,exact_power_anchor,10,7,7,3,121,232,331882,36555362570660968,331882,1009,prime_block_le_1009,81,148442751793136438533965338087543801190959757888544388980934356724535496789076307693189375411040397120044336213563505967374089274154395172105420265758452993645832585198070632260101329900383144999881739549,467.819803066,443426488243037769948249630619149892803,88.9875953821,0,0,1,331882,366.119672921,88.9875953821,1.00667629079,0.993845871592,1.03969282255,constructed_exact_power_root,12.2666279591,0.333333333333,11.9332946258,C_from_near_power_row_as_positive_control,positive_control_survivor,local_residue_sieve,blocked_unfilled,darmon_granville_ceiling,blocked_unfilled,blocked_unfilled,Z,survivor_kandidat_requires_overlap_check,blocked_unfilled,blocked_unfilled,positive_control_passed,Q_1009,pass_predefined,81,3.01311912065e-06,88.9875953821,1.09861228867,blocked_unfilled,control_class=exact_power_anchor,88.9875953821,positive_control_survivor
rank11_Q1009_actual_near_miss,actual_near_miss,11,6,7,3,243,121,83665,585640963104625,83665,1009,prime_block_le_1009,81,148442751793136438533965338087543801190959757888544388980934356724535496789076307693189375411040397120044336213563505967374089274154395172105420265758452993645832585198070632260101329900383144999881739549,467.819803066,1853020188851841,35.1555932374,48,7,0,,421.32963382,35.1555932374,1.07246265419,0.423803927037,1.71813913956,none_visible,13.7578974487,0.333333333333,13.4245641154,existing_near_power_csv,local_obstruction_before_drift,local_residue_sieve,blocked_unfilled,darmon_granville_ceiling,blocked_unfilled,blocked_unfilled,Z,residue_only,blocked_unfilled,blocked_unfilled,under_test,Q_1009,pass_predefined,81,0,35.1555932374,0.434019669597,blocked_unfilled,control_class=actual_near_miss,35.1555932374,local_obstruction_before_drift
rank11_Q1009_random_root_sets,random_root_sets,11,6,7,3,243,121,83665,585640963104625,83665,1009,prime_block_le_1009,81,148442751793136438533965338087543801190959757888544388980934356724535496789076307693189375411040397120044336213563505967374089274154395172105420265758452993645832585198070632260101329900383144999881739549,467.819803066,1853020188851841,35.1555932374,48,7,0,,421.32963382,35.1555932374,1.01458412186,0,2.58053347676,none_visible,13.7578974487,0.333333333333,13.4245641154,deterministic_seeded_random_sets_same_cardinality,local_obstruction_before_drift,local_residue_sieve,blocked_unfilled,darmon_granville_ceiling,blocked_unfilled,blocked_unfilled,Z,residue_only,blocked_unfilled,blocked_unfilled,negative_control_passed,Q_1009,pass_predefined,81,0,35.1555932374,0.434019669597,blocked_unfilled,control_class=random_root_sets,35.1555932374,local_obstruction_before_drift
rank11_Q1009_exact_power_anchor,exact_power_anchor,11,6,7,3,243,121,83665,585640963104625,83665,1009,prime_block_le_1009,81,148442751793136438533965338087543801190959757888544388980934356724535496789076307693189375411040397120044336213563505967374089274154395172105420265758452993645832585198070632260101329900383144999881739549,467.819803066,147808829414345923316083210206383297601,87.8889830934,0,0,1,83665,368.596243964,87.8889830934,1.01780153876,0.952817121191,1.17314554739,constructed_exact_power_root,13.7578974487,0.333333333333,13.4245641154,C_from_near_power_row_as_positive_control,positive_control_survivor,local_residue_sieve,blocked_unfilled,darmon_granville_ceiling,blocked_unfilled,blocked_unfilled,Z,survivor_kandidat_requires_overlap_check,blocked_unfilled,blocked_unfilled,positive_control_passed,Q_1009,pass_predefined,81,1.19524293313e-05,87.8889830934,1.08504917399,blocked_unfilled,control_class=exact_power_anchor,87.8889830934,positive_control_survivor
rank12_Q1009_actual_near_miss,actual_near_miss,12,5,6,3,153,137,18848,6695697416192,18848,1009,prime_block_le_1009,81,148442751793136438533965338087543801190959757888544388980934356724535496789076307693189375411040397120044336213563505967374089274154395172105420265758452993645832585198070632260101329900383144999881739549,467.819803066,205891132094649,32.95836866,50,13,0,,425.017272319,32.95836866,0.956668946111,0,2.49470618751,none_visible,15.8408539991,0.333333333333,15.5075206658,existing_near_power_csv,local_obstruction_before_drift,local_residue_sieve,blocked_unfilled,darmon_granville_ceiling,blocked_unfilled,blocked_unfilled,Z,residue_only,blocked_unfilled,blocked_unfilled,under_test,Q_1009,pass_predefined,81,0,32.95836866,0.406893440247,blocked_unfilled,control_class=actual_near_miss,32.95836866,local_obstruction_before_drift
rank12_Q1009_random_root_sets,random_root_sets,12,5,6,3,153,137,18848,6695697416192,18848,1009,prime_block_le_1009,81,148442751793136438533965338087543801190959757888544388980934356724535496789076307693189375411040397120044336213563505967374089274154395172105420265758452993645832585198070632260101329900383144999881739549,467.819803066,205891132094649,32.95836866,50,13,0,,425.017272319,32.95836866,1.07964864137,0,3.36175367855,none_visible,15.8408539991,0.333333333333,15.5075206658,deterministic_seeded_random_sets_same_cardinality,local_obstruction_before_drift,local_residue_sieve,blocked_unfilled,darmon_granville_ceiling,blocked_unfilled,blocked_unfilled,Z,residue_only,blocked_unfilled,blocked_unfilled,negative_control_passed,Q_1009,pass_predefined,81,0,32.95836866,0.406893440247,blocked_unfilled,control_class=random_root_sets,32.95836866,local_obstruction_before_drift
rank12_Q1009_exact_power_anchor,exact_power_anchor,12,5,6,3,153,137,18848,6695697416192,18848,1009,prime_block_le_1009,81,148442751793136438533965338087543801190959757888544388980934356724535496789076307693189375411040397120044336213563505967374089274154395172105420265758452993645832585198070632260101329900383144999881739549,467.819803066,49269609804781974438694403402127765867,86.7903708048,0,0,1,18848,371.185270175,86.7903708048,1.03689015044,0.832148415393,1.35848189021,constructed_exact_power_root,15.8408539991,0.333333333333,15.5075206658,C_from_near_power_row_as_positive_control,positive_control_survivor,local_residue_sieve,blocked_unfilled,darmon_granville_ceiling,blocked_unfilled,blocked_unfilled,Z,survivor_kandidat_requires_overlap_check,blocked_unfilled,blocked_unfilled,positive_control_passed,Q_1009,pass_predefined,81,5.30560271647e-05,86.7903708048,1.07148605932,blocked_unfilled,control_class=exact_power_anchor,86.7903708048,positive_control_survivor
rank13_Q1009_actual_near_miss,actual_near_miss,13,7,7,3,169,231,339224,39035496952231424,339224,1009,prime_block_le_1009,81,148442751793136438533965338087543801190959757888544388980934356724535496789076307693189375411040397120044336213563505967374089274154395172105420265758452993645832585198070632260101329900383144999881739549,467.819803066,282429536481,26.366694928,57,13,0,,428.718692203,26.366694928,0.970366124628,0.732944733994,1.09187144777,none_visible,12.2455505733,0.333333333333,11.91221724,existing_near_power_csv,local_obstruction_before_drift,local_residue_sieve,blocked_unfilled,darmon_granville_ceiling,blocked_unfilled,blocked_unfilled,Z,residue_only,blocked_unfilled,blocked_unfilled,under_test,Q_1009,pass_predefined,81,0,26.366694928,0.325514752198,blocked_unfilled,control_class=actual_near_miss,26.366694928,local_obstruction_before_drift
rank13_Q1009_random_root_sets,random_root_sets,13,7,7,3,169,231,339224,39035496952231424,339224,1009,prime_block_le_1009,81,148442751793136438533965338087543801190959757888544388980934356724535496789076307693189375411040397120044336213563505967374089274154395172105420265758452993645832585198070632260101329900383144999881739549,467.819803066,282429536481,26.366694928,57,13,0,,428.718692203,26.366694928,0.98025674341,0.732944733994,1.25186602363,none_visible,12.2455505733,0.333333333333,11.91221724,deterministic_seeded_random_sets_same_cardinality,local_obstruction_before_drift,local_residue_sieve,blocked_unfilled,darmon_granville_ceiling,blocked_unfilled,blocked_unfilled,Z,residue_only,blocked_unfilled,blocked_unfilled,negative_control_passed,Q_1009,pass_predefined,81,0,26.366694928,0.325514752198,blocked_unfilled,control_class=random_root_sets,26.366694928,local_obstruction_before_drift
rank13_Q1009_exact_power_anchor,exact_power_anchor,13,7,7,3,169,231,339224,39035496952231424,339224,1009,prime_block_le_1009,81,148442751793136438533965338087543801190959757888544388980934356724535496789076307693189375411040397120044336213563505967374089274154395172105420265758452993645832585198070632260101329900383144999881739549,467.819803066,443426488243037769948249630619149892803,88.9875953821,0,0,1,339224,366.097791749,88.9875953821,1.00205197363,0.986366268634,1.0314963957,constructed_exact_power_root,12.2455505733,0.333333333333,11.91221724,C_from_near_power_row_as_positive_control,positive_control_survivor,local_residue_sieve,blocked_unfilled,darmon_granville_ceiling,blocked_unfilled,blocked_unfilled,Z,survivor_kandidat_requires_overlap_check,blocked_unfilled,blocked_unfilled,positive_control_passed,Q_1009,pass_predefined,81,2.94790462939e-06,88.9875953821,1.09861228867,blocked_unfilled,control_class=exact_power_anchor,88.9875953821,positive_control_survivor
rank14_Q1009_actual_near_miss,actual_near_miss,14,6,7,3,249,233,334775,37519673991734375,334775,1009,prime_block_le_1009,81,148442751793136438533965338087543801190959757888544388980934356724535496789076307693189375411040397120044336213563505967374089274154395172105420265758452993645832585198070632260101329900383144999881739549,467.819803066,282429536481,26.366694928,56,7,0,,428.731894195,26.366694928,0.963376410912,0.587057974261,1.22199387648,none_visible,12.2582589248,0.333333333333,11.9249255914,existing_near_power_csv,local_obstruction_before_drift,local_residue_sieve,blocked_unfilled,darmon_granville_ceiling,blocked_unfilled,blocked_unfilled,Z,residue_only,blocked_unfilled,blocked_unfilled,under_test,Q_1009,pass_predefined,81,0,26.366694928,0.325514752198,blocked_unfilled,control_class=actual_near_miss,26.366694928,local_obstruction_before_drift
rank14_Q1009_random_root_sets,random_root_sets,14,6,7,3,249,233,334775,37519673991734375,334775,1009,prime_block_le_1009,81,148442751793136438533965338087543801190959757888544388980934356724535496789076307693189375411040397120044336213563505967374089274154395172105420265758452993645832585198070632260101329900383144999881739549,467.819803066,282429536481,26.366694928,56,7,0,,428.731894195,26.366694928,0.984466252901,0.534994814096,1.18030683959,none_visible,12.2582589248,0.333333333333,11.9249255914,deterministic_seeded_random_sets_same_cardinality,local_obstruction_before_drift,local_residue_sieve,blocked_unfilled,darmon_granville_ceiling,blocked_unfilled,blocked_unfilled,Z,residue_only,blocked_unfilled,blocked_unfilled,negative_control_passed,Q_1009,pass_predefined,81,0,26.366694928,0.325514752198,blocked_unfilled,control_class=random_root_sets,26.366694928,local_obstruction_before_drift
rank14_Q1009_exact_power_anchor,exact_power_anchor,14,6,7,3,249,233,334775,37519673991734375,334775,1009,prime_block_le_1009,81,148442751793136438533965338087543801190959757888544388980934356724535496789076307693189375411040397120044336213563505967374089274154395172105420265758452993645832585198070632260101329900383144999881739549,467.819803066,147808829414345923316083210206383297601,87.8889830934,0,0,1,334775,367.209606029,87.8889830934,1.00264270917,0.983043669463,1.02287938001,constructed_exact_power_root,12.2582589248,0.333333333333,11.9249255914,C_from_near_power_row_as_positive_control,positive_control_survivor,local_residue_sieve,blocked_unfilled,darmon_granville_ceiling,blocked_unfilled,blocked_unfilled,Z,survivor_kandidat_requires_overlap_check,blocked_unfilled,blocked_unfilled,positive_control_passed,Q_1009,pass_predefined,81,2.98708087521e-06,87.8889830934,1.08504917399,blocked_unfilled,control_class=exact_power_anchor,87.8889830934,positive_control_survivor
rank15_Q1009_actual_near_miss,actual_near_miss,15,7,7,3,158,243,374419,52489645185002059,374419,1009,prime_block_le_1009,81,148442751793136438533965338087543801190959757888544388980934356724535496789076307693189375411040397120044336213563505967374089274154395172105420265758452993645832585198070632260101329900383144999881739549,467.819803066,847288609443,27.4653072167,56,7,0,,427.521365079,27.4653072167,0.908344909293,0,1.14440892274,none_visible,12.1513555147,0.333333333333,11.8180221814,existing_near_power_csv,local_obstruction_before_drift,local_residue_sieve,blocked_unfilled,darmon_granville_ceiling,blocked_unfilled,blocked_unfilled,Z,residue_only,blocked_unfilled,blocked_unfilled,under_test,Q_1009,pass_predefined,81,0,27.4653072167,0.339077866873,blocked_unfilled,control_class=actual_near_miss,27.4653072167,local_obstruction_before_drift
rank15_Q1009_random_root_sets,random_root_sets,15,7,7,3,158,243,374419,52489645185002059,374419,1009,prime_block_le_1009,81,148442751793136438533965338087543801190959757888544388980934356724535496789076307693189375411040397120044336213563505967374089274154395172105420265758452993645832585198070632260101329900383144999881739549,467.819803066,847288609443,27.4653072167,56,7,0,,427.521365079,27.4653072167,0.873703250162,0,1.34169740318,none_visible,12.1513555147,0.333333333333,11.8180221814,deterministic_seeded_random_sets_same_cardinality,local_obstruction_before_drift,local_residue_sieve,blocked_unfilled,darmon_granville_ceiling,blocked_unfilled,blocked_unfilled,Z,residue_only,blocked_unfilled,blocked_unfilled,negative_control_passed,Q_1009,pass_predefined,81,0,27.4653072167,0.339077866873,blocked_unfilled,control_class=random_root_sets,27.4653072167,local_obstruction_before_drift
rank15_Q1009_exact_power_anchor,exact_power_anchor,15,7,7,3,158,243,374419,52489645185002059,374419,1009,prime_block_le_1009,81,148442751793136438533965338087543801190959757888544388980934356724535496789076307693189375411040397120044336213563505967374089274154395172105420265758452993645832585198070632260101329900383144999881739549,467.819803066,443426488243037769948249630619149892803,88.9875953821,0,0,1,374419,365.999076914,88.9875953821,1.00161686308,0.982660246052,1.01534763045,constructed_exact_power_root,12.1513555147,0.333333333333,11.8180221814,C_from_near_power_row_as_positive_control,positive_control_survivor,local_residue_sieve,blocked_unfilled,darmon_granville_ceiling,blocked_unfilled,blocked_unfilled,Z,survivor_kandidat_requires_overlap_check,blocked_unfilled,blocked_unfilled,positive_control_passed,Q_1009,pass_predefined,81,2.67080463331e-06,88.9875953821,1.09861228867,blocked_unfilled,control_class=exact_power_anchor,88.9875953821,positive_control_survivor
rank16_Q1009_actual_near_miss,actual_near_miss,16,7,7,3,233,236,427367,78055399815039863,427367,1009,prime_block_le_1009,81,148442751793136438533965338087543801190959757888544388980934356724535496789076307693189375411040397120044336213563505967374089274154395172105420265758452993645832585198070632260101329900383144999881739549,467.819803066,10460353203,23.070858062,58,13,0,,431.783546596,23.070858062,0.997375283605,0.693138060106,1.14722345067,none_visible,12.0273924063,0.333333333333,11.694059073,existing_near_power_csv,local_obstruction_before_drift,local_residue_sieve,blocked_unfilled,darmon_granville_ceiling,blocked_unfilled,blocked_unfilled,Z,residue_only,blocked_unfilled,blocked_unfilled,under_test,Q_1009,pass_predefined,81,0,23.070858062,0.284825408173,blocked_unfilled,control_class=actual_near_miss,23.070858062,local_obstruction_before_drift
rank16_Q1009_random_root_sets,random_root_sets,16,7,7,3,233,236,427367,78055399815039863,427367,1009,prime_block_le_1009,81,148442751793136438533965338087543801190959757888544388980934356724535496789076307693189375411040397120044336213563505967374089274154395172105420265758452993645832585198070632260101329900383144999881739549,467.819803066,10460353203,23.070858062,58,13,0,,431.783546596,23.070858062,1.02889535035,0.924184080141,1.4266554143,none_visible,12.0273924063,0.333333333333,11.694059073,deterministic_seeded_random_sets_same_cardinality,local_obstruction_before_drift,local_residue_sieve,blocked_unfilled,darmon_granville_ceiling,blocked_unfilled,blocked_unfilled,Z,residue_only,blocked_unfilled,blocked_unfilled,negative_control_passed,Q_1009,pass_predefined,81,0,23.070858062,0.284825408173,blocked_unfilled,control_class=random_root_sets,23.070858062,local_obstruction_before_drift
rank16_Q1009_exact_power_anchor,exact_power_anchor,16,7,7,3,233,236,427367,78055399815039863,427367,1009,prime_block_le_1009,81,148442751793136438533965338087543801190959757888544388980934356724535496789076307693189375411040397120044336213563505967374089274154395172105420265758452993645832585198070632260101329900383144999881739549,467.819803066,49269609804781974438694403402127765867,86.7903708048,0,0,1,427367,368.064033853,86.7903708048,1.00210435839,0.975703682211,1.02232169436,constructed_exact_power_root,12.0273924063,0.333333333333,11.694059073,C_from_near_power_row_as_positive_control,positive_control_survivor,local_residue_sieve,blocked_unfilled,darmon_granville_ceiling,blocked_unfilled,blocked_unfilled,Z,survivor_kandidat_requires_overlap_check,blocked_unfilled,blocked_unfilled,positive_control_passed,Q_1009,pass_predefined,81,2.33990925832e-06,86.7903708048,1.07148605932,blocked_unfilled,control_class=exact_power_anchor,86.7903708048,positive_control_survivor
rank17_Q1009_actual_near_miss,actual_near_miss,17,6,7,3,162,197,225934,11533065905080504,225934,1009,prime_block_le_1009,81,148442751793136438533965338087543801190959757888544388980934356724535496789076307693189375411040397120044336213563505967374089274154395172105420265758452993645832585198070632260101329900383144999881739549,467.819803066,2541865828329,28.5639195054,55,7,0,,426.92788536,28.5639195054,0.9801455866,0.550232467102,1.39103946777,none_visible,12.6492502532,0.333333333333,12.3159169199,existing_near_power_csv,local_obstruction_before_drift,local_residue_sieve,blocked_unfilled,darmon_granville_ceiling,blocked_unfilled,blocked_unfilled,Z,residue_only,blocked_unfilled,blocked_unfilled,under_test,Q_1009,pass_predefined,81,0,28.5639195054,0.352640981548,blocked_unfilled,control_class=actual_near_miss,28.5639195054,local_obstruction_before_drift
rank17_Q1009_random_root_sets,random_root_sets,17,6,7,3,162,197,225934,11533065905080504,225934,1009,prime_block_le_1009,81,148442751793136438533965338087543801190959757888544388980934356724535496789076307693189375411040397120044336213563505967374089274154395172105420265758452993645832585198070632260101329900383144999881739549,467.819803066,2541865828329,28.5639195054,55,7,0,,426.92788536,28.5639195054,0.990224755083,0.360344663092,1.72936393421,none_visible,12.6492502532,0.333333333333,12.3159169199,deterministic_seeded_random_sets_same_cardinality,local_obstruction_before_drift,local_residue_sieve,blocked_unfilled,darmon_granville_ceiling,blocked_unfilled,blocked_unfilled,Z,residue_only,blocked_unfilled,blocked_unfilled,negative_control_passed,Q_1009,pass_predefined,81,0,28.5639195054,0.352640981548,blocked_unfilled,control_class=random_root_sets,28.5639195054,local_obstruction_before_drift
rank17_Q1009_exact_power_anchor,exact_power_anchor,17,6,7,3,162,197,225934,11533065905080504,225934,1009,prime_block_le_1009,81,148442751793136438533965338087543801190959757888544388980934356724535496789076307693189375411040397120044336213563505967374089274154395172105420265758452993645832585198070632260101329900383144999881739549,467.819803066,443426488243037769948249630619149892803,88.9875953821,0,0,1,225934,366.504209484,88.9875953821,1.01004712045,0.994237746913,1.0585052862,constructed_exact_power_root,12.6492502532,0.333333333333,12.3159169199,C_from_near_power_row_as_positive_control,positive_control_survivor,local_residue_sieve,blocked_unfilled,darmon_granville_ceiling,blocked_unfilled,blocked_unfilled,Z,survivor_kandidat_requires_overlap_check,blocked_unfilled,blocked_unfilled,positive_control_passed,Q_1009,pass_predefined,81,4.42607133057e-06,88.9875953821,1.09861228867,blocked_unfilled,control_class=exact_power_anchor,88.9875953821,positive_control_survivor
rank18_Q1009_actual_near_miss,actual_near_miss,18,7,7,3,195,197,281203,22236162996552427,281203,1009,prime_block_le_1009,81,148442751793136438533965338087543801190959757888544388980934356724535496789076307693189375411040397120044336213563505967374089274154395172105420265758452993645832585198070632260101329900383144999881739549,467.819803066,2541865828329,28.5639195054,54,13,0,,426.709051453,28.5639195054,0.977140772562,0.492849965644,1.36671333125,none_visible,12.4286300335,0.333333333333,12.0952967001,existing_near_power_csv,local_obstruction_before_drift,local_residue_sieve,blocked_unfilled,darmon_granville_ceiling,blocked_unfilled,blocked_unfilled,Z,residue_only,blocked_unfilled,blocked_unfilled,under_test,Q_1009,pass_predefined,81,0,28.5639195054,0.352640981548,blocked_unfilled,control_class=actual_near_miss,28.5639195054,local_obstruction_before_drift
rank18_Q1009_random_root_sets,random_root_sets,18,7,7,3,195,197,281203,22236162996552427,281203,1009,prime_block_le_1009,81,148442751793136438533965338087543801190959757888544388980934356724535496789076307693189375411040397120044336213563505967374089274154395172105420265758452993645832585198070632260101329900383144999881739549,467.819803066,2541865828329,28.5639195054,54,13,0,,426.709051453,28.5639195054,0.958068219071,0,1.25977555953,none_visible,12.4286300335,0.333333333333,12.0952967001,deterministic_seeded_random_sets_same_cardinality,local_obstruction_before_drift,local_residue_sieve,blocked_unfilled,darmon_granville_ceiling,blocked_unfilled,blocked_unfilled,Z,residue_only,blocked_unfilled,blocked_unfilled,negative_control_passed,Q_1009,pass_predefined,81,0,28.5639195054,0.352640981548,blocked_unfilled,control_class=random_root_sets,28.5639195054,local_obstruction_before_drift
rank18_Q1009_exact_power_anchor,exact_power_anchor,18,7,7,3,195,197,281203,22236162996552427,281203,1009,prime_block_le_1009,81,148442751793136438533965338087543801190959757888544388980934356724535496789076307693189375411040397120044336213563505967374089274154395172105420265758452993645832585198070632260101329900383144999881739549,467.819803066,16423203268260658146231467800709255289,85.6917585161,0,0,1,281203,369.581212442,85.6917585161,1.00245759588,0.968543484007,1.01419852088,constructed_exact_power_root,12.4286300335,0.333333333333,12.0952967001,C_from_near_power_row_as_positive_control,positive_control_survivor,local_residue_sieve,blocked_unfilled,darmon_granville_ceiling,blocked_unfilled,blocked_unfilled,Z,survivor_kandidat_requires_overlap_check,blocked_unfilled,blocked_unfilled,positive_control_passed,Q_1009,pass_predefined,81,3.5561498277e-06,85.6917585161,1.05792294464,blocked_unfilled,control_class=exact_power_anchor,85.6917585161,positive_control_survivor
rank19_Q1009_actual_near_miss,actual_near_miss,19,7,7,3,139,245,377950,53988722234875000,377950,1009,prime_block_le_1009,81,148442751793136438533965338087543801190959757888544388980934356724535496789076307693189375411040397120044336213563505967374089274154395172105420265758452993645832585198070632260101329900383144999881739549,467.819803066,617673396283947,34.0569809487,50,13,0,,420.920304926,34.0569809487,1.01099246422,0.489473034352,1.17701547824,none_visible,12.1424742548,0.333333333333,11.8091409215,existing_near_power_csv,local_obstruction_before_drift,local_residue_sieve,blocked_unfilled,darmon_granville_ceiling,blocked_unfilled,blocked_unfilled,Z,residue_only,blocked_unfilled,blocked_unfilled,under_test,Q_1009,pass_predefined,81,0,34.0569809487,0.420456554922,blocked_unfilled,control_class=actual_near_miss,34.0569809487,local_obstruction_before_drift
rank19_Q1009_random_root_sets,random_root_sets,19,7,7,3,139,245,377950,53988722234875000,377950,1009,prime_block_le_1009,81,148442751793136438533965338087543801190959757888544388980934356724535496789076307693189375411040397120044336213563505967374089274154395172105420265758452993645832585198070632260101329900383144999881739549,467.819803066,617673396283947,34.0569809487,50,13,0,,420.920304926,34.0569809487,1.00071415972,0.914986697241,1.14210374682,none_visible,12.1424742548,0.333333333333,11.8091409215,deterministic_seeded_random_sets_same_cardinality,local_obstruction_before_drift,local_residue_sieve,blocked_unfilled,darmon_granville_ceiling,blocked_unfilled,blocked_unfilled,Z,residue_only,blocked_unfilled,blocked_unfilled,negative_control_passed,Q_1009,pass_predefined,81,0,34.0569809487,0.420456554922,blocked_unfilled,control_class=random_root_sets,34.0569809487,local_obstruction_before_drift
rank19_Q1009_exact_power_anchor,exact_power_anchor,19,7,7,3,139,245,377950,53988722234875000,377950,1009,prime_block_le_1009,81,148442751793136438533965338087543801190959757888544388980934356724535496789076307693189375411040397120044336213563505967374089274154395172105420265758452993645832585198070632260101329900383144999881739549,467.819803066,443426488243037769948249630619149892803,88.9875953821,0,0,1,377950,365.989690493,88.9875953821,1.00249107025,0.988767473652,1.05090032485,constructed_exact_power_root,12.1424742548,0.333333333333,11.8091409215,C_from_near_power_row_as_positive_control,positive_control_survivor,local_residue_sieve,blocked_unfilled,darmon_granville_ceiling,blocked_unfilled,blocked_unfilled,Z,survivor_kandidat_requires_overlap_check,blocked_unfilled,blocked_unfilled,positive_control_passed,Q_1009,pass_predefined,81,2.64585262601e-06,88.9875953821,1.09861228867,blocked_unfilled,control_class=exact_power_anchor,88.9875953821,positive_control_survivor
rank20_Q1009_actual_near_miss,actual_near_miss,20,6,7,3,157,161,141264,2818996251807744,141264,1009,prime_block_le_1009,81,148442751793136438533965338087543801190959757888544388980934356724535496789076307693189375411040397120044336213563505967374089274154395172105420265758452993645832585198070632260101329900383144999881739549,467.819803066,282429536481,26.366694928,57,13,0,,429.594722379,26.366694928,0.905184003309,0,2.33139606222,none_visible,13.1501822864,0.333333333333,12.8168489531,existing_near_power_csv,local_obstruction_before_drift,local_residue_sieve,blocked_unfilled,darmon_granville_ceiling,blocked_unfilled,blocked_unfilled,Z,residue_only,blocked_unfilled,blocked_unfilled,under_test,Q_1009,pass_predefined,81,0,26.366694928,0.325514752198,blocked_unfilled,control_class=actual_near_miss,26.366694928,local_obstruction_before_drift
rank20_Q1009_random_root_sets,random_root_sets,20,6,7,3,157,161,141264,2818996251807744,141264,1009,prime_block_le_1009,81,148442751793136438533965338087543801190959757888544388980934356724535496789076307693189375411040397120044336213563505967374089274154395172105420265758452993645832585198070632260101329900383144999881739549,467.819803066,282429536481,26.366694928,57,13,0,,429.594722379,26.366694928,0.959167759628,0,2.33139606222,none_visible,13.1501822864,0.333333333333,12.8168489531,deterministic_seeded_random_sets_same_cardinality,local_obstruction_before_drift,local_residue_sieve,blocked_unfilled,darmon_granville_ceiling,blocked_unfilled,blocked_unfilled,Z,residue_only,blocked_unfilled,blocked_unfilled,negative_control_passed,Q_1009,pass_predefined,81,0,26.366694928,0.325514752198,blocked_unfilled,control_class=random_root_sets,26.366694928,local_obstruction_before_drift
rank20_Q1009_exact_power_anchor,exact_power_anchor,20,6,7,3,157,161,141264,2818996251807744,141264,1009,prime_block_le_1009,81,148442751793136438533965338087543801190959757888544388980934356724535496789076307693189375411040397120044336213563505967374089274154395172105420265758452993645832585198070632260101329900383144999881739549,467.819803066,147808829414345923316083210206383297601,87.8889830934,0,0,1,141264,368.072434213,87.8889830934,1.00403093446,0.911586344244,1.08450135916,constructed_exact_power_root,13.1501822864,0.333333333333,12.8168489531,C_from_near_power_row_as_positive_control,positive_control_survivor,local_residue_sieve,blocked_unfilled,darmon_granville_ceiling,blocked_unfilled,blocked_unfilled,Z,survivor_kandidat_requires_overlap_check,blocked_unfilled,blocked_unfilled,positive_control_passed,Q_1009,pass_predefined,81,7.07894438781e-06,87.8889830934,1.08504917399,blocked_unfilled,control_class=exact_power_anchor,87.8889830934,positive_control_survivor
rank21_Q1009_actual_near_miss,actual_near_miss,21,7,7,3,145,231,331550,36445767198875000,331550,1009,prime_block_le_1009,81,148442751793136438533965338087543801190959757888544388980934356724535496789076307693189375411040397120044336213563505967374089274154395172105420265758452993645832585198070632260101329900383144999881739549,467.819803066,617673396283947,34.0569809487,50,7,0,,421.05128821,34.0569809487,0.987121963616,0.885983344225,1.04538380335,none_visible,12.2675937852,0.333333333333,11.9342604519,existing_near_power_csv,local_obstruction_before_drift,local_residue_sieve,blocked_unfilled,darmon_granville_ceiling,blocked_unfilled,blocked_unfilled,Z,residue_only,blocked_unfilled,blocked_unfilled,under_test,Q_1009,pass_predefined,81,0,34.0569809487,0.420456554922,blocked_unfilled,control_class=actual_near_miss,34.0569809487,local_obstruction_before_drift
rank21_Q1009_random_root_sets,random_root_sets,21,7,7,3,145,231,331550,36445767198875000,331550,1009,prime_block_le_1009,81,148442751793136438533965338087543801190959757888544388980934356724535496789076307693189375411040397120044336213563505967374089274154395172105420265758452993645832585198070632260101329900383144999881739549,467.819803066,617673396283947,34.0569809487,50,7,0,,421.05128821,34.0569809487,1.01128615873,0.885983344225,1.12730742807,none_visible,12.2675937852,0.333333333333,11.9342604519,deterministic_seeded_random_sets_same_cardinality,local_obstruction_before_drift,local_residue_sieve,blocked_unfilled,darmon_granville_ceiling,blocked_unfilled,blocked_unfilled,Z,residue_only,blocked_unfilled,blocked_unfilled,negative_control_passed,Q_1009,pass_predefined,81,0,34.0569809487,0.420456554922,blocked_unfilled,control_class=random_root_sets,34.0569809487,local_obstruction_before_drift
rank21_Q1009_exact_power_anchor,exact_power_anchor,21,7,7,3,145,231,331550,36445767198875000,331550,1009,prime_block_le_1009,81,148442751793136438533965338087543801190959757888544388980934356724535496789076307693189375411040397120044336213563505967374089274154395172105420265758452993645832585198070632260101329900383144999881739549,467.819803066,49269609804781974438694403402127765867,86.7903708048,0,0,1,331550,368.317898354,86.7903708048,1.00607814307,0.996412138273,1.02496523065,constructed_exact_power_root,12.2675937852,0.333333333333,11.9342604519,C_from_near_power_row_as_positive_control,positive_control_survivor,local_residue_sieve,blocked_unfilled,darmon_granville_ceiling,blocked_unfilled,blocked_unfilled,Z,survivor_kandidat_requires_overlap_check,blocked_unfilled,blocked_unfilled,positive_control_passed,Q_1009,pass_predefined,81,3.01613632936e-06,86.7903708048,1.07148605932,blocked_unfilled,control_class=exact_power_anchor,86.7903708048,positive_control_survivor
rank22_Q1009_actual_near_miss,actual_near_miss,22,7,7,3,181,216,304744,28301241748662784,304744,1009,prime_block_le_1009,81,148442751793136438533965338087543801190959757888544388980934356724535496789076307693189375411040397120044336213563505967374089274154395172105420265758452993645832585198070632260101329900383144999881739549,467.819803066,531441,13.183347464,68,7,0,,442.009228243,13.183347464,0.991613574138,0.607820188603,1.17189765107,none_visible,12.3494992149,0.333333333333,12.0161658816,existing_near_power_csv,local_obstruction_before_drift,local_residue_sieve,blocked_unfilled,darmon_granville_ceiling,blocked_unfilled,blocked_unfilled,Z,residue_only,blocked_unfilled,blocked_unfilled,under_test,Q_1009,pass_predefined,81,0,13.183347464,0.162757376099,blocked_unfilled,control_class=actual_near_miss,13.183347464,local_obstruction_before_drift
rank22_Q1009_random_root_sets,random_root_sets,22,7,7,3,181,216,304744,28301241748662784,304744,1009,prime_block_le_1009,81,148442751793136438533965338087543801190959757888544388980934356724535496789076307693189375411040397120044336213563505967374089274154395172105420265758452993645832585198070632260101329900383144999881739549,467.819803066,531441,13.183347464,68,7,0,,442.009228243,13.183347464,0.959918300582,0.24335653678,1.54655929786,none_visible,12.3494992149,0.333333333333,12.0161658816,deterministic_seeded_random_sets_same_cardinality,local_obstruction_before_drift,local_residue_sieve,blocked_unfilled,darmon_granville_ceiling,blocked_unfilled,blocked_unfilled,Z,residue_only,blocked_unfilled,blocked_unfilled,negative_control_passed,Q_1009,pass_predefined,81,0,13.183347464,0.162757376099,blocked_unfilled,control_class=random_root_sets,13.183347464,local_obstruction_before_drift
rank22_Q1009_exact_power_anchor,exact_power_anchor,22,7,7,3,181,216,304744,28301241748662784,304744,1009,prime_block_le_1009,81,148442751793136438533965338087543801190959757888544388980934356724535496789076307693189375411040397120044336213563505967374089274154395172105420265758452993645832585198070632260101329900383144999881739549,467.819803066,443426488243037769948249630619149892803,88.9875953821,0,0,1,304744,366.204980325,88.9875953821,1.00236789519,0.994023763479,1.02546034996,constructed_exact_power_root,12.3494992149,0.333333333333,12.0161658816,C_from_near_power_row_as_positive_control,positive_control_survivor,local_residue_sieve,blocked_unfilled,darmon_granville_ceiling,blocked_unfilled,blocked_unfilled,Z,survivor_kandidat_requires_overlap_check,blocked_unfilled,blocked_unfilled,positive_control_passed,Q_1009,pass_predefined,81,3.28144278476e-06,88.9875953821,1.09861228867,blocked_unfilled,control_class=exact_power_anchor,88.9875953821,positive_control_survivor
rank23_Q1009_actual_near_miss,actual_near_miss,23,6,7,3,250,243,369079,50275686066280039,369079,1009,prime_block_le_1009,81,148442751793136438533965338087543801190959757888544388980934356724535496789076307693189375411040397120044336213563505967374089274154395172105420265758452993645832585198070632260101329900383144999881739549,467.819803066,1853020188851841,35.1555932374,48,13,0,,419.845443836,35.1555932374,0.990376232309,0.75617204507,1.44383993671,none_visible,12.1649723889,0.333333333333,11.8316390556,existing_near_power_csv,local_obstruction_before_drift,local_residue_sieve,blocked_unfilled,darmon_granville_ceiling,blocked_unfilled,blocked_unfilled,Z,residue_only,blocked_unfilled,blocked_unfilled,under_test,Q_1009,pass_predefined,81,0,35.1555932374,0.434019669597,blocked_unfilled,control_class=actual_near_miss,35.1555932374,local_obstruction_before_drift
rank23_Q1009_random_root_sets,random_root_sets,23,6,7,3,250,243,369079,50275686066280039,369079,1009,prime_block_le_1009,81,148442751793136438533965338087543801190959757888544388980934356724535496789076307693189375411040397120044336213563505967374089274154395172105420265758452993645832585198070632260101329900383144999881739549,467.819803066,1853020188851841,35.1555932374,48,13,0,,419.845443836,35.1555932374,1.00437501687,0.828613627134,1.18137580301,none_visible,12.1649723889,0.333333333333,11.8316390556,deterministic_seeded_random_sets_same_cardinality,local_obstruction_before_drift,local_residue_sieve,blocked_unfilled,darmon_granville_ceiling,blocked_unfilled,blocked_unfilled,Z,residue_only,blocked_unfilled,blocked_unfilled,negative_control_passed,Q_1009,pass_predefined,81,0,35.1555932374,0.434019669597,blocked_unfilled,control_class=random_root_sets,35.1555932374,local_obstruction_before_drift
rank23_Q1009_exact_power_anchor,exact_power_anchor,23,6,7,3,250,243,369079,50275686066280039,369079,1009,prime_block_le_1009,81,148442751793136438533965338087543801190959757888544388980934356724535496789076307693189375411040397120044336213563505967374089274154395172105420265758452993645832585198070632260101329900383144999881739549,467.819803066,443426488243037769948249630619149892803,88.9875953821,0,0,1,369079,366.013441692,88.9875953821,1.00107551249,0.971242832384,1.02465355957,constructed_exact_power_root,12.1649723889,0.333333333333,11.8316390556,C_from_near_power_row_as_positive_control,positive_control_survivor,local_residue_sieve,blocked_unfilled,darmon_granville_ceiling,blocked_unfilled,blocked_unfilled,Z,survivor_kandidat_requires_overlap_check,blocked_unfilled,blocked_unfilled,positive_control_passed,Q_1009,pass_predefined,81,2.70944702896e-06,88.9875953821,1.09861228867,blocked_unfilled,control_class=exact_power_anchor,88.9875953821,positive_control_survivor
rank24_Q1009_actual_near_miss,actual_near_miss,24,7,6,4,75,167,2433,35040350021121,2433,1009,prime_block_le_1009,168,9883326855402037591071935385995119237769544071052336268948774388464692156613644748904309606814293831245297812573737471660766117746371102064423456768885161432286497987467827050297144528442873088837053363555505746083646800378861291436855041666704610624315412063093301501729007973506838237506477051903879849849069942384994070557970314845526910370320580570131817760395064723644436433536440921569283170173653219381073021595,962.46883296,38685626227668133590597632,58.9175103476,105,5,0,,895.754442269,58.9175103476,0.912059871215,0,2.86102548294,none_visible,30.8607029557,0.25,30.6107029557,existing_near_power_csv,local_obstruction_before_drift,local_residue_sieve,blocked_unfilled,darmon_granville_ceiling,blocked_unfilled,blocked_unfilled,Z,residue_only,blocked_unfilled,blocked_unfilled,under_test,Q_1009,pass_predefined,168,0,58.9175103476,0.350699466355,blocked_unfilled,control_class=actual_near_miss,58.9175103476,local_obstruction_before_drift
rank24_Q1009_random_root_sets,random_root_sets,24,7,6,4,75,167,2433,35040350021121,2433,1009,prime_block_le_1009,168,9883326855402037591071935385995119237769544071052336268948774388464692156613644748904309606814293831245297812573737471660766117746371102064423456768885161432286497987467827050297144528442873088837053363555505746083646800378861291436855041666704610624315412063093301501729007973506838237506477051903879849849069942384994070557970314845526910370320580570131817760395064723644436433536440921569283170173653219381073021595,962.46883296,38685626227668133590597632,58.9175103476,105,5,0,,895.754442269,58.9175103476,1.2755514454,0,5.58528565557,none_visible,30.8607029557,0.25,30.6107029557,deterministic_seeded_random_sets_same_cardinality,local_obstruction_before_drift,local_residue_sieve,blocked_unfilled,darmon_granville_ceiling,blocked_unfilled,blocked_unfilled,Z,residue_only,blocked_unfilled,blocked_unfilled,negative_control_passed,Q_1009,pass_predefined,168,0,58.9175103476,0.350699466355,blocked_unfilled,control_class=random_root_sets,58.9175103476,local_obstruction_before_drift
rank24_Q1009_exact_power_anchor,exact_power_anchor,24,7,6,4,75,167,2433,35040350021121,2433,1009,prime_block_le_1009,168,9883326855402037591071935385995119237769544071052336268948774388464692156613644748904309606814293831245297812573737471660766117746371102064423456768885161432286497987467827050297144528442873088837053363555505746083646800378861291436855041666704610624315412063093301501729007973506838237506477051903879849849069942384994070557970314845526910370320580570131817760395064723644436433536440921569283170173653219381073021595,962.46883296,226156424291633194186662080095093570025917938800079226639565593765455331328,171.207353598,0,0,1,2433,783.464599019,171.207353598,1.03319161871,0.673756678997,1.46639950678,constructed_exact_power_root,30.8607029557,0.25,30.6107029557,C_from_near_power_row_as_positive_control,positive_control_survivor,local_residue_sieve,blocked_unfilled,darmon_granville_ceiling,blocked_unfilled,blocked_unfilled,Z,survivor_kandidat_requires_overlap_check,blocked_unfilled,blocked_unfilled,positive_control_passed,Q_1009,pass_predefined,168,0.000411015207563,171.207353598,1.01909139047,blocked_unfilled,control_class=exact_power_anchor,171.207353598,positive_control_survivor
rank25_Q1009_actual_near_miss,actual_near_miss,25,7,7,3,103,178,179511,5784598208409831,179511,1009,prime_block_le_1009,81,148442751793136438533965338087543801190959757888544388980934356724535496789076307693189375411040397120044336213563505967374089274154395172105420265758452993645832585198070632260101329900383144999881739549,467.819803066,150094635296999121,39.5500423921,45,19,0,,416.171768907,39.5500423921,1.00086941438,0.627015738435,1.34940972358,none_visible,12.8897371867,0.333333333333,12.5564038534,existing_near_power_csv,local_obstruction_before_drift,local_residue_sieve,blocked_unfilled,darmon_granville_ceiling,blocked_unfilled,blocked_unfilled,Z,residue_only,blocked_unfilled,blocked_unfilled,under_test,Q_1009,pass_predefined,81,0,39.5500423921,0.488272128297,blocked_unfilled,control_class=actual_near_miss,39.5500423921,local_obstruction_before_drift
rank25_Q1009_random_root_sets,random_root_sets,25,7,7,3,103,178,179511,5784598208409831,179511,1009,prime_block_le_1009,81,148442751793136438533965338087543801190959757888544388980934356724535496789076307693189375411040397120044336213563505967374089274154395172105420265758452993645832585198070632260101329900383144999881739549,467.819803066,150094635296999121,39.5500423921,45,19,0,,416.171768907,39.5500423921,0.993261400261,0.627015738435,1.34940972358,none_visible,12.8897371867,0.333333333333,12.5564038534,deterministic_seeded_random_sets_same_cardinality,local_obstruction_before_drift,local_residue_sieve,blocked_unfilled,darmon_granville_ceiling,blocked_unfilled,blocked_unfilled,Z,residue_only,blocked_unfilled,blocked_unfilled,negative_control_passed,Q_1009,pass_predefined,81,0,39.5500423921,0.488272128297,blocked_unfilled,control_class=random_root_sets,39.5500423921,local_obstruction_before_drift
rank25_Q1009_exact_power_anchor,exact_power_anchor,25,7,7,3,103,178,179511,5784598208409831,179511,1009,prime_block_le_1009,81,148442751793136438533965338087543801190959757888544388980934356724535496789076307693189375411040397120044336213563505967374089274154395172105420265758452993645832585198070632260101329900383144999881739549,467.819803066,443426488243037769948249630619149892803,88.9875953821,0,0,1,179511,366.734215917,88.9875953821,1.00768097467,0.948261295037,1.12728282204,constructed_exact_power_root,12.8897371867,0.333333333333,12.5564038534,C_from_near_power_row_as_positive_control,positive_control_survivor,local_residue_sieve,blocked_unfilled,darmon_granville_ceiling,blocked_unfilled,blocked_unfilled,Z,survivor_kandidat_requires_overlap_check,blocked_unfilled,blocked_unfilled,positive_control_passed,Q_1009,pass_predefined,81,5.57068926138e-06,88.9875953821,1.09861228867,blocked_unfilled,control_class=exact_power_anchor,88.9875953821,positive_control_survivor
rank26_Q1009_actual_near_miss,actual_near_miss,26,6,7,3,226,151,124358,1923185546890712,124358,1009,prime_block_le_1009,81,148442751793136438533965338087543801190959757888544388980934356724535496789076307693189375411040397120044336213563505967374089274154395172105420265758452993645832585198070632260101329900383144999881739549,467.819803066,847288609443,27.4653072167,56,7,0,,428.623576068,27.4653072167,1.03999590043,0.467366617168,2.07377356771,none_visible,13.2930697044,0.333333333333,12.9597363711,existing_near_power_csv,local_obstruction_before_drift,local_residue_sieve,blocked_unfilled,darmon_granville_ceiling,blocked_unfilled,blocked_unfilled,Z,residue_only,blocked_unfilled,blocked_unfilled,under_test,Q_1009,pass_predefined,81,0,27.4653072167,0.339077866873,blocked_unfilled,control_class=actual_near_miss,27.4653072167,local_obstruction_before_drift
rank26_Q1009_random_root_sets,random_root_sets,26,6,7,3,226,151,124358,1923185546890712,124358,1009,prime_block_le_1009,81,148442751793136438533965338087543801190959757888544388980934356724535496789076307693189375411040397120044336213563505967374089274154395172105420265758452993645832585198070632260101329900383144999881739549,467.819803066,847288609443,27.4653072167,56,7,0,,428.623576068,27.4653072167,1.01940726832,0,2.30774949027,none_visible,13.2930697044,0.333333333333,12.9597363711,deterministic_seeded_random_sets_same_cardinality,local_obstruction_before_drift,local_residue_sieve,blocked_unfilled,darmon_granville_ceiling,blocked_unfilled,blocked_unfilled,Z,residue_only,blocked_unfilled,blocked_unfilled,negative_control_passed,Q_1009,pass_predefined,81,0,27.4653072167,0.339077866873,blocked_unfilled,control_class=random_root_sets,27.4653072167,local_obstruction_before_drift
rank26_Q1009_exact_power_anchor,exact_power_anchor,26,6,7,3,226,151,124358,1923185546890712,124358,1009,prime_block_le_1009,81,148442751793136438533965338087543801190959757888544388980934356724535496789076307693189375411040397120044336213563505967374089274154395172105420265758452993645832585198070632260101329900383144999881739549,467.819803066,147808829414345923316083210206383297601,87.8889830934,0,0,1,124358,368.199900191,87.8889830934,1.01273451558,0.975330184718,1.18630798894,constructed_exact_power_root,13.2930697044,0.333333333333,12.9597363711,C_from_near_power_row_as_positive_control,positive_control_survivor,local_residue_sieve,blocked_unfilled,darmon_granville_ceiling,blocked_unfilled,blocked_unfilled,Z,survivor_kandidat_requires_overlap_check,blocked_unfilled,blocked_unfilled,positive_control_passed,Q_1009,pass_predefined,81,8.0413001174e-06,87.8889830934,1.08504917399,blocked_unfilled,control_class=exact_power_anchor,87.8889830934,positive_control_survivor
rank27_Q1009_actual_near_miss,actual_near_miss,27,7,7,3,171,172,205898,8728837012610792,205898,1009,prime_block_le_1009,81,148442751793136438533965338087543801190959757888544388980934356724535496789076307693189375411040397120044336213563505967374089274154395172105420265758452993645832585198070632260101329900383144999881739549,467.819803066,5559060566555523,36.254205526,46,31,0,,419.33046136,36.254205526,1.03037286891,0.803183021582,1.70103157874,none_visible,12.7452553096,0.333333333333,12.4119219762,existing_near_power_csv,local_obstruction_before_drift,local_residue_sieve,blocked_unfilled,darmon_granville_ceiling,blocked_unfilled,blocked_unfilled,Z,residue_only,blocked_unfilled,blocked_unfilled,under_test,Q_1009,pass_predefined,81,0,36.254205526,0.447582784272,blocked_unfilled,control_class=actual_near_miss,36.254205526,local_obstruction_before_drift
rank27_Q1009_random_root_sets,random_root_sets,27,7,7,3,171,172,205898,8728837012610792,205898,1009,prime_block_le_1009,81,148442751793136438533965338087543801190959757888544388980934356724535496789076307693189375411040397120044336213563505967374089274154395172105420265758452993645832585198070632260101329900383144999881739549,467.819803066,5559060566555523,36.254205526,46,31,0,,419.33046136,36.254205526,1.05971772071,0.888970374759,1.43335750927,none_visible,12.7452553096,0.333333333333,12.4119219762,deterministic_seeded_random_sets_same_cardinality,local_obstruction_before_drift,local_residue_sieve,blocked_unfilled,darmon_granville_ceiling,blocked_unfilled,blocked_unfilled,Z,residue_only,blocked_unfilled,blocked_unfilled,negative_control_passed,Q_1009,pass_predefined,81,0,36.254205526,0.447582784272,blocked_unfilled,control_class=random_root_sets,36.254205526,local_obstruction_before_drift
rank27_Q1009_exact_power_anchor,exact_power_anchor,27,7,7,3,171,172,205898,8728837012610792,205898,1009,prime_block_le_1009,81,148442751793136438533965338087543801190959757888544388980934356724535496789076307693189375411040397120044336213563505967374089274154395172105420265758452993645832585198070632260101329900383144999881739549,467.819803066,147808829414345923316083210206383297601,87.8889830934,0,0,1,205898,367.695683793,87.8889830934,1.00100778055,0.951678339113,1.01964133266,constructed_exact_power_root,12.7452553096,0.333333333333,12.4119219762,C_from_near_power_row_as_positive_control,positive_control_survivor,local_residue_sieve,blocked_unfilled,darmon_granville_ceiling,blocked_unfilled,blocked_unfilled,Z,survivor_kandidat_requires_overlap_check,blocked_unfilled,blocked_unfilled,positive_control_passed,Q_1009,pass_predefined,81,4.85677374234e-06,87.8889830934,1.08504917399,blocked_unfilled,control_class=exact_power_anchor,87.8889830934,positive_control_survivor
rank28_Q1009_actual_near_miss,actual_near_miss,28,6,6,3,89,170,29097,24634550495673,29097,1009,prime_block_le_1009,81,148442751793136438533965338087543801190959757888544388980934356724535496789076307693189375411040397120044336213563505967374089274154395172105420265758452993645832585198070632260101329900383144999881739549,467.819803066,7625597484987,29.662531794,53,7,0,,427.878880917,29.662531794,0.778058766399,0,3.03749909307,none_visible,15.1716298923,0.333333333333,14.8382965589,existing_near_power_csv,local_obstruction_before_drift,local_residue_sieve,blocked_unfilled,darmon_granville_ceiling,blocked_unfilled,blocked_unfilled,Z,residue_only,blocked_unfilled,blocked_unfilled,under_test,Q_1009,pass_predefined,81,0,29.662531794,0.366204096223,blocked_unfilled,control_class=actual_near_miss,29.662531794,local_obstruction_before_drift
rank28_Q1009_random_root_sets,random_root_sets,28,6,6,3,89,170,29097,24634550495673,29097,1009,prime_block_le_1009,81,148442751793136438533965338087543801190959757888544388980934356724535496789076307693189375411040397120044336213563505967374089274154395172105420265758452993645832585198070632260101329900383144999881739549,467.819803066,7625597484987,29.662531794,53,7,0,,427.878880917,29.662531794,1.22016985969,0,6.07499818614,none_visible,15.1716298923,0.333333333333,14.8382965589,deterministic_seeded_random_sets_same_cardinality,local_obstruction_before_drift,local_residue_sieve,blocked_unfilled,darmon_granville_ceiling,blocked_unfilled,blocked_unfilled,Z,residue_only,blocked_unfilled,blocked_unfilled,negative_control_passed,Q_1009,pass_predefined,81,0,29.662531794,0.366204096223,blocked_unfilled,control_class=random_root_sets,29.662531794,local_obstruction_before_drift
rank28_Q1009_exact_power_anchor,exact_power_anchor,28,6,6,3,89,170,29097,24634550495673,29097,1009,prime_block_le_1009,81,148442751793136438533965338087543801190959757888544388980934356724535496789076307693189375411040397120044336213563505967374089274154395172105420265758452993645832585198070632260101329900383144999881739549,467.819803066,147808829414345923316083210206383297601,87.8889830934,0,0,1,29097,369.652429617,87.8889830934,1.02687339537,0.876337003051,1.2644831655,constructed_exact_power_root,15.1716298923,0.333333333333,14.8382965589,C_from_near_power_row_as_positive_control,positive_control_survivor,local_residue_sieve,blocked_unfilled,darmon_granville_ceiling,blocked_unfilled,blocked_unfilled,Z,survivor_kandidat_requires_overlap_check,blocked_unfilled,blocked_unfilled,positive_control_passed,Q_1009,pass_predefined,81,3.4367804241e-05,87.8889830934,1.08504917399,blocked_unfilled,control_class=exact_power_anchor,87.8889830934,positive_control_survivor
rank29_Q1009_actual_near_miss,actual_near_miss,29,7,6,3,21,100,10006,1001801080216,10006,1009,prime_block_le_1009,81,148442751793136438533965338087543801190959757888544388980934356724535496789076307693189375411040397120044336213563505967374089274154395172105420265758452993645832585198070632260101329900383144999881739549,467.819803066,16677181699666569,37.3528178147,47,13,0,,421.256045059,37.3528178147,1.01679270216,0,4.65761654119,none_visible,16.9298606987,0.333333333333,16.5965273654,existing_near_power_csv,local_obstruction_before_drift,local_residue_sieve,blocked_unfilled,darmon_granville_ceiling,blocked_unfilled,blocked_unfilled,Z,residue_only,blocked_unfilled,blocked_unfilled,under_test,Q_1009,pass_predefined,81,0,37.3528178147,0.461145898947,blocked_unfilled,control_class=actual_near_miss,37.3528178147,local_obstruction_before_drift
rank29_Q1009_random_root_sets,random_root_sets,29,7,6,3,21,100,10006,1001801080216,10006,1009,prime_block_le_1009,81,148442751793136438533965338087543801190959757888544388980934356724535496789076307693189375411040397120044336213563505967374089274154395172105420265758452993645832585198070632260101329900383144999881739549,467.819803066,16677181699666569,37.3528178147,47,13,0,,421.256045059,37.3528178147,0.590740000444,0,1.74097763564,none_visible,16.9298606987,0.333333333333,16.5965273654,deterministic_seeded_random_sets_same_cardinality,local_obstruction_before_drift,local_residue_sieve,blocked_unfilled,darmon_granville_ceiling,blocked_unfilled,blocked_unfilled,Z,residue_only,blocked_unfilled,blocked_unfilled,negative_control_passed,Q_1009,pass_predefined,81,0,37.3528178147,0.461145898947,blocked_unfilled,control_class=random_root_sets,37.3528178147,local_obstruction_before_drift
rank29_Q1009_exact_power_anchor,exact_power_anchor,29,7,6,3,21,100,10006,1001801080216,10006,1009,prime_block_le_1009,81,148442751793136438533965338087543801190959757888544388980934356724535496789076307693189375411040397120044336213563505967374089274154395172105420265758452993645832585198070632260101329900383144999881739549,467.819803066,443426488243037769948249630619149892803,88.9875953821,0,0,1,10006,369.621267492,88.9875953821,1.13154005745,0.522497612544,2.26828347436,constructed_exact_power_root,16.9298606987,0.333333333333,16.5965273654,C_from_near_power_row_as_positive_control,positive_control_survivor,local_residue_sieve,blocked_unfilled,darmon_granville_ceiling,blocked_unfilled,blocked_unfilled,Z,survivor_kandidat_requires_overlap_check,blocked_unfilled,blocked_unfilled,positive_control_passed,Q_1009,pass_predefined,81,9.99400359784e-05,88.9875953821,1.09861228867,blocked_unfilled,control_class=exact_power_anchor,88.9875953821,positive_control_survivor
rank30_Q1009_actual_near_miss,actual_near_miss,30,7,7,3,214,233,386721,57835336698683361,386721,1009,prime_block_le_1009,81,148442751793136438533965338087543801190959757888544388980934356724535496789076307693189375411040397120044336213563505967374089274154395172105420265758452993645832585198070632260101329900383144999881739549,467.819803066,31381059609,24.1694703507,59,13,0,,430.784873933,24.1694703507,0.942832184678,0.245327883524,1.3285480862,none_visible,12.1208218844,0.333333333333,11.7874885511,existing_near_power_csv,local_obstruction_before_drift,local_residue_sieve,blocked_unfilled,darmon_granville_ceiling,blocked_unfilled,blocked_unfilled,Z,residue_only,blocked_unfilled,blocked_unfilled,under_test,Q_1009,pass_predefined,81,0,24.1694703507,0.298388522848,blocked_unfilled,control_class=actual_near_miss,24.1694703507,local_obstruction_before_drift
rank30_Q1009_random_root_sets,random_root_sets,30,7,7,3,214,233,386721,57835336698683361,386721,1009,prime_block_le_1009,81,148442751793136438533965338087543801190959757888544388980934356724535496789076307693189375411040397120044336213563505967374089274154395172105420265758452993645832585198070632260101329900383144999881739549,467.819803066,31381059609,24.1694703507,59,13,0,,430.784873933,24.1694703507,0.973623068756,0.702876808402,1.10133604789,none_visible,12.1208218844,0.333333333333,11.7874885511,deterministic_seeded_random_sets_same_cardinality,local_obstruction_before_drift,local_residue_sieve,blocked_unfilled,darmon_granville_ceiling,blocked_unfilled,blocked_unfilled,Z,residue_only,blocked_unfilled,blocked_unfilled,negative_control_passed,Q_1009,pass_predefined,81,0,24.1694703507,0.298388522848,blocked_unfilled,control_class=random_root_sets,24.1694703507,local_obstruction_before_drift
rank30_Q1009_exact_power_anchor,exact_power_anchor,30,7,7,3,214,233,386721,57835336698683361,386721,1009,prime_block_le_1009,81,148442751793136438533965338087543801190959757888544388980934356724535496789076307693189375411040397120044336213563505967374089274154395172105420265758452993645832585198070632260101329900383144999881739549,467.819803066,443426488243037769948249630619149892803,88.9875953821,0,0,1,386721,365.966748902,88.9875953821,1.00236330537,0.968375995442,1.0254492975,constructed_exact_power_root,12.1208218844,0.333333333333,11.7874885511,C_from_near_power_row_as_positive_control,positive_control_survivor,local_residue_sieve,blocked_unfilled,darmon_granville_ceiling,blocked_unfilled,blocked_unfilled,Z,survivor_kandidat_requires_overlap_check,blocked_unfilled,blocked_unfilled,positive_control_passed,Q_1009,pass_predefined,81,2.58584354095e-06,88.9875953821,1.09861228867,blocked_unfilled,control_class=exact_power_anchor,88.9875953821,positive_control_survivor
rank31_Q1009_actual_near_miss,actual_near_miss,31,6,6,3,103,148,22704,11703267569664,22704,1009,prime_block_le_1009,81,148442751793136438533965338087543801190959757888544388980934356724535496789076307693189375411040397120044336213563505967374089274154395172105420265758452993645832585198070632260101329900383144999881739549,467.819803066,847288609443,27.4653072167,54,7,0,,430.32419945,27.4653072167,1.25512860354,0,3.45857313445,none_visible,15.5468919507,0.333333333333,15.2135586174,existing_near_power_csv,local_obstruction_before_drift,local_residue_sieve,blocked_unfilled,darmon_granville_ceiling,blocked_unfilled,blocked_unfilled,Z,residue_only,blocked_unfilled,blocked_unfilled,under_test,Q_1009,pass_predefined,81,0,27.4653072167,0.339077866873,blocked_unfilled,control_class=actual_near_miss,27.4653072167,local_obstruction_before_drift
rank31_Q1009_random_root_sets,random_root_sets,31,6,6,3,103,148,22704,11703267569664,22704,1009,prime_block_le_1009,81,148442751793136438533965338087543801190959757888544388980934356724535496789076307693189375411040397120044336213563505967374089274154395172105420265758452993645832585198070632260101329900383144999881739549,467.819803066,847288609443,27.4653072167,54,7,0,,430.32419945,27.4653072167,1.00937467374,0,2.27587405058,none_visible,15.5468919507,0.333333333333,15.2135586174,deterministic_seeded_random_sets_same_cardinality,local_obstruction_before_drift,local_residue_sieve,blocked_unfilled,darmon_granville_ceiling,blocked_unfilled,blocked_unfilled,Z,residue_only,blocked_unfilled,blocked_unfilled,negative_control_passed,Q_1009,pass_predefined,81,0,27.4653072167,0.339077866873,blocked_unfilled,control_class=random_root_sets,27.4653072167,local_obstruction_before_drift
rank31_Q1009_exact_power_anchor,exact_power_anchor,31,6,6,3,103,148,22704,11703267569664,22704,1009,prime_block_le_1009,81,148442751793136438533965338087543801190959757888544388980934356724535496789076307693189375411040397120044336213563505967374089274154395172105420265758452993645832585198070632260101329900383144999881739549,467.819803066,147808829414345923316083210206383297601,87.8889830934,0,0,1,22704,369.900523573,87.8889830934,1.01693778874,0.749750411088,1.31572018636,constructed_exact_power_root,15.5468919507,0.333333333333,15.2135586174,C_from_near_power_row_as_positive_control,positive_control_survivor,local_residue_sieve,blocked_unfilled,darmon_granville_ceiling,blocked_unfilled,blocked_unfilled,Z,survivor_kandidat_requires_overlap_check,blocked_unfilled,blocked_unfilled,positive_control_passed,Q_1009,pass_predefined,81,4.40451021846e-05,87.8889830934,1.08504917399,blocked_unfilled,control_class=exact_power_anchor,87.8889830934,positive_control_survivor
rank32_Q1009_actual_near_miss,actual_near_miss,32,7,6,4,90,239,3912,234204580417536,3912,1009,prime_block_le_1009,168,9883326855402037591071935385995119237769544071052336268948774388464692156613644748904309606814293831245297812573737471660766117746371102064423456768885161432286497987467827050297144528442873088837053363555505746083646800378861291436855041666704610624315412063093301501729007973506838237506477051903879849849069942384994070557970314845526910370320580570131817760395064723644436433536440921569283170173653219381073021595,962.46883296,4722366482869645213696,49.9065970003,108,11,0,,904.290431928,49.9065970003,0.85345571319,0,3.42353655419,none_visible,29.0888429336,0.25,28.8388429336,existing_near_power_csv,local_obstruction_before_drift,local_residue_sieve,blocked_unfilled,darmon_granville_ceiling,blocked_unfilled,blocked_unfilled,Z,residue_only,blocked_unfilled,blocked_unfilled,under_test,Q_1009,pass_predefined,168,0,49.9065970003,0.297063077383,blocked_unfilled,control_class=actual_near_miss,49.9065970003,local_obstruction_before_drift
rank32_Q1009_random_root_sets,random_root_sets,32,7,6,4,90,239,3912,234204580417536,3912,1009,prime_block_le_1009,168,9883326855402037591071935385995119237769544071052336268948774388464692156613644748904309606814293831245297812573737471660766117746371102064423456768885161432286497987467827050297144528442873088837053363555505746083646800378861291436855041666704610624315412063093301501729007973506838237506477051903879849849069942384994070557970314845526910370320580570131817760395064723644436433536440921569283170173653219381073021595,962.46883296,4722366482869645213696,49.9065970003,108,11,0,,904.290431928,49.9065970003,1.22573105722,0,5.55221114519,none_visible,29.0888429336,0.25,28.8388429336,deterministic_seeded_random_sets_same_cardinality,local_obstruction_before_drift,local_residue_sieve,blocked_unfilled,darmon_granville_ceiling,blocked_unfilled,blocked_unfilled,Z,residue_only,blocked_unfilled,blocked_unfilled,negative_control_passed,Q_1009,pass_predefined,168,0,49.9065970003,0.297063077383,blocked_unfilled,control_class=random_root_sets,49.9065970003,local_obstruction_before_drift
rank32_Q1009_exact_power_anchor,exact_power_anchor,32,7,6,4,90,239,3912,234204580417536,3912,1009,prime_block_le_1009,168,9883326855402037591071935385995119237769544071052336268948774388464692156613644748904309606814293831245297812573737471660766117746371102064423456768885161432286497987467827050297144528442873088837053363555505746083646800378861291436855041666704610624315412063093301501729007973506838237506477051903879849849069942384994070557970314845526910370320580570131817760395064723644436433536440921569283170173653219381073021595,962.46883296,226156424291633194186662080095093570025917938800079226639565593765455331328,171.207353598,0,0,1,3912,782.98967533,171.207353598,1.05115270322,0.965474821063,1.25709355828,constructed_exact_power_root,29.0888429336,0.25,28.8388429336,C_from_near_power_row_as_positive_control,positive_control_survivor,local_residue_sieve,blocked_unfilled,darmon_granville_ceiling,blocked_unfilled,blocked_unfilled,Z,survivor_kandidat_requires_overlap_check,blocked_unfilled,blocked_unfilled,positive_control_passed,Q_1009,pass_predefined,168,0.000255623721881,171.207353598,1.01909139047,blocked_unfilled,control_class=exact_power_anchor,171.207353598,positive_control_survivor
rank33_Q1009_actual_near_miss,actual_near_miss,33,5,7,3,206,93,39266,60541055273096,39266,1009,prime_block_le_1009,81,148442751793136438533965338087543801190959757888544388980934356724535496789076307693189375411040397120044336213563505967374089274154395172105420265758452993645832585198070632260101329900383144999881739549,467.819803066,31381059609,24.1694703507,58,19,0,,433.072218432,24.1694703507,0.756703437369,0,2.51760358127,none_visible,14.7417517127,0.333333333333,14.4084183794,existing_near_power_csv,local_obstruction_before_drift,local_residue_sieve,blocked_unfilled,darmon_granville_ceiling,blocked_unfilled,blocked_unfilled,Z,residue_only,blocked_unfilled,blocked_unfilled,under_test,Q_1009,pass_predefined,81,0,24.1694703507,0.298388522848,blocked_unfilled,control_class=actual_near_miss,24.1694703507,local_obstruction_before_drift
rank33_Q1009_random_root_sets,random_root_sets,33,5,7,3,206,93,39266,60541055273096,39266,1009,prime_block_le_1009,81,148442751793136438533965338087543801190959757888544388980934356724535496789076307693189375411040397120044336213563505967374089274154395172105420265758452993645832585198070632260101329900383144999881739549,467.819803066,31381059609,24.1694703507,58,19,0,,433.072218432,24.1694703507,1.01081705354,0,2.04239743742,none_visible,14.7417517127,0.333333333333,14.4084183794,deterministic_seeded_random_sets_same_cardinality,local_obstruction_before_drift,local_residue_sieve,blocked_unfilled,darmon_granville_ceiling,blocked_unfilled,blocked_unfilled,Z,residue_only,blocked_unfilled,blocked_unfilled,negative_control_passed,Q_1009,pass_predefined,81,0,24.1694703507,0.298388522848,blocked_unfilled,control_class=random_root_sets,24.1694703507,local_obstruction_before_drift
rank33_Q1009_exact_power_anchor,exact_power_anchor,33,5,7,3,206,93,39266,60541055273096,39266,1009,prime_block_le_1009,81,148442751793136438533965338087543801190959757888544388980934356724535496789076307693189375411040397120044336213563505967374089274154395172105420265758452993645832585198070632260101329900383144999881739549,467.819803066,443426488243037769948249630619149892803,88.9875953821,0,0,1,39266,368.2540934,88.9875953821,1.02423463613,0.921303134745,1.3005399073,constructed_exact_power_root,14.7417517127,0.333333333333,14.4084183794,C_from_near_power_row_as_positive_control,positive_control_survivor,local_residue_sieve,blocked_unfilled,darmon_granville_ceiling,blocked_unfilled,blocked_unfilled,Z,survivor_kandidat_requires_overlap_check,blocked_unfilled,blocked_unfilled,positive_control_passed,Q_1009,pass_predefined,81,2.54673254215e-05,88.9875953821,1.09861228867,blocked_unfilled,control_class=exact_power_anchor,88.9875953821,positive_control_survivor
rank34_Q1009_actual_near_miss,actual_near_miss,34,7,7,3,217,218,358452,46056721898841408,358452,1009,prime_block_le_1009,81,148442751793136438533965338087543801190959757888544388980934356724535496789076307693189375411040397120044336213563505967374089274154395172105420265758452993645832585198070632260101329900383144999881739549,467.819803066,282429536481,26.366694928,57,13,0,,428.663558099,26.366694928,1.00645528052,0.680722477022,1.1881919414,none_visible,12.1927615813,0.333333333333,11.8594282479,existing_near_power_csv,local_obstruction_before_drift,local_residue_sieve,blocked_unfilled,darmon_granville_ceiling,blocked_unfilled,blocked_unfilled,Z,residue_only,blocked_unfilled,blocked_unfilled,under_test,Q_1009,pass_predefined,81,0,26.366694928,0.325514752198,blocked_unfilled,control_class=actual_near_miss,26.366694928,local_obstruction_before_drift
rank34_Q1009_random_root_sets,random_root_sets,34,7,7,3,217,218,358452,46056721898841408,358452,1009,prime_block_le_1009,81,148442751793136438533965338087543801190959757888544388980934356724535496789076307693189375411040397120044336213563505967374089274154395172105420265758452993645832585198070632260101329900383144999881739549,467.819803066,282429536481,26.366694928,57,13,0,,428.663558099,26.366694928,1.05152837556,0.891143956048,1.32146253582,none_visible,12.1927615813,0.333333333333,11.8594282479,deterministic_seeded_random_sets_same_cardinality,local_obstruction_before_drift,local_residue_sieve,blocked_unfilled,darmon_granville_ceiling,blocked_unfilled,blocked_unfilled,Z,residue_only,blocked_unfilled,blocked_unfilled,negative_control_passed,Q_1009,pass_predefined,81,0,26.366694928,0.325514752198,blocked_unfilled,control_class=random_root_sets,26.366694928,local_obstruction_before_drift
rank34_Q1009_exact_power_anchor,exact_power_anchor,34,7,7,3,217,218,358452,46056721898841408,358452,1009,prime_block_le_1009,81,148442751793136438533965338087543801190959757888544388980934356724535496789076307693189375411040397120044336213563505967374089274154395172105420265758452993645832585198070632260101329900383144999881739549,467.819803066,443426488243037769948249630619149892803,88.9875953821,0,0,1,358452,366.042657645,88.9875953821,1.00513661936,0.995305120661,1.02384760644,constructed_exact_power_root,12.1927615813,0.333333333333,11.8594282479,C_from_near_power_row_as_positive_control,positive_control_survivor,local_residue_sieve,blocked_unfilled,darmon_granville_ceiling,blocked_unfilled,blocked_unfilled,Z,survivor_kandidat_requires_overlap_check,blocked_unfilled,blocked_unfilled,positive_control_passed,Q_1009,pass_predefined,81,2.78977380514e-06,88.9875953821,1.09861228867,blocked_unfilled,control_class=exact_power_anchor,88.9875953821,positive_control_survivor
rank35_Q1009_actual_near_miss,actual_near_miss,35,7,7,3,91,148,117132,1607039962123968,117132,1009,prime_block_le_1009,81,148442751793136438533965338087543801190959757888544388980934356724535496789076307693189375411040397120044336213563505967374089274154395172105420265758452993645832585198070632260101329900383144999881739549,467.819803066,2541865828329,28.5639195054,55,37,0,,427.584826778,28.5639195054,1.09114218716,0.280715583938,2.0219960766,none_visible,13.361252306,0.333333333333,13.0279189727,existing_near_power_csv,local_obstruction_before_drift,local_residue_sieve,blocked_unfilled,darmon_granville_ceiling,blocked_unfilled,blocked_unfilled,Z,residue_only,blocked_unfilled,blocked_unfilled,under_test,Q_1009,pass_predefined,81,0,28.5639195054,0.352640981548,blocked_unfilled,control_class=actual_near_miss,28.5639195054,local_obstruction_before_drift
rank35_Q1009_random_root_sets,random_root_sets,35,7,7,3,91,148,117132,1607039962123968,117132,1009,prime_block_le_1009,81,148442751793136438533965338087543801190959757888544388980934356724535496789076307693189375411040397120044336213563505967374089274154395172105420265758452993645832585198070632260101329900383144999881739549,467.819803066,2541865828329,28.5639195054,55,37,0,,427.584826778,28.5639195054,0.942929099617,0,1.49723483857,none_visible,13.361252306,0.333333333333,13.0279189727,deterministic_seeded_random_sets_same_cardinality,local_obstruction_before_drift,local_residue_sieve,blocked_unfilled,darmon_granville_ceiling,blocked_unfilled,blocked_unfilled,Z,residue_only,blocked_unfilled,blocked_unfilled,negative_control_passed,Q_1009,pass_predefined,81,0,28.5639195054,0.352640981548,blocked_unfilled,control_class=random_root_sets,28.5639195054,local_obstruction_before_drift
rank35_Q1009_exact_power_anchor,exact_power_anchor,35,7,7,3,91,148,117132,1607039962123968,117132,1009,prime_block_le_1009,81,148442751793136438533965338087543801190959757888544388980934356724535496789076307693189375411040397120044336213563505967374089274154395172105420265758452993645832585198070632260101329900383144999881739549,467.819803066,147808829414345923316083210206383297601,87.8889830934,0,0,1,117132,368.259763189,87.8889830934,1.00675595024,0.95568532368,1.06572451973,constructed_exact_power_root,13.361252306,0.333333333333,13.0279189727,C_from_near_power_row_as_positive_control,positive_control_survivor,local_residue_sieve,blocked_unfilled,darmon_granville_ceiling,blocked_unfilled,blocked_unfilled,Z,survivor_kandidat_requires_overlap_check,blocked_unfilled,blocked_unfilled,positive_control_passed,Q_1009,pass_predefined,81,8.53737663491e-06,87.8889830934,1.08504917399,blocked_unfilled,control_class=exact_power_anchor,87.8889830934,positive_control_survivor
rank36_Q1009_actual_near_miss,actual_near_miss,36,7,7,3,108,149,121685,1801818905094125,121685,1009,prime_block_le_1009,81,148442751793136438533965338087543801190959757888544388980934356724535496789076307693189375411040397120044336213563505967374089274154395172105420265758452993645832585198070632260101329900383144999881739549,467.819803066,847288609443,27.4653072167,55,7,0,,428.645304832,27.4653072167,0.9845803296,0,2.28508580899,none_visible,13.3177376748,0.333333333333,12.9844043415,existing_near_power_csv,local_obstruction_before_drift,local_residue_sieve,blocked_unfilled,darmon_granville_ceiling,blocked_unfilled,blocked_unfilled,Z,residue_only,blocked_unfilled,blocked_unfilled,under_test,Q_1009,pass_predefined,81,0,27.4653072167,0.339077866873,blocked_unfilled,control_class=actual_near_miss,27.4653072167,local_obstruction_before_drift
rank36_Q1009_random_root_sets,random_root_sets,36,7,7,3,108,149,121685,1801818905094125,121685,1009,prime_block_le_1009,81,148442751793136438533965338087543801190959757888544388980934356724535496789076307693189375411040397120044336213563505967374089274154395172105420265758452993645832585198070632260101329900383144999881739549,467.819803066,847288609443,27.4653072167,55,7,0,,428.645304832,27.4653072167,0.921710236966,0,1.87024420978,none_visible,13.3177376748,0.333333333333,12.9844043415,deterministic_seeded_random_sets_same_cardinality,local_obstruction_before_drift,local_residue_sieve,blocked_unfilled,darmon_granville_ceiling,blocked_unfilled,blocked_unfilled,Z,residue_only,blocked_unfilled,blocked_unfilled,negative_control_passed,Q_1009,pass_predefined,81,0,27.4653072167,0.339077866873,blocked_unfilled,control_class=random_root_sets,27.4653072167,local_obstruction_before_drift
rank36_Q1009_exact_power_anchor,exact_power_anchor,36,7,7,3,108,149,121685,1801818905094125,121685,1009,prime_block_le_1009,81,148442751793136438533965338087543801190959757888544388980934356724535496789076307693189375411040397120044336213563505967374089274154395172105420265758452993645832585198070632260101329900383144999881739549,467.819803066,443426488243037769948249630619149892803,88.9875953821,0,0,1,121685,367.123016666,88.9875953821,1.00169205858,0.88596056302,1.16003615893,constructed_exact_power_root,13.3177376748,0.333333333333,12.9844043415,C_from_near_power_row_as_positive_control,positive_control_survivor,local_residue_sieve,blocked_unfilled,darmon_granville_ceiling,blocked_unfilled,blocked_unfilled,Z,survivor_kandidat_requires_overlap_check,blocked_unfilled,blocked_unfilled,positive_control_passed,Q_1009,pass_predefined,81,8.2179397625e-06,88.9875953821,1.09861228867,blocked_unfilled,control_class=exact_power_anchor,88.9875953821,positive_control_survivor
rank37_Q1009_actual_near_miss,actual_near_miss,37,5,7,4,118,79,2094,19226786746896,2094,1009,prime_block_le_1009,168,9883326855402037591071935385995119237769544071052336268948774388464692156613644748904309606814293831245297812573737471660766117746371102064423456768885161432286497987467827050297144528442873088837053363555505746083646800378861291436855041666704610624315412063093301501729007973506838237506477051903879849849069942384994070557970314845526910370320580570131817760395064723644436433536440921569283170173653219381073021595,962.46883296,10141204801825835211973625643008,71.3941595977,90,3,0,,883.427841971,71.3941595977,0.830393385864,0,4.22319723018,none_visible,31.4662630733,0.25,31.2162630733,existing_near_power_csv,local_obstruction_before_drift,local_residue_sieve,blocked_unfilled,darmon_granville_ceiling,blocked_unfilled,blocked_unfilled,Z,residue_only,blocked_unfilled,blocked_unfilled,under_test,Q_1009,pass_predefined,168,0,71.3941595977,0.4249652357,blocked_unfilled,control_class=actual_near_miss,71.3941595977,local_obstruction_before_drift
rank37_Q1009_random_root_sets,random_root_sets,37,5,7,4,118,79,2094,19226786746896,2094,1009,prime_block_le_1009,168,9883326855402037591071935385995119237769544071052336268948774388464692156613644748904309606814293831245297812573737471660766117746371102064423456768885161432286497987467827050297144528442873088837053363555505746083646800378861291436855041666704610624315412063093301501729007973506838237506477051903879849849069942384994070557970314845526910370320580570131817760395064723644436433536440921569283170173653219381073021595,962.46883296,10141204801825835211973625643008,71.3941595977,90,3,0,,883.427841971,71.3941595977,1.49441982052,0,7.88120821394,none_visible,31.4662630733,0.25,31.2162630733,deterministic_seeded_random_sets_same_cardinality,local_obstruction_before_drift,local_residue_sieve,blocked_unfilled,darmon_granville_ceiling,blocked_unfilled,blocked_unfilled,Z,residue_only,blocked_unfilled,blocked_unfilled,negative_control_passed,Q_1009,pass_predefined,168,0,71.3941595977,0.4249652357,blocked_unfilled,control_class=random_root_sets,71.3941595977,local_obstruction_before_drift
rank37_Q1009_exact_power_anchor,exact_power_anchor,37,5,7,4,118,79,2094,19226786746896,2094,1009,prime_block_le_1009,168,9883326855402037591071935385995119237769544071052336268948774388464692156613644748904309606814293831245297812573737471660766117746371102064423456768885161432286497987467827050297144528442873088837053363555505746083646800378861291436855041666704610624315412063093301501729007973506838237506477051903879849849069942384994070557970314845526910370320580570131817760395064723644436433536440921569283170173653219381073021595,962.46883296,113078212145816597093331040047546785012958969400039613319782796882727665664,170.514206418,0,0,1,2094,784.307795151,170.514206418,1.09088218322,0.743493314231,1.56566380134,constructed_exact_power_root,31.4662630733,0.25,31.2162630733,C_from_near_power_row_as_positive_control,positive_control_survivor,local_residue_sieve,blocked_unfilled,darmon_granville_ceiling,blocked_unfilled,blocked_unfilled,Z,survivor_kandidat_requires_overlap_check,blocked_unfilled,blocked_unfilled,positive_control_passed,Q_1009,pass_predefined,168,0.000477554918816,170.514206418,1.01496551439,blocked_unfilled,control_class=exact_power_anchor,170.514206418,positive_control_survivor
rank38_Q1009_actual_near_miss,actual_near_miss,38,6,7,3,245,134,99734,992041207978904,99734,1009,prime_block_le_1009,81,148442751793136438533965338087543801190959757888544388980934356724535496789076307693189375411040397120044336213563505967374089274154395172105420265758452993645832585198070632260101329900383144999881739549,467.819803066,205891132094649,32.95836866,51,13,0,,423.351172485,32.95836866,1.03124273531,0.494997805273,2.23865259368,none_visible,13.5479049414,0.333333333333,13.2145716081,existing_near_power_csv,local_obstruction_before_drift,local_residue_sieve,blocked_unfilled,darmon_granville_ceiling,blocked_unfilled,blocked_unfilled,Z,residue_only,blocked_unfilled,blocked_unfilled,under_test,Q_1009,pass_predefined,81,0,32.95836866,0.406893440247,blocked_unfilled,control_class=actual_near_miss,32.95836866,local_obstruction_before_drift
rank38_Q1009_random_root_sets,random_root_sets,38,6,7,3,245,134,99734,992041207978904,99734,1009,prime_block_le_1009,81,148442751793136438533965338087543801190959757888544388980934356724535496789076307693189375411040397120044336213563505967374089274154395172105420265758452993645832585198070632260101329900383144999881739549,467.819803066,205891132094649,32.95836866,51,13,0,,423.351172485,32.95836866,0.965830776532,0.413333912652,1.67898944526,none_visible,13.5479049414,0.333333333333,13.2145716081,deterministic_seeded_random_sets_same_cardinality,local_obstruction_before_drift,local_residue_sieve,blocked_unfilled,darmon_granville_ceiling,blocked_unfilled,blocked_unfilled,Z,residue_only,blocked_unfilled,blocked_unfilled,negative_control_passed,Q_1009,pass_predefined,81,0,32.95836866,0.406893440247,blocked_unfilled,control_class=random_root_sets,32.95836866,local_obstruction_before_drift
rank38_Q1009_exact_power_anchor,exact_power_anchor,38,6,7,3,245,134,99734,992041207978904,99734,1009,prime_block_le_1009,81,148442751793136438533965338087543801190959757888544388980934356724535496789076307693189375411040397120044336213563505967374089274154395172105420265758452993645832585198070632260101329900383144999881739549,467.819803066,443426488243037769948249630619149892803,88.9875953821,0,0,1,99734,367.321945763,88.9875953821,1.01604750117,0.972949155866,1.10672388554,constructed_exact_power_root,13.5479049414,0.333333333333,13.2145716081,C_from_near_power_row_as_positive_control,positive_control_survivor,local_residue_sieve,blocked_unfilled,darmon_granville_ceiling,blocked_unfilled,blocked_unfilled,Z,survivor_kandidat_requires_overlap_check,blocked_unfilled,blocked_unfilled,positive_control_passed,Q_1009,pass_predefined,81,1.00266709447e-05,88.9875953821,1.09861228867,blocked_unfilled,control_class=exact_power_anchor,88.9875953821,positive_control_survivor
rank39_Q1009_actual_near_miss,actual_near_miss,39,7,7,3,99,182,188593,6707747514563857,188593,1009,prime_block_le_1009,81,148442751793136438533965338087543801190959757888544388980934356724535496789076307693189375411040397120044336213563505967374089274154395172105420265758452993645832585198070632260101329900383144999881739549,467.819803066,450283905890997363,40.6486546807,44,19,0,,415.023801852,40.6486546807,0.993364016692,0.683664469696,1.44353242756,none_visible,12.837366081,0.333333333333,12.5040327476,existing_near_power_csv,local_obstruction_before_drift,local_residue_sieve,blocked_unfilled,darmon_granville_ceiling,blocked_unfilled,blocked_unfilled,Z,residue_only,blocked_unfilled,blocked_unfilled,under_test,Q_1009,pass_predefined,81,0,40.6486546807,0.501835242972,blocked_unfilled,control_class=actual_near_miss,40.6486546807,local_obstruction_before_drift
rank39_Q1009_random_root_sets,random_root_sets,39,7,7,3,99,182,188593,6707747514563857,188593,1009,prime_block_le_1009,81,148442751793136438533965338087543801190959757888544388980934356724535496789076307693189375411040397120044336213563505967374089274154395172105420265758452993645832585198070632260101329900383144999881739549,467.819803066,450283905890997363,40.6486546807,44,19,0,,415.023801852,40.6486546807,0.945473777453,0.545992339765,1.16688730641,none_visible,12.837366081,0.333333333333,12.5040327476,deterministic_seeded_random_sets_same_cardinality,local_obstruction_before_drift,local_residue_sieve,blocked_unfilled,darmon_granville_ceiling,blocked_unfilled,blocked_unfilled,Z,residue_only,blocked_unfilled,blocked_unfilled,negative_control_passed,Q_1009,pass_predefined,81,0,40.6486546807,0.501835242972,blocked_unfilled,control_class=random_root_sets,40.6486546807,local_obstruction_before_drift
rank39_Q1009_exact_power_anchor,exact_power_anchor,39,7,7,3,99,182,188593,6707747514563857,188593,1009,prime_block_le_1009,81,148442751793136438533965338087543801190959757888544388980934356724535496789076307693189375411040397120044336213563505967374089274154395172105420265758452993645832585198070632260101329900383144999881739549,467.819803066,147808829414345923316083210206383297601,87.8889830934,0,0,1,188593,367.78347344,87.8889830934,1.0076084871,0.980014575774,1.10551175164,constructed_exact_power_root,12.837366081,0.333333333333,12.5040327476,C_from_near_power_row_as_positive_control,positive_control_survivor,local_residue_sieve,blocked_unfilled,darmon_granville_ceiling,blocked_unfilled,blocked_unfilled,Z,survivor_kandidat_requires_overlap_check,blocked_unfilled,blocked_unfilled,positive_control_passed,Q_1009,pass_predefined,81,5.30242373789e-06,87.8889830934,1.08504917399,blocked_unfilled,control_class=exact_power_anchor,87.8889830934,positive_control_survivor
rank40_Q1009_actual_near_miss,actual_near_miss,40,7,7,3,121,214,275602,20933752951467208,275602,1009,prime_block_le_1009,81,148442751793136438533965338087543801190959757888544388980934356724535496789076307693189375411040397120044336213563505967374089274154395172105420265758452993645832585198070632260101329900383144999881739549,467.819803066,2541865828329,28.5639195054,52,13,0,,426.729170486,28.5639195054,0.999737157877,0.755758102062,1.41617622514,none_visible,12.4485915357,0.333333333333,12.1152582024,existing_near_power_csv,local_obstruction_before_drift,local_residue_sieve,blocked_unfilled,darmon_granville_ceiling,blocked_unfilled,blocked_unfilled,Z,residue_only,blocked_unfilled,blocked_unfilled,under_test,Q_1009,pass_predefined,81,0,28.5639195054,0.352640981548,blocked_unfilled,control_class=actual_near_miss,28.5639195054,local_obstruction_before_drift
rank40_Q1009_random_root_sets,random_root_sets,40,7,7,3,121,214,275602,20933752951467208,275602,1009,prime_block_le_1009,81,148442751793136438533965338087543801190959757888544388980934356724535496789076307693189375411040397120044336213563505967374089274154395172105420265758452993645832585198070632260101329900383144999881739549,467.819803066,2541865828329,28.5639195054,52,13,0,,426.729170486,28.5639195054,0.98543605688,0.472058741712,1.50408439223,none_visible,12.4485915357,0.333333333333,12.1152582024,deterministic_seeded_random_sets_same_cardinality,local_obstruction_before_drift,local_residue_sieve,blocked_unfilled,darmon_granville_ceiling,blocked_unfilled,blocked_unfilled,Z,residue_only,blocked_unfilled,blocked_unfilled,negative_control_passed,Q_1009,pass_predefined,81,0,28.5639195054,0.352640981548,blocked_unfilled,control_class=random_root_sets,28.5639195054,local_obstruction_before_drift
rank40_Q1009_exact_power_anchor,exact_power_anchor,40,7,7,3,121,214,275602,20933752951467208,275602,1009,prime_block_le_1009,81,148442751793136438533965338087543801190959757888544388980934356724535496789076307693189375411040397120044336213563505967374089274154395172105420265758452993645832585198070632260101329900383144999881739549,467.819803066,443426488243037769948249630619149892803,88.9875953821,0,0,1,275602,366.305494609,88.9875953821,1.00479688974,0.990981358787,1.04999117084,constructed_exact_power_root,12.4485915357,0.333333333333,12.1152582024,C_from_near_power_row_as_positive_control,positive_control_survivor,local_residue_sieve,blocked_unfilled,darmon_granville_ceiling,blocked_unfilled,blocked_unfilled,Z,survivor_kandidat_requires_overlap_check,blocked_unfilled,blocked_unfilled,positive_control_passed,Q_1009,pass_predefined,81,3.62842069361e-06,88.9875953821,1.09861228867,blocked_unfilled,control_class=exact_power_anchor,88.9875953821,positive_control_survivor
rank41_Q1009_actual_near_miss,actual_near_miss,41,7,7,3,105,206,251369,15883095686476409,251369,1009,prime_block_le_1009,81,148442751793136438533965338087543801190959757888544388980934356724535496789076307693189375411040397120044336213563505967374089274154395172105420265758452993645832585198070632260101329900383144999881739549,467.819803066,617673396283947,34.0569809487,50,7,0,,421.328144859,34.0569809487,0.962988876615,0.478877223878,1.23336078302,none_visible,12.5407303398,0.333333333333,12.2073970064,existing_near_power_csv,local_obstruction_before_drift,local_residue_sieve,blocked_unfilled,darmon_granville_ceiling,blocked_unfilled,blocked_unfilled,Z,residue_only,blocked_unfilled,blocked_unfilled,under_test,Q_1009,pass_predefined,81,0,34.0569809487,0.420456554922,blocked_unfilled,control_class=actual_near_miss,34.0569809487,local_obstruction_before_drift
rank41_Q1009_random_root_sets,random_root_sets,41,7,7,3,105,206,251369,15883095686476409,251369,1009,prime_block_le_1009,81,148442751793136438533965338087543801190959757888544388980934356724535496789076307693189375411040397120044336213563505967374089274154395172105420265758452993645832585198070632260101329900383144999881739549,467.819803066,617673396283947,34.0569809487,50,7,0,,421.328144859,34.0569809487,0.994049363463,0.50239643269,1.6140932255,none_visible,12.5407303398,0.333333333333,12.2073970064,deterministic_seeded_random_sets_same_cardinality,local_obstruction_before_drift,local_residue_sieve,blocked_unfilled,darmon_granville_ceiling,blocked_unfilled,blocked_unfilled,Z,residue_only,blocked_unfilled,blocked_unfilled,negative_control_passed,Q_1009,pass_predefined,81,0,34.0569809487,0.420456554922,blocked_unfilled,control_class=random_root_sets,34.0569809487,local_obstruction_before_drift
rank41_Q1009_exact_power_anchor,exact_power_anchor,41,7,7,3,105,206,251369,15883095686476409,251369,1009,prime_block_le_1009,81,148442751793136438533965338087543801190959757888544388980934356724535496789076307693189375411040397120044336213563505967374089274154395172105420265758452993645832585198070632260101329900383144999881739549,467.819803066,443426488243037769948249630619149892803,88.9875953821,0,0,1,251369,366.397530426,88.9875953821,1.00446913811,0.985031743948,1.03558557782,constructed_exact_power_root,12.5407303398,0.333333333333,12.2073970064,C_from_near_power_row_as_positive_control,positive_control_survivor,local_residue_sieve,blocked_unfilled,darmon_granville_ceiling,blocked_unfilled,blocked_unfilled,Z,survivor_kandidat_requires_overlap_check,blocked_unfilled,blocked_unfilled,positive_control_passed,Q_1009,pass_predefined,81,3.97821529306e-06,88.9875953821,1.09861228867,blocked_unfilled,control_class=exact_power_anchor,88.9875953821,positive_control_survivor
rank42_Q1009_actual_near_miss,actual_near_miss,42,6,7,3,221,198,229241,12046943758644521,229241,1009,prime_block_le_1009,81,148442751793136438533965338087543801190959757888544388980934356724535496789076307693189375411040397120044336213563505967374089274154395172105420265758452993645832585198070632260101329900383144999881739549,467.819803066,617673396283947,34.0569809487,49,7,0,,421.420292986,34.0569809487,1.01705798216,0.676206844907,1.50931455445,none_visible,12.634358218,0.333333333333,12.3010248846,existing_near_power_csv,local_obstruction_before_drift,local_residue_sieve,blocked_unfilled,darmon_granville_ceiling,blocked_unfilled,blocked_unfilled,Z,residue_only,blocked_unfilled,blocked_unfilled,under_test,Q_1009,pass_predefined,81,0,34.0569809487,0.420456554922,blocked_unfilled,control_class=actual_near_miss,34.0569809487,local_obstruction_before_drift
rank42_Q1009_random_root_sets,random_root_sets,42,6,7,3,221,198,229241,12046943758644521,229241,1009,prime_block_le_1009,81,148442751793136438533965338087543801190959757888544388980934356724535496789076307693189375411040397120044336213563505967374089274154395172105420265758452993645832585198070632260101329900383144999881739549,467.819803066,617673396283947,34.0569809487,49,7,0,,421.420292986,34.0569809487,0.949342148737,0.537996644967,1.23753555816,none_visible,12.634358218,0.333333333333,12.3010248846,deterministic_seeded_random_sets_same_cardinality,local_obstruction_before_drift,local_residue_sieve,blocked_unfilled,darmon_granville_ceiling,blocked_unfilled,blocked_unfilled,Z,residue_only,blocked_unfilled,blocked_unfilled,negative_control_passed,Q_1009,pass_predefined,81,0,34.0569809487,0.420456554922,blocked_unfilled,control_class=random_root_sets,34.0569809487,local_obstruction_before_drift
rank42_Q1009_exact_power_anchor,exact_power_anchor,42,6,7,3,221,198,229241,12046943758644521,229241,1009,prime_block_le_1009,81,148442751793136438533965338087543801190959757888544388980934356724535496789076307693189375411040397120044336213563505967374089274154395172105420265758452993645832585198070632260101329900383144999881739549,467.819803066,443426488243037769948249630619149892803,88.9875953821,0,0,1,229241,366.489678553,88.9875953821,1.00268121112,0.97688168056,1.03957261863,constructed_exact_power_root,12.634358218,0.333333333333,12.3010248846,C_from_near_power_row_as_positive_control,positive_control_survivor,local_residue_sieve,blocked_unfilled,darmon_granville_ceiling,blocked_unfilled,blocked_unfilled,Z,survivor_kandidat_requires_overlap_check,blocked_unfilled,blocked_unfilled,positive_control_passed,Q_1009,pass_predefined,81,4.36222141763e-06,88.9875953821,1.09861228867,blocked_unfilled,control_class=exact_power_anchor,88.9875953821,positive_control_survivor
rank43_Q1009_actual_near_miss,actual_near_miss,43,6,7,3,235,249,390429,59514968106923589,390429,1009,prime_block_le_1009,81,148442751793136438533965338087543801190959757888544388980934356724535496789076307693189375411040397120044336213563505967374089274154395172105420265758452993645832585198070632260101329900383144999881739549,467.819803066,7625597484987,29.662531794,53,7,0,,425.282269858,29.662531794,0.951837854903,0.524147369517,1.13939538303,none_visible,12.1118382318,0.333333333333,11.7785048985,existing_near_power_csv,local_obstruction_before_drift,local_residue_sieve,blocked_unfilled,darmon_granville_ceiling,blocked_unfilled,blocked_unfilled,Z,residue_only,blocked_unfilled,blocked_unfilled,under_test,Q_1009,pass_predefined,81,0,29.662531794,0.366204096223,blocked_unfilled,control_class=actual_near_miss,29.662531794,local_obstruction_before_drift
rank43_Q1009_random_root_sets,random_root_sets,43,6,7,3,235,249,390429,59514968106923589,390429,1009,prime_block_le_1009,81,148442751793136438533965338087543801190959757888544388980934356724535496789076307693189375411040397120044336213563505967374089274154395172105420265758452993645832585198070632260101329900383144999881739549,467.819803066,7625597484987,29.662531794,53,7,0,,425.282269858,29.662531794,0.967190399677,0.349431579678,1.45610853702,none_visible,12.1118382318,0.333333333333,11.7785048985,deterministic_seeded_random_sets_same_cardinality,local_obstruction_before_drift,local_residue_sieve,blocked_unfilled,darmon_granville_ceiling,blocked_unfilled,blocked_unfilled,Z,residue_only,blocked_unfilled,blocked_unfilled,negative_control_passed,Q_1009,pass_predefined,81,0,29.662531794,0.366204096223,blocked_unfilled,control_class=random_root_sets,29.662531794,local_obstruction_before_drift
rank43_Q1009_exact_power_anchor,exact_power_anchor,43,6,7,3,235,249,390429,59514968106923589,390429,1009,prime_block_le_1009,81,148442751793136438533965338087543801190959757888544388980934356724535496789076307693189375411040397120044336213563505967374089274154395172105420265758452993645832585198070632260101329900383144999881739549,467.819803066,147808829414345923316083210206383297601,87.8889830934,0,0,1,390429,367.055818559,87.8889830934,1.00280253212,0.991811286787,1.01731115716,constructed_exact_power_root,12.1118382318,0.333333333333,11.7785048985,C_from_near_power_row_as_positive_control,positive_control_survivor,local_residue_sieve,blocked_unfilled,darmon_granville_ceiling,blocked_unfilled,blocked_unfilled,Z,survivor_kandidat_requires_overlap_check,blocked_unfilled,blocked_unfilled,positive_control_passed,Q_1009,pass_predefined,81,2.56128515044e-06,87.8889830934,1.08504917399,blocked_unfilled,control_class=exact_power_anchor,87.8889830934,positive_control_survivor
rank44_Q1009_actual_near_miss,actual_near_miss,44,6,7,3,241,177,177988,5638611452894272,177988,1009,prime_block_le_1009,81,148442751793136438533965338087543801190959757888544388980934356724535496789076307693189375411040397120044336213563505967374089274154395172105420265758452993645832585198070632260101329900383144999881739549,467.819803066,94143178827,25.2680826394,58,7,0,,430.462249015,25.2680826394,0.98061976372,0,1.86323235274,none_visible,12.898821549,0.333333333333,12.5654882156,existing_near_power_csv,local_obstruction_before_drift,local_residue_sieve,blocked_unfilled,darmon_granville_ceiling,blocked_unfilled,blocked_unfilled,Z,residue_only,blocked_unfilled,blocked_unfilled,under_test,Q_1009,pass_predefined,81,0,25.2680826394,0.311951637523,blocked_unfilled,control_class=actual_near_miss,25.2680826394,local_obstruction_before_drift
rank44_Q1009_random_root_sets,random_root_sets,44,6,7,3,241,177,177988,5638611452894272,177988,1009,prime_block_le_1009,81,148442751793136438533965338087543801190959757888544388980934356724535496789076307693189375411040397120044336213563505967374089274154395172105420265758452993645832585198070632260101329900383144999881739549,467.819803066,94143178827,25.2680826394,58,7,0,,430.462249015,25.2680826394,0.91578807492,0,1.17710057857,none_visible,12.898821549,0.333333333333,12.5654882156,deterministic_seeded_random_sets_same_cardinality,local_obstruction_before_drift,local_residue_sieve,blocked_unfilled,darmon_granville_ceiling,blocked_unfilled,blocked_unfilled,Z,residue_only,blocked_unfilled,blocked_unfilled,negative_control_passed,Q_1009,pass_predefined,81,0,25.2680826394,0.311951637523,blocked_unfilled,control_class=random_root_sets,25.2680826394,local_obstruction_before_drift
rank44_Q1009_exact_power_anchor,exact_power_anchor,44,6,7,3,241,177,177988,5638611452894272,177988,1009,prime_block_le_1009,81,148442751793136438533965338087543801190959757888544388980934356724535496789076307693189375411040397120044336213563505967374089274154395172105420265758452993645832585198070632260101329900383144999881739549,467.819803066,443426488243037769948249630619149892803,88.9875953821,0,0,1,177988,366.742736273,88.9875953821,1.0031741112,0.964666781531,1.03096900415,constructed_exact_power_root,12.898821549,0.333333333333,12.5654882156,C_from_near_power_row_as_positive_control,positive_control_survivor,local_residue_sieve,blocked_unfilled,darmon_granville_ceiling,blocked_unfilled,blocked_unfilled,Z,survivor_kandidat_requires_overlap_check,blocked_unfilled,blocked_unfilled,positive_control_passed,Q_1009,pass_predefined,81,5.61835629368e-06,88.9875953821,1.09861228867,blocked_unfilled,control_class=exact_power_anchor,88.9875953821,positive_control_survivor
rank45_Q1009_actual_near_miss,actual_near_miss,45,5,6,3,182,141,20048,8057738350592,20048,1009,prime_block_le_1009,81,148442751793136438533965338087543801190959757888544388980934356724535496789076307693189375411040397120044336213563505967374089274154395172105420265758452993645832585198070632260101329900383144999881739549,467.819803066,847288609443,27.4653072167,56,31,0,,430.448611172,27.4653072167,1.08840103197,0,5.31112552097,none_visible,15.7421511998,0.333333333333,15.4088178665,existing_near_power_csv,local_obstruction_before_drift,local_residue_sieve,blocked_unfilled,darmon_granville_ceiling,blocked_unfilled,blocked_unfilled,Z,residue_only,blocked_unfilled,blocked_unfilled,under_test,Q_1009,pass_predefined,81,0,27.4653072167,0.339077866873,blocked_unfilled,control_class=actual_near_miss,27.4653072167,local_obstruction_before_drift
rank45_Q1009_random_root_sets,random_root_sets,45,5,6,3,182,141,20048,8057738350592,20048,1009,prime_block_le_1009,81,148442751793136438533965338087543801190959757888544388980934356724535496789076307693189375411040397120044336213563505967374089274154395172105420265758452993645832585198070632260101329900383144999881739549,467.819803066,847288609443,27.4653072167,56,31,0,,430.448611172,27.4653072167,0.771194503562,0,2.8301465372,none_visible,15.7421511998,0.333333333333,15.4088178665,deterministic_seeded_random_sets_same_cardinality,local_obstruction_before_drift,local_residue_sieve,blocked_unfilled,darmon_granville_ceiling,blocked_unfilled,blocked_unfilled,Z,residue_only,blocked_unfilled,blocked_unfilled,negative_control_passed,Q_1009,pass_predefined,81,0,27.4653072167,0.339077866873,blocked_unfilled,control_class=random_root_sets,27.4653072167,local_obstruction_before_drift
rank45_Q1009_exact_power_anchor,exact_power_anchor,45,5,6,3,182,141,20048,8057738350592,20048,1009,prime_block_le_1009,81,148442751793136438533965338087543801190959757888544388980934356724535496789076307693189375411040397120044336213563505967374089274154395172105420265758452993645832585198070632260101329900383144999881739549,467.819803066,147808829414345923316083210206383297601,87.8889830934,0,0,1,20048,370.024935295,87.8889830934,1.0827102916,0.69814112796,1.82545779019,constructed_exact_power_root,15.7421511998,0.333333333333,15.4088178665,C_from_near_power_row_as_positive_control,positive_control_survivor,local_residue_sieve,blocked_unfilled,darmon_granville_ceiling,blocked_unfilled,blocked_unfilled,Z,survivor_kandidat_requires_overlap_check,blocked_unfilled,blocked_unfilled,positive_control_passed,Q_1009,pass_predefined,81,4.98802873105e-05,87.8889830934,1.08504917399,blocked_unfilled,control_class=exact_power_anchor,87.8889830934,positive_control_survivor
rank46_Q1009_actual_near_miss,actual_near_miss,46,7,7,3,106,141,107961,1258347804744681,107961,1009,prime_block_le_1009,81,148442751793136438533965338087543801190959757888544388980934356724535496789076307693189375411040397120044336213563505967374089274154395172105420265758452993645832585198070632260101329900383144999881739549,467.819803066,94143178827,25.2680826394,56,7,0,,430.962195097,25.2680826394,1.10236039455,0.591776454255,2.32597265062,none_visible,13.4552477274,0.333333333333,13.1219143941,existing_near_power_csv,local_obstruction_before_drift,local_residue_sieve,blocked_unfilled,darmon_granville_ceiling,blocked_unfilled,blocked_unfilled,Z,residue_only,blocked_unfilled,blocked_unfilled,under_test,Q_1009,pass_predefined,81,0,25.2680826394,0.311951637523,blocked_unfilled,control_class=actual_near_miss,25.2680826394,local_obstruction_before_drift
rank46_Q1009_random_root_sets,random_root_sets,46,7,7,3,106,141,107961,1258347804744681,107961,1009,prime_block_le_1009,81,148442751793136438533965338087543801190959757888544388980934356724535496789076307693189375411040397120044336213563505967374089274154395172105420265758452993645832585198070632260101329900383144999881739549,467.819803066,94143178827,25.2680826394,56,7,0,,430.962195097,25.2680826394,1.01629858107,0,1.5939727206,none_visible,13.4552477274,0.333333333333,13.1219143941,deterministic_seeded_random_sets_same_cardinality,local_obstruction_before_drift,local_residue_sieve,blocked_unfilled,darmon_granville_ceiling,blocked_unfilled,blocked_unfilled,Z,residue_only,blocked_unfilled,blocked_unfilled,negative_control_passed,Q_1009,pass_predefined,81,0,25.2680826394,0.311951637523,blocked_unfilled,control_class=random_root_sets,25.2680826394,local_obstruction_before_drift
rank46_Q1009_exact_power_anchor,exact_power_anchor,46,7,7,3,106,141,107961,1258347804744681,107961,1009,prime_block_le_1009,81,148442751793136438533965338087543801190959757888544388980934356724535496789076307693189375411040397120044336213563505967374089274154395172105420265758452993645832585198070632260101329900383144999881739549,467.819803066,49269609804781974438694403402127765867,86.7903708048,0,0,1,107961,369.439906931,86.7903708048,1.0121751356,0.988191208965,1.06537031377,constructed_exact_power_root,13.4552477274,0.333333333333,13.1219143941,C_from_near_power_row_as_positive_control,positive_control_survivor,local_residue_sieve,blocked_unfilled,darmon_granville_ceiling,blocked_unfilled,blocked_unfilled,Z,survivor_kandidat_requires_overlap_check,blocked_unfilled,blocked_unfilled,positive_control_passed,Q_1009,pass_predefined,81,9.26260408851e-06,86.7903708048,1.07148605932,blocked_unfilled,control_class=exact_power_anchor,86.7903708048,positive_control_survivor
rank47_Q1009_actual_near_miss,actual_near_miss,47,5,6,3,68,71,5060,129554216000,5060,1009,prime_block_le_1009,81,148442751793136438533965338087543801190959757888544388980934356724535496789076307693189375411040397120044336213563505967374089274154395172105420265758452993645832585198070632260101329900383144999881739549,467.819803066,7625597484987,29.662531794,52,7,0,,429.62814951,29.662531794,1.67225241546,0,10.7437637242,none_visible,18.2832346286,0.333333333333,17.9499012952,existing_near_power_csv,local_obstruction_before_drift,local_residue_sieve,blocked_unfilled,darmon_granville_ceiling,blocked_unfilled,blocked_unfilled,Z,residue_only,blocked_unfilled,blocked_unfilled,under_test,Q_1009,pass_predefined,81,0,29.662531794,0.366204096223,blocked_unfilled,control_class=actual_near_miss,29.662531794,local_obstruction_before_drift
rank47_Q1009_random_root_sets,random_root_sets,47,5,6,3,68,71,5060,129554216000,5060,1009,prime_block_le_1009,81,148442751793136438533965338087543801190959757888544388980934356724535496789076307693189375411040397120044336213563505967374089274154395172105420265758452993645832585198070632260101329900383144999881739549,467.819803066,7625597484987,29.662531794,52,7,0,,429.62814951,29.662531794,1.71359153125,0,10.7437637242,none_visible,18.2832346286,0.333333333333,17.9499012952,deterministic_seeded_random_sets_same_cardinality,local_obstruction_before_drift,local_residue_sieve,blocked_unfilled,darmon_granville_ceiling,blocked_unfilled,blocked_unfilled,Z,residue_only,blocked_unfilled,blocked_unfilled,negative_control_passed,Q_1009,pass_predefined,81,0,29.662531794,0.366204096223,blocked_unfilled,control_class=random_root_sets,29.662531794,local_obstruction_before_drift
rank47_Q1009_exact_power_anchor,exact_power_anchor,47,5,6,3,68,71,5060,129554216000,5060,1009,prime_block_le_1009,81,148442751793136438533965338087543801190959757888544388980934356724535496789076307693189375411040397120044336213563505967374089274154395172105420265758452993645832585198070632260101329900383144999881739549,467.819803066,443426488243037769948249630619149892803,88.9875953821,0,0,1,5060,370.303085922,88.9875953821,1.24089445176,0.886451471234,2.53010540184,constructed_exact_power_root,18.2832346286,0.333333333333,17.9499012952,C_from_near_power_row_as_positive_control,positive_control_survivor,local_residue_sieve,blocked_unfilled,darmon_granville_ceiling,blocked_unfilled,blocked_unfilled,Z,survivor_kandidat_requires_overlap_check,blocked_unfilled,blocked_unfilled,positive_control_passed,Q_1009,pass_predefined,81,0.000197628458498,88.9875953821,1.09861228867,blocked_unfilled,control_class=exact_power_anchor,88.9875953821,positive_control_survivor
rank48_Q1009_actual_near_miss,actual_near_miss,48,5,7,3,187,103,49761,123216054498081,49761,1009,prime_block_le_1009,81,148442751793136438533965338087543801190959757888544388980934356724535496789076307693189375411040397120044336213563505967374089274154395172105420265758452993645832585198070632260101329900383144999881739549,467.819803066,7625597484987,29.662531794,54,13,0,,427.342284448,29.662531794,0.856567447957,0,1.92275298147,none_visible,14.418874188,0.333333333333,14.0855408547,existing_near_power_csv,local_obstruction_before_drift,local_residue_sieve,blocked_unfilled,darmon_granville_ceiling,blocked_unfilled,blocked_unfilled,Z,residue_only,blocked_unfilled,blocked_unfilled,under_test,Q_1009,pass_predefined,81,0,29.662531794,0.366204096223,blocked_unfilled,control_class=actual_near_miss,29.662531794,local_obstruction_before_drift
rank48_Q1009_random_root_sets,random_root_sets,48,5,7,3,187,103,49761,123216054498081,49761,1009,prime_block_le_1009,81,148442751793136438533965338087543801190959757888544388980934356724535496789076307693189375411040397120044336213563505967374089274154395172105420265758452993645832585198070632260101329900383144999881739549,467.819803066,7625597484987,29.662531794,54,13,0,,427.342284448,29.662531794,0.863213196114,0,1.8119187494,none_visible,14.418874188,0.333333333333,14.0855408547,deterministic_seeded_random_sets_same_cardinality,local_obstruction_before_drift,local_residue_sieve,blocked_unfilled,darmon_granville_ceiling,blocked_unfilled,blocked_unfilled,Z,residue_only,blocked_unfilled,blocked_unfilled,negative_control_passed,Q_1009,pass_predefined,81,0,29.662531794,0.366204096223,blocked_unfilled,control_class=random_root_sets,29.662531794,local_obstruction_before_drift
rank48_Q1009_exact_power_anchor,exact_power_anchor,48,5,7,3,187,103,49761,123216054498081,49761,1009,prime_block_le_1009,81,148442751793136438533965338087543801190959757888544388980934356724535496789076307693189375411040397120044336213563505967374089274154395172105420265758452993645832585198070632260101329900383144999881739549,467.819803066,49269609804781974438694403402127765867,86.7903708048,0,0,1,49761,370.214445437,86.7903708048,1.0161448576,0.984191100125,1.0920243207,constructed_exact_power_root,14.418874188,0.333333333333,14.0855408547,C_from_near_power_row_as_positive_control,positive_control_survivor,local_residue_sieve,blocked_unfilled,darmon_granville_ceiling,blocked_unfilled,blocked_unfilled,Z,survivor_kandidat_requires_overlap_check,blocked_unfilled,blocked_unfilled,positive_control_passed,Q_1009,pass_predefined,81,2.00960591628e-05,86.7903708048,1.07148605932,blocked_unfilled,control_class=exact_power_anchor,86.7903708048,positive_control_survivor
rank49_Q1009_actual_near_miss,actual_near_miss,49,7,7,3,154,171,184980,6329571721992000,184980,1009,prime_block_le_1009,81,148442751793136438533965338087543801190959757888544388980934356724535496789076307693189375411040397120044336213563505967374089274154395172105420265758452993645832585198070632260101329900383144999881739549,467.819803066,31381059609,24.1694703507,58,7,0,,431.522329725,24.1694703507,1.1532380514,0.740031354741,1.80185065052,none_visible,12.8578410215,0.333333333333,12.5245076882,existing_near_power_csv,local_obstruction_before_drift,local_residue_sieve,blocked_unfilled,darmon_granville_ceiling,blocked_unfilled,blocked_unfilled,Z,residue_only,blocked_unfilled,blocked_unfilled,under_test,Q_1009,pass_predefined,81,0,24.1694703507,0.298388522848,blocked_unfilled,control_class=actual_near_miss,24.1694703507,local_obstruction_before_drift
rank49_Q1009_random_root_sets,random_root_sets,49,7,7,3,154,171,184980,6329571721992000,184980,1009,prime_block_le_1009,81,148442751793136438533965338087543801190959757888544388980934356724535496789076307693189375411040397120044336213563505967374089274154395172105420265758452993645832585198070632260101329900383144999881739549,467.819803066,31381059609,24.1694703507,58,7,0,,431.522329725,24.1694703507,1.10363282517,0.526825122235,2.30246393003,none_visible,12.8578410215,0.333333333333,12.5245076882,deterministic_seeded_random_sets_same_cardinality,local_obstruction_before_drift,local_residue_sieve,blocked_unfilled,darmon_granville_ceiling,blocked_unfilled,blocked_unfilled,Z,residue_only,blocked_unfilled,blocked_unfilled,negative_control_passed,Q_1009,pass_predefined,81,0,24.1694703507,0.298388522848,blocked_unfilled,control_class=random_root_sets,24.1694703507,local_obstruction_before_drift
rank49_Q1009_exact_power_anchor,exact_power_anchor,49,7,7,3,154,171,184980,6329571721992000,184980,1009,prime_block_le_1009,81,148442751793136438533965338087543801190959757888544388980934356724535496789076307693189375411040397120044336213563505967374089274154395172105420265758452993645832585198070632260101329900383144999881739549,467.819803066,443426488243037769948249630619149892803,88.9875953821,0,0,1,184980,366.704204694,88.9875953821,1.00440728327,0.981171538064,1.04915246093,constructed_exact_power_root,12.8578410215,0.333333333333,12.5245076882,C_from_near_power_row_as_positive_control,positive_control_survivor,local_residue_sieve,blocked_unfilled,darmon_granville_ceiling,blocked_unfilled,blocked_unfilled,Z,survivor_kandidat_requires_overlap_check,blocked_unfilled,blocked_unfilled,positive_control_passed,Q_1009,pass_predefined,81,5.40598983674e-06,88.9875953821,1.09861228867,blocked_unfilled,control_class=exact_power_anchor,88.9875953821,positive_control_survivor
rank50_Q1009_actual_near_miss,actual_near_miss,50,7,7,4,149,204,11305,16333613199150625,11305,1009,prime_block_le_1009,168,9883326855402037591071935385995119237769544071052336268948774388464692156613644748904309606814293831245297812573737471660766117746371102064423456768885161432286497987467827050297144528442873088837053363555505746083646800378861291436855041666704610624315412063093301501729007973506838237506477051903879849849069942384994070557970314845526910370320580570131817760395064723644436433536440921569283170173653219381073021595,962.46883296,1180591620717411303424,48.5203026392,107,3,0,,904.615529936,48.5203026392,1.07505136923,0,2.67808491818,none_visible,25.7813348678,0.25,25.5313348678,existing_near_power_csv,local_obstruction_before_drift,local_residue_sieve,blocked_unfilled,darmon_granville_ceiling,blocked_unfilled,blocked_unfilled,Z,residue_only,blocked_unfilled,blocked_unfilled,under_test,Q_1009,pass_predefined,168,0,48.5203026392,0.288811325233,blocked_unfilled,control_class=actual_near_miss,48.5203026392,local_obstruction_before_drift
rank50_Q1009_random_root_sets,random_root_sets,50,7,7,4,149,204,11305,16333613199150625,11305,1009,prime_block_le_1009,168,9883326855402037591071935385995119237769544071052336268948774388464692156613644748904309606814293831245297812573737471660766117746371102064423456768885161432286497987467827050297144528442873088837053363555505746083646800378861291436855041666704610624315412063093301501729007973506838237506477051903879849849069942384994070557970314845526910370320580570131817760395064723644436433536440921569283170173653219381073021595,962.46883296,1180591620717411303424,48.5203026392,107,3,0,,904.615529936,48.5203026392,1.00024671053,0,2.65320654578,none_visible,25.7813348678,0.25,25.5313348678,deterministic_seeded_random_sets_same_cardinality,local_obstruction_before_drift,local_residue_sieve,blocked_unfilled,darmon_granville_ceiling,blocked_unfilled,blocked_unfilled,Z,residue_only,blocked_unfilled,blocked_unfilled,negative_control_passed,Q_1009,pass_predefined,168,0,48.5203026392,0.288811325233,blocked_unfilled,control_class=random_root_sets,48.5203026392,local_obstruction_before_drift
rank50_Q1009_exact_power_anchor,exact_power_anchor,50,7,7,4,149,204,11305,16333613199150625,11305,1009,prime_block_le_1009,168,9883326855402037591071935385995119237769544071052336268948774388464692156613644748904309606814293831245297812573737471660766117746371102064423456768885161432286497987467827050297144528442873088837053363555505746083646800378861291436855041666704610624315412063093301501729007973506838237506477051903879849849069942384994070557970314845526910370320580570131817760395064723644436433536440921569283170173653219381073021595,962.46883296,14134776518227074636666380005943348126619871175004951664972849610340958208,168.434764876,0,0,1,11305,784.701067699,168.434764876,1.01776131505,0.920770676692,1.16001769129,constructed_exact_power_root,25.7813348678,0.25,25.5313348678,C_from_near_power_row_as_positive_control,positive_control_survivor,local_residue_sieve,blocked_unfilled,darmon_granville_ceiling,blocked_unfilled,blocked_unfilled,Z,survivor_kandidat_requires_overlap_check,blocked_unfilled,blocked_unfilled,positive_control_passed,Q_1009,pass_predefined,168,8.84564352057e-05,168.434764876,1.00258788617,blocked_unfilled,control_class=exact_power_anchor,168.434764876,positive_control_survivor
rank51_Q1009_actual_near_miss,actual_near_miss,51,6,7,4,173,138,5595,979941981200625,5595,1009,prime_block_le_1009,168,9883326855402037591071935385995119237769544071052336268948774388464692156613644748904309606814293831245297812573737471660766117746371102064423456768885161432286497987467827050297144528442873088837053363555505746083646800378861291436855041666704610624315412063093301501729007973506838237506477051903879849849069942384994070557970314845526910370320580570131817760395064723644436433536440921569283170173653219381073021595,962.46883296,604462909807314587353088,54.7586272642,104,7,0,,899.080577075,54.7586272642,0.975465445338,0,2.52191689008,none_visible,27.8826840429,0.25,27.6326840429,existing_near_power_csv,local_obstruction_before_drift,local_residue_sieve,blocked_unfilled,darmon_granville_ceiling,blocked_unfilled,blocked_unfilled,Z,residue_only,blocked_unfilled,blocked_unfilled,under_test,Q_1009,pass_predefined,168,0,54.7586272642,0.325944209906,blocked_unfilled,control_class=actual_near_miss,54.7586272642,local_obstruction_before_drift
rank51_Q1009_random_root_sets,random_root_sets,51,6,7,4,173,138,5595,979941981200625,5595,1009,prime_block_le_1009,168,9883326855402037591071935385995119237769544071052336268948774388464692156613644748904309606814293831245297812573737471660766117746371102064423456768885161432286497987467827050297144528442873088837053363555505746083646800378861291436855041666704610624315412063093301501729007973506838237506477051903879849849069942384994070557970314845526910370320580570131817760395064723644436433536440921569283170173653219381073021595,962.46883296,604462909807314587353088,54.7586272642,104,7,0,,899.080577075,54.7586272642,0.99520963658,0,3.93266309205,none_visible,27.8826840429,0.25,27.6326840429,deterministic_seeded_random_sets_same_cardinality,local_obstruction_before_drift,local_residue_sieve,blocked_unfilled,darmon_granville_ceiling,blocked_unfilled,blocked_unfilled,Z,residue_only,blocked_unfilled,blocked_unfilled,negative_control_passed,Q_1009,pass_predefined,168,0,54.7586272642,0.325944209906,blocked_unfilled,control_class=random_root_sets,54.7586272642,local_obstruction_before_drift
rank51_Q1009_exact_power_anchor,exact_power_anchor,51,6,7,4,173,138,5595,979941981200625,5595,1009,prime_block_le_1009,168,9883326855402037591071935385995119237769544071052336268948774388464692156613644748904309606814293831245297812573737471660766117746371102064423456768885161432286497987467827050297144528442873088837053363555505746083646800378861291436855041666704610624315412063093301501729007973506838237506477051903879849849069942384994070557970314845526910370320580570131817760395064723644436433536440921569283170173653219381073021595,962.46883296,28269553036454149273332760011886696253239742350009903329945699220681916416,169.127912057,0,0,1,5595,784.711292282,169.127912057,1.02688738085,0.878954423592,1.27533512064,constructed_exact_power_root,27.8826840429,0.25,27.6326840429,C_from_near_power_row_as_positive_control,positive_control_survivor,local_residue_sieve,blocked_unfilled,darmon_granville_ceiling,blocked_unfilled,blocked_unfilled,Z,survivor_kandidat_requires_overlap_check,blocked_unfilled,blocked_unfilled,positive_control_passed,Q_1009,pass_predefined,168,0.00017873100983,169.127912057,1.00671376224,blocked_unfilled,control_class=exact_power_anchor,169.127912057,positive_control_survivor
rank52_Q1009_actual_near_miss,actual_near_miss,52,7,5,3,39,179,6847,320997007423,6847,1009,prime_block_le_1009,81,148442751793136438533965338087543801190959757888544388980934356724535496789076307693189375411040397120044336213563505967374089274154395172105420265758452993645832585198070632260101329900383144999881739549,467.819803066,1853020188851841,35.1555932374,49,13,0,,423.832643949,35.1555932374,1.20543127836,0,6.58411632021,none_visible,17.6571104705,0.333333333333,17.3237771372,existing_near_power_csv,local_obstruction_before_drift,local_residue_sieve,blocked_unfilled,darmon_granville_ceiling,blocked_unfilled,blocked_unfilled,Z,residue_only,blocked_unfilled,blocked_unfilled,under_test,Q_1009,pass_predefined,81,0,35.1555932374,0.434019669597,blocked_unfilled,control_class=actual_near_miss,35.1555932374,local_obstruction_before_drift
rank52_Q1009_random_root_sets,random_root_sets,52,7,5,3,39,179,6847,320997007423,6847,1009,prime_block_le_1009,81,148442751793136438533965338087543801190959757888544388980934356724535496789076307693189375411040397120044336213563505967374089274154395172105420265758452993645832585198070632260101329900383144999881739549,467.819803066,1853020188851841,35.1555932374,49,13,0,,423.832643949,35.1555932374,0.762042987196,0,7.39800074647,none_visible,17.6571104705,0.333333333333,17.3237771372,deterministic_seeded_random_sets_same_cardinality,local_obstruction_before_drift,local_residue_sieve,blocked_unfilled,darmon_granville_ceiling,blocked_unfilled,blocked_unfilled,Z,residue_only,blocked_unfilled,blocked_unfilled,negative_control_passed,Q_1009,pass_predefined,81,0,35.1555932374,0.434019669597,blocked_unfilled,control_class=random_root_sets,35.1555932374,local_obstruction_before_drift
rank52_Q1009_exact_power_anchor,exact_power_anchor,52,7,5,3,39,179,6847,320997007423,6847,1009,prime_block_le_1009,81,148442751793136438533965338087543801190959757888544388980934356724535496789076307693189375411040397120044336213563505967374089274154395172105420265758452993645832585198070632260101329900383144999881739549,467.819803066,443426488243037769948249630619149892803,88.9875953821,0,0,1,6847,370.000641805,88.9875953821,1.13068578291,0.415283254629,2.04415559126,constructed_exact_power_root,17.6571104705,0.333333333333,17.3237771372,C_from_near_power_row_as_positive_control,positive_control_survivor,local_residue_sieve,blocked_unfilled,darmon_granville_ceiling,blocked_unfilled,blocked_unfilled,Z,survivor_kandidat_requires_overlap_check,blocked_unfilled,blocked_unfilled,positive_control_passed,Q_1009,pass_predefined,81,0.000146049364685,88.9875953821,1.09861228867,blocked_unfilled,control_class=exact_power_anchor,88.9875953821,positive_control_survivor
rank53_Q1009_actual_near_miss,actual_near_miss,53,7,7,3,206,247,415692,71831510617053888,415692,1009,prime_block_le_1009,81,148442751793136438533965338087543801190959757888544388980934356724535496789076307693189375411040397120044336213563505967374089274154395172105420265758452993645832585198070632260101329900383144999881739549,467.819803066,282429536481,26.366694928,56,7,0,,428.515408257,26.366694928,0.999949181124,0.670959374836,1.14115071308,none_visible,12.053142042,0.333333333333,11.7198087087,existing_near_power_csv,local_obstruction_before_drift,local_residue_sieve,blocked_unfilled,darmon_granville_ceiling,blocked_unfilled,blocked_unfilled,Z,residue_only,blocked_unfilled,blocked_unfilled,under_test,Q_1009,pass_predefined,81,0,26.366694928,0.325514752198,blocked_unfilled,control_class=actual_near_miss,26.366694928,local_obstruction_before_drift
rank53_Q1009_random_root_sets,random_root_sets,53,7,7,3,206,247,415692,71831510617053888,415692,1009,prime_block_le_1009,81,148442751793136438533965338087543801190959757888544388980934356724535496789076307693189375411040397120044336213563505967374089274154395172105420265758452993645832585198070632260101329900383144999881739549,467.819803066,282429536481,26.366694928,56,7,0,,428.515408257,26.366694928,0.98812581279,0.670959374836,1.14115071308,none_visible,12.053142042,0.333333333333,11.7198087087,deterministic_seeded_random_sets_same_cardinality,local_obstruction_before_drift,local_residue_sieve,blocked_unfilled,darmon_granville_ceiling,blocked_unfilled,blocked_unfilled,Z,residue_only,blocked_unfilled,blocked_unfilled,negative_control_passed,Q_1009,pass_predefined,81,0,26.366694928,0.325514752198,blocked_unfilled,control_class=random_root_sets,26.366694928,local_obstruction_before_drift
rank53_Q1009_exact_power_anchor,exact_power_anchor,53,7,7,3,206,247,415692,71831510617053888,415692,1009,prime_block_le_1009,81,148442751793136438533965338087543801190959757888544388980934356724535496789076307693189375411040397120044336213563505967374089274154395172105420265758452993645832585198070632260101329900383144999881739549,467.819803066,443426488243037769948249630619149892803,88.9875953821,0,0,1,415692,365.894507803,88.9875953821,1.00364977088,0.985524539002,1.03738451653,constructed_exact_power_root,12.053142042,0.333333333333,11.7198087087,C_from_near_power_row_as_positive_control,positive_control_survivor,local_residue_sieve,blocked_unfilled,darmon_granville_ceiling,blocked_unfilled,blocked_unfilled,Z,survivor_kandidat_requires_overlap_check,blocked_unfilled,blocked_unfilled,positive_control_passed,Q_1009,pass_predefined,81,2.40562724325e-06,88.9875953821,1.09861228867,blocked_unfilled,control_class=exact_power_anchor,88.9875953821,positive_control_survivor
rank54_Q1009_actual_near_miss,actual_near_miss,54,6,7,3,208,119,74824,418911964148224,74824,1009,prime_block_le_1009,81,148442751793136438533965338087543801190959757888544388980934356724535496789076307693189375411040397120044336213563505967374089274154395172105420265758452993645832585198070632260101329900383144999881739549,467.819803066,847288609443,27.4653072167,56,13,0,,429.131601881,27.4653072167,0.907350978692,0,3.03943030757,none_visible,13.894805992,0.333333333333,13.5614726586,existing_near_power_csv,local_obstruction_before_drift,local_residue_sieve,blocked_unfilled,darmon_granville_ceiling,blocked_unfilled,blocked_unfilled,Z,residue_only,blocked_unfilled,blocked_unfilled,under_test,Q_1009,pass_predefined,81,0,27.4653072167,0.339077866873,blocked_unfilled,control_class=actual_near_miss,27.4653072167,local_obstruction_before_drift
rank54_Q1009_random_root_sets,random_root_sets,54,6,7,3,208,119,74824,418911964148224,74824,1009,prime_block_le_1009,81,148442751793136438533965338087543801190959757888544388980934356724535496789076307693189375411040397120044336213563505967374089274154395172105420265758452993645832585198070632260101329900383144999881739549,467.819803066,847288609443,27.4653072167,56,13,0,,429.131601881,27.4653072167,0.982311886956,0,2.29988892453,none_visible,13.894805992,0.333333333333,13.5614726586,deterministic_seeded_random_sets_same_cardinality,local_obstruction_before_drift,local_residue_sieve,blocked_unfilled,darmon_granville_ceiling,blocked_unfilled,blocked_unfilled,Z,residue_only,blocked_unfilled,blocked_unfilled,negative_control_passed,Q_1009,pass_predefined,81,0,27.4653072167,0.339077866873,blocked_unfilled,control_class=random_root_sets,27.4653072167,local_obstruction_before_drift
rank54_Q1009_exact_power_anchor,exact_power_anchor,54,6,7,3,208,119,74824,418911964148224,74824,1009,prime_block_le_1009,81,148442751793136438533965338087543801190959757888544388980934356724535496789076307693189375411040397120044336213563505967374089274154395172105420265758452993645832585198070632260101329900383144999881739549,467.819803066,147808829414345923316083210206383297601,87.8889830934,0,0,1,74824,368.707926004,87.8889830934,1.00555946597,0.901491797047,1.11795383537,constructed_exact_power_root,13.894805992,0.333333333333,13.5614726586,C_from_near_power_row_as_positive_control,positive_control_survivor,local_residue_sieve,blocked_unfilled,darmon_granville_ceiling,blocked_unfilled,blocked_unfilled,Z,survivor_kandidat_requires_overlap_check,blocked_unfilled,blocked_unfilled,positive_control_passed,Q_1009,pass_predefined,81,1.33646958195e-05,87.8889830934,1.08504917399,blocked_unfilled,control_class=exact_power_anchor,87.8889830934,positive_control_survivor
rank55_Q1009_actual_near_miss,actual_near_miss,55,7,7,3,89,151,122409,1834171961263929,122409,1009,prime_block_le_1009,81,148442751793136438533965338087543801190959757888544388980934356724535496789076307693189375411040397120044336213563505967374089274154395172105420265758452993645832585198070632260101329900383144999881739549,467.819803066,68630377364883,31.8597563714,52,7,0,,424.244923519,31.8597563714,0.944161089583,0,1.64803513903,none_visible,13.3109940046,0.333333333333,12.9776606712,existing_near_power_csv,local_obstruction_before_drift,local_residue_sieve,blocked_unfilled,darmon_granville_ceiling,blocked_unfilled,blocked_unfilled,Z,residue_only,blocked_unfilled,blocked_unfilled,under_test,Q_1009,pass_predefined,81,0,31.8597563714,0.393330325573,blocked_unfilled,control_class=actual_near_miss,31.8597563714,local_obstruction_before_drift
rank55_Q1009_random_root_sets,random_root_sets,55,7,7,3,89,151,122409,1834171961263929,122409,1009,prime_block_le_1009,81,148442751793136438533965338087543801190959757888544388980934356724535496789076307693189375411040397120044336213563505967374089274154395172105420265758452993645832585198070632260101329900383144999881739549,467.819803066,68630377364883,31.8597563714,52,7,0,,424.244923519,31.8597563714,0.992276688987,0.411196162955,2.05143684969,none_visible,13.3109940046,0.333333333333,12.9776606712,deterministic_seeded_random_sets_same_cardinality,local_obstruction_before_drift,local_residue_sieve,blocked_unfilled,darmon_granville_ceiling,blocked_unfilled,blocked_unfilled,Z,residue_only,blocked_unfilled,blocked_unfilled,negative_control_passed,Q_1009,pass_predefined,81,0,31.8597563714,0.393330325573,blocked_unfilled,control_class=random_root_sets,31.8597563714,local_obstruction_before_drift
rank55_Q1009_exact_power_anchor,exact_power_anchor,55,7,7,3,89,151,122409,1834171961263929,122409,1009,prime_block_le_1009,81,148442751793136438533965338087543801190959757888544388980934356724535496789076307693189375411040397120044336213563505967374089274154395172105420265758452993645832585198070632260101329900383144999881739549,467.819803066,49269609804781974438694403402127765867,86.7903708048,0,0,1,122409,369.314309085,86.7903708048,1.01047108162,0.973427879758,1.15219106075,constructed_exact_power_root,13.3109940046,0.333333333333,12.9776606712,C_from_near_power_row_as_positive_control,positive_control_survivor,local_residue_sieve,blocked_unfilled,darmon_granville_ceiling,blocked_unfilled,blocked_unfilled,Z,survivor_kandidat_requires_overlap_check,blocked_unfilled,blocked_unfilled,positive_control_passed,Q_1009,pass_predefined,81,8.1693339542e-06,86.7903708048,1.07148605932,blocked_unfilled,control_class=exact_power_anchor,86.7903708048,positive_control_survivor
rank56_Q1009_actual_near_miss,actual_near_miss,56,6,7,3,250,237,348272,42243090123419648,348272,1009,prime_block_le_1009,81,148442751793136438533965338087543801190959757888544388980934356724535496789076307693189375411040397120044336213563505967374089274154395172105420265758452993645832585198070632260101329900383144999881739549,467.819803066,5559060566555523,36.254205526,47,13,0,,418.804858477,36.254205526,0.999500523431,0.541930189941,1.15622814607,none_visible,12.2202901877,0.333333333333,11.8869568544,existing_near_power_csv,local_obstruction_before_drift,local_residue_sieve,blocked_unfilled,darmon_granville_ceiling,blocked_unfilled,blocked_unfilled,Z,residue_only,blocked_unfilled,blocked_unfilled,under_test,Q_1009,pass_predefined,81,0,36.254205526,0.447582784272,blocked_unfilled,control_class=actual_near_miss,36.254205526,local_obstruction_before_drift
rank56_Q1009_random_root_sets,random_root_sets,56,6,7,3,250,237,348272,42243090123419648,348272,1009,prime_block_le_1009,81,148442751793136438533965338087543801190959757888544388980934356724535496789076307693189375411040397120044336213563505967374089274154395172105420265758452993645832585198070632260101329900383144999881739549,467.819803066,5559060566555523,36.254205526,47,13,0,,418.804858477,36.254205526,0.977140539047,0.775297596259,1.04684269766,none_visible,12.2202901877,0.333333333333,11.8869568544,deterministic_seeded_random_sets_same_cardinality,local_obstruction_before_drift,local_residue_sieve,blocked_unfilled,darmon_granville_ceiling,blocked_unfilled,blocked_unfilled,Z,residue_only,blocked_unfilled,blocked_unfilled,negative_control_passed,Q_1009,pass_predefined,81,0,36.254205526,0.447582784272,blocked_unfilled,control_class=random_root_sets,36.254205526,local_obstruction_before_drift
rank56_Q1009_exact_power_anchor,exact_power_anchor,56,6,7,3,250,237,348272,42243090123419648,348272,1009,prime_block_le_1009,81,148442751793136438533965338087543801190959757888544388980934356724535496789076307693189375411040397120044336213563505967374089274154395172105420265758452993645832585198070632260101329900383144999881739549,467.819803066,443426488243037769948249630619149892803,88.9875953821,0,0,1,348272,366.071468621,88.9875953821,1.00145341912,0.977906476675,1.02926831136,constructed_exact_power_root,12.2202901877,0.333333333333,11.8869568544,C_from_near_power_row_as_positive_control,positive_control_survivor,local_residue_sieve,blocked_unfilled,darmon_granville_ceiling,blocked_unfilled,blocked_unfilled,Z,survivor_kandidat_requires_overlap_check,blocked_unfilled,blocked_unfilled,positive_control_passed,Q_1009,pass_predefined,81,2.87131896908e-06,88.9875953821,1.09861228867,blocked_unfilled,control_class=exact_power_anchor,88.9875953821,positive_control_survivor
rank57_Q1009_actual_near_miss,actual_near_miss,57,5,7,3,163,84,30942,29624098656888,30942,1009,prime_block_le_1009,81,148442751793136438533965338087543801190959757888544388980934356724535496789076307693189375411040397120044336213563505967374089274154395172105420265758452993645832585198070632260101329900383144999881739549,467.819803066,22876792454961,30.7611440827,52,7,0,,426.71878922,30.7611440827,0.959420043953,0,4.25063380231,none_visible,15.0814215194,0.333333333333,14.748088186,existing_near_power_csv,local_obstruction_before_drift,local_residue_sieve,blocked_unfilled,darmon_granville_ceiling,blocked_unfilled,blocked_unfilled,Z,residue_only,blocked_unfilled,blocked_unfilled,under_test,Q_1009,pass_predefined,81,0,30.7611440827,0.379767210898,blocked_unfilled,control_class=actual_near_miss,30.7611440827,local_obstruction_before_drift
rank57_Q1009_random_root_sets,random_root_sets,57,5,7,3,163,84,30942,29624098656888,30942,1009,prime_block_le_1009,81,148442751793136438533965338087543801190959757888544388980934356724535496789076307693189375411040397120044336213563505967374089274154395172105420265758452993645832585198070632260101329900383144999881739549,467.819803066,22876792454961,30.7611440827,52,7,0,,426.71878922,30.7611440827,1.14385861121,0,5.5527869347,none_visible,15.0814215194,0.333333333333,14.748088186,deterministic_seeded_random_sets_same_cardinality,local_obstruction_before_drift,local_residue_sieve,blocked_unfilled,darmon_granville_ceiling,blocked_unfilled,blocked_unfilled,Z,residue_only,blocked_unfilled,blocked_unfilled,negative_control_passed,Q_1009,pass_predefined,81,0,30.7611440827,0.379767210898,blocked_unfilled,control_class=random_root_sets,30.7611440827,local_obstruction_before_drift
rank57_Q1009_exact_power_anchor,exact_power_anchor,57,5,7,3,163,84,30942,29624098656888,30942,1009,prime_block_le_1009,81,148442751793136438533965338087543801190959757888544388980934356724535496789076307693189375411040397120044336213563505967374089274154395172105420265758452993645832585198070632260101329900383144999881739549,467.819803066,443426488243037769948249630619149892803,88.9875953821,0,0,1,30942,368.492337921,88.9875953821,1.03242192082,0.792723303098,1.65041044535,constructed_exact_power_root,15.0814215194,0.333333333333,14.748088186,C_from_near_power_row_as_positive_control,positive_control_survivor,local_residue_sieve,blocked_unfilled,darmon_granville_ceiling,blocked_unfilled,blocked_unfilled,Z,survivor_kandidat_requires_overlap_check,blocked_unfilled,blocked_unfilled,positive_control_passed,Q_1009,pass_predefined,81,3.23185314459e-05,88.9875953821,1.09861228867,blocked_unfilled,control_class=exact_power_anchor,88.9875953821,positive_control_survivor
rank58_Q1009_actual_near_miss,actual_near_miss,58,6,7,3,197,194,218283,10400632276871187,218283,1009,prime_block_le_1009,81,148442751793136438533965338087543801190959757888544388980934356724535496789076307693189375411040397120044336213563505967374089274154395172105420265758452993645832585198070632260101329900383144999881739549,467.819803066,5559060566555523,36.254205526,48,13,0,,419.272049875,36.254205526,0.955588425729,0.76589157704,1.12253308269,none_visible,12.6846975832,0.333333333333,12.3513642499,existing_near_power_csv,local_obstruction_before_drift,local_residue_sieve,blocked_unfilled,darmon_granville_ceiling,blocked_unfilled,blocked_unfilled,Z,residue_only,blocked_unfilled,blocked_unfilled,under_test,Q_1009,pass_predefined,81,0,36.254205526,0.447582784272,blocked_unfilled,control_class=actual_near_miss,36.254205526,local_obstruction_before_drift
rank58_Q1009_random_root_sets,random_root_sets,58,6,7,3,197,194,218283,10400632276871187,218283,1009,prime_block_le_1009,81,148442751793136438533965338087543801190959757888544388980934356724535496789076307693189375411040397120044336213563505967374089274154395172105420265758452993645832585198070632260101329900383144999881739549,467.819803066,5559060566555523,36.254205526,48,13,0,,419.272049875,36.254205526,0.972265234683,0.750123056359,1.39745600385,none_visible,12.6846975832,0.333333333333,12.3513642499,deterministic_seeded_random_sets_same_cardinality,local_obstruction_before_drift,local_residue_sieve,blocked_unfilled,darmon_granville_ceiling,blocked_unfilled,blocked_unfilled,Z,residue_only,blocked_unfilled,blocked_unfilled,negative_control_passed,Q_1009,pass_predefined,81,0,36.254205526,0.447582784272,blocked_unfilled,control_class=random_root_sets,36.254205526,local_obstruction_before_drift
rank58_Q1009_exact_power_anchor,exact_power_anchor,58,6,7,3,197,194,218283,10400632276871187,218283,1009,prime_block_le_1009,81,148442751793136438533965338087543801190959757888544388980934356724535496789076307693189375411040397120044336213563505967374089274154395172105420265758452993645832585198070632260101329900383144999881739549,467.819803066,49269609804781974438694403402127765867,86.7903708048,0,0,1,218283,368.735884596,86.7903708048,1.00634980991,0.961133533583,1.05384701919,constructed_exact_power_root,12.6846975832,0.333333333333,12.3513642499,C_from_near_power_row_as_positive_control,positive_control_survivor,local_residue_sieve,blocked_unfilled,darmon_granville_ceiling,blocked_unfilled,blocked_unfilled,Z,survivor_kandidat_requires_overlap_check,blocked_unfilled,blocked_unfilled,positive_control_passed,Q_1009,pass_predefined,81,4.58120879775e-06,86.7903708048,1.07148605932,blocked_unfilled,control_class=exact_power_anchor,86.7903708048,positive_control_survivor
rank59_Q1009_actual_near_miss,actual_near_miss,59,5,6,3,188,213,45407,93619955034143,45407,1009,prime_block_le_1009,81,148442751793136438533965338087543801190959757888544388980934356724535496789076307693189375411040397120044336213563505967374089274154395172105420265758452993645832585198070632260101329900383144999881739549,467.819803066,847288609443,27.4653072167,55,19,0,,429.631074292,27.4653072167,1.14255419502,0,3.79924534396,none_visible,14.5419942249,0.333333333333,14.2086608916,existing_near_power_csv,local_obstruction_before_drift,local_residue_sieve,blocked_unfilled,darmon_granville_ceiling,blocked_unfilled,blocked_unfilled,Z,residue_only,blocked_unfilled,blocked_unfilled,under_test,Q_1009,pass_predefined,81,0,27.4653072167,0.339077866873,blocked_unfilled,control_class=actual_near_miss,27.4653072167,local_obstruction_before_drift
rank59_Q1009_random_root_sets,random_root_sets,59,5,6,3,188,213,45407,93619955034143,45407,1009,prime_block_le_1009,81,148442751793136438533965338087543801190959757888544388980934356724535496789076307693189375411040397120044336213563505967374089274154395172105420265758452993645832585198070632260101329900383144999881739549,467.819803066,847288609443,27.4653072167,55,19,0,,429.631074292,27.4653072167,1.03545861749,0,3.48507694604,none_visible,14.5419942249,0.333333333333,14.2086608916,deterministic_seeded_random_sets_same_cardinality,local_obstruction_before_drift,local_residue_sieve,blocked_unfilled,darmon_granville_ceiling,blocked_unfilled,blocked_unfilled,Z,residue_only,blocked_unfilled,blocked_unfilled,negative_control_passed,Q_1009,pass_predefined,81,0,27.4653072167,0.339077866873,blocked_unfilled,control_class=random_root_sets,27.4653072167,local_obstruction_before_drift
rank59_Q1009_exact_power_anchor,exact_power_anchor,59,5,6,3,188,213,45407,93619955034143,45407,1009,prime_block_le_1009,81,148442751793136438533965338087543801190959757888544388980934356724535496789076307693189375411040397120044336213563505967374089274154395172105420265758452993645832585198070632260101329900383144999881739549,467.819803066,443426488243037769948249630619149892803,88.9875953821,0,0,1,45407,368.108786127,88.9875953821,1.00551636271,0.874728076679,1.11125548435,constructed_exact_power_root,14.5419942249,0.333333333333,14.2086608916,C_from_near_power_row_as_positive_control,positive_control_survivor,local_residue_sieve,blocked_unfilled,darmon_granville_ceiling,blocked_unfilled,blocked_unfilled,Z,survivor_kandidat_requires_overlap_check,blocked_unfilled,blocked_unfilled,positive_control_passed,Q_1009,pass_predefined,81,2.20230360958e-05,88.9875953821,1.09861228867,blocked_unfilled,control_class=exact_power_anchor,88.9875953821,positive_control_survivor
rank60_Q1009_actual_near_miss,actual_near_miss,60,7,7,4,204,227,14626,45761713347855376,14626,1009,prime_block_le_1009,168,9883326855402037591071935385995119237769544071052336268948774388464692156613644748904309606814293831245297812573737471660766117746371102064423456768885161432286497987467827050297144528442873088837053363555505746083646800378861291436855041666704610624315412063093301501729007973506838237506477051903879849849069942384994070557970314845526910370320580570131817760395064723644436433536440921569283170173653219381073021595,962.46883296,75557863725914323419136,52.6791857226,107,3,0,,900.199091191,52.6791857226,1.15355983494,0,3.51910980446,none_visible,25.0889736831,0.25,24.8389736831,existing_near_power_csv,local_obstruction_before_drift,local_residue_sieve,blocked_unfilled,darmon_granville_ceiling,blocked_unfilled,blocked_unfilled,Z,residue_only,blocked_unfilled,blocked_unfilled,under_test,Q_1009,pass_predefined,168,0,52.6791857226,0.313566581682,blocked_unfilled,control_class=actual_near_miss,52.6791857226,local_obstruction_before_drift
rank60_Q1009_random_root_sets,random_root_sets,60,7,7,4,204,227,14626,45761713347855376,14626,1009,prime_block_le_1009,168,9883326855402037591071935385995119237769544071052336268948774388464692156613644748904309606814293831245297812573737471660766117746371102064423456768885161432286497987467827050297144528442873088837053363555505746083646800378861291436855041666704610624315412063093301501729007973506838237506477051903879849849069942384994070557970314845526910370320580570131817760395064723644436433536440921569283170173653219381073021595,962.46883296,75557863725914323419136,52.6791857226,107,3,0,,900.199091191,52.6791857226,0.752762097463,0,1.3996393409,none_visible,25.0889736831,0.25,24.8389736831,deterministic_seeded_random_sets_same_cardinality,local_obstruction_before_drift,local_residue_sieve,blocked_unfilled,darmon_granville_ceiling,blocked_unfilled,blocked_unfilled,Z,residue_only,blocked_unfilled,blocked_unfilled,negative_control_passed,Q_1009,pass_predefined,168,0,52.6791857226,0.313566581682,blocked_unfilled,control_class=random_root_sets,52.6791857226,local_obstruction_before_drift
rank60_Q1009_exact_power_anchor,exact_power_anchor,60,7,7,4,204,227,14626,45761713347855376,14626,1009,prime_block_le_1009,168,9883326855402037591071935385995119237769544071052336268948774388464692156613644748904309606814293831245297812573737471660766117746371102064423456768885161432286497987467827050297144528442873088837053363555505746083646800378861291436855041666704610624315412063093301501729007973506838237506477051903879849849069942384994070557970314845526910370320580570131817760395064723644436433536440921569283170173653219381073021595,962.46883296,226156424291633194186662080095093570025917938800079226639565593765455331328,171.207353598,0,0,1,14626,781.670923316,171.207353598,1.01885394588,0.994444824286,1.13834951456,constructed_exact_power_root,25.0889736831,0.25,24.8389736831,C_from_near_power_row_as_positive_control,positive_control_survivor,local_residue_sieve,blocked_unfilled,darmon_granville_ceiling,blocked_unfilled,blocked_unfilled,Z,survivor_kandidat_requires_overlap_check,blocked_unfilled,blocked_unfilled,positive_control_passed,Q_1009,pass_predefined,168,6.8371393409e-05,171.207353598,1.01909139047,blocked_unfilled,control_class=exact_power_anchor,171.207353598,positive_control_survivor
rank61_Q1009_actual_near_miss,actual_near_miss,61,6,7,3,185,188,202799,8340602569088399,202799,1009,prime_block_le_1009,81,148442751793136438533965338087543801190959757888544388980934356724535496789076307693189375411040397120044336213563505967374089274154395172105420265758452993645832585198070632260101329900383144999881739549,467.819803066,7625597484987,29.662531794,53,31,0,,425.937300652,29.662531794,1.01526401894,0.427682363106,1.3337952028,none_visible,12.7610727724,0.333333333333,12.4277394391,existing_near_power_csv,local_obstruction_before_drift,local_residue_sieve,blocked_unfilled,darmon_granville_ceiling,blocked_unfilled,blocked_unfilled,Z,residue_only,blocked_unfilled,blocked_unfilled,under_test,Q_1009,pass_predefined,81,0,29.662531794,0.366204096223,blocked_unfilled,control_class=actual_near_miss,29.662531794,local_obstruction_before_drift
rank61_Q1009_random_root_sets,random_root_sets,61,6,7,3,185,188,202799,8340602569088399,202799,1009,prime_block_le_1009,81,148442751793136438533965338087543801190959757888544388980934356724535496789076307693189375411040397120044336213563505967374089274154395172105420265758452993645832585198070632260101329900383144999881739549,467.819803066,7625597484987,29.662531794,53,31,0,,425.937300652,29.662531794,1.0560546814,0.889196801869,2.00528876156,none_visible,12.7610727724,0.333333333333,12.4277394391,deterministic_seeded_random_sets_same_cardinality,local_obstruction_before_drift,local_residue_sieve,blocked_unfilled,darmon_granville_ceiling,blocked_unfilled,blocked_unfilled,Z,residue_only,blocked_unfilled,blocked_unfilled,negative_control_passed,Q_1009,pass_predefined,81,0,29.662531794,0.366204096223,blocked_unfilled,control_class=random_root_sets,29.662531794,local_obstruction_before_drift
rank61_Q1009_exact_power_anchor,exact_power_anchor,61,6,7,3,185,188,202799,8340602569088399,202799,1009,prime_block_le_1009,81,148442751793136438533965338087543801190959757888544388980934356724535496789076307693189375411040397120044336213563505967374089274154395172105420265758452993645832585198070632260101329900383144999881739549,467.819803066,443426488243037769948249630619149892803,88.9875953821,0,0,1,202799,366.612237064,88.9875953821,0.999702131631,0.967596268007,1.03119070826,constructed_exact_power_root,12.7610727724,0.333333333333,12.4277394391,C_from_near_power_row_as_positive_control,positive_control_survivor,local_residue_sieve,blocked_unfilled,darmon_granville_ceiling,blocked_unfilled,blocked_unfilled,Z,survivor_kandidat_requires_overlap_check,blocked_unfilled,blocked_unfilled,positive_control_passed,Q_1009,pass_predefined,81,4.93099078398e-06,88.9875953821,1.09861228867,blocked_unfilled,control_class=exact_power_anchor,88.9875953821,positive_control_survivor
rank62_Q1009_actual_near_miss,actual_near_miss,62,7,7,5,179,246,2271,60406777905120351,2271,1009,prime_block_le_1009,40,23874112053941427655488583613606377475884000684435068359807921790414371906552941988991633519462718231,231.128718901,78125,11.266065387,33,11,0,,212.134677971,11.266065387,0.151155144577,0,0.906930867459,none_visible,5.9816110349,0.2,5.7816110349,existing_near_power_csv,local_obstruction_before_drift,local_residue_sieve,blocked_unfilled,darmon_granville_ceiling,blocked_unfilled,blocked_unfilled,Z,residue_only,blocked_unfilled,blocked_unfilled,under_test,Q_1009,pass_predefined,40,0,11.266065387,0.281651634676,blocked_unfilled,control_class=actual_near_miss,11.266065387,local_obstruction_before_drift
rank62_Q1009_random_root_sets,random_root_sets,62,7,7,5,179,246,2271,60406777905120351,2271,1009,prime_block_le_1009,40,23874112053941427655488583613606377475884000684435068359807921790414371906552941988991633519462718231,231.128718901,78125,11.266065387,33,11,0,,212.134677971,11.266065387,1.39749889916,0,6.98337296345,none_visible,5.9816110349,0.2,5.7816110349,deterministic_seeded_random_sets_same_cardinality,local_obstruction_before_drift,local_residue_sieve,blocked_unfilled,darmon_granville_ceiling,blocked_unfilled,blocked_unfilled,Z,residue_only,blocked_unfilled,blocked_unfilled,negative_control_passed,Q_1009,pass_predefined,40,0,11.266065387,0.281651634676,blocked_unfilled,control_class=random_root_sets,11.266065387,local_obstruction_before_drift
rank62_Q1009_exact_power_anchor,exact_power_anchor,62,7,7,5,179,246,2271,60406777905120351,2271,1009,prime_block_le_1009,40,23874112053941427655488583613606377475884000684435068359807921790414371906552941988991633519462718231,231.128718901,9094947017729282379150390625,64.3775164974,0,0,1,2271,159.023226861,64.3775164974,3.2000821958,0.895658300308,9.92905328049,constructed_exact_power_root,5.9816110349,0.2,5.7816110349,C_from_near_power_row_as_positive_control,positive_control_survivor,local_residue_sieve,blocked_unfilled,darmon_granville_ceiling,blocked_unfilled,blocked_unfilled,Z,survivor_kandidat_requires_overlap_check,blocked_unfilled,blocked_unfilled,positive_control_passed,Q_1009,pass_predefined,40,0.000440334654337,64.3775164974,1.60943791243,blocked_unfilled,control_class=exact_power_anchor,64.3775164974,positive_control_survivor
rank63_Q1009_actual_near_miss,actual_near_miss,63,7,7,3,108,217,283681,22829202875910241,283681,1009,prime_block_le_1009,81,148442751793136438533965338087543801190959757888544388980934356724535496789076307693189375411040397120044336213563505967374089274154395172105420265758452993645832585198070632260101329900383144999881739549,467.819803066,68630377364883,31.8597563714,51,7,0,,423.404441048,31.8597563714,1.00135619535,0.672291529335,1.11913812424,none_visible,12.4199452218,0.333333333333,12.0866118885,existing_near_power_csv,local_obstruction_before_drift,local_residue_sieve,blocked_unfilled,darmon_granville_ceiling,blocked_unfilled,blocked_unfilled,Z,residue_only,blocked_unfilled,blocked_unfilled,under_test,Q_1009,pass_predefined,81,0,31.8597563714,0.393330325573,blocked_unfilled,control_class=actual_near_miss,31.8597563714,local_obstruction_before_drift
rank63_Q1009_random_root_sets,random_root_sets,63,7,7,3,108,217,283681,22829202875910241,283681,1009,prime_block_le_1009,81,148442751793136438533965338087543801190959757888544388980934356724535496789076307693189375411040397120044336213563505967374089274154395172105420265758452993645832585198070632260101329900383144999881739549,467.819803066,68630377364883,31.8597563714,51,7,0,,423.404441048,31.8597563714,1.00615147139,0.796109401444,1.16139960026,none_visible,12.4199452218,0.333333333333,12.0866118885,deterministic_seeded_random_sets_same_cardinality,local_obstruction_before_drift,local_residue_sieve,blocked_unfilled,darmon_granville_ceiling,blocked_unfilled,blocked_unfilled,Z,residue_only,blocked_unfilled,blocked_unfilled,negative_control_passed,Q_1009,pass_predefined,81,0,31.8597563714,0.393330325573,blocked_unfilled,control_class=random_root_sets,31.8597563714,local_obstruction_before_drift
rank63_Q1009_exact_power_anchor,exact_power_anchor,63,7,7,3,108,217,283681,22829202875910241,283681,1009,prime_block_le_1009,81,148442751793136438533965338087543801190959757888544388980934356724535496789076307693189375411040397120044336213563505967374089274154395172105420265758452993645832585198070632260101329900383144999881739549,467.819803066,147808829414345923316083210206383297601,87.8889830934,0,0,1,283681,367.375214326,87.8889830934,1.00467202858,0.982228081699,1.05919481546,constructed_exact_power_root,12.4199452218,0.333333333333,12.0866118885,C_from_near_power_row_as_positive_control,positive_control_survivor,local_residue_sieve,blocked_unfilled,darmon_granville_ceiling,blocked_unfilled,blocked_unfilled,Z,survivor_kandidat_requires_overlap_check,blocked_unfilled,blocked_unfilled,positive_control_passed,Q_1009,pass_predefined,81,3.52508627649e-06,87.8889830934,1.08504917399,blocked_unfilled,control_class=exact_power_anchor,87.8889830934,positive_control_survivor
rank64_Q1009_actual_near_miss,actual_near_miss,64,6,7,4,240,179,8830,6079149367210000,8830,1009,prime_block_le_1009,168,9883326855402037591071935385995119237769544071052336268948774388464692156613644748904309606814293831245297812573737471660766117746371102064423456768885161432286497987467827050297144528442873088837053363555505746083646800378861291436855041666704610624315412063093301501729007973506838237506477051903879849849069942384994070557970314845526910370320580570131817760395064723644436433536440921569283170173653219381073021595,962.46883296,147573952589676412928,46.4408610975,117,3,0,,906.942061569,46.4408610975,0.95654580738,0,2.7031993205,none_visible,26.482454753,0.25,26.232454753,existing_near_power_csv,local_obstruction_before_drift,local_residue_sieve,blocked_unfilled,darmon_granville_ceiling,blocked_unfilled,blocked_unfilled,Z,residue_only,blocked_unfilled,blocked_unfilled,under_test,Q_1009,pass_predefined,168,0,46.4408610975,0.276433697009,blocked_unfilled,control_class=actual_near_miss,46.4408610975,local_obstruction_before_drift
rank64_Q1009_random_root_sets,random_root_sets,64,6,7,4,240,179,8830,6079149367210000,8830,1009,prime_block_le_1009,168,9883326855402037591071935385995119237769544071052336268948774388464692156613644748904309606814293831245297812573737471660766117746371102064423456768885161432286497987467827050297144528442873088837053363555505746083646800378861291436855041666704610624315412063093301501729007973506838237506477051903879849849069942384994070557970314845526910370320580570131817760395064723644436433536440921569283170173653219381073021595,962.46883296,147573952589676412928,46.4408610975,117,3,0,,906.942061569,46.4408610975,1.23219876604,0,2.7031993205,none_visible,26.482454753,0.25,26.232454753,deterministic_seeded_random_sets_same_cardinality,local_obstruction_before_drift,local_residue_sieve,blocked_unfilled,darmon_granville_ceiling,blocked_unfilled,blocked_unfilled,Z,residue_only,blocked_unfilled,blocked_unfilled,negative_control_passed,Q_1009,pass_predefined,168,0,46.4408610975,0.276433697009,blocked_unfilled,control_class=random_root_sets,46.4408610975,local_obstruction_before_drift
rank64_Q1009_exact_power_anchor,exact_power_anchor,64,6,7,4,240,179,8830,6079149367210000,8830,1009,prime_block_le_1009,168,9883326855402037591071935385995119237769544071052336268948774388464692156613644748904309606814293831245297812573737471660766117746371102064423456768885161432286497987467827050297144528442873088837053363555505746083646800378861291436855041666704610624315412063093301501729007973506838237506477051903879849849069942384994070557970314845526910370320580570131817760395064723644436433536440921569283170173653219381073021595,962.46883296,113078212145816597093331040047546785012958969400039613319782796882727665664,170.514206418,0,0,1,8830,782.868716249,170.514206418,1.007614312,0.928227633069,1.099900906,constructed_exact_power_root,26.482454753,0.25,26.232454753,C_from_near_power_row_as_positive_control,positive_control_survivor,local_residue_sieve,blocked_unfilled,darmon_granville_ceiling,blocked_unfilled,blocked_unfilled,Z,survivor_kandidat_requires_overlap_check,blocked_unfilled,blocked_unfilled,positive_control_passed,Q_1009,pass_predefined,168,0.000113250283126,170.514206418,1.01496551439,blocked_unfilled,control_class=exact_power_anchor,170.514206418,positive_control_survivor
rank65_Q1009_actual_near_miss,actual_near_miss,65,7,7,3,100,169,159233,4037376327502337,159233,1009,prime_block_le_1009,81,148442751793136438533965338087543801190959757888544388980934356724535496789076307693189375411040397120044336213563505967374089274154395172105420265758452993645832585198070632260101329900383144999881739549,467.819803066,5559060566555523,36.254205526,48,7,0,,419.587473723,36.254205526,0.996147853216,0.459797208423,1.12759917856,none_visible,13.0187278687,0.333333333333,12.6853945353,existing_near_power_csv,local_obstruction_before_drift,local_residue_sieve,blocked_unfilled,darmon_granville_ceiling,blocked_unfilled,blocked_unfilled,Z,residue_only,blocked_unfilled,blocked_unfilled,under_test,Q_1009,pass_predefined,81,0,36.254205526,0.447582784272,blocked_unfilled,control_class=actual_near_miss,36.254205526,local_obstruction_before_drift
rank65_Q1009_random_root_sets,random_root_sets,65,7,7,3,100,169,159233,4037376327502337,159233,1009,prime_block_le_1009,81,148442751793136438533965338087543801190959757888544388980934356724535496789076307693189375411040397120044336213563505967374089274154395172105420265758452993645832585198070632260101329900383144999881739549,467.819803066,5559060566555523,36.254205526,48,7,0,,419.587473723,36.254205526,0.981979935762,0.459797208423,1.23896847178,none_visible,13.0187278687,0.333333333333,12.6853945353,deterministic_seeded_random_sets_same_cardinality,local_obstruction_before_drift,local_residue_sieve,blocked_unfilled,darmon_granville_ceiling,blocked_unfilled,blocked_unfilled,Z,residue_only,blocked_unfilled,blocked_unfilled,negative_control_passed,Q_1009,pass_predefined,81,0,36.254205526,0.447582784272,blocked_unfilled,control_class=random_root_sets,36.254205526,local_obstruction_before_drift
rank65_Q1009_exact_power_anchor,exact_power_anchor,65,7,7,3,100,169,159233,4037376327502337,159233,1009,prime_block_le_1009,81,148442751793136438533965338087543801190959757888544388980934356724535496789076307693189375411040397120044336213563505967374089274154395172105420265758452993645832585198070632260101329900383144999881739549,467.819803066,443426488243037769948249630619149892803,88.9875953821,0,0,1,159233,366.854083866,88.9875953821,1.00637119586,0.926283426732,1.07200001116,constructed_exact_power_root,13.0187278687,0.333333333333,12.6853945353,C_from_near_power_row_as_positive_control,positive_control_survivor,local_residue_sieve,blocked_unfilled,darmon_granville_ceiling,blocked_unfilled,blocked_unfilled,Z,survivor_kandidat_requires_overlap_check,blocked_unfilled,blocked_unfilled,positive_control_passed,Q_1009,pass_predefined,81,6.28010525456e-06,88.9875953821,1.09861228867,blocked_unfilled,control_class=exact_power_anchor,88.9875953821,positive_control_survivor
rank66_Q1009_actual_near_miss,actual_near_miss,66,6,7,3,160,199,231306,12375441316400616,231306,1009,prime_block_le_1009,81,148442751793136438533965338087543801190959757888544388980934356724535496789076307693189375411040397120044336213563505967374089274154395172105420265758452993645832585198070632260101329900383144999881739549,467.819803066,2541865828329,28.5639195054,55,7,0,,426.904386772,28.5639195054,1.02301562769,0.574823922519,2.36843258137,none_visible,12.6251851925,0.333333333333,12.2918518591,existing_near_power_csv,local_obstruction_before_drift,local_residue_sieve,blocked_unfilled,darmon_granville_ceiling,blocked_unfilled,blocked_unfilled,Z,residue_only,blocked_unfilled,blocked_unfilled,under_test,Q_1009,pass_predefined,81,0,28.5639195054,0.352640981548,blocked_unfilled,control_class=actual_near_miss,28.5639195054,local_obstruction_before_drift
rank66_Q1009_random_root_sets,random_root_sets,66,6,7,3,160,199,231306,12375441316400616,231306,1009,prime_block_le_1009,81,148442751793136438533965338087543801190959757888544388980934356724535496789076307693189375411040397120044336213563505967374089274154395172105420265758452993645832585198070632260101329900383144999881739549,467.819803066,2541865828329,28.5639195054,55,7,0,,426.904386772,28.5639195054,0.994485139294,0.394738763562,1.34730904804,none_visible,12.6251851925,0.333333333333,12.2918518591,deterministic_seeded_random_sets_same_cardinality,local_obstruction_before_drift,local_residue_sieve,blocked_unfilled,darmon_granville_ceiling,blocked_unfilled,blocked_unfilled,Z,residue_only,blocked_unfilled,blocked_unfilled,negative_control_passed,Q_1009,pass_predefined,81,0,28.5639195054,0.352640981548,blocked_unfilled,control_class=random_root_sets,28.5639195054,local_obstruction_before_drift
rank66_Q1009_exact_power_anchor,exact_power_anchor,66,6,7,3,160,199,231306,12375441316400616,231306,1009,prime_block_le_1009,81,148442751793136438533965338087543801190959757888544388980934356724535496789076307693189375411040397120044336213563505967374089274154395172105420265758452993645832585198070632260101329900383144999881739549,467.819803066,147808829414345923316083210206383297601,87.8889830934,0,0,1,231306,367.579323184,87.8889830934,1.00556475853,0.932168738477,1.089180566,constructed_exact_power_root,12.6251851925,0.333333333333,12.2918518591,C_from_near_power_row_as_positive_control,positive_control_survivor,local_residue_sieve,blocked_unfilled,darmon_granville_ceiling,blocked_unfilled,blocked_unfilled,Z,survivor_kandidat_requires_overlap_check,blocked_unfilled,blocked_unfilled,positive_control_passed,Q_1009,pass_predefined,81,4.32327739012e-06,87.8889830934,1.08504917399,blocked_unfilled,control_class=exact_power_anchor,87.8889830934,positive_control_survivor
rank67_Q1009_actual_near_miss,actual_near_miss,67,6,6,3,91,248,61554,233221637659464,61554,1009,prime_block_le_1009,81,148442751793136438533965338087543801190959757888544388980934356724535496789076307693189375411040397120044336213563505967374089274154395172105420265758452993645832585198070632260101329900383144999881739549,467.819803066,7625597484987,29.662531794,54,37,0,,427.129601155,29.662531794,1.06672536249,0,2.49747466542,none_visible,14.1407870109,0.333333333333,13.8074536776,existing_near_power_csv,local_obstruction_before_drift,local_residue_sieve,blocked_unfilled,darmon_granville_ceiling,blocked_unfilled,blocked_unfilled,Z,residue_only,blocked_unfilled,blocked_unfilled,under_test,Q_1009,pass_predefined,81,0,29.662531794,0.366204096223,blocked_unfilled,control_class=actual_near_miss,29.662531794,local_obstruction_before_drift
rank67_Q1009_random_root_sets,random_root_sets,67,6,6,3,91,248,61554,233221637659464,61554,1009,prime_block_le_1009,81,148442751793136438533965338087543801190959757888544388980934356724535496789076307693189375411040397120044336213563505967374089274154395172105420265758452993645832585198070632260101329900383144999881739549,467.819803066,7625597484987,29.662531794,54,37,0,,427.129601155,29.662531794,0.899443382444,0,1.53222103086,none_visible,14.1407870109,0.333333333333,13.8074536776,deterministic_seeded_random_sets_same_cardinality,local_obstruction_before_drift,local_residue_sieve,blocked_unfilled,darmon_granville_ceiling,blocked_unfilled,blocked_unfilled,Z,residue_only,blocked_unfilled,blocked_unfilled,negative_control_passed,Q_1009,pass_predefined,81,0,29.662531794,0.366204096223,blocked_unfilled,control_class=random_root_sets,29.662531794,local_obstruction_before_drift
rank67_Q1009_exact_power_anchor,exact_power_anchor,67,6,6,3,91,248,61554,233221637659464,61554,1009,prime_block_le_1009,81,148442751793136438533965338087543801190959757888544388980934356724535496789076307693189375411040397120044336213563505967374089274154395172105420265758452993645832585198070632260101329900383144999881739549,467.819803066,443426488243037769948249630619149892803,88.9875953821,0,0,1,61554,367.804537566,88.9875953821,1.02290310585,0.941457004329,1.19835338799,constructed_exact_power_root,14.1407870109,0.333333333333,13.8074536776,C_from_near_power_row_as_positive_control,positive_control_survivor,local_residue_sieve,blocked_unfilled,darmon_granville_ceiling,blocked_unfilled,blocked_unfilled,Z,survivor_kandidat_requires_overlap_check,blocked_unfilled,blocked_unfilled,positive_control_passed,Q_1009,pass_predefined,81,1.62458979108e-05,88.9875953821,1.09861228867,blocked_unfilled,control_class=exact_power_anchor,88.9875953821,positive_control_survivor
rank68_Q1009_actual_near_miss,actual_near_miss,68,7,7,3,118,249,390757,59665090001128093,390757,1009,prime_block_le_1009,81,148442751793136438533965338087543801190959757888544388980934356724535496789076307693189375411040397120044336213563505967374089274154395172105420265758452993645832585198070632260101329900383144999881739549,467.819803066,282429536481,26.366694928,56,7,0,,428.577266975,26.366694928,1.01826657403,0.776006003163,1.28920900827,none_visible,12.1110483104,0.333333333333,11.7777149771,existing_near_power_csv,local_obstruction_before_drift,local_residue_sieve,blocked_unfilled,darmon_granville_ceiling,blocked_unfilled,blocked_unfilled,Z,residue_only,blocked_unfilled,blocked_unfilled,under_test,Q_1009,pass_predefined,81,0,26.366694928,0.325514752198,blocked_unfilled,control_class=actual_near_miss,26.366694928,local_obstruction_before_drift
rank68_Q1009_random_root_sets,random_root_sets,68,7,7,3,118,249,390757,59665090001128093,390757,1009,prime_block_le_1009,81,148442751793136438533965338087543801190959757888544388980934356724535496789076307693189375411040397120044336213563505967374089274154395172105420265758452993645832585198070632260101329900383144999881739549,467.819803066,282429536481,26.366694928,56,7,0,,428.577266975,26.366694928,1.00990009752,0.664618505448,1.37490307275,none_visible,12.1110483104,0.333333333333,11.7777149771,deterministic_seeded_random_sets_same_cardinality,local_obstruction_before_drift,local_residue_sieve,blocked_unfilled,darmon_granville_ceiling,blocked_unfilled,blocked_unfilled,Z,residue_only,blocked_unfilled,blocked_unfilled,negative_control_passed,Q_1009,pass_predefined,81,0,26.366694928,0.325514752198,blocked_unfilled,control_class=random_root_sets,26.366694928,local_obstruction_before_drift
rank68_Q1009_exact_power_anchor,exact_power_anchor,68,7,7,3,118,249,390757,59665090001128093,390757,1009,prime_block_le_1009,81,148442751793136438533965338087543801190959757888544388980934356724535496789076307693189375411040397120044336213563505967374089274154395172105420265758452993645832585198070632260101329900383144999881739549,467.819803066,147808829414345923316083210206383297601,87.8889830934,0,0,1,390757,367.05497881,87.8889830934,1.00284610195,0.99007880146,1.01645722988,constructed_exact_power_root,12.1110483104,0.333333333333,11.7777149771,C_from_near_power_row_as_positive_control,positive_control_survivor,local_residue_sieve,blocked_unfilled,darmon_granville_ceiling,blocked_unfilled,blocked_unfilled,Z,survivor_kandidat_requires_overlap_check,blocked_unfilled,blocked_unfilled,positive_control_passed,Q_1009,pass_predefined,81,2.55913521703e-06,87.8889830934,1.08504917399,blocked_unfilled,control_class=exact_power_anchor,87.8889830934,positive_control_survivor
rank69_Q1009_actual_near_miss,actual_near_miss,69,7,7,3,71,177,176000,5451776000000000,176000,1009,prime_block_le_1009,81,148442751793136438533965338087543801190959757888544388980934356724535496789076307693189375411040397120044336213563505967374089274154395172105420265758452993645832585198070632260101329900383144999881739549,467.819803066,5559060566555523,36.254205526,47,7,0,,419.487358266,36.254205526,0.984967487374,0.289606691919,1.60763068182,none_visible,12.9108167853,0.333333333333,12.5774834519,existing_near_power_csv,local_obstruction_before_drift,local_residue_sieve,blocked_unfilled,darmon_granville_ceiling,blocked_unfilled,blocked_unfilled,Z,residue_only,blocked_unfilled,blocked_unfilled,under_test,Q_1009,pass_predefined,81,0,36.254205526,0.447582784272,blocked_unfilled,control_class=actual_near_miss,36.254205526,local_obstruction_before_drift
rank69_Q1009_random_root_sets,random_root_sets,69,7,7,3,71,177,176000,5451776000000000,176000,1009,prime_block_le_1009,81,148442751793136438533965338087543801190959757888544388980934356724535496789076307693189375411040397120044336213563505967374089274154395172105420265758452993645832585198070632260101329900383144999881739549,467.819803066,5559060566555523,36.254205526,47,7,0,,419.487358266,36.254205526,1.00880426662,0.669888257576,1.4480334596,none_visible,12.9108167853,0.333333333333,12.5774834519,deterministic_seeded_random_sets_same_cardinality,local_obstruction_before_drift,local_residue_sieve,blocked_unfilled,darmon_granville_ceiling,blocked_unfilled,blocked_unfilled,Z,residue_only,blocked_unfilled,blocked_unfilled,negative_control_passed,Q_1009,pass_predefined,81,0,36.254205526,0.447582784272,blocked_unfilled,control_class=random_root_sets,36.254205526,local_obstruction_before_drift
rank69_Q1009_exact_power_anchor,exact_power_anchor,69,7,7,3,71,177,176000,5451776000000000,176000,1009,prime_block_le_1009,81,148442751793136438533965338087543801190959757888544388980934356724535496789076307693189375411040397120044336213563505967374089274154395172105420265758452993645832585198070632260101329900383144999881739549,467.819803066,443426488243037769948249630619149892803,88.9875953821,0,0,1,176000,366.75396841,88.9875953821,1.00405550295,0.950565656566,1.06686111111,constructed_exact_power_root,12.9108167853,0.333333333333,12.5774834519,C_from_near_power_row_as_positive_control,positive_control_survivor,local_residue_sieve,blocked_unfilled,darmon_granville_ceiling,blocked_unfilled,blocked_unfilled,Z,survivor_kandidat_requires_overlap_check,blocked_unfilled,blocked_unfilled,positive_control_passed,Q_1009,pass_predefined,81,5.68181818182e-06,88.9875953821,1.09861228867,blocked_unfilled,control_class=exact_power_anchor,88.9875953821,positive_control_survivor
rank70_Q1009_actual_near_miss,actual_near_miss,70,4,6,3,188,101,10205,1062769365125,10205,1009,prime_block_le_1009,81,148442751793136438533965338087543801190959757888544388980934356724535496789076307693189375411040397120044336213563505967374089274154395172105420265758452993645832585198070632260101329900383144999881739549,467.819803066,94143178827,25.2680826394,58,7,0,,433.321087351,25.2680826394,1.03474975131,0,5.50299961892,none_visible,16.8937420743,0.333333333333,16.5604087409,existing_near_power_csv,local_obstruction_before_drift,local_residue_sieve,blocked_unfilled,darmon_granville_ceiling,blocked_unfilled,blocked_unfilled,Z,residue_only,blocked_unfilled,blocked_unfilled,under_test,Q_1009,pass_predefined,81,0,25.2680826394,0.311951637523,blocked_unfilled,control_class=actual_near_miss,25.2680826394,local_obstruction_before_drift
rank70_Q1009_random_root_sets,random_root_sets,70,4,6,3,188,101,10205,1062769365125,10205,1009,prime_block_le_1009,81,148442751793136438533965338087543801190959757888544388980934356724535496789076307693189375411040397120044336213563505967374089274154395172105420265758452993645832585198070632260101329900383144999881739549,467.819803066,94143178827,25.2680826394,58,7,0,,433.321087351,25.2680826394,0.473842788492,0,2.10437149545,none_visible,16.8937420743,0.333333333333,16.5604087409,deterministic_seeded_random_sets_same_cardinality,local_obstruction_before_drift,local_residue_sieve,blocked_unfilled,darmon_granville_ceiling,blocked_unfilled,blocked_unfilled,Z,residue_only,blocked_unfilled,blocked_unfilled,negative_control_passed,Q_1009,pass_predefined,81,0,25.2680826394,0.311951637523,blocked_unfilled,control_class=random_root_sets,25.2680826394,local_obstruction_before_drift
rank70_Q1009_exact_power_anchor,exact_power_anchor,70,4,6,3,188,101,10205,1062769365125,10205,1009,prime_block_le_1009,81,148442751793136438533965338087543801190959757888544388980934356724535496789076307693189375411040397120044336213563505967374089274154395172105420265758452993645832585198070632260101329900383144999881739549,467.819803066,49269609804781974438694403402127765867,86.7903708048,0,0,1,10205,371.798799186,86.7903708048,1.20335937358,0.774358974359,1.82868964015,constructed_exact_power_root,16.8937420743,0.333333333333,16.5604087409,C_from_near_power_row_as_positive_control,positive_control_survivor,local_residue_sieve,blocked_unfilled,darmon_granville_ceiling,blocked_unfilled,blocked_unfilled,Z,survivor_kandidat_requires_overlap_check,blocked_unfilled,blocked_unfilled,positive_control_passed,Q_1009,pass_predefined,81,9.79911807937e-05,86.7903708048,1.07148605932,blocked_unfilled,control_class=exact_power_anchor,86.7903708048,positive_control_survivor
rank71_Q1009_actual_near_miss,actual_near_miss,71,7,7,3,203,206,310545,29948399895128625,310545,1009,prime_block_le_1009,81,148442751793136438533965338087543801190959757888544388980934356724535496789076307693189375411040397120044336213563505967374089274154395172105420265758452993645832585198070632260101329900383144999881739549,467.819803066,1853020188851841,35.1555932374,48,7,0,,420.018125731,35.1555932374,1.01626738357,0.871441068659,1.35064805423,none_visible,12.331084718,0.333333333333,11.9977513846,existing_near_power_csv,local_obstruction_before_drift,local_residue_sieve,blocked_unfilled,darmon_granville_ceiling,blocked_unfilled,blocked_unfilled,Z,residue_only,blocked_unfilled,blocked_unfilled,under_test,Q_1009,pass_predefined,81,0,35.1555932374,0.434019669597,blocked_unfilled,control_class=actual_near_miss,35.1555932374,local_obstruction_before_drift
rank71_Q1009_random_root_sets,random_root_sets,71,7,7,3,203,206,310545,29948399895128625,310545,1009,prime_block_le_1009,81,148442751793136438533965338087543801190959757888544388980934356724535496789076307693189375411040397120044336213563505967374089274154395172105420265758452993645832585198070632260101329900383144999881739549,467.819803066,1853020188851841,35.1555932374,48,7,0,,420.018125731,35.1555932374,0.995068794825,0.871441068659,1.11404359003,none_visible,12.331084718,0.333333333333,11.9977513846,deterministic_seeded_random_sets_same_cardinality,local_obstruction_before_drift,local_residue_sieve,blocked_unfilled,darmon_granville_ceiling,blocked_unfilled,blocked_unfilled,Z,residue_only,blocked_unfilled,blocked_unfilled,negative_control_passed,Q_1009,pass_predefined,81,0,35.1555932374,0.434019669597,blocked_unfilled,control_class=random_root_sets,35.1555932374,local_obstruction_before_drift
rank71_Q1009_exact_power_anchor,exact_power_anchor,71,7,7,3,203,206,310545,29948399895128625,310545,1009,prime_block_le_1009,81,148442751793136438533965338087543801190959757888544388980934356724535496789076307693189375411040397120044336213563505967374089274154395172105420265758452993645832585198070632260101329900383144999881739549,467.819803066,49269609804781974438694403402127765867,86.7903708048,0,0,1,310545,368.383348164,86.7903708048,1.00222328666,0.99128521363,1.01879491432,constructed_exact_power_root,12.331084718,0.333333333333,11.9977513846,C_from_near_power_row_as_positive_control,positive_control_survivor,local_residue_sieve,blocked_unfilled,darmon_granville_ceiling,blocked_unfilled,blocked_unfilled,Z,survivor_kandidat_requires_overlap_check,blocked_unfilled,blocked_unfilled,positive_control_passed,Q_1009,pass_predefined,81,3.22014522855e-06,86.7903708048,1.07148605932,blocked_unfilled,control_class=exact_power_anchor,86.7903708048,positive_control_survivor
rank72_Q1009_actual_near_miss,actual_near_miss,72,6,7,3,241,205,248854,15411108481939864,248854,1009,prime_block_le_1009,81,148442751793136438533965338087543801190959757888544388980934356724535496789076307693189375411040397120044336213563505967374089274154395172105420265758452993645832585198070632260101329900383144999881739549,467.819803066,16677181699666569,37.3528178147,47,7,0,,418.042363593,37.3528178147,0.990279496769,0.407870567571,1.52477758043,none_visible,12.5508799098,0.333333333333,12.2175465765,existing_near_power_csv,local_obstruction_before_drift,local_residue_sieve,blocked_unfilled,darmon_granville_ceiling,blocked_unfilled,blocked_unfilled,Z,residue_only,blocked_unfilled,blocked_unfilled,under_test,Q_1009,pass_predefined,81,0,37.3528178147,0.461145898947,blocked_unfilled,control_class=actual_near_miss,37.3528178147,local_obstruction_before_drift
rank72_Q1009_random_root_sets,random_root_sets,72,6,7,3,241,205,248854,15411108481939864,248854,1009,prime_block_le_1009,81,148442751793136438533965338087543801190959757888544388980934356724535496789076307693189375411040397120044336213563505967374089274154395172105420265758452993645832585198070632260101329900383144999881739549,467.819803066,16677181699666569,37.3528178147,47,7,0,,418.042363593,37.3528178147,1.05224910248,0.75109501957,1.46148701202,none_visible,12.5508799098,0.333333333333,12.2175465765,deterministic_seeded_random_sets_same_cardinality,local_obstruction_before_drift,local_residue_sieve,blocked_unfilled,darmon_granville_ceiling,blocked_unfilled,blocked_unfilled,Z,residue_only,blocked_unfilled,blocked_unfilled,negative_control_passed,Q_1009,pass_predefined,81,0,37.3528178147,0.461145898947,blocked_unfilled,control_class=random_root_sets,37.3528178147,local_obstruction_before_drift
rank72_Q1009_exact_power_anchor,exact_power_anchor,72,6,7,3,241,205,248854,15411108481939864,248854,1009,prime_block_le_1009,81,148442751793136438533965338087543801190959757888544388980934356724535496789076307693189375411040397120044336213563505967374089274154395172105420265758452993645832585198070632260101329900383144999881739549,467.819803066,443426488243037769948249630619149892803,88.9875953821,0,0,1,248854,366.407586026,88.9875953821,1.00323778646,0.961014624371,1.05043742739,constructed_exact_power_root,12.5508799098,0.333333333333,12.2175465765,C_from_near_power_row_as_positive_control,positive_control_survivor,local_residue_sieve,blocked_unfilled,darmon_granville_ceiling,blocked_unfilled,blocked_unfilled,Z,survivor_kandidat_requires_overlap_check,blocked_unfilled,blocked_unfilled,positive_control_passed,Q_1009,pass_predefined,81,4.01842043929e-06,88.9875953821,1.09861228867,blocked_unfilled,control_class=exact_power_anchor,88.9875953821,positive_control_survivor
rank73_Q1009_actual_near_miss,actual_near_miss,73,5,6,3,191,206,42483,76673543092587,42483,1009,prime_block_le_1009,81,148442751793136438533965338087543801190959757888544388980934356724535496789076307693189375411040397120044336213563505967374089274154395172105420265758452993645832585198070632260101329900383144999881739549,467.819803066,617673396283947,34.0569809487,49,7,0,,423.105962842,34.0569809487,0.815429221798,0,2.09875845763,none_visible,14.6328228921,0.333333333333,14.2994895587,existing_near_power_csv,local_obstruction_before_drift,local_residue_sieve,blocked_unfilled,darmon_granville_ceiling,blocked_unfilled,blocked_unfilled,Z,residue_only,blocked_unfilled,blocked_unfilled,under_test,Q_1009,pass_predefined,81,0,34.0569809487,0.420456554922,blocked_unfilled,control_class=actual_near_miss,34.0569809487,local_obstruction_before_drift
rank73_Q1009_random_root_sets,random_root_sets,73,5,6,3,191,206,42483,76673543092587,42483,1009,prime_block_le_1009,81,148442751793136438533965338087543801190959757888544388980934356724535496789076307693189375411040397120044336213563505967374089274154395172105420265758452993645832585198070632260101329900383144999881739549,467.819803066,617673396283947,34.0569809487,49,7,0,,423.105962842,34.0569809487,1.00212895616,0,2.2184089322,none_visible,14.6328228921,0.333333333333,14.2994895587,deterministic_seeded_random_sets_same_cardinality,local_obstruction_before_drift,local_residue_sieve,blocked_unfilled,darmon_granville_ceiling,blocked_unfilled,blocked_unfilled,Z,residue_only,blocked_unfilled,blocked_unfilled,negative_control_passed,Q_1009,pass_predefined,81,0,34.0569809487,0.420456554922,blocked_unfilled,control_class=random_root_sets,34.0569809487,local_obstruction_before_drift
rank73_Q1009_exact_power_anchor,exact_power_anchor,73,5,6,3,191,206,42483,76673543092587,42483,1009,prime_block_le_1009,81,148442751793136438533965338087543801190959757888544388980934356724535496789076307693189375411040397120044336213563505967374089274154395172105420265758452993645832585198070632260101329900383144999881739549,467.819803066,147808829414345923316083210206383297601,87.8889830934,0,0,1,42483,369.273960698,87.8889830934,1.04806138142,0.930058297829,1.29908433962,constructed_exact_power_root,14.6328228921,0.333333333333,14.2994895587,C_from_near_power_row_as_positive_control,positive_control_survivor,local_residue_sieve,blocked_unfilled,darmon_granville_ceiling,blocked_unfilled,blocked_unfilled,Z,survivor_kandidat_requires_overlap_check,blocked_unfilled,blocked_unfilled,positive_control_passed,Q_1009,pass_predefined,81,2.35388272956e-05,87.8889830934,1.08504917399,blocked_unfilled,control_class=exact_power_anchor,87.8889830934,positive_control_survivor
rank74_Q1009_actual_near_miss,actual_near_miss,74,7,7,3,92,171,163005,4331145547225125,163005,1009,prime_block_le_1009,81,148442751793136438533965338087543801190959757888544388980934356724535496789076307693189375411040397120044336213563505967374089274154395172105420265758452993645832585198070632260101329900383144999881739549,467.819803066,847288609443,27.4653072167,56,7,0,,428.352959695,27.4653072167,1.01212190151,0.339012777386,2.05404196872,none_visible,12.9933312163,0.333333333333,12.659997883,existing_near_power_csv,local_obstruction_before_drift,local_residue_sieve,blocked_unfilled,darmon_granville_ceiling,blocked_unfilled,blocked_unfilled,Z,residue_only,blocked_unfilled,blocked_unfilled,under_test,Q_1009,pass_predefined,81,0,27.4653072167,0.339077866873,blocked_unfilled,control_class=actual_near_miss,27.4653072167,local_obstruction_before_drift
rank74_Q1009_random_root_sets,random_root_sets,74,7,7,3,92,171,163005,4331145547225125,163005,1009,prime_block_le_1009,81,148442751793136438533965338087543801190959757888544388980934356724535496789076307693189375411040397120044336213563505967374089274154395172105420265758452993645832585198070632260101329900383144999881739549,467.819803066,847288609443,27.4653072167,56,7,0,,428.352959695,27.4653072167,0.999379080624,0,2.42922882393,none_visible,12.9933312163,0.333333333333,12.659997883,deterministic_seeded_random_sets_same_cardinality,local_obstruction_before_drift,local_residue_sieve,blocked_unfilled,darmon_granville_ceiling,blocked_unfilled,blocked_unfilled,Z,residue_only,blocked_unfilled,blocked_unfilled,negative_control_passed,Q_1009,pass_predefined,81,0,27.4653072167,0.339077866873,blocked_unfilled,control_class=random_root_sets,27.4653072167,local_obstruction_before_drift
rank74_Q1009_exact_power_anchor,exact_power_anchor,74,7,7,3,92,171,163005,4331145547225125,163005,1009,prime_block_le_1009,81,148442751793136438533965338087543801190959757888544388980934356724535496789076307693189375411040397120044336213563505967374089274154395172105420265758452993645832585198070632260101329900383144999881739549,467.819803066,443426488243037769948249630619149892803,88.9875953821,0,0,1,163005,366.83067153,88.9875953821,1.00748306971,0.944508859646,1.07909232505,constructed_exact_power_root,12.9933312163,0.333333333333,12.659997883,C_from_near_power_row_as_positive_control,positive_control_survivor,local_residue_sieve,blocked_unfilled,darmon_granville_ceiling,blocked_unfilled,blocked_unfilled,Z,survivor_kandidat_requires_overlap_check,blocked_unfilled,blocked_unfilled,positive_control_passed,Q_1009,pass_predefined,81,6.13478114168e-06,88.9875953821,1.09861228867,blocked_unfilled,control_class=exact_power_anchor,88.9875953821,positive_control_survivor
rank75_Q1009_actual_near_miss,actual_near_miss,75,6,6,3,187,190,44782,89807055379768,44782,1009,prime_block_le_1009,81,148442751793136438533965338087543801190959757888544388980934356724535496789076307693189375411040397120044336213563505967374089274154395172105420265758452993645832585198070632260101329900383144999881739549,467.819803066,94143178827,25.2680826394,58,7,0,,431.842158875,25.2680826394,0.823170745461,0,3.70417181506,none_visible,14.5608140538,0.333333333333,14.2274807204,existing_near_power_csv,local_obstruction_before_drift,local_residue_sieve,blocked_unfilled,darmon_granville_ceiling,blocked_unfilled,blocked_unfilled,Z,residue_only,blocked_unfilled,blocked_unfilled,under_test,Q_1009,pass_predefined,81,0,25.2680826394,0.311951637523,blocked_unfilled,control_class=actual_near_miss,25.2680826394,local_obstruction_before_drift
rank75_Q1009_random_root_sets,random_root_sets,75,6,6,3,187,190,44782,89807055379768,44782,1009,prime_block_le_1009,81,148442751793136438533965338087543801190959757888544388980934356724535496789076307693189375411040397120044336213563505967374089274154395172105420265758452993645832585198070632260101329900383144999881739549,467.819803066,94143178827,25.2680826394,58,7,0,,431.842158875,25.2680826394,0.813526606334,0,2.35817714459,none_visible,14.5608140538,0.333333333333,14.2274807204,deterministic_seeded_random_sets_same_cardinality,local_obstruction_before_drift,local_residue_sieve,blocked_unfilled,darmon_granville_ceiling,blocked_unfilled,blocked_unfilled,Z,residue_only,blocked_unfilled,blocked_unfilled,negative_control_passed,Q_1009,pass_predefined,81,0,25.2680826394,0.311951637523,blocked_unfilled,control_class=random_root_sets,25.2680826394,local_obstruction_before_drift
rank75_Q1009_exact_power_anchor,exact_power_anchor,75,6,6,3,187,190,44782,89807055379768,44782,1009,prime_block_le_1009,81,148442751793136438533965338087543801190959757888544388980934356724535496789076307693189375411040397120044336213563505967374089274154395172105420265758452993645832585198070632260101329900383144999881739549,467.819803066,443426488243037769948249630619149892803,88.9875953821,0,0,1,44782,368.122646132,88.9875953821,0.999525995895,0.821594986081,1.12676472194,constructed_exact_power_root,14.5608140538,0.333333333333,14.2274807204,C_from_near_power_row_as_positive_control,positive_control_survivor,local_residue_sieve,blocked_unfilled,darmon_granville_ceiling,blocked_unfilled,blocked_unfilled,Z,survivor_kandidat_requires_overlap_check,blocked_unfilled,blocked_unfilled,positive_control_passed,Q_1009,pass_predefined,81,2.23304006074e-05,88.9875953821,1.09861228867,blocked_unfilled,control_class=exact_power_anchor,88.9875953821,positive_control_survivor
rank76_Q1009_actual_near_miss,actual_near_miss,76,7,7,3,127,210,264687,18543761579690703,264687,1009,prime_block_le_1009,81,148442751793136438533965338087543801190959757888544388980934356724535496789076307693189375411040397120044336213563505967374089274154395172105420265758452993645832585198070632260101329900383144999881739549,467.819803066,31381059609,24.1694703507,58,31,0,,431.16402944,24.1694703507,0.97242395659,0.515432273675,1.71842465503,none_visible,12.4888792882,0.333333333333,12.1555459549,existing_near_power_csv,local_obstruction_before_drift,local_residue_sieve,blocked_unfilled,darmon_granville_ceiling,blocked_unfilled,blocked_unfilled,Z,residue_only,blocked_unfilled,blocked_unfilled,under_test,Q_1009,pass_predefined,81,0,24.1694703507,0.298388522848,blocked_unfilled,control_class=actual_near_miss,24.1694703507,local_obstruction_before_drift
rank76_Q1009_random_root_sets,random_root_sets,76,7,7,3,127,210,264687,18543761579690703,264687,1009,prime_block_le_1009,81,148442751793136438533965338087543801190959757888544388980934356724535496789076307693189375411040397120044336213563505967374089274154395172105420265758452993645832585198070632260101329900383144999881739549,467.819803066,31381059609,24.1694703507,58,31,0,,431.16402944,24.1694703507,0.973314087426,0.572808218344,1.28858068419,none_visible,12.4888792882,0.333333333333,12.1555459549,deterministic_seeded_random_sets_same_cardinality,local_obstruction_before_drift,local_residue_sieve,blocked_unfilled,darmon_granville_ceiling,blocked_unfilled,blocked_unfilled,Z,residue_only,blocked_unfilled,blocked_unfilled,negative_control_passed,Q_1009,pass_predefined,81,0,24.1694703507,0.298388522848,blocked_unfilled,control_class=random_root_sets,24.1694703507,local_obstruction_before_drift
rank76_Q1009_exact_power_anchor,exact_power_anchor,76,7,7,3,127,210,264687,18543761579690703,264687,1009,prime_block_le_1009,81,148442751793136438533965338087543801190959757888544388980934356724535496789076307693189375411040397120044336213563505967374089274154395172105420265758452993645832585198070632260101329900383144999881739549,467.819803066,443426488243037769948249630619149892803,88.9875953821,0,0,1,264687,366.345904409,88.9875953821,0.999084208336,0.967356412165,1.01508322408,constructed_exact_power_root,12.4888792882,0.333333333333,12.1555459549,C_from_near_power_row_as_positive_control,positive_control_survivor,local_residue_sieve,blocked_unfilled,darmon_granville_ceiling,blocked_unfilled,blocked_unfilled,Z,survivor_kandidat_requires_overlap_check,blocked_unfilled,blocked_unfilled,positive_control_passed,Q_1009,pass_predefined,81,3.77804727848e-06,88.9875953821,1.09861228867,blocked_unfilled,control_class=exact_power_anchor,88.9875953821,positive_control_survivor
rank77_Q1009_actual_near_miss,actual_near_miss,77,7,7,3,89,206,250859,15786616544589779,250859,1009,prime_block_le_1009,81,148442751793136438533965338087543801190959757888544388980934356724535496789076307693189375411040397120044336213563505967374089274154395172105420265758452993645832585198070632260101329900383144999881739549,467.819803066,617673396283947,34.0569809487,50,13,0,,421.33017581,34.0569809487,1.0206378107,0.86500340386,1.5108274635,none_visible,12.5427789467,0.333333333333,12.2094456134,existing_near_power_csv,local_obstruction_before_drift,local_residue_sieve,blocked_unfilled,darmon_granville_ceiling,blocked_unfilled,blocked_unfilled,Z,residue_only,blocked_unfilled,blocked_unfilled,under_test,Q_1009,pass_predefined,81,0,34.0569809487,0.420456554922,blocked_unfilled,control_class=actual_near_miss,34.0569809487,local_obstruction_before_drift
rank77_Q1009_random_root_sets,random_root_sets,77,7,7,3,89,206,250859,15786616544589779,250859,1009,prime_block_le_1009,81,148442751793136438533965338087543801190959757888544388980934356724535496789076307693189375411040397120044336213563505967374089274154395172105420265758452993645832585198070632260101329900383144999881739549,467.819803066,617673396283947,34.0569809487,50,13,0,,421.33017581,34.0569809487,1.00349257359,0.692002723088,1.2593555211,none_visible,12.5427789467,0.333333333333,12.2094456134,deterministic_seeded_random_sets_same_cardinality,local_obstruction_before_drift,local_residue_sieve,blocked_unfilled,darmon_granville_ceiling,blocked_unfilled,blocked_unfilled,Z,residue_only,blocked_unfilled,blocked_unfilled,negative_control_passed,Q_1009,pass_predefined,81,0,34.0569809487,0.420456554922,blocked_unfilled,control_class=random_root_sets,34.0569809487,local_obstruction_before_drift
rank77_Q1009_exact_power_anchor,exact_power_anchor,77,7,7,3,89,206,250859,15786616544589779,250859,1009,prime_block_le_1009,81,148442751793136438533965338087543801190959757888544388980934356724535496789076307693189375411040397120044336213563505967374089274154395172105420265758452993645832585198070632260101329900383144999881739549,467.819803066,147808829414345923316083210206383297601,87.8889830934,0,0,1,250859,367.498173665,87.8889830934,1.00224371652,0.969645630945,1.03666512973,constructed_exact_power_root,12.5427789467,0.333333333333,12.2094456134,C_from_near_power_row_as_positive_control,positive_control_survivor,local_residue_sieve,blocked_unfilled,darmon_granville_ceiling,blocked_unfilled,blocked_unfilled,Z,survivor_kandidat_requires_overlap_check,blocked_unfilled,blocked_unfilled,positive_control_passed,Q_1009,pass_predefined,81,3.98630306268e-06,87.8889830934,1.08504917399,blocked_unfilled,control_class=exact_power_anchor,87.8889830934,positive_control_survivor
rank78_Q1009_actual_near_miss,actual_near_miss,78,6,7,3,199,145,112128,1409750403121152,112128,1009,prime_block_le_1009,81,148442751793136438533965338087543801190959757888544388980934356724535496789076307693189375411040397120044336213563505967374089274154395172105420265758452993645832585198070632260101329900383144999881739549,467.819803066,2541865828329,28.5639195054,54,19,0,,427.628487206,28.5639195054,1.06796605797,0,2.52645488489,none_visible,13.4114232969,0.333333333333,13.0780899635,existing_near_power_csv,local_obstruction_before_drift,local_residue_sieve,blocked_unfilled,darmon_granville_ceiling,blocked_unfilled,blocked_unfilled,Z,residue_only,blocked_unfilled,blocked_unfilled,under_test,Q_1009,pass_predefined,81,0,28.5639195054,0.352640981548,blocked_unfilled,control_class=actual_near_miss,28.5639195054,local_obstruction_before_drift
rank78_Q1009_random_root_sets,random_root_sets,78,6,7,3,199,145,112128,1409750403121152,112128,1009,prime_block_le_1009,81,148442751793136438533965338087543801190959757888544388980934356724535496789076307693189375411040397120044336213563505967374089274154395172105420265758452993645832585198070632260101329900383144999881739549,467.819803066,2541865828329,28.5639195054,54,19,0,,427.628487206,28.5639195054,0.973849826389,0,1.73531341166,none_visible,13.4114232969,0.333333333333,13.0780899635,deterministic_seeded_random_sets_same_cardinality,local_obstruction_before_drift,local_residue_sieve,blocked_unfilled,darmon_granville_ceiling,blocked_unfilled,blocked_unfilled,Z,residue_only,blocked_unfilled,blocked_unfilled,negative_control_passed,Q_1009,pass_predefined,81,0,28.5639195054,0.352640981548,blocked_unfilled,control_class=random_root_sets,28.5639195054,local_obstruction_before_drift
rank78_Q1009_exact_power_anchor,exact_power_anchor,78,6,7,3,199,145,112128,1409750403121152,112128,1009,prime_block_le_1009,81,148442751793136438533965338087543801190959757888544388980934356724535496789076307693189375411040397120044336213563505967374089274154395172105420265758452993645832585198070632260101329900383144999881739549,467.819803066,147808829414345923316083210206383297601,87.8889830934,0,0,1,112128,368.303423618,87.8889830934,1.00890190477,0.935533992897,1.09376981862,constructed_exact_power_root,13.4114232969,0.333333333333,13.0780899635,C_from_near_power_row_as_positive_control,positive_control_survivor,local_residue_sieve,blocked_unfilled,darmon_granville_ceiling,blocked_unfilled,blocked_unfilled,Z,survivor_kandidat_requires_overlap_check,blocked_unfilled,blocked_unfilled,positive_control_passed,Q_1009,pass_predefined,81,8.91837899543e-06,87.8889830934,1.08504917399,blocked_unfilled,control_class=exact_power_anchor,87.8889830934,positive_control_survivor
rank79_Q1009_actual_near_miss,actual_near_miss,79,5,6,3,143,168,28249,22542871522249,28249,1009,prime_block_le_1009,81,148442751793136438533965338087543801190959757888544388980934356724535496789076307693189375411040397120044336213563505967374089274154395172105420265758452993645832585198070632260101329900383144999881739549,467.819803066,22876792454961,30.7611440827,53,7,0,,426.809845645,30.7611440827,0.906771036143,0,2.36731683717,none_visible,15.21541365,0.333333333333,14.8820803167,existing_near_power_csv,local_obstruction_before_drift,local_residue_sieve,blocked_unfilled,darmon_granville_ceiling,blocked_unfilled,blocked_unfilled,Z,residue_only,blocked_unfilled,blocked_unfilled,under_test,Q_1009,pass_predefined,81,0,30.7611440827,0.379767210898,blocked_unfilled,control_class=actual_near_miss,30.7611440827,local_obstruction_before_drift
rank79_Q1009_random_root_sets,random_root_sets,79,5,6,3,143,168,28249,22542871522249,28249,1009,prime_block_le_1009,81,148442751793136438533965338087543801190959757888544388980934356724535496789076307693189375411040397120044336213563505967374089274154395172105420265758452993645832585198070632260101329900383144999881739549,467.819803066,22876792454961,30.7611440827,53,7,0,,426.809845645,30.7611440827,0.746173250315,0,3.63472059975,none_visible,15.21541365,0.333333333333,14.8820803167,deterministic_seeded_random_sets_same_cardinality,local_obstruction_before_drift,local_residue_sieve,blocked_unfilled,darmon_granville_ceiling,blocked_unfilled,blocked_unfilled,Z,residue_only,blocked_unfilled,blocked_unfilled,negative_control_passed,Q_1009,pass_predefined,81,0,30.7611440827,0.379767210898,blocked_unfilled,control_class=random_root_sets,30.7611440827,local_obstruction_before_drift
rank79_Q1009_exact_power_anchor,exact_power_anchor,79,5,6,3,143,168,28249,22542871522249,28249,1009,prime_block_le_1009,81,148442751793136438533965338087543801190959757888544388980934356724535496789076307693189375411040397120044336213563505967374089274154395172105420265758452993645832585198070632260101329900383144999881739549,467.819803066,147808829414345923316083210206383297601,87.8889830934,0,0,1,28249,369.682006635,87.8889830934,1.07265399758,0.906391966677,1.40602420538,constructed_exact_power_root,15.21541365,0.333333333333,14.8820803167,C_from_near_power_row_as_positive_control,positive_control_survivor,local_residue_sieve,blocked_unfilled,darmon_granville_ceiling,blocked_unfilled,blocked_unfilled,Z,survivor_kandidat_requires_overlap_check,blocked_unfilled,blocked_unfilled,positive_control_passed,Q_1009,pass_predefined,81,3.53994831675e-05,87.8889830934,1.08504917399,blocked_unfilled,control_class=exact_power_anchor,87.8889830934,positive_control_survivor
rank80_Q1009_actual_near_miss,actual_near_miss,80,6,7,4,220,103,3921,236367286326081,3921,1009,prime_block_le_1009,168,9883326855402037591071935385995119237769544071052336268948774388464692156613644748904309606814293831245297812573737471660766117746371102064423456768885161432286497987467827050297144528442873088837053363555505746083646800378861291436855041666704610624315412063093301501729007973506838237506477051903879849849069942384994070557970314845526910370320580570131817760395064723644436433536440921569283170173653219381073021595,962.46883296,9671406556917033397649408,57.5312159865,102,3,0,,896.663514971,57.5312159865,0.859793420046,0,2.08209002805,none_visible,29.0807640724,0.25,28.8307640724,existing_near_power_csv,local_obstruction_before_drift,local_residue_sieve,blocked_unfilled,darmon_granville_ceiling,blocked_unfilled,blocked_unfilled,Z,residue_only,blocked_unfilled,blocked_unfilled,under_test,Q_1009,pass_predefined,168,0,57.5312159865,0.342447714205,blocked_unfilled,control_class=actual_near_miss,57.5312159865,local_obstruction_before_drift
rank80_Q1009_random_root_sets,random_root_sets,80,6,7,4,220,103,3921,236367286326081,3921,1009,prime_block_le_1009,168,9883326855402037591071935385995119237769544071052336268948774388464692156613644748904309606814293831245297812573737471660766117746371102064423456768885161432286497987467827050297144528442873088837053363555505746083646800378861291436855041666704610624315412063093301501729007973506838237506477051903879849849069942384994070557970314845526910370320580570131817760395064723644436433536440921569283170173653219381073021595,962.46883296,9671406556917033397649408,57.5312159865,102,3,0,,896.663514971,57.5312159865,1.03867994453,0,2.27116806937,none_visible,29.0807640724,0.25,28.8307640724,deterministic_seeded_random_sets_same_cardinality,local_obstruction_before_drift,local_residue_sieve,blocked_unfilled,darmon_granville_ceiling,blocked_unfilled,blocked_unfilled,Z,residue_only,blocked_unfilled,blocked_unfilled,negative_control_passed,Q_1009,pass_predefined,168,0,57.5312159865,0.342447714205,blocked_unfilled,control_class=random_root_sets,57.5312159865,local_obstruction_before_drift
rank80_Q1009_exact_power_anchor,exact_power_anchor,80,6,7,4,220,103,3921,236367286326081,3921,1009,prime_block_le_1009,168,9883326855402037591071935385995119237769544071052336268948774388464692156613644748904309606814293831245297812573737471660766117746371102064423456768885161432286497987467827050297144528442873088837053363555505746083646800378861291436855041666704610624315412063093301501729007973506838237506477051903879849849069942384994070557970314845526910370320580570131817760395064723644436433536440921569283170173653219381073021595,962.46883296,452312848583266388373324160190187140051835877600158453279131187530910662656,171.900500779,0,0,1,3921,782.294230179,171.900500779,1.04642470033,0.897188217292,1.32185666922,constructed_exact_power_root,29.0807640724,0.25,28.8307640724,C_from_near_power_row_as_positive_control,positive_control_survivor,local_residue_sieve,blocked_unfilled,darmon_granville_ceiling,blocked_unfilled,blocked_unfilled,Z,survivor_kandidat_requires_overlap_check,blocked_unfilled,blocked_unfilled,positive_control_passed,Q_1009,pass_predefined,168,0.000255036980362,171.900500779,1.02321726654,blocked_unfilled,control_class=exact_power_anchor,171.900500779,positive_control_survivor
rank81_Q1009_actual_near_miss,actual_near_miss,81,7,7,3,184,185,244169,14556989663478809,244169,1009,prime_block_le_1009,81,148442751793136438533965338087543801190959757888544388980934356724535496789076307693189375411040397120044336213563505967374089274154395172105420265758452993645832585198070632260101329900383144999881739549,467.819803066,282429536481,26.366694928,57,7,0,,429.04749225,26.366694928,0.93221977025,0,1.8313431362,none_visible,12.5701082292,0.333333333333,12.2367748959,existing_near_power_csv,local_obstruction_before_drift,local_residue_sieve,blocked_unfilled,darmon_granville_ceiling,blocked_unfilled,blocked_unfilled,Z,residue_only,blocked_unfilled,blocked_unfilled,under_test,Q_1009,pass_predefined,81,0,26.366694928,0.325514752198,blocked_unfilled,control_class=actual_near_miss,26.366694928,local_obstruction_before_drift
rank81_Q1009_random_root_sets,random_root_sets,81,7,7,3,184,185,244169,14556989663478809,244169,1009,prime_block_le_1009,81,148442751793136438533965338087543801190959757888544388980934356724535496789076307693189375411040397120044336213563505967374089274154395172105420265758452993645832585198070632260101329900383144999881739549,467.819803066,282429536481,26.366694928,57,7,0,,429.04749225,26.366694928,0.997243910198,0.505006323034,1.46507450896,none_visible,12.5701082292,0.333333333333,12.2367748959,deterministic_seeded_random_sets_same_cardinality,local_obstruction_before_drift,local_residue_sieve,blocked_unfilled,darmon_granville_ceiling,blocked_unfilled,blocked_unfilled,Z,residue_only,blocked_unfilled,blocked_unfilled,negative_control_passed,Q_1009,pass_predefined,81,0,26.366694928,0.325514752198,blocked_unfilled,control_class=random_root_sets,26.366694928,local_obstruction_before_drift
rank81_Q1009_exact_power_anchor,exact_power_anchor,81,7,7,3,184,185,244169,14556989663478809,244169,1009,prime_block_le_1009,81,148442751793136438533965338087543801190959757888544388980934356724535496789076307693189375411040397120044336213563505967374089274154395172105420265758452993645832585198070632260101329900383144999881739549,467.819803066,49269609804781974438694403402127765867,86.7903708048,0,0,1,244169,368.623816374,86.7903708048,1.00549797552,0.97447942477,1.04719545342,constructed_exact_power_root,12.5701082292,0.333333333333,12.2367748959,C_from_near_power_row_as_positive_control,positive_control_survivor,local_residue_sieve,blocked_unfilled,darmon_granville_ceiling,blocked_unfilled,blocked_unfilled,Z,survivor_kandidat_requires_overlap_check,blocked_unfilled,blocked_unfilled,positive_control_passed,Q_1009,pass_predefined,81,4.09552400182e-06,86.7903708048,1.07148605932,blocked_unfilled,control_class=exact_power_anchor,86.7903708048,positive_control_survivor
rank82_Q1009_actual_near_miss,actual_near_miss,82,7,7,3,124,215,278867,21686595244340363,278867,1009,prime_block_le_1009,81,148442751793136438533965338087543801190959757888544388980934356724535496789076307693189375411040397120044336213563505967374089274154395172105420265758452993645832585198070632260101329900383144999881739549,467.819803066,2541865828329,28.5639195054,55,7,0,,426.717393316,28.5639195054,1.01162637732,0.663256438852,1.32844370654,none_visible,12.4368988062,0.333333333333,12.1035654729,existing_near_power_csv,local_obstruction_before_drift,local_residue_sieve,blocked_unfilled,darmon_granville_ceiling,blocked_unfilled,blocked_unfilled,Z,residue_only,blocked_unfilled,blocked_unfilled,under_test,Q_1009,pass_predefined,81,0,28.5639195054,0.352640981548,blocked_unfilled,control_class=actual_near_miss,28.5639195054,local_obstruction_before_drift
rank82_Q1009_random_root_sets,random_root_sets,82,7,7,3,124,215,278867,21686595244340363,278867,1009,prime_block_le_1009,81,148442751793136438533965338087543801190959757888544388980934356724535496789076307693189375411040397120044336213563505967374089274154395172105420265758452993645832585198070632260101329900383144999881739549,467.819803066,2541865828329,28.5639195054,55,7,0,,426.717393316,28.5639195054,0.974607801223,0.41413369894,1.48232510679,none_visible,12.4368988062,0.333333333333,12.1035654729,deterministic_seeded_random_sets_same_cardinality,local_obstruction_before_drift,local_residue_sieve,blocked_unfilled,darmon_granville_ceiling,blocked_unfilled,blocked_unfilled,Z,residue_only,blocked_unfilled,blocked_unfilled,negative_control_passed,Q_1009,pass_predefined,81,0,28.5639195054,0.352640981548,blocked_unfilled,control_class=random_root_sets,28.5639195054,local_obstruction_before_drift
rank82_Q1009_exact_power_anchor,exact_power_anchor,82,7,7,3,124,215,278867,21686595244340363,278867,1009,prime_block_le_1009,81,148442751793136438533965338087543801190959757888544388980934356724535496789076307693189375411040397120044336213563505967374089274154395172105420265758452993645832585198070632260101329900383144999881739549,467.819803066,443426488243037769948249630619149892803,88.9875953821,0,0,1,278867,366.293717439,88.9875953821,1.00441306217,0.976656733616,1.05398989482,constructed_exact_power_root,12.4368988062,0.333333333333,12.1035654729,C_from_near_power_row_as_positive_control,positive_control_survivor,local_residue_sieve,blocked_unfilled,darmon_granville_ceiling,blocked_unfilled,blocked_unfilled,Z,survivor_kandidat_requires_overlap_check,blocked_unfilled,blocked_unfilled,positive_control_passed,Q_1009,pass_predefined,81,3.58593881671e-06,88.9875953821,1.09861228867,blocked_unfilled,control_class=exact_power_anchor,88.9875953821,positive_control_survivor
rank83_Q1009_actual_near_miss,actual_near_miss,83,6,6,3,97,250,62571,244973601795411,62571,1009,prime_block_le_1009,81,148442751793136438533965338087543801190959757888544388980934356724535496789076307693189375411040397120044336213563505967374089274154395172105420265758452993645832585198070632260101329900383144999881739549,467.819803066,31381059609,24.1694703507,57,7,0,,432.606275524,24.1694703507,0.927427756079,0,2.4741635724,none_visible,14.1198050371,0.333333333333,13.7864717038,existing_near_power_csv,local_obstruction_before_drift,local_residue_sieve,blocked_unfilled,darmon_granville_ceiling,blocked_unfilled,blocked_unfilled,Z,residue_only,blocked_unfilled,blocked_unfilled,under_test,Q_1009,pass_predefined,81,0,24.1694703507,0.298388522848,blocked_unfilled,control_class=actual_near_miss,24.1694703507,local_obstruction_before_drift
rank83_Q1009_random_root_sets,random_root_sets,83,6,6,3,97,250,62571,244973601795411,62571,1009,prime_block_le_1009,81,148442751793136438533965338087543801190959757888544388980934356724535496789076307693189375411040397120044336213563505967374089274154395172105420265758452993645832585198070632260101329900383144999881739549,467.819803066,31381059609,24.1694703507,57,7,0,,432.606275524,24.1694703507,0.970080288309,0,2.18037464995,none_visible,14.1198050371,0.333333333333,13.7864717038,deterministic_seeded_random_sets_same_cardinality,local_obstruction_before_drift,local_residue_sieve,blocked_unfilled,darmon_granville_ceiling,blocked_unfilled,blocked_unfilled,Z,residue_only,blocked_unfilled,blocked_unfilled,negative_control_passed,Q_1009,pass_predefined,81,0,24.1694703507,0.298388522848,blocked_unfilled,control_class=random_root_sets,24.1694703507,local_obstruction_before_drift
rank83_Q1009_exact_power_anchor,exact_power_anchor,83,6,6,3,97,250,62571,244973601795411,62571,1009,prime_block_le_1009,81,148442751793136438533965338087543801190959757888544388980934356724535496789076307693189375411040397120044336213563505967374089274154395172105420265758452993645832585198070632260101329900383144999881739549,467.819803066,443426488243037769948249630619149892803,88.9875953821,0,0,1,62571,367.788150493,88.9875953821,1.01616637574,0.886621242713,1.17602936398,constructed_exact_power_root,14.1198050371,0.333333333333,13.7864717038,C_from_near_power_row_as_positive_control,positive_control_survivor,local_residue_sieve,blocked_unfilled,darmon_granville_ceiling,blocked_unfilled,blocked_unfilled,Z,survivor_kandidat_requires_overlap_check,blocked_unfilled,blocked_unfilled,positive_control_passed,Q_1009,pass_predefined,81,1.59818446245e-05,88.9875953821,1.09861228867,blocked_unfilled,control_class=exact_power_anchor,88.9875953821,positive_control_survivor
rank84_Q1009_actual_near_miss,actual_near_miss,84,6,7,3,223,227,314750,31181515296875000,314750,1009,prime_block_le_1009,81,148442751793136438533965338087543801190959757888544388980934356724535496789076307693189375411040397120044336213563505967374089274154395172105420265758452993645832585198070632260101329900383144999881739549,467.819803066,3486784401,21.9722457734,61,7,0,,433.188023341,21.9722457734,1.030248754,0.900234048186,1.2832636131,none_visible,12.3179838174,0.333333333333,11.9846504841,existing_near_power_csv,local_obstruction_before_drift,local_residue_sieve,blocked_unfilled,darmon_granville_ceiling,blocked_unfilled,blocked_unfilled,Z,residue_only,blocked_unfilled,blocked_unfilled,under_test,Q_1009,pass_predefined,81,0,21.9722457734,0.271262293498,blocked_unfilled,control_class=actual_near_miss,21.9722457734,local_obstruction_before_drift
rank84_Q1009_random_root_sets,random_root_sets,84,6,7,3,223,227,314750,31181515296875000,314750,1009,prime_block_le_1009,81,148442751793136438533965338087543801190959757888544388980934356724535496789076307693189375411040397120044336213563505967374089274154395172105420265758452993645832585198070632260101329900383144999881739549,467.819803066,3486784401,21.9722457734,61,7,0,,433.188023341,21.9722457734,0.986896645904,0.235620157091,1.47749960286,none_visible,12.3179838174,0.333333333333,11.9846504841,deterministic_seeded_random_sets_same_cardinality,local_obstruction_before_drift,local_residue_sieve,blocked_unfilled,darmon_granville_ceiling,blocked_unfilled,blocked_unfilled,Z,residue_only,blocked_unfilled,blocked_unfilled,negative_control_passed,Q_1009,pass_predefined,81,0,21.9722457734,0.271262293498,blocked_unfilled,control_class=random_root_sets,21.9722457734,local_obstruction_before_drift
rank84_Q1009_exact_power_anchor,exact_power_anchor,84,6,7,3,223,227,314750,31181515296875000,314750,1009,prime_block_le_1009,81,148442751793136438533965338087543801190959757888544388980934356724535496789076307693189375411040397120044336213563505967374089274154395172105420265758452993645832585198070632260101329900383144999881739549,467.819803066,443426488243037769948249630619149892803,88.9875953821,0,0,1,314750,366.172673732,88.9875953821,1.00397517136,0.948652722619,1.03042344012,constructed_exact_power_root,12.3179838174,0.333333333333,11.9846504841,C_from_near_power_row_as_positive_control,positive_control_survivor,local_residue_sieve,blocked_unfilled,darmon_granville_ceiling,blocked_unfilled,blocked_unfilled,Z,survivor_kandidat_requires_overlap_check,blocked_unfilled,blocked_unfilled,positive_control_passed,Q_1009,pass_predefined,81,3.17712470214e-06,88.9875953821,1.09861228867,blocked_unfilled,control_class=exact_power_anchor,88.9875953821,positive_control_survivor
rank85_Q1009_actual_near_miss,actual_near_miss,85,7,7,3,97,241,361649,47300072421042449,361649,1009,prime_block_le_1009,81,148442751793136438533965338087543801190959757888544388980934356724535496789076307693189375411040397120044336213563505967374089274154395172105420265758452993645832585198070632260101329900383144999881739549,467.819803066,1853020188851841,35.1555932374,48,7,0,,419.865780421,35.1555932374,1.01538294549,0.897013709733,1.28289891887,none_visible,12.1843024167,0.333333333333,11.8509690833,existing_near_power_csv,local_obstruction_before_drift,local_residue_sieve,blocked_unfilled,darmon_granville_ceiling,blocked_unfilled,blocked_unfilled,Z,residue_only,blocked_unfilled,blocked_unfilled,under_test,Q_1009,pass_predefined,81,0,35.1555932374,0.434019669597,blocked_unfilled,control_class=actual_near_miss,35.1555932374,local_obstruction_before_drift
rank85_Q1009_random_root_sets,random_root_sets,85,7,7,3,97,241,361649,47300072421042449,361649,1009,prime_block_le_1009,81,148442751793136438533965338087543801190959757888544388980934356724535496789076307693189375411040397120044336213563505967374089274154395172105420265758452993645832585198070632260101329900383144999881739549,467.819803066,1853020188851841,35.1555932374,48,7,0,,419.865780421,35.1555932374,1.01491089222,0.900582547657,1.19275534504,none_visible,12.1843024167,0.333333333333,11.8509690833,deterministic_seeded_random_sets_same_cardinality,local_obstruction_before_drift,local_residue_sieve,blocked_unfilled,darmon_granville_ceiling,blocked_unfilled,blocked_unfilled,Z,residue_only,blocked_unfilled,blocked_unfilled,negative_control_passed,Q_1009,pass_predefined,81,0,35.1555932374,0.434019669597,blocked_unfilled,control_class=random_root_sets,35.1555932374,local_obstruction_before_drift
rank85_Q1009_exact_power_anchor,exact_power_anchor,85,7,7,3,97,241,361649,47300072421042449,361649,1009,prime_block_le_1009,81,148442751793136438533965338087543801190959757888544388980934356724535496789076307693189375411040397120044336213563505967374089274154395172105420265758452993645832585198070632260101329900383144999881739549,467.819803066,443426488243037769948249630619149892803,88.9875953821,0,0,1,361649,366.033778277,88.9875953821,1.00100693603,0.990571275217,1.02211751665,constructed_exact_power_root,12.1843024167,0.333333333333,11.8509690833,C_from_near_power_row_as_positive_control,positive_control_survivor,local_residue_sieve,blocked_unfilled,darmon_granville_ceiling,blocked_unfilled,blocked_unfilled,Z,survivor_kandidat_requires_overlap_check,blocked_unfilled,blocked_unfilled,positive_control_passed,Q_1009,pass_predefined,81,2.76511202851e-06,88.9875953821,1.09861228867,blocked_unfilled,control_class=exact_power_anchor,88.9875953821,positive_control_survivor
rank86_Q1009_actual_near_miss,actual_near_miss,86,7,7,3,183,202,274114,20596510676193544,274114,1009,prime_block_le_1009,81,148442751793136438533965338087543801190959757888544388980934356724535496789076307693189375411040397120044336213563505967374089274154395172105420265758452993645832585198070632260101329900383144999881739549,467.819803066,94143178827,25.2680826394,57,13,0,,430.030421069,25.2680826394,0.969522113212,0,1.4220668935,none_visible,12.4539738174,0.333333333333,12.1206404841,existing_near_power_csv,local_obstruction_before_drift,local_residue_sieve,blocked_unfilled,darmon_granville_ceiling,blocked_unfilled,blocked_unfilled,Z,residue_only,blocked_unfilled,blocked_unfilled,under_test,Q_1009,pass_predefined,81,0,25.2680826394,0.311951637523,blocked_unfilled,control_class=actual_near_miss,25.2680826394,local_obstruction_before_drift
rank86_Q1009_random_root_sets,random_root_sets,86,7,7,3,183,202,274114,20596510676193544,274114,1009,prime_block_le_1009,81,148442751793136438533965338087543801190959757888544388980934356724535496789076307693189375411040397120044336213563505967374089274154395172105420265758452993645832585198070632260101329900383144999881739549,467.819803066,94143178827,25.2680826394,57,13,0,,430.030421069,25.2680826394,1.03993867074,0.390794016764,2.48861706362,none_visible,12.4539738174,0.333333333333,12.1206404841,deterministic_seeded_random_sets_same_cardinality,local_obstruction_before_drift,local_residue_sieve,blocked_unfilled,darmon_granville_ceiling,blocked_unfilled,blocked_unfilled,Z,residue_only,blocked_unfilled,blocked_unfilled,negative_control_passed,Q_1009,pass_predefined,81,0,25.2680826394,0.311951637523,blocked_unfilled,control_class=random_root_sets,25.2680826394,local_obstruction_before_drift
rank86_Q1009_exact_power_anchor,exact_power_anchor,86,7,7,3,183,202,274114,20596510676193544,274114,1009,prime_block_le_1009,81,148442751793136438533965338087543801190959757888544388980934356724535496789076307693189375411040397120044336213563505967374089274154395172105420265758452993645832585198070632260101329900383144999881739549,467.819803066,443426488243037769948249630619149892803,88.9875953821,0,0,1,274114,366.310908327,88.9875953821,1.0049237253,0.991197498527,1.03499111886,constructed_exact_power_root,12.4539738174,0.333333333333,12.1206404841,C_from_near_power_row_as_positive_control,positive_control_survivor,local_residue_sieve,blocked_unfilled,darmon_granville_ceiling,blocked_unfilled,blocked_unfilled,Z,survivor_kandidat_requires_overlap_check,blocked_unfilled,blocked_unfilled,positive_control_passed,Q_1009,pass_predefined,81,3.64811720671e-06,88.9875953821,1.09861228867,blocked_unfilled,control_class=exact_power_anchor,88.9875953821,positive_control_survivor
rank87_Q1009_actual_near_miss,actual_near_miss,87,6,6,3,106,207,43105,80090858382625,43105,1009,prime_block_le_1009,81,148442751793136438533965338087543801190959757888544388980934356724535496789076307693189375411040397120044336213563505967374089274154395172105420265758452993645832585198070632260101329900383144999881739549,467.819803066,7625597484987,29.662531794,50,7,0,,427.485876993,29.662531794,1.0748393243,0,2.09170372089,none_visible,14.6128922129,0.333333333333,14.2795588796,existing_near_power_csv,local_obstruction_before_drift,local_residue_sieve,blocked_unfilled,darmon_granville_ceiling,blocked_unfilled,blocked_unfilled,Z,residue_only,blocked_unfilled,blocked_unfilled,under_test,Q_1009,pass_predefined,81,0,29.662531794,0.366204096223,blocked_unfilled,control_class=actual_near_miss,29.662531794,local_obstruction_before_drift
rank87_Q1009_random_root_sets,random_root_sets,87,6,6,3,106,207,43105,80090858382625,43105,1009,prime_block_le_1009,81,148442751793136438533965338087543801190959757888544388980934356724535496789076307693189375411040397120044336213563505967374089274154395172105420265758452993645832585198070632260101329900383144999881739549,467.819803066,7625597484987,29.662531794,50,7,0,,427.485876993,29.662531794,0.916102690674,0,2.09170372089,none_visible,14.6128922129,0.333333333333,14.2795588796,deterministic_seeded_random_sets_same_cardinality,local_obstruction_before_drift,local_residue_sieve,blocked_unfilled,darmon_granville_ceiling,blocked_unfilled,blocked_unfilled,Z,residue_only,blocked_unfilled,blocked_unfilled,negative_control_passed,Q_1009,pass_predefined,81,0,29.662531794,0.366204096223,blocked_unfilled,control_class=random_root_sets,29.662531794,local_obstruction_before_drift
rank87_Q1009_exact_power_anchor,exact_power_anchor,87,6,6,3,106,207,43105,80090858382625,43105,1009,prime_block_le_1009,81,148442751793136438533965338087543801190959757888544388980934356724535496789076307693189375411040397120044336213563505967374089274154395172105420265758452993645832585198070632260101329900383144999881739549,467.819803066,147808829414345923316083210206383297601,87.8889830934,0,0,1,43105,369.259425694,87.8889830934,1.02047766651,0.711299282115,1.18801376484,constructed_exact_power_root,14.6128922129,0.333333333333,14.2795588796,C_from_near_power_row_as_positive_control,positive_control_survivor,local_residue_sieve,blocked_unfilled,darmon_granville_ceiling,blocked_unfilled,blocked_unfilled,Z,survivor_kandidat_requires_overlap_check,blocked_unfilled,blocked_unfilled,positive_control_passed,Q_1009,pass_predefined,81,2.31991648301e-05,87.8889830934,1.08504917399,blocked_unfilled,control_class=exact_power_anchor,87.8889830934,positive_control_survivor
rank88_Q1009_actual_near_miss,actual_near_miss,88,4,5,3,121,76,1401,2749884201,1401,1009,prime_block_le_1009,81,148442751793136438533965338087543801190959757888544388980934356724535496789076307693189375411040397120044336213563505967374089274154395172105420265758452993645832585198070632260101329900383144999881739549,467.819803066,617673396283947,34.0569809487,50,13,0,,426.517880571,34.0569809487,2.06364831998,0,27.2163533984,none_visible,21.5239741215,0.333333333333,21.1906407882,existing_near_power_csv,local_obstruction_before_drift,local_residue_sieve,blocked_unfilled,darmon_granville_ceiling,blocked_unfilled,blocked_unfilled,Z,residue_only,blocked_unfilled,blocked_unfilled,under_test,Q_1009,pass_predefined,81,0,34.0569809487,0.420456554922,blocked_unfilled,control_class=actual_near_miss,34.0569809487,local_obstruction_before_drift
rank88_Q1009_random_root_sets,random_root_sets,88,4,5,3,121,76,1401,2749884201,1401,1009,prime_block_le_1009,81,148442751793136438533965338087543801190959757888544388980934356724535496789076307693189375411040397120044336213563505967374089274154395172105420265758452993645832585198070632260101329900383144999881739549,467.819803066,617673396283947,34.0569809487,50,13,0,,426.517880571,34.0569809487,0.445019430565,0,5.00507573955,none_visible,21.5239741215,0.333333333333,21.1906407882,deterministic_seeded_random_sets_same_cardinality,local_obstruction_before_drift,local_residue_sieve,blocked_unfilled,darmon_granville_ceiling,blocked_unfilled,blocked_unfilled,Z,residue_only,blocked_unfilled,blocked_unfilled,negative_control_passed,Q_1009,pass_predefined,81,0,34.0569809487,0.420456554922,blocked_unfilled,control_class=random_root_sets,34.0569809487,local_obstruction_before_drift
rank88_Q1009_exact_power_anchor,exact_power_anchor,88,4,5,3,121,76,1401,2749884201,1401,1009,prime_block_le_1009,81,148442751793136438533965338087543801190959757888544388980934356724535496789076307693189375411040397120044336213563505967374089274154395172105420265758452993645832585198070632260101329900383144999881739549,467.819803066,443426488243037769948249630619149892803,88.9875953821,0,0,1,1401,371.587266137,88.9875953821,2.48580709546,0.648267110794,4.99381394242,constructed_exact_power_root,21.5239741215,0.333333333333,21.1906407882,C_from_near_power_row_as_positive_control,positive_control_survivor,local_residue_sieve,blocked_unfilled,darmon_granville_ceiling,blocked_unfilled,blocked_unfilled,Z,survivor_kandidat_requires_overlap_check,blocked_unfilled,blocked_unfilled,positive_control_passed,Q_1009,pass_predefined,81,0.000713775874375,88.9875953821,1.09861228867,blocked_unfilled,control_class=exact_power_anchor,88.9875953821,positive_control_survivor
rank89_Q1009_actual_near_miss,actual_near_miss,89,7,7,4,121,246,15307,54898481099454001,15307,1009,prime_block_le_1009,168,9883326855402037591071935385995119237769544071052336268948774388464692156613644748904309606814293831245297812573737471660766117746371102064423456768885161432286497987467827050297144528442873088837053363555505746083646800378861291436855041666704610624315412063093301501729007973506838237506477051903879849849069942384994070557970314845526910370320580570131817760395064723644436433536440921569283170173653219381073021595,962.46883296,309485009821345068724781056,60.9969518893,98,5,0,,891.835815551,60.9969518893,0.989685751072,0,1.65412066375,none_visible,24.9704827933,0.25,24.7204827933,existing_near_power_csv,local_obstruction_before_drift,local_residue_sieve,blocked_unfilled,darmon_granville_ceiling,blocked_unfilled,blocked_unfilled,Z,residue_only,blocked_unfilled,blocked_unfilled,under_test,Q_1009,pass_predefined,168,0,60.9969518893,0.363077094579,blocked_unfilled,control_class=actual_near_miss,60.9969518893,local_obstruction_before_drift
rank89_Q1009_random_root_sets,random_root_sets,89,7,7,4,121,246,15307,54898481099454001,15307,1009,prime_block_le_1009,168,9883326855402037591071935385995119237769544071052336268948774388464692156613644748904309606814293831245297812573737471660766117746371102064423456768885161432286497987467827050297144528442873088837053363555505746083646800378861291436855041666704610624315412063093301501729007973506838237506477051903879849849069942384994070557970314845526910370320580570131817760395064723644436433536440921569283170173653219381073021595,962.46883296,309485009821345068724781056,60.9969518893,98,5,0,,891.835815551,60.9969518893,0.965697543063,0,1.74532893447,none_visible,24.9704827933,0.25,24.7204827933,deterministic_seeded_random_sets_same_cardinality,local_obstruction_before_drift,local_residue_sieve,blocked_unfilled,darmon_granville_ceiling,blocked_unfilled,blocked_unfilled,Z,residue_only,blocked_unfilled,blocked_unfilled,negative_control_passed,Q_1009,pass_predefined,168,0,60.9969518893,0.363077094579,blocked_unfilled,control_class=random_root_sets,60.9969518893,local_obstruction_before_drift
rank89_Q1009_exact_power_anchor,exact_power_anchor,89,7,7,4,121,246,15307,54898481099454001,15307,1009,prime_block_le_1009,168,9883326855402037591071935385995119237769544071052336268948774388464692156613644748904309606814293831245297812573737471660766117746371102064423456768885161432286497987467827050297144528442873088837053363555505746083646800378861291436855041666704610624315412063093301501729007973506838237506477051903879849849069942384994070557970314845526910370320580570131817760395064723644436433536440921569283170173653219381073021595,962.46883296,904625697166532776746648320380374280103671755200316906558262375061821325312,172.593647959,0,0,1,15307,780.239119481,172.593647959,1.01275849421,0.988983798262,1.07091526752,constructed_exact_power_root,24.9704827933,0.25,24.7204827933,C_from_near_power_row_as_positive_control,positive_control_survivor,local_residue_sieve,blocked_unfilled,darmon_granville_ceiling,blocked_unfilled,blocked_unfilled,Z,survivor_kandidat_requires_overlap_check,blocked_unfilled,blocked_unfilled,positive_control_passed,Q_1009,pass_predefined,168,6.53295877703e-05,172.593647959,1.02734314262,blocked_unfilled,control_class=exact_power_anchor,172.593647959,positive_control_survivor
rank90_Q1009_actual_near_miss,actual_near_miss,90,7,7,3,158,193,231663,12432830941751247,231663,1009,prime_block_le_1009,81,148442751793136438533965338087543801190959757888544388980934356724535496789076307693189375411040397120044336213563505967374089274154395172105420265758452993645832585198070632260101329900383144999881739549,467.819803066,617673396283947,34.0569809487,49,31,0,,421.409783109,34.0569809487,0.994237059068,0.572695395179,1.44168420891,none_visible,12.6236089961,0.333333333333,12.2902756627,existing_near_power_csv,local_obstruction_before_drift,local_residue_sieve,blocked_unfilled,darmon_granville_ceiling,blocked_unfilled,blocked_unfilled,Z,residue_only,blocked_unfilled,blocked_unfilled,under_test,Q_1009,pass_predefined,81,0,34.0569809487,0.420456554922,blocked_unfilled,control_class=actual_near_miss,34.0569809487,local_obstruction_before_drift
rank90_Q1009_random_root_sets,random_root_sets,90,7,7,3,158,193,231663,12432830941751247,231663,1009,prime_block_le_1009,81,148442751793136438533965338087543801190959757888544388980934356724535496789076307693189375411040397120044336213563505967374089274154395172105420265758452993645832585198070632260101329900383144999881739549,467.819803066,617673396283947,34.0569809487,49,31,0,,421.409783109,34.0569809487,0.991676247154,0.622655898151,1.17588096119,none_visible,12.6236089961,0.333333333333,12.2902756627,deterministic_seeded_random_sets_same_cardinality,local_obstruction_before_drift,local_residue_sieve,blocked_unfilled,darmon_granville_ceiling,blocked_unfilled,blocked_unfilled,Z,residue_only,blocked_unfilled,blocked_unfilled,negative_control_passed,Q_1009,pass_predefined,81,0,34.0569809487,0.420456554922,blocked_unfilled,control_class=random_root_sets,34.0569809487,local_obstruction_before_drift
rank90_Q1009_exact_power_anchor,exact_power_anchor,90,7,7,3,158,193,231663,12432830941751247,231663,1009,prime_block_le_1009,81,148442751793136438533965338087543801190959757888544388980934356724535496789076307693189375411040397120044336213563505967374089274154395172105420265758452993645832585198070632260101329900383144999881739549,467.819803066,147808829414345923316083210206383297601,87.8889830934,0,0,1,231663,367.577780964,87.8889830934,1.00620489437,0.989228606496,1.05879853254,constructed_exact_power_root,12.6236089961,0.333333333333,12.2902756627,C_from_near_power_row_as_positive_control,positive_control_survivor,local_residue_sieve,blocked_unfilled,darmon_granville_ceiling,blocked_unfilled,blocked_unfilled,Z,survivor_kandidat_requires_overlap_check,blocked_unfilled,blocked_unfilled,positive_control_passed,Q_1009,pass_predefined,81,4.31661508312e-06,87.8889830934,1.08504917399,blocked_unfilled,control_class=exact_power_anchor,87.8889830934,positive_control_survivor
rank91_Q1009_actual_near_miss,actual_near_miss,91,6,7,3,214,151,123551,1885987433053151,123551,1009,prime_block_le_1009,81,148442751793136438533965338087543801190959757888544388980934356724535496789076307693189375411040397120044336213563505967374089274154395172105420265758452993645832585198070632260101329900383144999881739549,467.819803066,10460353203,23.070858062,58,7,0,,433.024535699,23.070858062,1.06120394073,0,3.04153480479,none_visible,13.3004512462,0.333333333333,12.9671179129,existing_near_power_csv,local_obstruction_before_drift,local_residue_sieve,blocked_unfilled,darmon_granville_ceiling,blocked_unfilled,blocked_unfilled,Z,residue_only,blocked_unfilled,blocked_unfilled,under_test,Q_1009,pass_predefined,81,0,23.070858062,0.284825408173,blocked_unfilled,control_class=actual_near_miss,23.070858062,local_obstruction_before_drift
rank91_Q1009_random_root_sets,random_root_sets,91,6,7,3,214,151,123551,1885987433053151,123551,1009,prime_block_le_1009,81,148442751793136438533965338087543801190959757888544388980934356724535496789076307693189375411040397120044336213563505967374089274154395172105420265758452993645832585198070632260101329900383144999881739549,467.819803066,10460353203,23.070858062,58,7,0,,433.024535699,23.070858062,1.0097753359,0,1.86242658228,none_visible,13.3004512462,0.333333333333,12.9671179129,deterministic_seeded_random_sets_same_cardinality,local_obstruction_before_drift,local_residue_sieve,blocked_unfilled,darmon_granville_ceiling,blocked_unfilled,blocked_unfilled,Z,residue_only,blocked_unfilled,blocked_unfilled,negative_control_passed,Q_1009,pass_predefined,81,0,23.070858062,0.284825408173,blocked_unfilled,control_class=random_root_sets,23.070858062,local_obstruction_before_drift
rank91_Q1009_exact_power_anchor,exact_power_anchor,91,6,7,3,214,151,123551,1885987433053151,123551,1009,prime_block_le_1009,81,148442751793136438533965338087543801190959757888544388980934356724535496789076307693189375411040397120044336213563505967374089274154395172105420265758452993645832585198070632260101329900383144999881739549,467.819803066,443426488243037769948249630619149892803,88.9875953821,0,0,1,123551,367.107798379,88.9875953821,1.00855880627,0.979369742949,1.04227673862,constructed_exact_power_root,13.3004512462,0.333333333333,12.9671179129,C_from_near_power_row_as_positive_control,positive_control_survivor,local_residue_sieve,blocked_unfilled,darmon_granville_ceiling,blocked_unfilled,blocked_unfilled,Z,survivor_kandidat_requires_overlap_check,blocked_unfilled,blocked_unfilled,positive_control_passed,Q_1009,pass_predefined,81,8.09382360321e-06,88.9875953821,1.09861228867,blocked_unfilled,control_class=exact_power_anchor,88.9875953821,positive_control_survivor
rank92_Q1009_actual_near_miss,actual_near_miss,92,6,5,3,63,230,8905,706157817625,8905,1009,prime_block_le_1009,81,148442751793136438533965338087543801190959757888544388980934356724535496789076307693189375411040397120044336213563505967374089274154395172105420265758452993645832585198070632260101329900383144999881739549,467.819803066,847288609443,27.4653072167,56,13,0,,431.260127653,27.4653072167,1.9363086697,0,9.1425166885,none_visible,17.1468683694,0.333333333333,16.8135350361,existing_near_power_csv,local_obstruction_before_drift,local_residue_sieve,blocked_unfilled,darmon_granville_ceiling,blocked_unfilled,blocked_unfilled,Z,residue_only,blocked_unfilled,blocked_unfilled,under_test,Q_1009,pass_predefined,81,0,27.4653072167,0.339077866873,blocked_unfilled,control_class=actual_near_miss,27.4653072167,local_obstruction_before_drift
rank92_Q1009_random_root_sets,random_root_sets,92,6,5,3,63,230,8905,706157817625,8905,1009,prime_block_le_1009,81,148442751793136438533965338087543801190959757888544388980934356724535496789076307693189375411040397120044336213563505967374089274154395172105420265758452993645832585198070632260101329900383144999881739549,467.819803066,847288609443,27.4653072167,56,13,0,,431.260127653,27.4653072167,1.24875174163,0,9.1425166885,none_visible,17.1468683694,0.333333333333,16.8135350361,deterministic_seeded_random_sets_same_cardinality,local_obstruction_before_drift,local_residue_sieve,blocked_unfilled,darmon_granville_ceiling,blocked_unfilled,blocked_unfilled,Z,residue_only,blocked_unfilled,blocked_unfilled,negative_control_passed,Q_1009,pass_predefined,81,0,27.4653072167,0.339077866873,blocked_unfilled,control_class=random_root_sets,27.4653072167,local_obstruction_before_drift
rank92_Q1009_exact_power_anchor,exact_power_anchor,92,6,5,3,63,230,8905,706157817625,8905,1009,prime_block_le_1009,81,148442751793136438533965338087543801190959757888544388980934356724535496789076307693189375411040397120044336213563505967374089274154395172105420265758452993645832585198070632260101329900383144999881739549,467.819803066,147808829414345923316083210206383297601,87.8889830934,0,0,1,8905,370.836451777,87.8889830934,1.22420404683,0.59160272007,2.7544575457,constructed_exact_power_root,17.1468683694,0.333333333333,16.8135350361,C_from_near_power_row_as_positive_control,positive_control_survivor,local_residue_sieve,blocked_unfilled,darmon_granville_ceiling,blocked_unfilled,blocked_unfilled,Z,survivor_kandidat_requires_overlap_check,blocked_unfilled,blocked_unfilled,positive_control_passed,Q_1009,pass_predefined,81,0.000112296462661,87.8889830934,1.08504917399,blocked_unfilled,control_class=exact_power_anchor,87.8889830934,positive_control_survivor
rank93_Q1009_actual_near_miss,actual_near_miss,93,7,7,3,67,129,84368,600528000684032,84368,1009,prime_block_le_1009,81,148442751793136438533965338087543801190959757888544388980934356724535496789076307693189375411040397120044336213563505967374089274154395172105420265758452993645832585198070632260101329900383144999881739549,467.819803066,3486784401,21.9722457734,60,13,0,,434.504613831,21.9722457734,0.991181424763,0.42635570095,1.56920738774,none_visible,13.7477485347,0.333333333333,13.4144152013,existing_near_power_csv,local_obstruction_before_drift,local_residue_sieve,blocked_unfilled,darmon_granville_ceiling,blocked_unfilled,blocked_unfilled,Z,residue_only,blocked_unfilled,blocked_unfilled,under_test,Q_1009,pass_predefined,81,0,21.9722457734,0.271262293498,blocked_unfilled,control_class=actual_near_miss,21.9722457734,local_obstruction_before_drift
rank93_Q1009_random_root_sets,random_root_sets,93,7,7,3,67,129,84368,600528000684032,84368,1009,prime_block_le_1009,81,148442751793136438533965338087543801190959757888544388980934356724535496789076307693189375411040397120044336213563505967374089274154395172105420265758452993645832585198070632260101329900383144999881739549,467.819803066,3486784401,21.9722457734,60,13,0,,434.504613831,21.9722457734,1.08954876256,0,1.82213108709,none_visible,13.7477485347,0.333333333333,13.4144152013,deterministic_seeded_random_sets_same_cardinality,local_obstruction_before_drift,local_residue_sieve,blocked_unfilled,darmon_granville_ceiling,blocked_unfilled,blocked_unfilled,Z,residue_only,blocked_unfilled,blocked_unfilled,negative_control_passed,Q_1009,pass_predefined,81,0,21.9722457734,0.271262293498,blocked_unfilled,control_class=random_root_sets,21.9722457734,local_obstruction_before_drift
rank93_Q1009_exact_power_anchor,exact_power_anchor,93,7,7,3,67,129,84368,600528000684032,84368,1009,prime_block_le_1009,81,148442751793136438533965338087543801190959757888544388980934356724535496789076307693189375411040397120044336213563505967374089274154395172105420265758452993645832585198070632260101329900383144999881739549,467.819803066,443426488243037769948249630619149892803,88.9875953821,0,0,1,84368,367.489264222,88.9875953821,1.02415563914,0.995763269907,1.11542290916,constructed_exact_power_root,13.7477485347,0.333333333333,13.4144152013,C_from_near_power_row_as_positive_control,positive_control_survivor,local_residue_sieve,blocked_unfilled,darmon_granville_ceiling,blocked_unfilled,blocked_unfilled,Z,survivor_kandidat_requires_overlap_check,blocked_unfilled,blocked_unfilled,positive_control_passed,Q_1009,pass_predefined,81,1.18528351982e-05,88.9875953821,1.09861228867,blocked_unfilled,control_class=exact_power_anchor,88.9875953821,positive_control_survivor
rank94_Q1009_actual_near_miss,actual_near_miss,94,6,7,3,228,239,354855,44684076513576375,354855,1009,prime_block_le_1009,81,148442751793136438533965338087543801190959757888544388980934356724535496789076307693189375411040397120044336213563505967374089274154395172105420265758452993645832585198070632260101329900383144999881739549,467.819803066,282429536481,26.366694928,56,7,0,,428.673643604,26.366694928,1.01746157925,0.442720422583,1.7761865175,none_visible,12.2023840621,0.333333333333,11.8690507287,existing_near_power_csv,local_obstruction_before_drift,local_residue_sieve,blocked_unfilled,darmon_granville_ceiling,blocked_unfilled,blocked_unfilled,Z,residue_only,blocked_unfilled,blocked_unfilled,under_test,Q_1009,pass_predefined,81,0,26.366694928,0.325514752198,blocked_unfilled,control_class=actual_near_miss,26.366694928,local_obstruction_before_drift
rank94_Q1009_random_root_sets,random_root_sets,94,6,7,3,228,239,354855,44684076513576375,354855,1009,prime_block_le_1009,81,148442751793136438533965338087543801190959757888544388980934356724535496789076307693189375411040397120044336213563505967374089274154395172105420265758452993645832585198070632260101329900383144999881739549,467.819803066,282429536481,26.366694928,56,7,0,,428.673643604,26.366694928,0.959402249328,0.592062172499,1.1753843119,none_visible,12.2023840621,0.333333333333,11.8690507287,deterministic_seeded_random_sets_same_cardinality,local_obstruction_before_drift,local_residue_sieve,blocked_unfilled,darmon_granville_ceiling,blocked_unfilled,blocked_unfilled,Z,residue_only,blocked_unfilled,blocked_unfilled,negative_control_passed,Q_1009,pass_predefined,81,0,26.366694928,0.325514752198,blocked_unfilled,control_class=random_root_sets,26.366694928,local_obstruction_before_drift
rank94_Q1009_exact_power_anchor,exact_power_anchor,94,6,7,3,228,239,354855,44684076513576375,354855,1009,prime_block_le_1009,81,148442751793136438533965338087543801190959757888544388980934356724535496789076307693189375411040397120044336213563505967374089274154395172105420265758452993645832585198070632260101329900383144999881739549,467.819803066,147808829414345923316083210206383297601,87.8889830934,0,0,1,354855,367.151355438,87.8889830934,1.00365550979,0.987117116694,1.0368366422,constructed_exact_power_root,12.2023840621,0.333333333333,11.8690507287,C_from_near_power_row_as_positive_control,positive_control_survivor,local_residue_sieve,blocked_unfilled,darmon_granville_ceiling,blocked_unfilled,blocked_unfilled,Z,survivor_kandidat_requires_overlap_check,blocked_unfilled,blocked_unfilled,positive_control_passed,Q_1009,pass_predefined,81,2.81805244396e-06,87.8889830934,1.08504917399,blocked_unfilled,control_class=exact_power_anchor,87.8889830934,positive_control_survivor
rank95_Q1009_actual_near_miss,actual_near_miss,95,7,7,3,92,177,176501,5498465582279501,176501,1009,prime_block_le_1009,81,148442751793136438533965338087543801190959757888544388980934356724535496789076307693189375411040397120044336213563505967374089274154395172105420265758452993645832585198070632260101329900383144999881739549,467.819803066,22876792454961,30.7611440827,52,7,0,,424.977577162,30.7611440827,1.05043264365,0.702717453914,1.50190209813,none_visible,12.9077790106,0.333333333333,12.5744456773,existing_near_power_csv,local_obstruction_before_drift,local_residue_sieve,blocked_unfilled,darmon_granville_ceiling,blocked_unfilled,blocked_unfilled,Z,residue_only,blocked_unfilled,blocked_unfilled,under_test,Q_1009,pass_predefined,81,0,30.7611440827,0.379767210898,blocked_unfilled,control_class=actual_near_miss,30.7611440827,local_obstruction_before_drift
rank95_Q1009_random_root_sets,random_root_sets,95,7,7,3,92,177,176501,5498465582279501,176501,1009,prime_block_le_1009,81,148442751793136438533965338087543801190959757888544388980934356724535496789076307693189375411040397120044336213563505967374089274154395172105420265758452993645832585198070632260101329900383144999881739549,467.819803066,22876792454961,30.7611440827,52,7,0,,424.977577162,30.7611440827,0.989144668575,0.33519419783,1.35955918412,none_visible,12.9077790106,0.333333333333,12.5744456773,deterministic_seeded_random_sets_same_cardinality,local_obstruction_before_drift,local_residue_sieve,blocked_unfilled,darmon_granville_ceiling,blocked_unfilled,blocked_unfilled,Z,residue_only,blocked_unfilled,blocked_unfilled,negative_control_passed,Q_1009,pass_predefined,81,0,30.7611440827,0.379767210898,blocked_unfilled,control_class=random_root_sets,30.7611440827,local_obstruction_before_drift
rank95_Q1009_exact_power_anchor,exact_power_anchor,95,7,7,3,92,177,176501,5498465582279501,176501,1009,prime_block_le_1009,81,148442751793136438533965338087543801190959757888544388980934356724535496789076307693189375411040397120044336213563505967374089274154395172105420265758452993645832585198070632260101329900383144999881739549,467.819803066,147808829414345923316083210206383297601,87.8889830934,0,0,1,176501,367.849738151,87.8889830934,1.01319363525,0.978019639801,1.09302370965,constructed_exact_power_root,12.9077790106,0.333333333333,12.5744456773,C_from_near_power_row_as_positive_control,positive_control_survivor,local_residue_sieve,blocked_unfilled,darmon_granville_ceiling,blocked_unfilled,blocked_unfilled,Z,survivor_kandidat_requires_overlap_check,blocked_unfilled,blocked_unfilled,positive_control_passed,Q_1009,pass_predefined,81,5.66569027938e-06,87.8889830934,1.08504917399,blocked_unfilled,control_class=exact_power_anchor,87.8889830934,positive_control_survivor
rank96_Q1009_actual_near_miss,actual_near_miss,96,5,5,3,145,239,9450,843908625000,9450,1009,prime_block_le_1009,81,148442751793136438533965338087543801190959757888544388980934356724535496789076307693189375411040397120044336213563505967374089274154395172105420265758452993645832585198070632260101329900383144999881739549,467.819803066,94143178827,25.2680826394,58,7,0,,433.397950406,25.2680826394,1.80609000053,0,6.6843856555,none_visible,17.0355967002,0.333333333333,16.7022633669,existing_near_power_csv,local_obstruction_before_drift,local_residue_sieve,blocked_unfilled,darmon_granville_ceiling,blocked_unfilled,blocked_unfilled,Z,residue_only,blocked_unfilled,blocked_unfilled,under_test,Q_1009,pass_predefined,81,0,25.2680826394,0.311951637523,blocked_unfilled,control_class=actual_near_miss,25.2680826394,local_obstruction_before_drift
rank96_Q1009_random_root_sets,random_root_sets,96,5,5,3,145,239,9450,843908625000,9450,1009,prime_block_le_1009,81,148442751793136438533965338087543801190959757888544388980934356724535496789076307693189375411040397120044336213563505967374089274154395172105420265758452993645832585198070632260101329900383144999881739549,467.819803066,94143178827,25.2680826394,58,7,0,,433.397950406,25.2680826394,1.83372187483,0,8.2360728983,none_visible,17.0355967002,0.333333333333,16.7022633669,deterministic_seeded_random_sets_same_cardinality,local_obstruction_before_drift,local_residue_sieve,blocked_unfilled,darmon_granville_ceiling,blocked_unfilled,blocked_unfilled,Z,residue_only,blocked_unfilled,blocked_unfilled,negative_control_passed,Q_1009,pass_predefined,81,0,25.2680826394,0.311951637523,blocked_unfilled,control_class=random_root_sets,25.2680826394,local_obstruction_before_drift
rank96_Q1009_exact_power_anchor,exact_power_anchor,96,5,5,3,145,239,9450,843908625000,9450,1009,prime_block_le_1009,81,148442751793136438533965338087543801190959757888544388980934356724535496789076307693189375411040397120044336213563505967374089274154395172105420265758452993645832585198070632260101329900383144999881739549,467.819803066,147808829414345923316083210206383297601,87.8889830934,0,0,1,9450,370.777049952,87.8889830934,1.20682833627,0.600435038213,2.46440917108,constructed_exact_power_root,17.0355967002,0.333333333333,16.7022633669,C_from_near_power_row_as_positive_control,positive_control_survivor,local_residue_sieve,blocked_unfilled,darmon_granville_ceiling,blocked_unfilled,blocked_unfilled,Z,survivor_kandidat_requires_overlap_check,blocked_unfilled,blocked_unfilled,positive_control_passed,Q_1009,pass_predefined,81,0.00010582010582,87.8889830934,1.08504917399,blocked_unfilled,control_class=exact_power_anchor,87.8889830934,positive_control_survivor
rank97_Q1009_actual_near_miss,actual_near_miss,97,6,7,3,207,100,56323,178672344970267,56323,1009,prime_block_le_1009,81,148442751793136438533965338087543801190959757888544388980934356724535496789076307693189375411040397120044336213563505967374089274154395172105420265758452993645832585198070632260101329900383144999881739549,467.819803066,847288609443,27.4653072167,56,7,0,,429.415637593,27.4653072167,1.25538009602,0,3.36456391409,none_visible,14.2555951178,0.333333333333,13.9222617845,existing_near_power_csv,local_obstruction_before_drift,local_residue_sieve,blocked_unfilled,darmon_granville_ceiling,blocked_unfilled,blocked_unfilled,Z,residue_only,blocked_unfilled,blocked_unfilled,under_test,Q_1009,pass_predefined,81,0,27.4653072167,0.339077866873,blocked_unfilled,control_class=actual_near_miss,27.4653072167,local_obstruction_before_drift
rank97_Q1009_random_root_sets,random_root_sets,97,6,7,3,207,100,56323,178672344970267,56323,1009,prime_block_le_1009,81,148442751793136438533965338087543801190959757888544388980934356724535496789076307693189375411040397120044336213563505967374089274154395172105420265758452993645832585198070632260101329900383144999881739549,467.819803066,847288609443,27.4653072167,56,7,0,,429.415637593,27.4653072167,0.947981746816,0,2.29680395023,none_visible,14.2555951178,0.333333333333,13.9222617845,deterministic_seeded_random_sets_same_cardinality,local_obstruction_before_drift,local_residue_sieve,blocked_unfilled,darmon_granville_ceiling,blocked_unfilled,blocked_unfilled,Z,residue_only,blocked_unfilled,blocked_unfilled,negative_control_passed,Q_1009,pass_predefined,81,0,27.4653072167,0.339077866873,blocked_unfilled,control_class=random_root_sets,27.4653072167,local_obstruction_before_drift
rank97_Q1009_exact_power_anchor,exact_power_anchor,97,6,7,3,207,100,56323,178672344970267,56323,1009,prime_block_le_1009,81,148442751793136438533965338087543801190959757888544388980934356724535496789076307693189375411040397120044336213563505967374089274154395172105420265758452993645832585198070632260101329900383144999881739549,467.819803066,49269609804781974438694403402127765867,86.7903708048,0,0,1,56323,370.090574005,86.7903708048,1.03352480501,0.989433959286,1.15967228703,constructed_exact_power_root,14.2555951178,0.333333333333,13.9222617845,C_from_near_power_row_as_positive_control,positive_control_survivor,local_residue_sieve,blocked_unfilled,darmon_granville_ceiling,blocked_unfilled,blocked_unfilled,Z,survivor_kandidat_requires_overlap_check,blocked_unfilled,blocked_unfilled,positive_control_passed,Q_1009,pass_predefined,81,1.77547360758e-05,86.7903708048,1.07148605932,blocked_unfilled,control_class=exact_power_anchor,86.7903708048,positive_control_survivor
rank98_Q1009_actual_near_miss,actual_near_miss,98,6,6,3,95,239,57196,187109988665536,57196,1009,prime_block_le_1009,81,148442751793136438533965338087543801190959757888544388980934356724535496789076307693189375411040397120044336213563505967374089274154395172105420265758452993645832585198070632260101329900383144999881739549,467.819803066,2541865828329,28.5639195054,53,7,0,,428.301644316,28.5639195054,0.941975918414,0,1.55895128641,none_visible,14.2355786531,0.333333333333,13.9022453198,existing_near_power_csv,local_obstruction_before_drift,local_residue_sieve,blocked_unfilled,darmon_granville_ceiling,blocked_unfilled,blocked_unfilled,Z,residue_only,blocked_unfilled,blocked_unfilled,under_test,Q_1009,pass_predefined,81,0,28.5639195054,0.352640981548,blocked_unfilled,control_class=actual_near_miss,28.5639195054,local_obstruction_before_drift
rank98_Q1009_random_root_sets,random_root_sets,98,6,6,3,95,239,57196,187109988665536,57196,1009,prime_block_le_1009,81,148442751793136438533965338087543801190959757888544388980934356724535496789076307693189375411040397120044336213563505967374089274154395172105420265758452993645832585198070632260101329900383144999881739549,467.819803066,2541865828329,28.5639195054,53,7,0,,428.301644316,28.5639195054,0.985714732058,0,2.91965250095,none_visible,14.2355786531,0.333333333333,13.9022453198,deterministic_seeded_random_sets_same_cardinality,local_obstruction_before_drift,local_residue_sieve,blocked_unfilled,darmon_granville_ceiling,blocked_unfilled,blocked_unfilled,Z,residue_only,blocked_unfilled,blocked_unfilled,negative_control_passed,Q_1009,pass_predefined,81,0,28.5639195054,0.352640981548,blocked_unfilled,control_class=random_root_sets,28.5639195054,local_obstruction_before_drift
rank98_Q1009_exact_power_anchor,exact_power_anchor,98,6,6,3,95,239,57196,187109988665536,57196,1009,prime_block_le_1009,81,148442751793136438533965338087543801190959757888544388980934356724535496789076307693189375411040397120044336213563505967374089274154395172105420265758452993645832585198070632260101329900383144999881739549,467.819803066,49269609804781974438694403402127765867,86.7903708048,0,0,1,57196,370.075193016,86.7903708048,1.03396896442,0.969941565455,1.18829016792,constructed_exact_power_root,14.2355786531,0.333333333333,13.9022453198,C_from_near_power_row_as_positive_control,positive_control_survivor,local_residue_sieve,blocked_unfilled,darmon_granville_ceiling,blocked_unfilled,blocked_unfilled,Z,survivor_kandidat_requires_overlap_check,blocked_unfilled,blocked_unfilled,positive_control_passed,Q_1009,pass_predefined,81,1.74837401217e-05,86.7903708048,1.07148605932,blocked_unfilled,control_class=exact_power_anchor,86.7903708048,positive_control_survivor
rank99_Q1009_actual_near_miss,actual_near_miss,99,7,7,3,209,214,336118,37973035221035032,336118,1009,prime_block_le_1009,81,148442751793136438533965338087543801190959757888544388980934356724535496789076307693189375411040397120044336213563505967374089274154395172105420265758452993645832585198070632260101329900383144999881739549,467.819803066,31381059609,24.1694703507,59,7,0,,430.925115147,24.1694703507,0.957146206936,0,1.28424574438,none_visible,12.2544022155,0.333333333333,11.9210688822,existing_near_power_csv,local_obstruction_before_drift,local_residue_sieve,blocked_unfilled,darmon_granville_ceiling,blocked_unfilled,blocked_unfilled,Z,residue_only,blocked_unfilled,blocked_unfilled,under_test,Q_1009,pass_predefined,81,0,24.1694703507,0.298388522848,blocked_unfilled,control_class=actual_near_miss,24.1694703507,local_obstruction_before_drift
rank99_Q1009_random_root_sets,random_root_sets,99,7,7,3,209,214,336118,37973035221035032,336118,1009,prime_block_le_1009,81,148442751793136438533965338087543801190959757888544388980934356724535496789076307693189375411040397120044336213563505967374089274154395172105420265758452993645832585198070632260101329900383144999881739549,467.819803066,31381059609,24.1694703507,59,7,0,,430.925115147,24.1694703507,0.918612907769,0.411899656933,1.4025570385,none_visible,12.2544022155,0.333333333333,11.9210688822,deterministic_seeded_random_sets_same_cardinality,local_obstruction_before_drift,local_residue_sieve,blocked_unfilled,darmon_granville_ceiling,blocked_unfilled,blocked_unfilled,Z,residue_only,blocked_unfilled,blocked_unfilled,negative_control_passed,Q_1009,pass_predefined,81,0,24.1694703507,0.298388522848,blocked_unfilled,control_class=random_root_sets,24.1694703507,local_obstruction_before_drift
rank99_Q1009_exact_power_anchor,exact_power_anchor,99,7,7,3,209,214,336118,37973035221035032,336118,1009,prime_block_le_1009,81,148442751793136438533965338087543801190959757888544388980934356724535496789076307693189375411040397120044336213563505967374089274154395172105420265758452993645832585198070632260101329900383144999881739549,467.819803066,443426488243037769948249630619149892803,88.9875953821,0,0,1,336118,366.106990116,88.9875953821,1.00412601736,0.990308958957,1.02658986824,constructed_exact_power_root,12.2544022155,0.333333333333,11.9210688822,C_from_near_power_row_as_positive_control,positive_control_survivor,local_residue_sieve,blocked_unfilled,darmon_granville_ceiling,blocked_unfilled,blocked_unfilled,Z,survivor_kandidat_requires_overlap_check,blocked_unfilled,blocked_unfilled,positive_control_passed,Q_1009,pass_predefined,81,2.97514563338e-06,88.9875953821,1.09861228867,blocked_unfilled,control_class=exact_power_anchor,88.9875953821,positive_control_survivor
rank100_Q1009_actual_near_miss,actual_near_miss,100,5,7,3,197,114,63040,250523582464000,63040,1009,prime_block_le_1009,81,148442751793136438533965338087543801190959757888544388980934356724535496789076307693189375411040397120044336213563505967374089274154395172105420265758452993645832585198070632260101329900383144999881739549,467.819803066,387420489,19.775021196,63,7,0,,436.993257145,19.775021196,0.743626517866,0,1.5004036238,none_visible,14.1102642615,0.333333333333,13.7769309281,existing_near_power_csv,local_obstruction_before_drift,local_residue_sieve,blocked_unfilled,darmon_granville_ceiling,blocked_unfilled,blocked_unfilled,Z,residue_only,blocked_unfilled,blocked_unfilled,under_test,Q_1009,pass_predefined,81,0,19.775021196,0.244136064148,blocked_unfilled,control_class=actual_near_miss,19.775021196,local_obstruction_before_drift
rank100_Q1009_random_root_sets,random_root_sets,100,5,7,3,197,114,63040,250523582464000,63040,1009,prime_block_le_1009,81,148442751793136438533965338087543801190959757888544388980934356724535496789076307693189375411040397120044336213563505967374089274154395172105420265758452993645832585198070632260101329900383144999881739549,467.819803066,387420489,19.775021196,63,7,0,,436.993257145,19.775021196,1.01091069888,0,2.05691976875,none_visible,14.1102642615,0.333333333333,13.7769309281,deterministic_seeded_random_sets_same_cardinality,local_obstruction_before_drift,local_residue_sieve,blocked_unfilled,darmon_granville_ceiling,blocked_unfilled,blocked_unfilled,Z,residue_only,blocked_unfilled,blocked_unfilled,negative_control_passed,Q_1009,pass_predefined,81,0,19.775021196,0.244136064148,blocked_unfilled,control_class=random_root_sets,19.775021196,local_obstruction_before_drift
rank100_Q1009_exact_power_anchor,exact_power_anchor,100,5,7,3,197,114,63040,250523582464000,63040,1009,prime_block_le_1009,81,148442751793136438533965338087543801190959757888544388980934356724535496789076307693189375411040397120044336213563505967374089274154395172105420265758452993645832585198070632260101329900383144999881739549,467.819803066,443426488243037769948249630619149892803,88.9875953821,0,0,1,63040,367.780682959,88.9875953821,1.0222392602,0.90008107727,1.25813064016,constructed_exact_power_root,14.1102642615,0.333333333333,13.7769309281,C_from_near_power_row_as_positive_control,positive_control_survivor,local_residue_sieve,blocked_unfilled,darmon_granville_ceiling,blocked_unfilled,blocked_unfilled,Z,survivor_kandidat_requires_overlap_check,blocked_unfilled,blocked_unfilled,positive_control_passed,Q_1009,pass_predefined,81,1.58629441624e-05,88.9875953821,1.09861228867,blocked_unfilled,control_class=exact_power_anchor,88.9875953821,positive_control_survivor
rank101_Q1009_actual_near_miss,actual_near_miss,101,6,7,3,216,205,248345,15316737235663625,248345,1009,prime_block_le_1009,81,148442751793136438533965338087543801190959757888544388980934356724535496789076307693189375411040397120044336213563505967374089274154395172105420265758452993645832585198070632260101329900383144999881739549,467.819803066,205891132094649,32.95836866,51,7,0,,422.438860218,32.95836866,0.984300905327,0.759542840269,1.10773632559,none_visible,12.5529485276,0.333333333333,12.2196151943,existing_near_power_csv,local_obstruction_before_drift,local_residue_sieve,blocked_unfilled,darmon_granville_ceiling,blocked_unfilled,blocked_unfilled,Z,residue_only,blocked_unfilled,blocked_unfilled,under_test,Q_1009,pass_predefined,81,0,32.95836866,0.406893440247,blocked_unfilled,control_class=actual_near_miss,32.95836866,local_obstruction_before_drift
rank101_Q1009_random_root_sets,random_root_sets,101,6,7,3,216,205,248345,15316737235663625,248345,1009,prime_block_le_1009,81,148442751793136438533965338087543801190959757888544388980934356724535496789076307693189375411040397120044336213563505967374089274154395172105420265758452993645832585198070632260101329900383144999881739549,467.819803066,205891132094649,32.95836866,51,7,0,,422.438860218,32.95836866,1.02450891569,0.865290444968,1.2659843721,none_visible,12.5529485276,0.333333333333,12.2196151943,deterministic_seeded_random_sets_same_cardinality,local_obstruction_before_drift,local_residue_sieve,blocked_unfilled,darmon_granville_ceiling,blocked_unfilled,blocked_unfilled,Z,residue_only,blocked_unfilled,blocked_unfilled,negative_control_passed,Q_1009,pass_predefined,81,0,32.95836866,0.406893440247,blocked_unfilled,control_class=random_root_sets,32.95836866,local_obstruction_before_drift
rank101_Q1009_exact_power_anchor,exact_power_anchor,101,6,7,3,216,205,248345,15316737235663625,248345,1009,prime_block_le_1009,81,148442751793136438533965338087543801190959757888544388980934356724535496789076307693189375411040397120044336213563505967374089274154395172105420265758452993645832585198070632260101329900383144999881739549,467.819803066,443426488243037769948249630619149892803,88.9875953821,0,0,1,248345,366.409633496,88.9875953821,1.00500785571,0.945094302057,1.0864438136,constructed_exact_power_root,12.5529485276,0.333333333333,12.2196151943,C_from_near_power_row_as_positive_control,positive_control_survivor,local_residue_sieve,blocked_unfilled,darmon_granville_ceiling,blocked_unfilled,blocked_unfilled,Z,survivor_kandidat_requires_overlap_check,blocked_unfilled,blocked_unfilled,positive_control_passed,Q_1009,pass_predefined,81,4.0266564658e-06,88.9875953821,1.09861228867,blocked_unfilled,control_class=exact_power_anchor,88.9875953821,positive_control_survivor
rank102_Q1009_actual_near_miss,actual_near_miss,102,7,7,3,138,197,231882,12468123993460968,231882,1009,prime_block_le_1009,81,148442751793136438533965338087543801190959757888544388980934356724535496789076307693189375411040397120044336213563505967374089274154395172105420265758452993645832585198070632260101329900383144999881739549,467.819803066,7625597484987,29.662531794,53,13,0,,425.803287371,29.662531794,1.00194010316,0.789355026359,1.74186535489,none_visible,12.6226434817,0.333333333333,12.2893101483,existing_near_power_csv,local_obstruction_before_drift,local_residue_sieve,blocked_unfilled,darmon_granville_ceiling,blocked_unfilled,blocked_unfilled,Z,residue_only,blocked_unfilled,blocked_unfilled,under_test,Q_1009,pass_predefined,81,0,29.662531794,0.366204096223,blocked_unfilled,control_class=actual_near_miss,29.662531794,local_obstruction_before_drift
rank102_Q1009_random_root_sets,random_root_sets,102,7,7,3,138,197,231882,12468123993460968,231882,1009,prime_block_le_1009,81,148442751793136438533965338087543801190959757888544388980934356724535496789076307693189375411040397120044336213563505967374089274154395172105420265758452993645832585198070632260101329900383144999881739549,467.819803066,7625597484987,29.662531794,53,13,0,,425.803287371,29.662531794,0.979072749166,0.563275957407,1.26296804217,none_visible,12.6226434817,0.333333333333,12.2893101483,deterministic_seeded_random_sets_same_cardinality,local_obstruction_before_drift,local_residue_sieve,blocked_unfilled,darmon_granville_ceiling,blocked_unfilled,blocked_unfilled,Z,residue_only,blocked_unfilled,blocked_unfilled,negative_control_passed,Q_1009,pass_predefined,81,0,29.662531794,0.366204096223,blocked_unfilled,control_class=random_root_sets,29.662531794,local_obstruction_before_drift
rank102_Q1009_exact_power_anchor,exact_power_anchor,102,7,7,3,138,197,231882,12468123993460968,231882,1009,prime_block_le_1009,81,148442751793136438533965338087543801190959757888544388980934356724535496789076307693189375411040397120044336213563505967374089274154395172105420265758452993645832585198070632260101329900383144999881739549,467.819803066,147808829414345923316083210206383297601,87.8889830934,0,0,1,231882,367.576836072,87.8889830934,1.003803519,0.988341292362,1.05220231746,constructed_exact_power_root,12.6226434817,0.333333333333,12.2893101483,C_from_near_power_row_as_positive_control,positive_control_survivor,local_residue_sieve,blocked_unfilled,darmon_granville_ceiling,blocked_unfilled,blocked_unfilled,Z,survivor_kandidat_requires_overlap_check,blocked_unfilled,blocked_unfilled,positive_control_passed,Q_1009,pass_predefined,81,4.31253827378e-06,87.8889830934,1.08504917399,blocked_unfilled,control_class=exact_power_anchor,87.8889830934,positive_control_survivor
rank103_Q1009_actual_near_miss,actual_near_miss,103,7,7,3,86,173,167182,4672706995152568,167182,1009,prime_block_le_1009,81,148442751793136438533965338087543801190959757888544388980934356724535496789076307693189375411040397120044336213563505967374089274154395172105420265758452993645832585198070632260101329900383144999881739549,467.819803066,10460353203,23.070858062,58,13,0,,432.722106686,23.070858062,0.998400672394,0.430469654495,1.58414582112,none_visible,12.9659957362,0.333333333333,12.6326624029,existing_near_power_csv,local_obstruction_before_drift,local_residue_sieve,blocked_unfilled,darmon_granville_ceiling,blocked_unfilled,blocked_unfilled,Z,residue_only,blocked_unfilled,blocked_unfilled,under_test,Q_1009,pass_predefined,81,0,23.070858062,0.284825408173,blocked_unfilled,control_class=actual_near_miss,23.070858062,local_obstruction_before_drift
rank103_Q1009_random_root_sets,random_root_sets,103,7,7,3,86,173,167182,4672706995152568,167182,1009,prime_block_le_1009,81,148442751793136438533965338087543801190959757888544388980934356724535496789076307693189375411040397120044336213563505967374089274154395172105420265758452993645832585198070632260101329900383144999881739549,467.819803066,10460353203,23.070858062,58,13,0,,432.722106686,23.070858062,0.983192091266,0,1.80005755537,none_visible,12.9659957362,0.333333333333,12.6326624029,deterministic_seeded_random_sets_same_cardinality,local_obstruction_before_drift,local_residue_sieve,blocked_unfilled,darmon_granville_ceiling,blocked_unfilled,blocked_unfilled,Z,residue_only,blocked_unfilled,blocked_unfilled,negative_control_passed,Q_1009,pass_predefined,81,0,23.070858062,0.284825408173,blocked_unfilled,control_class=random_root_sets,23.070858062,local_obstruction_before_drift
rank103_Q1009_exact_power_anchor,exact_power_anchor,103,7,7,3,86,173,167182,4672706995152568,167182,1009,prime_block_le_1009,81,148442751793136438533965338087543801190959757888544388980934356724535496789076307693189375411040397120044336213563505967374089274154395172105420265758452993645832585198070632260101329900383144999881739549,467.819803066,443426488243037769948249630619149892803,88.9875953821,0,0,1,167182,366.805369365,88.9875953821,1.00560533497,0.96997816086,1.06369837795,constructed_exact_power_root,12.9659957362,0.333333333333,12.6326624029,C_from_near_power_row_as_positive_control,positive_control_survivor,local_residue_sieve,blocked_unfilled,darmon_granville_ceiling,blocked_unfilled,blocked_unfilled,Z,survivor_kandidat_requires_overlap_check,blocked_unfilled,blocked_unfilled,positive_control_passed,Q_1009,pass_predefined,81,5.98150518596e-06,88.9875953821,1.09861228867,blocked_unfilled,control_class=exact_power_anchor,88.9875953821,positive_control_survivor
rank104_Q1009_actual_near_miss,actual_near_miss,104,5,7,3,229,90,36458,48459454583912,36458,1009,prime_block_le_1009,81,148442751793136438533965338087543801190959757888544388980934356724535496789076307693189375411040397120044336213563505967374089274154395172105420265758452993645832585198070632260101329900383144999881739549,467.819803066,205891132094649,32.95836866,51,7,0,,424.357518214,32.95836866,0.930660826359,0,2.00819817019,none_visible,14.8458852397,0.333333333333,14.5125519064,existing_near_power_csv,local_obstruction_before_drift,local_residue_sieve,blocked_unfilled,darmon_granville_ceiling,blocked_unfilled,blocked_unfilled,Z,residue_only,blocked_unfilled,blocked_unfilled,under_test,Q_1009,pass_predefined,81,0,32.95836866,0.406893440247,blocked_unfilled,control_class=actual_near_miss,32.95836866,local_obstruction_before_drift
rank104_Q1009_random_root_sets,random_root_sets,104,5,7,3,229,90,36458,48459454583912,36458,1009,prime_block_le_1009,81,148442751793136438533965338087543801190959757888544388980934356724535496789076307693189375411040397120044336213563505967374089274154395172105420265758452993645832585198070632260101329900383144999881739549,467.819803066,205891132094649,32.95836866,51,7,0,,424.357518214,32.95836866,1.12381281454,0,3.54827167944,none_visible,14.8458852397,0.333333333333,14.5125519064,deterministic_seeded_random_sets_same_cardinality,local_obstruction_before_drift,local_residue_sieve,blocked_unfilled,darmon_granville_ceiling,blocked_unfilled,blocked_unfilled,Z,residue_only,blocked_unfilled,blocked_unfilled,negative_control_passed,Q_1009,pass_predefined,81,0,32.95836866,0.406893440247,blocked_unfilled,control_class=random_root_sets,32.95836866,local_obstruction_before_drift
rank104_Q1009_exact_power_anchor,exact_power_anchor,104,5,7,3,229,90,36458,48459454583912,36458,1009,prime_block_le_1009,81,148442751793136438533965338087543801190959757888544388980934356724535496789076307693189375411040397120044336213563505967374089274154395172105420265758452993645832585198070632260101329900383144999881739549,467.819803066,443426488243037769948249630619149892803,88.9875953821,0,0,1,36458,368.328291492,88.9875953821,1.02319792638,0.794756218724,1.17737609791,constructed_exact_power_root,14.8458852397,0.333333333333,14.5125519064,C_from_near_power_row_as_positive_control,positive_control_survivor,local_residue_sieve,blocked_unfilled,darmon_granville_ceiling,blocked_unfilled,blocked_unfilled,Z,survivor_kandidat_requires_overlap_check,blocked_unfilled,blocked_unfilled,positive_control_passed,Q_1009,pass_predefined,81,2.74288222064e-05,88.9875953821,1.09861228867,blocked_unfilled,control_class=exact_power_anchor,88.9875953821,positive_control_survivor
rank105_Q1009_actual_near_miss,actual_near_miss,105,7,6,3,28,61,4021,65013301261,4021,1009,prime_block_le_1009,81,148442751793136438533965338087543801190959757888544388980934356724535496789076307693189375411040397120044336213563505967374089274154395172105420265758452993645832585198070632260101329900383144999881739549,467.819803066,282429536481,26.366694928,57,19,0,,433.153822231,26.366694928,0.564556609203,0,4.14860869325,none_visible,18.789560464,0.333333333333,18.4562271306,existing_near_power_csv,local_obstruction_before_drift,local_residue_sieve,blocked_unfilled,darmon_granville_ceiling,blocked_unfilled,blocked_unfilled,Z,residue_only,blocked_unfilled,blocked_unfilled,under_test,Q_1009,pass_predefined,81,0,26.366694928,0.325514752198,blocked_unfilled,control_class=actual_near_miss,26.366694928,local_obstruction_before_drift
rank105_Q1009_random_root_sets,random_root_sets,105,7,6,3,28,61,4021,65013301261,4021,1009,prime_block_le_1009,81,148442751793136438533965338087543801190959757888544388980934356724535496789076307693189375411040397120044336213563505967374089274154395172105420265758452993645832585198070632260101329900383144999881739549,467.819803066,282429536481,26.366694928,57,19,0,,433.153822231,26.366694928,0.886132826814,0,7.07491226616,none_visible,18.789560464,0.333333333333,18.4562271306,deterministic_seeded_random_sets_same_cardinality,local_obstruction_before_drift,local_residue_sieve,blocked_unfilled,darmon_granville_ceiling,blocked_unfilled,blocked_unfilled,Z,residue_only,blocked_unfilled,blocked_unfilled,negative_control_passed,Q_1009,pass_predefined,81,0,26.366694928,0.325514752198,blocked_unfilled,control_class=random_root_sets,26.366694928,local_obstruction_before_drift
rank105_Q1009_exact_power_anchor,exact_power_anchor,105,7,6,3,28,61,4021,65013301261,4021,1009,prime_block_le_1009,81,148442751793136438533965338087543801190959757888544388980934356724535496789076307693189375411040397120044336213563505967374089274154395172105420265758452993645832585198070632260101329900383144999881739549,467.819803066,443426488243037769948249630619149892803,88.9875953821,0,0,1,4021,370.532921777,88.9875953821,1.56092205735,0.707148581061,4.23335820277,constructed_exact_power_root,18.789560464,0.333333333333,18.4562271306,C_from_near_power_row_as_positive_control,positive_control_survivor,local_residue_sieve,blocked_unfilled,darmon_granville_ceiling,blocked_unfilled,blocked_unfilled,Z,survivor_kandidat_requires_overlap_check,blocked_unfilled,blocked_unfilled,positive_control_passed,Q_1009,pass_predefined,81,0.000248694354638,88.9875953821,1.09861228867,blocked_unfilled,control_class=exact_power_anchor,88.9875953821,positive_control_survivor
rank106_Q1009_actual_near_miss,actual_near_miss,106,7,7,3,195,224,339173,39017893441970717,339173,1009,prime_block_le_1009,81,148442751793136438533965338087543801190959757888544388980934356724535496789076307693189375411040397120044336213563505967374089274154395172105420265758452993645832585198070632260101329900383144999881739549,467.819803066,7625597484987,29.662531794,54,13,0,,425.423005691,29.662531794,0.996477939096,0.558718805251,1.5698743709,none_visible,12.2456951575,0.333333333333,11.9123618241,existing_near_power_csv,local_obstruction_before_drift,local_residue_sieve,blocked_unfilled,darmon_granville_ceiling,blocked_unfilled,blocked_unfilled,Z,residue_only,blocked_unfilled,blocked_unfilled,under_test,Q_1009,pass_predefined,81,0,29.662531794,0.366204096223,blocked_unfilled,control_class=actual_near_miss,29.662531794,local_obstruction_before_drift
rank106_Q1009_random_root_sets,random_root_sets,106,7,7,3,195,224,339173,39017893441970717,339173,1009,prime_block_le_1009,81,148442751793136438533965338087543801190959757888544388980934356724535496789076307693189375411040397120044336213563505967374089274154395172105420265758452993645832585198070632260101329900383144999881739549,467.819803066,7625597484987,29.662531794,54,13,0,,425.423005691,29.662531794,0.970827872065,0,1.26885984439,none_visible,12.2456951575,0.333333333333,11.9123618241,deterministic_seeded_random_sets_same_cardinality,local_obstruction_before_drift,local_residue_sieve,blocked_unfilled,darmon_granville_ceiling,blocked_unfilled,blocked_unfilled,Z,residue_only,blocked_unfilled,blocked_unfilled,negative_control_passed,Q_1009,pass_predefined,81,0,29.662531794,0.366204096223,blocked_unfilled,control_class=random_root_sets,29.662531794,local_obstruction_before_drift
rank106_Q1009_exact_power_anchor,exact_power_anchor,106,7,7,3,195,224,339173,39017893441970717,339173,1009,prime_block_le_1009,81,148442751793136438533965338087543801190959757888544388980934356724535496789076307693189375411040397120044336213563505967374089274154395172105420265758452993645832585198070632260101329900383144999881739549,467.819803066,443426488243037769948249630619149892803,88.9875953821,0,0,1,339173,366.097942103,88.9875953821,1.00285284053,0.993970956152,1.02048446597,constructed_exact_power_root,12.2456951575,0.333333333333,11.9123618241,C_from_near_power_row_as_positive_control,positive_control_survivor,local_residue_sieve,blocked_unfilled,darmon_granville_ceiling,blocked_unfilled,blocked_unfilled,Z,survivor_kandidat_requires_overlap_check,blocked_unfilled,blocked_unfilled,positive_control_passed,Q_1009,pass_predefined,81,2.94834789326e-06,88.9875953821,1.09861228867,blocked_unfilled,control_class=exact_power_anchor,88.9875953821,positive_control_survivor
rank107_Q1009_actual_near_miss,actual_near_miss,107,5,6,3,169,125,15811,3952555856731,15811,1009,prime_block_le_1009,81,148442751793136438533965338087543801190959757888544388980934356724535496789076307693189375411040397120044336213563505967374089274154395172105420265758452993645832585198070632260101329900383144999881739549,467.819803066,617673396283947,34.0569809487,50,7,0,,424.094360938,34.0569809487,1.14439958585,0,3.99364015207,none_visible,16.1287232232,0.333333333333,15.7953898899,existing_near_power_csv,local_obstruction_before_drift,local_residue_sieve,blocked_unfilled,darmon_granville_ceiling,blocked_unfilled,blocked_unfilled,Z,residue_only,blocked_unfilled,blocked_unfilled,under_test,Q_1009,pass_predefined,81,0,34.0569809487,0.420456554922,blocked_unfilled,control_class=actual_near_miss,34.0569809487,local_obstruction_before_drift
rank107_Q1009_random_root_sets,random_root_sets,107,5,6,3,169,125,15811,3952555856731,15811,1009,prime_block_le_1009,81,148442751793136438533965338087543801190959757888544388980934356724535496789076307693189375411040397120044336213563505967374089274154395172105420265758452993645832585198070632260101329900383144999881739549,467.819803066,617673396283947,34.0569809487,50,7,0,,424.094360938,34.0569809487,0.629810879439,0,3.68204274099,none_visible,16.1287232232,0.333333333333,15.7953898899,deterministic_seeded_random_sets_same_cardinality,local_obstruction_before_drift,local_residue_sieve,blocked_unfilled,darmon_granville_ceiling,blocked_unfilled,blocked_unfilled,Z,residue_only,blocked_unfilled,blocked_unfilled,negative_control_passed,Q_1009,pass_predefined,81,0,34.0569809487,0.420456554922,blocked_unfilled,control_class=random_root_sets,34.0569809487,local_obstruction_before_drift
rank107_Q1009_exact_power_anchor,exact_power_anchor,107,5,6,3,169,125,15811,3952555856731,15811,1009,prime_block_le_1009,81,148442751793136438533965338087543801190959757888544388980934356724535496789076307693189375411040397120044336213563505967374089274154395172105420265758452993645832585198070632260101329900383144999881739549,467.819803066,49269609804781974438694403402127765867,86.7903708048,0,0,1,15811,371.360971082,86.7903708048,1.0121478366,0.269903513025,1.47294077963,constructed_exact_power_root,16.1287232232,0.333333333333,15.7953898899,C_from_near_power_row_as_positive_control,positive_control_survivor,local_residue_sieve,blocked_unfilled,darmon_granville_ceiling,blocked_unfilled,blocked_unfilled,Z,survivor_kandidat_requires_overlap_check,blocked_unfilled,blocked_unfilled,positive_control_passed,Q_1009,pass_predefined,81,6.32471064449e-05,86.7903708048,1.07148605932,blocked_unfilled,control_class=exact_power_anchor,86.7903708048,positive_control_survivor
rank108_Q1009_actual_near_miss,actual_near_miss,108,7,7,3,210,223,356832,45435088927162368,356832,1009,prime_block_le_1009,81,148442751793136438533965338087543801190959757888544388980934356724535496789076307693189375411040397120044336213563505967374089274154395172105420265758452993645832585198070632260101329900383144999881739549,467.819803066,2541865828329,28.5639195054,54,13,0,,426.470863199,28.5639195054,1.04229835723,0.802498717106,1.86351249016,none_visible,12.1970814236,0.333333333333,11.8637480903,existing_near_power_csv,local_obstruction_before_drift,local_residue_sieve,blocked_unfilled,darmon_granville_ceiling,blocked_unfilled,blocked_unfilled,Z,residue_only,blocked_unfilled,blocked_unfilled,under_test,Q_1009,pass_predefined,81,0,28.5639195054,0.352640981548,blocked_unfilled,control_class=actual_near_miss,28.5639195054,local_obstruction_before_drift
rank108_Q1009_random_root_sets,random_root_sets,108,7,7,3,210,223,356832,45435088927162368,356832,1009,prime_block_le_1009,81,148442751793136438533965338087543801190959757888544388980934356724535496789076307693189375411040397120044336213563505967374089274154395172105420265758452993645832585198070632260101329900383144999881739549,467.819803066,2541865828329,28.5639195054,54,13,0,,426.470863199,28.5639195054,1.01381357333,0.779248124234,1.37399516984,none_visible,12.1970814236,0.333333333333,11.8637480903,deterministic_seeded_random_sets_same_cardinality,local_obstruction_before_drift,local_residue_sieve,blocked_unfilled,darmon_granville_ceiling,blocked_unfilled,blocked_unfilled,Z,residue_only,blocked_unfilled,blocked_unfilled,negative_control_passed,Q_1009,pass_predefined,81,0,28.5639195054,0.352640981548,blocked_unfilled,control_class=random_root_sets,28.5639195054,local_obstruction_before_drift
rank108_Q1009_exact_power_anchor,exact_power_anchor,108,7,7,3,210,223,356832,45435088927162368,356832,1009,prime_block_le_1009,81,148442751793136438533965338087543801190959757888544388980934356724535496789076307693189375411040397120044336213563505967374089274154395172105420265758452993645832585198070632260101329900383144999881739549,467.819803066,147808829414345923316083210206383297601,87.8889830934,0,0,1,356832,367.145799611,87.8889830934,1.00579004706,0.96699660718,1.05904459241,constructed_exact_power_root,12.1970814236,0.333333333333,11.8637480903,C_from_near_power_row_as_positive_control,positive_control_survivor,local_residue_sieve,blocked_unfilled,darmon_granville_ceiling,blocked_unfilled,blocked_unfilled,Z,survivor_kandidat_requires_overlap_check,blocked_unfilled,blocked_unfilled,positive_control_passed,Q_1009,pass_predefined,81,2.80243924312e-06,87.8889830934,1.08504917399,blocked_unfilled,control_class=exact_power_anchor,87.8889830934,positive_control_survivor
rank109_Q1009_actual_near_miss,actual_near_miss,109,6,6,3,84,211,44580,88597239912000,44580,1009,prime_block_le_1009,81,148442751793136438533965338087543801190959757888544388980934356724535496789076307693189375411040397120044336213563505967374089274154395172105420265758452993645832585198070632260101329900383144999881739549,467.819803066,205891132094649,32.95836866,50,31,0,,424.156393799,32.95836866,1.17687573733,0.258219929216,3.14659289168,none_visible,14.5669633662,0.333333333333,14.2336300329,existing_near_power_csv,local_obstruction_before_drift,local_residue_sieve,blocked_unfilled,darmon_granville_ceiling,blocked_unfilled,blocked_unfilled,Z,residue_only,blocked_unfilled,blocked_unfilled,under_test,Q_1009,pass_predefined,81,0,32.95836866,0.406893440247,blocked_unfilled,control_class=actual_near_miss,32.95836866,local_obstruction_before_drift
rank109_Q1009_random_root_sets,random_root_sets,109,6,6,3,84,211,44580,88597239912000,44580,1009,prime_block_le_1009,81,148442751793136438533965338087543801190959757888544388980934356724535496789076307693189375411040397120044336213563505967374089274154395172105420265758452993645832585198070632260101329900383144999881739549,467.819803066,205891132094649,32.95836866,50,31,0,,424.156393799,32.95836866,0.963556257581,0,2.78219679976,none_visible,14.5669633662,0.333333333333,14.2336300329,deterministic_seeded_random_sets_same_cardinality,local_obstruction_before_drift,local_residue_sieve,blocked_unfilled,darmon_granville_ceiling,blocked_unfilled,blocked_unfilled,Z,residue_only,blocked_unfilled,blocked_unfilled,negative_control_passed,Q_1009,pass_predefined,81,0,32.95836866,0.406893440247,blocked_unfilled,control_class=random_root_sets,32.95836866,local_obstruction_before_drift
rank109_Q1009_exact_power_anchor,exact_power_anchor,109,6,6,3,84,211,44580,88597239912000,44580,1009,prime_block_le_1009,81,148442751793136438533965338087543801190959757888544388980934356724535496789076307693189375411040397120044336213563505967374089274154395172105420265758452993645832585198070632260101329900383144999881739549,467.819803066,443426488243037769948249630619149892803,88.9875953821,0,0,1,44580,368.127167077,88.9875953821,1.0138797501,0.938198494591,1.14870644534,constructed_exact_power_root,14.5669633662,0.333333333333,14.2336300329,C_from_near_power_row_as_positive_control,positive_control_survivor,local_residue_sieve,blocked_unfilled,darmon_granville_ceiling,blocked_unfilled,blocked_unfilled,Z,survivor_kandidat_requires_overlap_check,blocked_unfilled,blocked_unfilled,positive_control_passed,Q_1009,pass_predefined,81,2.24315836698e-05,88.9875953821,1.09861228867,blocked_unfilled,control_class=exact_power_anchor,88.9875953821,positive_control_survivor
rank110_Q1009_actual_near_miss,actual_near_miss,110,6,7,3,73,71,20989,9246454621669,20989,1009,prime_block_le_1009,81,148442751793136438533965338087543801190959757888544388980934356724535496789076307693189375411040397120044336213563505967374089274154395172105420265758452993645832585198070632260101329900383144999881739549,467.819803066,68630377364883,31.8597563714,52,7,0,,426.008292925,31.8597563714,1.15985600041,0,4.13538308426,none_visible,15.6695933159,0.333333333333,15.3362599826,existing_near_power_csv,local_obstruction_before_drift,local_residue_sieve,blocked_unfilled,darmon_granville_ceiling,blocked_unfilled,blocked_unfilled,Z,residue_only,blocked_unfilled,blocked_unfilled,under_test,Q_1009,pass_predefined,81,0,31.8597563714,0.393330325573,blocked_unfilled,control_class=actual_near_miss,31.8597563714,local_obstruction_before_drift
rank110_Q1009_random_root_sets,random_root_sets,110,6,7,3,73,71,20989,9246454621669,20989,1009,prime_block_le_1009,81,148442751793136438533965338087543801190959757888544388980934356724535496789076307693189375411040397120044336213563505967374089274154395172105420265758452993645832585198070632260101329900383144999881739549,467.819803066,68630377364883,31.8597563714,52,7,0,,426.008292925,31.8597563714,1.06259826576,0,7.38550351772,none_visible,15.6695933159,0.333333333333,15.3362599826,deterministic_seeded_random_sets_same_cardinality,local_obstruction_before_drift,local_residue_sieve,blocked_unfilled,darmon_granville_ceiling,blocked_unfilled,blocked_unfilled,Z,residue_only,blocked_unfilled,blocked_unfilled,negative_control_passed,Q_1009,pass_predefined,81,0,31.8597563714,0.393330325573,blocked_unfilled,control_class=random_root_sets,31.8597563714,local_obstruction_before_drift
rank110_Q1009_exact_power_anchor,exact_power_anchor,110,6,7,3,73,71,20989,9246454621669,20989,1009,prime_block_le_1009,81,148442751793136438533965338087543801190959757888544388980934356724535496789076307693189375411040397120044336213563505967374089274154395172105420265758452993645832585198070632260101329900383144999881739549,467.819803066,49269609804781974438694403402127765867,86.7903708048,0,0,1,20989,371.077678491,86.7903708048,1.08614543244,0.950931969656,1.35168686243,constructed_exact_power_root,15.6695933159,0.333333333333,15.3362599826,C_from_near_power_row_as_positive_control,positive_control_survivor,local_residue_sieve,blocked_unfilled,darmon_granville_ceiling,blocked_unfilled,blocked_unfilled,Z,survivor_kandidat_requires_overlap_check,blocked_unfilled,blocked_unfilled,positive_control_passed,Q_1009,pass_predefined,81,4.76440040021e-05,86.7903708048,1.07148605932,blocked_unfilled,control_class=exact_power_anchor,86.7903708048,positive_control_survivor
rank111_Q1009_actual_near_miss,actual_near_miss,111,6,6,3,127,212,45626,94981098574376,45626,1009,prime_block_le_1009,81,148442751793136438533965338087543801190959757888544388980934356724535496789076307693189375411040397120044336213563505967374089274154395172105420265758452993645832585198070632260101329900383144999881739549,467.819803066,282429536481,26.366694928,56,7,0,,430.724875129,26.366694928,0.916434200935,0,1.89734167166,none_visible,14.535472359,0.333333333333,14.2021390257,existing_near_power_csv,local_obstruction_before_drift,local_residue_sieve,blocked_unfilled,darmon_granville_ceiling,blocked_unfilled,blocked_unfilled,Z,residue_only,blocked_unfilled,blocked_unfilled,under_test,Q_1009,pass_predefined,81,0,26.366694928,0.325514752198,blocked_unfilled,control_class=actual_near_miss,26.366694928,local_obstruction_before_drift
rank111_Q1009_random_root_sets,random_root_sets,111,6,6,3,127,212,45626,94981098574376,45626,1009,prime_block_le_1009,81,148442751793136438533965338087543801190959757888544388980934356724535496789076307693189375411040397120044336213563505967374089274154395172105420265758452993645832585198070632260101329900383144999881739549,467.819803066,282429536481,26.366694928,56,7,0,,430.724875129,26.366694928,0.81059633802,0,2.87865593205,none_visible,14.535472359,0.333333333333,14.2021390257,deterministic_seeded_random_sets_same_cardinality,local_obstruction_before_drift,local_residue_sieve,blocked_unfilled,darmon_granville_ceiling,blocked_unfilled,blocked_unfilled,Z,residue_only,blocked_unfilled,blocked_unfilled,negative_control_passed,Q_1009,pass_predefined,81,0,26.366694928,0.325514752198,blocked_unfilled,control_class=random_root_sets,26.366694928,local_obstruction_before_drift
rank111_Q1009_exact_power_anchor,exact_power_anchor,111,6,6,3,127,212,45626,94981098574376,45626,1009,prime_block_le_1009,81,148442751793136438533965338087543801190959757888544388980934356724535496789076307693189375411040397120044336213563505967374089274154395172105420265758452993645832585198070632260101329900383144999881739549,467.819803066,147808829414345923316083210206383297601,87.8889830934,0,0,1,45626,369.202586964,87.8889830934,1.02091877032,0.90278203948,1.19099246531,constructed_exact_power_root,14.535472359,0.333333333333,14.2021390257,C_from_near_power_row_as_positive_control,positive_control_survivor,local_residue_sieve,blocked_unfilled,darmon_granville_ceiling,blocked_unfilled,blocked_unfilled,Z,survivor_kandidat_requires_overlap_check,blocked_unfilled,blocked_unfilled,positive_control_passed,Q_1009,pass_predefined,81,2.19173278394e-05,87.8889830934,1.08504917399,blocked_unfilled,control_class=exact_power_anchor,87.8889830934,positive_control_survivor
rank112_Q1009_actual_near_miss,actual_near_miss,112,6,7,3,233,243,368873,50191549511754617,368873,1009,prime_block_le_1009,81,148442751793136438533965338087543801190959757888544388980934356724535496789076307693189375411040397120044336213563505967374089274154395172105420265758452993645832585198070632260101329900383144999881739549,467.819803066,1853020188851841,35.1555932374,47,13,0,,419.846002138,35.1555932374,1.02058203611,0.875275049498,1.270488759,none_visible,12.1655022389,0.333333333333,11.8321689056,existing_near_power_csv,local_obstruction_before_drift,local_residue_sieve,blocked_unfilled,darmon_granville_ceiling,blocked_unfilled,blocked_unfilled,Z,residue_only,blocked_unfilled,blocked_unfilled,under_test,Q_1009,pass_predefined,81,0,35.1555932374,0.434019669597,blocked_unfilled,control_class=actual_near_miss,35.1555932374,local_obstruction_before_drift
rank112_Q1009_random_root_sets,random_root_sets,112,6,7,3,233,243,368873,50191549511754617,368873,1009,prime_block_le_1009,81,148442751793136438533965338087543801190959757888544388980934356724535496789076307693189375411040397120044336213563505967374089274154395172105420265758452993645832585198070632260101329900383144999881739549,467.819803066,1853020188851841,35.1555932374,47,13,0,,419.846002138,35.1555932374,0.988463735034,0.818089152635,1.14722953428,none_visible,12.1655022389,0.333333333333,11.8321689056,deterministic_seeded_random_sets_same_cardinality,local_obstruction_before_drift,local_residue_sieve,blocked_unfilled,darmon_granville_ceiling,blocked_unfilled,blocked_unfilled,Z,residue_only,blocked_unfilled,blocked_unfilled,negative_control_passed,Q_1009,pass_predefined,81,0,35.1555932374,0.434019669597,blocked_unfilled,control_class=random_root_sets,35.1555932374,local_obstruction_before_drift
rank112_Q1009_exact_power_anchor,exact_power_anchor,112,6,7,3,233,243,368873,50191549511754617,368873,1009,prime_block_le_1009,81,148442751793136438533965338087543801190959757888544388980934356724535496789076307693189375411040397120044336213563505967374089274154395172105420265758452993645832585198070632260101329900383144999881739549,467.819803066,443426488243037769948249630619149892803,88.9875953821,0,0,1,368873,366.013999993,88.9875953821,1.00080273287,0.97755114151,1.03061336678,constructed_exact_power_root,12.1655022389,0.333333333333,11.8321689056,C_from_near_power_row_as_positive_control,positive_control_survivor,local_residue_sieve,blocked_unfilled,darmon_granville_ceiling,blocked_unfilled,blocked_unfilled,Z,survivor_kandidat_requires_overlap_check,blocked_unfilled,blocked_unfilled,positive_control_passed,Q_1009,pass_predefined,81,2.71096014075e-06,88.9875953821,1.09861228867,blocked_unfilled,control_class=exact_power_anchor,88.9875953821,positive_control_survivor
rank113_Q1009_actual_near_miss,actual_near_miss,113,7,7,3,81,131,88149,684939432371949,88149,1009,prime_block_le_1009,81,148442751793136438533965338087543801190959757888544388980934356724535496789076307693189375411040397120044336213563505967374089274154395172105420265758452993645832585198070632260101329900383144999881739549,467.819803066,2541865828329,28.5639195054,55,7,0,,427.869099717,28.5639195054,1.20004633359,0,4.2999605466,none_visible,13.6948181768,0.333333333333,13.3614848435,existing_near_power_csv,local_obstruction_before_drift,local_residue_sieve,blocked_unfilled,darmon_granville_ceiling,blocked_unfilled,blocked_unfilled,Z,residue_only,blocked_unfilled,blocked_unfilled,under_test,Q_1009,pass_predefined,81,0,28.5639195054,0.352640981548,blocked_unfilled,control_class=actual_near_miss,28.5639195054,local_obstruction_before_drift
rank113_Q1009_random_root_sets,random_root_sets,113,7,7,3,81,131,88149,684939432371949,88149,1009,prime_block_le_1009,81,148442751793136438533965338087543801190959757888544388980934356724535496789076307693189375411040397120044336213563505967374089274154395172105420265758452993645832585198070632260101329900383144999881739549,467.819803066,2541865828329,28.5639195054,55,7,0,,427.869099717,28.5639195054,0.909097569645,0,2.21107695178,none_visible,13.6948181768,0.333333333333,13.3614848435,deterministic_seeded_random_sets_same_cardinality,local_obstruction_before_drift,local_residue_sieve,blocked_unfilled,darmon_granville_ceiling,blocked_unfilled,blocked_unfilled,Z,residue_only,blocked_unfilled,blocked_unfilled,negative_control_passed,Q_1009,pass_predefined,81,0,28.5639195054,0.352640981548,blocked_unfilled,control_class=random_root_sets,28.5639195054,local_obstruction_before_drift
rank113_Q1009_exact_power_anchor,exact_power_anchor,113,7,7,3,81,131,88149,684939432371949,88149,1009,prime_block_le_1009,81,148442751793136438533965338087543801190959757888544388980934356724535496789076307693189375411040397120044336213563505967374089274154395172105420265758452993645832585198070632260101329900383144999881739549,467.819803066,443426488243037769948249630619149892803,88.9875953821,0,0,1,88149,367.44542384,88.9875953821,1.00903940844,0.956239498526,1.16126104664,constructed_exact_power_root,13.6948181768,0.333333333333,13.3614848435,C_from_near_power_row_as_positive_control,positive_control_survivor,local_residue_sieve,blocked_unfilled,darmon_granville_ceiling,blocked_unfilled,blocked_unfilled,Z,survivor_kandidat_requires_overlap_check,blocked_unfilled,blocked_unfilled,positive_control_passed,Q_1009,pass_predefined,81,1.13444281841e-05,88.9875953821,1.09861228867,blocked_unfilled,control_class=exact_power_anchor,88.9875953821,positive_control_survivor
rank114_Q1009_actual_near_miss,actual_near_miss,114,7,7,3,137,237,350081,42904774389581441,350081,1009,prime_block_le_1009,81,148442751793136438533965338087543801190959757888544388980934356724535496789076307693189375411040397120044336213563505967374089274154395172105420265758452993645832585198070632260101329900383144999881739549,467.819803066,2541865828329,28.5639195054,55,7,0,,426.489963725,28.5639195054,0.956277962444,0.717303519281,1.05090377497,none_visible,12.2153308471,0.333333333333,11.8819975138,existing_near_power_csv,local_obstruction_before_drift,local_residue_sieve,blocked_unfilled,darmon_granville_ceiling,blocked_unfilled,blocked_unfilled,Z,residue_only,blocked_unfilled,blocked_unfilled,under_test,Q_1009,pass_predefined,81,0,28.5639195054,0.352640981548,blocked_unfilled,control_class=actual_near_miss,28.5639195054,local_obstruction_before_drift
rank114_Q1009_random_root_sets,random_root_sets,114,7,7,3,137,237,350081,42904774389581441,350081,1009,prime_block_le_1009,81,148442751793136438533965338087543801190959757888544388980934356724535496789076307693189375411040397120044336213563505967374089274154395172105420265758452993645832585198070632260101329900383144999881739549,467.819803066,2541865828329,28.5639195054,55,7,0,,426.489963725,28.5639195054,0.957583652334,0.360873309002,1.26230945283,none_visible,12.2153308471,0.333333333333,11.8819975138,deterministic_seeded_random_sets_same_cardinality,local_obstruction_before_drift,local_residue_sieve,blocked_unfilled,darmon_granville_ceiling,blocked_unfilled,blocked_unfilled,Z,residue_only,blocked_unfilled,blocked_unfilled,negative_control_passed,Q_1009,pass_predefined,81,0,28.5639195054,0.352640981548,blocked_unfilled,control_class=random_root_sets,28.5639195054,local_obstruction_before_drift
rank114_Q1009_exact_power_anchor,exact_power_anchor,114,7,7,3,137,237,350081,42904774389581441,350081,1009,prime_block_le_1009,81,148442751793136438533965338087543801190959757888544388980934356724535496789076307693189375411040397120044336213563505967374089274154395172105420265758452993645832585198070632260101329900383144999881739549,467.819803066,443426488243037769948249630619149892803,88.9875953821,0,0,1,350081,366.066287849,88.9875953821,1.00409358966,0.997344106713,1.03345955809,constructed_exact_power_root,12.2153308471,0.333333333333,11.8819975138,C_from_near_power_row_as_positive_control,positive_control_survivor,local_residue_sieve,blocked_unfilled,darmon_granville_ceiling,blocked_unfilled,blocked_unfilled,Z,survivor_kandidat_requires_overlap_check,blocked_unfilled,blocked_unfilled,positive_control_passed,Q_1009,pass_predefined,81,2.85648178564e-06,88.9875953821,1.09861228867,blocked_unfilled,control_class=exact_power_anchor,88.9875953821,positive_control_survivor
rank115_Q1009_actual_near_miss,actual_near_miss,115,7,7,3,103,231,327794,35221106836282184,327794,1009,prime_block_le_1009,81,148442751793136438533965338087543801190959757888544388980934356724535496789076307693189375411040397120044336213563505967374089274154395172105420265758452993645832585198070632260101329900383144999881739549,467.819803066,2541865828329,28.5639195054,55,7,0,,426.555742919,28.5639195054,1.02304805423,0.661494380278,1.43731700058,none_visible,12.278599014,0.333333333333,11.9452656806,existing_near_power_csv,local_obstruction_before_drift,local_residue_sieve,blocked_unfilled,darmon_granville_ceiling,blocked_unfilled,blocked_unfilled,Z,residue_only,blocked_unfilled,blocked_unfilled,under_test,Q_1009,pass_predefined,81,0,28.5639195054,0.352640981548,blocked_unfilled,control_class=actual_near_miss,28.5639195054,local_obstruction_before_drift
rank115_Q1009_random_root_sets,random_root_sets,115,7,7,3,103,231,327794,35221106836282184,327794,1009,prime_block_le_1009,81,148442751793136438533965338087543801190959757888544388980934356724535496789076307693189375411040397120044336213563505967374089274154395172105420265758452993645832585198070632260101329900383144999881739549,467.819803066,2541865828329,28.5639195054,55,7,0,,426.555742919,28.5639195054,1.04284571848,0.752490215738,1.8716334717,none_visible,12.278599014,0.333333333333,11.9452656806,deterministic_seeded_random_sets_same_cardinality,local_obstruction_before_drift,local_residue_sieve,blocked_unfilled,darmon_granville_ceiling,blocked_unfilled,blocked_unfilled,Z,residue_only,blocked_unfilled,blocked_unfilled,negative_control_passed,Q_1009,pass_predefined,81,0,28.5639195054,0.352640981548,blocked_unfilled,control_class=random_root_sets,28.5639195054,local_obstruction_before_drift
rank115_Q1009_exact_power_anchor,exact_power_anchor,115,7,7,3,103,231,327794,35221106836282184,327794,1009,prime_block_le_1009,81,148442751793136438533965338087543801190959757888544388980934356724535496789076307693189375411040397120044336213563505967374089274154395172105420265758452993645832585198070632260101329900383144999881739549,467.819803066,147808829414345923316083210206383297601,87.8889830934,0,0,1,327794,367.230679331,87.8889830934,1.00228035324,0.980216911299,1.02847553985,constructed_exact_power_root,12.278599014,0.333333333333,11.9452656806,C_from_near_power_row_as_positive_control,positive_control_survivor,local_residue_sieve,blocked_unfilled,darmon_granville_ceiling,blocked_unfilled,blocked_unfilled,Z,survivor_kandidat_requires_overlap_check,blocked_unfilled,blocked_unfilled,positive_control_passed,Q_1009,pass_predefined,81,3.05069647401e-06,87.8889830934,1.08504917399,blocked_unfilled,control_class=exact_power_anchor,87.8889830934,positive_control_survivor
rank116_Q1009_actual_near_miss,actual_near_miss,116,7,7,3,86,227,314453,31093329363837677,314453,1009,prime_block_le_1009,81,148442751793136438533965338087543801190959757888544388980934356724535496789076307693189375411040397120044336213563505967374089274154395172105420265758452993645832585198070632260101329900383144999881739549,467.819803066,847288609443,27.4653072167,55,7,0,,427.695905949,27.4653072167,1.01318147292,0.80553320634,1.53122900896,none_visible,12.3189024672,0.333333333333,11.9855691339,existing_near_power_csv,local_obstruction_before_drift,local_residue_sieve,blocked_unfilled,darmon_granville_ceiling,blocked_unfilled,blocked_unfilled,Z,residue_only,blocked_unfilled,blocked_unfilled,under_test,Q_1009,pass_predefined,81,0,27.4653072167,0.339077866873,blocked_unfilled,control_class=actual_near_miss,27.4653072167,local_obstruction_before_drift
rank116_Q1009_random_root_sets,random_root_sets,116,7,7,3,86,227,314453,31093329363837677,314453,1009,prime_block_le_1009,81,148442751793136438533965338087543801190959757888544388980934356724535496789076307693189375411040397120044336213563505967374089274154395172105420265758452993645832585198070632260101329900383144999881739549,467.819803066,847288609443,27.4653072167,55,7,0,,427.695905949,27.4653072167,0.972856878099,0.653724969321,1.10184104531,none_visible,12.3189024672,0.333333333333,11.9855691339,deterministic_seeded_random_sets_same_cardinality,local_obstruction_before_drift,local_residue_sieve,blocked_unfilled,darmon_granville_ceiling,blocked_unfilled,blocked_unfilled,Z,residue_only,blocked_unfilled,blocked_unfilled,negative_control_passed,Q_1009,pass_predefined,81,0,27.4653072167,0.339077866873,blocked_unfilled,control_class=random_root_sets,27.4653072167,local_obstruction_before_drift
rank116_Q1009_exact_power_anchor,exact_power_anchor,116,7,7,3,86,227,314453,31093329363837677,314453,1009,prime_block_le_1009,81,148442751793136438533965338087543801190959757888544388980934356724535496789076307693189375411040397120044336213563505967374089274154395172105420265758452993645832585198070632260101329900383144999881739549,467.819803066,443426488243037769948249630619149892803,88.9875953821,0,0,1,314453,366.173617783,88.9875953821,1.004986849,0.997562963835,1.02852996579,constructed_exact_power_root,12.3189024672,0.333333333333,11.9855691339,C_from_near_power_row_as_positive_control,positive_control_survivor,local_residue_sieve,blocked_unfilled,darmon_granville_ceiling,blocked_unfilled,blocked_unfilled,Z,survivor_kandidat_requires_overlap_check,blocked_unfilled,blocked_unfilled,positive_control_passed,Q_1009,pass_predefined,81,3.18012548775e-06,88.9875953821,1.09861228867,blocked_unfilled,control_class=exact_power_anchor,88.9875953821,positive_control_survivor
rank117_Q1009_actual_near_miss,actual_near_miss,117,7,7,4,74,177,8594,5454832223930896,8594,1009,prime_block_le_1009,168,9883326855402037591071935385995119237769544071052336268948774388464692156613644748904309606814293831245297812573737471660766117746371102064423456768885161432286497987467827050297144528442873088837053363555505746083646800378861291436855041666704610624315412063093301501729007973506838237506477051903879849849069942384994070557970314845526910370320580570131817760395064723644436433536440921569283170173653219381073021595,962.46883296,302231454903657293676544,54.0654800837,105,3,0,,899.344533312,54.0654800837,0.823411197735,0,2.78665347917,none_visible,26.5616514968,0.25,26.3116514968,existing_near_power_csv,local_obstruction_before_drift,local_residue_sieve,blocked_unfilled,darmon_granville_ceiling,blocked_unfilled,blocked_unfilled,Z,residue_only,blocked_unfilled,blocked_unfilled,under_test,Q_1009,pass_predefined,168,0,54.0654800837,0.321818333831,blocked_unfilled,control_class=actual_near_miss,54.0654800837,local_obstruction_before_drift
rank117_Q1009_random_root_sets,random_root_sets,117,7,7,4,74,177,8594,5454832223930896,8594,1009,prime_block_le_1009,168,9883326855402037591071935385995119237769544071052336268948774388464692156613644748904309606814293831245297812573737471660766117746371102064423456768885161432286497987467827050297144528442873088837053363555505746083646800378861291436855041666704610624315412063093301501729007973506838237506477051903879849849069942384994070557970314845526910370320580570131817760395064723644436433536440921569283170173653219381073021595,962.46883296,302231454903657293676544,54.0654800837,105,3,0,,899.344533312,54.0654800837,1.06501932065,0,5.55486385851,none_visible,26.5616514968,0.25,26.3116514968,deterministic_seeded_random_sets_same_cardinality,local_obstruction_before_drift,local_residue_sieve,blocked_unfilled,darmon_granville_ceiling,blocked_unfilled,blocked_unfilled,Z,residue_only,blocked_unfilled,blocked_unfilled,negative_control_passed,Q_1009,pass_predefined,168,0,54.0654800837,0.321818333831,blocked_unfilled,control_class=random_root_sets,54.0654800837,local_obstruction_before_drift
rank117_Q1009_exact_power_anchor,exact_power_anchor,117,7,7,4,74,177,8594,5454832223930896,8594,1009,prime_block_le_1009,168,9883326855402037591071935385995119237769544071052336268948774388464692156613644748904309606814293831245297812573737471660766117746371102064423456768885161432286497987467827050297144528442873088837053363555505746083646800378861291436855041666704610624315412063093301501729007973506838237506477051903879849849069942384994070557970314845526910370320580570131817760395064723644436433536440921569283170173653219381073021595,962.46883296,904625697166532776746648320380374280103671755200316906558262375061821325312,172.593647959,0,0,1,8594,780.816365436,172.593647959,1.02919945359,0.926234873167,1.28932976495,constructed_exact_power_root,26.5616514968,0.25,26.3116514968,C_from_near_power_row_as_positive_control,positive_control_survivor,local_residue_sieve,blocked_unfilled,darmon_granville_ceiling,blocked_unfilled,blocked_unfilled,Z,survivor_kandidat_requires_overlap_check,blocked_unfilled,blocked_unfilled,positive_control_passed,Q_1009,pass_predefined,168,0.000116360251338,172.593647959,1.02734314262,blocked_unfilled,control_class=exact_power_anchor,172.593647959,positive_control_survivor
rank118_Q1009_actual_near_miss,actual_near_miss,118,6,7,3,171,179,180830,5913048577787000,180830,1009,prime_block_le_1009,81,148442751793136438533965338087543801190959757888544388980934356724535496789076307693189375411040397120044336213563505967374089274154395172105420265758452993645832585198070632260101329900383144999881739549,467.819803066,282429536481,26.366694928,57,7,0,,429.347795495,26.366694928,0.803205375321,0,1.53532538234,none_visible,12.8819419177,0.333333333333,12.5486085844,existing_near_power_csv,local_obstruction_before_drift,local_residue_sieve,blocked_unfilled,darmon_granville_ceiling,blocked_unfilled,blocked_unfilled,Z,residue_only,blocked_unfilled,blocked_unfilled,under_test,Q_1009,pass_predefined,81,0,26.366694928,0.325514752198,blocked_unfilled,control_class=actual_near_miss,26.366694928,local_obstruction_before_drift
rank118_Q1009_random_root_sets,random_root_sets,118,6,7,3,171,179,180830,5913048577787000,180830,1009,prime_block_le_1009,81,148442751793136438533965338087543801190959757888544388980934356724535496789076307693189375411040397120044336213563505967374089274154395172105420265758452993645832585198070632260101329900383144999881739549,467.819803066,282429536481,26.366694928,57,7,0,,429.347795495,26.366694928,1.17565896493,0,2.18672172144,none_visible,12.8819419177,0.333333333333,12.5486085844,deterministic_seeded_random_sets_same_cardinality,local_obstruction_before_drift,local_residue_sieve,blocked_unfilled,darmon_granville_ceiling,blocked_unfilled,blocked_unfilled,Z,residue_only,blocked_unfilled,blocked_unfilled,negative_control_passed,Q_1009,pass_predefined,81,0,26.366694928,0.325514752198,blocked_unfilled,control_class=random_root_sets,26.366694928,local_obstruction_before_drift
rank118_Q1009_exact_power_anchor,exact_power_anchor,118,6,7,3,171,179,180830,5913048577787000,180830,1009,prime_block_le_1009,81,148442751793136438533965338087543801190959757888544388980934356724535496789076307693189375411040397120044336213563505967374089274154395172105420265758452993645832585198070632260101329900383144999881739549,467.819803066,147808829414345923316083210206383297601,87.8889830934,0,0,1,180830,367.82550733,87.8889830934,1.00876198947,0.96140758355,1.08514934223,constructed_exact_power_root,12.8819419177,0.333333333333,12.5486085844,C_from_near_power_row_as_positive_control,positive_control_survivor,local_residue_sieve,blocked_unfilled,darmon_granville_ceiling,blocked_unfilled,blocked_unfilled,Z,survivor_kandidat_requires_overlap_check,blocked_unfilled,blocked_unfilled,positive_control_passed,Q_1009,pass_predefined,81,5.53005585356e-06,87.8889830934,1.08504917399,blocked_unfilled,control_class=exact_power_anchor,87.8889830934,positive_control_survivor
rank119_Q1009_actual_near_miss,actual_near_miss,119,6,7,3,216,191,210857,9374844432292793,210857,1009,prime_block_le_1009,81,148442751793136438533965338087543801190959757888544388980934356724535496789076307693189375411040397120044336213563505967374089274154395172105420265758452993645832585198070632260101329900383144999881739549,467.819803066,847288609443,27.4653072167,56,7,0,,428.095560392,27.4653072167,0.990830256384,0.426764742614,1.68484170156,none_visible,12.7205118988,0.333333333333,12.3871785655,existing_near_power_csv,local_obstruction_before_drift,local_residue_sieve,blocked_unfilled,darmon_granville_ceiling,blocked_unfilled,blocked_unfilled,Z,residue_only,blocked_unfilled,blocked_unfilled,under_test,Q_1009,pass_predefined,81,0,27.4653072167,0.339077866873,blocked_unfilled,control_class=actual_near_miss,27.4653072167,local_obstruction_before_drift
rank119_Q1009_random_root_sets,random_root_sets,119,6,7,3,216,191,210857,9374844432292793,210857,1009,prime_block_le_1009,81,148442751793136438533965338087543801190959757888544388980934356724535496789076307693189375411040397120044336213563505967374089274154395172105420265758452993645832585198070632260101329900383144999881739549,467.819803066,847288609443,27.4653072167,56,7,0,,428.095560392,27.4653072167,0.979960549883,0.543225450845,1.60315021291,none_visible,12.7205118988,0.333333333333,12.3871785655,deterministic_seeded_random_sets_same_cardinality,local_obstruction_before_drift,local_residue_sieve,blocked_unfilled,darmon_granville_ceiling,blocked_unfilled,blocked_unfilled,Z,residue_only,blocked_unfilled,blocked_unfilled,negative_control_passed,Q_1009,pass_predefined,81,0,27.4653072167,0.339077866873,blocked_unfilled,control_class=random_root_sets,27.4653072167,local_obstruction_before_drift
rank119_Q1009_exact_power_anchor,exact_power_anchor,119,6,7,3,216,191,210857,9374844432292793,210857,1009,prime_block_le_1009,81,148442751793136438533965338087543801190959757888544388980934356724535496789076307693189375411040397120044336213563505967374089274154395172105420265758452993645832585198070632260101329900383144999881739549,467.819803066,443426488243037769948249630619149892803,88.9875953821,0,0,1,210857,366.573272226,88.9875953821,1.00643748554,0.986900021236,1.03216714013,constructed_exact_power_root,12.7205118988,0.333333333333,12.3871785655,C_from_near_power_row_as_positive_control,positive_control_survivor,local_residue_sieve,blocked_unfilled,darmon_granville_ceiling,blocked_unfilled,blocked_unfilled,Z,survivor_kandidat_requires_overlap_check,blocked_unfilled,blocked_unfilled,positive_control_passed,Q_1009,pass_predefined,81,4.74255063858e-06,88.9875953821,1.09861228867,blocked_unfilled,control_class=exact_power_anchor,88.9875953821,positive_control_survivor
rank120_Q1009_actual_near_miss,actual_near_miss,120,7,7,3,71,174,169130,4837956360497000,169130,1009,prime_block_le_1009,81,148442751793136438533965338087543801190959757888544388980934356724535496789076307693189375411040397120044336213563505967374089274154395172105420265758452993645832585198070632260101329900383144999881739549,467.819803066,1162261467,20.8736334847,60,13,0,,434.907746652,20.8736334847,1.04205505955,0.477629305531,1.72326809752,none_visible,12.9535185194,0.333333333333,12.6201851861,existing_near_power_csv,local_obstruction_before_drift,local_residue_sieve,blocked_unfilled,darmon_granville_ceiling,blocked_unfilled,blocked_unfilled,Z,residue_only,blocked_unfilled,blocked_unfilled,under_test,Q_1009,pass_predefined,81,0,20.8736334847,0.257699178823,blocked_unfilled,control_class=actual_near_miss,20.8736334847,local_obstruction_before_drift
rank120_Q1009_random_root_sets,random_root_sets,120,7,7,3,71,174,169130,4837956360497000,169130,1009,prime_block_le_1009,81,148442751793136438533965338087543801190959757888544388980934356724535496789076307693189375411040397120044336213563505967374089274154395172105420265758452993645832585198070632260101329900383144999881739549,467.819803066,1162261467,20.8736334847,60,13,0,,434.907746652,20.8736334847,1.00738636289,0.29277347471,1.59616271507,none_visible,12.9535185194,0.333333333333,12.6201851861,deterministic_seeded_random_sets_same_cardinality,local_obstruction_before_drift,local_residue_sieve,blocked_unfilled,darmon_granville_ceiling,blocked_unfilled,blocked_unfilled,Z,residue_only,blocked_unfilled,blocked_unfilled,negative_control_passed,Q_1009,pass_predefined,81,0,20.8736334847,0.257699178823,blocked_unfilled,control_class=random_root_sets,20.8736334847,local_obstruction_before_drift
rank120_Q1009_exact_power_anchor,exact_power_anchor,120,7,7,3,71,174,169130,4837956360497000,169130,1009,prime_block_le_1009,81,148442751793136438533965338087543801190959757888544388980934356724535496789076307693189375411040397120044336213563505967374089274154395172105420265758452993645832585198070632260101329900383144999881739549,467.819803066,147808829414345923316083210206383297601,87.8889830934,0,0,1,169130,367.892397043,87.8889830934,1.00863605357,0.95829440864,1.05100087375,constructed_exact_power_root,12.9535185194,0.333333333333,12.6201851861,C_from_near_power_row_as_positive_control,positive_control_survivor,local_residue_sieve,blocked_unfilled,darmon_granville_ceiling,blocked_unfilled,blocked_unfilled,Z,survivor_kandidat_requires_overlap_check,blocked_unfilled,blocked_unfilled,positive_control_passed,Q_1009,pass_predefined,81,5.91261160054e-06,87.8889830934,1.08504917399,blocked_unfilled,control_class=exact_power_anchor,87.8889830934,positive_control_survivor
rank121_Q1009_actual_near_miss,actual_near_miss,121,6,6,3,59,178,31698,31848984040392,31698,1009,prime_block_le_1009,81,148442751793136438533965338087543801190959757888544388980934356724535496789076307693189375411040397120044336213563505967374089274154395172105420265758452993645832585198070632260101329900383144999881739549,467.819803066,68630377364883,31.8597563714,50,7,0,,425.596037828,31.8597563714,0.960714018644,0,2.45387371092,none_visible,15.0462949584,0.333333333333,14.7129616251,existing_near_power_csv,local_obstruction_before_drift,local_residue_sieve,blocked_unfilled,darmon_granville_ceiling,blocked_unfilled,blocked_unfilled,Z,residue_only,blocked_unfilled,blocked_unfilled,under_test,Q_1009,pass_predefined,81,0,31.8597563714,0.393330325573,blocked_unfilled,control_class=actual_near_miss,31.8597563714,local_obstruction_before_drift
rank121_Q1009_random_root_sets,random_root_sets,121,6,6,3,59,178,31698,31848984040392,31698,1009,prime_block_le_1009,81,148442751793136438533965338087543801190959757888544388980934356724535496789076307693189375411040397120044336213563505967374089274154395172105420265758452993645832585198070632260101329900383144999881739549,467.819803066,68630377364883,31.8597563714,50,7,0,,425.596037828,31.8597563714,0.862412601099,0,1.95968550417,none_visible,15.0462949584,0.333333333333,14.7129616251,deterministic_seeded_random_sets_same_cardinality,local_obstruction_before_drift,local_residue_sieve,blocked_unfilled,darmon_granville_ceiling,blocked_unfilled,blocked_unfilled,Z,residue_only,blocked_unfilled,blocked_unfilled,negative_control_passed,Q_1009,pass_predefined,81,0,31.8597563714,0.393330325573,blocked_unfilled,control_class=random_root_sets,31.8597563714,local_obstruction_before_drift
rank121_Q1009_exact_power_anchor,exact_power_anchor,121,6,6,3,59,178,31698,31848984040392,31698,1009,prime_block_le_1009,81,148442751793136438533965338087543801190959757888544388980934356724535496789076307693189375411040397120044336213563505967374089274154395172105420265758452993645832585198070632260101329900383144999881739549,467.819803066,443426488243037769948249630619149892803,88.9875953821,0,0,1,31698,368.468198817,88.9875953821,1.0183452981,0.807769154731,1.2530373455,constructed_exact_power_root,15.0462949584,0.333333333333,14.7129616251,C_from_near_power_row_as_positive_control,positive_control_survivor,local_residue_sieve,blocked_unfilled,darmon_granville_ceiling,blocked_unfilled,blocked_unfilled,Z,survivor_kandidat_requires_overlap_check,blocked_unfilled,blocked_unfilled,positive_control_passed,Q_1009,pass_predefined,81,3.15477317181e-05,88.9875953821,1.09861228867,blocked_unfilled,control_class=exact_power_anchor,88.9875953821,positive_control_survivor
rank122_Q1009_actual_near_miss,actual_near_miss,122,5,7,3,199,105,52051,141022117888651,52051,1009,prime_block_le_1009,81,148442751793136438533965338087543801190959757888544388980934356724535496789076307693189375411040397120044336213563505967374089274154395172105420265758452993645832585198070632260101329900383144999881739549,467.819803066,22876792454961,30.7611440827,53,7,0,,426.198679697,30.7611440827,0.966522595005,0,2.5695695888,none_visible,14.3591373654,0.333333333333,14.0258040321,existing_near_power_csv,local_obstruction_before_drift,local_residue_sieve,blocked_unfilled,darmon_granville_ceiling,blocked_unfilled,blocked_unfilled,Z,residue_only,blocked_unfilled,blocked_unfilled,under_test,Q_1009,pass_predefined,81,0,30.7611440827,0.379767210898,blocked_unfilled,control_class=actual_near_miss,30.7611440827,local_obstruction_before_drift
rank122_Q1009_random_root_sets,random_root_sets,122,5,7,3,199,105,52051,141022117888651,52051,1009,prime_block_le_1009,81,148442751793136438533965338087543801190959757888544388980934356724535496789076307693189375411040397120044336213563505967374089274154395172105420265758452993645832585198070632260101329900383144999881739549,467.819803066,22876792454961,30.7611440827,53,7,0,,426.198679697,30.7611440827,0.941303027586,0,1.62308334347,none_visible,14.3591373654,0.333333333333,14.0258040321,deterministic_seeded_random_sets_same_cardinality,local_obstruction_before_drift,local_residue_sieve,blocked_unfilled,darmon_granville_ceiling,blocked_unfilled,blocked_unfilled,Z,residue_only,blocked_unfilled,blocked_unfilled,negative_control_passed,Q_1009,pass_predefined,81,0,30.7611440827,0.379767210898,blocked_unfilled,control_class=random_root_sets,30.7611440827,local_obstruction_before_drift
rank122_Q1009_exact_power_anchor,exact_power_anchor,122,5,7,3,199,105,52051,141022117888651,52051,1009,prime_block_le_1009,81,148442751793136438533965338087543801190959757888544388980934356724535496789076307693189375411040397120044336213563505967374089274154395172105420265758452993645832585198070632260101329900383144999881739549,467.819803066,443426488243037769948249630619149892803,88.9875953821,0,0,1,52051,367.972228398,88.9875953821,1.04117845247,0.94247735661,1.34448265483,constructed_exact_power_root,14.3591373654,0.333333333333,14.0258040321,C_from_near_power_row_as_positive_control,positive_control_survivor,local_residue_sieve,blocked_unfilled,darmon_granville_ceiling,blocked_unfilled,blocked_unfilled,Z,survivor_kandidat_requires_overlap_check,blocked_unfilled,blocked_unfilled,positive_control_passed,Q_1009,pass_predefined,81,1.92119267641e-05,88.9875953821,1.09861228867,blocked_unfilled,control_class=exact_power_anchor,88.9875953821,positive_control_survivor
rank123_Q1009_actual_near_miss,actual_near_miss,123,6,7,3,141,161,141145,2811878131623625,141145,1009,prime_block_le_1009,81,148442751793136438533965338087543801190959757888544388980934356724535496789076307693189375411040397120044336213563505967374089274154395172105420265758452993645832585198070632260101329900383144999881739549,467.819803066,1162261467,20.8736334847,62,13,0,,435.088626571,20.8736334847,0.86038396728,0,1.610475437,none_visible,13.1511169074,0.333333333333,12.817783574,existing_near_power_csv,local_obstruction_before_drift,local_residue_sieve,blocked_unfilled,darmon_granville_ceiling,blocked_unfilled,blocked_unfilled,Z,residue_only,blocked_unfilled,blocked_unfilled,under_test,Q_1009,pass_predefined,81,0,20.8736334847,0.257699178823,blocked_unfilled,control_class=actual_near_miss,20.8736334847,local_obstruction_before_drift
rank123_Q1009_random_root_sets,random_root_sets,123,6,7,3,141,161,141145,2811878131623625,141145,1009,prime_block_le_1009,81,148442751793136438533965338087543801190959757888544388980934356724535496789076307693189375411040397120044336213563505967374089274154395172105420265758452993645832585198070632260101329900383144999881739549,467.819803066,1162261467,20.8736334847,62,13,0,,435.088626571,20.8736334847,0.895792086677,0,1.3911973896,none_visible,13.1511169074,0.333333333333,12.817783574,deterministic_seeded_random_sets_same_cardinality,local_obstruction_before_drift,local_residue_sieve,blocked_unfilled,darmon_granville_ceiling,blocked_unfilled,blocked_unfilled,Z,residue_only,blocked_unfilled,blocked_unfilled,negative_control_passed,Q_1009,pass_predefined,81,0,20.8736334847,0.257699178823,blocked_unfilled,control_class=random_root_sets,20.8736334847,local_obstruction_before_drift
rank123_Q1009_exact_power_anchor,exact_power_anchor,123,6,7,3,141,161,141145,2811878131623625,141145,1009,prime_block_le_1009,81,148442751793136438533965338087543801190959757888544388980934356724535496789076307693189375411040397120044336213563505967374089274154395172105420265758452993645832585198070632260101329900383144999881739549,467.819803066,443426488243037769948249630619149892803,88.9875953821,0,0,1,141145,366.974664674,88.9875953821,1.00726016587,0.967503079969,1.07248810325,constructed_exact_power_root,13.1511169074,0.333333333333,12.817783574,C_from_near_power_row_as_positive_control,positive_control_survivor,local_residue_sieve,blocked_unfilled,darmon_granville_ceiling,blocked_unfilled,blocked_unfilled,Z,survivor_kandidat_requires_overlap_check,blocked_unfilled,blocked_unfilled,positive_control_passed,Q_1009,pass_predefined,81,7.08491267845e-06,88.9875953821,1.09861228867,blocked_unfilled,control_class=exact_power_anchor,88.9875953821,positive_control_survivor
rank124_Q1009_actual_near_miss,actual_near_miss,124,7,6,4,64,157,2098,19374117772816,2098,1009,prime_block_le_1009,168,9883326855402037591071935385995119237769544071052336268948774388464692156613644748904309606814293831245297812573737471660766117746371102064423456768885161432286497987467827050297144528442873088837053363555505746083646800378861291436855041666704610624315412063093301501729007973506838237506477051903879849849069942384994070557970314845526910370320580570131817760395064723644436433536440921569283170173653219381073021595,962.46883296,295147905179352825856,47.1340082781,107,3,0,,907.686084893,47.1340082781,0.491904492374,0,4.14960676835,none_visible,31.4584120887,0.25,31.2084120887,existing_near_power_csv,local_obstruction_before_drift,local_residue_sieve,blocked_unfilled,darmon_granville_ceiling,blocked_unfilled,blocked_unfilled,Z,residue_only,blocked_unfilled,blocked_unfilled,under_test,Q_1009,pass_predefined,168,0,47.1340082781,0.280559573084,blocked_unfilled,control_class=actual_near_miss,47.1340082781,local_obstruction_before_drift
rank124_Q1009_random_root_sets,random_root_sets,124,7,6,4,64,157,2098,19374117772816,2098,1009,prime_block_le_1009,168,9883326855402037591071935385995119237769544071052336268948774388464692156613644748904309606814293831245297812573737471660766117746371102064423456768885161432286497987467827050297144528442873088837053363555505746083646800378861291436855041666704610624315412063093301501729007973506838237506477051903879849849069942384994070557970314845526910370320580570131817760395064723644436433536440921569283170173653219381073021595,962.46883296,295147905179352825856,47.1340082781,107,3,0,,907.686084893,47.1340082781,0.578745630759,0,2.16980457579,none_visible,31.4584120887,0.25,31.2084120887,deterministic_seeded_random_sets_same_cardinality,local_obstruction_before_drift,local_residue_sieve,blocked_unfilled,darmon_granville_ceiling,blocked_unfilled,blocked_unfilled,Z,residue_only,blocked_unfilled,blocked_unfilled,negative_control_passed,Q_1009,pass_predefined,168,0,47.1340082781,0.280559573084,blocked_unfilled,control_class=random_root_sets,47.1340082781,local_obstruction_before_drift
rank124_Q1009_exact_power_anchor,exact_power_anchor,124,7,6,4,64,157,2098,19374117772816,2098,1009,prime_block_le_1009,168,9883326855402037591071935385995119237769544071052336268948774388464692156613644748904309606814293831245297812573737471660766117746371102064423456768885161432286497987467827050297144528442873088837053363555505746083646800378861291436855041666704610624315412063093301501729007973506838237506477051903879849849069942384994070557970314845526910370320580570131817760395064723644436433536440921569283170173653219381073021595,962.46883296,904625697166532776746648320380374280103671755200316906558262375061821325312,172.593647959,0,0,1,2098,782.226445211,172.593647959,1.10387869399,0.880243088656,1.56267874166,constructed_exact_power_root,31.4584120887,0.25,31.2084120887,C_from_near_power_row_as_positive_control,positive_control_survivor,local_residue_sieve,blocked_unfilled,darmon_granville_ceiling,blocked_unfilled,blocked_unfilled,Z,survivor_kandidat_requires_overlap_check,blocked_unfilled,blocked_unfilled,positive_control_passed,Q_1009,pass_predefined,168,0.00047664442326,172.593647959,1.02734314262,blocked_unfilled,control_class=exact_power_anchor,172.593647959,positive_control_survivor
rank125_Q1009_actual_near_miss,actual_near_miss,125,6,6,4,128,157,2098,19374117772816,2098,1009,prime_block_le_1009,168,9883326855402037591071935385995119237769544071052336268948774388464692156613644748904309606814293831245297812573737471660766117746371102064423456768885161432286497987467827050297144528442873088837053363555505746083646800378861291436855041666704610624315412063093301501729007973506838237506477051903879849849069942384994070557970314845526910370320580570131817760395064723644436433536440921569283170173653219381073021595,962.46883296,295147905179352825856,47.1340082781,107,3,0,,907.686084893,47.1340082781,0.491904492374,0,4.14960676835,none_visible,31.4584120887,0.25,31.2084120887,existing_near_power_csv,local_obstruction_before_drift,local_residue_sieve,blocked_unfilled,darmon_granville_ceiling,blocked_unfilled,blocked_unfilled,Z,residue_only,blocked_unfilled,blocked_unfilled,under_test,Q_1009,pass_predefined,168,0,47.1340082781,0.280559573084,blocked_unfilled,control_class=actual_near_miss,47.1340082781,local_obstruction_before_drift
rank125_Q1009_random_root_sets,random_root_sets,125,6,6,4,128,157,2098,19374117772816,2098,1009,prime_block_le_1009,168,9883326855402037591071935385995119237769544071052336268948774388464692156613644748904309606814293831245297812573737471660766117746371102064423456768885161432286497987467827050297144528442873088837053363555505746083646800378861291436855041666704610624315412063093301501729007973506838237506477051903879849849069942384994070557970314845526910370320580570131817760395064723644436433536440921569283170173653219381073021595,962.46883296,295147905179352825856,47.1340082781,107,3,0,,907.686084893,47.1340082781,0.329222275183,0,1.33674928503,none_visible,31.4584120887,0.25,31.2084120887,deterministic_seeded_random_sets_same_cardinality,local_obstruction_before_drift,local_residue_sieve,blocked_unfilled,darmon_granville_ceiling,blocked_unfilled,blocked_unfilled,Z,residue_only,blocked_unfilled,blocked_unfilled,negative_control_passed,Q_1009,pass_predefined,168,0,47.1340082781,0.280559573084,blocked_unfilled,control_class=random_root_sets,47.1340082781,local_obstruction_before_drift
rank125_Q1009_exact_power_anchor,exact_power_anchor,125,6,6,4,128,157,2098,19374117772816,2098,1009,prime_block_le_1009,168,9883326855402037591071935385995119237769544071052336268948774388464692156613644748904309606814293831245297812573737471660766117746371102064423456768885161432286497987467827050297144528442873088837053363555505746083646800378861291436855041666704610624315412063093301501729007973506838237506477051903879849849069942384994070557970314845526910370320580570131817760395064723644436433536440921569283170173653219381073021595,962.46883296,904625697166532776746648320380374280103671755200316906558262375061821325312,172.593647959,0,0,1,2098,782.226445211,172.593647959,1.10387869399,0.880243088656,1.56267874166,constructed_exact_power_root,31.4584120887,0.25,31.2084120887,C_from_near_power_row_as_positive_control,positive_control_survivor,local_residue_sieve,blocked_unfilled,darmon_granville_ceiling,blocked_unfilled,blocked_unfilled,Z,survivor_kandidat_requires_overlap_check,blocked_unfilled,blocked_unfilled,positive_control_passed,Q_1009,pass_predefined,168,0.00047664442326,172.593647959,1.02734314262,blocked_unfilled,control_class=exact_power_anchor,172.593647959,positive_control_survivor
rank126_Q1009_actual_near_miss,actual_near_miss,126,7,7,3,217,246,425757,77176555446273093,425757,1009,prime_block_le_1009,81,148442751793136438533965338087543801190959757888544388980934356724535496789076307693189375411040397120044336213563505967374089274154395172105420265758452993645832585198070632260101329900383144999881739549,467.819803066,68630377364883,31.8597563714,51,37,0,,422.998422655,31.8597563714,1.02038535675,0.873951573315,1.25199820555,none_visible,12.0308947301,0.333333333333,11.6975613967,existing_near_power_csv,local_obstruction_before_drift,local_residue_sieve,blocked_unfilled,darmon_granville_ceiling,blocked_unfilled,blocked_unfilled,Z,residue_only,blocked_unfilled,blocked_unfilled,under_test,Q_1009,pass_predefined,81,0,31.8597563714,0.393330325573,blocked_unfilled,control_class=actual_near_miss,31.8597563714,local_obstruction_before_drift
rank126_Q1009_random_root_sets,random_root_sets,126,7,7,3,217,246,425757,77176555446273093,425757,1009,prime_block_le_1009,81,148442751793136438533965338087543801190959757888544388980934356724535496789076307693189375411040397120044336213563505967374089274154395172105420265758452993645832585198070632260101329900383144999881739549,467.819803066,68630377364883,31.8597563714,51,37,0,,422.998422655,31.8597563714,1.00981525151,0.952968477324,1.25199820555,none_visible,12.0308947301,0.333333333333,11.6975613967,deterministic_seeded_random_sets_same_cardinality,local_obstruction_before_drift,local_residue_sieve,blocked_unfilled,darmon_granville_ceiling,blocked_unfilled,blocked_unfilled,Z,residue_only,blocked_unfilled,blocked_unfilled,negative_control_passed,Q_1009,pass_predefined,81,0,31.8597563714,0.393330325573,blocked_unfilled,control_class=random_root_sets,31.8597563714,local_obstruction_before_drift
rank126_Q1009_exact_power_anchor,exact_power_anchor,126,7,7,3,217,246,425757,77176555446273093,425757,1009,prime_block_le_1009,81,148442751793136438533965338087543801190959757888544388980934356724535496789076307693189375411040397120044336213563505967374089274154395172105420265758452993645832585198070632260101329900383144999881739549,467.819803066,147808829414345923316083210206383297601,87.8889830934,0,0,1,425757,366.969195932,87.8889830934,1.00436545964,0.999111125726,1.0188268582,constructed_exact_power_root,12.0308947301,0.333333333333,11.6975613967,C_from_near_power_row_as_positive_control,positive_control_survivor,local_residue_sieve,blocked_unfilled,darmon_granville_ceiling,blocked_unfilled,blocked_unfilled,Z,survivor_kandidat_requires_overlap_check,blocked_unfilled,blocked_unfilled,positive_control_passed,Q_1009,pass_predefined,81,2.34875762465e-06,87.8889830934,1.08504917399,blocked_unfilled,control_class=exact_power_anchor,87.8889830934,positive_control_survivor
rank127_Q1009_actual_near_miss,actual_near_miss,127,5,7,3,197,81,28510,23173501051000,28510,1009,prime_block_le_1009,81,148442751793136438533965338087543801190959757888544388980934356724535496789076307693189375411040397120044336213563505967374089274154395172105420265758452993645832585198070632260101329900383144999881739549,467.819803066,282429536481,26.366694928,57,7,0,,431.195097956,26.366694928,0.97670857077,0,2.73595619471,none_visible,15.2017722336,0.333333333333,14.8684389003,existing_near_power_csv,local_obstruction_before_drift,local_residue_sieve,blocked_unfilled,darmon_granville_ceiling,blocked_unfilled,blocked_unfilled,Z,residue_only,blocked_unfilled,blocked_unfilled,under_test,Q_1009,pass_predefined,81,0,26.366694928,0.325514752198,blocked_unfilled,control_class=actual_near_miss,26.366694928,local_obstruction_before_drift
rank127_Q1009_random_root_sets,random_root_sets,127,5,7,3,197,81,28510,23173501051000,28510,1009,prime_block_le_1009,81,148442751793136438533965338087543801190959757888544388980934356724535496789076307693189375411040397120044336213563505967374089274154395172105420265758452993645832585198070632260101329900383144999881739549,467.819803066,282429536481,26.366694928,57,7,0,,431.195097956,26.366694928,1.04340489056,0,6.036018551,none_visible,15.2017722336,0.333333333333,14.8684389003,deterministic_seeded_random_sets_same_cardinality,local_obstruction_before_drift,local_residue_sieve,blocked_unfilled,darmon_granville_ceiling,blocked_unfilled,blocked_unfilled,Z,residue_only,blocked_unfilled,blocked_unfilled,negative_control_passed,Q_1009,pass_predefined,81,0,26.366694928,0.325514752198,blocked_unfilled,control_class=random_root_sets,26.366694928,local_obstruction_before_drift
rank127_Q1009_exact_power_anchor,exact_power_anchor,127,5,7,3,197,81,28510,23173501051000,28510,1009,prime_block_le_1009,81,148442751793136438533965338087543801190959757888544388980934356724535496789076307693189375411040397120044336213563505967374089274154395172105420265758452993645832585198070632260101329900383144999881739549,467.819803066,443426488243037769948249630619149892803,88.9875953821,0,0,1,28510,368.574197502,88.9875953821,1.03205990101,0.860345297946,1.22528937215,constructed_exact_power_root,15.2017722336,0.333333333333,14.8684389003,C_from_near_power_row_as_positive_control,positive_control_survivor,local_residue_sieve,blocked_unfilled,darmon_granville_ceiling,blocked_unfilled,blocked_unfilled,Z,survivor_kandidat_requires_overlap_check,blocked_unfilled,blocked_unfilled,positive_control_passed,Q_1009,pass_predefined,81,3.50754121361e-05,88.9875953821,1.09861228867,blocked_unfilled,control_class=exact_power_anchor,88.9875953821,positive_control_survivor
rank128_Q1009_actual_near_miss,actual_near_miss,128,6,6,3,127,244,59928,215223332746752,59928,1009,prime_block_le_1009,81,148442751793136438533965338087543801190959757888544388980934356724535496789076307693189375411040397120044336213563505967374089274154395172105420265758452993645832585198070632260101329900383144999881739549,467.819803066,3486784401,21.9722457734,57,7,0,,434.846658172,21.9722457734,0.970167260294,0,2.89672792536,none_visible,14.1751990129,0.333333333333,13.8418656795,existing_near_power_csv,local_obstruction_before_drift,local_residue_sieve,blocked_unfilled,darmon_granville_ceiling,blocked_unfilled,blocked_unfilled,Z,residue_only,blocked_unfilled,blocked_unfilled,under_test,Q_1009,pass_predefined,81,0,21.9722457734,0.271262293498,blocked_unfilled,control_class=actual_near_miss,21.9722457734,local_obstruction_before_drift
rank128_Q1009_random_root_sets,random_root_sets,128,6,6,3,127,244,59928,215223332746752,59928,1009,prime_block_le_1009,81,148442751793136438533965338087543801190959757888544388980934356724535496789076307693189375411040397120044336213563505967374089274154395172105420265758452993645832585198070632260101329900383144999881739549,467.819803066,3486784401,21.9722457734,57,7,0,,434.846658172,21.9722457734,1.02446962119,0,2.84301532209,none_visible,14.1751990129,0.333333333333,13.8418656795,deterministic_seeded_random_sets_same_cardinality,local_obstruction_before_drift,local_residue_sieve,blocked_unfilled,darmon_granville_ceiling,blocked_unfilled,blocked_unfilled,Z,residue_only,blocked_unfilled,blocked_unfilled,negative_control_passed,Q_1009,pass_predefined,81,0,21.9722457734,0.271262293498,blocked_unfilled,control_class=random_root_sets,21.9722457734,local_obstruction_before_drift
rank128_Q1009_exact_power_anchor,exact_power_anchor,128,6,6,3,127,244,59928,215223332746752,59928,1009,prime_block_le_1009,81,148442751793136438533965338087543801190959757888544388980934356724535496789076307693189375411040397120044336213563505967374089274154395172105420265758452993645832585198070632260101329900383144999881739549,467.819803066,443426488243037769948249630619149892803,88.9875953821,0,0,1,59928,367.831308563,88.9875953821,1.00593343185,0.925723831561,1.08009055311,constructed_exact_power_root,14.1751990129,0.333333333333,13.8418656795,C_from_near_power_row_as_positive_control,positive_control_survivor,local_residue_sieve,blocked_unfilled,darmon_granville_ceiling,blocked_unfilled,blocked_unfilled,Z,survivor_kandidat_requires_overlap_check,blocked_unfilled,blocked_unfilled,positive_control_passed,Q_1009,pass_predefined,81,1.66866906955e-05,88.9875953821,1.09861228867,blocked_unfilled,control_class=exact_power_anchor,88.9875953821,positive_control_survivor
rank129_Q1009_actual_near_miss,actual_near_miss,129,6,7,3,167,198,228638,11952128053790072,228638,1009,prime_block_le_1009,81,148442751793136438533965338087543801190959757888544388980934356724535496789076307693189375411040397120044336213563505967374089274154395172105420265758452993645832585198070632260101329900383144999881739549,467.819803066,205891132094649,32.95836866,49,7,0,,422.52153916,32.95836866,0.97604741022,0.580272453981,1.12077655994,none_visible,12.6370549547,0.333333333333,12.3037216213,existing_near_power_csv,local_obstruction_before_drift,local_residue_sieve,blocked_unfilled,darmon_granville_ceiling,blocked_unfilled,blocked_unfilled,Z,residue_only,blocked_unfilled,blocked_unfilled,under_test,Q_1009,pass_predefined,81,0,32.95836866,0.406893440247,blocked_unfilled,control_class=actual_near_miss,32.95836866,local_obstruction_before_drift
rank129_Q1009_random_root_sets,random_root_sets,129,6,7,3,167,198,228638,11952128053790072,228638,1009,prime_block_le_1009,81,148442751793136438533965338087543801190959757888544388980934356724535496789076307693189375411040397120044336213563505967374089274154395172105420265758452993645832585198070632260101329900383144999881739549,467.819803066,205891132094649,32.95836866,49,7,0,,422.52153916,32.95836866,1.01392074014,0.80055468567,1.32883276912,none_visible,12.6370549547,0.333333333333,12.3037216213,deterministic_seeded_random_sets_same_cardinality,local_obstruction_before_drift,local_residue_sieve,blocked_unfilled,darmon_granville_ceiling,blocked_unfilled,blocked_unfilled,Z,residue_only,blocked_unfilled,blocked_unfilled,negative_control_passed,Q_1009,pass_predefined,81,0,32.95836866,0.406893440247,blocked_unfilled,control_class=random_root_sets,32.95836866,local_obstruction_before_drift
rank129_Q1009_exact_power_anchor,exact_power_anchor,129,6,7,3,167,198,228638,11952128053790072,228638,1009,prime_block_le_1009,81,148442751793136438533965338087543801190959757888544388980934356724535496789076307693189375411040397120044336213563505967374089274154395172105420265758452993645832585198070632260101329900383144999881739549,467.819803066,443426488243037769948249630619149892803,88.9875953821,0,0,1,228638,366.492312438,88.9875953821,1.00491137049,0.989225568609,1.06107957169,constructed_exact_power_root,12.6370549547,0.333333333333,12.3037216213,C_from_near_power_row_as_positive_control,positive_control_survivor,local_residue_sieve,blocked_unfilled,darmon_granville_ceiling,blocked_unfilled,blocked_unfilled,Z,survivor_kandidat_requires_overlap_check,blocked_unfilled,blocked_unfilled,positive_control_passed,Q_1009,pass_predefined,81,4.37372615226e-06,88.9875953821,1.09861228867,blocked_unfilled,control_class=exact_power_anchor,88.9875953821,positive_control_survivor
rank130_Q1009_actual_near_miss,actual_near_miss,130,7,7,3,103,238,351364,43378226058516544,351364,1009,prime_block_le_1009,81,148442751793136438533965338087543801190959757888544388980934356724535496789076307693189375411040397120044336213563505967374089274154395172105420265758452993645832585198070632260101329900383144999881739549,467.819803066,282429536481,26.366694928,55,7,0,,428.683530136,26.366694928,1.05532141512,0.819284591225,1.50924018017,none_visible,12.2118314583,0.333333333333,11.8784981249,existing_near_power_csv,local_obstruction_before_drift,local_residue_sieve,blocked_unfilled,darmon_granville_ceiling,blocked_unfilled,blocked_unfilled,Z,residue_only,blocked_unfilled,blocked_unfilled,under_test,Q_1009,pass_predefined,81,0,26.366694928,0.325514752198,blocked_unfilled,control_class=actual_near_miss,26.366694928,local_obstruction_before_drift
rank130_Q1009_random_root_sets,random_root_sets,130,7,7,3,103,238,351364,43378226058516544,351364,1009,prime_block_le_1009,81,148442751793136438533965338087543801190959757888544388980934356724535496789076307693189375411040397120044336213563505967374089274154395172105420265758452993645832585198070632260101329900383144999881739549,467.819803066,282429536481,26.366694928,55,7,0,,428.683530136,26.366694928,0.950646412057,0.251540030029,1.34135730088,none_visible,12.2118314583,0.333333333333,11.8784981249,deterministic_seeded_random_sets_same_cardinality,local_obstruction_before_drift,local_residue_sieve,blocked_unfilled,darmon_granville_ceiling,blocked_unfilled,blocked_unfilled,Z,residue_only,blocked_unfilled,blocked_unfilled,negative_control_passed,Q_1009,pass_predefined,81,0,26.366694928,0.325514752198,blocked_unfilled,control_class=random_root_sets,26.366694928,local_obstruction_before_drift
rank130_Q1009_exact_power_anchor,exact_power_anchor,130,7,7,3,103,238,351364,43378226058516544,351364,1009,prime_block_le_1009,81,148442751793136438533965338087543801190959757888544388980934356724535496789076307693189375411040397120044336213563505967374089274154395172105420265758452993645832585198070632260101329900383144999881739549,467.819803066,147808829414345923316083210206383297601,87.8889830934,0,0,1,351364,367.16124197,87.8889830934,1.00174650052,0.985077520115,1.02968589712,constructed_exact_power_root,12.2118314583,0.333333333333,11.8784981249,C_from_near_power_row_as_positive_control,positive_control_survivor,local_residue_sieve,blocked_unfilled,darmon_granville_ceiling,blocked_unfilled,blocked_unfilled,Z,survivor_kandidat_requires_overlap_check,blocked_unfilled,blocked_unfilled,positive_control_passed,Q_1009,pass_predefined,81,2.8460513883e-06,87.8889830934,1.08504917399,blocked_unfilled,control_class=exact_power_anchor,87.8889830934,positive_control_survivor
rank131_Q1009_actual_near_miss,actual_near_miss,131,6,7,3,227,192,213672,9755349769640448,213672,1009,prime_block_le_1009,81,148442751793136438533965338087543801190959757888544388980934356724535496789076307693189375411040397120044336213563505967374089274154395172105420265758452993645832585198070632260101329900383144999881739549,467.819803066,205891132094649,32.95836866,51,7,0,,422.589236998,32.95836866,1.02819397904,0.816490800022,1.45095598238,none_visible,12.7067654774,0.333333333333,12.3734321441,existing_near_power_csv,local_obstruction_before_drift,local_residue_sieve,blocked_unfilled,darmon_granville_ceiling,blocked_unfilled,blocked_unfilled,Z,residue_only,blocked_unfilled,blocked_unfilled,under_test,Q_1009,pass_predefined,81,0,32.95836866,0.406893440247,blocked_unfilled,control_class=actual_near_miss,32.95836866,local_obstruction_before_drift
rank131_Q1009_random_root_sets,random_root_sets,131,6,7,3,227,192,213672,9755349769640448,213672,1009,prime_block_le_1009,81,148442751793136438533965338087543801190959757888544388980934356724535496789076307693189375411040397120044336213563505967374089274154395172105420265758452993645832585198070632260101329900383144999881739549,467.819803066,205891132094649,32.95836866,51,7,0,,422.589236998,32.95836866,1.0513010899,0.840311318282,1.45095598238,none_visible,12.7067654774,0.333333333333,12.3734321441,deterministic_seeded_random_sets_same_cardinality,local_obstruction_before_drift,local_residue_sieve,blocked_unfilled,darmon_granville_ceiling,blocked_unfilled,blocked_unfilled,Z,residue_only,blocked_unfilled,blocked_unfilled,negative_control_passed,Q_1009,pass_predefined,81,0,32.95836866,0.406893440247,blocked_unfilled,control_class=random_root_sets,32.95836866,local_obstruction_before_drift
rank131_Q1009_exact_power_anchor,exact_power_anchor,131,6,7,3,227,192,213672,9755349769640448,213672,1009,prime_block_le_1009,81,148442751793136438533965338087543801190959757888544388980934356724535496789076307693189375411040397120044336213563505967374089274154395172105420265758452993645832585198070632260101329900383144999881739549,467.819803066,147808829414345923316083210206383297601,87.8889830934,0,0,1,213672,367.658622565,87.8889830934,1.0101754047,0.975756195373,1.0765888319,constructed_exact_power_root,12.7067654774,0.333333333333,12.3734321441,C_from_near_power_row_as_positive_control,positive_control_survivor,local_residue_sieve,blocked_unfilled,darmon_granville_ceiling,blocked_unfilled,blocked_unfilled,Z,survivor_kandidat_requires_overlap_check,blocked_unfilled,blocked_unfilled,positive_control_passed,Q_1009,pass_predefined,81,4.68007038826e-06,87.8889830934,1.08504917399,blocked_unfilled,control_class=exact_power_anchor,87.8889830934,positive_control_survivor
rank132_Q1009_actual_near_miss,actual_near_miss,132,5,6,4,172,149,1825,11093062890625,1825,1009,prime_block_le_1009,168,9883326855402037591071935385995119237769544071052336268948774388464692156613644748904309606814293831245297812573737471660766117746371102064423456768885161432286497987467827050297144528442873088837053363555505746083646800378861291436855041666704610624315412063093301501729007973506838237506477051903879849849069942384994070557970314845526910370320580570131817760395064723644436433536440921569283170173653219381073021595,962.46883296,1152921504606846976,41.5888308336,118,3,0,,913.37066686,41.5888308336,1.70872859589,0,7.64020547945,none_visible,32.0424111744,0.25,31.7924111744,existing_near_power_csv,local_obstruction_before_drift,local_residue_sieve,blocked_unfilled,darmon_granville_ceiling,blocked_unfilled,blocked_unfilled,Z,residue_only,blocked_unfilled,blocked_unfilled,under_test,Q_1009,pass_predefined,168,0,41.5888308336,0.247552564486,blocked_unfilled,control_class=actual_near_miss,41.5888308336,local_obstruction_before_drift
rank132_Q1009_random_root_sets,random_root_sets,132,5,6,4,172,149,1825,11093062890625,1825,1009,prime_block_le_1009,168,9883326855402037591071935385995119237769544071052336268948774388464692156613644748904309606814293831245297812573737471660766117746371102064423456768885161432286497987467827050297144528442873088837053363555505746083646800378861291436855041666704610624315412063093301501729007973506838237506477051903879849849069942384994070557970314845526910370320580570131817760395064723644436433536440921569283170173653219381073021595,962.46883296,1152921504606846976,41.5888308336,118,3,0,,913.37066686,41.5888308336,1.17245576484,0,6.64267123288,none_visible,32.0424111744,0.25,31.7924111744,deterministic_seeded_random_sets_same_cardinality,local_obstruction_before_drift,local_residue_sieve,blocked_unfilled,darmon_granville_ceiling,blocked_unfilled,blocked_unfilled,Z,residue_only,blocked_unfilled,blocked_unfilled,negative_control_passed,Q_1009,pass_predefined,168,0,41.5888308336,0.247552564486,blocked_unfilled,control_class=random_root_sets,41.5888308336,local_obstruction_before_drift
rank132_Q1009_exact_power_anchor,exact_power_anchor,132,5,6,4,172,149,1825,11093062890625,1825,1009,prime_block_le_1009,168,9883326855402037591071935385995119237769544071052336268948774388464692156613644748904309606814293831245297812573737471660766117746371102064423456768885161432286497987467827050297144528442873088837053363555505746083646800378861291436855041666704610624315412063093301501729007973506838237506477051903879849849069942384994070557970314845526910370320580570131817760395064723644436433536440921569283170173653219381073021595,962.46883296,56539106072908298546665520023773392506479484700019806659891398441363832832,169.821059237,0,0,1,1825,785.138438457,169.821059237,1.12985159817,0.67102739726,1.79643835616,constructed_exact_power_root,32.0424111744,0.25,31.7924111744,C_from_near_power_row_as_positive_control,positive_control_survivor,local_residue_sieve,blocked_unfilled,darmon_granville_ceiling,blocked_unfilled,blocked_unfilled,Z,survivor_kandidat_requires_overlap_check,blocked_unfilled,blocked_unfilled,positive_control_passed,Q_1009,pass_predefined,168,0.000547945205479,169.821059237,1.01083963832,blocked_unfilled,control_class=exact_power_anchor,169.821059237,positive_control_survivor
rank133_Q1009_actual_near_miss,actual_near_miss,133,6,7,3,233,225,308473,29352930847419817,308473,1009,prime_block_le_1009,81,148442751793136438533965338087543801190959757888544388980934356724535496789076307693189375411040397120044336213563505967374089274154395172105420265758452993645832585198070632260101329900383144999881739549,467.819803066,22876792454961,30.7611440827,53,7,0,,424.419269385,30.7611440827,1.04447537938,0.730719454287,1.63757461935,none_visible,12.3376159223,0.333333333333,12.004282589,existing_near_power_csv,local_obstruction_before_drift,local_residue_sieve,blocked_unfilled,darmon_granville_ceiling,blocked_unfilled,blocked_unfilled,Z,residue_only,blocked_unfilled,blocked_unfilled,under_test,Q_1009,pass_predefined,81,0,30.7611440827,0.379767210898,blocked_unfilled,control_class=actual_near_miss,30.7611440827,local_obstruction_before_drift
rank133_Q1009_random_root_sets,random_root_sets,133,6,7,3,233,225,308473,29352930847419817,308473,1009,prime_block_le_1009,81,148442751793136438533965338087543801190959757888544388980934356724535496789076307693189375411040397120044336213563505967374089274154395172105420265758452993645832585198070632260101329900383144999881739549,467.819803066,22876792454961,30.7611440827,53,7,0,,424.419269385,30.7611440827,0.968574490162,0.717575498234,1.20623522966,none_visible,12.3376159223,0.333333333333,12.004282589,deterministic_seeded_random_sets_same_cardinality,local_obstruction_before_drift,local_residue_sieve,blocked_unfilled,darmon_granville_ceiling,blocked_unfilled,blocked_unfilled,Z,residue_only,blocked_unfilled,blocked_unfilled,negative_control_passed,Q_1009,pass_predefined,81,0,30.7611440827,0.379767210898,blocked_unfilled,control_class=random_root_sets,30.7611440827,local_obstruction_before_drift
rank133_Q1009_exact_power_anchor,exact_power_anchor,133,6,7,3,233,225,308473,29352930847419817,308473,1009,prime_block_le_1009,81,148442751793136438533965338087543801190959757888544388980934356724535496789076307693189375411040397120044336213563505967374089274154395172105420265758452993645832585198070632260101329900383144999881739549,467.819803066,147808829414345923316083210206383297601,87.8889830934,0,0,1,308473,367.291430374,87.8889830934,1.00634454351,0.968873198699,1.0734618589,constructed_exact_power_root,12.3376159223,0.333333333333,12.004282589,C_from_near_power_row_as_positive_control,positive_control_survivor,local_residue_sieve,blocked_unfilled,darmon_granville_ceiling,blocked_unfilled,blocked_unfilled,Z,survivor_kandidat_requires_overlap_check,blocked_unfilled,blocked_unfilled,positive_control_passed,Q_1009,pass_predefined,81,3.24177480687e-06,87.8889830934,1.08504917399,blocked_unfilled,control_class=exact_power_anchor,87.8889830934,positive_control_survivor
rank134_Q1009_actual_near_miss,actual_near_miss,134,6,7,3,241,229,321469,33221351612604709,321469,1009,prime_block_le_1009,81,148442751793136438533965338087543801190959757888544388980934356724535496789076307693189375411040397120044336213563505967374089274154395172105420265758452993645832585198070632260101329900383144999881739549,467.819803066,1853020188851841,35.1555932374,49,13,0,,419.983553434,35.1555932374,0.981534190901,0.755945363317,1.12961505533,none_visible,12.2974654858,0.333333333333,11.9641321525,existing_near_power_csv,local_obstruction_before_drift,local_residue_sieve,blocked_unfilled,darmon_granville_ceiling,blocked_unfilled,blocked_unfilled,Z,residue_only,blocked_unfilled,blocked_unfilled,under_test,Q_1009,pass_predefined,81,0,35.1555932374,0.434019669597,blocked_unfilled,control_class=actual_near_miss,35.1555932374,local_obstruction_before_drift
rank134_Q1009_random_root_sets,random_root_sets,134,6,7,3,241,229,321469,33221351612604709,321469,1009,prime_block_le_1009,81,148442751793136438533965338087543801190959757888544388980934356724535496789076307693189375411040397120044336213563505967374089274154395172105420265758452993645832585198070632260101329900383144999881739549,467.819803066,1853020188851841,35.1555932374,49,13,0,,419.983553434,35.1555932374,1.00836893091,0.880156406994,1.1292237959,none_visible,12.2974654858,0.333333333333,11.9641321525,deterministic_seeded_random_sets_same_cardinality,local_obstruction_before_drift,local_residue_sieve,blocked_unfilled,darmon_granville_ceiling,blocked_unfilled,blocked_unfilled,Z,residue_only,blocked_unfilled,blocked_unfilled,negative_control_passed,Q_1009,pass_predefined,81,0,35.1555932374,0.434019669597,blocked_unfilled,control_class=random_root_sets,35.1555932374,local_obstruction_before_drift
rank134_Q1009_exact_power_anchor,exact_power_anchor,134,6,7,3,241,229,321469,33221351612604709,321469,1009,prime_block_le_1009,81,148442751793136438533965338087543801190959757888544388980934356724535496789076307693189375411040397120044336213563505967374089274154395172105420265758452993645832585198070632260101329900383144999881739549,467.819803066,443426488243037769948249630619149892803,88.9875953821,0,0,1,321469,366.151551289,88.9875953821,1.00173297339,0.972363673567,1.03006510737,constructed_exact_power_root,12.2974654858,0.333333333333,11.9641321525,C_from_near_power_row_as_positive_control,positive_control_survivor,local_residue_sieve,blocked_unfilled,darmon_granville_ceiling,blocked_unfilled,blocked_unfilled,Z,survivor_kandidat_requires_overlap_check,blocked_unfilled,blocked_unfilled,positive_control_passed,Q_1009,pass_predefined,81,3.11071985168e-06,88.9875953821,1.09861228867,blocked_unfilled,control_class=exact_power_anchor,88.9875953821,positive_control_survivor
rank135_Q1009_actual_near_miss,actual_near_miss,135,6,7,3,187,230,324250,34091016765625000,324250,1009,prime_block_le_1009,81,148442751793136438533965338087543801190959757888544388980934356724535496789076307693189375411040397120044336213563505967374089274154395172105420265758452993645832585198070632260101329900383144999881739549,467.819803066,2541865828329,28.5639195054,54,19,0,,426.566613458,28.5639195054,1.00975658928,0.824933436135,1.51810468603,none_visible,12.2891177428,0.333333333333,11.9557844094,existing_near_power_csv,local_obstruction_before_drift,local_residue_sieve,blocked_unfilled,darmon_granville_ceiling,blocked_unfilled,blocked_unfilled,Z,residue_only,blocked_unfilled,blocked_unfilled,under_test,Q_1009,pass_predefined,81,0,28.5639195054,0.352640981548,blocked_unfilled,control_class=actual_near_miss,28.5639195054,local_obstruction_before_drift
rank135_Q1009_random_root_sets,random_root_sets,135,6,7,3,187,230,324250,34091016765625000,324250,1009,prime_block_le_1009,81,148442751793136438533965338087543801190959757888544388980934356724535496789076307693189375411040397120044336213563505967374089274154395172105420265758452993645832585198070632260101329900383144999881739549,467.819803066,2541865828329,28.5639195054,54,19,0,,426.566613458,28.5639195054,0.967431123105,0.39579816671,1.2374001542,none_visible,12.2891177428,0.333333333333,11.9557844094,deterministic_seeded_random_sets_same_cardinality,local_obstruction_before_drift,local_residue_sieve,blocked_unfilled,darmon_granville_ceiling,blocked_unfilled,blocked_unfilled,Z,residue_only,blocked_unfilled,blocked_unfilled,negative_control_passed,Q_1009,pass_predefined,81,0,28.5639195054,0.352640981548,blocked_unfilled,control_class=random_root_sets,28.5639195054,local_obstruction_before_drift
rank135_Q1009_exact_power_anchor,exact_power_anchor,135,6,7,3,187,230,324250,34091016765625000,324250,1009,prime_block_le_1009,81,148442751793136438533965338087543801190959757888544388980934356724535496789076307693189375411040397120044336213563505967374089274154395172105420265758452993645832585198070632260101329900383144999881739549,467.819803066,443426488243037769948249630619149892803,88.9875953821,0,0,1,324250,366.142937582,88.9875953821,1.00029842371,0.979954424741,1.01579336931,constructed_exact_power_root,12.2891177428,0.333333333333,11.9557844094,C_from_near_power_row_as_positive_control,positive_control_survivor,local_residue_sieve,blocked_unfilled,darmon_granville_ceiling,blocked_unfilled,blocked_unfilled,Z,survivor_kandidat_requires_overlap_check,blocked_unfilled,blocked_unfilled,positive_control_passed,Q_1009,pass_predefined,81,3.08404009252e-06,88.9875953821,1.09861228867,blocked_unfilled,control_class=exact_power_anchor,88.9875953821,positive_control_survivor
rank136_Q1009_actual_near_miss,actual_near_miss,136,5,6,3,207,164,27070,19836487243000,27070,1009,prime_block_le_1009,81,148442751793136438533965338087543801190959757888544388980934356724535496789076307693189375411040397120044336213563505967374089274154395172105420265758452993645832585198070632260101329900383144999881739549,467.819803066,7625597484987,29.662531794,54,7,0,,427.951089889,29.662531794,0.661706788983,0,3.21360669868,none_visible,15.2789695293,0.333333333333,14.945636196,existing_near_power_csv,local_obstruction_before_drift,local_residue_sieve,blocked_unfilled,darmon_granville_ceiling,blocked_unfilled,blocked_unfilled,Z,residue_only,blocked_unfilled,blocked_unfilled,under_test,Q_1009,pass_predefined,81,0,29.662531794,0.366204096223,blocked_unfilled,control_class=actual_near_miss,29.662531794,local_obstruction_before_drift
rank136_Q1009_random_root_sets,random_root_sets,136,5,6,3,207,164,27070,19836487243000,27070,1009,prime_block_le_1009,81,148442751793136438533965338087543801190959757888544388980934356724535496789076307693189375411040397120044336213563505967374089274154395172105420265758452993645832585198070632260101329900383144999881739549,467.819803066,7625597484987,29.662531794,54,7,0,,427.951089889,29.662531794,0.905213677845,0,3.53447030333,none_visible,15.2789695293,0.333333333333,14.945636196,deterministic_seeded_random_sets_same_cardinality,local_obstruction_before_drift,local_residue_sieve,blocked_unfilled,darmon_granville_ceiling,blocked_unfilled,blocked_unfilled,Z,residue_only,blocked_unfilled,blocked_unfilled,negative_control_passed,Q_1009,pass_predefined,81,0,29.662531794,0.366204096223,blocked_unfilled,control_class=random_root_sets,29.662531794,local_obstruction_before_drift
rank136_Q1009_exact_power_anchor,exact_power_anchor,136,5,6,3,207,164,27070,19836487243000,27070,1009,prime_block_le_1009,81,148442751793136438533965338087543801190959757888544388980934356724535496789076307693189375411040397120044336213563505967374089274154395172105420265758452993645832585198070632260101329900383144999881739549,467.819803066,443426488243037769948249630619149892803,88.9875953821,0,0,1,27070,368.626026301,88.9875953821,1.06667624403,0.860312769363,1.55112670853,constructed_exact_power_root,15.2789695293,0.333333333333,14.945636196,C_from_near_power_row_as_positive_control,positive_control_survivor,local_residue_sieve,blocked_unfilled,darmon_granville_ceiling,blocked_unfilled,blocked_unfilled,Z,survivor_kandidat_requires_overlap_check,blocked_unfilled,blocked_unfilled,positive_control_passed,Q_1009,pass_predefined,81,3.69412633912e-05,88.9875953821,1.09861228867,blocked_unfilled,control_class=exact_power_anchor,88.9875953821,positive_control_survivor
rank137_Q1009_actual_near_miss,actual_near_miss,137,6,7,3,222,125,84181,596543669701741,84181,1009,prime_block_le_1009,81,148442751793136438533965338087543801190959757888544388980934356724535496789076307693189375411040397120044336213563505967374089274154395172105420265758452993645832585198070632260101329900383144999881739549,467.819803066,94143178827,25.2680826394,56,13,0,,431.210995905,25.2680826394,1.23793049324,0,3.9594009733,none_visible,13.7504384362,0.333333333333,13.4171051028,existing_near_power_csv,local_obstruction_before_drift,local_residue_sieve,blocked_unfilled,darmon_granville_ceiling,blocked_unfilled,blocked_unfilled,Z,residue_only,blocked_unfilled,blocked_unfilled,under_test,Q_1009,pass_predefined,81,0,25.2680826394,0.311951637523,blocked_unfilled,control_class=actual_near_miss,25.2680826394,local_obstruction_before_drift
rank137_Q1009_random_root_sets,random_root_sets,137,6,7,3,222,125,84181,596543669701741,84181,1009,prime_block_le_1009,81,148442751793136438533965338087543801190959757888544388980934356724535496789076307693189375411040397120044336213563505967374089274154395172105420265758452993645832585198070632260101329900383144999881739549,467.819803066,94143178827,25.2680826394,56,13,0,,431.210995905,25.2680826394,0.925628451832,0,2.43098007072,none_visible,13.7504384362,0.333333333333,13.4171051028,deterministic_seeded_random_sets_same_cardinality,local_obstruction_before_drift,local_residue_sieve,blocked_unfilled,darmon_granville_ceiling,blocked_unfilled,blocked_unfilled,Z,residue_only,blocked_unfilled,blocked_unfilled,negative_control_passed,Q_1009,pass_predefined,81,0,25.2680826394,0.311951637523,blocked_unfilled,control_class=random_root_sets,25.2680826394,local_obstruction_before_drift
rank137_Q1009_exact_power_anchor,exact_power_anchor,137,6,7,3,222,125,84181,596543669701741,84181,1009,prime_block_le_1009,81,148442751793136438533965338087543801190959757888544388980934356724535496789076307693189375411040397120044336213563505967374089274154395172105420265758452993645832585198070632260101329900383144999881739549,467.819803066,443426488243037769948249630619149892803,88.9875953821,0,0,1,84181,367.491483162,88.9875953821,1.01662016194,0.9795546369,1.09266540748,constructed_exact_power_root,13.7504384362,0.333333333333,13.4171051028,C_from_near_power_row_as_positive_control,positive_control_survivor,local_residue_sieve,blocked_unfilled,darmon_granville_ceiling,blocked_unfilled,blocked_unfilled,Z,survivor_kandidat_requires_overlap_check,blocked_unfilled,blocked_unfilled,positive_control_passed,Q_1009,pass_predefined,81,1.18791651323e-05,88.9875953821,1.09861228867,blocked_unfilled,control_class=exact_power_anchor,88.9875953821,positive_control_survivor
rank138_Q1009_actual_near_miss,actual_near_miss,138,6,7,3,243,188,204134,8506404623478104,204134,1009,prime_block_le_1009,81,148442751793136438533965338087543801190959757888544388980934356724535496789076307693189375411040397120044336213563505967374089274154395172105420265758452993645832585198070632260101329900383144999881739549,467.819803066,94143178827,25.2680826394,57,19,0,,430.325188507,25.2680826394,0.985099491103,0.544260687152,1.56481690132,none_visible,12.7542246139,0.333333333333,12.4208912805,existing_near_power_csv,local_obstruction_before_drift,local_residue_sieve,blocked_unfilled,darmon_granville_ceiling,blocked_unfilled,blocked_unfilled,Z,residue_only,blocked_unfilled,blocked_unfilled,under_test,Q_1009,pass_predefined,81,0,25.2680826394,0.311951637523,blocked_unfilled,control_class=actual_near_miss,25.2680826394,local_obstruction_before_drift
rank138_Q1009_random_root_sets,random_root_sets,138,6,7,3,243,188,204134,8506404623478104,204134,1009,prime_block_le_1009,81,148442751793136438533965338087543801190959757888544388980934356724535496789076307693189375411040397120044336213563505967374089274154395172105420265758452993645832585198070632260101329900383144999881739549,467.819803066,94143178827,25.2680826394,57,19,0,,430.325188507,25.2680826394,1.05339132877,0.618882150396,1.56481690132,none_visible,12.7542246139,0.333333333333,12.4208912805,deterministic_seeded_random_sets_same_cardinality,local_obstruction_before_drift,local_residue_sieve,blocked_unfilled,darmon_granville_ceiling,blocked_unfilled,blocked_unfilled,Z,residue_only,blocked_unfilled,blocked_unfilled,negative_control_passed,Q_1009,pass_predefined,81,0,25.2680826394,0.311951637523,blocked_unfilled,control_class=random_root_sets,25.2680826394,local_obstruction_before_drift
rank138_Q1009_exact_power_anchor,exact_power_anchor,138,6,7,3,243,188,204134,8506404623478104,204134,1009,prime_block_le_1009,81,148442751793136438533965338087543801190959757888544388980934356724535496789076307693189375411040397120044336213563505967374089274154395172105420265758452993645832585198070632260101329900383144999881739549,467.819803066,147808829414345923316083210206383297601,87.8889830934,0,0,1,204134,367.704288053,87.8889830934,1.00319892453,0.961268360761,1.05005807732,constructed_exact_power_root,12.7542246139,0.333333333333,12.4208912805,C_from_near_power_row_as_positive_control,positive_control_survivor,local_residue_sieve,blocked_unfilled,darmon_granville_ceiling,blocked_unfilled,blocked_unfilled,Z,survivor_kandidat_requires_overlap_check,blocked_unfilled,blocked_unfilled,positive_control_passed,Q_1009,pass_predefined,81,4.89874298255e-06,87.8889830934,1.08504917399,blocked_unfilled,control_class=exact_power_anchor,87.8889830934,positive_control_survivor
rank139_Q1009_actual_near_miss,actual_near_miss,139,6,7,3,208,203,242650,14286994809625000,242650,1009,prime_block_le_1009,81,148442751793136438533965338087543801190959757888544388980934356724535496789076307693189375411040397120044336213563505967374089274154395172105420265758452993645832585198070632260101329900383144999881739549,467.819803066,847288609443,27.4653072167,56,31,0,,427.955120494,27.4653072167,1.03892842152,0,1.5703610596,none_visible,12.5764346907,0.333333333333,12.2431013573,existing_near_power_csv,local_obstruction_before_drift,local_residue_sieve,blocked_unfilled,darmon_granville_ceiling,blocked_unfilled,blocked_unfilled,Z,residue_only,blocked_unfilled,blocked_unfilled,under_test,Q_1009,pass_predefined,81,0,27.4653072167,0.339077866873,blocked_unfilled,control_class=actual_near_miss,27.4653072167,local_obstruction_before_drift
rank139_Q1009_random_root_sets,random_root_sets,139,6,7,3,208,203,242650,14286994809625000,242650,1009,prime_block_le_1009,81,148442751793136438533965338087543801190959757888544388980934356724535496789076307693189375411040397120044336213563505967374089274154395172105420265758452993645832585198070632260101329900383144999881739549,467.819803066,847288609443,27.4653072167,56,31,0,,427.955120494,27.4653072167,0.893896616068,0,1.27600155688,none_visible,12.5764346907,0.333333333333,12.2431013573,deterministic_seeded_random_sets_same_cardinality,local_obstruction_before_drift,local_residue_sieve,blocked_unfilled,darmon_granville_ceiling,blocked_unfilled,blocked_unfilled,Z,residue_only,blocked_unfilled,blocked_unfilled,negative_control_passed,Q_1009,pass_predefined,81,0,27.4653072167,0.339077866873,blocked_unfilled,control_class=random_root_sets,27.4653072167,local_obstruction_before_drift
rank139_Q1009_exact_power_anchor,exact_power_anchor,139,6,7,3,208,203,242650,14286994809625000,242650,1009,prime_block_le_1009,81,148442751793136438533965338087543801190959757888544388980934356724535496789076307693189375411040397120044336213563505967374089274154395172105420265758452993645832585198070632260101329900383144999881739549,467.819803066,147808829414345923316083210206383297601,87.8889830934,0,0,1,242650,367.531444618,87.8889830934,1.00851380589,0.960314124139,1.09884057971,constructed_exact_power_root,12.5764346907,0.333333333333,12.2431013573,C_from_near_power_row_as_positive_control,positive_control_survivor,local_residue_sieve,blocked_unfilled,darmon_granville_ceiling,blocked_unfilled,blocked_unfilled,Z,survivor_kandidat_requires_overlap_check,blocked_unfilled,blocked_unfilled,positive_control_passed,Q_1009,pass_predefined,81,4.12116216773e-06,87.8889830934,1.08504917399,blocked_unfilled,control_class=exact_power_anchor,87.8889830934,positive_control_survivor
rank140_Q1009_actual_near_miss,actual_near_miss,140,7,7,3,121,160,145245,3064104500581125,145245,1009,prime_block_le_1009,81,148442751793136438533965338087543801190959757888544388980934356724535496789076307693189375411040397120044336213563505967374089274154395172105420265758452993645832585198070632260101329900383144999881739549,467.819803066,2541865828329,28.5639195054,55,19,0,,427.36970631,28.5639195054,1.01297733842,0,2.17639008419,none_visible,13.1194353799,0.333333333333,12.7861020466,existing_near_power_csv,local_obstruction_before_drift,local_residue_sieve,blocked_unfilled,darmon_granville_ceiling,blocked_unfilled,blocked_unfilled,Z,residue_only,blocked_unfilled,blocked_unfilled,under_test,Q_1009,pass_predefined,81,0,28.5639195054,0.352640981548,blocked_unfilled,control_class=actual_near_miss,28.5639195054,local_obstruction_before_drift
rank140_Q1009_random_root_sets,random_root_sets,140,7,7,3,121,160,145245,3064104500581125,145245,1009,prime_block_le_1009,81,148442751793136438533965338087543801190959757888544388980934356724535496789076307693189375411040397120044336213563505967374089274154395172105420265758452993645832585198070632260101329900383144999881739549,467.819803066,2541865828329,28.5639195054,55,19,0,,427.36970631,28.5639195054,1.14405592466,0.773288045869,2.17639008419,none_visible,13.1194353799,0.333333333333,12.7861020466,deterministic_seeded_random_sets_same_cardinality,local_obstruction_before_drift,local_residue_sieve,blocked_unfilled,darmon_granville_ceiling,blocked_unfilled,blocked_unfilled,Z,residue_only,blocked_unfilled,blocked_unfilled,negative_control_passed,Q_1009,pass_predefined,81,0,28.5639195054,0.352640981548,blocked_unfilled,control_class=random_root_sets,28.5639195054,local_obstruction_before_drift
rank140_Q1009_exact_power_anchor,exact_power_anchor,140,7,7,3,121,160,145245,3064104500581125,145245,1009,prime_block_le_1009,81,148442751793136438533965338087543801190959757888544388980934356724535496789076307693189375411040397120044336213563505967374089274154395172105420265758452993645832585198070632260101329900383144999881739549,467.819803066,147808829414345923316083210206383297601,87.8889830934,0,0,1,145245,368.044642722,87.8889830934,1.0127124603,0.976644826175,1.06893715982,constructed_exact_power_root,13.1194353799,0.333333333333,12.7861020466,C_from_near_power_row_as_positive_control,positive_control_survivor,local_residue_sieve,blocked_unfilled,darmon_granville_ceiling,blocked_unfilled,blocked_unfilled,Z,survivor_kandidat_requires_overlap_check,blocked_unfilled,blocked_unfilled,positive_control_passed,Q_1009,pass_predefined,81,6.88491858584e-06,87.8889830934,1.08504917399,blocked_unfilled,control_class=exact_power_anchor,87.8889830934,positive_control_survivor
rank141_Q1009_actual_near_miss,actual_near_miss,141,6,6,4,158,165,2445,35736782900625,2445,1009,prime_block_le_1009,168,9883326855402037591071935385995119237769544071052336268948774388464692156613644748904309606814293831245297812573737471660766117746371102064423456768885161432286497987467827050297144528442873088837053363555505746083646800378861291436855041666704610624315412063093301501729007973506838237506477051903879849849069942384994070557970314845526910370320580570131817760395064723644436433536440921569283170173653219381073021595,962.46883296,4951760157141521099596496896,63.7695406115,97,5,0,,890.897491946,63.7695406115,0.603516956374,0,1.17934560327,none_visible,30.8412412321,0.25,30.5912412321,existing_near_power_csv,local_obstruction_before_drift,local_residue_sieve,blocked_unfilled,darmon_granville_ceiling,blocked_unfilled,blocked_unfilled,Z,residue_only,blocked_unfilled,blocked_unfilled,under_test,Q_1009,pass_predefined,168,0,63.7695406115,0.379580598878,blocked_unfilled,control_class=actual_near_miss,63.7695406115,local_obstruction_before_drift
rank141_Q1009_random_root_sets,random_root_sets,141,6,6,4,158,165,2445,35736782900625,2445,1009,prime_block_le_1009,168,9883326855402037591071935385995119237769544071052336268948774388464692156613644748904309606814293831245297812573737471660766117746371102064423456768885161432286497987467827050297144528442873088837053363555505746083646800378861291436855041666704610624315412063093301501729007973506838237506477051903879849849069942384994070557970314845526910370320580570131817760395064723644436433536440921569283170173653219381073021595,962.46883296,4951760157141521099596496896,63.7695406115,97,5,0,,890.897491946,63.7695406115,0.680819700068,0,1.3408997955,none_visible,30.8412412321,0.25,30.5912412321,deterministic_seeded_random_sets_same_cardinality,local_obstruction_before_drift,local_residue_sieve,blocked_unfilled,darmon_granville_ceiling,blocked_unfilled,blocked_unfilled,Z,residue_only,blocked_unfilled,blocked_unfilled,negative_control_passed,Q_1009,pass_predefined,168,0,63.7695406115,0.379580598878,blocked_unfilled,control_class=random_root_sets,63.7695406115,local_obstruction_before_drift
rank141_Q1009_exact_power_anchor,exact_power_anchor,141,6,6,4,158,165,2445,35736782900625,2445,1009,prime_block_le_1009,168,9883326855402037591071935385995119237769544071052336268948774388464692156613644748904309606814293831245297812573737471660766117746371102064423456768885161432286497987467827050297144528442873088837053363555505746083646800378861291436855041666704610624315412063093301501729007973506838237506477051903879849849069942384994070557970314845526910370320580570131817760395064723644436433536440921569283170173653219381073021595,962.46883296,56539106072908298546665520023773392506479484700019806659891398441363832832,169.821059237,0,0,1,2445,784.845973321,169.821059237,1.07630368098,0.670449897751,1.75304192229,constructed_exact_power_root,30.8412412321,0.25,30.5912412321,C_from_near_power_row_as_positive_control,positive_control_survivor,local_residue_sieve,blocked_unfilled,darmon_granville_ceiling,blocked_unfilled,blocked_unfilled,Z,survivor_kandidat_requires_overlap_check,blocked_unfilled,blocked_unfilled,positive_control_passed,Q_1009,pass_predefined,168,0.00040899795501,169.821059237,1.01083963832,blocked_unfilled,control_class=exact_power_anchor,169.821059237,positive_control_survivor
rank142_Q1009_actual_near_miss,actual_near_miss,142,6,7,3,91,125,78156,477405010420416,78156,1009,prime_block_le_1009,81,148442751793136438533965338087543801190959757888544388980934356724535496789076307693189375411040397120044336213563505967374089274154395172105420265758452993645832585198070632260101329900383144999881739549,467.819803066,68630377364883,31.8597563714,52,19,0,,424.693584586,31.8597563714,1.1295180887,0,3.21298855281,none_visible,13.8410738754,0.333333333333,13.507740542,existing_near_power_csv,local_obstruction_before_drift,local_residue_sieve,blocked_unfilled,darmon_granville_ceiling,blocked_unfilled,blocked_unfilled,Z,residue_only,blocked_unfilled,blocked_unfilled,under_test,Q_1009,pass_predefined,81,0,31.8597563714,0.393330325573,blocked_unfilled,control_class=actual_near_miss,31.8597563714,local_obstruction_before_drift
rank142_Q1009_random_root_sets,random_root_sets,142,6,7,3,91,125,78156,477405010420416,78156,1009,prime_block_le_1009,81,148442751793136438533965338087543801190959757888544388980934356724535496789076307693189375411040397120044336213563505967374089274154395172105420265758452993645832585198070632260101329900383144999881739549,467.819803066,68630377364883,31.8597563714,52,19,0,,424.693584586,31.8597563714,1.01420976897,0,2.39043991789,none_visible,13.8410738754,0.333333333333,13.507740542,deterministic_seeded_random_sets_same_cardinality,local_obstruction_before_drift,local_residue_sieve,blocked_unfilled,darmon_granville_ceiling,blocked_unfilled,blocked_unfilled,Z,residue_only,blocked_unfilled,blocked_unfilled,negative_control_passed,Q_1009,pass_predefined,81,0,31.8597563714,0.393330325573,blocked_unfilled,control_class=random_root_sets,31.8597563714,local_obstruction_before_drift
rank142_Q1009_exact_power_anchor,exact_power_anchor,142,6,7,3,91,125,78156,477405010420416,78156,1009,prime_block_le_1009,81,148442751793136438533965338087543801190959757888544388980934356724535496789076307693189375411040397120044336213563505967374089274154395172105420265758452993645832585198070632260101329900383144999881739549,467.819803066,147808829414345923316083210206383297601,87.8889830934,0,0,1,78156,368.664357864,87.8889830934,1.01945160012,0.936505905568,1.09258121933,constructed_exact_power_root,13.8410738754,0.333333333333,13.507740542,C_from_near_power_row_as_positive_control,positive_control_survivor,local_residue_sieve,blocked_unfilled,darmon_granville_ceiling,blocked_unfilled,blocked_unfilled,Z,survivor_kandidat_requires_overlap_check,blocked_unfilled,blocked_unfilled,positive_control_passed,Q_1009,pass_predefined,81,1.27949229746e-05,87.8889830934,1.08504917399,blocked_unfilled,control_class=exact_power_anchor,87.8889830934,positive_control_survivor
rank143_Q1009_actual_near_miss,actual_near_miss,143,6,6,3,203,211,54087,158226302836503,54087,1009,prime_block_le_1009,81,148442751793136438533965338087543801190959757888544388980934356724535496789076307693189375411040397120044336213563505967374089274154395172105420265758452993645832585198070632260101329900383144999881739549,467.819803066,5559060566555523,36.254205526,47,31,0,,420.6672484,36.254205526,0.983641067991,0,2.61716000764,none_visible,14.3085831027,0.333333333333,13.9752497694,existing_near_power_csv,local_obstruction_before_drift,local_residue_sieve,blocked_unfilled,darmon_granville_ceiling,blocked_unfilled,blocked_unfilled,Z,residue_only,blocked_unfilled,blocked_unfilled,under_test,Q_1009,pass_predefined,81,0,36.254205526,0.447582784272,blocked_unfilled,control_class=actual_near_miss,36.254205526,local_obstruction_before_drift
rank143_Q1009_random_root_sets,random_root_sets,143,6,6,3,203,211,54087,158226302836503,54087,1009,prime_block_le_1009,81,148442751793136438533965338087543801190959757888544388980934356724535496789076307693189375411040397120044336213563505967374089274154395172105420265758452993645832585198070632260101329900383144999881739549,467.819803066,5559060566555523,36.254205526,47,31,0,,420.6672484,36.254205526,0.961828730666,0.333563415321,1.49654979734,none_visible,14.3085831027,0.333333333333,13.9752497694,deterministic_seeded_random_sets_same_cardinality,local_obstruction_before_drift,local_residue_sieve,blocked_unfilled,darmon_granville_ceiling,blocked_unfilled,blocked_unfilled,Z,residue_only,blocked_unfilled,blocked_unfilled,negative_control_passed,Q_1009,pass_predefined,81,0,36.254205526,0.447582784272,blocked_unfilled,control_class=random_root_sets,36.254205526,local_obstruction_before_drift
rank143_Q1009_exact_power_anchor,exact_power_anchor,143,6,6,3,203,211,54087,158226302836503,54087,1009,prime_block_le_1009,81,148442751793136438533965338087543801190959757888544388980934356724535496789076307693189375411040397120044336213563505967374089274154395172105420265758452993645832585198070632260101329900383144999881739549,467.819803066,443426488243037769948249630619149892803,88.9875953821,0,0,1,54087,367.933858544,88.9875953821,1.02156085634,0.78899632896,1.25659482767,constructed_exact_power_root,14.3085831027,0.333333333333,13.9752497694,C_from_near_power_row_as_positive_control,positive_control_survivor,local_residue_sieve,blocked_unfilled,darmon_granville_ceiling,blocked_unfilled,blocked_unfilled,Z,survivor_kandidat_requires_overlap_check,blocked_unfilled,blocked_unfilled,positive_control_passed,Q_1009,pass_predefined,81,1.84887311184e-05,88.9875953821,1.09861228867,blocked_unfilled,control_class=exact_power_anchor,88.9875953821,positive_control_survivor
rank144_Q1009_actual_near_miss,actual_near_miss,144,7,7,3,53,131,87208,663237356902912,87208,1009,prime_block_le_1009,81,148442751793136438533965338087543801190959757888544388980934356724535496789076307693189375411040397120044336213563505967374089274154395172105420265758452993645832585198070632260101329900383144999881739549,467.819803066,68630377364883,31.8597563714,52,7,0,,424.583995346,31.8597563714,1.04747907939,0,2.56979099777,none_visible,13.7077382629,0.333333333333,13.3744049296,existing_near_power_csv,local_obstruction_before_drift,local_residue_sieve,blocked_unfilled,darmon_granville_ceiling,blocked_unfilled,blocked_unfilled,Z,residue_only,blocked_unfilled,blocked_unfilled,under_test,Q_1009,pass_predefined,81,0,31.8597563714,0.393330325573,blocked_unfilled,control_class=actual_near_miss,31.8597563714,local_obstruction_before_drift
rank144_Q1009_random_root_sets,random_root_sets,144,7,7,3,53,131,87208,663237356902912,87208,1009,prime_block_le_1009,81,148442751793136438533965338087543801190959757888544388980934356724535496789076307693189375411040397120044336213563505967374089274154395172105420265758452993645832585198070632260101329900383144999881739549,467.819803066,68630377364883,31.8597563714,52,7,0,,424.583995346,31.8597563714,0.990682132458,0.529588264074,1.62639768013,none_visible,13.7077382629,0.333333333333,13.3744049296,deterministic_seeded_random_sets_same_cardinality,local_obstruction_before_drift,local_residue_sieve,blocked_unfilled,darmon_granville_ceiling,blocked_unfilled,blocked_unfilled,Z,residue_only,blocked_unfilled,blocked_unfilled,negative_control_passed,Q_1009,pass_predefined,81,0,31.8597563714,0.393330325573,blocked_unfilled,control_class=random_root_sets,31.8597563714,local_obstruction_before_drift
rank144_Q1009_exact_power_anchor,exact_power_anchor,144,7,7,3,53,131,87208,663237356902912,87208,1009,prime_block_le_1009,81,148442751793136438533965338087543801190959757888544388980934356724535496789076307693189375411040397120044336213563505967374089274154395172105420265758452993645832585198070632260101329900383144999881739549,467.819803066,147808829414345923316083210206383297601,87.8889830934,0,0,1,87208,368.554768624,87.8889830934,1.00406977189,0.910897573107,1.07909824787,constructed_exact_power_root,13.7077382629,0.333333333333,13.3744049296,C_from_near_power_row_as_positive_control,positive_control_survivor,local_residue_sieve,blocked_unfilled,darmon_granville_ceiling,blocked_unfilled,blocked_unfilled,Z,survivor_kandidat_requires_overlap_check,blocked_unfilled,blocked_unfilled,positive_control_passed,Q_1009,pass_predefined,81,1.14668379048e-05,87.8889830934,1.08504917399,blocked_unfilled,control_class=exact_power_anchor,87.8889830934,positive_control_survivor
rank145_Q1009_actual_near_miss,actual_near_miss,145,6,7,3,107,108,55708,172883163454912,55708,1009,prime_block_le_1009,81,148442751793136438533965338087543801190959757888544388980934356724535496789076307693189375411040397120044336213563505967374089274154395172105420265758452993645832585198070632260101329900383144999881739549,467.819803066,7625597484987,29.662531794,53,7,0,,427.22939223,29.662531794,0.982881223922,0,2.40643274854,none_visible,14.2699176806,0.333333333333,13.9365843473,existing_near_power_csv,local_obstruction_before_drift,local_residue_sieve,blocked_unfilled,darmon_granville_ceiling,blocked_unfilled,blocked_unfilled,Z,residue_only,blocked_unfilled,blocked_unfilled,under_test,Q_1009,pass_predefined,81,0,29.662531794,0.366204096223,blocked_unfilled,control_class=actual_near_miss,29.662531794,local_obstruction_before_drift
rank145_Q1009_random_root_sets,random_root_sets,145,6,7,3,107,108,55708,172883163454912,55708,1009,prime_block_le_1009,81,148442751793136438533965338087543801190959757888544388980934356724535496789076307693189375411040397120044336213563505967374089274154395172105420265758452993645832585198070632260101329900383144999881739549,467.819803066,7625597484987,29.662531794,53,7,0,,427.22939223,29.662531794,1.31614915339,0,3.39013347375,none_visible,14.2699176806,0.333333333333,13.9365843473,deterministic_seeded_random_sets_same_cardinality,local_obstruction_before_drift,local_residue_sieve,blocked_unfilled,darmon_granville_ceiling,blocked_unfilled,blocked_unfilled,Z,residue_only,blocked_unfilled,blocked_unfilled,negative_control_passed,Q_1009,pass_predefined,81,0,29.662531794,0.366204096223,blocked_unfilled,control_class=random_root_sets,29.662531794,local_obstruction_before_drift
rank145_Q1009_exact_power_anchor,exact_power_anchor,145,6,7,3,107,108,55708,172883163454912,55708,1009,prime_block_le_1009,81,148442751793136438533965338087543801190959757888544388980934356724535496789076307693189375411040397120044336213563505967374089274154395172105420265758452993645832585198070632260101329900383144999881739549,467.819803066,49269609804781974438694403402127765867,86.7903708048,0,0,1,55708,370.101553219,86.7903708048,1.0194399069,0.941512489728,1.12618175726,constructed_exact_power_root,14.2699176806,0.333333333333,13.9365843473,C_from_near_power_row_as_positive_control,positive_control_survivor,local_residue_sieve,blocked_unfilled,darmon_granville_ceiling,blocked_unfilled,blocked_unfilled,Z,survivor_kandidat_requires_overlap_check,blocked_unfilled,blocked_unfilled,positive_control_passed,Q_1009,pass_predefined,81,1.79507431608e-05,86.7903708048,1.07148605932,blocked_unfilled,control_class=exact_power_anchor,86.7903708048,positive_control_survivor
rank146_Q1009_actual_near_miss,actual_near_miss,146,6,7,3,232,245,375964,53142108853841344,375964,1009,prime_block_le_1009,81,148442751793136438533965338087543801190959757888544388980934356724535496789076307693189375411040397120044336213563505967374089274154395172105420265758452993645832585198070632260101329900383144999881739549,467.819803066,7625597484987,29.662531794,53,19,0,,425.320022599,29.662531794,1.02714673332,0.840797996026,1.41739900629,none_visible,12.147457631,0.333333333333,11.8141242977,existing_near_power_csv,local_obstruction_before_drift,local_residue_sieve,blocked_unfilled,darmon_granville_ceiling,blocked_unfilled,blocked_unfilled,Z,residue_only,blocked_unfilled,blocked_unfilled,under_test,Q_1009,pass_predefined,81,0,29.662531794,0.366204096223,blocked_unfilled,control_class=actual_near_miss,29.662531794,local_obstruction_before_drift
rank146_Q1009_random_root_sets,random_root_sets,146,6,7,3,232,245,375964,53142108853841344,375964,1009,prime_block_le_1009,81,148442751793136438533965338087543801190959757888544388980934356724535496789076307693189375411040397120044336213563505967374089274154395172105420265758452993645832585198070632260101329900383144999881739549,467.819803066,7625597484987,29.662531794,53,19,0,,425.320022599,29.662531794,0.980622836919,0.630598497019,1.22092688543,none_visible,12.147457631,0.333333333333,11.8141242977,deterministic_seeded_random_sets_same_cardinality,local_obstruction_before_drift,local_residue_sieve,blocked_unfilled,darmon_granville_ceiling,blocked_unfilled,blocked_unfilled,Z,residue_only,blocked_unfilled,blocked_unfilled,negative_control_passed,Q_1009,pass_predefined,81,0,29.662531794,0.366204096223,blocked_unfilled,control_class=random_root_sets,29.662531794,local_obstruction_before_drift
rank146_Q1009_exact_power_anchor,exact_power_anchor,146,6,7,3,232,245,375964,53142108853841344,375964,1009,prime_block_le_1009,81,148442751793136438533965338087543801190959757888544388980934356724535496789076307693189375411040397120044336213563505967374089274154395172105420265758452993645832585198070632260101329900383144999881739549,467.819803066,49269609804781974438694403402127765867,86.7903708048,0,0,1,375964,368.192183588,86.7903708048,1.00336076799,0.98033351893,1.02626729037,constructed_exact_power_root,12.147457631,0.333333333333,11.8141242977,C_from_near_power_row_as_positive_control,positive_control_survivor,local_residue_sieve,blocked_unfilled,darmon_granville_ceiling,blocked_unfilled,blocked_unfilled,Z,survivor_kandidat_requires_overlap_check,blocked_unfilled,blocked_unfilled,positive_control_passed,Q_1009,pass_predefined,81,2.65982913258e-06,86.7903708048,1.07148605932,blocked_unfilled,control_class=exact_power_anchor,86.7903708048,positive_control_survivor
rank147_Q1009_actual_near_miss,actual_near_miss,147,7,7,3,171,214,291735,24829364618490375,291735,1009,prime_block_le_1009,81,148442751793136438533965338087543801190959757888544388980934356724535496789076307693189375411040397120044336213563505967374089274154395172105420265758452993645832585198070632260101329900383144999881739549,467.819803066,282429536481,26.366694928,56,19,0,,428.869507003,26.366694928,1.0002159018,0.553553357975,1.24971635217,none_visible,12.3923138284,0.333333333333,12.058980495,existing_near_power_csv,local_obstruction_before_drift,local_residue_sieve,blocked_unfilled,darmon_granville_ceiling,blocked_unfilled,blocked_unfilled,Z,residue_only,blocked_unfilled,blocked_unfilled,under_test,Q_1009,pass_predefined,81,0,26.366694928,0.325514752198,blocked_unfilled,control_class=actual_near_miss,26.366694928,local_obstruction_before_drift
rank147_Q1009_random_root_sets,random_root_sets,147,7,7,3,171,214,291735,24829364618490375,291735,1009,prime_block_le_1009,81,148442751793136438533965338087543801190959757888544388980934356724535496789076307693189375411040397120044336213563505967374089274154395172105420265758452993645832585198070632260101329900383144999881739549,467.819803066,282429536481,26.366694928,56,19,0,,428.869507003,26.366694928,0.956985664946,0.24668544322,1.307462823,none_visible,12.3923138284,0.333333333333,12.058980495,deterministic_seeded_random_sets_same_cardinality,local_obstruction_before_drift,local_residue_sieve,blocked_unfilled,darmon_granville_ceiling,blocked_unfilled,blocked_unfilled,Z,residue_only,blocked_unfilled,blocked_unfilled,negative_control_passed,Q_1009,pass_predefined,81,0,26.366694928,0.325514752198,blocked_unfilled,control_class=random_root_sets,26.366694928,local_obstruction_before_drift
rank147_Q1009_exact_power_anchor,exact_power_anchor,147,7,7,3,171,214,291735,24829364618490375,291735,1009,prime_block_le_1009,81,148442751793136438533965338087543801190959757888544388980934356724535496789076307693189375411040397120044336213563505967374089274154395172105420265758452993645832585198070632260101329900383144999881739549,467.819803066,443426488243037769948249630619149892803,88.9875953821,0,0,1,291735,366.248606549,88.9875953821,1.00154135317,0.972476924454,1.02029086519,constructed_exact_power_root,12.3923138284,0.333333333333,12.058980495,C_from_near_power_row_as_positive_control,positive_control_survivor,local_residue_sieve,blocked_unfilled,darmon_granville_ceiling,blocked_unfilled,blocked_unfilled,Z,survivor_kandidat_requires_overlap_check,blocked_unfilled,blocked_unfilled,positive_control_passed,Q_1009,pass_predefined,81,3.42776835141e-06,88.9875953821,1.09861228867,blocked_unfilled,control_class=exact_power_anchor,88.9875953821,positive_control_survivor
rank148_Q1009_actual_near_miss,actual_near_miss,148,6,7,3,180,139,101204,1036556630137664,101204,1009,prime_block_le_1009,81,148442751793136438533965338087543801190959757888544388980934356724535496789076307693189375411040397120044336213563505967374089274154395172105420265758452993645832585198070632260101329900383144999881739549,467.819803066,50031545098999707,38.4514301034,45,31,0,,417.843479402,38.4514301034,1.01485613217,0.580877347843,1.71529891221,none_visible,13.5307049504,0.333333333333,13.1973716171,existing_near_power_csv,local_obstruction_before_drift,local_residue_sieve,blocked_unfilled,darmon_granville_ceiling,blocked_unfilled,blocked_unfilled,Z,residue_only,blocked_unfilled,blocked_unfilled,under_test,Q_1009,pass_predefined,81,0,38.4514301034,0.474709013622,blocked_unfilled,control_class=actual_near_miss,38.4514301034,local_obstruction_before_drift
rank148_Q1009_random_root_sets,random_root_sets,148,6,7,3,180,139,101204,1036556630137664,101204,1009,prime_block_le_1009,81,148442751793136438533965338087543801190959757888544388980934356724535496789076307693189375411040397120044336213563505967374089274154395172105420265758452993645832585198070632260101329900383144999881739549,467.819803066,50031545098999707,38.4514301034,45,31,0,,417.843479402,38.4514301034,1.02268309919,0.252072821013,1.95123161579,none_visible,13.5307049504,0.333333333333,13.1973716171,deterministic_seeded_random_sets_same_cardinality,local_obstruction_before_drift,local_residue_sieve,blocked_unfilled,darmon_granville_ceiling,blocked_unfilled,blocked_unfilled,Z,residue_only,blocked_unfilled,blocked_unfilled,negative_control_passed,Q_1009,pass_predefined,81,0,38.4514301034,0.474709013622,blocked_unfilled,control_class=random_root_sets,38.4514301034,local_obstruction_before_drift
rank148_Q1009_exact_power_anchor,exact_power_anchor,148,6,7,3,180,139,101204,1036556630137664,101204,1009,prime_block_le_1009,81,148442751793136438533965338087543801190959757888544388980934356724535496789076307693189375411040397120044336213563505967374089274154395172105420265758452993645832585198070632260101329900383144999881739549,467.819803066,443426488243037769948249630619149892803,88.9875953821,0,0,1,101204,367.307314123,88.9875953821,1.0145331688,0.927668647265,1.19858459701,constructed_exact_power_root,13.5307049504,0.333333333333,13.1973716171,C_from_near_power_row_as_positive_control,positive_control_survivor,local_residue_sieve,blocked_unfilled,darmon_granville_ceiling,blocked_unfilled,blocked_unfilled,Z,survivor_kandidat_requires_overlap_check,blocked_unfilled,blocked_unfilled,positive_control_passed,Q_1009,pass_predefined,81,9.88103237026e-06,88.9875953821,1.09861228867,blocked_unfilled,control_class=exact_power_anchor,88.9875953821,positive_control_survivor
rank149_Q1009_actual_near_miss,actual_near_miss,149,6,7,3,241,201,237820,13450707367768000,237820,1009,prime_block_le_1009,81,148442751793136438533965338087543801190959757888544388980934356724535496789076307693189375411040397120044336213563505967374089274154395172105420265758452993645832585198070632260101329900383144999881739549,467.819803066,22876792454961,30.7611440827,53,13,0,,424.679389619,30.7611440827,1.0375256185,0.593702520113,1.74754249245,none_visible,12.5968609108,0.333333333333,12.2635275774,existing_near_power_csv,local_obstruction_before_drift,local_residue_sieve,blocked_unfilled,darmon_granville_ceiling,blocked_unfilled,blocked_unfilled,Z,residue_only,blocked_unfilled,blocked_unfilled,under_test,Q_1009,pass_predefined,81,0,30.7611440827,0.379767210898,blocked_unfilled,control_class=actual_near_miss,30.7611440827,local_obstruction_before_drift
rank149_Q1009_random_root_sets,random_root_sets,149,6,7,3,241,201,237820,13450707367768000,237820,1009,prime_block_le_1009,81,148442751793136438533965338087543801190959757888544388980934356724535496789076307693189375411040397120044336213563505967374089274154395172105420265758452993645832585198070632260101329900383144999881739549,467.819803066,22876792454961,30.7611440827,53,13,0,,424.679389619,30.7611440827,1.00829239434,0.699016996982,1.50842607387,none_visible,12.5968609108,0.333333333333,12.2635275774,deterministic_seeded_random_sets_same_cardinality,local_obstruction_before_drift,local_residue_sieve,blocked_unfilled,darmon_granville_ceiling,blocked_unfilled,blocked_unfilled,Z,residue_only,blocked_unfilled,blocked_unfilled,negative_control_passed,Q_1009,pass_predefined,81,0,30.7611440827,0.379767210898,blocked_unfilled,control_class=random_root_sets,30.7611440827,local_obstruction_before_drift
rank149_Q1009_exact_power_anchor,exact_power_anchor,149,6,7,3,241,201,237820,13450707367768000,237820,1009,prime_block_le_1009,81,148442751793136438533965338087543801190959757888544388980934356724535496789076307693189375411040397120044336213563505967374089274154395172105420265758452993645832585198070632260101329900383144999881739549,467.819803066,443426488243037769948249630619149892803,88.9875953821,0,0,1,237820,366.45293832,88.9875953821,1.005747305,0.978212747269,1.03919771256,constructed_exact_power_root,12.5968609108,0.333333333333,12.2635275774,C_from_near_power_row_as_positive_control,positive_control_survivor,local_residue_sieve,blocked_unfilled,darmon_granville_ceiling,blocked_unfilled,blocked_unfilled,Z,survivor_kandidat_requires_overlap_check,blocked_unfilled,blocked_unfilled,positive_control_passed,Q_1009,pass_predefined,81,4.20486081911e-06,88.9875953821,1.09861228867,blocked_unfilled,control_class=exact_power_anchor,88.9875953821,positive_control_survivor
rank150_Q1009_actual_near_miss,actual_near_miss,150,7,7,3,161,185,217016,10220573438660096,217016,1009,prime_block_le_1009,81,148442751793136438533965338087543801190959757888544388980934356724535496789076307693189375411040397120044336213563505967374089274154395172105420265758452993645832585198070632260101329900383144999881739549,467.819803066,150094635296999121,39.5500423921,45,7,0,,415.982034311,39.5500423921,0.954856631155,0.579461626997,1.13380017039,none_visible,12.6907069505,0.333333333333,12.3573736172,existing_near_power_csv,local_obstruction_before_drift,local_residue_sieve,blocked_unfilled,darmon_granville_ceiling,blocked_unfilled,blocked_unfilled,Z,residue_only,blocked_unfilled,blocked_unfilled,under_test,Q_1009,pass_predefined,81,0,39.5500423921,0.488272128297,blocked_unfilled,control_class=actual_near_miss,39.5500423921,local_obstruction_before_drift
rank150_Q1009_random_root_sets,random_root_sets,150,7,7,3,161,185,217016,10220573438660096,217016,1009,prime_block_le_1009,81,148442751793136438533965338087543801190959757888544388980934356724535496789076307693189375411040397120044336213563505967374089274154395172105420265758452993645832585198070632260101329900383144999881739549,467.819803066,150094635296999121,39.5500423921,45,7,0,,415.982034311,39.5500423921,0.969671484369,0.710192387248,1.08333538131,none_visible,12.6907069505,0.333333333333,12.3573736172,deterministic_seeded_random_sets_same_cardinality,local_obstruction_before_drift,local_residue_sieve,blocked_unfilled,darmon_granville_ceiling,blocked_unfilled,blocked_unfilled,Z,residue_only,blocked_unfilled,blocked_unfilled,negative_control_passed,Q_1009,pass_predefined,81,0,39.5500423921,0.488272128297,blocked_unfilled,control_class=random_root_sets,39.5500423921,local_obstruction_before_drift
rank150_Q1009_exact_power_anchor,exact_power_anchor,150,7,7,3,161,185,217016,10220573438660096,217016,1009,prime_block_le_1009,81,148442751793136438533965338087543801190959757888544388980934356724535496789076307693189375411040397120044336213563505967374089274154395172105420265758452993645832585198070632260101329900383144999881739549,467.819803066,443426488243037769948249630619149892803,88.9875953821,0,0,1,217016,366.544481321,88.9875953821,1.00650634737,0.982684840442,1.04227184478,constructed_exact_power_root,12.6907069505,0.333333333333,12.3573736172,C_from_near_power_row_as_positive_control,positive_control_survivor,local_residue_sieve,blocked_unfilled,darmon_granville_ceiling,blocked_unfilled,blocked_unfilled,Z,survivor_kandidat_requires_overlap_check,blocked_unfilled,blocked_unfilled,positive_control_passed,Q_1009,pass_predefined,81,4.60795517381e-06,88.9875953821,1.09861228867,blocked_unfilled,control_class=exact_power_anchor,88.9875953821,positive_control_survivor
rank151_Q1009_actual_near_miss,actual_near_miss,151,6,7,3,203,178,178961,5731591019717681,178961,1009,prime_block_le_1009,81,148442751793136438533965338087543801190959757888544388980934356724535496789076307693189375411040397120044336213563505967374089274154395172105420265758452993645832585198070632260101329900383144999881739549,467.819803066,205891132094649,32.95836866,51,7,0,,422.766511222,32.95836866,0.991512608685,0.330854829327,1.59091894013,none_visible,12.89300742,0.333333333333,12.5596740867,existing_near_power_csv,local_obstruction_before_drift,local_residue_sieve,blocked_unfilled,darmon_granville_ceiling,blocked_unfilled,blocked_unfilled,Z,residue_only,blocked_unfilled,blocked_unfilled,under_test,Q_1009,pass_predefined,81,0,32.95836866,0.406893440247,blocked_unfilled,control_class=actual_near_miss,32.95836866,local_obstruction_before_drift
rank151_Q1009_random_root_sets,random_root_sets,151,6,7,3,203,178,178961,5731591019717681,178961,1009,prime_block_le_1009,81,148442751793136438533965338087543801190959757888544388980934356724535496789076307693189375411040397120044336213563505967374089274154395172105420265758452993645832585198070632260101329900383144999881739549,467.819803066,205891132094649,32.95836866,51,7,0,,422.766511222,32.95836866,0.981913191515,0,1.36710853824,none_visible,12.89300742,0.333333333333,12.5596740867,deterministic_seeded_random_sets_same_cardinality,local_obstruction_before_drift,local_residue_sieve,blocked_unfilled,darmon_granville_ceiling,blocked_unfilled,blocked_unfilled,Z,residue_only,blocked_unfilled,blocked_unfilled,negative_control_passed,Q_1009,pass_predefined,81,0,32.95836866,0.406893440247,blocked_unfilled,control_class=random_root_sets,32.95836866,local_obstruction_before_drift
rank151_Q1009_exact_power_anchor,exact_power_anchor,151,6,7,3,203,178,178961,5731591019717681,178961,1009,prime_block_le_1009,81,148442751793136438533965338087543801190959757888544388980934356724535496789076307693189375411040397120044336213563505967374089274154395172105420265758452993645832585198070632260101329900383144999881739549,467.819803066,147808829414345923316083210206383297601,87.8889830934,0,0,1,178961,367.835896788,87.8889830934,1.00899828785,0.988387289844,1.07305502316,constructed_exact_power_root,12.89300742,0.333333333333,12.5596740867,C_from_near_power_row_as_positive_control,positive_control_survivor,local_residue_sieve,blocked_unfilled,darmon_granville_ceiling,blocked_unfilled,blocked_unfilled,Z,survivor_kandidat_requires_overlap_check,blocked_unfilled,blocked_unfilled,positive_control_passed,Q_1009,pass_predefined,81,5.5878096345e-06,87.8889830934,1.08504917399,blocked_unfilled,control_class=exact_power_anchor,87.8889830934,positive_control_survivor
rank152_Q1009_actual_near_miss,actual_near_miss,152,6,7,3,201,128,85676,628894137795776,85676,1009,prime_block_le_1009,81,148442751793136438533965338087543801190959757888544388980934356724535496789076307693189375411040397120044336213563505967374089274154395172105420265758452993645832585198070632260101329900383144999881739549,467.819803066,2541865828329,28.5639195054,55,7,0,,427.897555542,28.5639195054,0.971393680844,0,3.21899170518,none_visible,13.7291275704,0.333333333333,13.3957942371,existing_near_power_csv,local_obstruction_before_drift,local_residue_sieve,blocked_unfilled,darmon_granville_ceiling,blocked_unfilled,blocked_unfilled,Z,residue_only,blocked_unfilled,blocked_unfilled,under_test,Q_1009,pass_predefined,81,0,28.5639195054,0.352640981548,blocked_unfilled,control_class=actual_near_miss,28.5639195054,local_obstruction_before_drift
rank152_Q1009_random_root_sets,random_root_sets,152,6,7,3,201,128,85676,628894137795776,85676,1009,prime_block_le_1009,81,148442751793136438533965338087543801190959757888544388980934356724535496789076307693189375411040397120044336213563505967374089274154395172105420265758452993645832585198070632260101329900383144999881739549,467.819803066,2541865828329,28.5639195054,55,7,0,,427.897555542,28.5639195054,0.916892323015,0,1.6963949453,none_visible,13.7291275704,0.333333333333,13.3957942371,deterministic_seeded_random_sets_same_cardinality,local_obstruction_before_drift,local_residue_sieve,blocked_unfilled,darmon_granville_ceiling,blocked_unfilled,blocked_unfilled,Z,residue_only,blocked_unfilled,blocked_unfilled,negative_control_passed,Q_1009,pass_predefined,81,0,28.5639195054,0.352640981548,blocked_unfilled,control_class=random_root_sets,28.5639195054,local_obstruction_before_drift
rank152_Q1009_exact_power_anchor,exact_power_anchor,152,6,7,3,201,128,85676,628894137795776,85676,1009,prime_block_le_1009,81,148442751793136438533965338087543801190959757888544388980934356724535496789076307693189375411040397120044336213563505967374089274154395172105420265758452993645832585198070632260101329900383144999881739549,467.819803066,443426488243037769948249630619149892803,88.9875953821,0,0,1,85676,367.473879665,88.9875953821,1.01948901373,0.98384093043,1.0983939493,constructed_exact_power_root,13.7291275704,0.333333333333,13.3957942371,C_from_near_power_row_as_positive_control,positive_control_survivor,local_residue_sieve,blocked_unfilled,darmon_granville_ceiling,blocked_unfilled,blocked_unfilled,Z,survivor_kandidat_requires_overlap_check,blocked_unfilled,blocked_unfilled,positive_control_passed,Q_1009,pass_predefined,81,1.16718801064e-05,88.9875953821,1.09861228867,blocked_unfilled,control_class=exact_power_anchor,88.9875953821,positive_control_survivor
rank153_Q1009_actual_near_miss,actual_near_miss,153,6,6,4,74,203,2894,70144578055696,2894,1009,prime_block_le_1009,168,9883326855402037591071935385995119237769544071052336268948774388464692156613644748904309606814293831245297812573737471660766117746371102064423456768885161432286497987467827050297144528442873088837053363555505746083646800378861291436855041666704610624315412063093301501729007973506838237506477051903879849849069942384994070557970314845526910370320580570131817760395064723644436433536440921569283170173653219381073021595,962.46883296,4722366482869645213696,49.9065970003,112,3,0,,904.591841052,49.9065970003,0.680376785303,0,2.02565653075,none_visible,30.1888690638,0.25,29.9388690638,existing_near_power_csv,local_obstruction_before_drift,local_residue_sieve,blocked_unfilled,darmon_granville_ceiling,blocked_unfilled,blocked_unfilled,Z,residue_only,blocked_unfilled,blocked_unfilled,under_test,Q_1009,pass_predefined,168,0,49.9065970003,0.297063077383,blocked_unfilled,control_class=actual_near_miss,49.9065970003,local_obstruction_before_drift
rank153_Q1009_random_root_sets,random_root_sets,153,6,6,4,74,203,2894,70144578055696,2894,1009,prime_block_le_1009,168,9883326855402037591071935385995119237769544071052336268948774388464692156613644748904309606814293831245297812573737471660766117746371102064423456768885161432286497987467827050297144528442873088837053363555505746083646800378861291436855041666704610624315412063093301501729007973506838237506477051903879849849069942384994070557970314845526910370320580570131817760395064723644436433536440921569283170173653219381073021595,962.46883296,4722366482869645213696,49.9065970003,112,3,0,,904.591841052,49.9065970003,1.12393817669,0,5.18218728404,none_visible,30.1888690638,0.25,29.9388690638,deterministic_seeded_random_sets_same_cardinality,local_obstruction_before_drift,local_residue_sieve,blocked_unfilled,darmon_granville_ceiling,blocked_unfilled,blocked_unfilled,Z,residue_only,blocked_unfilled,blocked_unfilled,negative_control_passed,Q_1009,pass_predefined,168,0,49.9065970003,0.297063077383,blocked_unfilled,control_class=random_root_sets,49.9065970003,local_obstruction_before_drift
rank153_Q1009_exact_power_anchor,exact_power_anchor,153,6,6,4,74,203,2894,70144578055696,2894,1009,prime_block_le_1009,168,9883326855402037591071935385995119237769544071052336268948774388464692156613644748904309606814293831245297812573737471660766117746371102064423456768885161432286497987467827050297144528442873088837053363555505746083646800378861291436855041666704610624315412063093301501729007973506838237506477051903879849849069942384994070557970314845526910370320580570131817760395064723644436433536440921569283170173653219381073021595,962.46883296,904625697166532776746648320380374280103671755200316906558262375061821325312,172.593647959,0,0,1,2894,781.904790093,172.593647959,1.06424480966,0.634739979267,1.49153420871,constructed_exact_power_root,30.1888690638,0.25,29.9388690638,C_from_near_power_row_as_positive_control,positive_control_survivor,local_residue_sieve,blocked_unfilled,darmon_granville_ceiling,blocked_unfilled,blocked_unfilled,Z,survivor_kandidat_requires_overlap_check,blocked_unfilled,blocked_unfilled,positive_control_passed,Q_1009,pass_predefined,168,0.000345542501728,172.593647959,1.02734314262,blocked_unfilled,control_class=exact_power_anchor,172.593647959,positive_control_survivor
rank154_Q1009_actual_near_miss,actual_near_miss,154,6,6,3,153,250,63576,256968328766976,63576,1009,prime_block_le_1009,81,148442751793136438533965338087543801190959757888544388980934356724535496789076307693189375411040397120044336213563505967374089274154395172105420265758452993645832585198070632260101329900383144999881739549,467.819803066,68630377364883,31.8597563714,52,7,0,,424.900055375,31.8597563714,1.00115296536,0,2.47108272863,none_visible,14.0994626351,0.333333333333,13.7661293017,existing_near_power_csv,local_obstruction_before_drift,local_residue_sieve,blocked_unfilled,darmon_granville_ceiling,blocked_unfilled,blocked_unfilled,Z,residue_only,blocked_unfilled,blocked_unfilled,under_test,Q_1009,pass_predefined,81,0,31.8597563714,0.393330325573,blocked_unfilled,control_class=actual_near_miss,31.8597563714,local_obstruction_before_drift
rank154_Q1009_random_root_sets,random_root_sets,154,6,6,3,153,250,63576,256968328766976,63576,1009,prime_block_le_1009,81,148442751793136438533965338087543801190959757888544388980934356724535496789076307693189375411040397120044336213563505967374089274154395172105420265758452993645832585198070632260101329900383144999881739549,467.819803066,68630377364883,31.8597563714,52,7,0,,424.900055375,31.8597563714,1.00220099653,0,2.26396054416,none_visible,14.0994626351,0.333333333333,13.7661293017,deterministic_seeded_random_sets_same_cardinality,local_obstruction_before_drift,local_residue_sieve,blocked_unfilled,darmon_granville_ceiling,blocked_unfilled,blocked_unfilled,Z,residue_only,blocked_unfilled,blocked_unfilled,negative_control_passed,Q_1009,pass_predefined,81,0,31.8597563714,0.393330325573,blocked_unfilled,control_class=random_root_sets,31.8597563714,local_obstruction_before_drift
rank154_Q1009_exact_power_anchor,exact_power_anchor,154,6,6,3,153,250,63576,256968328766976,63576,1009,prime_block_le_1009,81,148442751793136438533965338087543801190959757888544388980934356724535496789076307693189375411040397120044336213563505967374089274154395172105420265758452993645832585198070632260101329900383144999881739549,467.819803066,147808829414345923316083210206383297601,87.8889830934,0,0,1,63576,368.870828653,87.8889830934,1.00799626227,0.822340366036,1.24948967465,constructed_exact_power_root,14.0994626351,0.333333333333,13.7661293017,C_from_near_power_row_as_positive_control,positive_control_survivor,local_residue_sieve,blocked_unfilled,darmon_granville_ceiling,blocked_unfilled,blocked_unfilled,Z,survivor_kandidat_requires_overlap_check,blocked_unfilled,blocked_unfilled,positive_control_passed,Q_1009,pass_predefined,81,1.57292059897e-05,87.8889830934,1.08504917399,blocked_unfilled,control_class=exact_power_anchor,87.8889830934,positive_control_survivor
rank155_Q1009_actual_near_miss,actual_near_miss,155,6,7,3,65,93,39202,60245508310408,39202,1009,prime_block_le_1009,81,148442751793136438533965338087543801190959757888544388980934356724535496789076307693189375411040397120044336213563505967374089274154395172105420265758452993645832585198070632260101329900383144999881739549,467.819803066,68630377364883,31.8597563714,51,7,0,,425.38356365,31.8597563714,0.950076125179,0,2.10925179554,none_visible,14.7440253715,0.333333333333,14.4106920382,existing_near_power_csv,local_obstruction_before_drift,local_residue_sieve,blocked_unfilled,darmon_granville_ceiling,blocked_unfilled,blocked_unfilled,Z,residue_only,blocked_unfilled,blocked_unfilled,under_test,Q_1009,pass_predefined,81,0,31.8597563714,0.393330325573,blocked_unfilled,control_class=actual_near_miss,31.8597563714,local_obstruction_before_drift
rank155_Q1009_random_root_sets,random_root_sets,155,6,7,3,65,93,39202,60245508310408,39202,1009,prime_block_le_1009,81,148442751793136438533965338087543801190959757888544388980934356724535496789076307693189375411040397120044336213563505967374089274154395172105420265758452993645832585198070632260101329900383144999881739549,467.819803066,68630377364883,31.8597563714,51,7,0,,425.38356365,31.8597563714,0.966594911068,0,1.66601193817,none_visible,14.7440253715,0.333333333333,14.4106920382,deterministic_seeded_random_sets_same_cardinality,local_obstruction_before_drift,local_residue_sieve,blocked_unfilled,darmon_granville_ceiling,blocked_unfilled,blocked_unfilled,Z,residue_only,blocked_unfilled,blocked_unfilled,negative_control_passed,Q_1009,pass_predefined,81,0,31.8597563714,0.393330325573,blocked_unfilled,control_class=random_root_sets,31.8597563714,local_obstruction_before_drift
rank155_Q1009_exact_power_anchor,exact_power_anchor,155,6,7,3,65,93,39202,60245508310408,39202,1009,prime_block_le_1009,81,148442751793136438533965338087543801190959757888544388980934356724535496789076307693189375411040397120044336213563505967374089274154395172105420265758452993645832585198070632260101329900383144999881739549,467.819803066,443426488243037769948249630619149892803,88.9875953821,0,0,1,39202,368.255724639,88.9875953821,0.992834714593,0.578961390859,1.08857824714,constructed_exact_power_root,14.7440253715,0.333333333333,14.4106920382,C_from_near_power_row_as_positive_control,positive_control_survivor,local_residue_sieve,blocked_unfilled,darmon_granville_ceiling,blocked_unfilled,blocked_unfilled,Z,survivor_kandidat_requires_overlap_check,blocked_unfilled,blocked_unfilled,positive_control_passed,Q_1009,pass_predefined,81,2.5508902607e-05,88.9875953821,1.09861228867,blocked_unfilled,control_class=exact_power_anchor,88.9875953821,positive_control_survivor
rank156_Q1009_actual_near_miss,actual_near_miss,156,6,6,3,123,193,38063,55145368716047,38063,1009,prime_block_le_1009,81,148442751793136438533965338087543801190959757888544388980934356724535496789076307693189375411040397120044336213563505967374089274154395172105420265758452993645832585198070632260101329900383144999881739549,467.819803066,205891132094649,32.95836866,51,7,0,,424.314436445,32.95836866,1.15251748806,0,2.88007309519,none_visible,14.7852436245,0.333333333333,14.4519102912,existing_near_power_csv,local_obstruction_before_drift,local_residue_sieve,blocked_unfilled,darmon_granville_ceiling,blocked_unfilled,blocked_unfilled,Z,residue_only,blocked_unfilled,blocked_unfilled,under_test,Q_1009,pass_predefined,81,0,32.95836866,0.406893440247,blocked_unfilled,control_class=actual_near_miss,32.95836866,local_obstruction_before_drift
rank156_Q1009_random_root_sets,random_root_sets,156,6,6,3,123,193,38063,55145368716047,38063,1009,prime_block_le_1009,81,148442751793136438533965338087543801190959757888544388980934356724535496789076307693189375411040397120044336213563505967374089274154395172105420265758452993645832585198070632260101329900383144999881739549,467.819803066,205891132094649,32.95836866,51,7,0,,424.314436445,32.95836866,0.914537521127,0,2.01067528396,none_visible,14.7852436245,0.333333333333,14.4519102912,deterministic_seeded_random_sets_same_cardinality,local_obstruction_before_drift,local_residue_sieve,blocked_unfilled,darmon_granville_ceiling,blocked_unfilled,blocked_unfilled,Z,residue_only,blocked_unfilled,blocked_unfilled,negative_control_passed,Q_1009,pass_predefined,81,0,32.95836866,0.406893440247,blocked_unfilled,control_class=random_root_sets,32.95836866,local_obstruction_before_drift
rank156_Q1009_exact_power_anchor,exact_power_anchor,156,6,6,3,123,193,38063,55145368716047,38063,1009,prime_block_le_1009,81,148442751793136438533965338087543801190959757888544388980934356724535496789076307693189375411040397120044336213563505967374089274154395172105420265758452993645832585198070632260101329900383144999881739549,467.819803066,443426488243037769948249630619149892803,88.9875953821,0,0,1,38063,368.285209723,88.9875953821,0.998922108668,0.686770763092,1.12171633578,constructed_exact_power_root,14.7852436245,0.333333333333,14.4519102912,C_from_near_power_row_as_positive_control,positive_control_survivor,local_residue_sieve,blocked_unfilled,darmon_granville_ceiling,blocked_unfilled,blocked_unfilled,Z,survivor_kandidat_requires_overlap_check,blocked_unfilled,blocked_unfilled,positive_control_passed,Q_1009,pass_predefined,81,2.62722328771e-05,88.9875953821,1.09861228867,blocked_unfilled,control_class=exact_power_anchor,88.9875953821,positive_control_survivor
rank157_Q1009_actual_near_miss,actual_near_miss,157,7,7,3,182,229,340966,39639961520548696,340966,1009,prime_block_le_1009,81,148442751793136438533965338087543801190959757888544388980934356724535496789076307693189375411040397120044336213563505967374089274154395172105420265758452993645832585198070632260101329900383144999881739549,467.819803066,1853020188851841,35.1555932374,48,7,0,,419.924671784,35.1555932374,0.978138297595,0.763691003404,1.07363914421,none_visible,12.2406270785,0.333333333333,11.9072937451,existing_near_power_csv,local_obstruction_before_drift,local_residue_sieve,blocked_unfilled,darmon_granville_ceiling,blocked_unfilled,blocked_unfilled,Z,residue_only,blocked_unfilled,blocked_unfilled,under_test,Q_1009,pass_predefined,81,0,35.1555932374,0.434019669597,blocked_unfilled,control_class=actual_near_miss,35.1555932374,local_obstruction_before_drift
rank157_Q1009_random_root_sets,random_root_sets,157,7,7,3,182,229,340966,39639961520548696,340966,1009,prime_block_le_1009,81,148442751793136438533965338087543801190959757888544388980934356724535496789076307693189375411040397120044336213563505967374089274154395172105420265758452993645832585198070632260101329900383144999881739549,467.819803066,1853020188851841,35.1555932374,48,7,0,,419.924671784,35.1555932374,1.02012845964,0.890972837305,1.11959908678,none_visible,12.2406270785,0.333333333333,11.9072937451,deterministic_seeded_random_sets_same_cardinality,local_obstruction_before_drift,local_residue_sieve,blocked_unfilled,darmon_granville_ceiling,blocked_unfilled,blocked_unfilled,Z,residue_only,blocked_unfilled,blocked_unfilled,negative_control_passed,Q_1009,pass_predefined,81,0,35.1555932374,0.434019669597,blocked_unfilled,control_class=random_root_sets,35.1555932374,local_obstruction_before_drift
rank157_Q1009_exact_power_anchor,exact_power_anchor,157,7,7,3,182,229,340966,39639961520548696,340966,1009,prime_block_le_1009,81,148442751793136438533965338087543801190959757888544388980934356724535496789076307693189375411040397120044336213563505967374089274154395172105420265758452993645832585198070632260101329900383144999881739549,467.819803066,443426488243037769948249630619149892803,88.9875953821,0,0,1,340966,366.092669639,88.9875953821,1.00433362966,0.981835595208,1.02732660865,constructed_exact_power_root,12.2406270785,0.333333333333,11.9072937451,C_from_near_power_row_as_positive_control,positive_control_survivor,local_residue_sieve,blocked_unfilled,darmon_granville_ceiling,blocked_unfilled,blocked_unfilled,Z,survivor_kandidat_requires_overlap_check,blocked_unfilled,blocked_unfilled,positive_control_passed,Q_1009,pass_predefined,81,2.93284374395e-06,88.9875953821,1.09861228867,blocked_unfilled,control_class=exact_power_anchor,88.9875953821,positive_control_survivor
rank158_Q1009_actual_near_miss,actual_near_miss,158,6,7,3,188,165,149981,3373717662443141,149981,1009,prime_block_le_1009,81,148442751793136438533965338087543801190959757888544388980934356724535496789076307693189375411040397120044336213563505967374089274154395172105420265758452993645832585198070632260101329900383144999881739549,467.819803066,2541865828329,28.5639195054,54,7,0,,427.337619662,28.5639195054,1.06904232561,0.744326873997,1.59206240198,none_visible,13.0841149084,0.333333333333,12.7507815751,existing_near_power_csv,local_obstruction_before_drift,local_residue_sieve,blocked_unfilled,darmon_granville_ceiling,blocked_unfilled,blocked_unfilled,Z,residue_only,blocked_unfilled,blocked_unfilled,under_test,Q_1009,pass_predefined,81,0,28.5639195054,0.352640981548,blocked_unfilled,control_class=actual_near_miss,28.5639195054,local_obstruction_before_drift
rank158_Q1009_random_root_sets,random_root_sets,158,6,7,3,188,165,149981,3373717662443141,149981,1009,prime_block_le_1009,81,148442751793136438533965338087543801190959757888544388980934356724535496789076307693189375411040397120044336213563505967374089274154395172105420265758452993645832585198070632260101329900383144999881739549,467.819803066,2541865828329,28.5639195054,54,7,0,,427.337619662,28.5639195054,0.913886870115,0.237510825445,1.59206240198,none_visible,13.0841149084,0.333333333333,12.7507815751,deterministic_seeded_random_sets_same_cardinality,local_obstruction_before_drift,local_residue_sieve,blocked_unfilled,darmon_granville_ceiling,blocked_unfilled,blocked_unfilled,Z,residue_only,blocked_unfilled,blocked_unfilled,negative_control_passed,Q_1009,pass_predefined,81,0,28.5639195054,0.352640981548,blocked_unfilled,control_class=random_root_sets,28.5639195054,local_obstruction_before_drift
rank158_Q1009_exact_power_anchor,exact_power_anchor,158,6,7,3,188,165,149981,3373717662443141,149981,1009,prime_block_le_1009,81,148442751793136438533965338087543801190959757888544388980934356724535496789076307693189375411040397120044336213563505967374089274154395172105420265758452993645832585198070632260101329900383144999881739549,467.819803066,49269609804781974438694403402127765867,86.7903708048,0,0,1,149981,369.111168363,86.7903708048,1.01121527863,0.981262070973,1.0593141798,constructed_exact_power_root,13.0841149084,0.333333333333,12.7507815751,C_from_near_power_row_as_positive_control,positive_control_survivor,local_residue_sieve,blocked_unfilled,darmon_granville_ceiling,blocked_unfilled,blocked_unfilled,Z,survivor_kandidat_requires_overlap_check,blocked_unfilled,blocked_unfilled,positive_control_passed,Q_1009,pass_predefined,81,6.66751121809e-06,86.7903708048,1.07148605932,blocked_unfilled,control_class=exact_power_anchor,86.7903708048,positive_control_survivor
rank159_Q1009_actual_near_miss,actual_near_miss,159,6,7,3,149,129,84596,605409854140736,84596,1009,prime_block_le_1009,81,148442751793136438533965338087543801190959757888544388980934356724535496789076307693189375411040397120044336213563505967374089274154395172105420265758452993645832585198070632260101329900383144999881739549,467.819803066,3486784401,21.9722457734,60,7,0,,434.501915029,21.9722457734,0.862428811974,0,1.92288314131,none_visible,13.7444783414,0.333333333333,13.4111450081,existing_near_power_csv,local_obstruction_before_drift,local_residue_sieve,blocked_unfilled,darmon_granville_ceiling,blocked_unfilled,blocked_unfilled,Z,residue_only,blocked_unfilled,blocked_unfilled,under_test,Q_1009,pass_predefined,81,0,21.9722457734,0.271262293498,blocked_unfilled,control_class=actual_near_miss,21.9722457734,local_obstruction_before_drift
rank159_Q1009_random_root_sets,random_root_sets,159,6,7,3,149,129,84596,605409854140736,84596,1009,prime_block_le_1009,81,148442751793136438533965338087543801190959757888544388980934356724535496789076307693189375411040397120044336213563505967374089274154395172105420265758452993645832585198070632260101329900383144999881739549,467.819803066,3486784401,21.9722457734,60,7,0,,434.501915029,21.9722457734,0.868976140191,0,1.63543062188,none_visible,13.7444783414,0.333333333333,13.4111450081,deterministic_seeded_random_sets_same_cardinality,local_obstruction_before_drift,local_residue_sieve,blocked_unfilled,darmon_granville_ceiling,blocked_unfilled,blocked_unfilled,Z,residue_only,blocked_unfilled,blocked_unfilled,negative_control_passed,Q_1009,pass_predefined,81,0,21.9722457734,0.271262293498,blocked_unfilled,control_class=random_root_sets,21.9722457734,local_obstruction_before_drift
rank159_Q1009_exact_power_anchor,exact_power_anchor,159,6,7,3,149,129,84596,605409854140736,84596,1009,prime_block_le_1009,81,148442751793136438533965338087543801190959757888544388980934356724535496789076307693189375411040397120044336213563505967374089274154395172105420265758452993645832585198070632260101329900383144999881739549,467.819803066,443426488243037769948249630619149892803,88.9875953821,0,0,1,84596,367.486565421,88.9875953821,1.0293426228,0.927013885605,1.3047661828,constructed_exact_power_root,13.7444783414,0.333333333333,13.4111450081,C_from_near_power_row_as_positive_control,positive_control_survivor,local_residue_sieve,blocked_unfilled,darmon_granville_ceiling,blocked_unfilled,blocked_unfilled,Z,survivor_kandidat_requires_overlap_check,blocked_unfilled,blocked_unfilled,positive_control_passed,Q_1009,pass_predefined,81,1.18208898766e-05,88.9875953821,1.09861228867,blocked_unfilled,control_class=exact_power_anchor,88.9875953821,positive_control_survivor
rank160_Q1009_actual_near_miss,actual_near_miss,160,6,7,3,204,229,321069,33097495072171509,321069,1009,prime_block_le_1009,81,148442751793136438533965338087543801190959757888544388980934356724535496789076307693189375411040397120044336213563505967374089274154395172105420265758452993645832585198070632260101329900383144999881739549,467.819803066,12157665459056928801,43.9444915467,41,13,0,,411.195900187,43.9444915467,1.0138630637,0.866436809533,1.13553784389,none_visible,12.2986730431,0.333333333333,11.9653397098,existing_near_power_csv,local_obstruction_before_drift,local_residue_sieve,blocked_unfilled,darmon_granville_ceiling,blocked_unfilled,blocked_unfilled,Z,residue_only,blocked_unfilled,blocked_unfilled,under_test,Q_1009,pass_predefined,81,0,43.9444915467,0.542524586997,blocked_unfilled,control_class=actual_near_miss,43.9444915467,local_obstruction_before_drift
rank160_Q1009_random_root_sets,random_root_sets,160,6,7,3,204,229,321069,33097495072171509,321069,1009,prime_block_le_1009,81,148442751793136438533965338087543801190959757888544388980934356724535496789076307693189375411040397120044336213563505967374089274154395172105420265758452993645832585198070632260101329900383144999881739549,467.819803066,12157665459056928801,43.9444915467,41,13,0,,411.195900187,43.9444915467,0.996769645569,0.883196100804,1.14554330827,none_visible,12.2986730431,0.333333333333,11.9653397098,deterministic_seeded_random_sets_same_cardinality,local_obstruction_before_drift,local_residue_sieve,blocked_unfilled,darmon_granville_ceiling,blocked_unfilled,blocked_unfilled,Z,residue_only,blocked_unfilled,blocked_unfilled,negative_control_passed,Q_1009,pass_predefined,81,0,43.9444915467,0.542524586997,blocked_unfilled,control_class=random_root_sets,43.9444915467,local_obstruction_before_drift
rank160_Q1009_exact_power_anchor,exact_power_anchor,160,6,7,3,204,229,321069,33097495072171509,321069,1009,prime_block_le_1009,81,148442751793136438533965338087543801190959757888544388980934356724535496789076307693189375411040397120044336213563505967374089274154395172105420265758452993645832585198070632260101329900383144999881739549,467.819803066,147808829414345923316083210206383297601,87.8889830934,0,0,1,321069,367.25140864,87.8889830934,1.00232919819,0.969949000232,1.0426810298,constructed_exact_power_root,12.2986730431,0.333333333333,11.9653397098,C_from_near_power_row_as_positive_control,positive_control_survivor,local_residue_sieve,blocked_unfilled,darmon_granville_ceiling,blocked_unfilled,blocked_unfilled,Z,survivor_kandidat_requires_overlap_check,blocked_unfilled,blocked_unfilled,positive_control_passed,Q_1009,pass_predefined,81,3.11459530506e-06,87.8889830934,1.08504917399,blocked_unfilled,control_class=exact_power_anchor,87.8889830934,positive_control_survivor
rank161_Q1009_actual_near_miss,actual_near_miss,161,7,7,3,159,218,296128,25967995095089152,296128,1009,prime_block_le_1009,81,148442751793136438533965338087543801190959757888544388980934356724535496789076307693189375411040397120044336213563505967374089274154395172105420265758452993645832585198070632260101329900383144999881739549,467.819803066,2541865828329,28.5639195054,54,31,0,,426.657336488,28.5639195054,1.00678318097,0.855877638499,1.26131455167,none_visible,12.3776125501,0.333333333333,12.0442792168,existing_near_power_csv,local_obstruction_before_drift,local_residue_sieve,blocked_unfilled,darmon_granville_ceiling,blocked_unfilled,blocked_unfilled,Z,residue_only,blocked_unfilled,blocked_unfilled,under_test,Q_1009,pass_predefined,81,0,28.5639195054,0.352640981548,blocked_unfilled,control_class=actual_near_miss,28.5639195054,local_obstruction_before_drift
rank161_Q1009_random_root_sets,random_root_sets,161,7,7,3,159,218,296128,25967995095089152,296128,1009,prime_block_le_1009,81,148442751793136438533965338087543801190959757888544388980934356724535496789076307693189375411040397120044336213563505967374089274154395172105420265758452993645832585198070632260101329900383144999881739549,467.819803066,2541865828329,28.5639195054,54,31,0,,426.657336488,28.5639195054,1.00738475704,0.862988677569,1.09832872572,none_visible,12.3776125501,0.333333333333,12.0442792168,deterministic_seeded_random_sets_same_cardinality,local_obstruction_before_drift,local_residue_sieve,blocked_unfilled,darmon_granville_ceiling,blocked_unfilled,blocked_unfilled,Z,residue_only,blocked_unfilled,blocked_unfilled,negative_control_passed,Q_1009,pass_predefined,81,0,28.5639195054,0.352640981548,blocked_unfilled,control_class=random_root_sets,28.5639195054,local_obstruction_before_drift
rank161_Q1009_exact_power_anchor,exact_power_anchor,161,7,7,3,159,218,296128,25967995095089152,296128,1009,prime_block_le_1009,81,148442751793136438533965338087543801190959757888544388980934356724535496789076307693189375411040397120044336213563505967374089274154395172105420265758452993645832585198070632260101329900383144999881739549,467.819803066,49269609804781974438694403402127765867,86.7903708048,0,0,1,296128,368.430885189,86.7903708048,1.00203220117,0.971019664169,1.05608948383,constructed_exact_power_root,12.3776125501,0.333333333333,12.0442792168,C_from_near_power_row_as_positive_control,positive_control_survivor,local_residue_sieve,blocked_unfilled,darmon_granville_ceiling,blocked_unfilled,blocked_unfilled,Z,survivor_kandidat_requires_overlap_check,blocked_unfilled,blocked_unfilled,positive_control_passed,Q_1009,pass_predefined,81,3.37691808947e-06,86.7903708048,1.07148605932,blocked_unfilled,control_class=exact_power_anchor,86.7903708048,positive_control_survivor
rank162_Q1009_actual_near_miss,actual_near_miss,162,7,7,3,131,162,153124,3590292207490624,153124,1009,prime_block_le_1009,81,148442751793136438533965338087543801190959757888544388980934356724535496789076307693189375411040397120044336213563505967374089274154395172105420265758452993645832585198070632260101329900383144999881739549,467.819803066,4052555153018976267,42.8458792581,42,31,0,,413.034920478,42.8458792581,0.98490082354,0.863893895724,1.09151406703,none_visible,13.0613862857,0.333333333333,12.7280529524,existing_near_power_csv,local_obstruction_before_drift,local_residue_sieve,blocked_unfilled,darmon_granville_ceiling,blocked_unfilled,blocked_unfilled,Z,residue_only,blocked_unfilled,blocked_unfilled,under_test,Q_1009,pass_predefined,81,0,42.8458792581,0.528961472322,blocked_unfilled,control_class=actual_near_miss,42.8458792581,local_obstruction_before_drift
rank162_Q1009_random_root_sets,random_root_sets,162,7,7,3,131,162,153124,3590292207490624,153124,1009,prime_block_le_1009,81,148442751793136438533965338087543801190959757888544388980934356724535496789076307693189375411040397120044336213563505967374089274154395172105420265758452993645832585198070632260101329900383144999881739549,467.819803066,4052555153018976267,42.8458792581,42,31,0,,413.034920478,42.8458792581,1.00836885284,0.92593874536,1.17533937637,none_visible,13.0613862857,0.333333333333,12.7280529524,deterministic_seeded_random_sets_same_cardinality,local_obstruction_before_drift,local_residue_sieve,blocked_unfilled,darmon_granville_ceiling,blocked_unfilled,blocked_unfilled,Z,residue_only,blocked_unfilled,blocked_unfilled,negative_control_passed,Q_1009,pass_predefined,81,0,42.8458792581,0.528961472322,blocked_unfilled,control_class=random_root_sets,42.8458792581,local_obstruction_before_drift
rank162_Q1009_exact_power_anchor,exact_power_anchor,162,7,7,3,131,162,153124,3590292207490624,153124,1009,prime_block_le_1009,81,148442751793136438533965338087543801190959757888544388980934356724535496789076307693189375411040397120044336213563505967374089274154395172105420265758452993645832585198070632260101329900383144999881739549,467.819803066,443426488243037769948249630619149892803,88.9875953821,0,0,1,153124,366.893204354,88.9875953821,1.00601349354,0.961120834531,1.0646317146,constructed_exact_power_root,13.0613862857,0.333333333333,12.7280529524,C_from_near_power_row_as_positive_control,positive_control_survivor,local_residue_sieve,blocked_unfilled,darmon_granville_ceiling,blocked_unfilled,blocked_unfilled,Z,survivor_kandidat_requires_overlap_check,blocked_unfilled,blocked_unfilled,positive_control_passed,Q_1009,pass_predefined,81,6.53065489407e-06,88.9875953821,1.09861228867,blocked_unfilled,control_class=exact_power_anchor,88.9875953821,positive_control_survivor
rank163_Q1009_actual_near_miss,actual_near_miss,163,6,7,3,217,184,193498,7244850723821992,193498,1009,prime_block_le_1009,81,148442751793136438533965338087543801190959757888544388980934356724535496789076307693189375411040397120044336213563505967374089274154395172105420265758452993645832585198070632260101329900383144999881739549,467.819803066,16677181699666569,37.3528178147,47,7,0,,418.293962796,37.3528178147,0.984205933031,0.649890151032,1.12534898437,none_visible,12.810288893,0.333333333333,12.4769555596,existing_near_power_csv,local_obstruction_before_drift,local_residue_sieve,blocked_unfilled,darmon_granville_ceiling,blocked_unfilled,blocked_unfilled,Z,residue_only,blocked_unfilled,blocked_unfilled,under_test,Q_1009,pass_predefined,81,0,37.3528178147,0.461145898947,blocked_unfilled,control_class=actual_near_miss,37.3528178147,local_obstruction_before_drift
rank163_Q1009_random_root_sets,random_root_sets,163,6,7,3,217,184,193498,7244850723821992,193498,1009,prime_block_le_1009,81,148442751793136438533965338087543801190959757888544388980934356724535496789076307693189375411040397120044336213563505967374089274154395172105420265758452993645832585198070632260101329900383144999881739549,467.819803066,16677181699666569,37.3528178147,47,7,0,,418.293962796,37.3528178147,0.962706093622,0.537743714836,1.20669292017,none_visible,12.810288893,0.333333333333,12.4769555596,deterministic_seeded_random_sets_same_cardinality,local_obstruction_before_drift,local_residue_sieve,blocked_unfilled,darmon_granville_ceiling,blocked_unfilled,blocked_unfilled,Z,residue_only,blocked_unfilled,blocked_unfilled,negative_control_passed,Q_1009,pass_predefined,81,0,37.3528178147,0.461145898947,blocked_unfilled,control_class=random_root_sets,37.3528178147,local_obstruction_before_drift
rank163_Q1009_exact_power_anchor,exact_power_anchor,163,6,7,3,217,184,193498,7244850723821992,193498,1009,prime_block_le_1009,81,148442751793136438533965338087543801190959757888544388980934356724535496789076307693189375411040397120044336213563505967374089274154395172105420265758452993645832585198070632260101329900383144999881739549,467.819803066,443426488243037769948249630619149892803,88.9875953821,0,0,1,193498,366.659185228,88.9875953821,1.00456098599,0.967687865852,1.04308629087,constructed_exact_power_root,12.810288893,0.333333333333,12.4769555596,C_from_near_power_row_as_positive_control,positive_control_survivor,local_residue_sieve,blocked_unfilled,darmon_granville_ceiling,blocked_unfilled,blocked_unfilled,Z,survivor_kandidat_requires_overlap_check,blocked_unfilled,blocked_unfilled,positive_control_passed,Q_1009,pass_predefined,81,5.16801207248e-06,88.9875953821,1.09861228867,blocked_unfilled,control_class=exact_power_anchor,88.9875953821,positive_control_survivor
rank164_Q1009_actual_near_miss,actual_near_miss,164,7,7,3,185,199,270421,19775216339828461,270421,1009,prime_block_le_1009,81,148442751793136438533965338087543801190959757888544388980934356724535496789076307693189375411040397120044336213563505967374089274154395172105420265758452993645832585198070632260101329900383144999881739549,467.819803066,205891132094649,32.95836866,51,13,0,,422.353699123,32.95836866,1.00819615354,0.490614017896,1.27071738758,none_visible,12.4674795899,0.333333333333,12.1341462566,existing_near_power_csv,local_obstruction_before_drift,local_residue_sieve,blocked_unfilled,darmon_granville_ceiling,blocked_unfilled,blocked_unfilled,Z,residue_only,blocked_unfilled,blocked_unfilled,under_test,Q_1009,pass_predefined,81,0,32.95836866,0.406893440247,blocked_unfilled,control_class=actual_near_miss,32.95836866,local_obstruction_before_drift
rank164_Q1009_random_root_sets,random_root_sets,164,7,7,3,185,199,270421,19775216339828461,270421,1009,prime_block_le_1009,81,148442751793136438533965338087543801190959757888544388980934356724535496789076307693189375411040397120044336213563505967374089274154395172105420265758452993645832585198070632260101329900383144999881739549,467.819803066,205891132094649,32.95836866,51,13,0,,422.353699123,32.95836866,0.999493468141,0.790524568892,1.12389447072,none_visible,12.4674795899,0.333333333333,12.1341462566,deterministic_seeded_random_sets_same_cardinality,local_obstruction_before_drift,local_residue_sieve,blocked_unfilled,darmon_granville_ceiling,blocked_unfilled,blocked_unfilled,Z,residue_only,blocked_unfilled,blocked_unfilled,negative_control_passed,Q_1009,pass_predefined,81,0,32.95836866,0.406893440247,blocked_unfilled,control_class=random_root_sets,32.95836866,local_obstruction_before_drift
rank164_Q1009_exact_power_anchor,exact_power_anchor,164,7,7,3,185,199,270421,19775216339828461,270421,1009,prime_block_le_1009,81,148442751793136438533965338087543801190959757888544388980934356724535496789076307693189375411040397120044336213563505967374089274154395172105420265758452993645832585198070632260101329900383144999881739549,467.819803066,443426488243037769948249630619149892803,88.9875953821,0,0,1,270421,366.324472401,88.9875953821,1.00062984781,0.952398913792,1.02814294912,constructed_exact_power_root,12.4674795899,0.333333333333,12.1341462566,C_from_near_power_row_as_positive_control,positive_control_survivor,local_residue_sieve,blocked_unfilled,darmon_granville_ceiling,blocked_unfilled,blocked_unfilled,Z,survivor_kandidat_requires_overlap_check,blocked_unfilled,blocked_unfilled,positive_control_passed,Q_1009,pass_predefined,81,3.69793766017e-06,88.9875953821,1.09861228867,blocked_unfilled,control_class=exact_power_anchor,88.9875953821,positive_control_survivor
rank165_Q1009_actual_near_miss,actual_near_miss,165,7,7,3,81,199,231344,12381541599555584,231344,1009,prime_block_le_1009,81,148442751793136438533965338087543801190959757888544388980934356724535496789076307693189375411040397120044336213563505967374089274154395172105420265758452993645832585198070632260101329900383144999881739549,467.819803066,7625597484987,29.662531794,53,13,0,,425.805610213,29.662531794,1.01148502118,0.49713077591,1.79720531618,none_visible,12.6250172837,0.333333333333,12.2916839503,existing_near_power_csv,local_obstruction_before_drift,local_residue_sieve,blocked_unfilled,darmon_granville_ceiling,blocked_unfilled,blocked_unfilled,Z,residue_only,blocked_unfilled,blocked_unfilled,under_test,Q_1009,pass_predefined,81,0,29.662531794,0.366204096223,blocked_unfilled,control_class=actual_near_miss,29.662531794,local_obstruction_before_drift
rank165_Q1009_random_root_sets,random_root_sets,165,7,7,3,81,199,231344,12381541599555584,231344,1009,prime_block_le_1009,81,148442751793136438533965338087543801190959757888544388980934356724535496789076307693189375411040397120044336213563505967374089274154395172105420265758452993645832585198070632260101329900383144999881739549,467.819803066,7625597484987,29.662531794,53,13,0,,425.805610213,29.662531794,0.989162723525,0,1.79720531618,none_visible,12.6250172837,0.333333333333,12.2916839503,deterministic_seeded_random_sets_same_cardinality,local_obstruction_before_drift,local_residue_sieve,blocked_unfilled,darmon_granville_ceiling,blocked_unfilled,blocked_unfilled,Z,residue_only,blocked_unfilled,blocked_unfilled,negative_control_passed,Q_1009,pass_predefined,81,0,29.662531794,0.366204096223,blocked_unfilled,control_class=random_root_sets,29.662531794,local_obstruction_before_drift
rank165_Q1009_exact_power_anchor,exact_power_anchor,165,7,7,3,81,199,231344,12381541599555584,231344,1009,prime_block_le_1009,81,148442751793136438533965338087543801190959757888544388980934356724535496789076307693189375411040397120044336213563505967374089274154395172105420265758452993645832585198070632260101329900383144999881739549,467.819803066,147808829414345923316083210206383297601,87.8889830934,0,0,1,231344,367.579158913,87.8889830934,1.00423489519,0.947834778031,1.0329936756,constructed_exact_power_root,12.6250172837,0.333333333333,12.2916839503,C_from_near_power_row_as_positive_control,positive_control_survivor,local_residue_sieve,blocked_unfilled,darmon_granville_ceiling,blocked_unfilled,blocked_unfilled,Z,survivor_kandidat_requires_overlap_check,blocked_unfilled,blocked_unfilled,positive_control_passed,Q_1009,pass_predefined,81,4.32256725915e-06,87.8889830934,1.08504917399,blocked_unfilled,control_class=exact_power_anchor,87.8889830934,positive_control_survivor
rank166_Q1009_actual_near_miss,actual_near_miss,166,6,7,3,221,161,142940,2920527724184000,142940,1009,prime_block_le_1009,81,148442751793136438533965338087543801190959757888544388980934356724535496789076307693189375411040397120044336213563505967374089274154395172105420265758452993645832585198070632260101329900383144999881739549,467.819803066,1162261467,20.8736334847,61,19,0,,435.07598934,20.8736334847,0.914460080989,0,2.27827371236,none_visible,13.1371159656,0.333333333333,12.8037826322,existing_near_power_csv,local_obstruction_before_drift,local_residue_sieve,blocked_unfilled,darmon_granville_ceiling,blocked_unfilled,blocked_unfilled,Z,residue_only,blocked_unfilled,blocked_unfilled,under_test,Q_1009,pass_predefined,81,0,20.8736334847,0.257699178823,blocked_unfilled,control_class=actual_near_miss,20.8736334847,local_obstruction_before_drift
rank166_Q1009_random_root_sets,random_root_sets,166,6,7,3,221,161,142940,2920527724184000,142940,1009,prime_block_le_1009,81,148442751793136438533965338087543801190959757888544388980934356724535496789076307693189375411040397120044336213563505967374089274154395172105420265758452993645832585198070632260101329900383144999881739549,467.819803066,1162261467,20.8736334847,61,19,0,,435.07598934,20.8736334847,0.878248183305,0,1.67048489654,none_visible,13.1371159656,0.333333333333,12.8037826322,deterministic_seeded_random_sets_same_cardinality,local_obstruction_before_drift,local_residue_sieve,blocked_unfilled,darmon_granville_ceiling,blocked_unfilled,blocked_unfilled,Z,residue_only,blocked_unfilled,blocked_unfilled,negative_control_passed,Q_1009,pass_predefined,81,0,20.8736334847,0.257699178823,blocked_unfilled,control_class=random_root_sets,20.8736334847,local_obstruction_before_drift
rank166_Q1009_exact_power_anchor,exact_power_anchor,166,6,7,3,221,161,142940,2920527724184000,142940,1009,prime_block_le_1009,81,148442751793136438533965338087543801190959757888544388980934356724535496789076307693189375411040397120044336213563505967374089274154395172105420265758452993645832585198070632260101329900383144999881739549,467.819803066,147808829414345923316083210206383297601,87.8889830934,0,0,1,142940,368.060639732,87.8889830934,1.00654768382,0.992393856008,1.04445377237,constructed_exact_power_root,13.1371159656,0.333333333333,12.8037826322,C_from_near_power_row_as_positive_control,positive_control_survivor,local_residue_sieve,blocked_unfilled,darmon_granville_ceiling,blocked_unfilled,blocked_unfilled,Z,survivor_kandidat_requires_overlap_check,blocked_unfilled,blocked_unfilled,positive_control_passed,Q_1009,pass_predefined,81,6.99594235344e-06,87.8889830934,1.08504917399,blocked_unfilled,control_class=exact_power_anchor,87.8889830934,positive_control_survivor
rank167_Q1009_actual_near_miss,actual_near_miss,167,6,7,4,127,91,2734,55871977259536,2734,1009,prime_block_le_1009,168,9883326855402037591071935385995119237769544071052336268948774388464692156613644748904309606814293831245297812573737471660766117746371102064423456768885161432286497987467827050297144528442873088837053363555505746083646800378861291436855041666704610624315412063093301501729007973506838237506477051903879849849069942384994070557970314845526910370320580570131817760395064723644436433536440921569283170173653219381073021595,962.46883296,633825300114114700748351602688,68.6215708754,89,3,0,,885.933741067,68.6215708754,0.894873201658,0,2.54604059985,none_visible,30.4058342316,0.25,30.1558342316,existing_near_power_csv,local_obstruction_before_drift,local_residue_sieve,blocked_unfilled,darmon_granville_ceiling,blocked_unfilled,blocked_unfilled,Z,residue_only,blocked_unfilled,blocked_unfilled,under_test,Q_1009,pass_predefined,168,0,68.6215708754,0.408461731401,blocked_unfilled,control_class=actual_near_miss,68.6215708754,local_obstruction_before_drift
rank167_Q1009_random_root_sets,random_root_sets,167,6,7,4,127,91,2734,55871977259536,2734,1009,prime_block_le_1009,168,9883326855402037591071935385995119237769544071052336268948774388464692156613644748904309606814293831245297812573737471660766117746371102064423456768885161432286497987467827050297144528442873088837053363555505746083646800378861291436855041666704610624315412063093301501729007973506838237506477051903879849849069942384994070557970314845526910370320580570131817760395064723644436433536440921569283170173653219381073021595,962.46883296,633825300114114700748351602688,68.6215708754,89,3,0,,885.933741067,68.6215708754,1.00635610979,0,4.83641185077,none_visible,30.4058342316,0.25,30.1558342316,deterministic_seeded_random_sets_same_cardinality,local_obstruction_before_drift,local_residue_sieve,blocked_unfilled,darmon_granville_ceiling,blocked_unfilled,blocked_unfilled,Z,residue_only,blocked_unfilled,blocked_unfilled,negative_control_passed,Q_1009,pass_predefined,168,0,68.6215708754,0.408461731401,blocked_unfilled,control_class=random_root_sets,68.6215708754,local_obstruction_before_drift
rank167_Q1009_exact_power_anchor,exact_power_anchor,167,6,7,4,127,91,2734,55871977259536,2734,1009,prime_block_le_1009,168,9883326855402037591071935385995119237769544071052336268948774388464692156613644748904309606814293831245297812573737471660766117746371102064423456768885161432286497987467827050297144528442873088837053363555505746083646800378861291436855041666704610624315412063093301501729007973506838237506477051903879849849069942384994070557970314845526910370320580570131817760395064723644436433536440921569283170173653219381073021595,962.46883296,904625697166532776746648320380374280103671755200316906558262375061821325312,172.593647959,0,0,1,2734,781.961663983,172.593647959,1.08564793648,0.924012435991,1.57882223848,constructed_exact_power_root,30.4058342316,0.25,30.1558342316,C_from_near_power_row_as_positive_control,positive_control_survivor,local_residue_sieve,blocked_unfilled,darmon_granville_ceiling,blocked_unfilled,blocked_unfilled,Z,survivor_kandidat_requires_overlap_check,blocked_unfilled,blocked_unfilled,positive_control_passed,Q_1009,pass_predefined,168,0.000365764447696,172.593647959,1.02734314262,blocked_unfilled,control_class=exact_power_anchor,172.593647959,positive_control_survivor
rank168_Q1009_actual_near_miss,actual_near_miss,168,7,7,3,193,250,414101,71009889658672301,414101,1009,prime_block_le_1009,81,148442751793136438533965338087543801190959757888544388980934356724535496789076307693189375411040397120044336213563505967374089274154395172105420265758452993645832585198070632260101329900383144999881739549,467.819803066,617673396283947,34.0569809487,49,7,0,,420.828956933,34.0569809487,0.991042409407,0.882090225439,1.11499931981,none_visible,12.0567156169,0.333333333333,11.7233822835,existing_near_power_csv,local_obstruction_before_drift,local_residue_sieve,blocked_unfilled,darmon_granville_ceiling,blocked_unfilled,blocked_unfilled,Z,residue_only,blocked_unfilled,blocked_unfilled,under_test,Q_1009,pass_predefined,81,0,34.0569809487,0.420456554922,blocked_unfilled,control_class=actual_near_miss,34.0569809487,local_obstruction_before_drift
rank168_Q1009_random_root_sets,random_root_sets,168,7,7,3,193,250,414101,71009889658672301,414101,1009,prime_block_le_1009,81,148442751793136438533965338087543801190959757888544388980934356724535496789076307693189375411040397120044336213563505967374089274154395172105420265758452993645832585198070632260101329900383144999881739549,467.819803066,617673396283947,34.0569809487,49,7,0,,420.828956933,34.0569809487,1.01840795997,0.943221581208,1.12301829747,none_visible,12.0567156169,0.333333333333,11.7233822835,deterministic_seeded_random_sets_same_cardinality,local_obstruction_before_drift,local_residue_sieve,blocked_unfilled,darmon_granville_ceiling,blocked_unfilled,blocked_unfilled,Z,residue_only,blocked_unfilled,blocked_unfilled,negative_control_passed,Q_1009,pass_predefined,81,0,34.0569809487,0.420456554922,blocked_unfilled,control_class=random_root_sets,34.0569809487,local_obstruction_before_drift
rank168_Q1009_exact_power_anchor,exact_power_anchor,168,7,7,3,193,250,414101,71009889658672301,414101,1009,prime_block_le_1009,81,148442751793136438533965338087543801190959757888544388980934356724535496789076307693189375411040397120044336213563505967374089274154395172105420265758452993645832585198070632260101329900383144999881739549,467.819803066,443426488243037769948249630619149892803,88.9875953821,0,0,1,414101,365.898342499,88.9875953821,1.00244255137,0.984184212708,1.03657749626,constructed_exact_power_root,12.0567156169,0.333333333333,11.7233822835,C_from_near_power_row_as_positive_control,positive_control_survivor,local_residue_sieve,blocked_unfilled,darmon_granville_ceiling,blocked_unfilled,blocked_unfilled,Z,survivor_kandidat_requires_overlap_check,blocked_unfilled,blocked_unfilled,positive_control_passed,Q_1009,pass_predefined,81,2.41486980229e-06,88.9875953821,1.09861228867,blocked_unfilled,control_class=exact_power_anchor,88.9875953821,positive_control_survivor
rank169_Q1009_actual_near_miss,actual_near_miss,169,7,7,3,229,237,421762,75024367721822728,421762,1009,prime_block_le_1009,81,148442751793136438533965338087543801190959757888544388980934356724535496789076307693189375411040397120044336213563505967374089274154395172105420265758452993645832585198070632260101329900383144999881739549,467.819803066,22876792454961,30.7611440827,52,7,0,,424.10646253,30.7611440827,1.01209375237,0.90081162151,1.21084719186,none_visible,12.0396517241,0.333333333333,11.7063183908,existing_near_power_csv,local_obstruction_before_drift,local_residue_sieve,blocked_unfilled,darmon_granville_ceiling,blocked_unfilled,blocked_unfilled,Z,residue_only,blocked_unfilled,blocked_unfilled,under_test,Q_1009,pass_predefined,81,0,30.7611440827,0.379767210898,blocked_unfilled,control_class=actual_near_miss,30.7611440827,local_obstruction_before_drift
rank169_Q1009_random_root_sets,random_root_sets,169,7,7,3,229,237,421762,75024367721822728,421762,1009,prime_block_le_1009,81,148442751793136438533965338087543801190959757888544388980934356724535496789076307693189375411040397120044336213563505967374089274154395172105420265758452993645832585198070632260101329900383144999881739549,467.819803066,22876792454961,30.7611440827,52,7,0,,424.10646253,30.7611440827,0.983743168211,0.872296329315,1.08092742142,none_visible,12.0396517241,0.333333333333,11.7063183908,deterministic_seeded_random_sets_same_cardinality,local_obstruction_before_drift,local_residue_sieve,blocked_unfilled,darmon_granville_ceiling,blocked_unfilled,blocked_unfilled,Z,residue_only,blocked_unfilled,blocked_unfilled,negative_control_passed,Q_1009,pass_predefined,81,0,30.7611440827,0.379767210898,blocked_unfilled,control_class=random_root_sets,30.7611440827,local_obstruction_before_drift
rank169_Q1009_exact_power_anchor,exact_power_anchor,169,7,7,3,229,237,421762,75024367721822728,421762,1009,prime_block_le_1009,81,148442751793136438533965338087543801190959757888544388980934356724535496789076307693189375411040397120044336213563505967374089274154395172105420265758452993645832585198070632260101329900383144999881739549,467.819803066,49269609804781974438694403402127765867,86.7903708048,0,0,1,421762,368.077235808,86.7903708048,1.00286963009,0.974131013331,1.02245447538,constructed_exact_power_root,12.0396517241,0.333333333333,11.7063183908,C_from_near_power_row_as_positive_control,positive_control_survivor,local_residue_sieve,blocked_unfilled,darmon_granville_ceiling,blocked_unfilled,blocked_unfilled,Z,survivor_kandidat_requires_overlap_check,blocked_unfilled,blocked_unfilled,positive_control_passed,Q_1009,pass_predefined,81,2.37100544857e-06,86.7903708048,1.07148605932,blocked_unfilled,control_class=exact_power_anchor,86.7903708048,positive_control_survivor
rank170_Q1009_actual_near_miss,actual_near_miss,170,4,5,3,194,235,8955,718119583875,8955,1009,prime_block_le_1009,81,148442751793136438533965338087543801190959757888544388980934356724535496789076307693189375411040397120044336213563505967374089274154395172105420265758452993645832585198070632260101329900383144999881739549,467.819803066,22876792454961,30.7611440827,52,7,0,,427.958691669,30.7611440827,0.585008375209,0,2.71076369502,none_visible,17.136318073,0.333333333333,16.8029847397,existing_near_power_csv,local_obstruction_before_drift,local_residue_sieve,blocked_unfilled,darmon_granville_ceiling,blocked_unfilled,blocked_unfilled,Z,residue_only,blocked_unfilled,blocked_unfilled,under_test,Q_1009,pass_predefined,81,0,30.7611440827,0.379767210898,blocked_unfilled,control_class=actual_near_miss,30.7611440827,local_obstruction_before_drift
rank170_Q1009_random_root_sets,random_root_sets,170,4,5,3,194,235,8955,718119583875,8955,1009,prime_block_le_1009,81,148442751793136438533965338087543801190959757888544388980934356724535496789076307693189375411040397120044336213563505967374089274154395172105420265758452993645832585198070632260101329900383144999881739549,467.819803066,22876792454961,30.7611440827,52,7,0,,427.958691669,30.7611440827,0.839241991852,0,3.510676841,none_visible,17.136318073,0.333333333333,16.8029847397,deterministic_seeded_random_sets_same_cardinality,local_obstruction_before_drift,local_residue_sieve,blocked_unfilled,darmon_granville_ceiling,blocked_unfilled,blocked_unfilled,Z,residue_only,blocked_unfilled,blocked_unfilled,negative_control_passed,Q_1009,pass_predefined,81,0,30.7611440827,0.379767210898,blocked_unfilled,control_class=random_root_sets,30.7611440827,local_obstruction_before_drift
rank170_Q1009_exact_power_anchor,exact_power_anchor,170,4,5,3,194,235,8955,718119583875,8955,1009,prime_block_le_1009,81,148442751793136438533965338087543801190959757888544388980934356724535496789076307693189375411040397120044336213563505967374089274154395172105420265758452993645832585198070632260101329900383144999881739549,467.819803066,147808829414345923316083210206383297601,87.8889830934,0,0,1,8955,370.830852658,87.8889830934,1.20975608495,0.633624914697,2.85925925926,constructed_exact_power_root,17.136318073,0.333333333333,16.8029847397,C_from_near_power_row_as_positive_control,positive_control_survivor,local_residue_sieve,blocked_unfilled,darmon_granville_ceiling,blocked_unfilled,blocked_unfilled,Z,survivor_kandidat_requires_overlap_check,blocked_unfilled,blocked_unfilled,positive_control_passed,Q_1009,pass_predefined,81,0.000111669458403,87.8889830934,1.08504917399,blocked_unfilled,control_class=exact_power_anchor,87.8889830934,positive_control_survivor
rank171_Q1009_actual_near_miss,actual_near_miss,171,7,7,3,87,218,286175,23436625181609375,286175,1009,prime_block_le_1009,81,148442751793136438533965338087543801190959757888544388980934356724535496789076307693189375411040397120044336213563505967374089274154395172105420265758452993645832585198070632260101329900383144999881739549,467.819803066,94143178827,25.2680826394,57,7,0,,429.987361636,25.2680826394,1.03594344699,0.472951476855,1.85429234249,none_visible,12.4112926853,0.333333333333,12.0779593519,existing_near_power_csv,local_obstruction_before_drift,local_residue_sieve,blocked_unfilled,darmon_granville_ceiling,blocked_unfilled,blocked_unfilled,Z,residue_only,blocked_unfilled,blocked_unfilled,under_test,Q_1009,pass_predefined,81,0,25.2680826394,0.311951637523,blocked_unfilled,control_class=actual_near_miss,25.2680826394,local_obstruction_before_drift
rank171_Q1009_random_root_sets,random_root_sets,171,7,7,3,87,218,286175,23436625181609375,286175,1009,prime_block_le_1009,81,148442751793136438533965338087543801190959757888544388980934356724535496789076307693189375411040397120044336213563505967374089274154395172105420265758452993645832585198070632260101329900383144999881739549,467.819803066,94143178827,25.2680826394,57,7,0,,429.987361636,25.2680826394,1.00998161238,0.564559758501,1.81403026509,none_visible,12.4112926853,0.333333333333,12.0779593519,deterministic_seeded_random_sets_same_cardinality,local_obstruction_before_drift,local_residue_sieve,blocked_unfilled,darmon_granville_ceiling,blocked_unfilled,blocked_unfilled,Z,residue_only,blocked_unfilled,blocked_unfilled,negative_control_passed,Q_1009,pass_predefined,81,0,25.2680826394,0.311951637523,blocked_unfilled,control_class=random_root_sets,25.2680826394,local_obstruction_before_drift
rank171_Q1009_exact_power_anchor,exact_power_anchor,171,7,7,3,87,218,286175,23436625181609375,286175,1009,prime_block_le_1009,81,148442751793136438533965338087543801190959757888544388980934356724535496789076307693189375411040397120044336213563505967374089274154395172105420265758452993645832585198070632260101329900383144999881739549,467.819803066,443426488243037769948249630619149892803,88.9875953821,0,0,1,286175,366.267848893,88.9875953821,1.00424190068,0.978166040593,1.07068052765,constructed_exact_power_root,12.4112926853,0.333333333333,12.0779593519,C_from_near_power_row_as_positive_control,positive_control_survivor,local_residue_sieve,blocked_unfilled,darmon_granville_ceiling,blocked_unfilled,blocked_unfilled,Z,survivor_kandidat_requires_overlap_check,blocked_unfilled,blocked_unfilled,positive_control_passed,Q_1009,pass_predefined,81,3.4943653359e-06,88.9875953821,1.09861228867,blocked_unfilled,control_class=exact_power_anchor,88.9875953821,positive_control_survivor
rank172_Q1009_actual_near_miss,actual_near_miss,172,7,7,3,157,199,245021,14709906899144261,245021,1009,prime_block_le_1009,81,148442751793136438533965338087543801190959757888544388980934356724535496789076307693189375411040397120044336213563505967374089274154395172105420265758452993645832585198070632260101329900383144999881739549,467.819803066,847288609443,27.4653072167,56,31,0,,427.945396649,27.4653072167,1.03147866993,0.843508198164,1.41407153763,none_visible,12.5665797203,0.333333333333,12.2332463869,existing_near_power_csv,local_obstruction_before_drift,local_residue_sieve,blocked_unfilled,darmon_granville_ceiling,blocked_unfilled,blocked_unfilled,Z,residue_only,blocked_unfilled,blocked_unfilled,under_test,Q_1009,pass_predefined,81,0,27.4653072167,0.339077866873,blocked_unfilled,control_class=actual_near_miss,27.4653072167,local_obstruction_before_drift
rank172_Q1009_random_root_sets,random_root_sets,172,7,7,3,157,199,245021,14709906899144261,245021,1009,prime_block_le_1009,81,148442751793136438533965338087543801190959757888544388980934356724535496789076307693189375411040397120044336213563505967374089274154395172105420265758452993645832585198070632260101329900383144999881739549,467.819803066,847288609443,27.4653072167,56,31,0,,427.945396649,27.4653072167,1.01235319286,0.672686558839,1.37192231596,none_visible,12.5665797203,0.333333333333,12.2332463869,deterministic_seeded_random_sets_same_cardinality,local_obstruction_before_drift,local_residue_sieve,blocked_unfilled,darmon_granville_ceiling,blocked_unfilled,blocked_unfilled,Z,residue_only,blocked_unfilled,blocked_unfilled,negative_control_passed,Q_1009,pass_predefined,81,0,27.4653072167,0.339077866873,blocked_unfilled,control_class=random_root_sets,27.4653072167,local_obstruction_before_drift
rank172_Q1009_exact_power_anchor,exact_power_anchor,172,7,7,3,157,199,245021,14709906899144261,245021,1009,prime_block_le_1009,81,148442751793136438533965338087543801190959757888544388980934356724535496789076307693189375411040397120044336213563505967374089274154395172105420265758452993645832585198070632260101329900383144999881739549,467.819803066,147808829414345923316083210206383297601,87.8889830934,0,0,1,245021,367.521720772,87.8889830934,1.00076508937,0.926306089863,1.03205303491,constructed_exact_power_root,12.5665797203,0.333333333333,12.2332463869,C_from_near_power_row_as_positive_control,positive_control_survivor,local_residue_sieve,blocked_unfilled,darmon_granville_ceiling,blocked_unfilled,blocked_unfilled,Z,survivor_kandidat_requires_overlap_check,blocked_unfilled,blocked_unfilled,positive_control_passed,Q_1009,pass_predefined,81,4.08128282882e-06,87.8889830934,1.08504917399,blocked_unfilled,control_class=exact_power_anchor,87.8889830934,positive_control_survivor
rank173_Q1009_actual_near_miss,actual_near_miss,173,5,5,3,79,219,7973,506833476317,7973,1009,prime_block_le_1009,81,148442751793136438533965338087543801190959757888544388980934356724535496789076307693189375411040397120044336213563505967374089274154395172105420265758452993645832585198070632260101329900383144999881739549,467.819803066,7625597484987,29.662531794,54,37,0,,429.173455159,29.662531794,0.837856120889,0,3.14228577003,none_visible,17.3578724678,0.333333333333,17.0245391345,existing_near_power_csv,local_obstruction_before_drift,local_residue_sieve,blocked_unfilled,darmon_granville_ceiling,blocked_unfilled,blocked_unfilled,Z,residue_only,blocked_unfilled,blocked_unfilled,under_test,Q_1009,pass_predefined,81,0,29.662531794,0.366204096223,blocked_unfilled,control_class=actual_near_miss,29.662531794,local_obstruction_before_drift
rank173_Q1009_random_root_sets,random_root_sets,173,5,5,3,79,219,7973,506833476317,7973,1009,prime_block_le_1009,81,148442751793136438533965338087543801190959757888544388980934356724535496789076307693189375411040397120044336213563505967374089274154395172105420265758452993645832585198070632260101329900383144999881739549,467.819803066,7625597484987,29.662531794,54,37,0,,429.173455159,29.662531794,2.05560781527,0,18.7106763103,none_visible,17.3578724678,0.333333333333,17.0245391345,deterministic_seeded_random_sets_same_cardinality,local_obstruction_before_drift,local_residue_sieve,blocked_unfilled,darmon_granville_ceiling,blocked_unfilled,blocked_unfilled,Z,residue_only,blocked_unfilled,blocked_unfilled,negative_control_passed,Q_1009,pass_predefined,81,0,29.662531794,0.366204096223,blocked_unfilled,control_class=random_root_sets,29.662531794,local_obstruction_before_drift
rank173_Q1009_exact_power_anchor,exact_power_anchor,173,5,5,3,79,219,7973,506833476317,7973,1009,prime_block_le_1009,81,148442751793136438533965338087543801190959757888544388980934356724535496789076307693189375411040397120044336213563505967374089274154395172105420265758452993645832585198070632260101329900383144999881739549,467.819803066,49269609804781974438694403402127765867,86.7903708048,0,0,1,7973,372.045616149,86.7903708048,1.26141177864,0.585002160068,2.1349972825,constructed_exact_power_root,17.3578724678,0.333333333333,17.0245391345,C_from_near_power_row_as_positive_control,positive_control_survivor,local_residue_sieve,blocked_unfilled,darmon_granville_ceiling,blocked_unfilled,blocked_unfilled,Z,survivor_kandidat_requires_overlap_check,blocked_unfilled,blocked_unfilled,positive_control_passed,Q_1009,pass_predefined,81,0.00012542330365,86.7903708048,1.07148605932,blocked_unfilled,control_class=exact_power_anchor,86.7903708048,positive_control_survivor
rank174_Q1009_actual_near_miss,actual_near_miss,174,7,7,3,111,217,283831,22865435737145191,283831,1009,prime_block_le_1009,81,148442751793136438533965338087543801190959757888544388980934356724535496789076307693189375411040397120044336213563505967374089274154395172105420265758452993645832585198070632260101329900383144999881739549,467.819803066,617673396283947,34.0569809487,50,13,0,,421.206687848,34.0569809487,1.02493677119,0.538744299718,1.47222623478,none_visible,12.4194223323,0.333333333333,12.086088999,existing_near_power_csv,local_obstruction_before_drift,local_residue_sieve,blocked_unfilled,darmon_granville_ceiling,blocked_unfilled,blocked_unfilled,Z,residue_only,blocked_unfilled,blocked_unfilled,under_test,Q_1009,pass_predefined,81,0,34.0569809487,0.420456554922,blocked_unfilled,control_class=actual_near_miss,34.0569809487,local_obstruction_before_drift
rank174_Q1009_random_root_sets,random_root_sets,174,7,7,3,111,217,283831,22865435737145191,283831,1009,prime_block_le_1009,81,148442751793136438533965338087543801190959757888544388980934356724535496789076307693189375411040397120044336213563505967374089274154395172105420265758452993645832585198070632260101329900383144999881739549,467.819803066,617673396283947,34.0569809487,50,13,0,,421.206687848,34.0569809487,0.973884547495,0.718325732958,1.21137186878,none_visible,12.4194223323,0.333333333333,12.086088999,deterministic_seeded_random_sets_same_cardinality,local_obstruction_before_drift,local_residue_sieve,blocked_unfilled,darmon_granville_ceiling,blocked_unfilled,blocked_unfilled,Z,residue_only,blocked_unfilled,blocked_unfilled,negative_control_passed,Q_1009,pass_predefined,81,0,34.0569809487,0.420456554922,blocked_unfilled,control_class=random_root_sets,34.0569809487,local_obstruction_before_drift
rank174_Q1009_exact_power_anchor,exact_power_anchor,174,7,7,3,111,217,283831,22865435737145191,283831,1009,prime_block_le_1009,81,148442751793136438533965338087543801190959757888544388980934356724535496789076307693189375411040397120044336213563505967374089274154395172105420265758452993645832585198070632260101329900383144999881739549,467.819803066,443426488243037769948249630619149892803,88.9875953821,0,0,1,283831,366.276073414,88.9875953821,1.00661995721,0.980858719136,1.05953151308,constructed_exact_power_root,12.4194223323,0.333333333333,12.086088999,C_from_near_power_row_as_positive_control,positive_control_survivor,local_residue_sieve,blocked_unfilled,darmon_granville_ceiling,blocked_unfilled,blocked_unfilled,Z,survivor_kandidat_requires_overlap_check,blocked_unfilled,blocked_unfilled,positive_control_passed,Q_1009,pass_predefined,81,3.52322332656e-06,88.9875953821,1.09861228867,blocked_unfilled,control_class=exact_power_anchor,88.9875953821,positive_control_survivor
rank175_Q1009_actual_near_miss,actual_near_miss,175,6,7,3,120,157,133030,2354229369127000,133030,1009,prime_block_le_1009,81,148442751793136438533965338087543801190959757888544388980934356724535496789076307693189375411040397120044336213563505967374089274154395172105420265758452993645832585198070632260101329900383144999881739549,467.819803066,282429536481,26.366694928,56,7,0,,429.654778192,26.366694928,0.923578188991,0,1.82410400327,none_visible,13.2171192934,0.333333333333,12.8837859601,existing_near_power_csv,local_obstruction_before_drift,local_residue_sieve,blocked_unfilled,darmon_granville_ceiling,blocked_unfilled,blocked_unfilled,Z,residue_only,blocked_unfilled,blocked_unfilled,under_test,Q_1009,pass_predefined,81,0,26.366694928,0.325514752198,blocked_unfilled,control_class=actual_near_miss,26.366694928,local_obstruction_before_drift
rank175_Q1009_random_root_sets,random_root_sets,175,6,7,3,120,157,133030,2354229369127000,133030,1009,prime_block_le_1009,81,148442751793136438533965338087543801190959757888544388980934356724535496789076307693189375411040397120044336213563505967374089274154395172105420265758452993645832585198070632260101329900383144999881739549,467.819803066,282429536481,26.366694928,56,7,0,,429.654778192,26.366694928,0.993311624223,0,1.44289759202,none_visible,13.2171192934,0.333333333333,12.8837859601,deterministic_seeded_random_sets_same_cardinality,local_obstruction_before_drift,local_residue_sieve,blocked_unfilled,darmon_granville_ceiling,blocked_unfilled,blocked_unfilled,Z,residue_only,blocked_unfilled,blocked_unfilled,negative_control_passed,Q_1009,pass_predefined,81,0,26.366694928,0.325514752198,blocked_unfilled,control_class=random_root_sets,26.366694928,local_obstruction_before_drift
rank175_Q1009_exact_power_anchor,exact_power_anchor,175,6,7,3,120,157,133030,2354229369127000,133030,1009,prime_block_le_1009,81,148442751793136438533965338087543801190959757888544388980934356724535496789076307693189375411040397120044336213563505967374089274154395172105420265758452993645832585198070632260101329900383144999881739549,467.819803066,443426488243037769948249630619149892803,88.9875953821,0,0,1,133030,367.033877738,88.9875953821,1.0189321679,0.970243136469,1.15162745245,constructed_exact_power_root,13.2171192934,0.333333333333,12.8837859601,C_from_near_power_row_as_positive_control,positive_control_survivor,local_residue_sieve,blocked_unfilled,darmon_granville_ceiling,blocked_unfilled,blocked_unfilled,Z,survivor_kandidat_requires_overlap_check,blocked_unfilled,blocked_unfilled,positive_control_passed,Q_1009,pass_predefined,81,7.5171014057e-06,88.9875953821,1.09861228867,blocked_unfilled,control_class=exact_power_anchor,88.9875953821,positive_control_survivor
rank176_Q1009_actual_near_miss,actual_near_miss,176,5,5,3,107,211,7561,432252699481,7561,1009,prime_block_le_1009,81,148442751793136438533965338087543801190959757888544388980934356724535496789076307693189375411040397120044336213563505967374089274154395172105420265758452993645832585198070632260101329900383144999881739549,467.819803066,10460353203,23.070858062,60,7,0,,435.818186268,23.070858062,0.138747814075,0,1.12245587738,none_visible,17.4609950815,0.333333333333,17.1276617481,existing_near_power_csv,local_obstruction_before_drift,local_residue_sieve,blocked_unfilled,darmon_granville_ceiling,blocked_unfilled,blocked_unfilled,Z,residue_only,blocked_unfilled,blocked_unfilled,under_test,Q_1009,pass_predefined,81,0,23.070858062,0.284825408173,blocked_unfilled,control_class=actual_near_miss,23.070858062,local_obstruction_before_drift
rank176_Q1009_random_root_sets,random_root_sets,176,5,5,3,107,211,7561,432252699481,7561,1009,prime_block_le_1009,81,148442751793136438533965338087543801190959757888544388980934356724535496789076307693189375411040397120044336213563505967374089274154395172105420265758452993645832585198070632260101329900383144999881739549,467.819803066,10460353203,23.070858062,60,7,0,,435.818186268,23.070858062,0.662978148099,0,4.10533586092,none_visible,17.4609950815,0.333333333333,17.1276617481,deterministic_seeded_random_sets_same_cardinality,local_obstruction_before_drift,local_residue_sieve,blocked_unfilled,darmon_granville_ceiling,blocked_unfilled,blocked_unfilled,Z,residue_only,blocked_unfilled,blocked_unfilled,negative_control_passed,Q_1009,pass_predefined,81,0,23.070858062,0.284825408173,blocked_unfilled,control_class=random_root_sets,23.070858062,local_obstruction_before_drift
rank176_Q1009_exact_power_anchor,exact_power_anchor,176,5,5,3,107,211,7561,432252699481,7561,1009,prime_block_le_1009,81,148442751793136438533965338087543801190959757888544388980934356724535496789076307693189375411040397120044336213563505967374089274154395172105420265758452993645832585198070632260101329900383144999881739549,467.819803066,443426488243037769948249630619149892803,88.9875953821,0,0,1,7561,369.901448948,88.9875953821,1.25007592568,0.934370821026,2.25640347397,constructed_exact_power_root,17.4609950815,0.333333333333,17.1276617481,C_from_near_power_row_as_positive_control,positive_control_survivor,local_residue_sieve,blocked_unfilled,darmon_granville_ceiling,blocked_unfilled,blocked_unfilled,Z,survivor_kandidat_requires_overlap_check,blocked_unfilled,blocked_unfilled,positive_control_passed,Q_1009,pass_predefined,81,0.000132257637879,88.9875953821,1.09861228867,blocked_unfilled,control_class=exact_power_anchor,88.9875953821,positive_control_survivor
rank177_Q1009_actual_near_miss,actual_near_miss,177,5,6,3,195,226,51112,133526856636928,51112,1009,prime_block_le_1009,81,148442751793136438533965338087543801190959757888544388980934356724535496789076307693189375411040397120044336213563505967374089274154395172105420265758452993645832585198070632260101329900383144999881739549,467.819803066,68630377364883,31.8597563714,51,19,0,,425.118272112,31.8597563714,1.17145263416,0,3.05220343994,none_visible,14.383248164,0.333333333333,14.0499148307,existing_near_power_csv,local_obstruction_before_drift,local_residue_sieve,blocked_unfilled,darmon_granville_ceiling,blocked_unfilled,blocked_unfilled,Z,residue_only,blocked_unfilled,blocked_unfilled,under_test,Q_1009,pass_predefined,81,0,31.8597563714,0.393330325573,blocked_unfilled,control_class=actual_near_miss,31.8597563714,local_obstruction_before_drift
rank177_Q1009_random_root_sets,random_root_sets,177,5,6,3,195,226,51112,133526856636928,51112,1009,prime_block_le_1009,81,148442751793136438533965338087543801190959757888544388980934356724535496789076307693189375411040397120044336213563505967374089274154395172105420265758452993645832585198070632260101329900383144999881739549,467.819803066,68630377364883,31.8597563714,51,19,0,,425.118272112,31.8597563714,0.983563329333,0,1.52610171997,none_visible,14.383248164,0.333333333333,14.0499148307,deterministic_seeded_random_sets_same_cardinality,local_obstruction_before_drift,local_residue_sieve,blocked_unfilled,darmon_granville_ceiling,blocked_unfilled,blocked_unfilled,Z,residue_only,blocked_unfilled,blocked_unfilled,negative_control_passed,Q_1009,pass_predefined,81,0,31.8597563714,0.393330325573,blocked_unfilled,control_class=random_root_sets,31.8597563714,local_obstruction_before_drift
rank177_Q1009_exact_power_anchor,exact_power_anchor,177,5,6,3,195,226,51112,133526856636928,51112,1009,prime_block_le_1009,81,148442751793136438533965338087543801190959757888544388980934356724535496789076307693189375411040397120044336213563505967374089274154395172105420265758452993645832585198070632260101329900383144999881739549,467.819803066,443426488243037769948249630619149892803,88.9875953821,0,0,1,51112,367.990433102,88.9875953821,1.01134373388,0.918412288482,1.12516086677,constructed_exact_power_root,14.383248164,0.333333333333,14.0499148307,C_from_near_power_row_as_positive_control,positive_control_survivor,local_residue_sieve,blocked_unfilled,darmon_granville_ceiling,blocked_unfilled,blocked_unfilled,Z,survivor_kandidat_requires_overlap_check,blocked_unfilled,blocked_unfilled,positive_control_passed,Q_1009,pass_predefined,81,1.95648771326e-05,88.9875953821,1.09861228867,blocked_unfilled,control_class=exact_power_anchor,88.9875953821,positive_control_survivor
rank178_Q1009_actual_near_miss,actual_near_miss,178,7,6,3,43,178,31774,32078619752824,31774,1009,prime_block_le_1009,81,148442751793136438533965338087543801190959757888544388980934356724535496789076307693189375411040397120044336213563505967374089274154395172105420265758452993645832585198070632260101329900383144999881739549,467.819803066,205891132094649,32.95836866,50,7,0,,424.495030782,32.95836866,1.0851715472,0,2.65379101012,none_visible,15.0428190921,0.333333333333,14.7094857587,existing_near_power_csv,local_obstruction_before_drift,local_residue_sieve,blocked_unfilled,darmon_granville_ceiling,blocked_unfilled,blocked_unfilled,Z,residue_only,blocked_unfilled,blocked_unfilled,under_test,Q_1009,pass_predefined,81,0,32.95836866,0.406893440247,blocked_unfilled,control_class=actual_near_miss,32.95836866,local_obstruction_before_drift
rank178_Q1009_random_root_sets,random_root_sets,178,7,6,3,43,178,31774,32078619752824,31774,1009,prime_block_le_1009,81,148442751793136438533965338087543801190959757888544388980934356724535496789076307693189375411040397120044336213563505967374089274154395172105420265758452993645832585198070632260101329900383144999881739549,467.819803066,205891132094649,32.95836866,50,7,0,,424.495030782,32.95836866,0.822240668471,0,2.36252911185,none_visible,15.0428190921,0.333333333333,14.7094857587,deterministic_seeded_random_sets_same_cardinality,local_obstruction_before_drift,local_residue_sieve,blocked_unfilled,darmon_granville_ceiling,blocked_unfilled,blocked_unfilled,Z,residue_only,blocked_unfilled,blocked_unfilled,negative_control_passed,Q_1009,pass_predefined,81,0,32.95836866,0.406893440247,blocked_unfilled,control_class=random_root_sets,32.95836866,local_obstruction_before_drift
rank178_Q1009_exact_power_anchor,exact_power_anchor,178,7,6,3,43,178,31774,32078619752824,31774,1009,prime_block_le_1009,81,148442751793136438533965338087543801190959757888544388980934356724535496789076307693189375411040397120044336213563505967374089274154395172105420265758452993645832585198070632260101329900383144999881739549,467.819803066,443426488243037769948249630619149892803,88.9875953821,0,0,1,31774,368.46580406,88.9875953821,1.02569769367,0.714308694041,1.7369232706,constructed_exact_power_root,15.0428190921,0.333333333333,14.7094857587,C_from_near_power_row_as_positive_control,positive_control_survivor,local_residue_sieve,blocked_unfilled,darmon_granville_ceiling,blocked_unfilled,blocked_unfilled,Z,survivor_kandidat_requires_overlap_check,blocked_unfilled,blocked_unfilled,positive_control_passed,Q_1009,pass_predefined,81,3.14722729276e-05,88.9875953821,1.09861228867,blocked_unfilled,control_class=exact_power_anchor,88.9875953821,positive_control_survivor
rank179_Q1009_actual_near_miss,actual_near_miss,179,6,6,3,101,187,35256,43822698057216,35256,1009,prime_block_le_1009,81,148442751793136438533965338087543801190959757888544388980934356724535496789076307693189375411040397120044336213563505967374089274154395172105420265758452993645832585198070632260101329900383144999881739549,467.819803066,617673396283947,34.0569809487,48,7,0,,423.292431111,34.0569809487,1.06704388116,0,2.69602022036,none_visible,14.8934203372,0.333333333333,14.5600870039,existing_near_power_csv,local_obstruction_before_drift,local_residue_sieve,blocked_unfilled,darmon_granville_ceiling,blocked_unfilled,blocked_unfilled,Z,residue_only,blocked_unfilled,blocked_unfilled,under_test,Q_1009,pass_predefined,81,0,34.0569809487,0.420456554922,blocked_unfilled,control_class=actual_near_miss,34.0569809487,local_obstruction_before_drift
rank179_Q1009_random_root_sets,random_root_sets,179,6,6,3,101,187,35256,43822698057216,35256,1009,prime_block_le_1009,81,148442751793136438533965338087543801190959757888544388980934356724535496789076307693189375411040397120044336213563505967374089274154395172105420265758452993645832585198070632260101329900383144999881739549,467.819803066,617673396283947,34.0569809487,48,7,0,,423.292431111,34.0569809487,0.981829596643,0,2.49098971333,none_visible,14.8934203372,0.333333333333,14.5600870039,deterministic_seeded_random_sets_same_cardinality,local_obstruction_before_drift,local_residue_sieve,blocked_unfilled,darmon_granville_ceiling,blocked_unfilled,blocked_unfilled,Z,residue_only,blocked_unfilled,blocked_unfilled,negative_control_passed,Q_1009,pass_predefined,81,0,34.0569809487,0.420456554922,blocked_unfilled,control_class=random_root_sets,34.0569809487,local_obstruction_before_drift
rank179_Q1009_exact_power_anchor,exact_power_anchor,179,6,6,3,101,187,35256,43822698057216,35256,1009,prime_block_le_1009,81,148442751793136438533965338087543801190959757888544388980934356724535496789076307693189375411040397120044336213563505967374089274154395172105420265758452993645832585198070632260101329900383144999881739549,467.819803066,147808829414345923316083210206383297601,87.8889830934,0,0,1,35256,369.460428966,87.8889830934,1.02775164616,0.741449839901,1.20977044097,constructed_exact_power_root,14.8934203372,0.333333333333,14.5600870039,C_from_near_power_row_as_positive_control,positive_control_survivor,local_residue_sieve,blocked_unfilled,darmon_granville_ceiling,blocked_unfilled,blocked_unfilled,Z,survivor_kandidat_requires_overlap_check,blocked_unfilled,blocked_unfilled,positive_control_passed,Q_1009,pass_predefined,81,2.83639664171e-05,87.8889830934,1.08504917399,blocked_unfilled,control_class=exact_power_anchor,87.8889830934,positive_control_survivor
rank180_Q1009_actual_near_miss,actual_near_miss,180,6,7,3,212,151,123436,1880725960305856,123436,1009,prime_block_le_1009,81,148442751793136438533965338087543801190959757888544388980934356724535496789076307693189375411040397120044336213563505967374089274154395172105420265758452993645832585198070632260101329900383144999881739549,467.819803066,617673396283947,34.0569809487,50,7,0,,422.039344035,34.0569809487,0.988441753591,0,1.80303153051,none_visible,13.301507732,0.333333333333,12.9681743987,existing_near_power_csv,local_obstruction_before_drift,local_residue_sieve,blocked_unfilled,darmon_granville_ceiling,blocked_unfilled,blocked_unfilled,Z,residue_only,blocked_unfilled,blocked_unfilled,under_test,Q_1009,pass_predefined,81,0,34.0569809487,0.420456554922,blocked_unfilled,control_class=actual_near_miss,34.0569809487,local_obstruction_before_drift
rank180_Q1009_random_root_sets,random_root_sets,180,6,7,3,212,151,123436,1880725960305856,123436,1009,prime_block_le_1009,81,148442751793136438533965338087543801190959757888544388980934356724535496789076307693189375411040397120044336213563505967374089274154395172105420265758452993645832585198070632260101329900383144999881739549,467.819803066,617673396283947,34.0569809487,50,7,0,,422.039344035,34.0569809487,0.958902004097,0.58535237334,1.40951316202,none_visible,13.301507732,0.333333333333,12.9681743987,deterministic_seeded_random_sets_same_cardinality,local_obstruction_before_drift,local_residue_sieve,blocked_unfilled,darmon_granville_ceiling,blocked_unfilled,blocked_unfilled,Z,residue_only,blocked_unfilled,blocked_unfilled,negative_control_passed,Q_1009,pass_predefined,81,0,34.0569809487,0.420456554922,blocked_unfilled,control_class=random_root_sets,34.0569809487,local_obstruction_before_drift
rank180_Q1009_exact_power_anchor,exact_power_anchor,180,6,7,3,212,151,123436,1880725960305856,123436,1009,prime_block_le_1009,81,148442751793136438533965338087543801190959757888544388980934356724535496789076307693189375411040397120044336213563505967374089274154395172105420265758452993645832585198070632260101329900383144999881739549,467.819803066,443426488243037769948249630619149892803,88.9875953821,0,0,1,123436,367.108729602,88.9875953821,1.00023208908,0.911904864779,1.09292624878,constructed_exact_power_root,13.301507732,0.333333333333,12.9681743987,C_from_near_power_row_as_positive_control,positive_control_survivor,local_residue_sieve,blocked_unfilled,darmon_granville_ceiling,blocked_unfilled,blocked_unfilled,Z,survivor_kandidat_requires_overlap_check,blocked_unfilled,blocked_unfilled,positive_control_passed,Q_1009,pass_predefined,81,8.10136426974e-06,88.9875953821,1.09861228867,blocked_unfilled,control_class=exact_power_anchor,88.9875953821,positive_control_survivor
rank181_Q1009_actual_near_miss,actual_near_miss,181,6,7,3,152,165,149508,3341898809704512,149508,1009,prime_block_le_1009,81,148442751793136438533965338087543801190959757888544388980934356724535496789076307693189375411040397120044336213563505967374089274154395172105420265758452993645832585198070632260101329900383144999881739549,467.819803066,10460353203,23.070858062,60,7,0,,432.833839822,23.070858062,0.990911448811,0,1.90577761725,none_visible,13.0875835313,0.333333333333,12.754250198,existing_near_power_csv,local_obstruction_before_drift,local_residue_sieve,blocked_unfilled,darmon_granville_ceiling,blocked_unfilled,blocked_unfilled,Z,residue_only,blocked_unfilled,blocked_unfilled,under_test,Q_1009,pass_predefined,81,0,23.070858062,0.284825408173,blocked_unfilled,control_class=actual_near_miss,23.070858062,local_obstruction_before_drift
rank181_Q1009_random_root_sets,random_root_sets,181,6,7,3,152,165,149508,3341898809704512,149508,1009,prime_block_le_1009,81,148442751793136438533965338087543801190959757888544388980934356724535496789076307693189375411040397120044336213563505967374089274154395172105420265758452993645832585198070632260101329900383144999881739549,467.819803066,10460353203,23.070858062,60,7,0,,432.833839822,23.070858062,1.02547882982,0.270581581662,1.9841465191,none_visible,13.0875835313,0.333333333333,12.754250198,deterministic_seeded_random_sets_same_cardinality,local_obstruction_before_drift,local_residue_sieve,blocked_unfilled,darmon_granville_ceiling,blocked_unfilled,blocked_unfilled,Z,residue_only,blocked_unfilled,blocked_unfilled,negative_control_passed,Q_1009,pass_predefined,81,0,23.070858062,0.284825408173,blocked_unfilled,control_class=random_root_sets,23.070858062,local_obstruction_before_drift
rank181_Q1009_exact_power_anchor,exact_power_anchor,181,6,7,3,152,165,149508,3341898809704512,149508,1009,prime_block_le_1009,81,148442751793136438533965338087543801190959757888544388980934356724535496789076307693189375411040397120044336213563505967374089274154395172105420265758452993645832585198070632260101329900383144999881739549,467.819803066,443426488243037769948249630619149892803,88.9875953821,0,0,1,149508,366.917102502,88.9875953821,1.00626511749,0.943351229068,1.04954621529,constructed_exact_power_root,13.0875835313,0.333333333333,12.754250198,C_from_near_power_row_as_positive_control,positive_control_survivor,local_residue_sieve,blocked_unfilled,darmon_granville_ceiling,blocked_unfilled,blocked_unfilled,Z,survivor_kandidat_requires_overlap_check,blocked_unfilled,blocked_unfilled,positive_control_passed,Q_1009,pass_predefined,81,6.68860529202e-06,88.9875953821,1.09861228867,blocked_unfilled,control_class=exact_power_anchor,88.9875953821,positive_control_survivor
rank182_Q1009_actual_near_miss,actual_near_miss,182,7,7,3,203,227,356385,45264554441366625,356385,1009,prime_block_le_1009,81,148442751793136438533965338087543801190959757888544388980934356724535496789076307693189375411040397120044336213563505967374089274154395172105420265758452993645832585198070632260101329900383144999881739549,467.819803066,2541865828329,28.5639195054,54,7,0,,426.472116674,28.5639195054,0.933173315999,0.472957304289,1.2204825306,none_visible,12.1982773735,0.333333333333,11.8649440402,existing_near_power_csv,local_obstruction_before_drift,local_residue_sieve,blocked_unfilled,darmon_granville_ceiling,blocked_unfilled,blocked_unfilled,Z,residue_only,blocked_unfilled,blocked_unfilled,under_test,Q_1009,pass_predefined,81,0,28.5639195054,0.352640981548,blocked_unfilled,control_class=actual_near_miss,28.5639195054,local_obstruction_before_drift
rank182_Q1009_random_root_sets,random_root_sets,182,7,7,3,203,227,356385,45264554441366625,356385,1009,prime_block_le_1009,81,148442751793136438533965338087543801190959757888544388980934356724535496789076307693189375411040397120044336213563505967374089274154395172105420265758452993645832585198070632260101329900383144999881739549,467.819803066,2541865828329,28.5639195054,54,7,0,,426.472116674,28.5639195054,0.924294835122,0.189450859168,1.09516674383,none_visible,12.1982773735,0.333333333333,11.8649440402,deterministic_seeded_random_sets_same_cardinality,local_obstruction_before_drift,local_residue_sieve,blocked_unfilled,darmon_granville_ceiling,blocked_unfilled,blocked_unfilled,Z,residue_only,blocked_unfilled,blocked_unfilled,negative_control_passed,Q_1009,pass_predefined,81,0,28.5639195054,0.352640981548,blocked_unfilled,control_class=random_root_sets,28.5639195054,local_obstruction_before_drift
rank182_Q1009_exact_power_anchor,exact_power_anchor,182,7,7,3,203,227,356385,45264554441366625,356385,1009,prime_block_le_1009,81,148442751793136438533965338087543801190959757888544388980934356724535496789076307693189375411040397120044336213563505967374089274154395172105420265758452993645832585198070632260101329900383144999881739549,467.819803066,443426488243037769948249630619149892803,88.9875953821,0,0,1,356385,366.048440798,88.9875953821,1.00138589457,0.980766119038,1.01221899537,constructed_exact_power_root,12.1982773735,0.333333333333,11.8649440402,C_from_near_power_row_as_positive_control,positive_control_survivor,local_residue_sieve,blocked_unfilled,darmon_granville_ceiling,blocked_unfilled,blocked_unfilled,Z,survivor_kandidat_requires_overlap_check,blocked_unfilled,blocked_unfilled,positive_control_passed,Q_1009,pass_predefined,81,2.80595423489e-06,88.9875953821,1.09861228867,blocked_unfilled,control_class=exact_power_anchor,88.9875953821,positive_control_survivor
rank183_Q1009_actual_near_miss,actual_near_miss,183,6,7,3,106,135,93547,818633651978323,93547,1009,prime_block_le_1009,81,148442751793136438533965338087543801190959757888544388980934356724535496789076307693189375411040397120044336213563505967374089274154395172105420265758452993645832585198070632260101329900383144999881739549,467.819803066,22876792454961,30.7611440827,53,7,0,,425.61243972,30.7611440827,0.988123666495,0,2.10602513532,none_visible,13.6237067258,0.333333333333,13.2903733925,existing_near_power_csv,local_obstruction_before_drift,local_residue_sieve,blocked_unfilled,darmon_granville_ceiling,blocked_unfilled,blocked_unfilled,Z,residue_only,blocked_unfilled,blocked_unfilled,under_test,Q_1009,pass_predefined,81,0,30.7611440827,0.379767210898,blocked_unfilled,control_class=actual_near_miss,30.7611440827,local_obstruction_before_drift
rank183_Q1009_random_root_sets,random_root_sets,183,6,7,3,106,135,93547,818633651978323,93547,1009,prime_block_le_1009,81,148442751793136438533965338087543801190959757888544388980934356724535496789076307693189375411040397120044336213563505967374089274154395172105420265758452993645832585198070632260101329900383144999881739549,467.819803066,22876792454961,30.7611440827,53,7,0,,425.61243972,30.7611440827,0.979247706342,0.463042344727,2.43110236922,none_visible,13.6237067258,0.333333333333,13.2903733925,deterministic_seeded_random_sets_same_cardinality,local_obstruction_before_drift,local_residue_sieve,blocked_unfilled,darmon_granville_ceiling,blocked_unfilled,blocked_unfilled,Z,residue_only,blocked_unfilled,blocked_unfilled,negative_control_passed,Q_1009,pass_predefined,81,0,30.7611440827,0.379767210898,blocked_unfilled,control_class=random_root_sets,30.7611440827,local_obstruction_before_drift
rank183_Q1009_exact_power_anchor,exact_power_anchor,183,6,7,3,106,135,93547,818633651978323,93547,1009,prime_block_le_1009,81,148442751793136438533965338087543801190959757888544388980934356724535496789076307693189375411040397120044336213563505967374089274154395172105420265758452993645832585198070632260101329900383144999881739549,467.819803066,49269609804781974438694403402127765867,86.7903708048,0,0,1,93547,369.583212998,86.7903708048,1.01328085625,0.970483048925,1.11436912877,constructed_exact_power_root,13.6237067258,0.333333333333,13.2903733925,C_from_near_power_row_as_positive_control,positive_control_survivor,local_residue_sieve,blocked_unfilled,darmon_granville_ceiling,blocked_unfilled,blocked_unfilled,Z,survivor_kandidat_requires_overlap_check,blocked_unfilled,blocked_unfilled,positive_control_passed,Q_1009,pass_predefined,81,1.06898136765e-05,86.7903708048,1.07148605932,blocked_unfilled,control_class=exact_power_anchor,86.7903708048,positive_control_survivor
rank184_Q1009_actual_near_miss,actual_near_miss,184,6,7,3,169,203,242323,14229312292552267,242323,1009,prime_block_le_1009,81,148442751793136438533965338087543801190959757888544388980934356724535496789076307693189375411040397120044336213563505967374089274154395172105420265758452993645832585198070632260101329900383144999881739549,467.819803066,2541865828329,28.5639195054,55,19,0,,426.857856735,28.5639195054,1.09381242147,0.597848051292,2.47283446749,none_visible,12.5778026249,0.333333333333,12.2444692916,existing_near_power_csv,local_obstruction_before_drift,local_residue_sieve,blocked_unfilled,darmon_granville_ceiling,blocked_unfilled,blocked_unfilled,Z,residue_only,blocked_unfilled,blocked_unfilled,under_test,Q_1009,pass_predefined,81,0,28.5639195054,0.352640981548,blocked_unfilled,control_class=actual_near_miss,28.5639195054,local_obstruction_before_drift
rank184_Q1009_random_root_sets,random_root_sets,184,6,7,3,169,203,242323,14229312292552267,242323,1009,prime_block_le_1009,81,148442751793136438533965338087543801190959757888544388980934356724535496789076307693189375411040397120044336213563505967374089274154395172105420265758452993645832585198070632260101329900383144999881739549,467.819803066,2541865828329,28.5639195054,55,19,0,,426.857856735,28.5639195054,1.03019433734,0.797130735057,1.83611910091,none_visible,12.5778026249,0.333333333333,12.2444692916,deterministic_seeded_random_sets_same_cardinality,local_obstruction_before_drift,local_residue_sieve,blocked_unfilled,darmon_granville_ceiling,blocked_unfilled,blocked_unfilled,Z,residue_only,blocked_unfilled,blocked_unfilled,negative_control_passed,Q_1009,pass_predefined,81,0,28.5639195054,0.352640981548,blocked_unfilled,control_class=random_root_sets,28.5639195054,local_obstruction_before_drift
rank184_Q1009_exact_power_anchor,exact_power_anchor,184,6,7,3,169,203,242323,14229312292552267,242323,1009,prime_block_le_1009,81,148442751793136438533965338087543801190959757888544388980934356724535496789076307693189375411040397120044336213563505967374089274154395172105420265758452993645832585198070632260101329900383144999881739549,467.819803066,443426488243037769948249630619149892803,88.9875953821,0,0,1,242323,366.434180858,88.9875953821,0.999543309275,0.981902942216,1.01458934287,constructed_exact_power_root,12.5778026249,0.333333333333,12.2444692916,C_from_near_power_row_as_positive_control,positive_control_survivor,local_residue_sieve,blocked_unfilled,darmon_granville_ceiling,blocked_unfilled,blocked_unfilled,Z,survivor_kandidat_requires_overlap_check,blocked_unfilled,blocked_unfilled,positive_control_passed,Q_1009,pass_predefined,81,4.12672342287e-06,88.9875953821,1.09861228867,blocked_unfilled,control_class=exact_power_anchor,88.9875953821,positive_control_survivor
rank185_Q1009_actual_near_miss,actual_near_miss,185,7,7,3,109,153,128975,2145441166859375,128975,1009,prime_block_le_1009,81,148442751793136438533965338087543801190959757888544388980934356724535496789076307693189375411040397120044336213563505967374089274154395172105420265758452993645832585198070632260101329900383144999881739549,467.819803066,10460353203,23.070858062,60,7,0,,432.981571138,23.070858062,0.76677590403,0,1.19436411019,none_visible,13.2518891751,0.333333333333,12.9185558417,existing_near_power_csv,local_obstruction_before_drift,local_residue_sieve,blocked_unfilled,darmon_granville_ceiling,blocked_unfilled,blocked_unfilled,Z,residue_only,blocked_unfilled,blocked_unfilled,under_test,Q_1009,pass_predefined,81,0,23.070858062,0.284825408173,blocked_unfilled,control_class=actual_near_miss,23.070858062,local_obstruction_before_drift
rank185_Q1009_random_root_sets,random_root_sets,185,7,7,3,109,153,128975,2145441166859375,128975,1009,prime_block_le_1009,81,148442751793136438533965338087543801190959757888544388980934356724535496789076307693189375411040397120044336213563505967374089274154395172105420265758452993645832585198070632260101329900383144999881739549,467.819803066,10460353203,23.070858062,60,7,0,,432.981571138,23.070858062,0.791831707265,0,1.47394283991,none_visible,13.2518891751,0.333333333333,12.9185558417,deterministic_seeded_random_sets_same_cardinality,local_obstruction_before_drift,local_residue_sieve,blocked_unfilled,darmon_granville_ceiling,blocked_unfilled,blocked_unfilled,Z,residue_only,blocked_unfilled,blocked_unfilled,negative_control_passed,Q_1009,pass_predefined,81,0,23.070858062,0.284825408173,blocked_unfilled,control_class=random_root_sets,23.070858062,local_obstruction_before_drift
rank185_Q1009_exact_power_anchor,exact_power_anchor,185,7,7,3,109,153,128975,2145441166859375,128975,1009,prime_block_le_1009,81,148442751793136438533965338087543801190959757888544388980934356724535496789076307693189375411040397120044336213563505967374089274154395172105420265758452993645832585198070632260101329900383144999881739549,467.819803066,49269609804781974438694403402127765867,86.7903708048,0,0,1,128975,369.262058395,86.7903708048,1.0012550523,0.939477504254,1.04902414335,constructed_exact_power_root,13.2518891751,0.333333333333,12.9185558417,C_from_near_power_row_as_positive_control,positive_control_survivor,local_residue_sieve,blocked_unfilled,darmon_granville_ceiling,blocked_unfilled,blocked_unfilled,Z,survivor_kandidat_requires_overlap_check,blocked_unfilled,blocked_unfilled,positive_control_passed,Q_1009,pass_predefined,81,7.75344058926e-06,86.7903708048,1.07148605932,blocked_unfilled,control_class=exact_power_anchor,86.7903708048,positive_control_survivor
rank186_Q1009_actual_near_miss,actual_near_miss,186,7,7,3,130,131,108846,1289547729479736,108846,1009,prime_block_le_1009,81,148442751793136438533965338087543801190959757888544388980934356724535496789076307693189375411040397120044336213563505967374089274154395172105420265758452993645832585198070632260101329900383144999881739549,467.819803066,282429536481,26.366694928,56,7,0,,429.85541882,26.366694928,0.879317772102,0,2.11896114184,none_visible,13.4457761436,0.333333333333,13.1124428103,existing_near_power_csv,local_obstruction_before_drift,local_residue_sieve,blocked_unfilled,darmon_granville_ceiling,blocked_unfilled,blocked_unfilled,Z,residue_only,blocked_unfilled,blocked_unfilled,under_test,Q_1009,pass_predefined,81,0,26.366694928,0.325514752198,blocked_unfilled,control_class=actual_near_miss,26.366694928,local_obstruction_before_drift
rank186_Q1009_random_root_sets,random_root_sets,186,7,7,3,130,131,108846,1289547729479736,108846,1009,prime_block_le_1009,81,148442751793136438533965338087543801190959757888544388980934356724535496789076307693189375411040397120044336213563505967374089274154395172105420265758452993645832585198070632260101329900383144999881739549,467.819803066,282429536481,26.366694928,56,7,0,,429.85541882,26.366694928,1.04738243839,0,1.65670560037,none_visible,13.4457761436,0.333333333333,13.1124428103,deterministic_seeded_random_sets_same_cardinality,local_obstruction_before_drift,local_residue_sieve,blocked_unfilled,darmon_granville_ceiling,blocked_unfilled,blocked_unfilled,Z,residue_only,blocked_unfilled,blocked_unfilled,negative_control_passed,Q_1009,pass_predefined,81,0,26.366694928,0.325514752198,blocked_unfilled,control_class=random_root_sets,26.366694928,local_obstruction_before_drift
rank186_Q1009_exact_power_anchor,exact_power_anchor,186,7,7,3,130,131,108846,1289547729479736,108846,1009,prime_block_le_1009,81,148442751793136438533965338087543801190959757888544388980934356724535496789076307693189375411040397120044336213563505967374089274154395172105420265758452993645832585198070632260101329900383144999881739549,467.819803066,443426488243037769948249630619149892803,88.9875953821,0,0,1,108846,367.234518366,88.9875953821,1.00513373975,0.960643682103,1.09472404437,constructed_exact_power_root,13.4457761436,0.333333333333,13.1124428103,C_from_near_power_row_as_positive_control,positive_control_survivor,local_residue_sieve,blocked_unfilled,darmon_granville_ceiling,blocked_unfilled,blocked_unfilled,Z,survivor_kandidat_requires_overlap_check,blocked_unfilled,blocked_unfilled,positive_control_passed,Q_1009,pass_predefined,81,9.18729213752e-06,88.9875953821,1.09861228867,blocked_unfilled,control_class=exact_power_anchor,88.9875953821,positive_control_survivor
rank187_Q1009_actual_near_miss,actual_near_miss,187,6,6,3,65,152,23151,12408213711951,23151,1009,prime_block_le_1009,81,148442751793136438533965338087543801190959757888544388980934356724535496789076307693189375411040397120044336213563505967374089274154395172105420265758452993645832585198070632260101329900383144999881739549,467.819803066,109418989131512359209,46.1417161241,39,7,0,,411.628293687,46.1417161241,1.09001730987,0,3.04653506688,none_visible,15.5167305831,0.333333333333,15.1833972497,existing_near_power_csv,local_obstruction_before_drift,local_residue_sieve,blocked_unfilled,darmon_granville_ceiling,blocked_unfilled,blocked_unfilled,Z,residue_only,blocked_unfilled,blocked_unfilled,under_test,Q_1009,pass_predefined,81,0,46.1417161241,0.569650816346,blocked_unfilled,control_class=actual_near_miss,46.1417161241,local_obstruction_before_drift
rank187_Q1009_random_root_sets,random_root_sets,187,6,6,3,65,152,23151,12408213711951,23151,1009,prime_block_le_1009,81,148442751793136438533965338087543801190959757888544388980934356724535496789076307693189375411040397120044336213563505967374089274154395172105420265758452993645832585198070632260101329900383144999881739549,467.819803066,109418989131512359209,46.1417161241,39,7,0,,411.628293687,46.1417161241,1.07122602495,0,2.62469583747,none_visible,15.5167305831,0.333333333333,15.1833972497,deterministic_seeded_random_sets_same_cardinality,local_obstruction_before_drift,local_residue_sieve,blocked_unfilled,darmon_granville_ceiling,blocked_unfilled,blocked_unfilled,Z,residue_only,blocked_unfilled,blocked_unfilled,negative_control_passed,Q_1009,pass_predefined,81,0,46.1417161241,0.569650816346,blocked_unfilled,control_class=random_root_sets,46.1417161241,local_obstruction_before_drift
rank187_Q1009_exact_power_anchor,exact_power_anchor,187,6,6,3,65,152,23151,12408213711951,23151,1009,prime_block_le_1009,81,148442751793136438533965338087543801190959757888544388980934356724535496789076307693189375411040397120044336213563505967374089274154395172105420265758452993645832585198070632260101329900383144999881739549,467.819803066,443426488243037769948249630619149892803,88.9875953821,0,0,1,23151,368.782414429,88.9875953821,1.03837227254,0.735274214217,1.35495946899,constructed_exact_power_root,15.5167305831,0.333333333333,15.1833972497,C_from_near_power_row_as_positive_control,positive_control_survivor,local_residue_sieve,blocked_unfilled,darmon_granville_ceiling,blocked_unfilled,blocked_unfilled,Z,survivor_kandidat_requires_overlap_check,blocked_unfilled,blocked_unfilled,positive_control_passed,Q_1009,pass_predefined,81,4.31946784156e-05,88.9875953821,1.09861228867,blocked_unfilled,control_class=exact_power_anchor,88.9875953821,positive_control_survivor
rank188_Q1009_actual_near_miss,actual_near_miss,188,7,7,3,59,130,85725,629973790453125,85725,1009,prime_block_le_1009,81,148442751793136438533965338087543801190959757888544388980934356724535496789076307693189375411040397120044336213563505967374089274154395172105420265758452993645832585198070632260101329900383144999881739549,467.819803066,7625597484987,29.662531794,52,13,0,,426.798371495,29.662531794,0.99075975071,0,1.3237393474,none_visible,13.7284365046,0.333333333333,13.3951031713,existing_near_power_csv,local_obstruction_before_drift,local_residue_sieve,blocked_unfilled,darmon_granville_ceiling,blocked_unfilled,blocked_unfilled,Z,residue_only,blocked_unfilled,blocked_unfilled,under_test,Q_1009,pass_predefined,81,0,29.662531794,0.366204096223,blocked_unfilled,control_class=actual_near_miss,29.662531794,local_obstruction_before_drift
rank188_Q1009_random_root_sets,random_root_sets,188,7,7,3,59,130,85725,629973790453125,85725,1009,prime_block_le_1009,81,148442751793136438533965338087543801190959757888544388980934356724535496789076307693189375411040397120044336213563505967374089274154395172105420265758452993645832585198070632260101329900383144999881739549,467.819803066,7625597484987,29.662531794,52,13,0,,426.798371495,29.662531794,1.04618590886,0.661869673698,1.47316289168,none_visible,13.7284365046,0.333333333333,13.3951031713,deterministic_seeded_random_sets_same_cardinality,local_obstruction_before_drift,local_residue_sieve,blocked_unfilled,darmon_granville_ceiling,blocked_unfilled,blocked_unfilled,Z,residue_only,blocked_unfilled,blocked_unfilled,negative_control_passed,Q_1009,pass_predefined,81,0,29.662531794,0.366204096223,blocked_unfilled,control_class=random_root_sets,29.662531794,local_obstruction_before_drift
rank188_Q1009_exact_power_anchor,exact_power_anchor,188,7,7,3,59,130,85725,629973790453125,85725,1009,prime_block_le_1009,81,148442751793136438533965338087543801190959757888544388980934356724535496789076307693189375411040397120044336213563505967374089274154395172105420265758452993645832585198070632260101329900383144999881739549,467.819803066,147808829414345923316083210206383297601,87.8889830934,0,0,1,85725,368.571920195,87.8889830934,1.01227336552,0.914805093808,1.09517384401,constructed_exact_power_root,13.7284365046,0.333333333333,13.3951031713,C_from_near_power_row_as_positive_control,positive_control_survivor,local_residue_sieve,blocked_unfilled,darmon_granville_ceiling,blocked_unfilled,blocked_unfilled,Z,survivor_kandidat_requires_overlap_check,blocked_unfilled,blocked_unfilled,positive_control_passed,Q_1009,pass_predefined,81,1.16652085156e-05,87.8889830934,1.08504917399,blocked_unfilled,control_class=exact_power_anchor,87.8889830934,positive_control_survivor
rank189_Q1009_actual_near_miss,actual_near_miss,189,7,7,3,147,197,235123,12998263692805867,235123,1009,prime_block_le_1009,81,148442751793136438533965338087543801190959757888544388980934356724535496789076307693189375411040397120044336213563505967374089274154395172105420265758452993645832585198070632260101329900383144999881739549,467.819803066,68630377364883,31.8597563714,51,13,0,,423.592182634,31.8597563714,1.00189617066,0.261744325783,1.35026442425,none_visible,12.6084773889,0.333333333333,12.2751440556,existing_near_power_csv,local_obstruction_before_drift,local_residue_sieve,blocked_unfilled,darmon_granville_ceiling,blocked_unfilled,blocked_unfilled,Z,residue_only,blocked_unfilled,blocked_unfilled,under_test,Q_1009,pass_predefined,81,0,31.8597563714,0.393330325573,blocked_unfilled,control_class=actual_near_miss,31.8597563714,local_obstruction_before_drift
rank189_Q1009_random_root_sets,random_root_sets,189,7,7,3,147,197,235123,12998263692805867,235123,1009,prime_block_le_1009,81,148442751793136438533965338087543801190959757888544388980934356724535496789076307693189375411040397120044336213563505967374089274154395172105420265758452993645832585198070632260101329900383144999881739549,467.819803066,68630377364883,31.8597563714,51,13,0,,423.592182634,31.8597563714,0.981814364775,0.602554124153,1.30872162892,none_visible,12.6084773889,0.333333333333,12.2751440556,deterministic_seeded_random_sets_same_cardinality,local_obstruction_before_drift,local_residue_sieve,blocked_unfilled,darmon_granville_ceiling,blocked_unfilled,blocked_unfilled,Z,residue_only,blocked_unfilled,blocked_unfilled,negative_control_passed,Q_1009,pass_predefined,81,0,31.8597563714,0.393330325573,blocked_unfilled,control_class=random_root_sets,31.8597563714,local_obstruction_before_drift
rank189_Q1009_exact_power_anchor,exact_power_anchor,189,7,7,3,147,197,235123,12998263692805867,235123,1009,prime_block_le_1009,81,148442751793136438533965338087543801190959757888544388980934356724535496789076307693189375411040397120044336213563505967374089274154395172105420265758452993645832585198070632260101329900383144999881739549,467.819803066,147808829414345923316083210206383297601,87.8889830934,0,0,1,235123,367.562955912,87.8889830934,1.00096397536,0.941168381372,1.04321756887,constructed_exact_power_root,12.6084773889,0.333333333333,12.2751440556,C_from_near_power_row_as_positive_control,positive_control_survivor,local_residue_sieve,blocked_unfilled,darmon_granville_ceiling,blocked_unfilled,blocked_unfilled,Z,survivor_kandidat_requires_overlap_check,blocked_unfilled,blocked_unfilled,positive_control_passed,Q_1009,pass_predefined,81,4.25309306193e-06,87.8889830934,1.08504917399,blocked_unfilled,control_class=exact_power_anchor,87.8889830934,positive_control_survivor
rank190_Q1009_actual_near_miss,actual_near_miss,190,6,6,3,230,247,72120,375117352128000,72120,1009,prime_block_le_1009,81,148442751793136438533965338087543801190959757888544388980934356724535496789076307693189375411040397120044336213563505967374089274154395172105420265758452993645832585198070632260101329900383144999881739549,467.819803066,847288609443,27.4653072167,54,7,0,,429.168409172,27.4653072167,0.995774339578,0,2.31682689345,none_visible,13.9405261959,0.333333333333,13.6071928626,existing_near_power_csv,local_obstruction_before_drift,local_residue_sieve,blocked_unfilled,darmon_granville_ceiling,blocked_unfilled,blocked_unfilled,Z,residue_only,blocked_unfilled,blocked_unfilled,under_test,Q_1009,pass_predefined,81,0,27.4653072167,0.339077866873,blocked_unfilled,control_class=actual_near_miss,27.4653072167,local_obstruction_before_drift
rank190_Q1009_random_root_sets,random_root_sets,190,6,6,3,230,247,72120,375117352128000,72120,1009,prime_block_le_1009,81,148442751793136438533965338087543801190959757888544388980934356724535496789076307693189375411040397120044336213563505967374089274154395172105420265758452993645832585198070632260101329900383144999881739549,467.819803066,847288609443,27.4653072167,54,7,0,,429.168409172,27.4653072167,1.17720241213,0,2.73825414433,none_visible,13.9405261959,0.333333333333,13.6071928626,deterministic_seeded_random_sets_same_cardinality,local_obstruction_before_drift,local_residue_sieve,blocked_unfilled,darmon_granville_ceiling,blocked_unfilled,blocked_unfilled,Z,residue_only,blocked_unfilled,blocked_unfilled,negative_control_passed,Q_1009,pass_predefined,81,0,27.4653072167,0.339077866873,blocked_unfilled,control_class=random_root_sets,27.4653072167,local_obstruction_before_drift
rank190_Q1009_exact_power_anchor,exact_power_anchor,190,6,6,3,230,247,72120,375117352128000,72120,1009,prime_block_le_1009,81,148442751793136438533965338087543801190959757888544388980934356724535496789076307693189375411040397120044336213563505967374089274154395172105420265758452993645832585198070632260101329900383144999881739549,467.819803066,147808829414345923316083210206383297601,87.8889830934,0,0,1,72120,368.744733295,87.8889830934,1.00517508114,0.86990201516,1.10534448758,constructed_exact_power_root,13.9405261959,0.333333333333,13.6071928626,C_from_near_power_row_as_positive_control,positive_control_survivor,local_residue_sieve,blocked_unfilled,darmon_granville_ceiling,blocked_unfilled,blocked_unfilled,Z,survivor_kandidat_requires_overlap_check,blocked_unfilled,blocked_unfilled,positive_control_passed,Q_1009,pass_predefined,81,1.38657792568e-05,87.8889830934,1.08504917399,blocked_unfilled,control_class=exact_power_anchor,87.8889830934,positive_control_survivor
rank191_Q1009_actual_near_miss,actual_near_miss,191,6,7,3,228,161,143330,2944498264037000,143330,1009,prime_block_le_1009,81,148442751793136438533965338087543801190959757888544388980934356724535496789076307693189375411040397120044336213563505967374089274154395172105420265758452993645832585198070632260101329900383144999881739549,467.819803066,22876792454961,30.7611440827,53,13,0,,425.18575404,30.7611440827,1.02948521413,0.325152522927,1.54616231385,none_visible,13.1341011408,0.333333333333,12.8007678075,existing_near_power_csv,local_obstruction_before_drift,local_residue_sieve,blocked_unfilled,darmon_granville_ceiling,blocked_unfilled,blocked_unfilled,Z,residue_only,blocked_unfilled,blocked_unfilled,under_test,Q_1009,pass_predefined,81,0,30.7611440827,0.379767210898,blocked_unfilled,control_class=actual_near_miss,30.7611440827,local_obstruction_before_drift
rank191_Q1009_random_root_sets,random_root_sets,191,6,7,3,228,161,143330,2944498264037000,143330,1009,prime_block_le_1009,81,148442751793136438533965338087543801190959757888544388980934356724535496789076307693189375411040397120044336213563505967374089274154395172105420265758452993645832585198070632260101329900383144999881739549,467.819803066,22876792454961,30.7611440827,53,13,0,,425.18575404,30.7611440827,0.984618343837,0.325152522927,1.13937300867,none_visible,13.1341011408,0.333333333333,12.8007678075,deterministic_seeded_random_sets_same_cardinality,local_obstruction_before_drift,local_residue_sieve,blocked_unfilled,darmon_granville_ceiling,blocked_unfilled,blocked_unfilled,Z,residue_only,blocked_unfilled,blocked_unfilled,negative_control_passed,Q_1009,pass_predefined,81,0,30.7611440827,0.379767210898,blocked_unfilled,control_class=random_root_sets,30.7611440827,local_obstruction_before_drift
rank191_Q1009_exact_power_anchor,exact_power_anchor,191,6,7,3,228,161,143330,2944498264037000,143330,1009,prime_block_le_1009,81,148442751793136438533965338087543801190959757888544388980934356724535496789076307693189375411040397120044336213563505967374089274154395172105420265758452993645832585198070632260101329900383144999881739549,467.819803066,443426488243037769948249630619149892803,88.9875953821,0,0,1,143330,366.959302741,88.9875953821,1.01296328597,0.976544415762,1.07416218982,constructed_exact_power_root,13.1341011408,0.333333333333,12.8007678075,C_from_near_power_row_as_positive_control,positive_control_survivor,local_residue_sieve,blocked_unfilled,darmon_granville_ceiling,blocked_unfilled,blocked_unfilled,Z,survivor_kandidat_requires_overlap_check,blocked_unfilled,blocked_unfilled,positive_control_passed,Q_1009,pass_predefined,81,6.97690643968e-06,88.9875953821,1.09861228867,blocked_unfilled,control_class=exact_power_anchor,88.9875953821,positive_control_survivor
rank192_Q1009_actual_near_miss,actual_near_miss,192,7,7,3,79,134,92637,794974954718853,92637,1009,prime_block_le_1009,81,148442751793136438533965338087543801190959757888544388980934356724535496789076307693189375411040397120044336213563505967374089274154395172105420265758452993645832585198070632260101329900383144999881739549,467.819803066,617673396283947,34.0569809487,49,7,0,,422.326378208,34.0569809487,0.946164169664,0.389982164554,1.62422142341,none_visible,13.6353516528,0.333333333333,13.3020183195,existing_near_power_csv,local_obstruction_before_drift,local_residue_sieve,blocked_unfilled,darmon_granville_ceiling,blocked_unfilled,blocked_unfilled,Z,residue_only,blocked_unfilled,blocked_unfilled,under_test,Q_1009,pass_predefined,81,0,34.0569809487,0.420456554922,blocked_unfilled,control_class=actual_near_miss,34.0569809487,local_obstruction_before_drift
rank192_Q1009_random_root_sets,random_root_sets,192,7,7,3,79,134,92637,794974954718853,92637,1009,prime_block_le_1009,81,148442751793136438533965338087543801190959757888544388980934356724535496789076307693189375411040397120044336213563505967374089274154395172105420265758452993645832585198070632260101329900383144999881739549,467.819803066,617673396283947,34.0569809487,49,7,0,,422.326378208,34.0569809487,1.0712324869,0.779016783551,1.69684419352,none_visible,13.6353516528,0.333333333333,13.3020183195,deterministic_seeded_random_sets_same_cardinality,local_obstruction_before_drift,local_residue_sieve,blocked_unfilled,darmon_granville_ceiling,blocked_unfilled,blocked_unfilled,Z,residue_only,blocked_unfilled,blocked_unfilled,negative_control_passed,Q_1009,pass_predefined,81,0,34.0569809487,0.420456554922,blocked_unfilled,control_class=random_root_sets,34.0569809487,local_obstruction_before_drift
rank192_Q1009_exact_power_anchor,exact_power_anchor,192,7,7,3,79,134,92637,794974954718853,92637,1009,prime_block_le_1009,81,148442751793136438533965338087543801190959757888544388980934356724535496789076307693189375411040397120044336213563505967374089274154395172105420265758452993645832585198070632260101329900383144999881739549,467.819803066,147808829414345923316083210206383297601,87.8889830934,0,0,1,92637,368.494376064,87.8889830934,1.01044464075,0.875259825388,1.05912084564,constructed_exact_power_root,13.6353516528,0.333333333333,13.3020183195,C_from_near_power_row_as_positive_control,positive_control_survivor,local_residue_sieve,blocked_unfilled,darmon_granville_ceiling,blocked_unfilled,blocked_unfilled,Z,survivor_kandidat_requires_overlap_check,blocked_unfilled,blocked_unfilled,positive_control_passed,Q_1009,pass_predefined,81,1.0794822803e-05,87.8889830934,1.08504917399,blocked_unfilled,control_class=exact_power_anchor,87.8889830934,positive_control_survivor
rank193_Q1009_actual_near_miss,actual_near_miss,193,7,7,3,196,229,353402,44137426657600808,353402,1009,prime_block_le_1009,81,148442751793136438533965338087543801190959757888544388980934356724535496789076307693189375411040397120044336213563505967374089274154395172105420265758452993645832585198070632260101329900383144999881739549,467.819803066,282429536481,26.366694928,57,7,0,,428.67774664,26.366694928,1.03484417179,0.764043340005,1.22449505096,none_visible,12.2063030763,0.333333333333,11.8729697429,existing_near_power_csv,local_obstruction_before_drift,local_residue_sieve,blocked_unfilled,darmon_granville_ceiling,blocked_unfilled,blocked_unfilled,Z,residue_only,blocked_unfilled,blocked_unfilled,under_test,Q_1009,pass_predefined,81,0,26.366694928,0.325514752198,blocked_unfilled,control_class=actual_near_miss,26.366694928,local_obstruction_before_drift
rank193_Q1009_random_root_sets,random_root_sets,193,7,7,3,196,229,353402,44137426657600808,353402,1009,prime_block_le_1009,81,148442751793136438533965338087543801190959757888544388980934356724535496789076307693189375411040397120044336213563505967374089274154395172105420265758452993645832585198070632260101329900383144999881739549,467.819803066,282429536481,26.366694928,57,7,0,,428.67774664,26.366694928,0.940388615207,0.284875140617,1.07308673975,none_visible,12.2063030763,0.333333333333,11.8729697429,deterministic_seeded_random_sets_same_cardinality,local_obstruction_before_drift,local_residue_sieve,blocked_unfilled,darmon_granville_ceiling,blocked_unfilled,blocked_unfilled,Z,residue_only,blocked_unfilled,blocked_unfilled,negative_control_passed,Q_1009,pass_predefined,81,0,26.366694928,0.325514752198,blocked_unfilled,control_class=random_root_sets,26.366694928,local_obstruction_before_drift
rank193_Q1009_exact_power_anchor,exact_power_anchor,193,7,7,3,196,229,353402,44137426657600808,353402,1009,prime_block_le_1009,81,148442751793136438533965338087543801190959757888544388980934356724535496789076307693189375411040397120044336213563505967374089274154395172105420265758452993645832585198070632260101329900383144999881739549,467.819803066,147808829414345923316083210206383297601,87.8889830934,0,0,1,353402,367.155458474,87.8889830934,1.00076457888,0.976381948414,1.03847805678,constructed_exact_power_root,12.2063030763,0.333333333333,11.8729697429,C_from_near_power_row_as_positive_control,positive_control_survivor,local_residue_sieve,blocked_unfilled,darmon_granville_ceiling,blocked_unfilled,blocked_unfilled,Z,survivor_kandidat_requires_overlap_check,blocked_unfilled,blocked_unfilled,positive_control_passed,Q_1009,pass_predefined,81,2.82963876831e-06,87.8889830934,1.08504917399,blocked_unfilled,control_class=exact_power_anchor,87.8889830934,positive_control_survivor
rank194_Q1009_actual_near_miss,actual_near_miss,194,6,7,3,110,119,69775,339703119859375,69775,1009,prime_block_le_1009,81,148442751793136438533965338087543801190959757888544388980934356724535496789076307693189375411040397120044336213563505967374089274154395172105420265758452993645832585198070632260101329900383144999881739549,467.819803066,31381059609,24.1694703507,59,13,0,,432.497301657,24.1694703507,1.03740898087,0,2.33132529161,none_visible,13.9818434593,0.333333333333,13.648510126,existing_near_power_csv,local_obstruction_before_drift,local_residue_sieve,blocked_unfilled,darmon_granville_ceiling,blocked_unfilled,blocked_unfilled,Z,residue_only,blocked_unfilled,blocked_unfilled,under_test,Q_1009,pass_predefined,81,0,24.1694703507,0.298388522848,blocked_unfilled,control_class=actual_near_miss,24.1694703507,local_obstruction_before_drift
rank194_Q1009_random_root_sets,random_root_sets,194,6,7,3,110,119,69775,339703119859375,69775,1009,prime_block_le_1009,81,148442751793136438533965338087543801190959757888544388980934356724535496789076307693189375411040397120044336213563505967374089274154395172105420265758452993645832585198070632260101329900383144999881739549,467.819803066,31381059609,24.1694703507,59,13,0,,432.497301657,24.1694703507,0.819305818589,0,1.27260957841,none_visible,13.9818434593,0.333333333333,13.648510126,deterministic_seeded_random_sets_same_cardinality,local_obstruction_before_drift,local_residue_sieve,blocked_unfilled,darmon_granville_ceiling,blocked_unfilled,blocked_unfilled,Z,residue_only,blocked_unfilled,blocked_unfilled,negative_control_passed,Q_1009,pass_predefined,81,0,24.1694703507,0.298388522848,blocked_unfilled,control_class=random_root_sets,24.1694703507,local_obstruction_before_drift
rank194_Q1009_exact_power_anchor,exact_power_anchor,194,6,7,3,110,119,69775,339703119859375,69775,1009,prime_block_le_1009,81,148442751793136438533965338087543801190959757888544388980934356724535496789076307693189375411040397120044336213563505967374089274154395172105420265758452993645832585198070632260101329900383144999881739549,467.819803066,443426488243037769948249630619149892803,88.9875953821,0,0,1,69775,367.679176625,88.9875953821,1.00976657776,0.96672479,1.10088140451,constructed_exact_power_root,13.9818434593,0.333333333333,13.648510126,C_from_near_power_row_as_positive_control,positive_control_survivor,local_residue_sieve,blocked_unfilled,darmon_granville_ceiling,blocked_unfilled,blocked_unfilled,Z,survivor_kandidat_requires_overlap_check,blocked_unfilled,blocked_unfilled,positive_control_passed,Q_1009,pass_predefined,81,1.43317807238e-05,88.9875953821,1.09861228867,blocked_unfilled,control_class=exact_power_anchor,88.9875953821,positive_control_survivor
rank195_Q1009_actual_near_miss,actual_near_miss,195,6,7,3,216,247,383020,56190688799608000,383020,1009,prime_block_le_1009,81,148442751793136438533965338087543801190959757888544388980934356724535496789076307693189375411040397120044336213563505967374089274154395172105420265758452993645832585198070632260101329900383144999881739549,467.819803066,1853020188851841,35.1555932374,47,7,0,,419.808367342,35.1555932374,1.00573249971,0.932491775886,1.1072554958,none_visible,12.1298883775,0.333333333333,11.7965550442,existing_near_power_csv,local_obstruction_before_drift,local_residue_sieve,blocked_unfilled,darmon_granville_ceiling,blocked_unfilled,blocked_unfilled,Z,residue_only,blocked_unfilled,blocked_unfilled,under_test,Q_1009,pass_predefined,81,0,35.1555932374,0.434019669597,blocked_unfilled,control_class=actual_near_miss,35.1555932374,local_obstruction_before_drift
rank195_Q1009_random_root_sets,random_root_sets,195,6,7,3,216,247,383020,56190688799608000,383020,1009,prime_block_le_1009,81,148442751793136438533965338087543801190959757888544388980934356724535496789076307693189375411040397120044336213563505967374089274154395172105420265758452993645832585198070632260101329900383144999881739549,467.819803066,1853020188851841,35.1555932374,47,7,0,,419.808367342,35.1555932374,1.00963526709,0.932491775886,1.14741179747,none_visible,12.1298883775,0.333333333333,11.7965550442,deterministic_seeded_random_sets_same_cardinality,local_obstruction_before_drift,local_residue_sieve,blocked_unfilled,darmon_granville_ceiling,blocked_unfilled,blocked_unfilled,Z,residue_only,blocked_unfilled,blocked_unfilled,negative_control_passed,Q_1009,pass_predefined,81,0,35.1555932374,0.434019669597,blocked_unfilled,control_class=random_root_sets,35.1555932374,local_obstruction_before_drift
rank195_Q1009_exact_power_anchor,exact_power_anchor,195,6,7,3,216,247,383020,56190688799608000,383020,1009,prime_block_le_1009,81,148442751793136438533965338087543801190959757888544388980934356724535496789076307693189375411040397120044336213563505967374089274154395172105420265758452993645832585198070632260101329900383144999881739549,467.819803066,443426488243037769948249630619149892803,88.9875953821,0,0,1,383020,365.976365198,88.9875953821,1.00343857153,0.980458229625,1.03737779866,constructed_exact_power_root,12.1298883775,0.333333333333,11.7965550442,C_from_near_power_row_as_positive_control,positive_control_survivor,local_residue_sieve,blocked_unfilled,darmon_granville_ceiling,blocked_unfilled,blocked_unfilled,Z,survivor_kandidat_requires_overlap_check,blocked_unfilled,blocked_unfilled,positive_control_passed,Q_1009,pass_predefined,81,2.61082972169e-06,88.9875953821,1.09861228867,blocked_unfilled,control_class=exact_power_anchor,88.9875953821,positive_control_survivor
rank196_Q1009_actual_near_miss,actual_near_miss,196,6,7,3,228,223,302077,27564681496130533,302077,1009,prime_block_le_1009,81,148442751793136438533965338087543801190959757888544388980934356724535496789076307693189375411040397120044336213563505967374089274154395172105420265758452993645832585198070632260101329900383144999881739549,467.819803066,847288609443,27.4653072167,54,13,0,,427.736058618,27.4653072167,1.03445250776,0.752862128972,1.49964082006,none_visible,12.3581019982,0.333333333333,12.0247686649,existing_near_power_csv,local_obstruction_before_drift,local_residue_sieve,blocked_unfilled,darmon_granville_ceiling,blocked_unfilled,blocked_unfilled,Z,residue_only,blocked_unfilled,blocked_unfilled,under_test,Q_1009,pass_predefined,81,0,27.4653072167,0.339077866873,blocked_unfilled,control_class=actual_near_miss,27.4653072167,local_obstruction_before_drift
rank196_Q1009_random_root_sets,random_root_sets,196,6,7,3,228,223,302077,27564681496130533,302077,1009,prime_block_le_1009,81,148442751793136438533965338087543801190959757888544388980934356724535496789076307693189375411040397120044336213563505967374089274154395172105420265758452993645832585198070632260101329900383144999881739549,467.819803066,847288609443,27.4653072167,54,13,0,,427.736058618,27.4653072167,0.99232213788,0.714719536189,1.56061092591,none_visible,12.3581019982,0.333333333333,12.0247686649,deterministic_seeded_random_sets_same_cardinality,local_obstruction_before_drift,local_residue_sieve,blocked_unfilled,darmon_granville_ceiling,blocked_unfilled,blocked_unfilled,Z,residue_only,blocked_unfilled,blocked_unfilled,negative_control_passed,Q_1009,pass_predefined,81,0,27.4653072167,0.339077866873,blocked_unfilled,control_class=random_root_sets,27.4653072167,local_obstruction_before_drift
rank196_Q1009_exact_power_anchor,exact_power_anchor,196,6,7,3,228,223,302077,27564681496130533,302077,1009,prime_block_le_1009,81,148442751793136438533965338087543801190959757888544388980934356724535496789076307693189375411040397120044336213563505967374089274154395172105420265758452993645832585198070632260101329900383144999881739549,467.819803066,49269609804781974438694403402127765867,86.7903708048,0,0,1,302077,368.41099503,86.7903708048,1.00221431462,0.980472234268,1.02112559233,constructed_exact_power_root,12.3581019982,0.333333333333,12.0247686649,C_from_near_power_row_as_positive_control,positive_control_survivor,local_residue_sieve,blocked_unfilled,darmon_granville_ceiling,blocked_unfilled,blocked_unfilled,Z,survivor_kandidat_requires_overlap_check,blocked_unfilled,blocked_unfilled,positive_control_passed,Q_1009,pass_predefined,81,3.31041423213e-06,86.7903708048,1.07148605932,blocked_unfilled,control_class=exact_power_anchor,86.7903708048,positive_control_survivor
rank197_Q1009_actual_near_miss,actual_near_miss,197,7,7,3,165,167,190856,6952123086742016,190856,1009,prime_block_le_1009,81,148442751793136438533965338087543801190959757888544388980934356724535496789076307693189375411040397120044336213563505967374089274154395172105420265758452993645832585198070632260101329900383144999881739549,467.819803066,5559060566555523,36.254205526,48,7,0,,419.406323044,36.254205526,1.01006025582,0.755786212293,1.27428357854,none_visible,12.824772926,0.333333333333,12.4914395926,existing_near_power_csv,local_obstruction_before_drift,local_residue_sieve,blocked_unfilled,darmon_granville_ceiling,blocked_unfilled,blocked_unfilled,Z,residue_only,blocked_unfilled,blocked_unfilled,under_test,Q_1009,pass_predefined,81,0,36.254205526,0.447582784272,blocked_unfilled,control_class=actual_near_miss,36.254205526,local_obstruction_before_drift
rank197_Q1009_random_root_sets,random_root_sets,197,7,7,3,165,167,190856,6952123086742016,190856,1009,prime_block_le_1009,81,148442751793136438533965338087543801190959757888544388980934356724535496789076307693189375411040397120044336213563505967374089274154395172105420265758452993645832585198070632260101329900383144999881739549,467.819803066,5559060566555523,36.254205526,48,7,0,,419.406323044,36.254205526,1.01318237407,0.807536106337,1.36740264912,none_visible,12.824772926,0.333333333333,12.4914395926,deterministic_seeded_random_sets_same_cardinality,local_obstruction_before_drift,local_residue_sieve,blocked_unfilled,darmon_granville_ceiling,blocked_unfilled,blocked_unfilled,Z,residue_only,blocked_unfilled,blocked_unfilled,negative_control_passed,Q_1009,pass_predefined,81,0,36.254205526,0.447582784272,blocked_unfilled,control_class=random_root_sets,36.254205526,local_obstruction_before_drift
rank197_Q1009_exact_power_anchor,exact_power_anchor,197,7,7,3,165,167,190856,6952123086742016,190856,1009,prime_block_le_1009,81,148442751793136438533965338087543801190959757888544388980934356724535496789076307693189375411040397120044336213563505967374089274154395172105420265758452993645832585198070632260101329900383144999881739549,467.819803066,443426488243037769948249630619149892803,88.9875953821,0,0,1,190856,366.672933188,88.9875953821,1.00385114374,0.986600718168,1.04891878927,constructed_exact_power_root,12.824772926,0.333333333333,12.4914395926,C_from_near_power_row_as_positive_control,positive_control_survivor,local_residue_sieve,blocked_unfilled,darmon_granville_ceiling,blocked_unfilled,blocked_unfilled,Z,survivor_kandidat_requires_overlap_check,blocked_unfilled,blocked_unfilled,positive_control_passed,Q_1009,pass_predefined,81,5.23955233265e-06,88.9875953821,1.09861228867,blocked_unfilled,control_class=exact_power_anchor,88.9875953821,positive_control_survivor
rank198_Q1009_actual_near_miss,actual_near_miss,198,6,7,3,221,245,375871,53102682256901311,375871,1009,prime_block_le_1009,81,148442751793136438533965338087543801190959757888544388980934356724535496789076307693189375411040397120044336213563505967374089274154395172105420265758452993645832585198070632260101329900383144999881739549,467.819803066,2541865828329,28.5639195054,55,13,0,,426.418882282,28.5639195054,0.974146456571,0.602180890075,1.09797362511,none_visible,12.1476917368,0.333333333333,11.8143584035,existing_near_power_csv,local_obstruction_before_drift,local_residue_sieve,blocked_unfilled,darmon_granville_ceiling,blocked_unfilled,blocked_unfilled,Z,residue_only,blocked_unfilled,blocked_unfilled,under_test,Q_1009,pass_predefined,81,0,28.5639195054,0.352640981548,blocked_unfilled,control_class=actual_near_miss,28.5639195054,local_obstruction_before_drift
rank198_Q1009_random_root_sets,random_root_sets,198,6,7,3,221,245,375871,53102682256901311,375871,1009,prime_block_le_1009,81,148442751793136438533965338087543801190959757888544388980934356724535496789076307693189375411040397120044336213563505967374089274154395172105420265758452993645832585198070632260101329900383144999881739549,467.819803066,2541865828329,28.5639195054,55,13,0,,426.418882282,28.5639195054,0.967620084294,0.274493406278,1.16935390659,none_visible,12.1476917368,0.333333333333,11.8143584035,deterministic_seeded_random_sets_same_cardinality,local_obstruction_before_drift,local_residue_sieve,blocked_unfilled,darmon_granville_ceiling,blocked_unfilled,blocked_unfilled,Z,residue_only,blocked_unfilled,blocked_unfilled,negative_control_passed,Q_1009,pass_predefined,81,0,28.5639195054,0.352640981548,blocked_unfilled,control_class=random_root_sets,28.5639195054,local_obstruction_before_drift
rank198_Q1009_exact_power_anchor,exact_power_anchor,198,6,7,3,221,245,375871,53102682256901311,375871,1009,prime_block_le_1009,81,148442751793136438533965338087543801190959757888544388980934356724535496789076307693189375411040397120044336213563505967374089274154395172105420265758452993645832585198070632260101329900383144999881739549,467.819803066,49269609804781974438694403402127765867,86.7903708048,0,0,1,375871,368.192430983,86.7903708048,1.00120601365,0.970694141814,1.02181333489,constructed_exact_power_root,12.1476917368,0.333333333333,11.8143584035,C_from_near_power_row_as_positive_control,positive_control_survivor,local_residue_sieve,blocked_unfilled,darmon_granville_ceiling,blocked_unfilled,blocked_unfilled,Z,survivor_kandidat_requires_overlap_check,blocked_unfilled,blocked_unfilled,positive_control_passed,Q_1009,pass_predefined,81,2.66048724163e-06,86.7903708048,1.07148605932,blocked_unfilled,control_class=exact_power_anchor,86.7903708048,positive_control_survivor
rank199_Q1009_actual_near_miss,actual_near_miss,199,7,7,3,83,201,236821,13281913022415661,236821,1009,prime_block_le_1009,81,148442751793136438533965338087543801190959757888544388980934356724535496789076307693189375411040397120044336213563505967374089274154395172105420265758452993645832585198070632260101329900383144999881739549,467.819803066,2541865828329,28.5639195054,55,7,0,,426.8808237,28.5639195054,1.07061578545,0.701965713439,1.81663459838,none_visible,12.6011458622,0.333333333333,12.2678125288,existing_near_power_csv,local_obstruction_before_drift,local_residue_sieve,blocked_unfilled,darmon_granville_ceiling,blocked_unfilled,blocked_unfilled,Z,residue_only,blocked_unfilled,blocked_unfilled,under_test,Q_1009,pass_predefined,81,0,28.5639195054,0.352640981548,blocked_unfilled,control_class=actual_near_miss,28.5639195054,local_obstruction_before_drift
rank199_Q1009_random_root_sets,random_root_sets,199,7,7,3,83,201,236821,13281913022415661,236821,1009,prime_block_le_1009,81,148442751793136438533965338087543801190959757888544388980934356724535496789076307693189375411040397120044336213563505967374089274154395172105420265758452993645832585198070632260101329900383144999881739549,467.819803066,2541865828329,28.5639195054,55,7,0,,426.8808237,28.5639195054,0.962134278007,0.363326919675,1.40393142688,none_visible,12.6011458622,0.333333333333,12.2678125288,deterministic_seeded_random_sets_same_cardinality,local_obstruction_before_drift,local_residue_sieve,blocked_unfilled,darmon_granville_ceiling,blocked_unfilled,blocked_unfilled,Z,residue_only,blocked_unfilled,blocked_unfilled,negative_control_passed,Q_1009,pass_predefined,81,0,28.5639195054,0.352640981548,blocked_unfilled,control_class=random_root_sets,28.5639195054,local_obstruction_before_drift
rank199_Q1009_exact_power_anchor,exact_power_anchor,199,7,7,3,83,201,236821,13281913022415661,236821,1009,prime_block_le_1009,81,148442751793136438533965338087543801190959757888544388980934356724535496789076307693189375411040397120044336213563505967374089274154395172105420265758452993645832585198070632260101329900383144999881739549,467.819803066,147808829414345923316083210206383297601,87.8889830934,0,0,1,236821,367.555760112,87.8889830934,1.00859607671,0.998215248366,1.03573772784,constructed_exact_power_root,12.6011458622,0.333333333333,12.2678125288,C_from_near_power_row_as_positive_control,positive_control_survivor,local_residue_sieve,blocked_unfilled,darmon_granville_ceiling,blocked_unfilled,blocked_unfilled,Z,survivor_kandidat_requires_overlap_check,blocked_unfilled,blocked_unfilled,positive_control_passed,Q_1009,pass_predefined,81,4.22259850267e-06,87.8889830934,1.08504917399,blocked_unfilled,control_class=exact_power_anchor,87.8889830934,positive_control_survivor
rank200_Q1009_actual_near_miss,actual_near_miss,200,7,7,3,179,226,330197,36001398328555373,330197,1009,prime_block_le_1009,81,148442751793136438533965338087543801190959757888544388980934356724535496789076307693189375411040397120044336213563505967374089274154395172105420265758452993645832585198070632260101329900383144999881739549,467.819803066,1853020188851841,35.1555932374,49,19,0,,419.956765104,35.1555932374,1.00336826142,0.885037652607,1.2616316926,none_visible,12.2715414255,0.333333333333,11.9382080922,existing_near_power_csv,local_obstruction_before_drift,local_residue_sieve,blocked_unfilled,darmon_granville_ceiling,blocked_unfilled,blocked_unfilled,Z,residue_only,blocked_unfilled,blocked_unfilled,under_test,Q_1009,pass_predefined,81,0,35.1555932374,0.434019669597,blocked_unfilled,control_class=actual_near_miss,35.1555932374,local_obstruction_before_drift
rank200_Q1009_random_root_sets,random_root_sets,200,7,7,3,179,226,330197,36001398328555373,330197,1009,prime_block_le_1009,81,148442751793136438533965338087543801190959757888544388980934356724535496789076307693189375411040397120044336213563505967374089274154395172105420265758452993645832585198070632260101329900383144999881739549,467.819803066,1853020188851841,35.1555932374,49,19,0,,419.956765104,35.1555932374,1.00007489917,0.932944407261,1.13790555335,none_visible,12.2715414255,0.333333333333,11.9382080922,deterministic_seeded_random_sets_same_cardinality,local_obstruction_before_drift,local_residue_sieve,blocked_unfilled,darmon_granville_ceiling,blocked_unfilled,blocked_unfilled,Z,residue_only,blocked_unfilled,blocked_unfilled,negative_control_passed,Q_1009,pass_predefined,81,0,35.1555932374,0.434019669597,blocked_unfilled,control_class=random_root_sets,35.1555932374,local_obstruction_before_drift
rank200_Q1009_exact_power_anchor,exact_power_anchor,200,7,7,3,179,226,330197,36001398328555373,330197,1009,prime_block_le_1009,81,148442751793136438533965338087543801190959757888544388980934356724535496789076307693189375411040397120044336213563505967374089274154395172105420265758452993645832585198070632260101329900383144999881739549,467.819803066,49269609804781974438694403402127765867,86.7903708048,0,0,1,330197,368.321987536,86.7903708048,1.0017463761,0.982219032207,1.03443432591,constructed_exact_power_root,12.2715414255,0.333333333333,11.9382080922,C_from_near_power_row_as_positive_control,positive_control_survivor,local_residue_sieve,blocked_unfilled,darmon_granville_ceiling,blocked_unfilled,blocked_unfilled,Z,survivor_kandidat_requires_overlap_check,blocked_unfilled,blocked_unfilled,positive_control_passed,Q_1009,pass_predefined,81,3.02849511049e-06,86.7903708048,1.07148605932,blocked_unfilled,control_class=exact_power_anchor,86.7903708048,positive_control_survivor
rank201_Q1009_actual_near_miss,actual_near_miss,201,7,6,3,71,175,33566,37818018565496,33566,1009,prime_block_le_1009,81,148442751793136438533965338087543801190959757888544388980934356724535496789076307693189375411040397120044336213563505967374089274154395172105420265758452993645832585198070632260101329900383144999881739549,467.819803066,282429536481,26.366694928,57,13,0,,431.031839209,26.366694928,1.06790040301,0,2.89662489159,none_visible,14.9636225127,0.333333333333,14.6302891794,existing_near_power_csv,local_obstruction_before_drift,local_residue_sieve,blocked_unfilled,darmon_granville_ceiling,blocked_unfilled,blocked_unfilled,Z,residue_only,blocked_unfilled,blocked_unfilled,under_test,Q_1009,pass_predefined,81,0,26.366694928,0.325514752198,blocked_unfilled,control_class=actual_near_miss,26.366694928,local_obstruction_before_drift
rank201_Q1009_random_root_sets,random_root_sets,201,7,6,3,71,175,33566,37818018565496,33566,1009,prime_block_le_1009,81,148442751793136438533965338087543801190959757888544388980934356724535496789076307693189375411040397120044336213563505967374089274154395172105420265758452993645832585198070632260101329900383144999881739549,467.819803066,282429536481,26.366694928,57,13,0,,431.031839209,26.366694928,0.851785119576,0,3.30995981383,none_visible,14.9636225127,0.333333333333,14.6302891794,deterministic_seeded_random_sets_same_cardinality,local_obstruction_before_drift,local_residue_sieve,blocked_unfilled,darmon_granville_ceiling,blocked_unfilled,blocked_unfilled,Z,residue_only,blocked_unfilled,blocked_unfilled,negative_control_passed,Q_1009,pass_predefined,81,0,26.366694928,0.325514752198,blocked_unfilled,control_class=random_root_sets,26.366694928,local_obstruction_before_drift
rank201_Q1009_exact_power_anchor,exact_power_anchor,201,7,6,3,71,175,33566,37818018565496,33566,1009,prime_block_le_1009,81,148442751793136438533965338087543801190959757888544388980934356724535496789076307693189375411040397120044336213563505967374089274154395172105420265758452993645832585198070632260101329900383144999881739549,467.819803066,147808829414345923316083210206383297601,87.8889830934,0,0,1,33566,369.509551044,87.8889830934,0.994099242841,0.676173641317,1.25093844962,constructed_exact_power_root,14.9636225127,0.333333333333,14.6302891794,C_from_near_power_row_as_positive_control,positive_control_survivor,local_residue_sieve,blocked_unfilled,darmon_granville_ceiling,blocked_unfilled,blocked_unfilled,Z,survivor_kandidat_requires_overlap_check,blocked_unfilled,blocked_unfilled,positive_control_passed,Q_1009,pass_predefined,81,2.97920514807e-05,87.8889830934,1.08504917399,blocked_unfilled,control_class=exact_power_anchor,87.8889830934,positive_control_survivor
rank202_Q1009_actual_near_miss,actual_near_miss,202,7,6,3,53,190,36398,48220594676792,36398,1009,prime_block_le_1009,81,148442751793136438533965338087543801190959757888544388980934356724535496789076307693189375411040397120044336213563505967374089274154395172105420265758452993645832585198070632260101329900383144999881739549,467.819803066,68630377364883,31.8597563714,50,7,0,,425.457777587,31.8597563714,1.12561333244,0,2.4128340385,none_visible,14.8482135399,0.333333333333,14.5148802066,existing_near_power_csv,local_obstruction_before_drift,local_residue_sieve,blocked_unfilled,darmon_granville_ceiling,blocked_unfilled,blocked_unfilled,Z,residue_only,blocked_unfilled,blocked_unfilled,under_test,Q_1009,pass_predefined,81,0,31.8597563714,0.393330325573,blocked_unfilled,control_class=actual_near_miss,31.8597563714,local_obstruction_before_drift
rank202_Q1009_random_root_sets,random_root_sets,202,7,6,3,53,190,36398,48220594676792,36398,1009,prime_block_le_1009,81,148442751793136438533965338087543801190959757888544388980934356724535496789076307693189375411040397120044336213563505967374089274154395172105420265758452993645832585198070632260101329900383144999881739549,467.819803066,68630377364883,31.8597563714,50,7,0,,425.457777587,31.8597563714,1.11484109322,0,2.83924635664,none_visible,14.8482135399,0.333333333333,14.5148802066,deterministic_seeded_random_sets_same_cardinality,local_obstruction_before_drift,local_residue_sieve,blocked_unfilled,darmon_granville_ceiling,blocked_unfilled,blocked_unfilled,Z,residue_only,blocked_unfilled,blocked_unfilled,negative_control_passed,Q_1009,pass_predefined,81,0,31.8597563714,0.393330325573,blocked_unfilled,control_class=random_root_sets,31.8597563714,local_obstruction_before_drift
rank202_Q1009_exact_power_anchor,exact_power_anchor,202,7,6,3,53,190,36398,48220594676792,36398,1009,prime_block_le_1009,81,148442751793136438533965338087543801190959757888544388980934356724535496789076307693189375411040397120044336213563505967374089274154395172105420265758452993645832585198070632260101329900383144999881739549,467.819803066,443426488243037769948249630619149892803,88.9875953821,0,0,1,36398,368.329938577,88.9875953821,1.02279467431,0.935344432844,1.17081829893,constructed_exact_power_root,14.8482135399,0.333333333333,14.5148802066,C_from_near_power_row_as_positive_control,positive_control_survivor,local_residue_sieve,blocked_unfilled,darmon_granville_ceiling,blocked_unfilled,blocked_unfilled,Z,survivor_kandidat_requires_overlap_check,blocked_unfilled,blocked_unfilled,positive_control_passed,Q_1009,pass_predefined,81,2.7474037035e-05,88.9875953821,1.09861228867,blocked_unfilled,control_class=exact_power_anchor,88.9875953821,positive_control_survivor
rank203_Q1009_actual_near_miss,actual_near_miss,203,5,6,3,198,139,19589,7516865833469,19589,1009,prime_block_le_1009,81,148442751793136438533965338087543801190959757888544388980934356724535496789076307693189375411040397120044336213563505967374089274154395172105420265758452993645832585198070632260101329900383144999881739549,467.819803066,7625597484987,29.662531794,54,7,0,,428.274547809,29.662531794,0.758683066649,0,2.3921702089,none_visible,15.7790446061,0.333333333333,15.4457112728,existing_near_power_csv,local_obstruction_before_drift,local_residue_sieve,blocked_unfilled,darmon_granville_ceiling,blocked_unfilled,blocked_unfilled,Z,residue_only,blocked_unfilled,blocked_unfilled,under_test,Q_1009,pass_predefined,81,0,29.662531794,0.366204096223,blocked_unfilled,control_class=actual_near_miss,29.662531794,local_obstruction_before_drift
rank203_Q1009_random_root_sets,random_root_sets,203,5,6,3,198,139,19589,7516865833469,19589,1009,prime_block_le_1009,81,148442751793136438533965338087543801190959757888544388980934356724535496789076307693189375411040397120044336213563505967374089274154395172105420265758452993645832585198070632260101329900383144999881739549,467.819803066,7625597484987,29.662531794,54,7,0,,428.274547809,29.662531794,1.14929202519,0,3.86989863926,none_visible,15.7790446061,0.333333333333,15.4457112728,deterministic_seeded_random_sets_same_cardinality,local_obstruction_before_drift,local_residue_sieve,blocked_unfilled,darmon_granville_ceiling,blocked_unfilled,blocked_unfilled,Z,residue_only,blocked_unfilled,blocked_unfilled,negative_control_passed,Q_1009,pass_predefined,81,0,29.662531794,0.366204096223,blocked_unfilled,control_class=random_root_sets,29.662531794,local_obstruction_before_drift
rank203_Q1009_exact_power_anchor,exact_power_anchor,203,5,6,3,198,139,19589,7516865833469,19589,1009,prime_block_le_1009,81,148442751793136438533965338087543801190959757888544388980934356724535496789076307693189375411040397120044336213563505967374089274154395172105420265758452993645832585198070632260101329900383144999881739549,467.819803066,147808829414345923316083210206383297601,87.8889830934,0,0,1,19589,370.048096509,87.8889830934,1.09561512224,0.238166544716,1.96064117617,constructed_exact_power_root,15.7790446061,0.333333333333,15.4457112728,C_from_near_power_row_as_positive_control,positive_control_survivor,local_residue_sieve,blocked_unfilled,darmon_granville_ceiling,blocked_unfilled,blocked_unfilled,Z,survivor_kandidat_requires_overlap_check,blocked_unfilled,blocked_unfilled,positive_control_passed,Q_1009,pass_predefined,81,5.10490581449e-05,87.8889830934,1.08504917399,blocked_unfilled,control_class=exact_power_anchor,87.8889830934,positive_control_survivor
rank204_Q1009_actual_near_miss,actual_near_miss,204,6,7,3,204,199,231650,12430738017125000,231650,1009,prime_block_le_1009,81,148442751793136438533965338087543801190959757888544388980934356724535496789076307693189375411040397120044336213563505967374089274154395172105420265758452993645832585198070632260101329900383144999881739549,467.819803066,94143178827,25.2680826394,58,7,0,,430.198737536,25.2680826394,0.978502312135,0.31298990335,1.49620979927,none_visible,12.623666343,0.333333333333,12.2903330097,existing_near_power_csv,local_obstruction_before_drift,local_residue_sieve,blocked_unfilled,darmon_granville_ceiling,blocked_unfilled,blocked_unfilled,Z,residue_only,blocked_unfilled,blocked_unfilled,under_test,Q_1009,pass_predefined,81,0,25.2680826394,0.311951637523,blocked_unfilled,control_class=actual_near_miss,25.2680826394,local_obstruction_before_drift
rank204_Q1009_random_root_sets,random_root_sets,204,6,7,3,204,199,231650,12430738017125000,231650,1009,prime_block_le_1009,81,148442751793136438533965338087543801190959757888544388980934356724535496789076307693189375411040397120044336213563505967374089274154395172105420265758452993645832585198070632260101329900383144999881739549,467.819803066,94143178827,25.2680826394,58,7,0,,430.198737536,25.2680826394,0.875539901497,0,1.07854617838,none_visible,12.623666343,0.333333333333,12.2903330097,deterministic_seeded_random_sets_same_cardinality,local_obstruction_before_drift,local_residue_sieve,blocked_unfilled,darmon_granville_ceiling,blocked_unfilled,blocked_unfilled,Z,residue_only,blocked_unfilled,blocked_unfilled,negative_control_passed,Q_1009,pass_predefined,81,0,25.2680826394,0.311951637523,blocked_unfilled,control_class=random_root_sets,25.2680826394,local_obstruction_before_drift
rank204_Q1009_exact_power_anchor,exact_power_anchor,204,6,7,3,204,199,231650,12430738017125000,231650,1009,prime_block_le_1009,81,148442751793136438533965338087543801190959757888544388980934356724535496789076307693189375411040397120044336213563505967374089274154395172105420265758452993645832585198070632260101329900383144999881739549,467.819803066,443426488243037769948249630619149892803,88.9875953821,0,0,1,231650,366.479224793,88.9875953821,1.00315242503,0.976428520037,1.03238650263,constructed_exact_power_root,12.623666343,0.333333333333,12.2903330097,C_from_near_power_row_as_positive_control,positive_control_survivor,local_residue_sieve,blocked_unfilled,darmon_granville_ceiling,blocked_unfilled,blocked_unfilled,Z,survivor_kandidat_requires_overlap_check,blocked_unfilled,blocked_unfilled,positive_control_passed,Q_1009,pass_predefined,81,4.31685732787e-06,88.9875953821,1.09861228867,blocked_unfilled,control_class=exact_power_anchor,88.9875953821,positive_control_survivor
rank205_Q1009_actual_near_miss,actual_near_miss,205,6,7,3,207,113,67964,313932872337344,67964,1009,prime_block_le_1009,81,148442751793136438533965338087543801190959757888544388980934356724535496789076307693189375411040397120044336213563505967374089274154395172105420265758452993645832585198070632260101329900383144999881739549,467.819803066,31381059609,24.1694703507,59,7,0,,432.523599283,24.1694703507,1.33082227784,0,5.05603947188,none_visible,14.0148890333,0.333333333333,13.6815557,existing_near_power_csv,local_obstruction_before_drift,local_residue_sieve,blocked_unfilled,darmon_granville_ceiling,blocked_unfilled,blocked_unfilled,Z,residue_only,blocked_unfilled,blocked_unfilled,under_test,Q_1009,pass_predefined,81,0,24.1694703507,0.298388522848,blocked_unfilled,control_class=actual_near_miss,24.1694703507,local_obstruction_before_drift
rank205_Q1009_random_root_sets,random_root_sets,205,6,7,3,207,113,67964,313932872337344,67964,1009,prime_block_le_1009,81,148442751793136438533965338087543801190959757888544388980934356724535496789076307693189375411040397120044336213563505967374089274154395172105420265758452993645832585198070632260101329900383144999881739549,467.819803066,31381059609,24.1694703507,59,7,0,,432.523599283,24.1694703507,0.899465060712,0,1.87075837535,none_visible,14.0148890333,0.333333333333,13.6815557,deterministic_seeded_random_sets_same_cardinality,local_obstruction_before_drift,local_residue_sieve,blocked_unfilled,darmon_granville_ceiling,blocked_unfilled,blocked_unfilled,Z,residue_only,blocked_unfilled,blocked_unfilled,negative_control_passed,Q_1009,pass_predefined,81,0,24.1694703507,0.298388522848,blocked_unfilled,control_class=random_root_sets,24.1694703507,local_obstruction_before_drift
rank205_Q1009_exact_power_anchor,exact_power_anchor,205,6,7,3,207,113,67964,313932872337344,67964,1009,prime_block_le_1009,81,148442751793136438533965338087543801190959757888544388980934356724535496789076307693189375411040397120044336213563505967374089274154395172105420265758452993645832585198070632260101329900383144999881739549,467.819803066,147808829414345923316083210206383297601,87.8889830934,0,0,1,67964,368.80408654,87.8889830934,1.00028909641,0.846171829531,1.08777522741,constructed_exact_power_root,14.0148890333,0.333333333333,13.6815557,C_from_near_power_row_as_positive_control,positive_control_survivor,local_residue_sieve,blocked_unfilled,darmon_granville_ceiling,blocked_unfilled,blocked_unfilled,Z,survivor_kandidat_requires_overlap_check,blocked_unfilled,blocked_unfilled,positive_control_passed,Q_1009,pass_predefined,81,1.4713671944e-05,87.8889830934,1.08504917399,blocked_unfilled,control_class=exact_power_anchor,87.8889830934,positive_control_survivor
rank206_Q1009_actual_near_miss,actual_near_miss,206,6,7,3,203,244,372197,51560676262489373,372197,1009,prime_block_le_1009,81,148442751793136438533965338087543801190959757888544388980934356724535496789076307693189375411040397120044336213563505967374089274154395172105420265758452993645832585198070632260101329900383144999881739549,467.819803066,847288609443,27.4653072167,56,13,0,,427.527317286,27.4653072167,0.9519437337,0.425169705529,1.02698988857,none_visible,12.1569941191,0.333333333333,11.8236607858,existing_near_power_csv,local_obstruction_before_drift,local_residue_sieve,blocked_unfilled,darmon_granville_ceiling,blocked_unfilled,blocked_unfilled,Z,residue_only,blocked_unfilled,blocked_unfilled,under_test,Q_1009,pass_predefined,81,0,27.4653072167,0.339077866873,blocked_unfilled,control_class=actual_near_miss,27.4653072167,local_obstruction_before_drift
rank206_Q1009_random_root_sets,random_root_sets,206,6,7,3,203,244,372197,51560676262489373,372197,1009,prime_block_le_1009,81,148442751793136438533965338087543801190959757888544388980934356724535496789076307693189375411040397120044336213563505967374089274154395172105420265758452993645832585198070632260101329900383144999881739549,467.819803066,847288609443,27.4653072167,56,13,0,,427.527317286,27.4653072167,0.951738458596,0.269952322142,1.02414372556,none_visible,12.1569941191,0.333333333333,11.8236607858,deterministic_seeded_random_sets_same_cardinality,local_obstruction_before_drift,local_residue_sieve,blocked_unfilled,darmon_granville_ceiling,blocked_unfilled,blocked_unfilled,Z,residue_only,blocked_unfilled,blocked_unfilled,negative_control_passed,Q_1009,pass_predefined,81,0,27.4653072167,0.339077866873,blocked_unfilled,control_class=random_root_sets,27.4653072167,local_obstruction_before_drift
rank206_Q1009_exact_power_anchor,exact_power_anchor,206,6,7,3,203,244,372197,51560676262489373,372197,1009,prime_block_le_1009,81,148442751793136438533965338087543801190959757888544388980934356724535496789076307693189375411040397120044336213563505967374089274154395172105420265758452993645832585198070632260101329900383144999881739549,467.819803066,147808829414345923316083210206383297601,87.8889830934,0,0,1,372197,367.103641409,87.8889830934,1.00125433873,0.970232012736,1.02198984827,constructed_exact_power_root,12.1569941191,0.333333333333,11.8236607858,C_from_near_power_row_as_positive_control,positive_control_survivor,local_residue_sieve,blocked_unfilled,darmon_granville_ceiling,blocked_unfilled,blocked_unfilled,Z,survivor_kandidat_requires_overlap_check,blocked_unfilled,blocked_unfilled,positive_control_passed,Q_1009,pass_predefined,81,2.68674922151e-06,87.8889830934,1.08504917399,blocked_unfilled,control_class=exact_power_anchor,87.8889830934,positive_control_survivor
rank207_Q1009_actual_near_miss,actual_near_miss,207,6,7,3,221,191,210969,9389791155283209,210969,1009,prime_block_le_1009,81,148442751793136438533965338087543801190959757888544388980934356724535496789076307693189375411040397120044336213563505967374089274154395172105420265758452993645832585198070632260101329900383144999881739549,467.819803066,10460353203,23.070858062,60,7,0,,432.489478522,23.070858062,1.01348565692,0.430983804361,1.58040491468,none_visible,12.7199609038,0.333333333333,12.3866275705,existing_near_power_csv,local_obstruction_before_drift,local_residue_sieve,blocked_unfilled,darmon_granville_ceiling,blocked_unfilled,blocked_unfilled,Z,residue_only,blocked_unfilled,blocked_unfilled,under_test,Q_1009,pass_predefined,81,0,23.070858062,0.284825408173,blocked_unfilled,control_class=actual_near_miss,23.070858062,local_obstruction_before_drift
rank207_Q1009_random_root_sets,random_root_sets,207,6,7,3,221,191,210969,9389791155283209,210969,1009,prime_block_le_1009,81,148442751793136438533965338087543801190959757888544388980934356724535496789076307693189375411040397120044336213563505967374089274154395172105420265758452993645832585198070632260101329900383144999881739549,467.819803066,10460353203,23.070858062,60,7,0,,432.489478522,23.070858062,0.939681369722,0.395101228669,1.37151956501,none_visible,12.7199609038,0.333333333333,12.3866275705,deterministic_seeded_random_sets_same_cardinality,local_obstruction_before_drift,local_residue_sieve,blocked_unfilled,darmon_granville_ceiling,blocked_unfilled,blocked_unfilled,Z,residue_only,blocked_unfilled,blocked_unfilled,negative_control_passed,Q_1009,pass_predefined,81,0,23.070858062,0.284825408173,blocked_unfilled,control_class=random_root_sets,23.070858062,local_obstruction_before_drift
rank207_Q1009_exact_power_anchor,exact_power_anchor,207,6,7,3,221,191,210969,9389791155283209,210969,1009,prime_block_le_1009,81,148442751793136438533965338087543801190959757888544388980934356724535496789076307693189375411040397120044336213563505967374089274154395172105420265758452993645832585198070632260101329900383144999881739549,467.819803066,443426488243037769948249630619149892803,88.9875953821,0,0,1,210969,366.572741202,88.9875953821,1.00766011261,0.986376092117,1.06560100194,constructed_exact_power_root,12.7199609038,0.333333333333,12.3866275705,C_from_near_power_row_as_positive_control,positive_control_survivor,local_residue_sieve,blocked_unfilled,darmon_granville_ceiling,blocked_unfilled,blocked_unfilled,Z,survivor_kandidat_requires_overlap_check,blocked_unfilled,blocked_unfilled,positive_control_passed,Q_1009,pass_predefined,81,4.74003289583e-06,88.9875953821,1.09861228867,blocked_unfilled,control_class=exact_power_anchor,88.9875953821,positive_control_survivor
rank208_Q1009_actual_near_miss,actual_near_miss,208,7,7,3,89,196,223446,11156237565520536,223446,1009,prime_block_le_1009,81,148442751793136438533965338087543801190959757888544388980934356724535496789076307693189375411040397120044336213563505967374089274154395172105420265758452993645832585198070632260101329900383144999881739549,467.819803066,5559060566555523,36.254205526,46,7,0,,419.248672487,36.254205526,0.999112118729,0.373675170834,1.2670115673,none_visible,12.6606221669,0.333333333333,12.3272888336,existing_near_power_csv,local_obstruction_before_drift,local_residue_sieve,blocked_unfilled,darmon_granville_ceiling,blocked_unfilled,blocked_unfilled,Z,residue_only,blocked_unfilled,blocked_unfilled,under_test,Q_1009,pass_predefined,81,0,36.254205526,0.447582784272,blocked_unfilled,control_class=actual_near_miss,36.254205526,local_obstruction_before_drift
rank208_Q1009_random_root_sets,random_root_sets,208,7,7,3,89,196,223446,11156237565520536,223446,1009,prime_block_le_1009,81,148442751793136438533965338087543801190959757888544388980934356724535496789076307693189375411040397120044336213563505967374089274154395172105420265758452993645832585198070632260101329900383144999881739549,467.819803066,5559060566555523,36.254205526,46,7,0,,419.248672487,36.254205526,1.01035818663,0.21116859455,1.68153826875,none_visible,12.6606221669,0.333333333333,12.3272888336,deterministic_seeded_random_sets_same_cardinality,local_obstruction_before_drift,local_residue_sieve,blocked_unfilled,darmon_granville_ceiling,blocked_unfilled,blocked_unfilled,Z,residue_only,blocked_unfilled,blocked_unfilled,negative_control_passed,Q_1009,pass_predefined,81,0,36.254205526,0.447582784272,blocked_unfilled,control_class=random_root_sets,36.254205526,local_obstruction_before_drift
rank208_Q1009_exact_power_anchor,exact_power_anchor,208,7,7,3,89,196,223446,11156237565520536,223446,1009,prime_block_le_1009,81,148442751793136438533965338087543801190959757888544388980934356724535496789076307693189375411040397120044336213563505967374089274154395172105420265758452993645832585198070632260101329900383144999881739549,467.819803066,147808829414345923316083210206383297601,87.8889830934,0,0,1,223446,367.613894919,87.8889830934,1.01017374402,0.97985742516,1.14271457086,constructed_exact_power_root,12.6606221669,0.333333333333,12.3272888336,C_from_near_power_row_as_positive_control,positive_control_survivor,local_residue_sieve,blocked_unfilled,darmon_granville_ceiling,blocked_unfilled,blocked_unfilled,Z,survivor_kandidat_requires_overlap_check,blocked_unfilled,blocked_unfilled,positive_control_passed,Q_1009,pass_predefined,81,4.47535422429e-06,87.8889830934,1.08504917399,blocked_unfilled,control_class=exact_power_anchor,87.8889830934,positive_control_survivor
rank209_Q1009_actual_near_miss,actual_near_miss,209,6,6,3,223,248,70849,355632280170049,70849,1009,prime_block_le_1009,81,148442751793136438533965338087543801190959757888544388980934356724535496789076307693189375411040397120044336213563505967374089274154395172105420265758452993645832585198070632260101329900383144999881739549,467.819803066,2541865828329,28.5639195054,54,7,0,,428.08757743,28.5639195054,1.13475588144,0,3.72913912374,none_visible,13.9627202667,0.333333333333,13.6293869333,existing_near_power_csv,local_obstruction_before_drift,local_residue_sieve,blocked_unfilled,darmon_granville_ceiling,blocked_unfilled,blocked_unfilled,Z,residue_only,blocked_unfilled,blocked_unfilled,under_test,Q_1009,pass_predefined,81,0,28.5639195054,0.352640981548,blocked_unfilled,control_class=actual_near_miss,28.5639195054,local_obstruction_before_drift
rank209_Q1009_random_root_sets,random_root_sets,209,6,6,3,223,248,70849,355632280170049,70849,1009,prime_block_le_1009,81,148442751793136438533965338087543801190959757888544388980934356724535496789076307693189375411040397120044336213563505967374089274154395172105420265758452993645832585198070632260101329900383144999881739549,467.819803066,2541865828329,28.5639195054,54,7,0,,428.08757743,28.5639195054,0.989457756533,0,2.09350716155,none_visible,13.9627202667,0.333333333333,13.6293869333,deterministic_seeded_random_sets_same_cardinality,local_obstruction_before_drift,local_residue_sieve,blocked_unfilled,darmon_granville_ceiling,blocked_unfilled,blocked_unfilled,Z,residue_only,blocked_unfilled,blocked_unfilled,negative_control_passed,Q_1009,pass_predefined,81,0,28.5639195054,0.352640981548,blocked_unfilled,control_class=random_root_sets,28.5639195054,local_obstruction_before_drift
rank209_Q1009_exact_power_anchor,exact_power_anchor,209,6,6,3,223,248,70849,355632280170049,70849,1009,prime_block_le_1009,81,148442751793136438533965338087543801190959757888544388980934356724535496789076307693189375411040397120044336213563505967374089274154395172105420265758452993645832585198070632260101329900383144999881739549,467.819803066,443426488243037769948249630619149892803,88.9875953821,0,0,1,70849,367.663901553,88.9875953821,1.03021318684,0.963727238368,1.28139815351,constructed_exact_power_root,13.9627202667,0.333333333333,13.6293869333,C_from_near_power_row_as_positive_control,positive_control_survivor,local_residue_sieve,blocked_unfilled,darmon_granville_ceiling,blocked_unfilled,blocked_unfilled,Z,survivor_kandidat_requires_overlap_check,blocked_unfilled,blocked_unfilled,positive_control_passed,Q_1009,pass_predefined,81,1.41145252579e-05,88.9875953821,1.09861228867,blocked_unfilled,control_class=exact_power_anchor,88.9875953821,positive_control_survivor
rank210_Q1009_actual_near_miss,actual_near_miss,210,7,7,3,129,226,313148,30707815807097792,313148,1009,prime_block_le_1009,81,148442751793136438533965338087543801190959757888544388980934356724535496789076307693189375411040397120044336213563505967374089274154395172105420265758452993645832585198070632260101329900383144999881739549,467.819803066,2541865828329,28.5639195054,55,7,0,,426.601452359,28.5639195054,1.02755159494,0.816521616332,1.42865035063,none_visible,12.3229508996,0.333333333333,11.9896175663,existing_near_power_csv,local_obstruction_before_drift,local_residue_sieve,blocked_unfilled,darmon_granville_ceiling,blocked_unfilled,blocked_unfilled,Z,residue_only,blocked_unfilled,blocked_unfilled,under_test,Q_1009,pass_predefined,81,0,28.5639195054,0.352640981548,blocked_unfilled,control_class=actual_near_miss,28.5639195054,local_obstruction_before_drift
rank210_Q1009_random_root_sets,random_root_sets,210,7,7,3,129,226,313148,30707815807097792,313148,1009,prime_block_le_1009,81,148442751793136438533965338087543801190959757888544388980934356724535496789076307693189375411040397120044336213563505967374089274154395172105420265758452993645832585198070632260101329900383144999881739549,467.819803066,2541865828329,28.5639195054,55,7,0,,426.601452359,28.5639195054,1.00070854557,0.611072790573,1.34540891563,none_visible,12.3229508996,0.333333333333,11.9896175663,deterministic_seeded_random_sets_same_cardinality,local_obstruction_before_drift,local_residue_sieve,blocked_unfilled,darmon_granville_ceiling,blocked_unfilled,blocked_unfilled,Z,residue_only,blocked_unfilled,blocked_unfilled,negative_control_passed,Q_1009,pass_predefined,81,0,28.5639195054,0.352640981548,blocked_unfilled,control_class=random_root_sets,28.5639195054,local_obstruction_before_drift
rank210_Q1009_exact_power_anchor,exact_power_anchor,210,7,7,3,129,226,313148,30707815807097792,313148,1009,prime_block_le_1009,81,148442751793136438533965338087543801190959757888544388980934356724535496789076307693189375411040397120044336213563505967374089274154395172105420265758452993645832585198070632260101329900383144999881739549,467.819803066,443426488243037769948249630619149892803,88.9875953821,0,0,1,313148,366.177776483,88.9875953821,1.00383478892,0.989654164236,1.03511083861,constructed_exact_power_root,12.3229508996,0.333333333333,11.9896175663,C_from_near_power_row_as_positive_control,positive_control_survivor,local_residue_sieve,blocked_unfilled,darmon_granville_ceiling,blocked_unfilled,blocked_unfilled,Z,survivor_kandidat_requires_overlap_check,blocked_unfilled,blocked_unfilled,positive_control_passed,Q_1009,pass_predefined,81,3.19337821094e-06,88.9875953821,1.09861228867,blocked_unfilled,control_class=exact_power_anchor,88.9875953821,positive_control_survivor
rank211_Q1009_actual_near_miss,actual_near_miss,211,5,6,3,222,209,43775,83883871109375,43775,1009,prime_block_le_1009,81,148442751793136438533965338087543801190959757888544388980934356724535496789076307693189375411040397120044336213563505967374089274154395172105420265758452993645832585198070632260101329900383144999881739549,467.819803066,1350851717672992089,41.7472669694,42,7,0,,415.385717939,41.7472669694,0.974636398249,0,2.50879116695,none_visible,14.5918019809,0.333333333333,14.2584686476,existing_near_power_csv,local_obstruction_before_drift,local_residue_sieve,blocked_unfilled,darmon_granville_ceiling,blocked_unfilled,blocked_unfilled,Z,residue_only,blocked_unfilled,blocked_unfilled,under_test,Q_1009,pass_predefined,81,0,41.7472669694,0.515398357647,blocked_unfilled,control_class=actual_near_miss,41.7472669694,local_obstruction_before_drift
rank211_Q1009_random_root_sets,random_root_sets,211,5,6,3,222,209,43775,83883871109375,43775,1009,prime_block_le_1009,81,148442751793136438533965338087543801190959757888544388980934356724535496789076307693189375411040397120044336213563505967374089274154395172105420265758452993645832585198070632260101329900383144999881739549,467.819803066,1350851717672992089,41.7472669694,42,7,0,,415.385717939,41.7472669694,1.04078780379,0,2.68416016245,none_visible,14.5918019809,0.333333333333,14.2584686476,deterministic_seeded_random_sets_same_cardinality,local_obstruction_before_drift,local_residue_sieve,blocked_unfilled,darmon_granville_ceiling,blocked_unfilled,blocked_unfilled,Z,residue_only,blocked_unfilled,blocked_unfilled,negative_control_passed,Q_1009,pass_predefined,81,0,41.7472669694,0.515398357647,blocked_unfilled,control_class=random_root_sets,41.7472669694,local_obstruction_before_drift
rank211_Q1009_exact_power_anchor,exact_power_anchor,211,5,6,3,222,209,43775,83883871109375,43775,1009,prime_block_le_1009,81,148442751793136438533965338087543801190959757888544388980934356724535496789076307693189375411040397120044336213563505967374089274154395172105420265758452993645832585198070632260101329900383144999881739549,467.819803066,147808829414345923316083210206383297601,87.8889830934,0,0,1,43775,369.244001815,87.8889830934,1.03137170294,0.84442667682,1.17235611397,constructed_exact_power_root,14.5918019809,0.333333333333,14.2584686476,C_from_near_power_row_as_positive_control,positive_control_survivor,local_residue_sieve,blocked_unfilled,darmon_granville_ceiling,blocked_unfilled,blocked_unfilled,Z,survivor_kandidat_requires_overlap_check,blocked_unfilled,blocked_unfilled,positive_control_passed,Q_1009,pass_predefined,81,2.28440890919e-05,87.8889830934,1.08504917399,blocked_unfilled,control_class=exact_power_anchor,87.8889830934,positive_control_survivor
rank212_Q1009_actual_near_miss,actual_near_miss,212,7,6,3,72,245,60939,226300737716019,60939,1009,prime_block_le_1009,81,148442751793136438533965338087543801190959757888544388980934356724535496789076307693189375411040397120044336213563505967374089274154395172105420265758452993645832585198070632260101329900383144999881739549,467.819803066,2541865828329,28.5639195054,53,7,0,,428.238254918,28.5639195054,0.974766964901,0,3.12969800401,none_visible,14.1536749341,0.333333333333,13.8203416008,existing_near_power_csv,local_obstruction_before_drift,local_residue_sieve,blocked_unfilled,darmon_granville_ceiling,blocked_unfilled,blocked_unfilled,Z,residue_only,blocked_unfilled,blocked_unfilled,under_test,Q_1009,pass_predefined,81,0,28.5639195054,0.352640981548,blocked_unfilled,control_class=actual_near_miss,28.5639195054,local_obstruction_before_drift
rank212_Q1009_random_root_sets,random_root_sets,212,7,6,3,72,245,60939,226300737716019,60939,1009,prime_block_le_1009,81,148442751793136438533965338087543801190959757888544388980934356724535496789076307693189375411040397120044336213563505967374089274154395172105420265758452993645832585198070632260101329900383144999881739549,467.819803066,2541865828329,28.5639195054,53,7,0,,428.238254918,28.5639195054,1.03712410042,0,1.95366404656,none_visible,14.1536749341,0.333333333333,13.8203416008,deterministic_seeded_random_sets_same_cardinality,local_obstruction_before_drift,local_residue_sieve,blocked_unfilled,darmon_granville_ceiling,blocked_unfilled,blocked_unfilled,Z,residue_only,blocked_unfilled,blocked_unfilled,negative_control_passed,Q_1009,pass_predefined,81,0,28.5639195054,0.352640981548,blocked_unfilled,control_class=random_root_sets,28.5639195054,local_obstruction_before_drift
rank212_Q1009_exact_power_anchor,exact_power_anchor,212,7,6,3,72,245,60939,226300737716019,60939,1009,prime_block_le_1009,81,148442751793136438533965338087543801190959757888544388980934356724535496789076307693189375411040397120044336213563505967374089274154395172105420265758452993645832585198070632260101329900383144999881739549,467.819803066,49269609804781974438694403402127765867,86.7903708048,0,0,1,60939,370.011803618,86.7903708048,1.03943492673,0.910365739145,1.22494808105,constructed_exact_power_root,14.1536749341,0.333333333333,13.8203416008,C_from_near_power_row_as_positive_control,positive_control_survivor,local_residue_sieve,blocked_unfilled,darmon_granville_ceiling,blocked_unfilled,blocked_unfilled,Z,survivor_kandidat_requires_overlap_check,blocked_unfilled,blocked_unfilled,positive_control_passed,Q_1009,pass_predefined,81,1.64098524754e-05,86.7903708048,1.07148605932,blocked_unfilled,control_class=exact_power_anchor,86.7903708048,positive_control_survivor
rank213_Q1009_actual_near_miss,actual_near_miss,213,6,5,4,37,173,630,157529610000,630,1009,prime_block_le_1009,168,9883326855402037591071935385995119237769544071052336268948774388464692156613644748904309606814293831245297812573737471660766117746371102064423456768885161432286497987467827050297144528442873088837053363555505746083646800378861291436855041666704610624315412063093301501729007973506838237506477051903879849849069942384994070557970314845526910370320580570131817760395064723644436433536440921569283170173653219381073021595,962.46883296,4835703278458516698824704,56.8380688059,106,5,0,,899.185044335,56.8380688059,1.14737929894,0,11.6037698413,none_visible,37.3297653299,0.25,37.0797653299,existing_near_power_csv,local_obstruction_before_drift,local_residue_sieve,blocked_unfilled,darmon_granville_ceiling,blocked_unfilled,blocked_unfilled,Z,residue_only,blocked_unfilled,blocked_unfilled,under_test,Q_1009,pass_predefined,168,0,56.8380688059,0.33832183813,blocked_unfilled,control_class=actual_near_miss,56.8380688059,local_obstruction_before_drift
rank213_Q1009_random_root_sets,random_root_sets,213,6,5,4,37,173,630,157529610000,630,1009,prime_block_le_1009,168,9883326855402037591071935385995119237769544071052336268948774388464692156613644748904309606814293831245297812573737471660766117746371102064423456768885161432286497987467827050297144528442873088837053363555505746083646800378861291436855041666704610624315412063093301501729007973506838237506477051903879849849069942384994070557970314845526910370320580570131817760395064723644436433536440921569283170173653219381073021595,962.46883296,4835703278458516698824704,56.8380688059,106,5,0,,899.185044335,56.8380688059,0.353443287037,0,1.60367063492,none_visible,37.3297653299,0.25,37.0797653299,deterministic_seeded_random_sets_same_cardinality,local_obstruction_before_drift,local_residue_sieve,blocked_unfilled,darmon_granville_ceiling,blocked_unfilled,blocked_unfilled,Z,residue_only,blocked_unfilled,blocked_unfilled,negative_control_passed,Q_1009,pass_predefined,168,0,56.8380688059,0.33832183813,blocked_unfilled,control_class=random_root_sets,56.8380688059,local_obstruction_before_drift
rank213_Q1009_exact_power_anchor,exact_power_anchor,213,6,5,4,37,173,630,157529610000,630,1009,prime_block_le_1009,168,9883326855402037591071935385995119237769544071052336268948774388464692156613644748904309606814293831245297812573737471660766117746371102064423456768885161432286497987467827050297144528442873088837053363555505746083646800378861291436855041666704610624315412063093301501729007973506838237506477051903879849849069942384994070557970314845526910370320580570131817760395064723644436433536440921569283170173653219381073021595,962.46883296,56539106072908298546665520023773392506479484700019806659891398441363832832,169.821059237,0,0,1,630,786.202053903,169.821059237,1.29831349206,0.620436507937,3.08511904762,constructed_exact_power_root,37.3297653299,0.25,37.0797653299,C_from_near_power_row_as_positive_control,positive_control_survivor,local_residue_sieve,blocked_unfilled,darmon_granville_ceiling,blocked_unfilled,blocked_unfilled,Z,survivor_kandidat_requires_overlap_check,blocked_unfilled,blocked_unfilled,positive_control_passed,Q_1009,pass_predefined,168,0.0015873015873,169.821059237,1.01083963832,blocked_unfilled,control_class=exact_power_anchor,169.821059237,positive_control_survivor
rank214_Q1009_actual_near_miss,actual_near_miss,214,7,7,3,69,146,112439,1421513286860519,112439,1009,prime_block_le_1009,81,148442751793136438533965338087543801190959757888544388980934356724535496789076307693189375411040397120044336213563505967374089274154395172105420265758452993645832585198070632260101329900383144999881739549,467.819803066,847288609443,27.4653072167,55,7,0,,428.724329718,27.4653072167,1.0367729844,0.427628412838,1.93397111125,none_visible,13.4082293059,0.333333333333,13.0748959726,existing_near_power_csv,local_obstruction_before_drift,local_residue_sieve,blocked_unfilled,darmon_granville_ceiling,blocked_unfilled,blocked_unfilled,Z,residue_only,blocked_unfilled,blocked_unfilled,under_test,Q_1009,pass_predefined,81,0,27.4653072167,0.339077866873,blocked_unfilled,control_class=actual_near_miss,27.4653072167,local_obstruction_before_drift
rank214_Q1009_random_root_sets,random_root_sets,214,7,7,3,69,146,112439,1421513286860519,112439,1009,prime_block_le_1009,81,148442751793136438533965338087543801190959757888544388980934356724535496789076307693189375411040397120044336213563505967374089274154395172105420265758452993645832585198070632260101329900383144999881739549,467.819803066,847288609443,27.4653072167,55,7,0,,428.724329718,27.4653072167,0.909625770747,0,1.31914094655,none_visible,13.4082293059,0.333333333333,13.0748959726,deterministic_seeded_random_sets_same_cardinality,local_obstruction_before_drift,local_residue_sieve,blocked_unfilled,darmon_granville_ceiling,blocked_unfilled,blocked_unfilled,Z,residue_only,blocked_unfilled,blocked_unfilled,negative_control_passed,Q_1009,pass_predefined,81,0,27.4653072167,0.339077866873,blocked_unfilled,control_class=random_root_sets,27.4653072167,local_obstruction_before_drift
rank214_Q1009_exact_power_anchor,exact_power_anchor,214,7,7,3,69,146,112439,1421513286860519,112439,1009,prime_block_le_1009,81,148442751793136438533965338087543801190959757888544388980934356724535496789076307693189375411040397120044336213563505967374089274154395172105420265758452993645832585198070632260101329900383144999881739549,467.819803066,147808829414345923316083210206383297601,87.8889830934,0,0,1,112439,368.300653841,87.8889830934,1.01765969894,0.954341662788,1.14528173795,constructed_exact_power_root,13.4082293059,0.333333333333,13.0748959726,C_from_near_power_row_as_positive_control,positive_control_survivor,local_residue_sieve,blocked_unfilled,darmon_granville_ceiling,blocked_unfilled,blocked_unfilled,Z,survivor_kandidat_requires_overlap_check,blocked_unfilled,blocked_unfilled,positive_control_passed,Q_1009,pass_predefined,81,8.89371125677e-06,87.8889830934,1.08504917399,blocked_unfilled,control_class=exact_power_anchor,87.8889830934,positive_control_survivor
rank215_Q1009_actual_near_miss,actual_near_miss,215,6,6,3,211,241,65745,284176518368625,65745,1009,prime_block_le_1009,81,148442751793136438533965338087543801190959757888544388980934356724535496789076307693189375411040397120044336213563505967374089274154395172105420265758452993645832585198070632260101329900383144999881739549,467.819803066,7625597484987,29.662531794,52,7,0,,427.06373237,29.662531794,1.12997214265,0,2.46614106692,none_visible,14.0568249446,0.333333333333,13.7234916113,existing_near_power_csv,local_obstruction_before_drift,local_residue_sieve,blocked_unfilled,darmon_granville_ceiling,blocked_unfilled,blocked_unfilled,Z,residue_only,blocked_unfilled,blocked_unfilled,under_test,Q_1009,pass_predefined,81,0,29.662531794,0.366204096223,blocked_unfilled,control_class=actual_near_miss,29.662531794,local_obstruction_before_drift
rank215_Q1009_random_root_sets,random_root_sets,215,6,6,3,211,241,65745,284176518368625,65745,1009,prime_block_le_1009,81,148442751793136438533965338087543801190959757888544388980934356724535496789076307693189375411040397120044336213563505967374089274154395172105420265758452993645832585198070632260101329900383144999881739549,467.819803066,7625597484987,29.662531794,52,7,0,,427.06373237,29.662531794,1.1315254223,0,3.08769403672,none_visible,14.0568249446,0.333333333333,13.7234916113,deterministic_seeded_random_sets_same_cardinality,local_obstruction_before_drift,local_residue_sieve,blocked_unfilled,darmon_granville_ceiling,blocked_unfilled,blocked_unfilled,Z,residue_only,blocked_unfilled,blocked_unfilled,negative_control_passed,Q_1009,pass_predefined,81,0,29.662531794,0.366204096223,blocked_unfilled,control_class=random_root_sets,29.662531794,local_obstruction_before_drift
rank215_Q1009_exact_power_anchor,exact_power_anchor,215,6,6,3,211,241,65745,284176518368625,65745,1009,prime_block_le_1009,81,148442751793136438533965338087543801190959757888544388980934356724535496789076307693189375411040397120044336213563505967374089274154395172105420265758452993645832585198070632260101329900383144999881739549,467.819803066,147808829414345923316083210206383297601,87.8889830934,0,0,1,65745,368.837281071,87.8889830934,1.01303176132,0.944605842438,1.11925368216,constructed_exact_power_root,14.0568249446,0.333333333333,13.7234916113,C_from_near_power_row_as_positive_control,positive_control_survivor,local_residue_sieve,blocked_unfilled,darmon_granville_ceiling,blocked_unfilled,blocked_unfilled,Z,survivor_kandidat_requires_overlap_check,blocked_unfilled,blocked_unfilled,positive_control_passed,Q_1009,pass_predefined,81,1.52102821507e-05,87.8889830934,1.08504917399,blocked_unfilled,control_class=exact_power_anchor,87.8889830934,positive_control_survivor
rank216_Q1009_actual_near_miss,actual_near_miss,216,6,7,3,149,168,155886,3788099168646456,155886,1009,prime_block_le_1009,81,148442751793136438533965338087543801190959757888544388980934356724535496789076307693189375411040397120044336213563505967374089274154395172105420265758452993645832585198070632260101329900383144999881739549,467.819803066,205891132094649,32.95836866,51,13,0,,422.904554156,32.95836866,1.02881536531,0.770436943236,1.62471435679,none_visible,13.0418580011,0.333333333333,12.7085246678,existing_near_power_csv,local_obstruction_before_drift,local_residue_sieve,blocked_unfilled,darmon_granville_ceiling,blocked_unfilled,blocked_unfilled,Z,residue_only,blocked_unfilled,blocked_unfilled,under_test,Q_1009,pass_predefined,81,0,32.95836866,0.406893440247,blocked_unfilled,control_class=actual_near_miss,32.95836866,local_obstruction_before_drift
rank216_Q1009_random_root_sets,random_root_sets,216,6,7,3,149,168,155886,3788099168646456,155886,1009,prime_block_le_1009,81,148442751793136438533965338087543801190959757888544388980934356724535496789076307693189375411040397120044336213563505967374089274154395172105420265758452993645832585198070632260101329900383144999881739549,467.819803066,205891132094649,32.95836866,51,13,0,,422.904554156,32.95836866,0.997632261895,0.513624628824,1.51343859544,none_visible,13.0418580011,0.333333333333,12.7085246678,deterministic_seeded_random_sets_same_cardinality,local_obstruction_before_drift,local_residue_sieve,blocked_unfilled,darmon_granville_ceiling,blocked_unfilled,blocked_unfilled,Z,residue_only,blocked_unfilled,blocked_unfilled,negative_control_passed,Q_1009,pass_predefined,81,0,32.95836866,0.406893440247,blocked_unfilled,control_class=random_root_sets,32.95836866,local_obstruction_before_drift
rank216_Q1009_exact_power_anchor,exact_power_anchor,216,6,7,3,149,168,155886,3788099168646456,155886,1009,prime_block_le_1009,81,148442751793136438533965338087543801190959757888544388980934356724535496789076307693189375411040397120044336213563505967374089274154395172105420265758452993645832585198070632260101329900383144999881739549,467.819803066,443426488243037769948249630619149892803,88.9875953821,0,0,1,155886,366.875327434,88.9875953821,1.01516763081,0.983428773448,1.10675536396,constructed_exact_power_root,13.0418580011,0.333333333333,12.7085246678,C_from_near_power_row_as_positive_control,positive_control_survivor,local_residue_sieve,blocked_unfilled,darmon_granville_ceiling,blocked_unfilled,blocked_unfilled,Z,survivor_kandidat_requires_overlap_check,blocked_unfilled,blocked_unfilled,positive_control_passed,Q_1009,pass_predefined,81,6.41494425413e-06,88.9875953821,1.09861228867,blocked_unfilled,control_class=exact_power_anchor,88.9875953821,positive_control_survivor
rank217_Q1009_actual_near_miss,actual_near_miss,217,5,7,3,243,92,38402,56631951820808,38402,1009,prime_block_le_1009,81,148442751793136438533965338087543801190959757888544388980934356724535496789076307693189375411040397120044336213563505967374089274154395172105420265758452993645832585198070632260101329900383144999881739549,467.819803066,5559060566555523,36.254205526,47,7,0,,421.009732719,36.254205526,1.1652621777,0,2.61940350329,none_visible,14.7728241131,0.333333333333,14.4394907797,existing_near_power_csv,local_obstruction_before_drift,local_residue_sieve,blocked_unfilled,darmon_granville_ceiling,blocked_unfilled,blocked_unfilled,Z,residue_only,blocked_unfilled,blocked_unfilled,under_test,Q_1009,pass_predefined,81,0,36.254205526,0.447582784272,blocked_unfilled,control_class=actual_near_miss,36.254205526,local_obstruction_before_drift
rank217_Q1009_random_root_sets,random_root_sets,217,5,7,3,243,92,38402,56631951820808,38402,1009,prime_block_le_1009,81,148442751793136438533965338087543801190959757888544388980934356724535496789076307693189375411040397120044336213563505967374089274154395172105420265758452993645832585198070632260101329900383144999881739549,467.819803066,5559060566555523,36.254205526,47,7,0,,421.009732719,36.254205526,0.856062787046,0,2.07802834343,none_visible,14.7728241131,0.333333333333,14.4394907797,deterministic_seeded_random_sets_same_cardinality,local_obstruction_before_drift,local_residue_sieve,blocked_unfilled,darmon_granville_ceiling,blocked_unfilled,blocked_unfilled,Z,residue_only,blocked_unfilled,blocked_unfilled,negative_control_passed,Q_1009,pass_predefined,81,0,36.254205526,0.447582784272,blocked_unfilled,control_class=random_root_sets,36.254205526,local_obstruction_before_drift
rank217_Q1009_exact_power_anchor,exact_power_anchor,217,5,7,3,243,92,38402,56631951820808,38402,1009,prime_block_le_1009,81,148442751793136438533965338087543801190959757888544388980934356724535496789076307693189375411040397120044336213563505967374089274154395172105420265758452993645832585198070632260101329900383144999881739549,467.819803066,16423203268260658146231467800709255289,85.6917585161,0,0,1,38402,371.572179729,85.6917585161,1.00720942871,0.728937728938,1.33279516692,constructed_exact_power_root,14.7728241131,0.333333333333,14.4394907797,C_from_near_power_row_as_positive_control,positive_control_survivor,local_residue_sieve,blocked_unfilled,darmon_granville_ceiling,blocked_unfilled,blocked_unfilled,Z,survivor_kandidat_requires_overlap_check,blocked_unfilled,blocked_unfilled,positive_control_passed,Q_1009,pass_predefined,81,2.60403104005e-05,85.6917585161,1.05792294464,blocked_unfilled,control_class=exact_power_anchor,85.6917585161,positive_control_survivor
rank218_Q1009_actual_near_miss,actual_near_miss,218,6,7,3,203,199,231637,12428645327391853,231637,1009,prime_block_le_1009,81,148442751793136438533965338087543801190959757888544388980934356724535496789076307693189375411040397120044336213563505967374089274154395172105420265758452993645832585198070632260101329900383144999881739549,467.819803066,847288609443,27.4653072167,56,7,0,,428.001569079,27.4653072167,0.945275086386,0.238566281629,1.74742568952,none_visible,12.6237236938,0.333333333333,12.2903903604,existing_near_power_csv,local_obstruction_before_drift,local_residue_sieve,blocked_unfilled,darmon_granville_ceiling,blocked_unfilled,blocked_unfilled,Z,residue_only,blocked_unfilled,blocked_unfilled,under_test,Q_1009,pass_predefined,81,0,27.4653072167,0.339077866873,blocked_unfilled,control_class=actual_near_miss,27.4653072167,local_obstruction_before_drift
rank218_Q1009_random_root_sets,random_root_sets,218,6,7,3,203,199,231637,12428645327391853,231637,1009,prime_block_le_1009,81,148442751793136438533965338087543801190959757888544388980934356724535496789076307693189375411040397120044336213563505967374089274154395172105420265758452993645832585198070632260101329900383144999881739549,467.819803066,847288609443,27.4653072167,56,7,0,,428.001569079,27.4653072167,0.9920247381,0.436856422381,1.28805175531,none_visible,12.6237236938,0.333333333333,12.2903903604,deterministic_seeded_random_sets_same_cardinality,local_obstruction_before_drift,local_residue_sieve,blocked_unfilled,darmon_granville_ceiling,blocked_unfilled,blocked_unfilled,Z,residue_only,blocked_unfilled,blocked_unfilled,negative_control_passed,Q_1009,pass_predefined,81,0,27.4653072167,0.339077866873,blocked_unfilled,control_class=random_root_sets,27.4653072167,local_obstruction_before_drift
rank218_Q1009_exact_power_anchor,exact_power_anchor,218,6,7,3,203,199,231637,12428645327391853,231637,1009,prime_block_le_1009,81,148442751793136438533965338087543801190959757888544388980934356724535496789076307693189375411040397120044336213563505967374089274154395172105420265758452993645832585198070632260101329900383144999881739549,467.819803066,147808829414345923316083210206383297601,87.8889830934,0,0,1,231637,367.577893202,87.8889830934,1.00330340064,0.966777040513,1.03244444253,constructed_exact_power_root,12.6237236938,0.333333333333,12.2903903604,C_from_near_power_row_as_positive_control,positive_control_survivor,local_residue_sieve,blocked_unfilled,darmon_granville_ceiling,blocked_unfilled,blocked_unfilled,Z,survivor_kandidat_requires_overlap_check,blocked_unfilled,blocked_unfilled,positive_control_passed,Q_1009,pass_predefined,81,4.3170995998e-06,87.8889830934,1.08504917399,blocked_unfilled,control_class=exact_power_anchor,87.8889830934,positive_control_survivor
rank219_Q1009_actual_near_miss,actual_near_miss,219,6,7,4,140,103,3380,130516915360000,3380,1009,prime_block_le_1009,168,9883326855402037591071935385995119237769544071052336268948774388464692156613644748904309606814293831245297812573737471660766117746371102064423456768885161432286497987467827050297144528442873088837053363555505746083646800378861291436855041666704610624315412063093301501729007973506838237506477051903879849849069942384994070557970314845526910370320580570131817760395064723644436433536440921569283170173653219381073021595,962.46883296,38685626227668133590597632,58.9175103476,103,3,0,,895.425691624,58.9175103476,0.993541974852,0,2.89963017751,none_visible,29.6121259483,0.25,29.3621259483,existing_near_power_csv,local_obstruction_before_drift,local_residue_sieve,blocked_unfilled,darmon_granville_ceiling,blocked_unfilled,blocked_unfilled,Z,residue_only,blocked_unfilled,blocked_unfilled,under_test,Q_1009,pass_predefined,168,0,58.9175103476,0.350699466355,blocked_unfilled,control_class=actual_near_miss,58.9175103476,local_obstruction_before_drift
rank219_Q1009_random_root_sets,random_root_sets,219,6,7,4,140,103,3380,130516915360000,3380,1009,prime_block_le_1009,168,9883326855402037591071935385995119237769544071052336268948774388464692156613644748904309606814293831245297812573737471660766117746371102064423456768885161432286497987467827050297144528442873088837053363555505746083646800378861291436855041666704610624315412063093301501729007973506838237506477051903879849849069942384994070557970314845526910370320580570131817760395064723644436433536440921569283170173653219381073021595,962.46883296,38685626227668133590597632,58.9175103476,103,3,0,,895.425691624,58.9175103476,0.699052329882,0,1.27965976331,none_visible,29.6121259483,0.25,29.3621259483,deterministic_seeded_random_sets_same_cardinality,local_obstruction_before_drift,local_residue_sieve,blocked_unfilled,darmon_granville_ceiling,blocked_unfilled,blocked_unfilled,Z,residue_only,blocked_unfilled,blocked_unfilled,negative_control_passed,Q_1009,pass_predefined,168,0,58.9175103476,0.350699466355,blocked_unfilled,control_class=random_root_sets,58.9175103476,local_obstruction_before_drift
rank219_Q1009_exact_power_anchor,exact_power_anchor,219,6,7,4,140,103,3380,130516915360000,3380,1009,prime_block_le_1009,168,9883326855402037591071935385995119237769544071052336268948774388464692156613644748904309606814293831245297812573737471660766117746371102064423456768885161432286497987467827050297144528442873088837053363555505746083646800378861291436855041666704610624315412063093301501729007973506838237506477051903879849849069942384994070557970314845526910370320580570131817760395064723644436433536440921569283170173653219381073021595,962.46883296,56539106072908298546665520023773392506479484700019806659891398441363832832,169.821059237,0,0,1,3380,784.522142734,169.821059237,1.0604097325,0.755732248521,1.4549556213,constructed_exact_power_root,29.6121259483,0.25,29.3621259483,C_from_near_power_row_as_positive_control,positive_control_survivor,local_residue_sieve,blocked_unfilled,darmon_granville_ceiling,blocked_unfilled,blocked_unfilled,Z,survivor_kandidat_requires_overlap_check,blocked_unfilled,blocked_unfilled,positive_control_passed,Q_1009,pass_predefined,168,0.000295857988166,169.821059237,1.01083963832,blocked_unfilled,control_class=exact_power_anchor,169.821059237,positive_control_survivor
rank220_Q1009_actual_near_miss,actual_near_miss,220,7,7,3,143,236,347594,41996859349860584,347594,1009,prime_block_le_1009,81,148442751793136438533965338087543801190959757888544388980934356724535496789076307693189375411040397120044336213563505967374089274154395172105420265758452993645832585198070632260101329900383144999881739549,467.819803066,5559060566555523,36.254205526,47,13,0,,418.806807129,36.254205526,0.976731873648,0.749036391755,1.11280114156,none_visible,12.2221565942,0.333333333333,11.8888232608,existing_near_power_csv,local_obstruction_before_drift,local_residue_sieve,blocked_unfilled,darmon_granville_ceiling,blocked_unfilled,blocked_unfilled,Z,residue_only,blocked_unfilled,blocked_unfilled,under_test,Q_1009,pass_predefined,81,0,36.254205526,0.447582784272,blocked_unfilled,control_class=actual_near_miss,36.254205526,local_obstruction_before_drift
rank220_Q1009_random_root_sets,random_root_sets,220,7,7,3,143,236,347594,41996859349860584,347594,1009,prime_block_le_1009,81,148442751793136438533965338087543801190959757888544388980934356724535496789076307693189375411040397120044336213563505967374089274154395172105420265758452993645832585198070632260101329900383144999881739549,467.819803066,5559060566555523,36.254205526,47,13,0,,418.806807129,36.254205526,0.998783702314,0.891908375864,1.11280114156,none_visible,12.2221565942,0.333333333333,11.8888232608,deterministic_seeded_random_sets_same_cardinality,local_obstruction_before_drift,local_residue_sieve,blocked_unfilled,darmon_granville_ceiling,blocked_unfilled,blocked_unfilled,Z,residue_only,blocked_unfilled,blocked_unfilled,negative_control_passed,Q_1009,pass_predefined,81,0,36.254205526,0.447582784272,blocked_unfilled,control_class=random_root_sets,36.254205526,local_obstruction_before_drift
rank220_Q1009_exact_power_anchor,exact_power_anchor,220,7,7,3,143,236,347594,41996859349860584,347594,1009,prime_block_le_1009,81,148442751793136438533965338087543801190959757888544388980934356724535496789076307693189375411040397120044336213563505967374089274154395172105420265758452993645832585198070632260101329900383144999881739549,467.819803066,147808829414345923316083210206383297601,87.8889830934,0,0,1,347594,367.172029561,87.8889830934,1.00262140654,0.992734499317,1.01333004725,constructed_exact_power_root,12.2221565942,0.333333333333,11.8888232608,C_from_near_power_row_as_positive_control,positive_control_survivor,local_residue_sieve,blocked_unfilled,darmon_granville_ceiling,blocked_unfilled,blocked_unfilled,Z,survivor_kandidat_requires_overlap_check,blocked_unfilled,blocked_unfilled,positive_control_passed,Q_1009,pass_predefined,81,2.87691962462e-06,87.8889830934,1.08504917399,blocked_unfilled,control_class=exact_power_anchor,87.8889830934,positive_control_survivor
rank221_Q1009_actual_near_miss,actual_near_miss,221,6,7,3,200,171,163108,4339361060955712,163108,1009,prime_block_le_1009,81,148442751793136438533965338087543801190959757888544388980934356724535496789076307693189375411040397120044336213563505967374089274154395172105420265758452993645832585198070632260101329900383144999881739549,467.819803066,10460353203,23.070858062,60,7,0,,432.746777167,23.070858062,1.09430305891,0.647148583215,1.72753226901,none_visible,12.9926473677,0.333333333333,12.6593140344,existing_near_power_csv,local_obstruction_before_drift,local_residue_sieve,blocked_unfilled,darmon_granville_ceiling,blocked_unfilled,blocked_unfilled,Z,residue_only,blocked_unfilled,blocked_unfilled,under_test,Q_1009,pass_predefined,81,0,23.070858062,0.284825408173,blocked_unfilled,control_class=actual_near_miss,23.070858062,local_obstruction_before_drift
rank221_Q1009_random_root_sets,random_root_sets,221,6,7,3,200,171,163108,4339361060955712,163108,1009,prime_block_le_1009,81,148442751793136438533965338087543801190959757888544388980934356724535496789076307693189375411040397120044336213563505967374089274154395172105420265758452993645832585198070632260101329900383144999881739549,467.819803066,10460353203,23.070858062,60,7,0,,432.746777167,23.070858062,0.797211322832,0,1.45608431223,none_visible,12.9926473677,0.333333333333,12.6593140344,deterministic_seeded_random_sets_same_cardinality,local_obstruction_before_drift,local_residue_sieve,blocked_unfilled,darmon_granville_ceiling,blocked_unfilled,blocked_unfilled,Z,residue_only,blocked_unfilled,blocked_unfilled,negative_control_passed,Q_1009,pass_predefined,81,0,23.070858062,0.284825408173,blocked_unfilled,control_class=random_root_sets,23.070858062,local_obstruction_before_drift
rank221_Q1009_exact_power_anchor,exact_power_anchor,221,6,7,3,200,171,163108,4339361060955712,163108,1009,prime_block_le_1009,81,148442751793136438533965338087543801190959757888544388980934356724535496789076307693189375411040397120044336213563505967374089274154395172105420265758452993645832585198070632260101329900383144999881739549,467.819803066,147808829414345923316083210206383297601,87.8889830934,0,0,1,163108,367.928652135,87.8889830934,1.00293315654,0.939885093176,1.04653222269,constructed_exact_power_root,12.9926473677,0.333333333333,12.6593140344,C_from_near_power_row_as_positive_control,positive_control_survivor,local_residue_sieve,blocked_unfilled,darmon_granville_ceiling,blocked_unfilled,blocked_unfilled,Z,survivor_kandidat_requires_overlap_check,blocked_unfilled,blocked_unfilled,positive_control_passed,Q_1009,pass_predefined,81,6.13090712902e-06,87.8889830934,1.08504917399,blocked_unfilled,control_class=exact_power_anchor,87.8889830934,positive_control_survivor
rank222_Q1009_actual_near_miss,actual_near_miss,222,7,7,3,95,164,148287,3260687939475903,148287,1009,prime_block_le_1009,81,148442751793136438533965338087543801190959757888544388980934356724535496789076307693189375411040397120044336213563505967374089274154395172105420265758452993645832585198070632260101329900383144999881739549,467.819803066,282429536481,26.366694928,55,13,0,,429.546203274,26.366694928,1.08829352814,0,1.70392399723,none_visible,13.0965969859,0.333333333333,12.7632636526,existing_near_power_csv,local_obstruction_before_drift,local_residue_sieve,blocked_unfilled,darmon_granville_ceiling,blocked_unfilled,blocked_unfilled,Z,residue_only,blocked_unfilled,blocked_unfilled,under_test,Q_1009,pass_predefined,81,0,26.366694928,0.325514752198,blocked_unfilled,control_class=actual_near_miss,26.366694928,local_obstruction_before_drift
rank222_Q1009_random_root_sets,random_root_sets,222,7,7,3,95,164,148287,3260687939475903,148287,1009,prime_block_le_1009,81,148442751793136438533965338087543801190959757888544388980934356724535496789076307693189375411040397120044336213563505967374089274154395172105420265758452993645832585198070632260101329900383144999881739549,467.819803066,282429536481,26.366694928,55,13,0,,429.546203274,26.366694928,0.925417183994,0,1.85984161345,none_visible,13.0965969859,0.333333333333,12.7632636526,deterministic_seeded_random_sets_same_cardinality,local_obstruction_before_drift,local_residue_sieve,blocked_unfilled,darmon_granville_ceiling,blocked_unfilled,blocked_unfilled,Z,residue_only,blocked_unfilled,blocked_unfilled,negative_control_passed,Q_1009,pass_predefined,81,0,26.366694928,0.325514752198,blocked_unfilled,control_class=random_root_sets,26.366694928,local_obstruction_before_drift
rank222_Q1009_exact_power_anchor,exact_power_anchor,222,7,7,3,95,164,148287,3260687939475903,148287,1009,prime_block_le_1009,81,148442751793136438533965338087543801190959757888544388980934356724535496789076307693189375411040397120044336213563505967374089274154395172105420265758452993645832585198070632260101329900383144999881739549,467.819803066,443426488243037769948249630619149892803,88.9875953821,0,0,1,148287,366.92530282,88.9875953821,1.00630699502,0.939588620565,1.0470086911,constructed_exact_power_root,13.0965969859,0.333333333333,12.7632636526,C_from_near_power_row_as_positive_control,positive_control_survivor,local_residue_sieve,blocked_unfilled,darmon_granville_ceiling,blocked_unfilled,blocked_unfilled,Z,survivor_kandidat_requires_overlap_check,blocked_unfilled,blocked_unfilled,positive_control_passed,Q_1009,pass_predefined,81,6.7436794864e-06,88.9875953821,1.09861228867,blocked_unfilled,control_class=exact_power_anchor,88.9875953821,positive_control_survivor
rank223_Q1009_actual_near_miss,actual_near_miss,223,6,7,3,244,149,122571,1841463809175411,122571,1009,prime_block_le_1009,81,148442751793136438533965338087543801190959757888544388980934356724535496789076307693189375411040397120044336213563505967374089274154395172105420265758452993645832585198070632260101329900383144999881739549,467.819803066,94143178827,25.2680826394,58,7,0,,430.835274694,25.2680826394,1.04184818381,0.343970252162,2.40647733423,none_visible,13.3094914542,0.333333333333,12.9761581208,existing_near_power_csv,local_obstruction_before_drift,local_residue_sieve,blocked_unfilled,darmon_granville_ceiling,blocked_unfilled,blocked_unfilled,Z,residue_only,blocked_unfilled,blocked_unfilled,under_test,Q_1009,pass_predefined,81,0,25.2680826394,0.311951637523,blocked_unfilled,control_class=actual_near_miss,25.2680826394,local_obstruction_before_drift
rank223_Q1009_random_root_sets,random_root_sets,223,6,7,3,244,149,122571,1841463809175411,122571,1009,prime_block_le_1009,81,148442751793136438533965338087543801190959757888544388980934356724535496789076307693189375411040397120044336213563505967374089274154395172105420265758452993645832585198070632260101329900383144999881739549,467.819803066,94143178827,25.2680826394,58,7,0,,430.835274694,25.2680826394,1.10370559088,0.581412677822,2.70028980935,none_visible,13.3094914542,0.333333333333,12.9761581208,deterministic_seeded_random_sets_same_cardinality,local_obstruction_before_drift,local_residue_sieve,blocked_unfilled,darmon_granville_ceiling,blocked_unfilled,blocked_unfilled,Z,residue_only,blocked_unfilled,blocked_unfilled,negative_control_passed,Q_1009,pass_predefined,81,0,25.2680826394,0.311951637523,blocked_unfilled,control_class=random_root_sets,25.2680826394,local_obstruction_before_drift
rank223_Q1009_exact_power_anchor,exact_power_anchor,223,6,7,3,244,149,122571,1841463809175411,122571,1009,prime_block_le_1009,81,148442751793136438533965338087543801190959757888544388980934356724535496789076307693189375411040397120044336213563505967374089274154395172105420265758452993645832585198070632260101329900383144999881739549,467.819803066,443426488243037769948249630619149892803,88.9875953821,0,0,1,122571,367.115761951,88.9875953821,1.01099619661,0.972141316733,1.10899714361,constructed_exact_power_root,13.3094914542,0.333333333333,12.9761581208,C_from_near_power_row_as_positive_control,positive_control_survivor,local_residue_sieve,blocked_unfilled,darmon_granville_ceiling,blocked_unfilled,blocked_unfilled,Z,survivor_kandidat_requires_overlap_check,blocked_unfilled,blocked_unfilled,positive_control_passed,Q_1009,pass_predefined,81,8.15853668486e-06,88.9875953821,1.09861228867,blocked_unfilled,control_class=exact_power_anchor,88.9875953821,positive_control_survivor
rank224_Q1009_actual_near_miss,actual_near_miss,224,7,7,3,71,106,54227,159458155395083,54227,1009,prime_block_le_1009,81,148442751793136438533965338087543801190959757888544388980934356724535496789076307693189375411040397120044336213563505967374089274154395172105420265758452993645832585198070632260101329900383144999881739549,467.819803066,16677181699666569,37.3528178147,46,7,0,,419.566051033,37.3528178147,1.00549703954,0,2.36697381173,none_visible,14.3051899251,0.333333333333,13.9718565918,existing_near_power_csv,local_obstruction_before_drift,local_residue_sieve,blocked_unfilled,darmon_granville_ceiling,blocked_unfilled,blocked_unfilled,Z,residue_only,blocked_unfilled,blocked_unfilled,under_test,Q_1009,pass_predefined,81,0,37.3528178147,0.461145898947,blocked_unfilled,control_class=actual_near_miss,37.3528178147,local_obstruction_before_drift
rank224_Q1009_random_root_sets,random_root_sets,224,7,7,3,71,106,54227,159458155395083,54227,1009,prime_block_le_1009,81,148442751793136438533965338087543801190959757888544388980934356724535496789076307693189375411040397120044336213563505967374089274154395172105420265758452993645832585198070632260101329900383144999881739549,467.819803066,16677181699666569,37.3528178147,46,7,0,,419.566051033,37.3528178147,0.999272775828,0,2.13896726313,none_visible,14.3051899251,0.333333333333,13.9718565918,deterministic_seeded_random_sets_same_cardinality,local_obstruction_before_drift,local_residue_sieve,blocked_unfilled,darmon_granville_ceiling,blocked_unfilled,blocked_unfilled,Z,residue_only,blocked_unfilled,blocked_unfilled,negative_control_passed,Q_1009,pass_predefined,81,0,37.3528178147,0.461145898947,blocked_unfilled,control_class=random_root_sets,37.3528178147,local_obstruction_before_drift
rank224_Q1009_exact_power_anchor,exact_power_anchor,224,7,7,3,71,106,54227,159458155395083,54227,1009,prime_block_le_1009,81,148442751793136438533965338087543801190959757888544388980934356724535496789076307693189375411040397120044336213563505967374089274154395172105420265758452993645832585198070632260101329900383144999881739549,467.819803066,147808829414345923316083210206383297601,87.8889830934,0,0,1,54227,369.029885754,87.8889830934,1.00352803612,0.903135584364,1.15693904021,constructed_exact_power_root,14.3051899251,0.333333333333,13.9718565918,C_from_near_power_row_as_positive_control,positive_control_survivor,local_residue_sieve,blocked_unfilled,darmon_granville_ceiling,blocked_unfilled,blocked_unfilled,Z,survivor_kandidat_requires_overlap_check,blocked_unfilled,blocked_unfilled,positive_control_passed,Q_1009,pass_predefined,81,1.84409980268e-05,87.8889830934,1.08504917399,blocked_unfilled,control_class=exact_power_anchor,87.8889830934,positive_control_survivor
rank225_Q1009_actual_near_miss,actual_near_miss,225,6,6,3,169,185,39872,63387563982848,39872,1009,prime_block_le_1009,81,148442751793136438533965338087543801190959757888544388980934356724535496789076307693189375411040397120044336213563505967374089274154395172105420265758452993645832585198070632260101329900383144999881739549,467.819803066,282429536481,26.366694928,56,7,0,,430.859678536,26.366694928,0.990599548184,0,3.80254035135,none_visible,14.7204390091,0.333333333333,14.3871056757,existing_near_power_csv,local_obstruction_before_drift,local_residue_sieve,blocked_unfilled,darmon_granville_ceiling,blocked_unfilled,blocked_unfilled,Z,residue_only,blocked_unfilled,blocked_unfilled,under_test,Q_1009,pass_predefined,81,0,26.366694928,0.325514752198,blocked_unfilled,control_class=actual_near_miss,26.366694928,local_obstruction_before_drift
rank225_Q1009_random_root_sets,random_root_sets,225,6,6,3,169,185,39872,63387563982848,39872,1009,prime_block_le_1009,81,148442751793136438533965338087543801190959757888544388980934356724535496789076307693189375411040397120044336213563505967374089274154395172105420265758452993645832585198070632260101329900383144999881739549,467.819803066,282429536481,26.366694928,56,7,0,,430.859678536,26.366694928,0.648211893801,0,1.83223537542,none_visible,14.7204390091,0.333333333333,14.3871056757,deterministic_seeded_random_sets_same_cardinality,local_obstruction_before_drift,local_residue_sieve,blocked_unfilled,darmon_granville_ceiling,blocked_unfilled,blocked_unfilled,Z,residue_only,blocked_unfilled,blocked_unfilled,negative_control_passed,Q_1009,pass_predefined,81,0,26.366694928,0.325514752198,blocked_unfilled,control_class=random_root_sets,26.366694928,local_obstruction_before_drift
rank225_Q1009_exact_power_anchor,exact_power_anchor,225,6,6,3,169,185,39872,63387563982848,39872,1009,prime_block_le_1009,81,148442751793136438533965338087543801190959757888544388980934356724535496789076307693189375411040397120044336213563505967374089274154395172105420265758452993645832585198070632260101329900383144999881739549,467.819803066,147808829414345923316083210206383297601,87.8889830934,0,0,1,39872,369.33739037,87.8889830934,0.981336573331,0.784457486178,1.16817148208,constructed_exact_power_root,14.7204390091,0.333333333333,14.3871056757,C_from_near_power_row_as_positive_control,positive_control_survivor,local_residue_sieve,blocked_unfilled,darmon_granville_ceiling,blocked_unfilled,blocked_unfilled,Z,survivor_kandidat_requires_overlap_check,blocked_unfilled,blocked_unfilled,positive_control_passed,Q_1009,pass_predefined,81,2.50802568218e-05,87.8889830934,1.08504917399,blocked_unfilled,control_class=exact_power_anchor,87.8889830934,positive_control_survivor
rank226_Q1009_actual_near_miss,actual_near_miss,226,7,7,3,118,175,174844,5345055272603584,174844,1009,prime_block_le_1009,81,148442751793136438533965338087543801190959757888544388980934356724535496789076307693189375411040397120044336213563505967374089274154395172105420265758452993645832585198070632260101329900383144999881739549,467.819803066,205891132094649,32.95836866,51,31,0,,422.789784979,32.95836866,1.00090323904,0.307901774026,2.06541068991,none_visible,12.9178647294,0.333333333333,12.584531396,existing_near_power_csv,local_obstruction_before_drift,local_residue_sieve,blocked_unfilled,darmon_granville_ceiling,blocked_unfilled,blocked_unfilled,Z,residue_only,blocked_unfilled,blocked_unfilled,under_test,Q_1009,pass_predefined,81,0,32.95836866,0.406893440247,blocked_unfilled,control_class=actual_near_miss,32.95836866,local_obstruction_before_drift
rank226_Q1009_random_root_sets,random_root_sets,226,7,7,3,118,175,174844,5345055272603584,174844,1009,prime_block_le_1009,81,148442751793136438533965338087543801190959757888544388980934356724535496789076307693189375411040397120044336213563505967374089274154395172105420265758452993645832585198070632260101329900383144999881739549,467.819803066,205891132094649,32.95836866,51,31,0,,422.789784979,32.95836866,1.0409132702,0.68847022997,1.85539172697,none_visible,12.9178647294,0.333333333333,12.584531396,deterministic_seeded_random_sets_same_cardinality,local_obstruction_before_drift,local_residue_sieve,blocked_unfilled,darmon_granville_ceiling,blocked_unfilled,blocked_unfilled,Z,residue_only,blocked_unfilled,blocked_unfilled,negative_control_passed,Q_1009,pass_predefined,81,0,32.95836866,0.406893440247,blocked_unfilled,control_class=random_root_sets,32.95836866,local_obstruction_before_drift
rank226_Q1009_exact_power_anchor,exact_power_anchor,226,7,7,3,118,175,174844,5345055272603584,174844,1009,prime_block_le_1009,81,148442751793136438533965338087543801190959757888544388980934356724535496789076307693189375411040397120044336213563505967374089274154395172105420265758452993645832585198070632260101329900383144999881739549,467.819803066,443426488243037769948249630619149892803,88.9875953821,0,0,1,174844,366.760558257,88.9875953821,1.00519166504,0.987029707752,1.03847747452,constructed_exact_power_root,12.9178647294,0.333333333333,12.584531396,C_from_near_power_row_as_positive_control,positive_control_survivor,local_residue_sieve,blocked_unfilled,darmon_granville_ceiling,blocked_unfilled,blocked_unfilled,Z,survivor_kandidat_requires_overlap_check,blocked_unfilled,blocked_unfilled,positive_control_passed,Q_1009,pass_predefined,81,5.71938413672e-06,88.9875953821,1.09861228867,blocked_unfilled,control_class=exact_power_anchor,88.9875953821,positive_control_survivor
rank227_Q1009_actual_near_miss,actual_near_miss,227,7,7,3,93,212,268268,19306636261744832,268268,1009,prime_block_le_1009,81,148442751793136438533965338087543801190959757888544388980934356724535496789076307693189375411040397120044336213563505967374089274154395172105420265758452993645832585198070632260101329900383144999881739549,467.819803066,2541865828329,28.5639195054,54,7,0,,426.756141801,28.5639195054,1.07108107481,0.785795879079,2.17958409749,none_visible,12.4754524815,0.333333333333,12.1421191481,existing_near_power_csv,local_obstruction_before_drift,local_residue_sieve,blocked_unfilled,darmon_granville_ceiling,blocked_unfilled,blocked_unfilled,Z,residue_only,blocked_unfilled,blocked_unfilled,under_test,Q_1009,pass_predefined,81,0,28.5639195054,0.352640981548,blocked_unfilled,control_class=actual_near_miss,28.5639195054,local_obstruction_before_drift
rank227_Q1009_random_root_sets,random_root_sets,227,7,7,3,93,212,268268,19306636261744832,268268,1009,prime_block_le_1009,81,148442751793136438533965338087543801190959757888544388980934356724535496789076307693189375411040397120044336213563505967374089274154395172105420265758452993645832585198070632260101329900383144999881739549,467.819803066,2541865828329,28.5639195054,54,7,0,,426.756141801,28.5639195054,0.976061010576,0.363264016249,1.20441954397,none_visible,12.4754524815,0.333333333333,12.1421191481,deterministic_seeded_random_sets_same_cardinality,local_obstruction_before_drift,local_residue_sieve,blocked_unfilled,darmon_granville_ceiling,blocked_unfilled,blocked_unfilled,Z,residue_only,blocked_unfilled,blocked_unfilled,negative_control_passed,Q_1009,pass_predefined,81,0,28.5639195054,0.352640981548,blocked_unfilled,control_class=random_root_sets,28.5639195054,local_obstruction_before_drift
rank227_Q1009_exact_power_anchor,exact_power_anchor,227,7,7,3,93,212,268268,19306636261744832,268268,1009,prime_block_le_1009,81,148442751793136438533965338087543801190959757888544388980934356724535496789076307693189375411040397120044336213563505967374089274154395172105420265758452993645832585198070632260101329900383144999881739549,467.819803066,16423203268260658146231467800709255289,85.6917585161,0,0,1,268268,369.62830279,85.6917585161,1.00623317741,0.991286077107,1.03288461124,constructed_exact_power_root,12.4754524815,0.333333333333,12.1421191481,C_from_near_power_row_as_positive_control,positive_control_survivor,local_residue_sieve,blocked_unfilled,darmon_granville_ceiling,blocked_unfilled,blocked_unfilled,Z,survivor_kandidat_requires_overlap_check,blocked_unfilled,blocked_unfilled,positive_control_passed,Q_1009,pass_predefined,81,3.72761566791e-06,85.6917585161,1.05792294464,blocked_unfilled,control_class=exact_power_anchor,85.6917585161,positive_control_survivor
rank228_Q1009_actual_near_miss,actual_near_miss,228,7,7,3,110,183,191911,7068049873791031,191911,1009,prime_block_le_1009,81,148442751793136438533965338087543801190959757888544388980934356724535496789076307693189375411040397120044336213563505967374089274154395172105420265758452993645832585198070632260101329900383144999881739549,467.819803066,617673396283947,34.0569809487,50,19,0,,421.598035115,34.0569809487,0.985107318265,0.257557467321,1.30520397476,none_visible,12.8189613457,0.333333333333,12.4856280123,existing_near_power_csv,local_obstruction_before_drift,local_residue_sieve,blocked_unfilled,darmon_granville_ceiling,blocked_unfilled,blocked_unfilled,Z,residue_only,blocked_unfilled,blocked_unfilled,under_test,Q_1009,pass_predefined,81,0,34.0569809487,0.420456554922,blocked_unfilled,control_class=actual_near_miss,34.0569809487,local_obstruction_before_drift
rank228_Q1009_random_root_sets,random_root_sets,228,7,7,3,110,183,191911,7068049873791031,191911,1009,prime_block_le_1009,81,148442751793136438533965338087543801190959757888544388980934356724535496789076307693189375411040397120044336213563505967374089274154395172105420265758452993645832585198070632260101329900383144999881739549,467.819803066,617673396283947,34.0569809487,50,19,0,,421.598035115,34.0569809487,1.00537083451,0.775542366572,1.13070063148,none_visible,12.8189613457,0.333333333333,12.4856280123,deterministic_seeded_random_sets_same_cardinality,local_obstruction_before_drift,local_residue_sieve,blocked_unfilled,darmon_granville_ceiling,blocked_unfilled,blocked_unfilled,Z,residue_only,blocked_unfilled,blocked_unfilled,negative_control_passed,Q_1009,pass_predefined,81,0,34.0569809487,0.420456554922,blocked_unfilled,control_class=random_root_sets,34.0569809487,local_obstruction_before_drift
rank228_Q1009_exact_power_anchor,exact_power_anchor,228,7,7,3,110,183,191911,7068049873791031,191911,1009,prime_block_le_1009,81,148442751793136438533965338087543801190959757888544388980934356724535496789076307693189375411040397120044336213563505967374089274154395172105420265758452993645832585198070632260101329900383144999881739549,467.819803066,443426488243037769948249630619149892803,88.9875953821,0,0,1,191911,366.667420682,88.9875953821,1.00635549716,0.950585890798,1.08639826679,constructed_exact_power_root,12.8189613457,0.333333333333,12.4856280123,C_from_near_power_row_as_positive_control,positive_control_survivor,local_residue_sieve,blocked_unfilled,darmon_granville_ceiling,blocked_unfilled,blocked_unfilled,Z,survivor_kandidat_requires_overlap_check,blocked_unfilled,blocked_unfilled,positive_control_passed,Q_1009,pass_predefined,81,5.21074873249e-06,88.9875953821,1.09861228867,blocked_unfilled,control_class=exact_power_anchor,88.9875953821,positive_control_survivor
rank229_Q1009_actual_near_miss,actual_near_miss,229,6,7,3,187,222,298577,26617609554626033,298577,1009,prime_block_le_1009,81,148442751793136438533965338087543801190959757888544388980934356724535496789076307693189375411040397120044336213563505967374089274154395172105420265758452993645832585198070632260101329900383144999881739549,467.819803066,7625597484987,29.662531794,52,19,0,,425.550488137,29.662531794,0.95685640493,0.282263685563,1.16281636637,none_visible,12.3695262055,0.333333333333,12.0361928722,existing_near_power_csv,local_obstruction_before_drift,local_residue_sieve,blocked_unfilled,darmon_granville_ceiling,blocked_unfilled,blocked_unfilled,Z,residue_only,blocked_unfilled,blocked_unfilled,under_test,Q_1009,pass_predefined,81,0,29.662531794,0.366204096223,blocked_unfilled,control_class=actual_near_miss,29.662531794,local_obstruction_before_drift
rank229_Q1009_random_root_sets,random_root_sets,229,6,7,3,187,222,298577,26617609554626033,298577,1009,prime_block_le_1009,81,148442751793136438533965338087543801190959757888544388980934356724535496789076307693189375411040397120044336213563505967374089274154395172105420265758452993645832585198070632260101329900383144999881739549,467.819803066,7625597484987,29.662531794,52,19,0,,425.550488137,29.662531794,1.00547557122,0.475036218091,1.55548708262,none_visible,12.3695262055,0.333333333333,12.0361928722,deterministic_seeded_random_sets_same_cardinality,local_obstruction_before_drift,local_residue_sieve,blocked_unfilled,darmon_granville_ceiling,blocked_unfilled,blocked_unfilled,Z,residue_only,blocked_unfilled,blocked_unfilled,negative_control_passed,Q_1009,pass_predefined,81,0,29.662531794,0.366204096223,blocked_unfilled,control_class=random_root_sets,29.662531794,local_obstruction_before_drift
rank229_Q1009_exact_power_anchor,exact_power_anchor,229,6,7,3,187,222,298577,26617609554626033,298577,1009,prime_block_le_1009,81,148442751793136438533965338087543801190959757888544388980934356724535496789076307693189375411040397120044336213563505967374089274154395172105420265758452993645832585198070632260101329900383144999881739549,467.819803066,147808829414345923316083210206383297601,87.8889830934,0,0,1,298577,367.324036837,87.8889830934,1.00311789105,0.9691961091,1.03309550151,constructed_exact_power_root,12.3695262055,0.333333333333,12.0361928722,C_from_near_power_row_as_positive_control,positive_control_survivor,local_residue_sieve,blocked_unfilled,darmon_granville_ceiling,blocked_unfilled,blocked_unfilled,Z,survivor_kandidat_requires_overlap_check,blocked_unfilled,blocked_unfilled,positive_control_passed,Q_1009,pass_predefined,81,3.34921979925e-06,87.8889830934,1.08504917399,blocked_unfilled,control_class=exact_power_anchor,87.8889830934,positive_control_survivor
rank230_Q1009_actual_near_miss,actual_near_miss,230,7,7,3,157,180,203870,8473444100603000,203870,1009,prime_block_le_1009,81,148442751793136438533965338087543801190959757888544388980934356724535496789076307693189375411040397120044336213563505967374089274154395172105420265758452993645832585198070632260101329900383144999881739549,467.819803066,150094635296999121,39.5500423921,43,13,0,,416.044522859,39.5500423921,1.00229875974,0.80641530823,1.21271888949,none_visible,12.755574715,0.333333333333,12.4222413817,existing_near_power_csv,local_obstruction_before_drift,local_residue_sieve,blocked_unfilled,darmon_granville_ceiling,blocked_unfilled,blocked_unfilled,Z,residue_only,blocked_unfilled,blocked_unfilled,under_test,Q_1009,pass_predefined,81,0,39.5500423921,0.488272128297,blocked_unfilled,control_class=actual_near_miss,39.5500423921,local_obstruction_before_drift
rank230_Q1009_random_root_sets,random_root_sets,230,7,7,3,157,180,203870,8473444100603000,203870,1009,prime_block_le_1009,81,148442751793136438533965338087543801190959757888544388980934356724535496789076307693189375411040397120044336213563505967374089274154395172105420265758452993645832585198070632260101329900383144999881739549,467.819803066,150094635296999121,39.5500423921,43,13,0,,416.044522859,39.5500423921,0.996277629717,0.80641530823,1.09374437959,none_visible,12.755574715,0.333333333333,12.4222413817,deterministic_seeded_random_sets_same_cardinality,local_obstruction_before_drift,local_residue_sieve,blocked_unfilled,darmon_granville_ceiling,blocked_unfilled,blocked_unfilled,Z,residue_only,blocked_unfilled,blocked_unfilled,negative_control_passed,Q_1009,pass_predefined,81,0,39.5500423921,0.488272128297,blocked_unfilled,control_class=random_root_sets,39.5500423921,local_obstruction_before_drift
rank230_Q1009_exact_power_anchor,exact_power_anchor,230,7,7,3,157,180,203870,8473444100603000,203870,1009,prime_block_le_1009,81,148442751793136438533965338087543801190959757888544388980934356724535496789076307693189375411040397120044336213563505967374089274154395172105420265758452993645832585198070632260101329900383144999881739549,467.819803066,49269609804781974438694403402127765867,86.7903708048,0,0,1,203870,368.804194446,86.7903708048,1.00691113073,0.990261223111,1.05274875602,constructed_exact_power_root,12.755574715,0.333333333333,12.4222413817,C_from_near_power_row_as_positive_control,positive_control_survivor,local_residue_sieve,blocked_unfilled,darmon_granville_ceiling,blocked_unfilled,blocked_unfilled,Z,survivor_kandidat_requires_overlap_check,blocked_unfilled,blocked_unfilled,positive_control_passed,Q_1009,pass_predefined,81,4.90508657478e-06,86.7903708048,1.07148605932,blocked_unfilled,control_class=exact_power_anchor,86.7903708048,positive_control_survivor
rank231_Q1009_actual_near_miss,actual_near_miss,231,7,7,3,185,216,308475,29353501784671875,308475,1009,prime_block_le_1009,81,148442751793136438533965338087543801190959757888544388980934356724535496789076307693189375411040397120044336213563505967374089274154395172105420265758452993645832585198070632260101329900383144999881739549,467.819803066,847288609443,27.4653072167,56,7,0,,427.715099767,27.4653072167,1.00769364226,0.708817030013,1.68472971878,none_visible,12.3376095936,0.333333333333,12.0042762602,existing_near_power_csv,local_obstruction_before_drift,local_residue_sieve,blocked_unfilled,darmon_granville_ceiling,blocked_unfilled,blocked_unfilled,Z,residue_only,blocked_unfilled,blocked_unfilled,under_test,Q_1009,pass_predefined,81,0,27.4653072167,0.339077866873,blocked_unfilled,control_class=actual_near_miss,27.4653072167,local_obstruction_before_drift
rank231_Q1009_random_root_sets,random_root_sets,231,7,7,3,185,216,308475,29353501784671875,308475,1009,prime_block_le_1009,81,148442751793136438533965338087543801190959757888544388980934356724535496789076307693189375411040397120044336213563505967374089274154395172105420265758452993645832585198070632260101329900383144999881739549,467.819803066,847288609443,27.4653072167,56,7,0,,427.715099767,27.4653072167,1.04736052204,0.923824909276,1.41763406003,none_visible,12.3376095936,0.333333333333,12.0042762602,deterministic_seeded_random_sets_same_cardinality,local_obstruction_before_drift,local_residue_sieve,blocked_unfilled,darmon_granville_ceiling,blocked_unfilled,blocked_unfilled,Z,residue_only,blocked_unfilled,blocked_unfilled,negative_control_passed,Q_1009,pass_predefined,81,0,27.4653072167,0.339077866873,blocked_unfilled,control_class=random_root_sets,27.4653072167,local_obstruction_before_drift
rank231_Q1009_exact_power_anchor,exact_power_anchor,231,7,7,3,185,216,308475,29353501784671875,308475,1009,prime_block_le_1009,81,148442751793136438533965338087543801190959757888544388980934356724535496789076307693189375411040397120044336213563505967374089274154395172105420265758452993645832585198070632260101329900383144999881739549,467.819803066,147808829414345923316083210206383297601,87.8889830934,0,0,1,308475,367.291423891,87.8889830934,1.00434656149,0.981449604236,1.04357133209,constructed_exact_power_root,12.3376095936,0.333333333333,12.0042762602,C_from_near_power_row_as_positive_control,positive_control_survivor,local_residue_sieve,blocked_unfilled,darmon_granville_ceiling,blocked_unfilled,blocked_unfilled,Z,survivor_kandidat_requires_overlap_check,blocked_unfilled,blocked_unfilled,positive_control_passed,Q_1009,pass_predefined,81,3.2417537888e-06,87.8889830934,1.08504917399,blocked_unfilled,control_class=exact_power_anchor,87.8889830934,positive_control_survivor
rank232_Q1009_actual_near_miss,actual_near_miss,232,7,7,3,137,235,343374,40485753162717624,343374,1009,prime_block_le_1009,81,148442751793136438533965338087543801190959757888544388980934356724535496789076307693189375411040397120044336213563505967374089274154395172105420265758452993645832585198070632260101329900383144999881739549,467.819803066,94143178827,25.2680826394,57,13,0,,429.805144915,25.2680826394,0.996252842881,0,1.83807969671,none_visible,12.2338689493,0.333333333333,11.900535616,existing_near_power_csv,local_obstruction_before_drift,local_residue_sieve,blocked_unfilled,darmon_granville_ceiling,blocked_unfilled,blocked_unfilled,Z,residue_only,blocked_unfilled,blocked_unfilled,under_test,Q_1009,pass_predefined,81,0,25.2680826394,0.311951637523,blocked_unfilled,control_class=actual_near_miss,25.2680826394,local_obstruction_before_drift
rank232_Q1009_random_root_sets,random_root_sets,232,7,7,3,137,235,343374,40485753162717624,343374,1009,prime_block_le_1009,81,148442751793136438533965338087543801190959757888544388980934356724535496789076307693189375411040397120044336213563505967374089274154395172105420265758452993645832585198070632260101329900383144999881739549,467.819803066,94143178827,25.2680826394,57,13,0,,429.805144915,25.2680826394,1.02425823546,0.59597503985,1.28772740834,none_visible,12.2338689493,0.333333333333,11.900535616,deterministic_seeded_random_sets_same_cardinality,local_obstruction_before_drift,local_residue_sieve,blocked_unfilled,darmon_granville_ceiling,blocked_unfilled,blocked_unfilled,Z,residue_only,blocked_unfilled,blocked_unfilled,negative_control_passed,Q_1009,pass_predefined,81,0,25.2680826394,0.311951637523,blocked_unfilled,control_class=random_root_sets,25.2680826394,local_obstruction_before_drift
rank232_Q1009_exact_power_anchor,exact_power_anchor,232,7,7,3,137,235,343374,40485753162717624,343374,1009,prime_block_le_1009,81,148442751793136438533965338087543801190959757888544388980934356724535496789076307693189375411040397120044336213563505967374089274154395172105420265758452993645832585198070632260101329900383144999881739549,467.819803066,49269609804781974438694403402127765867,86.7903708048,0,0,1,343374,368.28285675,86.7903708048,1.00044986581,0.958425636316,1.01876282615,constructed_exact_power_root,12.2338689493,0.333333333333,11.900535616,C_from_near_power_row_as_positive_control,positive_control_survivor,local_residue_sieve,blocked_unfilled,darmon_granville_ceiling,blocked_unfilled,blocked_unfilled,Z,survivor_kandidat_requires_overlap_check,blocked_unfilled,blocked_unfilled,positive_control_passed,Q_1009,pass_predefined,81,2.91227640998e-06,86.7903708048,1.07148605932,blocked_unfilled,control_class=exact_power_anchor,86.7903708048,positive_control_survivor
rank233_Q1009_actual_near_miss,actual_near_miss,233,6,6,3,155,243,60346,219758390301736,60346,1009,prime_block_le_1009,81,148442751793136438533965338087543801190959757888544388980934356724535496789076307693189375411040397120044336213563505967374089274154395172105420265758452993645832585198070632260101329900383144999881739549,467.819803066,22876792454961,30.7611440827,52,7,0,,426.050809039,30.7611440827,1.03520592976,0,1.93342281731,none_visible,14.1662481906,0.333333333333,13.8329148572,existing_near_power_csv,local_obstruction_before_drift,local_residue_sieve,blocked_unfilled,darmon_granville_ceiling,blocked_unfilled,blocked_unfilled,Z,residue_only,blocked_unfilled,blocked_unfilled,under_test,Q_1009,pass_predefined,81,0,30.7611440827,0.379767210898,blocked_unfilled,control_class=actual_near_miss,30.7611440827,local_obstruction_before_drift
rank233_Q1009_random_root_sets,random_root_sets,233,6,6,3,155,243,60346,219758390301736,60346,1009,prime_block_le_1009,81,148442751793136438533965338087543801190959757888544388980934356724535496789076307693189375411040397120044336213563505967374089274154395172105420265758452993645832585198070632260101329900383144999881739549,467.819803066,22876792454961,30.7611440827,52,7,0,,426.050809039,30.7611440827,1.05267540516,0,3.21552933638,none_visible,14.1662481906,0.333333333333,13.8329148572,deterministic_seeded_random_sets_same_cardinality,local_obstruction_before_drift,local_residue_sieve,blocked_unfilled,darmon_granville_ceiling,blocked_unfilled,blocked_unfilled,Z,residue_only,blocked_unfilled,blocked_unfilled,negative_control_passed,Q_1009,pass_predefined,81,0,30.7611440827,0.379767210898,blocked_unfilled,control_class=random_root_sets,30.7611440827,local_obstruction_before_drift
rank233_Q1009_exact_power_anchor,exact_power_anchor,233,6,6,3,155,243,60346,219758390301736,60346,1009,prime_block_le_1009,81,148442751793136438533965338087543801190959757888544388980934356724535496789076307693189375411040397120044336213563505967374089274154395172105420265758452993645832585198070632260101329900383144999881739549,467.819803066,49269609804781974438694403402127765867,86.7903708048,0,0,1,60346,370.021582317,86.7903708048,1.04922393518,0.971562139809,1.39160839161,constructed_exact_power_root,14.1662481906,0.333333333333,13.8329148572,C_from_near_power_row_as_positive_control,positive_control_survivor,local_residue_sieve,blocked_unfilled,darmon_granville_ceiling,blocked_unfilled,blocked_unfilled,Z,survivor_kandidat_requires_overlap_check,blocked_unfilled,blocked_unfilled,positive_control_passed,Q_1009,pass_predefined,81,1.65711066185e-05,86.7903708048,1.07148605932,blocked_unfilled,control_class=exact_power_anchor,86.7903708048,positive_control_survivor
rank234_Q1009_actual_near_miss,actual_near_miss,234,7,7,3,149,229,326031,34655860607887791,326031,1009,prime_block_le_1009,81,148442751793136438533965338087543801190959757888544388980934356724535496789076307693189375411040397120044336213563505967374089274154395172105420265758452993645832585198070632260101329900383144999881739549,467.819803066,617673396283947,34.0569809487,49,31,0,,421.068074369,34.0569809487,1.01249340128,0.827269322379,1.30362756916,none_visible,12.283815122,0.333333333333,11.9504817887,existing_near_power_csv,local_obstruction_before_drift,local_residue_sieve,blocked_unfilled,darmon_granville_ceiling,blocked_unfilled,blocked_unfilled,Z,residue_only,blocked_unfilled,blocked_unfilled,under_test,Q_1009,pass_predefined,81,0,34.0569809487,0.420456554922,blocked_unfilled,control_class=actual_near_miss,34.0569809487,local_obstruction_before_drift
rank234_Q1009_random_root_sets,random_root_sets,234,7,7,3,149,229,326031,34655860607887791,326031,1009,prime_block_le_1009,81,148442751793136438533965338087543801190959757888544388980934356724535496789076307693189375411040397120044336213563505967374089274154395172105420265758452993645832585198070632260101329900383144999881739549,467.819803066,617673396283947,34.0569809487,49,31,0,,421.068074369,34.0569809487,0.999311713371,0.726435352603,1.31016034944,none_visible,12.283815122,0.333333333333,11.9504817887,deterministic_seeded_random_sets_same_cardinality,local_obstruction_before_drift,local_residue_sieve,blocked_unfilled,darmon_granville_ceiling,blocked_unfilled,blocked_unfilled,Z,residue_only,blocked_unfilled,blocked_unfilled,negative_control_passed,Q_1009,pass_predefined,81,0,34.0569809487,0.420456554922,blocked_unfilled,control_class=random_root_sets,34.0569809487,local_obstruction_before_drift
rank234_Q1009_exact_power_anchor,exact_power_anchor,234,7,7,3,149,229,326031,34655860607887791,326031,1009,prime_block_le_1009,81,148442751793136438533965338087543801190959757888544388980934356724535496789076307693189375411040397120044336213563505967374089274154395172105420265758452993645832585198070632260101329900383144999881739549,467.819803066,443426488243037769948249630619149892803,88.9875953821,0,0,1,326031,366.137459936,88.9875953821,1.00200898301,0.981680678627,1.01565188586,constructed_exact_power_root,12.283815122,0.333333333333,11.9504817887,C_from_near_power_row_as_positive_control,positive_control_survivor,local_residue_sieve,blocked_unfilled,darmon_granville_ceiling,blocked_unfilled,blocked_unfilled,Z,survivor_kandidat_requires_overlap_check,blocked_unfilled,blocked_unfilled,positive_control_passed,Q_1009,pass_predefined,81,3.06719299698e-06,88.9875953821,1.09861228867,blocked_unfilled,control_class=exact_power_anchor,88.9875953821,positive_control_survivor
rank235_Q1009_actual_near_miss,actual_near_miss,235,7,7,3,123,163,151584,3483053049544704,151584,1009,prime_block_le_1009,81,148442751793136438533965338087543801190959757888544388980934356724535496789076307693189375411040397120044336213563505967374089274154395172105420265758452993645832585198070632260101329900383144999881739549,467.819803066,3486784401,21.9722457734,60,19,0,,433.918662087,21.9722457734,0.953139843255,0,1.62722832078,none_visible,13.0724540426,0.333333333333,12.7391207092,existing_near_power_csv,local_obstruction_before_drift,local_residue_sieve,blocked_unfilled,darmon_granville_ceiling,blocked_unfilled,blocked_unfilled,Z,residue_only,blocked_unfilled,blocked_unfilled,under_test,Q_1009,pass_predefined,81,0,21.9722457734,0.271262293498,blocked_unfilled,control_class=actual_near_miss,21.9722457734,local_obstruction_before_drift
rank235_Q1009_random_root_sets,random_root_sets,235,7,7,3,123,163,151584,3483053049544704,151584,1009,prime_block_le_1009,81,148442751793136438533965338087543801190959757888544388980934356724535496789076307693189375411040397120044336213563505967374089274154395172105420265758452993645832585198070632260101329900383144999881739549,467.819803066,3486784401,21.9722457734,60,19,0,,433.918662087,21.9722457734,1.00461163447,0.813614160392,1.13874961884,none_visible,13.0724540426,0.333333333333,12.7391207092,deterministic_seeded_random_sets_same_cardinality,local_obstruction_before_drift,local_residue_sieve,blocked_unfilled,darmon_granville_ceiling,blocked_unfilled,blocked_unfilled,Z,residue_only,blocked_unfilled,blocked_unfilled,negative_control_passed,Q_1009,pass_predefined,81,0,21.9722457734,0.271262293498,blocked_unfilled,control_class=random_root_sets,21.9722457734,local_obstruction_before_drift
rank235_Q1009_exact_power_anchor,exact_power_anchor,235,7,7,3,123,163,151584,3483053049544704,151584,1009,prime_block_le_1009,81,148442751793136438533965338087543801190959757888544388980934356724535496789076307693189375411040397120044336213563505967374089274154395172105420265758452993645832585198070632260101329900383144999881739549,467.819803066,443426488243037769948249630619149892803,88.9875953821,0,0,1,151584,366.903312478,88.9875953821,0.994831431931,0.889978127272,1.03803391739,constructed_exact_power_root,13.0724540426,0.333333333333,12.7391207092,C_from_near_power_row_as_positive_control,positive_control_survivor,local_residue_sieve,blocked_unfilled,darmon_granville_ceiling,blocked_unfilled,blocked_unfilled,Z,survivor_kandidat_requires_overlap_check,blocked_unfilled,blocked_unfilled,positive_control_passed,Q_1009,pass_predefined,81,6.59700232214e-06,88.9875953821,1.09861228867,blocked_unfilled,control_class=exact_power_anchor,88.9875953821,positive_control_survivor
rank236_Q1009_actual_near_miss,actual_near_miss,236,6,7,3,181,169,158376,3972538457381376,158376,1009,prime_block_le_1009,81,148442751793136438533965338087543801190959757888544388980934356724535496789076307693189375411040397120044336213563505967374089274154395172105420265758452993645832585198070632260101329900383144999881739549,467.819803066,847288609443,27.4653072167,55,7,0,,428.381768617,27.4653072167,1.0701125685,0.543285879454,1.8537348532,none_visible,13.0245959285,0.333333333333,12.6912625952,existing_near_power_csv,local_obstruction_before_drift,local_residue_sieve,blocked_unfilled,darmon_granville_ceiling,blocked_unfilled,blocked_unfilled,Z,residue_only,blocked_unfilled,blocked_unfilled,under_test,Q_1009,pass_predefined,81,0,27.4653072167,0.339077866873,blocked_unfilled,control_class=actual_near_miss,27.4653072167,local_obstruction_before_drift
rank236_Q1009_random_root_sets,random_root_sets,236,6,7,3,181,169,158376,3972538457381376,158376,1009,prime_block_le_1009,81,148442751793136438533965338087543801190959757888544388980934356724535496789076307693189375411040397120044336213563505967374089274154395172105420265758452993645832585198070632260101329900383144999881739549,467.819803066,847288609443,27.4653072167,55,7,0,,428.381768617,27.4653072167,0.96591696226,0.383038535581,1.50528278695,none_visible,13.0245959285,0.333333333333,12.6912625952,deterministic_seeded_random_sets_same_cardinality,local_obstruction_before_drift,local_residue_sieve,blocked_unfilled,darmon_granville_ceiling,blocked_unfilled,blocked_unfilled,Z,residue_only,blocked_unfilled,blocked_unfilled,negative_control_passed,Q_1009,pass_predefined,81,0,27.4653072167,0.339077866873,blocked_unfilled,control_class=random_root_sets,27.4653072167,local_obstruction_before_drift
rank236_Q1009_exact_power_anchor,exact_power_anchor,236,6,7,3,181,169,158376,3972538457381376,158376,1009,prime_block_le_1009,81,148442751793136438533965338087543801190959757888544388980934356724535496789076307693189375411040397120044336213563505967374089274154395172105420265758452993645832585198070632260101329900383144999881739549,467.819803066,443426488243037769948249630619149892803,88.9875953821,0,0,1,158376,366.859480452,88.9875953821,1.00358675276,0.931295706981,1.07480510515,constructed_exact_power_root,13.0245959285,0.333333333333,12.6912625952,C_from_near_power_row_as_positive_control,positive_control_survivor,local_residue_sieve,blocked_unfilled,darmon_granville_ceiling,blocked_unfilled,blocked_unfilled,Z,survivor_kandidat_requires_overlap_check,blocked_unfilled,blocked_unfilled,positive_control_passed,Q_1009,pass_predefined,81,6.31408799313e-06,88.9875953821,1.09861228867,blocked_unfilled,control_class=exact_power_anchor,88.9875953821,positive_control_survivor
rank237_Q1009_actual_near_miss,actual_near_miss,237,7,7,3,142,197,233183,12679165075939487,233183,1009,prime_block_le_1009,81,148442751793136438533965338087543801190959757888544388980934356724535496789076307693189375411040397120044336213563505967374089274154395172105420265758452993645832585198070632260101329900383144999881739549,467.819803066,94143178827,25.2680826394,58,7,0,,430.192141595,25.2680826394,0.943494243499,0,2.21397214491,none_visible,12.6169294662,0.333333333333,12.2835961329,existing_near_power_csv,local_obstruction_before_drift,local_residue_sieve,blocked_unfilled,darmon_granville_ceiling,blocked_unfilled,blocked_unfilled,Z,residue_only,blocked_unfilled,blocked_unfilled,under_test,Q_1009,pass_predefined,81,0,25.2680826394,0.311951637523,blocked_unfilled,control_class=actual_near_miss,25.2680826394,local_obstruction_before_drift
rank237_Q1009_random_root_sets,random_root_sets,237,7,7,3,142,197,233183,12679165075939487,233183,1009,prime_block_le_1009,81,148442751793136438533965338087543801190959757888544388980934356724535496789076307693189375411040397120044336213563505967374089274154395172105420265758452993645832585198070632260101329900383144999881739549,467.819803066,94143178827,25.2680826394,58,7,0,,430.192141595,25.2680826394,1.03327208608,0,1.94169433926,none_visible,12.6169294662,0.333333333333,12.2835961329,deterministic_seeded_random_sets_same_cardinality,local_obstruction_before_drift,local_residue_sieve,blocked_unfilled,darmon_granville_ceiling,blocked_unfilled,blocked_unfilled,Z,residue_only,blocked_unfilled,blocked_unfilled,negative_control_passed,Q_1009,pass_predefined,81,0,25.2680826394,0.311951637523,blocked_unfilled,control_class=random_root_sets,25.2680826394,local_obstruction_before_drift
rank237_Q1009_exact_power_anchor,exact_power_anchor,237,7,7,3,142,197,233183,12679165075939487,233183,1009,prime_block_le_1009,81,148442751793136438533965338087543801190959757888544388980934356724535496789076307693189375411040397120044336213563505967374089274154395172105420265758452993645832585198070632260101329900383144999881739549,467.819803066,443426488243037769948249630619149892803,88.9875953821,0,0,1,233183,366.472628852,88.9875953821,1.00055509971,0.948998569078,1.02559935044,constructed_exact_power_root,12.6169294662,0.333333333333,12.2835961329,C_from_near_power_row_as_positive_control,positive_control_survivor,local_residue_sieve,blocked_unfilled,darmon_granville_ceiling,blocked_unfilled,blocked_unfilled,Z,survivor_kandidat_requires_overlap_check,blocked_unfilled,blocked_unfilled,positive_control_passed,Q_1009,pass_predefined,81,4.28847729037e-06,88.9875953821,1.09861228867,blocked_unfilled,control_class=exact_power_anchor,88.9875953821,positive_control_survivor
rank238_Q1009_actual_near_miss,actual_near_miss,238,7,7,3,182,235,358809,46194469470069129,358809,1009,prime_block_le_1009,81,148442751793136438533965338087543801190959757888544388980934356724535496789076307693189375411040397120044336213563505967374089274154395172105420265758452993645832585198070632260101329900383144999881739549,467.819803066,22876792454961,30.7611440827,51,7,0,,424.268113491,30.7611440827,0.990758972353,0.74964427066,1.09441544418,none_visible,12.1918126516,0.333333333333,11.8584793182,existing_near_power_csv,local_obstruction_before_drift,local_residue_sieve,blocked_unfilled,darmon_granville_ceiling,blocked_unfilled,blocked_unfilled,Z,residue_only,blocked_unfilled,blocked_unfilled,under_test,Q_1009,pass_predefined,81,0,30.7611440827,0.379767210898,blocked_unfilled,control_class=actual_near_miss,30.7611440827,local_obstruction_before_drift
rank238_Q1009_random_root_sets,random_root_sets,238,7,7,3,182,235,358809,46194469470069129,358809,1009,prime_block_le_1009,81,148442751793136438533965338087543801190959757888544388980934356724535496789076307693189375411040397120044336213563505967374089274154395172105420265758452993645832585198070632260101329900383144999881739549,467.819803066,22876792454961,30.7611440827,51,7,0,,424.268113491,30.7611440827,0.973413199409,0.698207433791,1.08776814405,none_visible,12.1918126516,0.333333333333,11.8584793182,deterministic_seeded_random_sets_same_cardinality,local_obstruction_before_drift,local_residue_sieve,blocked_unfilled,darmon_granville_ceiling,blocked_unfilled,blocked_unfilled,Z,residue_only,blocked_unfilled,blocked_unfilled,negative_control_passed,Q_1009,pass_predefined,81,0,30.7611440827,0.379767210898,blocked_unfilled,control_class=random_root_sets,30.7611440827,local_obstruction_before_drift
rank238_Q1009_exact_power_anchor,exact_power_anchor,238,7,7,3,182,235,358809,46194469470069129,358809,1009,prime_block_le_1009,81,148442751793136438533965338087543801190959757888544388980934356724535496789076307693189375411040397120044336213563505967374089274154395172105420265758452993645832585198070632260101329900383144999881739549,467.819803066,443426488243037769948249630619149892803,88.9875953821,0,0,1,358809,366.041662191,88.9875953821,1.00351374656,0.99081002861,1.02720419809,constructed_exact_power_root,12.1918126516,0.333333333333,11.8584793182,C_from_near_power_row_as_positive_control,positive_control_survivor,local_residue_sieve,blocked_unfilled,darmon_granville_ceiling,blocked_unfilled,blocked_unfilled,Z,survivor_kandidat_requires_overlap_check,blocked_unfilled,blocked_unfilled,positive_control_passed,Q_1009,pass_predefined,81,2.78699809648e-06,88.9875953821,1.09861228867,blocked_unfilled,control_class=exact_power_anchor,88.9875953821,positive_control_survivor
rank239_Q1009_actual_near_miss,actual_near_miss,239,7,7,3,94,213,271242,19955876792704488,271242,1009,prime_block_le_1009,81,148442751793136438533965338087543801190959757888544388980934356724535496789076307693189375411040397120044336213563505967374089274154395172105420265758452993645832585198070632260101329900383144999881739549,467.819803066,94143178827,25.2680826394,56,13,0,,430.040953736,25.2680826394,1.05915970691,0.732137107577,1.60412759741,none_visible,12.4644586711,0.333333333333,12.1311253378,existing_near_power_csv,local_obstruction_before_drift,local_residue_sieve,blocked_unfilled,darmon_granville_ceiling,blocked_unfilled,blocked_unfilled,Z,residue_only,blocked_unfilled,blocked_unfilled,under_test,Q_1009,pass_predefined,81,0,25.2680826394,0.311951637523,blocked_unfilled,control_class=actual_near_miss,25.2680826394,local_obstruction_before_drift
rank239_Q1009_random_root_sets,random_root_sets,239,7,7,3,94,213,271242,19955876792704488,271242,1009,prime_block_le_1009,81,148442751793136438533965338087543801190959757888544388980934356724535496789076307693189375411040397120044336213563505967374089274154395172105420265758452993645832585198070632260101329900383144999881739549,467.819803066,94143178827,25.2680826394,56,13,0,,430.040953736,25.2680826394,1.01686658381,0.440158808575,1.49929050647,none_visible,12.4644586711,0.333333333333,12.1311253378,deterministic_seeded_random_sets_same_cardinality,local_obstruction_before_drift,local_residue_sieve,blocked_unfilled,darmon_granville_ceiling,blocked_unfilled,blocked_unfilled,Z,residue_only,blocked_unfilled,blocked_unfilled,negative_control_passed,Q_1009,pass_predefined,81,0,25.2680826394,0.311951637523,blocked_unfilled,control_class=random_root_sets,25.2680826394,local_obstruction_before_drift
rank239_Q1009_exact_power_anchor,exact_power_anchor,239,7,7,3,94,213,271242,19955876792704488,271242,1009,prime_block_le_1009,81,148442751793136438533965338087543801190959757888544388980934356724535496789076307693189375411040397120044336213563505967374089274154395172105420265758452993645832585198070632260101329900383144999881739549,467.819803066,443426488243037769948249630619149892803,88.9875953821,0,0,1,271242,366.321440993,88.9875953821,1.00756141093,0.972123704212,1.06641875357,constructed_exact_power_root,12.4644586711,0.333333333333,12.1311253378,C_from_near_power_row_as_positive_control,positive_control_survivor,local_residue_sieve,blocked_unfilled,darmon_granville_ceiling,blocked_unfilled,blocked_unfilled,Z,survivor_kandidat_requires_overlap_check,blocked_unfilled,blocked_unfilled,positive_control_passed,Q_1009,pass_predefined,81,3.68674467818e-06,88.9875953821,1.09861228867,blocked_unfilled,control_class=exact_power_anchor,88.9875953821,positive_control_survivor
rank240_Q1009_actual_near_miss,actual_near_miss,240,7,7,3,124,245,376658,53436940892282312,376658,1009,prime_block_le_1009,81,148442751793136438533965338087543801190959757888544388980934356724535496789076307693189375411040397120044336213563505967374089274154395172105420265758452993645832585198070632260101329900383144999881739549,467.819803066,22876792454961,30.7611440827,53,7,0,,424.21956609,30.7611440827,1.01932817333,0.93261319877,1.16373297085,none_visible,12.1457127584,0.333333333333,11.812379425,existing_near_power_csv,local_obstruction_before_drift,local_residue_sieve,blocked_unfilled,darmon_granville_ceiling,blocked_unfilled,blocked_unfilled,Z,residue_only,blocked_unfilled,blocked_unfilled,under_test,Q_1009,pass_predefined,81,0,30.7611440827,0.379767210898,blocked_unfilled,control_class=actual_near_miss,30.7611440827,local_obstruction_before_drift
rank240_Q1009_random_root_sets,random_root_sets,240,7,7,3,124,245,376658,53436940892282312,376658,1009,prime_block_le_1009,81,148442751793136438533965338087543801190959757888544388980934356724535496789076307693189375411040397120044336213563505967374089274154395172105420265758452993645832585198070632260101329900383144999881739549,467.819803066,22876792454961,30.7611440827,53,7,0,,424.21956609,30.7611440827,1.01674932835,0.965093297132,1.18175639439,none_visible,12.1457127584,0.333333333333,11.812379425,deterministic_seeded_random_sets_same_cardinality,local_obstruction_before_drift,local_residue_sieve,blocked_unfilled,darmon_granville_ceiling,blocked_unfilled,blocked_unfilled,Z,residue_only,blocked_unfilled,blocked_unfilled,negative_control_passed,Q_1009,pass_predefined,81,0,30.7611440827,0.379767210898,blocked_unfilled,control_class=random_root_sets,30.7611440827,local_obstruction_before_drift
rank240_Q1009_exact_power_anchor,exact_power_anchor,240,7,7,3,124,245,376658,53436940892282312,376658,1009,prime_block_le_1009,81,148442751793136438533965338087543801190959757888544388980934356724535496789076307693189375411040397120044336213563505967374089274154395172105420265758452993645832585198070632260101329900383144999881739549,467.819803066,443426488243037769948249630619149892803,88.9875953821,0,0,1,376658,365.993114791,88.9875953821,1.00507746442,0.992159111626,1.02565988244,constructed_exact_power_root,12.1457127584,0.333333333333,11.812379425,C_from_near_power_row_as_positive_control,positive_control_survivor,local_residue_sieve,blocked_unfilled,darmon_granville_ceiling,blocked_unfilled,blocked_unfilled,Z,survivor_kandidat_requires_overlap_check,blocked_unfilled,blocked_unfilled,positive_control_passed,Q_1009,pass_predefined,81,2.65492834348e-06,88.9875953821,1.09861228867,blocked_unfilled,control_class=exact_power_anchor,88.9875953821,positive_control_survivor
rank241_Q1009_actual_near_miss,actual_near_miss,241,6,7,3,198,215,277183,21296085056487487,277183,1009,prime_block_le_1009,81,148442751793136438533965338087543801190959757888544388980934356724535496789076307693189375411040397120044336213563505967374089274154395172105420265758452993645832585198070632260101329900383144999881739549,467.819803066,22876792454961,30.7611440827,53,13,0,,424.526225766,30.7611440827,0.991201326948,0.413239227835,1.29217400298,none_visible,12.4429096614,0.333333333333,12.1095763281,existing_near_power_csv,local_obstruction_before_drift,local_residue_sieve,blocked_unfilled,darmon_granville_ceiling,blocked_unfilled,blocked_unfilled,Z,residue_only,blocked_unfilled,blocked_unfilled,under_test,Q_1009,pass_predefined,81,0,30.7611440827,0.379767210898,blocked_unfilled,control_class=actual_near_miss,30.7611440827,local_obstruction_before_drift
rank241_Q1009_random_root_sets,random_root_sets,241,6,7,3,198,215,277183,21296085056487487,277183,1009,prime_block_le_1009,81,148442751793136438533965338087543801190959757888544388980934356724535496789076307693189375411040397120044336213563505967374089274154395172105420265758452993645832585198070632260101329900383144999881739549,467.819803066,22876792454961,30.7611440827,53,13,0,,424.526225766,30.7611440827,0.967777538599,0.307071100641,1.2397176835,none_visible,12.4429096614,0.333333333333,12.1095763281,deterministic_seeded_random_sets_same_cardinality,local_obstruction_before_drift,local_residue_sieve,blocked_unfilled,darmon_granville_ceiling,blocked_unfilled,blocked_unfilled,Z,residue_only,blocked_unfilled,blocked_unfilled,negative_control_passed,Q_1009,pass_predefined,81,0,30.7611440827,0.379767210898,blocked_unfilled,control_class=random_root_sets,30.7611440827,local_obstruction_before_drift
rank241_Q1009_exact_power_anchor,exact_power_anchor,241,6,7,3,198,215,277183,21296085056487487,277183,1009,prime_block_le_1009,81,148442751793136438533965338087543801190959757888544388980934356724535496789076307693189375411040397120044336213563505967374089274154395172105420265758452993645832585198070632260101329900383144999881739549,467.819803066,443426488243037769948249630619149892803,88.9875953821,0,0,1,277183,366.299774467,88.9875953821,1.00053442765,0.976235114627,1.04073401968,constructed_exact_power_root,12.4429096614,0.333333333333,12.1095763281,C_from_near_power_row_as_positive_control,positive_control_survivor,local_residue_sieve,blocked_unfilled,darmon_granville_ceiling,blocked_unfilled,blocked_unfilled,Z,survivor_kandidat_requires_overlap_check,blocked_unfilled,blocked_unfilled,positive_control_passed,Q_1009,pass_predefined,81,3.60772486047e-06,88.9875953821,1.09861228867,blocked_unfilled,control_class=exact_power_anchor,88.9875953821,positive_control_survivor
rank242_Q1009_actual_near_miss,actual_near_miss,242,7,7,3,163,225,318305,32250049234222625,318305,1009,prime_block_le_1009,81,148442751793136438533965338087543801190959757888544388980934356724535496789076307693189375411040397120044336213563505967374089274154395172105420265758452993645832585198070632260101329900383144999881739549,467.819803066,68630377364883,31.8597563714,50,7,0,,423.289281373,31.8597563714,1.02594841193,0.793797702762,1.53914955781,none_visible,12.3070651533,0.333333333333,11.97373182,existing_near_power_csv,local_obstruction_before_drift,local_residue_sieve,blocked_unfilled,darmon_granville_ceiling,blocked_unfilled,blocked_unfilled,Z,residue_only,blocked_unfilled,blocked_unfilled,under_test,Q_1009,pass_predefined,81,0,31.8597563714,0.393330325573,blocked_unfilled,control_class=actual_near_miss,31.8597563714,local_obstruction_before_drift
rank242_Q1009_random_root_sets,random_root_sets,242,7,7,3,163,225,318305,32250049234222625,318305,1009,prime_block_le_1009,81,148442751793136438533965338087543801190959757888544388980934356724535496789076307693189375411040397120044336213563505967374089274154395172105420265758452993645832585198070632260101329900383144999881739549,467.819803066,68630377364883,31.8597563714,50,7,0,,423.289281373,31.8597563714,1.0366946709,0.207962314272,1.4081232361,none_visible,12.3070651533,0.333333333333,11.97373182,deterministic_seeded_random_sets_same_cardinality,local_obstruction_before_drift,local_residue_sieve,blocked_unfilled,darmon_granville_ceiling,blocked_unfilled,blocked_unfilled,Z,residue_only,blocked_unfilled,blocked_unfilled,negative_control_passed,Q_1009,pass_predefined,81,0,31.8597563714,0.393330325573,blocked_unfilled,control_class=random_root_sets,31.8597563714,local_obstruction_before_drift
rank242_Q1009_exact_power_anchor,exact_power_anchor,242,7,7,3,163,225,318305,32250049234222625,318305,1009,prime_block_le_1009,81,148442751793136438533965338087543801190959757888544388980934356724535496789076307693189375411040397120044336213563505967374089274154395172105420265758452993645832585198070632260101329900383144999881739549,467.819803066,147808829414345923316083210206383297601,87.8889830934,0,0,1,318305,367.260054651,87.8889830934,1.0009989109,0.963244547071,1.02730434995,constructed_exact_power_root,12.3070651533,0.333333333333,11.97373182,C_from_near_power_row_as_positive_control,positive_control_survivor,local_residue_sieve,blocked_unfilled,darmon_granville_ceiling,blocked_unfilled,blocked_unfilled,Z,survivor_kandidat_requires_overlap_check,blocked_unfilled,blocked_unfilled,positive_control_passed,Q_1009,pass_predefined,81,3.14164087903e-06,87.8889830934,1.08504917399,blocked_unfilled,control_class=exact_power_anchor,87.8889830934,positive_control_survivor
rank243_Q1009_actual_near_miss,actual_near_miss,243,7,7,3,160,167,184759,6306912545957479,184759,1009,prime_block_le_1009,81,148442751793136438533965338087543801190959757888544388980934356724535496789076307693189375411040397120044336213563505967374089274154395172105420265758452993645832585198070632260101329900383144999881739549,467.819803066,22876792454961,30.7611440827,52,7,0,,424.931851431,30.7611440827,1.02404568875,0.434061549249,1.73522805384,none_visible,12.8591085234,0.333333333333,12.5257751901,existing_near_power_csv,local_obstruction_before_drift,local_residue_sieve,blocked_unfilled,darmon_granville_ceiling,blocked_unfilled,blocked_unfilled,Z,residue_only,blocked_unfilled,blocked_unfilled,under_test,Q_1009,pass_predefined,81,0,30.7611440827,0.379767210898,blocked_unfilled,control_class=actual_near_miss,30.7611440827,local_obstruction_before_drift
rank243_Q1009_random_root_sets,random_root_sets,243,7,7,3,160,167,184759,6306912545957479,184759,1009,prime_block_le_1009,81,148442751793136438533965338087543801190959757888544388980934356724535496789076307693189375411040397120044336213563505967374089274154395172105420265758452993645832585198070632260101329900383144999881739549,467.819803066,22876792454961,30.7611440827,52,7,0,,424.931851431,30.7611440827,0.891075120282,0,1.21838298661,none_visible,12.8591085234,0.333333333333,12.5257751901,deterministic_seeded_random_sets_same_cardinality,local_obstruction_before_drift,local_residue_sieve,blocked_unfilled,darmon_granville_ceiling,blocked_unfilled,blocked_unfilled,Z,residue_only,blocked_unfilled,blocked_unfilled,negative_control_passed,Q_1009,pass_predefined,81,0,30.7611440827,0.379767210898,blocked_unfilled,control_class=random_root_sets,30.7611440827,local_obstruction_before_drift
rank243_Q1009_exact_power_anchor,exact_power_anchor,243,7,7,3,160,167,184759,6306912545957479,184759,1009,prime_block_le_1009,81,148442751793136438533965338087543801190959757888544388980934356724535496789076307693189375411040397120044336213563505967374089274154395172105420265758452993645832585198070632260101329900383144999881739549,467.819803066,147808829414345923316083210206383297601,87.8889830934,0,0,1,184759,367.80401242,87.8889830934,1.00310582274,0.934306011856,1.04039075528,constructed_exact_power_root,12.8591085234,0.333333333333,12.5257751901,C_from_near_power_row_as_positive_control,positive_control_survivor,local_residue_sieve,blocked_unfilled,darmon_granville_ceiling,blocked_unfilled,blocked_unfilled,Z,survivor_kandidat_requires_overlap_check,blocked_unfilled,blocked_unfilled,positive_control_passed,Q_1009,pass_predefined,81,5.41245622676e-06,87.8889830934,1.08504917399,blocked_unfilled,control_class=exact_power_anchor,87.8889830934,positive_control_survivor
rank244_Q1009_actual_near_miss,actual_near_miss,244,6,7,3,219,203,242816,14316336626794496,242816,1009,prime_block_le_1009,81,148442751793136438533965338087543801190959757888544388980934356724535496789076307693189375411040397120044336213563505967374089274154395172105420265758452993645832585198070632260101329900383144999881739549,467.819803066,68630377364883,31.8597563714,52,13,0,,423.559987461,31.8597563714,1.00329721164,0.792807448164,1.24917861902,none_visible,12.5757410843,0.333333333333,12.242407751,existing_near_power_csv,local_obstruction_before_drift,local_residue_sieve,blocked_unfilled,darmon_granville_ceiling,blocked_unfilled,blocked_unfilled,Z,residue_only,blocked_unfilled,blocked_unfilled,under_test,Q_1009,pass_predefined,81,0,31.8597563714,0.393330325573,blocked_unfilled,control_class=actual_near_miss,31.8597563714,local_obstruction_before_drift
rank244_Q1009_random_root_sets,random_root_sets,244,6,7,3,219,203,242816,14316336626794496,242816,1009,prime_block_le_1009,81,148442751793136438533965338087543801190959757888544388980934356724535496789076307693189375411040397120044336213563505967374089274154395172105420265758452993645832585198070632260101329900383144999881739549,467.819803066,68630377364883,31.8597563714,52,13,0,,423.559987461,31.8597563714,1.00026614803,0.611781486118,1.32134574694,none_visible,12.5757410843,0.333333333333,12.242407751,deterministic_seeded_random_sets_same_cardinality,local_obstruction_before_drift,local_residue_sieve,blocked_unfilled,darmon_granville_ceiling,blocked_unfilled,blocked_unfilled,Z,residue_only,blocked_unfilled,blocked_unfilled,negative_control_passed,Q_1009,pass_predefined,81,0,31.8597563714,0.393330325573,blocked_unfilled,control_class=random_root_sets,31.8597563714,local_obstruction_before_drift
rank244_Q1009_exact_power_anchor,exact_power_anchor,244,6,7,3,219,203,242816,14316336626794496,242816,1009,prime_block_le_1009,81,148442751793136438533965338087543801190959757888544388980934356724535496789076307693189375411040397120044336213563505967374089274154395172105420265758452993645832585198070632260101329900383144999881739549,467.819803066,49269609804781974438694403402127765867,86.7903708048,0,0,1,242816,368.629373027,86.7903708048,1.00481453568,0.959657609969,1.03349587067,constructed_exact_power_root,12.5757410843,0.333333333333,12.242407751,C_from_near_power_row_as_positive_control,positive_control_survivor,local_residue_sieve,blocked_unfilled,darmon_granville_ceiling,blocked_unfilled,blocked_unfilled,Z,survivor_kandidat_requires_overlap_check,blocked_unfilled,blocked_unfilled,positive_control_passed,Q_1009,pass_predefined,81,4.11834475488e-06,86.7903708048,1.07148605932,blocked_unfilled,control_class=exact_power_anchor,86.7903708048,positive_control_survivor
rank245_Q1009_actual_near_miss,actual_near_miss,245,7,7,3,122,209,261204,17821303645817664,261204,1009,prime_block_le_1009,81,148442751793136438533965338087543801190959757888544388980934356724535496789076307693189375411040397120044336213563505967374089274154395172105420265758452993645832585198070632260101329900383144999881739549,467.819803066,617673396283947,34.0569809487,49,7,0,,421.289765127,34.0569809487,1.00927044322,0.853370885932,1.35751068981,none_visible,12.502142376,0.333333333333,12.1688090427,existing_near_power_csv,local_obstruction_before_drift,local_residue_sieve,blocked_unfilled,darmon_granville_ceiling,blocked_unfilled,blocked_unfilled,Z,residue_only,blocked_unfilled,blocked_unfilled,under_test,Q_1009,pass_predefined,81,0,34.0569809487,0.420456554922,blocked_unfilled,control_class=actual_near_miss,34.0569809487,local_obstruction_before_drift
rank245_Q1009_random_root_sets,random_root_sets,245,7,7,3,122,209,261204,17821303645817664,261204,1009,prime_block_le_1009,81,148442751793136438533965338087543801190959757888544388980934356724535496789076307693189375411040397120044336213563505967374089274154395172105420265758452993645832585198070632260101329900383144999881739549,467.819803066,617673396283947,34.0569809487,49,7,0,,421.289765127,34.0569809487,1.02756010699,0.624379157032,1.5205458824,none_visible,12.502142376,0.333333333333,12.1688090427,deterministic_seeded_random_sets_same_cardinality,local_obstruction_before_drift,local_residue_sieve,blocked_unfilled,darmon_granville_ceiling,blocked_unfilled,blocked_unfilled,Z,residue_only,blocked_unfilled,blocked_unfilled,negative_control_passed,Q_1009,pass_predefined,81,0,34.0569809487,0.420456554922,blocked_unfilled,control_class=random_root_sets,34.0569809487,local_obstruction_before_drift
rank245_Q1009_exact_power_anchor,exact_power_anchor,245,7,7,3,122,209,261204,17821303645817664,261204,1009,prime_block_le_1009,81,148442751793136438533965338087543801190959757888544388980934356724535496789076307693189375411040397120044336213563505967374089274154395172105420265758452993645832585198070632260101329900383144999881739549,467.819803066,443426488243037769948249630619149892803,88.9875953821,0,0,1,261204,366.359150694,88.9875953821,1.0024931379,0.951028485186,1.05643481723,constructed_exact_power_root,12.502142376,0.333333333333,12.1688090427,C_from_near_power_row_as_positive_control,positive_control_survivor,local_residue_sieve,blocked_unfilled,darmon_granville_ceiling,blocked_unfilled,blocked_unfilled,Z,survivor_kandidat_requires_overlap_check,blocked_unfilled,blocked_unfilled,positive_control_passed,Q_1009,pass_predefined,81,3.82842529211e-06,88.9875953821,1.09861228867,blocked_unfilled,control_class=exact_power_anchor,88.9875953821,positive_control_survivor
rank246_Q1009_actual_near_miss,actual_near_miss,246,4,5,3,218,243,9471,849547194111,9471,1009,prime_block_le_1009,81,148442751793136438533965338087543801190959757888544388980934356724535496789076307693189375411040397120044336213563505967374089274154395172105420265758452993645832585198070632260101329900383144999881739549,467.819803066,1853020188851841,35.1555932374,48,7,0,,423.508220051,35.1555932374,1.25138189874,0,4.66942362064,none_visible,17.03146663,0.333333333333,16.6981332967,existing_near_power_csv,local_obstruction_before_drift,local_residue_sieve,blocked_unfilled,darmon_granville_ceiling,blocked_unfilled,blocked_unfilled,Z,residue_only,blocked_unfilled,blocked_unfilled,under_test,Q_1009,pass_predefined,81,0,35.1555932374,0.434019669597,blocked_unfilled,control_class=actual_near_miss,35.1555932374,local_obstruction_before_drift
rank246_Q1009_random_root_sets,random_root_sets,246,4,5,3,218,243,9471,849547194111,9471,1009,prime_block_le_1009,81,148442751793136438533965338087543801190959757888544388980934356724535496789076307693189375411040397120044336213563505967374089274154395172105420265758452993645832585198070632260101329900383144999881739549,467.819803066,1853020188851841,35.1555932374,48,7,0,,423.508220051,35.1555932374,0.873547710946,0,3.66424993254,none_visible,17.03146663,0.333333333333,16.6981332967,deterministic_seeded_random_sets_same_cardinality,local_obstruction_before_drift,local_residue_sieve,blocked_unfilled,darmon_granville_ceiling,blocked_unfilled,blocked_unfilled,Z,residue_only,blocked_unfilled,blocked_unfilled,negative_control_passed,Q_1009,pass_predefined,81,0,35.1555932374,0.434019669597,blocked_unfilled,control_class=random_root_sets,35.1555932374,local_obstruction_before_drift
rank246_Q1009_exact_power_anchor,exact_power_anchor,246,4,5,3,218,243,9471,849547194111,9471,1009,prime_block_le_1009,81,148442751793136438533965338087543801190959757888544388980934356724535496789076307693189375411040397120044336213563505967374089274154395172105420265758452993645832585198070632260101329900383144999881739549,467.819803066,147808829414345923316083210206383297601,87.8889830934,0,0,1,9471,370.774830195,87.8889830934,1.00578422631,0.246237051115,1.97041260456,constructed_exact_power_root,17.03146663,0.333333333333,16.6981332967,C_from_near_power_row_as_positive_control,positive_control_survivor,local_residue_sieve,blocked_unfilled,darmon_granville_ceiling,blocked_unfilled,blocked_unfilled,Z,survivor_kandidat_requires_overlap_check,blocked_unfilled,blocked_unfilled,positive_control_passed,Q_1009,pass_predefined,81,0.000105585471439,87.8889830934,1.08504917399,blocked_unfilled,control_class=exact_power_anchor,87.8889830934,positive_control_survivor
rank247_Q1009_actual_near_miss,actual_near_miss,247,6,7,3,226,173,168348,4771158934560192,168348,1009,prime_block_le_1009,81,148442751793136438533965338087543801190959757888544388980934356724535496789076307693189375411040397120044336213563505967374089274154395172105420265758452993645832585198070632260101329900383144999881739549,467.819803066,847288609443,27.4653072167,55,13,0,,428.320707305,27.4653072167,1.0360329166,0.414190314771,1.46490470797,none_visible,12.9585071051,0.333333333333,12.6251737718,existing_near_power_csv,local_obstruction_before_drift,local_residue_sieve,blocked_unfilled,darmon_granville_ceiling,blocked_unfilled,blocked_unfilled,Z,residue_only,blocked_unfilled,blocked_unfilled,under_test,Q_1009,pass_predefined,81,0,27.4653072167,0.339077866873,blocked_unfilled,control_class=actual_near_miss,27.4653072167,local_obstruction_before_drift
rank247_Q1009_random_root_sets,random_root_sets,247,6,7,3,226,173,168348,4771158934560192,168348,1009,prime_block_le_1009,81,148442751793136438533965338087543801190959757888544388980934356724535496789076307693189375411040397120044336213563505967374089274154395172105420265758452993645832585198070632260101329900383144999881739549,467.819803066,847288609443,27.4653072167,55,13,0,,428.320707305,27.4653072167,0.985052127471,0.226495777266,1.63821568022,none_visible,12.9585071051,0.333333333333,12.6251737718,deterministic_seeded_random_sets_same_cardinality,local_obstruction_before_drift,local_residue_sieve,blocked_unfilled,darmon_granville_ceiling,blocked_unfilled,blocked_unfilled,Z,residue_only,blocked_unfilled,blocked_unfilled,negative_control_passed,Q_1009,pass_predefined,81,0,27.4653072167,0.339077866873,blocked_unfilled,control_class=random_root_sets,27.4653072167,local_obstruction_before_drift
rank247_Q1009_exact_power_anchor,exact_power_anchor,247,6,7,3,226,173,168348,4771158934560192,168348,1009,prime_block_le_1009,81,148442751793136438533965338087543801190959757888544388980934356724535496789076307693189375411040397120044336213563505967374089274154395172105420265758452993645832585198070632260101329900383144999881739549,467.819803066,443426488243037769948249630619149892803,88.9875953821,0,0,1,168348,366.798419139,88.9875953821,1.0025002222,0.943730315246,1.05633106554,constructed_exact_power_root,12.9585071051,0.333333333333,12.6251737718,C_from_near_power_row_as_positive_control,positive_control_survivor,local_residue_sieve,blocked_unfilled,darmon_granville_ceiling,blocked_unfilled,blocked_unfilled,Z,survivor_kandidat_requires_overlap_check,blocked_unfilled,blocked_unfilled,positive_control_passed,Q_1009,pass_predefined,81,5.94007650819e-06,88.9875953821,1.09861228867,blocked_unfilled,control_class=exact_power_anchor,88.9875953821,positive_control_survivor
rank248_Q1009_actual_near_miss,actual_near_miss,248,7,7,3,143,168,170997,4999947835616973,170997,1009,prime_block_le_1009,81,148442751793136438533965338087543801190959757888544388980934356724535496789076307693189375411040397120044336213563505967374089274154395172105420265758452993645832585198070632260101329900383144999881739549,467.819803066,7625597484987,29.662531794,53,7,0,,426.10786998,29.662531794,1.12149479447,0.768092747566,2.52519439912,none_visible,12.9417164043,0.333333333333,12.6083830709,existing_near_power_csv,local_obstruction_before_drift,local_residue_sieve,blocked_unfilled,darmon_granville_ceiling,blocked_unfilled,blocked_unfilled,Z,residue_only,blocked_unfilled,blocked_unfilled,under_test,Q_1009,pass_predefined,81,0,29.662531794,0.366204096223,blocked_unfilled,control_class=actual_near_miss,29.662531794,local_obstruction_before_drift
rank248_Q1009_random_root_sets,random_root_sets,248,7,7,3,143,168,170997,4999947835616973,170997,1009,prime_block_le_1009,81,148442751793136438533965338087543801190959757888544388980934356724535496789076307693189375411040397120044336213563505967374089274154395172105420265758452993645832585198070632260101329900383144999881739549,467.819803066,7625597484987,29.662531794,53,7,0,,426.10786998,29.662531794,0.984085653225,0.443326166216,1.43078013714,none_visible,12.9417164043,0.333333333333,12.6083830709,deterministic_seeded_random_sets_same_cardinality,local_obstruction_before_drift,local_residue_sieve,blocked_unfilled,darmon_granville_ceiling,blocked_unfilled,blocked_unfilled,Z,residue_only,blocked_unfilled,blocked_unfilled,negative_control_passed,Q_1009,pass_predefined,81,0,29.662531794,0.366204096223,blocked_unfilled,control_class=random_root_sets,29.662531794,local_obstruction_before_drift
rank248_Q1009_exact_power_anchor,exact_power_anchor,248,7,7,3,143,168,170997,4999947835616973,170997,1009,prime_block_le_1009,81,148442751793136438533965338087543801190959757888544388980934356724535496789076307693189375411040397120044336213563505967374089274154395172105420265758452993645832585198070632260101329900383144999881739549,467.819803066,443426488243037769948249630619149892803,88.9875953821,0,0,1,170997,366.782806392,88.9875953821,1.00497831996,0.953353957477,1.07311889162,constructed_exact_power_root,12.9417164043,0.333333333333,12.6083830709,C_from_near_power_row_as_positive_control,positive_control_survivor,local_residue_sieve,blocked_unfilled,darmon_granville_ceiling,blocked_unfilled,blocked_unfilled,Z,survivor_kandidat_requires_overlap_check,blocked_unfilled,blocked_unfilled,positive_control_passed,Q_1009,pass_predefined,81,5.84805581384e-06,88.9875953821,1.09861228867,blocked_unfilled,control_class=exact_power_anchor,88.9875953821,positive_control_survivor
rank249_Q1009_actual_near_miss,actual_near_miss,249,5,6,3,173,202,40835,68092249182875,40835,1009,prime_block_le_1009,81,148442751793136438533965338087543801190959757888544388980934356724535496789076307693189375411040397120044336213563505967374089274154395172105420265758452993645832585198070632260101329900383144999881739549,467.819803066,22876792454961,30.7611440827,52,7,0,,426.441364147,30.7611440827,0.836220517076,0,2.48561827408,none_visible,14.6873508523,0.333333333333,14.3540175189,existing_near_power_csv,local_obstruction_before_drift,local_residue_sieve,blocked_unfilled,darmon_granville_ceiling,blocked_unfilled,blocked_unfilled,Z,residue_only,blocked_unfilled,blocked_unfilled,under_test,Q_1009,pass_predefined,81,0,30.7611440827,0.379767210898,blocked_unfilled,control_class=actual_near_miss,30.7611440827,local_obstruction_before_drift
rank249_Q1009_random_root_sets,random_root_sets,249,5,6,3,173,202,40835,68092249182875,40835,1009,prime_block_le_1009,81,148442751793136438533965338087543801190959757888544388980934356724535496789076307693189375411040397120044336213563505967374089274154395172105420265758452993645832585198070632260101329900383144999881739549,467.819803066,22876792454961,30.7611440827,52,7,0,,426.441364147,30.7611440827,0.722695445537,0,2.14499544236,none_visible,14.6873508523,0.333333333333,14.3540175189,deterministic_seeded_random_sets_same_cardinality,local_obstruction_before_drift,local_residue_sieve,blocked_unfilled,darmon_granville_ceiling,blocked_unfilled,blocked_unfilled,Z,residue_only,blocked_unfilled,blocked_unfilled,negative_control_passed,Q_1009,pass_predefined,81,0,30.7611440827,0.379767210898,blocked_unfilled,control_class=random_root_sets,30.7611440827,local_obstruction_before_drift
rank249_Q1009_exact_power_anchor,exact_power_anchor,249,5,6,3,173,202,40835,68092249182875,40835,1009,prime_block_le_1009,81,148442751793136438533965338087543801190959757888544388980934356724535496789076307693189375411040397120044336213563505967374089274154395172105420265758452993645832585198070632260101329900383144999881739549,467.819803066,443426488243037769948249630619149892803,88.9875953821,0,0,1,40835,368.214912848,88.9875953821,1.01158807577,0.833712909677,1.15227133586,constructed_exact_power_root,14.6873508523,0.333333333333,14.3540175189,C_from_near_power_row_as_positive_control,positive_control_survivor,local_residue_sieve,blocked_unfilled,darmon_granville_ceiling,blocked_unfilled,blocked_unfilled,Z,survivor_kandidat_requires_overlap_check,blocked_unfilled,blocked_unfilled,positive_control_passed,Q_1009,pass_predefined,81,2.44887963757e-05,88.9875953821,1.09861228867,blocked_unfilled,control_class=exact_power_anchor,88.9875953821,positive_control_survivor
rank250_Q1009_actual_near_miss,actual_near_miss,250,6,6,3,177,193,43521,82432144309761,43521,1009,prime_block_le_1009,81,148442751793136438533965338087543801190959757888544388980934356724535496789076307693189375411040397120044336213563505967374089274154395172105420265758452993645832585198070632260101329900383144999881739549,467.819803066,50031545098999707,38.4514301034,46,7,0,,418.687374103,38.4514301034,1.1729997098,0,2.16836827177,none_visible,14.5997519905,0.333333333333,14.2664186572,existing_near_power_csv,local_obstruction_before_drift,local_residue_sieve,blocked_unfilled,darmon_granville_ceiling,blocked_unfilled,blocked_unfilled,Z,residue_only,blocked_unfilled,blocked_unfilled,under_test,Q_1009,pass_predefined,81,0,38.4514301034,0.474709013622,blocked_unfilled,control_class=actual_near_miss,38.4514301034,local_obstruction_before_drift
rank250_Q1009_random_root_sets,random_root_sets,250,6,6,3,177,193,43521,82432144309761,43521,1009,prime_block_le_1009,81,148442751793136438533965338087543801190959757888544388980934356724535496789076307693189375411040397120044336213563505967374089274154395172105420265758452993645832585198070632260101329900383144999881739549,467.819803066,50031545098999707,38.4514301034,46,7,0,,418.687374103,38.4514301034,0.968702529303,0,1.95571997171,none_visible,14.5997519905,0.333333333333,14.2664186572,deterministic_seeded_random_sets_same_cardinality,local_obstruction_before_drift,local_residue_sieve,blocked_unfilled,darmon_granville_ceiling,blocked_unfilled,blocked_unfilled,Z,residue_only,blocked_unfilled,blocked_unfilled,negative_control_passed,Q_1009,pass_predefined,81,0,38.4514301034,0.474709013622,blocked_unfilled,control_class=random_root_sets,38.4514301034,local_obstruction_before_drift
rank250_Q1009_exact_power_anchor,exact_power_anchor,250,6,6,3,177,193,43521,82432144309761,43521,1009,prime_block_le_1009,81,148442751793136438533965338087543801190959757888544388980934356724535496789076307693189375411040397120044336213563505967374089274154395172105420265758452993645832585198070632260101329900383144999881739549,467.819803066,147808829414345923316083210206383297601,87.8889830934,0,0,1,43521,369.249821113,87.8889830934,1.01068907135,0.845400304834,1.17665801184,constructed_exact_power_root,14.5997519905,0.333333333333,14.2664186572,C_from_near_power_row_as_positive_control,positive_control_survivor,local_residue_sieve,blocked_unfilled,darmon_granville_ceiling,blocked_unfilled,blocked_unfilled,Z,survivor_kandidat_requires_overlap_check,blocked_unfilled,blocked_unfilled,positive_control_passed,Q_1009,pass_predefined,81,2.29774132028e-05,87.8889830934,1.08504917399,blocked_unfilled,control_class=exact_power_anchor,87.8889830934,positive_control_survivor
