case_id,control_class,rank,x,y,z,A,B,C,H,T,Q,block_id,prime_count,M_block,log_M_block,n_root_classes,log_n_root_classes,local_empty_roots,first_empty_q,n_low_sections,low_section_sample,D_root,D_drift,pair_corr_ratio_mean,pair_corr_ratio_min,pair_corr_ratio_max,anchor_type,detector_degree,target_degree,degree_gap,advice_source,decision
rank1_Q13_actual_near_miss,actual_near_miss,1,7,7,3,175,243,380429,55058052685693589,380429,13,prime_block_le_13,2,91,4.51085950652,1,0,2,7,0,,-8.33819533577,0,,,,none_visible,0.117021824092,0.333333333333,-0.216311509241,existing_near_power_csv,local_obstruction_before_drift
rank1_Q13_random_root_sets,random_root_sets,1,7,7,3,175,243,380429,55058052685693589,380429,13,prime_block_le_13,2,91,4.51085950652,1,0,2,7,0,,-8.33819533577,0,,,,none_visible,0.117021824092,0.333333333333,-0.216311509241,deterministic_seeded_random_sets_same_cardinality,local_obstruction_before_drift
rank1_Q13_exact_power_anchor,exact_power_anchor,1,7,7,3,175,243,380429,55058052685693589,380429,13,prime_block_le_13,2,91,4.51085950652,3,1.09861228867,0,0,12541,49 56 77 140 147 168 231 238 259 322 329 350,-9.43680762444,-8.33814626716,0.999950932588,0.999950932588,0.999950932588,constructed_exact_power_root,0.117021824092,0.333333333333,-0.216311509241,C_from_near_power_row_as_positive_control,positive_control_survivor
rank2_Q13_actual_near_miss,actual_near_miss,2,7,7,3,116,193,217276,10257352303600576,217276,13,prime_block_le_13,2,91,4.51085950652,9,2.19722457734,0,0,21489,1 9 16 22 29 53 74 79 81 92 100 107,-9.97528878458,-7.77807187795,1.00000767074,1.00000767074,1.00000767074,none_visible,0.122355697743,0.333333333333,-0.21097763559,existing_near_power_csv,low_section_survivor_requires_anchor_audit
rank2_Q13_random_root_sets,random_root_sets,2,7,7,3,116,193,217276,10257352303600576,217276,13,prime_block_le_13,2,91,4.51085950652,9,2.19722457734,0,0,21489,15 22 41 48 50 54 61 76 89 106 113 132,-9.97528878458,-7.77807187795,1.00000767074,1.00000767074,1.00000767074,none_visible,0.122355697743,0.333333333333,-0.21097763559,deterministic_seeded_random_sets_same_cardinality,low_section_survivor_requires_anchor_audit
rank2_Q13_exact_power_anchor,exact_power_anchor,2,7,7,3,116,193,217276,10257352303600576,217276,13,prime_block_le_13,2,91,4.51085950652,9,2.19722457734,0,0,21489,20 24 33 34 47 59 73 76 89 111 115 124,-9.97528878458,-7.77807187795,1.00000767074,1.00000767074,1.00000767074,constructed_exact_power_root,0.122355697743,0.333333333333,-0.21097763559,C_from_near_power_row_as_positive_control,positive_control_survivor
rank3_Q13_actual_near_miss,actual_near_miss,3,7,7,3,123,233,335332,37707261911714368,335332,13,prime_block_le_13,2,91,4.51085950652,3,1.09861228867,1,13,0,,-9.31062914697,1.09861228867,,,,none_visible,0.118182382064,0.333333333333,-0.215150951269,existing_near_power_csv,local_obstruction_before_drift
rank3_Q13_random_root_sets,random_root_sets,3,7,7,3,123,233,335332,37707261911714368,335332,13,prime_block_le_13,2,91,4.51085950652,3,1.09861228867,1,13,0,,-9.31062914697,1.09861228867,,,,none_visible,0.118182382064,0.333333333333,-0.215150951269,deterministic_seeded_random_sets_same_cardinality,local_obstruction_before_drift
rank3_Q13_exact_power_anchor,exact_power_anchor,3,7,7,3,123,233,335332,37707261911714368,335332,13,prime_block_le_13,2,91,4.51085950652,9,2.19722457734,0,0,33165,4 23 25 30 36 43 51 64 88 95 114 116,-10.4092414356,-8.21202580462,1.00000894636,1.00000894636,1.00000894636,constructed_exact_power_root,0.118182382064,0.333333333333,-0.215150951269,C_from_near_power_row_as_positive_control,positive_control_survivor
rank4_Q13_actual_near_miss,actual_near_miss,4,7,7,3,166,247,390533,59562540435549437,390533,13,prime_block_le_13,2,91,4.51085950652,1,0,1,13,0,,-8.36440824522,0,,,,none_visible,0.116783577981,0.333333333333,-0.216549755353,existing_near_power_csv,local_obstruction_before_drift
rank4_Q13_random_root_sets,random_root_sets,4,7,7,3,166,247,390533,59562540435549437,390533,13,prime_block_le_13,2,91,4.51085950652,1,0,1,13,0,,-8.36440824522,0,,,,none_visible,0.116783577981,0.333333333333,-0.216549755353,deterministic_seeded_random_sets_same_cardinality,local_obstruction_before_drift
rank4_Q13_exact_power_anchor,exact_power_anchor,4,7,7,3,166,247,390533,59562540435549437,390533,13,prime_block_le_13,2,91,4.51085950652,3,1.09861228867,0,0,12876,13 26 52 104 117 143 195 208 234 286 299 325,-9.46302053388,-8.36450810375,1.00009986352,1.00009986352,1.00009986352,constructed_exact_power_root,0.116783577981,0.333333333333,-0.216549755353,C_from_near_power_row_as_positive_control,positive_control_survivor
rank5_Q13_actual_near_miss,actual_near_miss,5,5,6,4,198,227,3422,137126067287056,3422,13,prime_block_le_13,5,15015,9.61680498042,4,1.38629436112,3,5,0,,0.0925301648454,1.38629436112,1.00051139684,1.00051139684,1.00051139684,none_visible,0.295429714849,0.25,0.0454297148489,existing_near_power_csv,local_obstruction_before_drift
rank5_Q13_random_root_sets,random_root_sets,5,5,6,4,198,227,3422,137126067287056,3422,13,prime_block_le_13,5,15015,9.61680498042,4,1.38629436112,3,5,0,,0.0925301648454,1.38629436112,1.00051139684,1.00051139684,1.00051139684,none_visible,0.295429714849,0.25,0.0454297148489,deterministic_seeded_random_sets_same_cardinality,local_obstruction_before_drift
rank5_Q13_exact_power_anchor,exact_power_anchor,5,5,6,4,198,227,3422,137126067287056,3422,13,prime_block_le_13,5,15015,9.61680498042,128,4.85203026392,0,0,28,76 197 232 419 496 692 769 848 881 1121 1154 1198,-3.37320573795,1.51982575374,1.00113237873,0.999780829924,1.00292226768,constructed_exact_power_root,0.295429714849,0.25,0.0454297148489,C_from_near_power_row_as_positive_control,positive_control_survivor
rank6_Q13_actual_near_miss,actual_near_miss,6,6,6,3,185,218,52827,147423882533283,52827,13,prime_block_le_13,2,91,4.51085950652,1,0,2,7,0,,-6.36391819611,0,,,,none_visible,0.138266719249,0.333333333333,-0.195066614084,existing_near_power_csv,local_obstruction_before_drift
rank6_Q13_random_root_sets,random_root_sets,6,6,6,3,185,218,52827,147423882533283,52827,13,prime_block_le_13,2,91,4.51085950652,1,0,2,7,0,,-6.36391819611,0,,,,none_visible,0.138266719249,0.333333333333,-0.195066614084,deterministic_seeded_random_sets_same_cardinality,local_obstruction_before_drift
rank6_Q13_exact_power_anchor,exact_power_anchor,6,6,6,3,185,218,52827,147423882533283,52827,13,prime_block_le_13,2,91,4.51085950652,9,2.19722457734,0,0,5225,20 24 33 34 47 59 73 76 89 111 115 124,-8.56114277345,-6.3639854995,1.00006730565,1.00006730565,1.00006730565,constructed_exact_power_root,0.138266719249,0.333333333333,-0.195066614084,C_from_near_power_row_as_positive_control,positive_control_survivor
rank7_Q13_actual_near_miss,actual_near_miss,7,6,7,3,162,85,36873,50133199270617,36873,13,prime_block_le_13,2,91,4.51085950652,3,1.09861228867,1,7,0,,-7.10298763703,1.09861228867,,,,none_visible,0.142994412988,0.333333333333,-0.190338920345,existing_near_power_csv,local_obstruction_before_drift
rank7_Q13_random_root_sets,random_root_sets,7,6,7,3,162,85,36873,50133199270617,36873,13,prime_block_le_13,2,91,4.51085950652,3,1.09861228867,1,7,0,,-7.10298763703,1.09861228867,,,,none_visible,0.142994412988,0.333333333333,-0.190338920345,deterministic_seeded_random_sets_same_cardinality,local_obstruction_before_drift
rank7_Q13_exact_power_anchor,exact_power_anchor,7,6,7,3,162,85,36873,50133199270617,36873,13,prime_block_le_13,2,91,4.51085950652,9,2.19722457734,0,0,3648,2 15 18 32 44 57 58 67 71 93 106 109,-8.2015999257,-6.00470977386,1.00033448142,1.00033448142,1.00033448142,constructed_exact_power_root,0.142994412988,0.333333333333,-0.190338920345,C_from_near_power_row_as_positive_control,positive_control_survivor
rank8_Q13_actual_near_miss,actual_near_miss,8,3,6,3,244,27,738,401947272,738,13,prime_block_le_13,2,91,4.51085950652,1,0,0,0,8,91 182 273 364 455 546 637 728,-2.09308431808,-2.07944154168,0.986449864499,0.986449864499,0.986449864499,none_visible,0.227685134132,0.333333333333,-0.105648199201,existing_near_power_csv,low_section_survivor_requires_anchor_audit
rank8_Q13_random_root_sets,random_root_sets,8,3,6,3,244,27,738,401947272,738,13,prime_block_le_13,2,91,4.51085950652,1,0,0,0,9,1 92 183 274 365 456 547 638 729,-2.09308431808,-2.19722457734,1.10975609756,1.10975609756,1.10975609756,none_visible,0.227685134132,0.333333333333,-0.105648199201,deterministic_seeded_random_sets_same_cardinality,low_section_survivor_requires_anchor_audit
rank8_Q13_exact_power_anchor,exact_power_anchor,8,3,6,3,244,27,738,401947272,738,13,prime_block_le_13,2,91,4.51085950652,9,2.19722457734,0,0,73,10 12 17 38 62 69 75 82 90 101 103 108,-4.29030889542,-2.09323486381,1.00015055706,1.00015055706,1.00015055706,constructed_exact_power_root,0.227685134132,0.333333333333,-0.105648199201,C_from_near_power_row_as_positive_control,positive_control_survivor
rank9_Q13_actual_near_miss,actual_near_miss,9,7,7,3,192,205,291752,24833705446251008,291752,13,prime_block_le_13,2,91,4.51085950652,1,0,2,7,0,,-8.07279989879,0,,,,none_visible,0.119489870718,0.333333333333,-0.213843462615,existing_near_power_csv,local_obstruction_before_drift
rank9_Q13_random_root_sets,random_root_sets,9,7,7,3,192,205,291752,24833705446251008,291752,13,prime_block_le_13,2,91,4.51085950652,1,0,2,7,0,,-8.07279989879,0,,,,none_visible,0.119489870718,0.333333333333,-0.213843462615,deterministic_seeded_random_sets_same_cardinality,local_obstruction_before_drift
rank9_Q13_exact_power_anchor,exact_power_anchor,9,7,7,3,192,205,291752,24833705446251008,291752,13,prime_block_le_13,2,91,4.51085950652,9,2.19722457734,0,0,28856,5 6 19 31 41 45 54 80 83 96 97 110,-10.2700244761,-8.07284864525,1.00004874764,1.00004874764,1.00004874764,constructed_exact_power_root,0.119489870718,0.333333333333,-0.213843462615,C_from_near_power_row_as_positive_control,positive_control_survivor
rank10_Q13_actual_near_miss,actual_near_miss,10,7,7,3,121,232,331882,36555362570660968,331882,13,prime_block_le_13,2,91,4.51085950652,1,0,2,7,0,,-8.20167525652,0,,,,none_visible,0.118278523012,0.333333333333,-0.215054810322,existing_near_power_csv,local_obstruction_before_drift
rank10_Q13_random_root_sets,random_root_sets,10,7,7,3,121,232,331882,36555362570660968,331882,13,prime_block_le_13,2,91,4.51085950652,1,0,2,7,0,,-8.20167525652,0,,,,none_visible,0.118278523012,0.333333333333,-0.215054810322,deterministic_seeded_random_sets_same_cardinality,local_obstruction_before_drift
rank10_Q13_exact_power_anchor,exact_power_anchor,10,7,7,3,121,232,331882,36555362570660968,331882,13,prime_block_le_13,2,91,4.51085950652,9,2.19722457734,0,0,32824,5 6 19 31 41 45 54 80 83 96 97 110,-10.3988998339,-8.20169065679,1.00001540039,1.00001540039,1.00001540039,constructed_exact_power_root,0.118278523012,0.333333333333,-0.215054810322,C_from_near_power_row_as_positive_control,positive_control_survivor
rank11_Q13_actual_near_miss,actual_near_miss,11,6,7,3,243,121,83665,585640963104625,83665,13,prime_block_le_13,2,91,4.51085950652,3,1.09861228867,1,7,0,,-7.92232879108,1.09861228867,,,,none_visible,0.132657792786,0.333333333333,-0.200675540548,existing_near_power_csv,local_obstruction_before_drift
rank11_Q13_random_root_sets,random_root_sets,11,6,7,3,243,121,83665,585640963104625,83665,13,prime_block_le_13,2,91,4.51085950652,3,1.09861228867,1,7,0,,-7.92232879108,1.09861228867,,,,none_visible,0.132657792786,0.333333333333,-0.200675540548,deterministic_seeded_random_sets_same_cardinality,local_obstruction_before_drift
rank11_Q13_exact_power_anchor,exact_power_anchor,11,6,7,3,243,121,83665,585640963104625,83665,13,prime_block_le_13,2,91,4.51085950652,9,2.19722457734,0,0,8276,4 23 25 30 36 43 51 64 88 95 114 116,-9.02094107975,-6.82389046153,1.00017397425,1.00017397425,1.00017397425,constructed_exact_power_root,0.132657792786,0.333333333333,-0.200675540548,C_from_near_power_row_as_positive_control,positive_control_survivor
rank12_Q13_actual_near_miss,actual_near_miss,12,5,6,3,153,137,18848,6695697416192,18848,13,prime_block_le_13,2,91,4.51085950652,1,0,1,13,0,,-5.33330257993,0,,,,none_visible,0.15274228749,0.333333333333,-0.180591045843,existing_near_power_csv,local_obstruction_before_drift
rank12_Q13_random_root_sets,random_root_sets,12,5,6,3,153,137,18848,6695697416192,18848,13,prime_block_le_13,2,91,4.51085950652,1,0,1,13,0,,-5.33330257993,0,,,,none_visible,0.15274228749,0.333333333333,-0.180591045843,deterministic_seeded_random_sets_same_cardinality,local_obstruction_before_drift
rank12_Q13_exact_power_anchor,exact_power_anchor,12,5,6,3,153,137,18848,6695697416192,18848,13,prime_block_le_13,2,91,4.51085950652,9,2.19722457734,0,0,1865,8 11 37 46 50 60 72 85 86 99 102 128,-7.53052715727,-5.33379175474,1.00048929447,1.00048929447,1.00048929447,constructed_exact_power_root,0.15274228749,0.333333333333,-0.180591045843,C_from_near_power_row_as_positive_control,positive_control_survivor
rank13_Q13_actual_near_miss,actual_near_miss,13,7,7,3,169,231,339224,39035496952231424,339224,13,prime_block_le_13,2,91,4.51085950652,3,1.09861228867,1,13,0,,-9.32216871727,1.09861228867,,,,none_visible,0.118075288507,0.333333333333,-0.215258044826,existing_near_power_csv,local_obstruction_before_drift
rank13_Q13_random_root_sets,random_root_sets,13,7,7,3,169,231,339224,39035496952231424,339224,13,prime_block_le_13,2,91,4.51085950652,3,1.09861228867,1,13,0,,-9.32216871727,1.09861228867,,,,none_visible,0.118075288507,0.333333333333,-0.215258044826,deterministic_seeded_random_sets_same_cardinality,local_obstruction_before_drift
rank13_Q13_exact_power_anchor,exact_power_anchor,13,7,7,3,169,231,339224,39035496952231424,339224,13,prime_block_le_13,2,91,4.51085950652,9,2.19722457734,0,0,33551,2 15 18 32 44 57 58 67 71 93 106 109,-10.4207810059,-8.22359737088,1.00004094312,1.00004094312,1.00004094312,constructed_exact_power_root,0.118075288507,0.333333333333,-0.215258044826,C_from_near_power_row_as_positive_control,positive_control_survivor
rank14_Q13_actual_near_miss,actual_near_miss,14,6,7,3,249,233,334775,37519673991734375,334775,13,prime_block_le_13,2,91,4.51085950652,1,0,2,7,0,,-8.21035443685,0,,,,none_visible,0.118197826261,0.333333333333,-0.215135507072,existing_near_power_csv,local_obstruction_before_drift
rank14_Q13_random_root_sets,random_root_sets,14,6,7,3,249,233,334775,37519673991734375,334775,13,prime_block_le_13,2,91,4.51085950652,1,0,2,7,0,,-8.21035443685,0,,,,none_visible,0.118197826261,0.333333333333,-0.215135507072,deterministic_seeded_random_sets_same_cardinality,local_obstruction_before_drift
rank14_Q13_exact_power_anchor,exact_power_anchor,14,6,7,3,249,233,334775,37519673991734375,334775,13,prime_block_le_13,2,91,4.51085950652,3,1.09861228867,0,0,11037,49 56 77 140 147 168 231 238 259 322 329 350,-9.30896672552,-8.2103962551,1.00004181913,1.00004181913,1.00004181913,constructed_exact_power_root,0.118197826261,0.333333333333,-0.215135507072,C_from_near_power_row_as_positive_control,positive_control_survivor
rank15_Q13_actual_near_miss,actual_near_miss,15,7,7,3,158,243,374419,52489645185002059,374419,13,prime_block_le_13,2,91,4.51085950652,1,0,2,7,0,,-8.32227126364,0,,,,none_visible,0.117167031369,0.333333333333,-0.216166301965,existing_near_power_csv,local_obstruction_before_drift
rank15_Q13_random_root_sets,random_root_sets,15,7,7,3,158,243,374419,52489645185002059,374419,13,prime_block_le_13,2,91,4.51085950652,1,0,2,7,0,,-8.32227126364,0,,,,none_visible,0.117167031369,0.333333333333,-0.216166301965,deterministic_seeded_random_sets_same_cardinality,local_obstruction_before_drift
rank15_Q13_exact_power_anchor,exact_power_anchor,15,7,7,3,158,243,374419,52489645185002059,374419,13,prime_block_le_13,2,91,4.51085950652,9,2.19722457734,0,0,37032,5 6 19 31 41 45 54 80 83 96 97 110,-10.519495841,-8.32231310537,1.00004184261,1.00004184261,1.00004184261,constructed_exact_power_root,0.117167031369,0.333333333333,-0.216166301965,C_from_near_power_row_as_positive_control,positive_control_survivor
rank16_Q13_actual_near_miss,actual_near_miss,16,7,7,3,233,236,427367,78055399815039863,427367,13,prime_block_le_13,2,91,4.51085950652,1,0,1,13,0,,-8.45453890133,0,,,,none_visible,0.115971741724,0.333333333333,-0.217361591609,existing_near_power_csv,local_obstruction_before_drift
rank16_Q13_random_root_sets,random_root_sets,16,7,7,3,233,236,427367,78055399815039863,427367,13,prime_block_le_13,2,91,4.51085950652,1,0,1,13,0,,-8.45453890133,0,,,,none_visible,0.115971741724,0.333333333333,-0.217361591609,deterministic_seeded_random_sets_same_cardinality,local_obstruction_before_drift
rank16_Q13_exact_power_anchor,exact_power_anchor,16,7,7,3,233,236,427367,78055399815039863,427367,13,prime_block_le_13,2,91,4.51085950652,9,2.19722457734,0,0,42268,5 6 19 31 41 45 54 80 83 96 97 110,-10.6517634787,-8.45456100022,1.00002209914,1.00002209914,1.00002209914,constructed_exact_power_root,0.115971741724,0.333333333333,-0.217361591609,C_from_near_power_row_as_positive_control,positive_control_survivor
rank17_Q13_actual_near_miss,actual_near_miss,17,6,7,3,162,197,225934,11533065905080504,225934,13,prime_block_le_13,2,91,4.51085950652,1,0,2,7,0,,-7.81713869369,0,,,,none_visible,0.121967882465,0.333333333333,-0.211365450869,existing_near_power_csv,local_obstruction_before_drift
rank17_Q13_random_root_sets,random_root_sets,17,6,7,3,162,197,225934,11533065905080504,225934,13,prime_block_le_13,2,91,4.51085950652,1,0,2,7,0,,-7.81713869369,0,,,,none_visible,0.121967882465,0.333333333333,-0.211365450869,deterministic_seeded_random_sets_same_cardinality,local_obstruction_before_drift
rank17_Q13_exact_power_anchor,exact_power_anchor,17,6,7,3,162,197,225934,11533065905080504,225934,13,prime_block_le_13,2,91,4.51085950652,9,2.19722457734,0,0,22345,8 11 37 46 50 60 72 85 86 99 102 128,-10.014363271,-7.81713328403,0.999994590357,0.999994590357,0.999994590357,constructed_exact_power_root,0.121967882465,0.333333333333,-0.211365450869,C_from_near_power_row_as_positive_control,positive_control_survivor
rank18_Q13_actual_near_miss,actual_near_miss,18,7,7,3,195,197,281203,22236162996552427,281203,13,prime_block_le_13,2,91,4.51085950652,1,0,1,13,0,,-8.03597260091,0,,,,none_visible,0.119840595828,0.333333333333,-0.213492737505,existing_near_power_csv,local_obstruction_before_drift
rank18_Q13_random_root_sets,random_root_sets,18,7,7,3,195,197,281203,22236162996552427,281203,13,prime_block_le_13,2,91,4.51085950652,1,0,1,13,0,,-8.03597260091,0,,,,none_visible,0.119840595828,0.333333333333,-0.213492737505,deterministic_seeded_random_sets_same_cardinality,local_obstruction_before_drift
rank18_Q13_exact_power_anchor,exact_power_anchor,18,7,7,3,195,197,281203,22236162996552427,281203,13,prime_block_le_13,2,91,4.51085950652,3,1.09861228867,0,0,9271,13 26 52 104 117 143 195 208 234 286 299 325,-9.13458488958,-8.03603423894,1.00006163993,1.00006163993,1.00006163993,constructed_exact_power_root,0.119840595828,0.333333333333,-0.213492737505,C_from_near_power_row_as_positive_control,positive_control_survivor
rank19_Q13_actual_near_miss,actual_near_miss,19,7,7,3,139,245,377950,53988722234875000,377950,13,prime_block_le_13,2,91,4.51085950652,3,1.09861228867,1,13,0,,-9.43026997287,1.09861228867,,,,none_visible,0.117081395584,0.333333333333,-0.216251937749,existing_near_power_csv,local_obstruction_before_drift
rank19_Q13_random_root_sets,random_root_sets,19,7,7,3,139,245,377950,53988722234875000,377950,13,prime_block_le_13,2,91,4.51085950652,3,1.09861228867,1,13,0,,-9.43026997287,1.09861228867,,,,none_visible,0.117081395584,0.333333333333,-0.216251937749,deterministic_seeded_random_sets_same_cardinality,local_obstruction_before_drift
rank19_Q13_exact_power_anchor,exact_power_anchor,19,7,7,3,139,245,377950,53988722234875000,377950,13,prime_block_le_13,2,91,4.51085950652,9,2.19722457734,0,0,37379,3 27 40 48 55 61 66 68 87 94 118 131,-10.5288822615,-8.33163975104,0.999982066999,0.999982066999,0.999982066999,constructed_exact_power_root,0.117081395584,0.333333333333,-0.216251937749,C_from_near_power_row_as_positive_control,positive_control_survivor
rank20_Q13_actual_near_miss,actual_near_miss,20,6,7,3,157,161,141264,2818996251807744,141264,13,prime_block_le_13,2,91,4.51085950652,3,1.09861228867,1,13,0,,-8.44613854129,1.09861228867,,,,none_visible,0.126798020072,0.333333333333,-0.206535313262,existing_near_power_csv,local_obstruction_before_drift
rank20_Q13_random_root_sets,random_root_sets,20,6,7,3,157,161,141264,2818996251807744,141264,13,prime_block_le_13,2,91,4.51085950652,3,1.09861228867,1,13,0,,-8.44613854129,1.09861228867,,,,none_visible,0.126798020072,0.333333333333,-0.206535313262,deterministic_seeded_random_sets_same_cardinality,local_obstruction_before_drift
rank20_Q13_exact_power_anchor,exact_power_anchor,20,6,7,3,157,161,141264,2818996251807744,141264,13,prime_block_le_13,2,91,4.51085950652,9,2.19722457734,0,0,13972,2 15 18 32 44 57 58 67 71 93 106 109,-9.54475082996,-7.34758602859,1.00005977775,1.00005977775,1.00005977775,constructed_exact_power_root,0.126798020072,0.333333333333,-0.206535313262,C_from_near_power_row_as_positive_control,positive_control_survivor
rank21_Q13_actual_near_miss,actual_near_miss,21,7,7,3,145,231,331550,36445767198875000,331550,13,prime_block_le_13,2,91,4.51085950652,3,1.09861228867,1,7,0,,-9.29928668895,1.09861228867,,,,none_visible,0.118287835798,0.333333333333,-0.215045497536,existing_near_power_csv,local_obstruction_before_drift
rank21_Q13_random_root_sets,random_root_sets,21,7,7,3,145,231,331550,36445767198875000,331550,13,prime_block_le_13,2,91,4.51085950652,3,1.09861228867,1,7,0,,-9.29928668895,1.09861228867,,,,none_visible,0.118287835798,0.333333333333,-0.215045497536,deterministic_seeded_random_sets_same_cardinality,local_obstruction_before_drift
rank21_Q13_exact_power_anchor,exact_power_anchor,21,7,7,3,145,231,331550,36445767198875000,331550,13,prime_block_le_13,2,91,4.51085950652,9,2.19722457734,0,0,32790,8 11 37 46 50 60 72 85 86 99 102 128,-10.3978989776,-8.2006542925,0.999979892424,0.999979892424,0.999979892424,constructed_exact_power_root,0.118287835798,0.333333333333,-0.215045497536,C_from_near_power_row_as_positive_control,positive_control_survivor
rank22_Q13_actual_near_miss,actual_near_miss,22,7,7,3,181,216,304744,28301241748662784,304744,13,prime_block_le_13,2,91,4.51085950652,1,0,2,7,0,,-8.11636785236,0,,,,none_visible,0.119077592631,0.333333333333,-0.214255740702,existing_near_power_csv,local_obstruction_before_drift
rank22_Q13_random_root_sets,random_root_sets,22,7,7,3,181,216,304744,28301241748662784,304744,13,prime_block_le_13,2,91,4.51085950652,1,0,2,7,0,,-8.11636785236,0,,,,none_visible,0.119077592631,0.333333333333,-0.214255740702,deterministic_seeded_random_sets_same_cardinality,local_obstruction_before_drift
rank22_Q13_exact_power_anchor,exact_power_anchor,22,7,7,3,181,216,304744,28301241748662784,304744,13,prime_block_le_13,2,91,4.51085950652,9,2.19722457734,0,0,30140,20 24 33 34 47 59 73 76 89 111 115 124,-10.3135924297,-8.11638389484,1.00001604261,1.00001604261,1.00001604261,constructed_exact_power_root,0.119077592631,0.333333333333,-0.214255740702,C_from_near_power_row_as_positive_control,positive_control_survivor
rank23_Q13_actual_near_miss,actual_near_miss,23,6,7,3,250,243,369079,50275686066280039,369079,13,prime_block_le_13,2,91,4.51085950652,3,1.09861228867,1,13,0,,-9.4065187744,1.09861228867,,,,none_visible,0.117298329372,0.333333333333,-0.216035003961,existing_near_power_csv,local_obstruction_before_drift
rank23_Q13_random_root_sets,random_root_sets,23,6,7,3,250,243,369079,50275686066280039,369079,13,prime_block_le_13,2,91,4.51085950652,3,1.09861228867,1,13,0,,-9.4065187744,1.09861228867,,,,none_visible,0.117298329372,0.333333333333,-0.216035003961,deterministic_seeded_random_sets_same_cardinality,local_obstruction_before_drift
rank23_Q13_exact_power_anchor,exact_power_anchor,23,6,7,3,250,243,369079,50275686066280039,369079,13,prime_block_le_13,2,91,4.51085950652,9,2.19722457734,0,0,36502,1 9 16 22 29 53 74 79 81 92 100 107,-10.5051310631,-8.30789775525,0.99999126956,0.99999126956,0.99999126956,constructed_exact_power_root,0.117298329372,0.333333333333,-0.216035003961,C_from_near_power_row_as_positive_control,positive_control_survivor
rank24_Q13_actual_near_miss,actual_near_miss,24,7,6,4,75,167,2433,35040350021121,2433,13,prime_block_le_13,5,15015,9.61680498042,8,2.07944154168,3,5,0,,-0.259516904046,2.07944154168,0.99784217016,0.99784217016,0.99784217016,none_visible,0.308354257011,0.25,0.0583542570112,existing_near_power_csv,local_obstruction_before_drift
rank24_Q13_random_root_sets,random_root_sets,24,7,6,4,75,167,2433,35040350021121,2433,13,prime_block_le_13,5,15015,9.61680498042,8,2.07944154168,3,5,0,,-0.259516904046,2.07944154168,0.995838471023,0.995838471023,0.995838471023,none_visible,0.308354257011,0.25,0.0583542570112,deterministic_seeded_random_sets_same_cardinality,local_obstruction_before_drift
rank24_Q13_exact_power_anchor,exact_power_anchor,24,7,6,4,75,167,2433,35040350021121,2433,13,prime_block_le_13,5,15015,9.61680498042,64,4.15888308336,0,0,11,24 354 717 816 1263 1362 1641 2103 2187 2286 2433,-2.33895844573,1.76098781056,1.00331381011,1.00030826141,1.00652486642,constructed_exact_power_root,0.308354257011,0.25,0.0583542570112,C_from_near_power_row_as_positive_control,positive_control_survivor
rank25_Q13_actual_near_miss,actual_near_miss,25,7,7,3,103,178,179511,5784598208409831,179511,13,prime_block_le_13,2,91,4.51085950652,9,2.19722457734,0,0,17755,2 15 18 32 44 57 58 67 71 93 106 109,-9.78435683719,-7.58719786804,1.00006561034,1.00006561034,1.00006561034,none_visible,0.124286729942,0.333333333333,-0.209046603391,existing_near_power_csv,low_section_survivor_requires_anchor_audit
rank25_Q13_random_root_sets,random_root_sets,25,7,7,3,103,178,179511,5784598208409831,179511,13,prime_block_le_13,2,91,4.51085950652,9,2.19722457734,0,0,17751,2 46 59 60 67 72 73 80 86 93 137 150,-9.78435683719,-7.58697255401,0.999840306908,0.999840306908,0.999840306908,none_visible,0.124286729942,0.333333333333,-0.209046603391,deterministic_seeded_random_sets_same_cardinality,low_section_survivor_requires_anchor_audit
rank25_Q13_exact_power_anchor,exact_power_anchor,25,7,7,3,103,178,179511,5784598208409831,179511,13,prime_block_le_13,2,91,4.51085950652,9,2.19722457734,0,0,17754,20 24 33 34 47 59 73 76 89 111 115 124,-9.78435683719,-7.58714154429,1.00000928448,1.00000928448,1.00000928448,constructed_exact_power_root,0.124286729942,0.333333333333,-0.209046603391,C_from_near_power_row_as_positive_control,positive_control_survivor
rank26_Q13_actual_near_miss,actual_near_miss,26,6,7,3,226,151,124358,1923185546890712,124358,13,prime_block_le_13,2,91,4.51085950652,1,0,2,7,0,,-7.22006027518,0,,,,none_visible,0.128175783612,0.333333333333,-0.205157549722,existing_near_power_csv,local_obstruction_before_drift
rank26_Q13_random_root_sets,random_root_sets,26,6,7,3,226,151,124358,1923185546890712,124358,13,prime_block_le_13,2,91,4.51085950652,1,0,2,7,0,,-7.22006027518,0,,,,none_visible,0.128175783612,0.333333333333,-0.205157549722,deterministic_seeded_random_sets_same_cardinality,local_obstruction_before_drift
rank26_Q13_exact_power_anchor,exact_power_anchor,26,6,7,3,226,151,124358,1923185546890712,124358,13,prime_block_le_13,2,91,4.51085950652,3,1.09861228867,0,0,4101,13 26 52 104 117 143 195 208 234 286 299 325,-8.31867256385,-7.22037383672,1.0003136107,1.0003136107,1.0003136107,constructed_exact_power_root,0.128175783612,0.333333333333,-0.205157549722,C_from_near_power_row_as_positive_control,positive_control_survivor
rank27_Q13_actual_near_miss,actual_near_miss,27,7,7,3,171,172,205898,8728837012610792,205898,13,prime_block_le_13,2,91,4.51085950652,3,1.09861228867,0,0,6789,14 35 42 105 126 133 196 217 224 287 308 315,-8.82288896167,-7.72444664563,1.00016998708,1.00016998708,1.00016998708,none_visible,0.122893592147,0.333333333333,-0.210439741187,existing_near_power_csv,low_section_survivor_requires_anchor_audit
rank27_Q13_random_root_sets,random_root_sets,27,7,7,3,171,172,205898,8728837012610792,205898,13,prime_block_le_13,2,91,4.51085950652,3,1.09861228867,0,0,6788,4 53 67 95 144 158 186 235 249 277 326 340,-8.82288896167,-7.72429933769,1.00002266494,1.00002266494,1.00002266494,none_visible,0.122893592147,0.333333333333,-0.210439741187,deterministic_seeded_random_sets_same_cardinality,low_section_survivor_requires_anchor_audit
rank27_Q13_exact_power_anchor,exact_power_anchor,27,7,7,3,171,172,205898,8728837012610792,205898,13,prime_block_le_13,2,91,4.51085950652,3,1.09861228867,0,0,6788,49 56 77 140 147 168 231 238 259 322 329 350,-8.82288896167,-7.72429933769,1.00002266494,1.00002266494,1.00002266494,constructed_exact_power_root,0.122893592147,0.333333333333,-0.210439741187,C_from_near_power_row_as_positive_control,positive_control_survivor
rank28_Q13_actual_near_miss,actual_near_miss,28,6,6,3,89,170,29097,24634550495673,29097,13,prime_block_le_13,2,91,4.51085950652,1,0,1,7,0,,-5.76753084854,0,,,,none_visible,0.146289426998,0.333333333333,-0.187043906335,existing_near_power_csv,local_obstruction_before_drift
rank28_Q13_random_root_sets,random_root_sets,28,6,6,3,89,170,29097,24634550495673,29097,13,prime_block_le_13,2,91,4.51085950652,1,0,1,7,0,,-5.76753084854,0,,,,none_visible,0.146289426998,0.333333333333,-0.187043906335,deterministic_seeded_random_sets_same_cardinality,local_obstruction_before_drift
rank28_Q13_exact_power_anchor,exact_power_anchor,28,6,6,3,89,170,29097,24634550495673,29097,13,prime_block_le_13,2,91,4.51085950652,9,2.19722457734,0,0,2879,3 27 40 48 55 61 66 68 87 94 118 131,-7.96475542588,-5.76797371328,1.00044296281,1.00044296281,1.00044296281,constructed_exact_power_root,0.146289426998,0.333333333333,-0.187043906335,C_from_near_power_row_as_positive_control,positive_control_survivor
rank29_Q13_actual_near_miss,actual_near_miss,29,7,6,3,21,100,10006,1001801080216,10006,13,prime_block_le_13,2,91,4.51085950652,3,1.09861228867,1,13,0,,-5.7986929742,1.09861228867,,,,none_visible,0.163242818231,0.333333333333,-0.170090515102,existing_near_power_csv,local_obstruction_before_drift
rank29_Q13_random_root_sets,random_root_sets,29,7,6,3,21,100,10006,1001801080216,10006,13,prime_block_le_13,2,91,4.51085950652,3,1.09861228867,1,13,0,,-5.7986929742,1.09861228867,,,,none_visible,0.163242818231,0.333333333333,-0.170090515102,deterministic_seeded_random_sets_same_cardinality,local_obstruction_before_drift
rank29_Q13_exact_power_anchor,exact_power_anchor,29,7,6,3,21,100,10006,1001801080216,10006,13,prime_block_le_13,2,91,4.51085950652,9,2.19722457734,0,0,990,3 27 40 48 55 61 66 68 87 94 118 131,-6.89730526287,-4.70048036579,1.00039976014,1.00039976014,1.00039976014,constructed_exact_power_root,0.163242818231,0.333333333333,-0.170090515102,C_from_near_power_row_as_positive_control,positive_control_survivor
rank30_Q13_actual_near_miss,actual_near_miss,30,7,7,3,214,233,386721,57835336698683361,386721,13,prime_block_le_13,2,91,4.51085950652,3,1.09861228867,1,13,0,,-9.45321156394,1.09861228867,,,,none_visible,0.116872616905,0.333333333333,-0.216460716429,existing_near_power_csv,local_obstruction_before_drift
rank30_Q13_random_root_sets,random_root_sets,30,7,7,3,214,233,386721,57835336698683361,386721,13,prime_block_le_13,2,91,4.51085950652,3,1.09861228867,1,13,0,,-9.45321156394,1.09861228867,,,,none_visible,0.116872616905,0.333333333333,-0.216460716429,deterministic_seeded_random_sets_same_cardinality,local_obstruction_before_drift
rank30_Q13_exact_power_anchor,exact_power_anchor,30,7,7,3,214,233,386721,57835336698683361,386721,13,prime_block_le_13,2,91,4.51085950652,9,2.19722457734,0,0,38246,10 12 17 38 62 69 75 82 90 101 103 108,-10.5518238526,-8.35456968129,0.999970406457,0.999970406457,0.999970406457,constructed_exact_power_root,0.116872616905,0.333333333333,-0.216460716429,C_from_near_power_row_as_positive_control,positive_control_survivor
rank31_Q13_actual_near_miss,actual_near_miss,31,6,6,3,103,148,22704,11703267569664,22704,13,prime_block_le_13,2,91,4.51085950652,1,0,1,7,0,,-5.51943689288,0,,,,none_visible,0.149907816841,0.333333333333,-0.183425516492,existing_near_power_csv,local_obstruction_before_drift
rank31_Q13_random_root_sets,random_root_sets,31,6,6,3,103,148,22704,11703267569664,22704,13,prime_block_le_13,2,91,4.51085950652,1,0,1,7,0,,-5.51943689288,0,,,,none_visible,0.149907816841,0.333333333333,-0.183425516492,deterministic_seeded_random_sets_same_cardinality,local_obstruction_before_drift
rank31_Q13_exact_power_anchor,exact_power_anchor,31,6,6,3,103,148,22704,11703267569664,22704,13,prime_block_le_13,2,91,4.51085950652,9,2.19722457734,0,0,2247,5 6 19 31 41 45 54 80 83 96 97 110,-7.71666147022,-5.52012669485,1.00069003993,1.00069003993,1.00069003993,constructed_exact_power_root,0.149907816841,0.333333333333,-0.183425516492,C_from_near_power_row_as_positive_control,positive_control_survivor
rank32_Q13_actual_near_miss,actual_near_miss,32,7,6,4,90,239,3912,234204580417536,3912,13,prime_block_le_13,5,15015,9.61680498042,8,2.07944154168,2,11,0,,-0.734440592417,2.07944154168,0.999808282209,0.999808282209,0.999808282209,none_visible,0.290650169667,0.25,0.0406501696666,existing_near_power_csv,local_obstruction_before_drift
rank32_Q13_random_root_sets,random_root_sets,32,7,6,4,90,239,3912,234204580417536,3912,13,prime_block_le_13,5,15015,9.61680498042,8,2.07944154168,2,11,0,,-0.734440592417,2.07944154168,0.999808282209,0.999808282209,0.999808282209,none_visible,0.290650169667,0.25,0.0406501696666,deterministic_seeded_random_sets_same_cardinality,local_obstruction_before_drift
rank32_Q13_exact_power_anchor,exact_power_anchor,32,7,6,4,90,239,3912,234204580417536,3912,13,prime_block_le_13,5,15015,9.61680498042,64,4.15888308336,0,0,19,183 216 246 447 876 909 1338 2094 2127 2358 2556 2757,-2.8138821341,1.21444410419,1.00127013037,0.999808282209,1.00383435583,constructed_exact_power_root,0.290650169667,0.25,0.0406501696666,C_from_near_power_row_as_positive_control,positive_control_survivor
rank33_Q13_actual_near_miss,actual_near_miss,33,5,7,3,206,93,39266,60541055273096,39266,13,prime_block_le_13,2,91,4.51085950652,3,1.09861228867,0,0,1295,7 21 63 98 112 154 189 203 245 280 294 336,-7.16586706561,-6.06765368547,1.0003989881,1.0003989881,1.0003989881,none_visible,0.142144412058,0.333333333333,-0.191188921275,existing_near_power_csv,low_section_survivor_requires_anchor_audit
rank33_Q13_random_root_sets,random_root_sets,33,5,7,3,206,93,39266,60541055273096,39266,13,prime_block_le_13,2,91,4.51085950652,3,1.09861228867,0,0,1295,18 39 53 109 130 144 200 221 235 291 312 326,-7.16586706561,-6.06765368547,1.0003989881,1.0003989881,1.0003989881,none_visible,0.142144412058,0.333333333333,-0.191188921275,deterministic_seeded_random_sets_same_cardinality,low_section_survivor_requires_anchor_audit
rank33_Q13_exact_power_anchor,exact_power_anchor,33,5,7,3,206,93,39266,60541055273096,39266,13,prime_block_le_13,2,91,4.51085950652,9,2.19722457734,0,0,3885,5 6 19 31 41 45 54 80 83 96 97 110,-8.26447935428,-6.06765368547,1.0003989881,1.0003989881,1.0003989881,constructed_exact_power_root,0.142144412058,0.333333333333,-0.191188921275,C_from_near_power_row_as_positive_control,positive_control_survivor
rank34_Q13_actual_near_miss,actual_near_miss,34,7,7,3,217,218,358452,46056721898841408,358452,13,prime_block_le_13,2,91,4.51085950652,3,1.09861228867,1,13,0,,-9.377302821,1.09861228867,,,,none_visible,0.117566281139,0.333333333333,-0.215767052195,existing_near_power_csv,local_obstruction_before_drift
rank34_Q13_random_root_sets,random_root_sets,34,7,7,3,217,218,358452,46056721898841408,358452,13,prime_block_le_13,2,91,4.51085950652,3,1.09861228867,1,13,0,,-9.377302821,1.09861228867,,,,none_visible,0.117566281139,0.333333333333,-0.215767052195,deterministic_seeded_random_sets_same_cardinality,local_obstruction_before_drift
rank34_Q13_exact_power_anchor,exact_power_anchor,34,7,7,3,217,218,358452,46056721898841408,358452,13,prime_block_le_13,2,91,4.51085950652,9,2.19722457734,0,0,35452,3 27 40 48 55 61 66 68 87 94 118 131,-10.4759151097,-8.27871037052,1.00001983839,1.00001983839,1.00001983839,constructed_exact_power_root,0.117566281139,0.333333333333,-0.215767052195,C_from_near_power_row_as_positive_control,positive_control_survivor
rank35_Q13_actual_near_miss,actual_near_miss,35,7,7,3,91,148,117132,1607039962123968,117132,13,prime_block_le_13,2,91,4.51085950652,9,2.19722457734,0,0,11585,2 15 18 32 44 57 58 67 71 93 106 109,-9.35742185378,-7.16024185953,1.00004458408,1.00004458408,1.00004458408,none_visible,0.128833220801,0.333333333333,-0.204500112532,existing_near_power_csv,low_section_survivor_requires_anchor_audit
rank35_Q13_random_root_sets,random_root_sets,35,7,7,3,91,148,117132,1607039962123968,117132,13,prime_block_le_13,2,91,4.51085950652,9,2.19722457734,0,0,11585,6 13 50 63 71 76 78 84 91 97 104 141,-9.35742185378,-7.16024185953,1.00004458408,1.00004458408,1.00004458408,none_visible,0.128833220801,0.333333333333,-0.204500112532,deterministic_seeded_random_sets_same_cardinality,low_section_survivor_requires_anchor_audit
rank35_Q13_exact_power_anchor,exact_power_anchor,35,7,7,3,91,148,117132,1607039962123968,117132,13,prime_block_le_13,2,91,4.51085950652,9,2.19722457734,0,0,11585,2 15 18 32 44 57 58 67 71 93 106 109,-9.35742185378,-7.16024185953,1.00004458408,1.00004458408,1.00004458408,constructed_exact_power_root,0.128833220801,0.333333333333,-0.204500112532,C_from_near_power_row_as_positive_control,positive_control_survivor
rank36_Q13_actual_near_miss,actual_near_miss,36,7,7,3,108,149,121685,1801818905094125,121685,13,prime_block_le_13,2,91,4.51085950652,1,0,2,7,0,,-7.19833151096,0,,,,none_visible,0.128413639615,0.333333333333,-0.204919693718,existing_near_power_csv,local_obstruction_before_drift
rank36_Q13_random_root_sets,random_root_sets,36,7,7,3,108,149,121685,1801818905094125,121685,13,prime_block_le_13,2,91,4.51085950652,1,0,2,7,0,,-7.19833151096,0,,,,none_visible,0.128413639615,0.333333333333,-0.204919693718,deterministic_seeded_random_sets_same_cardinality,local_obstruction_before_drift
rank36_Q13_exact_power_anchor,exact_power_anchor,36,7,7,3,108,149,121685,1801818905094125,121685,13,prime_block_le_13,2,91,4.51085950652,9,2.19722457734,0,0,12036,2 15 18 32 44 57 58 67 71 93 106 109,-9.3955560883,-7.19843286041,1.00010135459,1.00010135459,1.00010135459,constructed_exact_power_root,0.128413639615,0.333333333333,-0.204919693718,C_from_near_power_row_as_positive_control,positive_control_survivor
rank37_Q13_actual_near_miss,actual_near_miss,37,5,7,4,118,79,2094,19226786746896,2094,13,prime_block_le_13,5,15015,9.61680498042,2,0.69314718056,4,3,0,,1.27682640843,0.69314718056,,,,none_visible,0.314404898191,0.25,0.0644048981907,existing_near_power_csv,local_obstruction_before_drift
rank37_Q13_random_root_sets,random_root_sets,37,5,7,4,118,79,2094,19226786746896,2094,13,prime_block_le_13,5,15015,9.61680498042,2,0.69314718056,4,3,0,,1.27682640843,0.69314718056,,,,none_visible,0.314404898191,0.25,0.0644048981907,deterministic_seeded_random_sets_same_cardinality,local_obstruction_before_drift
rank37_Q13_exact_power_anchor,exact_power_anchor,37,5,7,4,118,79,2094,19226786746896,2094,13,prime_block_le_13,5,15015,9.61680498042,64,4.15888308336,0,0,8,183 216 246 447 876 909 1338 2094,-2.18890949437,2.07944154168,1.00279071156,1.00077602674,1.00728271251,constructed_exact_power_root,0.314404898191,0.25,0.0644048981907,C_from_near_power_row_as_positive_control,positive_control_survivor
rank38_Q13_actual_near_miss,actual_near_miss,38,6,7,3,245,134,99734,992041207978904,99734,13,prime_block_le_13,2,91,4.51085950652,3,1.09861228867,1,13,0,,-8.09801470304,1.09861228867,,,,none_visible,0.130632981755,0.333333333333,-0.202700351578,existing_near_power_csv,local_obstruction_before_drift
rank38_Q13_random_root_sets,random_root_sets,38,6,7,3,245,134,99734,992041207978904,99734,13,prime_block_le_13,2,91,4.51085950652,3,1.09861228867,1,13,0,,-8.09801470304,1.09861228867,,,,none_visible,0.130632981755,0.333333333333,-0.202700351578,deterministic_seeded_random_sets_same_cardinality,local_obstruction_before_drift
rank38_Q13_exact_power_anchor,exact_power_anchor,38,6,7,3,245,134,99734,992041207978904,99734,13,prime_block_le_13,2,91,4.51085950652,9,2.19722457734,0,0,9864,20 24 33 34 47 59 73 76 89 111 115 124,-9.1966269917,-6.99942246751,1.00002005334,1.00002005334,1.00002005334,constructed_exact_power_root,0.130632981755,0.333333333333,-0.202700351578,C_from_near_power_row_as_positive_control,positive_control_survivor
rank39_Q13_actual_near_miss,actual_near_miss,39,7,7,3,99,182,188593,6707747514563857,188593,13,prime_block_le_13,2,91,4.51085950652,9,2.19722457734,0,0,18651,8 11 37 46 50 60 72 85 86 99 102 128,-9.83371160372,-7.6364304656,0.999943440813,0.999943440813,0.999943440813,none_visible,0.12378175196,0.333333333333,-0.209551581374,existing_near_power_csv,low_section_survivor_requires_anchor_audit
rank39_Q13_random_root_sets,random_root_sets,39,7,7,3,99,182,188593,6707747514563857,188593,13,prime_block_le_13,2,91,4.51085950652,9,2.19722457734,0,0,18651,16 21 34 42 44 55 70 83 86 107 112 125,-9.83371160372,-7.6364304656,0.999943440813,0.999943440813,0.999943440813,none_visible,0.12378175196,0.333333333333,-0.209551581374,deterministic_seeded_random_sets_same_cardinality,low_section_survivor_requires_anchor_audit
rank39_Q13_exact_power_anchor,exact_power_anchor,39,7,7,3,99,182,188593,6707747514563857,188593,13,prime_block_le_13,2,91,4.51085950652,9,2.19722457734,0,0,18653,5 6 19 31 41 45 54 80 83 96 97 110,-9.83371160372,-7.63653769271,1.0000506676,1.0000506676,1.0000506676,constructed_exact_power_root,0.12378175196,0.333333333333,-0.209551581374,C_from_near_power_row_as_positive_control,positive_control_survivor
rank40_Q13_actual_near_miss,actual_near_miss,40,7,7,3,121,214,275602,20933752951467208,275602,13,prime_block_le_13,2,91,4.51085950652,3,1.09861228867,1,13,0,,-9.11446585714,1.09861228867,,,,none_visible,0.120033070647,0.333333333333,-0.213300262686,existing_near_power_csv,local_obstruction_before_drift
rank40_Q13_random_root_sets,random_root_sets,40,7,7,3,121,214,275602,20933752951467208,275602,13,prime_block_le_13,2,91,4.51085950652,3,1.09861228867,1,13,0,,-9.11446585714,1.09861228867,,,,none_visible,0.120033070647,0.333333333333,-0.213300262686,deterministic_seeded_random_sets_same_cardinality,local_obstruction_before_drift
rank40_Q13_exact_power_anchor,exact_power_anchor,40,7,7,3,121,214,275602,20933752951467208,275602,13,prime_block_le_13,2,91,4.51085950652,9,2.19722457734,0,0,27259,5 6 19 31 41 45 54 80 83 96 97 110,-10.2130781458,-8.01591444346,1.00006087684,1.00006087684,1.00006087684,constructed_exact_power_root,0.120033070647,0.333333333333,-0.213300262686,C_from_near_power_row_as_positive_control,positive_control_survivor
rank41_Q13_actual_near_miss,actual_near_miss,41,7,7,3,105,206,251369,15883095686476409,251369,13,prime_block_le_13,2,91,4.51085950652,1,0,2,7,0,,-7.92381775155,0,,,,none_visible,0.12092150076,0.333333333333,-0.212411832574,existing_near_power_csv,local_obstruction_before_drift
rank41_Q13_random_root_sets,random_root_sets,41,7,7,3,105,206,251369,15883095686476409,251369,13,prime_block_le_13,2,91,4.51085950652,1,0,2,7,0,,-7.92381775155,0,,,,none_visible,0.12092150076,0.333333333333,-0.212411832574,deterministic_seeded_random_sets_same_cardinality,local_obstruction_before_drift
rank41_Q13_exact_power_anchor,exact_power_anchor,41,7,7,3,105,206,251369,15883095686476409,251369,13,prime_block_le_13,2,91,4.51085950652,9,2.19722457734,0,0,24860,3 27 40 48 55 61 66 68 87 94 118 131,-10.1210423289,-7.92379078773,0.999973036541,0.999973036541,0.999973036541,constructed_exact_power_root,0.12092150076,0.333333333333,-0.212411832574,C_from_near_power_row_as_positive_control,positive_control_survivor
rank42_Q13_actual_near_miss,actual_near_miss,42,6,7,3,221,198,229241,12046943758644521,229241,13,prime_block_le_13,2,91,4.51085950652,1,0,2,7,0,,-7.83166962438,0,,,,none_visible,0.121824288973,0.333333333333,-0.21150904436,existing_near_power_csv,local_obstruction_before_drift
rank42_Q13_random_root_sets,random_root_sets,42,6,7,3,221,198,229241,12046943758644521,229241,13,prime_block_le_13,2,91,4.51085950652,1,0,2,7,0,,-7.83166962438,0,,,,none_visible,0.121824288973,0.333333333333,-0.21150904436,deterministic_seeded_random_sets_same_cardinality,local_obstruction_before_drift
rank42_Q13_exact_power_anchor,exact_power_anchor,42,6,7,3,221,198,229241,12046943758644521,229241,13,prime_block_le_13,2,91,4.51085950652,9,2.19722457734,0,0,22673,10 12 17 38 62 69 75 82 90 101 103 108,-10.0288942017,-7.83170549089,1.00003586715,1.00003586715,1.00003586715,constructed_exact_power_root,0.121824288973,0.333333333333,-0.21150904436,C_from_near_power_row_as_positive_control,positive_control_survivor
rank43_Q13_actual_near_miss,actual_near_miss,43,6,7,3,235,249,390429,59514968106923589,390429,13,prime_block_le_13,2,91,4.51085950652,3,1.09861228867,1,7,0,,-9.4627541957,1.09861228867,,,,none_visible,0.116785993819,0.333333333333,-0.216547339514,existing_near_power_csv,local_obstruction_before_drift
rank43_Q13_random_root_sets,random_root_sets,43,6,7,3,235,249,390429,59514968106923589,390429,13,prime_block_le_13,2,91,4.51085950652,3,1.09861228867,1,7,0,,-9.4627541957,1.09861228867,,,,none_visible,0.116785993819,0.333333333333,-0.216547339514,deterministic_seeded_random_sets_same_cardinality,local_obstruction_before_drift
rank43_Q13_exact_power_anchor,exact_power_anchor,43,6,7,3,235,249,390429,59514968106923589,390429,13,prime_block_le_13,2,91,4.51085950652,3,1.09861228867,0,0,12871,39 65 78 130 156 169 221 247 260 312 338 351,-9.4627541957,-8.36411970898,0.999977802195,0.999977802195,0.999977802195,constructed_exact_power_root,0.116785993819,0.333333333333,-0.216547339514,C_from_near_power_row_as_positive_control,positive_control_survivor
rank44_Q13_actual_near_miss,actual_near_miss,44,6,7,3,241,177,177988,5638611452894272,177988,13,prime_block_le_13,2,91,4.51085950652,1,0,2,7,0,,-7.57861190475,0,,,,none_visible,0.1243743241,0.333333333333,-0.208959009233,existing_near_power_csv,local_obstruction_before_drift
rank44_Q13_random_root_sets,random_root_sets,44,6,7,3,241,177,177988,5638611452894272,177988,13,prime_block_le_13,2,91,4.51085950652,1,0,2,7,0,,-7.57861190475,0,,,,none_visible,0.1243743241,0.333333333333,-0.208959009233,deterministic_seeded_random_sets_same_cardinality,local_obstruction_before_drift
rank44_Q13_exact_power_anchor,exact_power_anchor,44,6,7,3,241,177,177988,5638611452894272,177988,13,prime_block_le_13,2,91,4.51085950652,9,2.19722457734,0,0,17604,5 6 19 31 41 45 54 80 83 96 97 110,-9.77583648209,-7.57865685059,1.00004494685,1.00004494685,1.00004494685,constructed_exact_power_root,0.1243743241,0.333333333333,-0.208959009233,C_from_near_power_row_as_positive_control,positive_control_survivor
rank45_Q13_actual_near_miss,actual_near_miss,45,5,6,3,182,141,20048,8057738350592,20048,13,prime_block_le_13,2,91,4.51085950652,9,2.19722457734,0,0,1983,4 23 25 30 36 43 51 64 88 95 114 116,-7.59224974796,-5.39514155118,1.00011638734,1.00011638734,1.00011638734,none_visible,0.151790565357,0.333333333333,-0.181542767976,existing_near_power_csv,low_section_survivor_requires_anchor_audit
rank45_Q13_random_root_sets,random_root_sets,45,5,6,3,182,141,20048,8057738350592,20048,13,prime_block_le_13,2,91,4.51085950652,9,2.19722457734,0,0,1982,4 17 47 54 60 67 73 80 82 95 108 138,-7.59224974796,-5.39463713755,0.99961204221,0.99961204221,0.99961204221,none_visible,0.151790565357,0.333333333333,-0.181542767976,deterministic_seeded_random_sets_same_cardinality,low_section_survivor_requires_anchor_audit
rank45_Q13_exact_power_anchor,exact_power_anchor,45,5,6,3,182,141,20048,8057738350592,20048,13,prime_block_le_13,2,91,4.51085950652,3,1.09861228867,0,0,661,28 70 84 119 161 175 210 252 266 301 343 357,-6.49363745929,-5.39514155118,1.00011638734,1.00011638734,1.00011638734,constructed_exact_power_root,0.151790565357,0.333333333333,-0.181542767976,C_from_near_power_row_as_positive_control,positive_control_survivor
rank46_Q13_actual_near_miss,actual_near_miss,46,7,7,3,106,141,107961,1258347804744681,107961,13,prime_block_le_13,2,91,4.51085950652,1,0,1,7,0,,-7.07866582326,0,,,,none_visible,0.129739552977,0.333333333333,-0.203593780356,existing_near_power_csv,local_obstruction_before_drift
rank46_Q13_random_root_sets,random_root_sets,46,7,7,3,106,141,107961,1258347804744681,107961,13,prime_block_le_13,2,91,4.51085950652,1,0,1,7,0,,-7.07866582326,0,,,,none_visible,0.129739552977,0.333333333333,-0.203593780356,deterministic_seeded_random_sets_same_cardinality,local_obstruction_before_drift
rank46_Q13_exact_power_anchor,exact_power_anchor,46,7,7,3,106,141,107961,1258347804744681,107961,13,prime_block_le_13,2,91,4.51085950652,3,1.09861228867,0,0,3560,14 35 42 105 126 133 196 217 224 287 308 315,-8.17727811193,-7.07890353518,1.00023774017,1.00023774017,1.00023774017,constructed_exact_power_root,0.129739552977,0.333333333333,-0.203593780356,C_from_near_power_row_as_positive_control,positive_control_survivor
rank47_Q13_actual_near_miss,actual_near_miss,47,5,6,3,68,71,5060,129554216000,5060,13,prime_block_le_13,2,91,4.51085950652,3,1.09861228867,1,7,0,,-5.11687454443,1.09861228867,,,,none_visible,0.176292457467,0.333333333333,-0.157040875867,existing_near_power_csv,local_obstruction_before_drift
rank47_Q13_random_root_sets,random_root_sets,47,5,6,3,68,71,5060,129554216000,5060,13,prime_block_le_13,2,91,4.51085950652,3,1.09861228867,1,7,0,,-5.11687454443,1.09861228867,,,,none_visible,0.176292457467,0.333333333333,-0.157040875867,deterministic_seeded_random_sets_same_cardinality,local_obstruction_before_drift
rank47_Q13_exact_power_anchor,exact_power_anchor,47,5,6,3,68,71,5060,129554216000,5060,13,prime_block_le_13,2,91,4.51085950652,9,2.19722457734,0,0,500,3 27 40 48 55 61 66 68 87 94 118 131,-6.2154868331,-4.01738352109,0.999121651296,0.999121651296,0.999121651296,constructed_exact_power_root,0.176292457467,0.333333333333,-0.157040875867,C_from_near_power_row_as_positive_control,positive_control_survivor
rank48_Q13_actual_near_miss,actual_near_miss,48,5,7,3,187,103,49761,123216054498081,49761,13,prime_block_le_13,2,91,4.51085950652,3,1.09861228867,1,13,0,,-7.40273960583,1.09861228867,,,,none_visible,0.139031129674,0.333333333333,-0.194302203659,existing_near_power_csv,local_obstruction_before_drift
rank48_Q13_random_root_sets,random_root_sets,48,5,7,3,187,103,49761,123216054498081,49761,13,prime_block_le_13,2,91,4.51085950652,3,1.09861228867,1,13,0,,-7.40273960583,1.09861228867,,,,none_visible,0.139031129674,0.333333333333,-0.194302203659,deterministic_seeded_random_sets_same_cardinality,local_obstruction_before_drift
rank48_Q13_exact_power_anchor,exact_power_anchor,48,5,7,3,187,103,49761,123216054498081,49761,13,prime_block_le_13,2,91,4.51085950652,9,2.19722457734,0,0,4921,10 12 17 38 62 69 75 82 90 101 103 108,-8.50135189449,-6.30404246353,0.999915149972,0.999915149972,0.999915149972,constructed_exact_power_root,0.139031129674,0.333333333333,-0.194302203659,C_from_near_power_row_as_positive_control,positive_control_survivor
rank49_Q13_actual_near_miss,actual_near_miss,49,7,7,3,154,171,184980,6329571721992000,184980,13,prime_block_le_13,2,91,4.51085950652,1,0,1,7,0,,-7.61714348359,0,,,,none_visible,0.123979177506,0.333333333333,-0.209354155827,existing_near_power_csv,local_obstruction_before_drift
rank49_Q13_random_root_sets,random_root_sets,49,7,7,3,154,171,184980,6329571721992000,184980,13,prime_block_le_13,2,91,4.51085950652,1,0,1,7,0,,-7.61714348359,0,,,,none_visible,0.123979177506,0.333333333333,-0.209354155827,deterministic_seeded_random_sets_same_cardinality,local_obstruction_before_drift
rank49_Q13_exact_power_anchor,exact_power_anchor,49,7,7,3,154,171,184980,6329571721992000,184980,13,prime_block_le_13,2,91,4.51085950652,9,2.19722457734,0,0,18296,3 27 40 48 55 61 66 68 87 94 118 131,-9.81436806093,-7.61721315837,1.0000696772,1.0000696772,1.0000696772,constructed_exact_power_root,0.123979177506,0.333333333333,-0.209354155827,C_from_near_power_row_as_positive_control,positive_control_survivor
rank50_Q13_actual_near_miss,actual_near_miss,50,7,7,4,149,204,11305,16333613199150625,11305,13,prime_block_le_13,5,15015,9.61680498042,8,2.07944154168,3,3,0,,-1.79563694597,2.07944154168,1.0008735073,1.0008735073,1.0008735073,none_visible,0.257602180007,0.25,0.00760218000661,existing_near_power_csv,local_obstruction_before_drift
rank50_Q13_random_root_sets,random_root_sets,50,7,7,4,149,204,11305,16333613199150625,11305,13,prime_block_le_13,5,15015,9.61680498042,8,2.07944154168,3,3,0,,-1.79563694597,2.07944154168,0.999292348518,0.999292348518,0.999292348518,none_visible,0.257602180007,0.25,0.00760218000661,deterministic_seeded_random_sets_same_cardinality,local_obstruction_before_drift
rank50_Q13_exact_power_anchor,exact_power_anchor,50,7,7,4,149,204,11305,16333613199150625,11305,13,prime_block_le_13,5,15015,9.61680498042,16,2.77258872224,0,0,13,1015 1295 2170 3710 4480 5530 6020 7175 7840 8995 9485 10535,-2.48878412653,0.207639364778,1.00063854489,1,1.00123839009,constructed_exact_power_root,0.257602180007,0.25,0.00760218000661,C_from_near_power_row_as_positive_control,positive_control_survivor
rank51_Q13_actual_near_miss,actual_near_miss,51,6,7,4,173,138,5595,979941981200625,5595,13,prime_block_le_13,5,15015,9.61680498042,8,2.07944154168,2,7,0,,-1.09226518201,2.07944154168,1.00011170688,1,1.00022341376,none_visible,0.278598460115,0.25,0.028598460115,existing_near_power_csv,local_obstruction_before_drift
rank51_Q13_random_root_sets,random_root_sets,51,6,7,4,173,138,5595,979941981200625,5595,13,prime_block_le_13,5,15015,9.61680498042,8,2.07944154168,2,7,0,,-1.09226518201,2.07944154168,0.998882931189,0.997765862377,1,none_visible,0.278598460115,0.25,0.028598460115,deterministic_seeded_random_sets_same_cardinality,local_obstruction_before_drift
rank51_Q13_exact_power_anchor,exact_power_anchor,51,6,7,4,173,138,5595,979941981200625,5595,13,prime_block_le_13,5,15015,9.61680498042,16,2.77258872224,0,0,5,1500 3645 3810 4965 5595,-1.78541236257,1.16315080981,1.00137957998,0.999977658624,1.00464700626,constructed_exact_power_root,0.278598460115,0.25,0.028598460115,C_from_near_power_row_as_positive_control,positive_control_survivor
rank52_Q13_actual_near_miss,actual_near_miss,52,7,5,3,39,179,6847,320997007423,6847,13,prime_block_le_13,2,91,4.51085950652,3,1.09861228867,1,13,0,,-5.41931866127,1.09861228867,,,,none_visible,0.170255179669,0.333333333333,-0.163078153665,existing_near_power_csv,local_obstruction_before_drift
rank52_Q13_random_root_sets,random_root_sets,52,7,5,3,39,179,6847,320997007423,6847,13,prime_block_le_13,2,91,4.51085950652,3,1.09861228867,1,13,0,,-5.41931866127,1.09861228867,,,,none_visible,0.170255179669,0.333333333333,-0.163078153665,deterministic_seeded_random_sets_same_cardinality,local_obstruction_before_drift
rank52_Q13_exact_power_anchor,exact_power_anchor,52,7,5,3,39,179,6847,320997007423,6847,13,prime_block_le_13,2,91,4.51085950652,9,2.19722457734,0,0,679,1 9 16 22 29 53 74 79 81 92 100 107,-6.51793094994,-4.32339655022,1.00269379939,1.00269379939,1.00269379939,constructed_exact_power_root,0.170255179669,0.333333333333,-0.163078153665,C_from_near_power_row_as_positive_control,positive_control_survivor
rank53_Q13_actual_near_miss,actual_near_miss,53,7,7,3,206,247,415692,71831510617053888,415692,13,prime_block_le_13,2,91,4.51085950652,1,0,2,7,0,,-8.42684037389,0,,,,none_visible,0.11622002747,0.333333333333,-0.217113305863,existing_near_power_csv,local_obstruction_before_drift
rank53_Q13_random_root_sets,random_root_sets,53,7,7,3,206,247,415692,71831510617053888,415692,13,prime_block_le_13,2,91,4.51085950652,1,0,2,7,0,,-8.42684037389,0,,,,none_visible,0.11622002747,0.333333333333,-0.217113305863,deterministic_seeded_random_sets_same_cardinality,local_obstruction_before_drift
rank53_Q13_exact_power_anchor,exact_power_anchor,53,7,7,3,206,247,415692,71831510617053888,415692,13,prime_block_le_13,2,91,4.51085950652,9,2.19722457734,0,0,41113,4 23 25 30 36 43 51 64 88 95 114 116,-10.6240649512,-8.42685507484,1.00001470106,1.00001470106,1.00001470106,constructed_exact_power_root,0.11622002747,0.333333333333,-0.217113305863,C_from_near_power_row_as_positive_control,positive_control_survivor
rank54_Q13_actual_near_miss,actual_near_miss,54,6,7,3,208,119,74824,418911964148224,74824,13,prime_block_le_13,2,91,4.51085950652,3,1.09861228867,1,13,0,,-7.81064675027,1.09861228867,,,,none_visible,0.133977906214,0.333333333333,-0.19935542712,existing_near_power_csv,local_obstruction_before_drift
rank54_Q13_random_root_sets,random_root_sets,54,6,7,3,208,119,74824,418911964148224,74824,13,prime_block_le_13,2,91,4.51085950652,3,1.09861228867,1,13,0,,-7.81064675027,1.09861228867,,,,none_visible,0.133977906214,0.333333333333,-0.19935542712,deterministic_seeded_random_sets_same_cardinality,local_obstruction_before_drift
rank54_Q13_exact_power_anchor,exact_power_anchor,54,6,7,3,208,119,74824,418911964148224,74824,13,prime_block_le_13,2,91,4.51085950652,9,2.19722457734,0,0,7402,1 9 16 22 29 53 74 79 81 92 100 107,-8.90925903893,-6.71228093561,1.00024650439,1.00024650439,1.00024650439,constructed_exact_power_root,0.133977906214,0.333333333333,-0.19935542712,C_from_near_power_row_as_positive_control,positive_control_survivor
rank55_Q13_actual_near_miss,actual_near_miss,55,7,7,3,89,151,122409,1834171961263929,122409,13,prime_block_le_13,2,91,4.51085950652,1,0,2,7,0,,-7.20426366925,0,,,,none_visible,0.128348615114,0.333333333333,-0.204984718219,existing_near_power_csv,local_obstruction_before_drift
rank55_Q13_random_root_sets,random_root_sets,55,7,7,3,89,151,122409,1834171961263929,122409,13,prime_block_le_13,2,91,4.51085950652,1,0,2,7,0,,-7.20426366925,0,,,,none_visible,0.128348615114,0.333333333333,-0.204984718219,deterministic_seeded_random_sets_same_cardinality,local_obstruction_before_drift
rank55_Q13_exact_power_anchor,exact_power_anchor,55,7,7,3,89,151,122409,1834171961263929,122409,13,prime_block_le_13,2,91,4.51085950652,3,1.09861228867,0,0,4036,14 35 42 105 126 133 196 217 224 287 308 315,-8.30287595792,-7.20439709281,1.00013343245,1.00013343245,1.00013343245,constructed_exact_power_root,0.128348615114,0.333333333333,-0.204984718219,C_from_near_power_row_as_positive_control,positive_control_survivor
rank56_Q13_actual_near_miss,actual_near_miss,56,6,7,3,250,237,348272,42243090123419648,348272,13,prime_block_le_13,2,91,4.51085950652,1,0,1,13,0,,-8.24987955614,0,,,,none_visible,0.117831720257,0.333333333333,-0.215501613076,existing_near_power_csv,local_obstruction_before_drift
rank56_Q13_random_root_sets,random_root_sets,56,6,7,3,250,237,348272,42243090123419648,348272,13,prime_block_le_13,2,91,4.51085950652,1,0,1,13,0,,-8.24987955614,0,,,,none_visible,0.117831720257,0.333333333333,-0.215501613076,deterministic_seeded_random_sets_same_cardinality,local_obstruction_before_drift
rank56_Q13_exact_power_anchor,exact_power_anchor,56,6,7,3,250,237,348272,42243090123419648,348272,13,prime_block_le_13,2,91,4.51085950652,9,2.19722457734,0,0,34445,2 15 18 32 44 57 58 67 71 93 106 109,-10.4471041335,-8.24989455069,1.00001499467,1.00001499467,1.00001499467,constructed_exact_power_root,0.117831720257,0.333333333333,-0.215501613076,C_from_near_power_row_as_positive_control,positive_control_survivor
rank57_Q13_actual_near_miss,actual_near_miss,57,5,7,3,163,84,30942,29624098656888,30942,13,prime_block_le_13,2,91,4.51085950652,3,1.09861228867,1,7,0,,-6.92762254543,1.09861228867,,,,none_visible,0.145419610685,0.333333333333,-0.187913722649,existing_near_power_csv,local_obstruction_before_drift
rank57_Q13_random_root_sets,random_root_sets,57,5,7,3,163,84,30942,29624098656888,30942,13,prime_block_le_13,2,91,4.51085950652,3,1.09861228867,1,7,0,,-6.92762254543,1.09861228867,,,,none_visible,0.145419610685,0.333333333333,-0.187913722649,deterministic_seeded_random_sets_same_cardinality,local_obstruction_before_drift
rank57_Q13_exact_power_anchor,exact_power_anchor,57,5,7,3,163,84,30942,29624098656888,30942,13,prime_block_le_13,2,91,4.51085950652,9,2.19722457734,0,0,3061,2 15 18 32 44 57 58 67 71 93 106 109,-8.0262348341,-5.82927236161,1.0002621392,1.0002621392,1.0002621392,constructed_exact_power_root,0.145419610685,0.333333333333,-0.187913722649,C_from_near_power_row_as_positive_control,positive_control_survivor
rank58_Q13_actual_near_miss,actual_near_miss,58,6,7,3,197,194,218283,10400632276871187,218283,13,prime_block_le_13,2,91,4.51085950652,3,1.09861228867,1,13,0,,-8.88130044717,1.09861228867,,,,none_visible,0.122309676301,0.333333333333,-0.211023657032,existing_near_power_csv,local_obstruction_before_drift
rank58_Q13_random_root_sets,random_root_sets,58,6,7,3,197,194,218283,10400632276871187,218283,13,prime_block_le_13,2,91,4.51085950652,3,1.09861228867,1,13,0,,-8.88130044717,1.09861228867,,,,none_visible,0.122309676301,0.333333333333,-0.211023657032,deterministic_seeded_random_sets_same_cardinality,local_obstruction_before_drift
rank58_Q13_exact_power_anchor,exact_power_anchor,58,6,7,3,197,194,218283,10400632276871187,218283,13,prime_block_le_13,2,91,4.51085950652,3,1.09861228867,0,0,7196,39 65 78 130 156 169 221 247 260 312 338 351,-8.88130044717,-7.7826683064,0.999980148095,0.999980148095,0.999980148095,constructed_exact_power_root,0.122309676301,0.333333333333,-0.211023657032,C_from_near_power_row_as_positive_control,positive_control_survivor
rank59_Q13_actual_near_miss,actual_near_miss,59,5,6,3,188,213,45407,93619955034143,45407,13,prime_block_le_13,2,91,4.51085950652,3,1.09861228867,0,0,1497,14 35 42 105 126 133 196 217 224 287 308 315,-7.31117433932,-6.21260609575,1.00004404607,1.00004404607,1.00004404607,none_visible,0.140218290169,0.333333333333,-0.193115043164,existing_near_power_csv,low_section_survivor_requires_anchor_audit
rank59_Q13_random_root_sets,random_root_sets,59,5,6,3,188,213,45407,93619955034143,45407,13,prime_block_le_13,2,91,4.51085950652,3,1.09861228867,0,0,1497,20 27 69 111 118 160 202 209 251 293 300 342,-7.31117433932,-6.21260609575,1.00004404607,1.00004404607,1.00004404607,none_visible,0.140218290169,0.333333333333,-0.193115043164,deterministic_seeded_random_sets_same_cardinality,low_section_survivor_requires_anchor_audit
rank59_Q13_exact_power_anchor,exact_power_anchor,59,5,6,3,188,213,45407,93619955034143,45407,13,prime_block_le_13,2,91,4.51085950652,9,2.19722457734,0,0,4491,20 24 33 34 47 59 73 76 89 111 115 124,-8.40978662799,-6.21260609575,1.00004404607,1.00004404607,1.00004404607,constructed_exact_power_root,0.140218290169,0.333333333333,-0.193115043164,C_from_near_power_row_as_positive_control,positive_control_survivor
rank60_Q13_actual_near_miss,actual_near_miss,60,7,7,4,204,227,14626,45761713347855376,14626,13,prime_block_le_13,5,15015,9.61680498042,16,2.77258872224,2,3,0,,-2.74633978765,2.77258872224,1.0006025229,1.00027348557,1.00093156024,none_visible,0.250684239122,0.25,0.000684239121827,existing_near_power_csv,local_obstruction_before_drift
rank60_Q13_random_root_sets,random_root_sets,60,7,7,4,204,227,14626,45761713347855376,14626,13,prime_block_le_13,5,15015,9.61680498042,16,2.77258872224,2,3,0,,-2.74633978765,2.77258872224,0.999991453576,0.999709421578,1.00027348557,none_visible,0.250684239122,0.25,0.000684239121827,deterministic_seeded_random_sets_same_cardinality,local_obstruction_before_drift
rank60_Q13_exact_power_anchor,exact_power_anchor,60,7,7,4,204,227,14626,45761713347855376,14626,13,prime_block_le_13,5,15015,9.61680498042,128,4.85203026392,0,0,125,73 304 326 389 521 697 766 788 928 983 1019 1214,-4.82578132933,0.0237165266173,1.00000427321,0.999709421578,1.00027348557,constructed_exact_power_root,0.250684239122,0.25,0.000684239121827,C_from_near_power_row_as_positive_control,positive_control_survivor
rank61_Q13_actual_near_miss,actual_near_miss,61,6,7,3,185,188,202799,8340602569088399,202799,13,prime_block_le_13,2,91,4.51085950652,3,1.09861228867,0,0,6685,28 70 84 119 161 175 210 252 266 301 343 357,-8.80772340187,-7.70900920087,0.999898092857,0.999898092857,0.999898092857,none_visible,0.12304610889,0.333333333333,-0.210287224443,existing_near_power_csv,low_section_survivor_requires_anchor_audit
rank61_Q13_random_root_sets,random_root_sets,61,6,7,3,185,188,202799,8340602569088399,202799,13,prime_block_le_13,2,91,4.51085950652,3,1.09861228867,0,0,6685,5 54 75 96 145 166 187 236 257 278 327 348,-8.80772340187,-7.70900920087,0.999898092857,0.999898092857,0.999898092857,none_visible,0.12304610889,0.333333333333,-0.210287224443,deterministic_seeded_random_sets_same_cardinality,low_section_survivor_requires_anchor_audit
rank61_Q13_exact_power_anchor,exact_power_anchor,61,6,7,3,185,188,202799,8340602569088399,202799,13,prime_block_le_13,2,91,4.51085950652,9,2.19722457734,0,0,20059,4 23 25 30 36 43 51 64 88 95 114 116,-9.90633569054,-7.70920863249,1.00009752404,1.00009752404,1.00009752404,constructed_exact_power_root,0.12304610889,0.333333333333,-0.210287224443,C_from_near_power_row_as_positive_control,positive_control_survivor
rank62_Q13_actual_near_miss,actual_near_miss,62,7,7,5,179,246,2271,60406777905120351,2271,13,prime_block_le_13,1,11,2.3978952728,1,0,1,11,0,,-5.33008026931,0,,,,none_visible,0.0620575274788,0.2,-0.137942472521,existing_near_power_csv,local_obstruction_before_drift
rank62_Q13_random_root_sets,random_root_sets,62,7,7,5,179,246,2271,60406777905120351,2271,13,prime_block_le_13,1,11,2.3978952728,1,0,1,11,0,,-5.33008026931,0,,,,none_visible,0.0620575274788,0.2,-0.137942472521,deterministic_seeded_random_sets_same_cardinality,local_obstruction_before_drift
rank62_Q13_exact_power_anchor,exact_power_anchor,62,7,7,5,179,246,2271,60406777905120351,2271,13,prime_block_le_13,1,11,2.3978952728,5,1.60943791243,0,0,1034,1 3 4 5 9 12 14 15 16 20 23 25,-6.93951818174,-5.33175214263,,,,constructed_exact_power_root,0.0620575274788,0.2,-0.137942472521,C_from_near_power_row_as_positive_control,positive_control_survivor
rank63_Q13_actual_near_miss,actual_near_miss,63,7,7,3,108,217,283681,22829202875910241,283681,13,prime_block_le_13,2,91,4.51085950652,1,0,1,7,0,,-8.04474613988,0,,,,none_visible,0.119756854257,0.333333333333,-0.213576479076,existing_near_power_csv,local_obstruction_before_drift
rank63_Q13_random_root_sets,random_root_sets,63,7,7,3,108,217,283681,22829202875910241,283681,13,prime_block_le_13,2,91,4.51085950652,1,0,1,7,0,,-8.04474613988,0,,,,none_visible,0.119756854257,0.333333333333,-0.213576479076,deterministic_seeded_random_sets_same_cardinality,local_obstruction_before_drift
rank63_Q13_exact_power_anchor,exact_power_anchor,63,7,7,3,108,217,283681,22829202875910241,283681,13,prime_block_le_13,2,91,4.51085950652,9,2.19722457734,0,0,28057,20 24 33 34 47 59 73 76 89 111 115 124,-10.2419707172,-8.04476885685,1.00002271722,1.00002271722,1.00002271722,constructed_exact_power_root,0.119756854257,0.333333333333,-0.213576479076,C_from_near_power_row_as_positive_control,positive_control_survivor
rank64_Q13_actual_near_miss,actual_near_miss,64,6,7,4,240,179,8830,6079149367210000,8830,13,prime_block_le_13,5,15015,9.61680498042,4,1.38629436112,4,3,0,,-0.8553996743,1.38629436112,,,,none_visible,0.264607636155,0.25,0.0146076361549,existing_near_power_csv,local_obstruction_before_drift
rank64_Q13_random_root_sets,random_root_sets,64,6,7,4,240,179,8830,6079149367210000,8830,13,prime_block_le_13,5,15015,9.61680498042,4,1.38629436112,4,3,0,,-0.8553996743,1.38629436112,,,,none_visible,0.264607636155,0.25,0.0146076361549,deterministic_seeded_random_sets_same_cardinality,local_obstruction_before_drift
rank64_Q13_exact_power_anchor,exact_power_anchor,64,6,7,4,240,179,8830,6079149367210000,8830,13,prime_block_le_13,5,15015,9.61680498042,32,3.4657359028,0,0,19,80 1180 1900 2005 2285 2390 2615 2720 4210 4540 4925 5470,-2.93484121598,0.521296923633,1.00102986976,1.00056625142,1.00205266138,constructed_exact_power_root,0.264607636155,0.25,0.0146076361549,C_from_near_power_row_as_positive_control,positive_control_survivor
rank65_Q13_actual_near_miss,actual_near_miss,65,7,7,3,100,169,159233,4037376327502337,159233,13,prime_block_le_13,2,91,4.51085950652,1,0,2,7,0,,-7.46726431083,0,,,,none_visible,0.125530496966,0.333333333333,-0.207802836368,existing_near_power_csv,local_obstruction_before_drift
rank65_Q13_random_root_sets,random_root_sets,65,7,7,3,100,169,159233,4037376327502337,159233,13,prime_block_le_13,2,91,4.51085950652,1,0,2,7,0,,-7.46726431083,0,,,,none_visible,0.125530496966,0.333333333333,-0.207802836368,deterministic_seeded_random_sets_same_cardinality,local_obstruction_before_drift
rank65_Q13_exact_power_anchor,exact_power_anchor,65,7,7,3,100,169,159233,4037376327502337,159233,13,prime_block_le_13,2,91,4.51085950652,9,2.19722457734,0,0,15748,1 9 16 22 29 53 74 79 81 92 100 107,-9.66448888816,-7.46724407473,0.999979764105,0.999979764105,0.999979764105,constructed_exact_power_root,0.125530496966,0.333333333333,-0.207802836368,C_from_near_power_row_as_positive_control,positive_control_survivor
rank66_Q13_actual_near_miss,actual_near_miss,66,6,7,3,160,199,231306,12375441316400616,231306,13,prime_block_le_13,2,91,4.51085950652,3,1.09861228867,1,7,0,,-8.93924957037,1.09861228867,,,,none_visible,0.121735839898,0.333333333333,-0.211597493436,existing_near_power_csv,local_obstruction_before_drift
rank66_Q13_random_root_sets,random_root_sets,66,6,7,3,160,199,231306,12375441316400616,231306,13,prime_block_le_13,2,91,4.51085950652,3,1.09861228867,1,7,0,,-8.93924957037,1.09861228867,,,,none_visible,0.121735839898,0.333333333333,-0.211597493436,deterministic_seeded_random_sets_same_cardinality,local_obstruction_before_drift
rank66_Q13_exact_power_anchor,exact_power_anchor,66,6,7,3,160,199,231306,12375441316400616,231306,13,prime_block_le_13,2,91,4.51085950652,9,2.19722457734,0,0,22876,10 12 17 38 62 69 75 82 90 101 103 108,-10.037861859,-7.8406190277,0.999981746162,0.999981746162,0.999981746162,constructed_exact_power_root,0.121735839898,0.333333333333,-0.211597493436,C_from_near_power_row_as_positive_control,positive_control_survivor
rank67_Q13_actual_near_miss,actual_near_miss,67,6,6,3,91,248,61554,233221637659464,61554,13,prime_block_le_13,2,91,4.51085950652,9,2.19722457734,0,0,6089,1 9 16 22 29 53 74 79 81 92 100 107,-8.71403518814,-6.51701456627,1.00020397627,1.00020397627,1.00020397627,none_visible,0.136349729318,0.333333333333,-0.196983604015,existing_near_power_csv,low_section_survivor_requires_anchor_audit
rank67_Q13_random_root_sets,random_root_sets,67,6,6,3,91,248,61554,233221637659464,61554,13,prime_block_le_13,2,91,4.51085950652,9,2.19722457734,0,0,6089,11 16 19 32 37 58 68 81 89 102 107 110,-8.71403518814,-6.51701456627,1.00020397627,1.00020397627,1.00020397627,none_visible,0.136349729318,0.333333333333,-0.196983604015,deterministic_seeded_random_sets_same_cardinality,low_section_survivor_requires_anchor_audit
rank67_Q13_exact_power_anchor,exact_power_anchor,67,6,6,3,91,248,61554,233221637659464,61554,13,prime_block_le_13,2,91,4.51085950652,9,2.19722457734,0,0,6088,10 12 17 38 62 69 75 82 90 101 103 108,-8.71403518814,-6.51685032221,1.00003971219,1.00003971219,1.00003971219,constructed_exact_power_root,0.136349729318,0.333333333333,-0.196983604015,C_from_near_power_row_as_positive_control,positive_control_survivor
rank68_Q13_actual_near_miss,actual_near_miss,68,7,7,3,118,249,390757,59665090001128093,390757,13,prime_block_le_13,2,91,4.51085950652,3,1.09861228867,1,7,0,,-9.46359394454,1.09861228867,,,,none_visible,0.116778377159,0.333333333333,-0.216554956174,existing_near_power_csv,local_obstruction_before_drift
rank68_Q13_random_root_sets,random_root_sets,68,7,7,3,118,249,390757,59665090001128093,390757,13,prime_block_le_13,2,91,4.51085950652,3,1.09861228867,1,7,0,,-9.46359394454,1.09861228867,,,,none_visible,0.116778377159,0.333333333333,-0.216554956174,deterministic_seeded_random_sets_same_cardinality,local_obstruction_before_drift
rank68_Q13_exact_power_anchor,exact_power_anchor,68,7,7,3,118,249,390757,59665090001128093,390757,13,prime_block_le_13,2,91,4.51085950652,9,2.19722457734,0,0,38647,3 27 40 48 55 61 66 68 87 94 118 131,-10.5622062332,-8.364999854,1.00001819829,1.00001819829,1.00001819829,constructed_exact_power_root,0.116778377159,0.333333333333,-0.216554956174,C_from_near_power_row_as_positive_control,positive_control_survivor
rank69_Q13_actual_near_miss,actual_near_miss,69,7,7,3,71,177,176000,5451776000000000,176000,13,prime_block_le_13,2,91,4.51085950652,3,1.09861228867,1,7,0,,-8.66599205617,1.09861228867,,,,none_visible,0.124489985783,0.333333333333,-0.20884334755,existing_near_power_csv,local_obstruction_before_drift
rank69_Q13_random_root_sets,random_root_sets,69,7,7,3,71,177,176000,5451776000000000,176000,13,prime_block_le_13,2,91,4.51085950652,3,1.09861228867,1,7,0,,-8.66599205617,1.09861228867,,,,none_visible,0.124489985783,0.333333333333,-0.20884334755,deterministic_seeded_random_sets_same_cardinality,local_obstruction_before_drift
rank69_Q13_exact_power_anchor,exact_power_anchor,69,7,7,3,71,177,176000,5451776000000000,176000,13,prime_block_le_13,2,91,4.51085950652,9,2.19722457734,0,0,17408,5 6 19 31 41 45 54 80 83 96 97 110,-9.76460434484,-7.56746057232,1.00008080808,1.00008080808,1.00008080808,constructed_exact_power_root,0.124489985783,0.333333333333,-0.20884334755,C_from_near_power_row_as_positive_control,positive_control_survivor
rank70_Q13_actual_near_miss,actual_near_miss,70,4,6,3,188,101,10205,1062769365125,10205,13,prime_block_le_13,2,91,4.51085950652,1,0,2,7,0,,-4.71977356873,0,,,,none_visible,0.162894551571,0.333333333333,-0.170438781763,existing_near_power_csv,local_obstruction_before_drift
rank70_Q13_random_root_sets,random_root_sets,70,4,6,3,188,101,10205,1062769365125,10205,13,prime_block_le_13,2,91,4.51085950652,1,0,2,7,0,,-4.71977356873,0,,,,none_visible,0.162894551571,0.333333333333,-0.170438781763,deterministic_seeded_random_sets_same_cardinality,local_obstruction_before_drift
rank70_Q13_exact_power_anchor,exact_power_anchor,70,4,6,3,188,101,10205,1062769365125,10205,13,prime_block_le_13,2,91,4.51085950652,3,1.09861228867,0,0,337,13 26 52 104 117 143 195 208 234 286 299 325,-5.8183858574,-4.72147064168,1.0016985138,1.0016985138,1.0016985138,constructed_exact_power_root,0.162894551571,0.333333333333,-0.170438781763,C_from_near_power_row_as_positive_control,positive_control_survivor
rank71_Q13_actual_near_miss,actual_near_miss,71,7,7,3,203,206,310545,29948399895128625,310545,13,prime_block_le_13,2,91,4.51085950652,1,0,2,7,0,,-8.13522459087,0,,,,none_visible,0.118900034503,0.333333333333,-0.21443329883,existing_near_power_csv,local_obstruction_before_drift
rank71_Q13_random_root_sets,random_root_sets,71,7,7,3,203,206,310545,29948399895128625,310545,13,prime_block_le_13,2,91,4.51085950652,1,0,2,7,0,,-8.13522459087,0,,,,none_visible,0.118900034503,0.333333333333,-0.21443329883,deterministic_seeded_random_sets_same_cardinality,local_obstruction_before_drift
rank71_Q13_exact_power_anchor,exact_power_anchor,71,7,7,3,203,206,310545,29948399895128625,310545,13,prime_block_le_13,2,91,4.51085950652,9,2.19722457734,0,0,30714,1 9 16 22 29 53 74 79 81 92 100 107,-10.3324491682,-8.13524927835,1.00002468778,1.00002468778,1.00002468778,constructed_exact_power_root,0.118900034503,0.333333333333,-0.21443329883,C_from_near_power_row_as_positive_control,positive_control_survivor
rank72_Q13_actual_near_miss,actual_near_miss,72,6,7,3,241,205,248854,15411108481939864,248854,13,prime_block_le_13,2,91,4.51085950652,1,0,2,7,0,,-7.91376215158,0,,,,none_visible,0.121019365972,0.333333333333,-0.212313967361,existing_near_power_csv,local_obstruction_before_drift
rank72_Q13_random_root_sets,random_root_sets,72,6,7,3,241,205,248854,15411108481939864,248854,13,prime_block_le_13,2,91,4.51085950652,1,0,2,7,0,,-7.91376215158,0,,,,none_visible,0.121019365972,0.333333333333,-0.212313967361,deterministic_seeded_random_sets_same_cardinality,local_obstruction_before_drift
rank72_Q13_exact_power_anchor,exact_power_anchor,72,6,7,3,241,205,248854,15411108481939864,248854,13,prime_block_le_13,2,91,4.51085950652,9,2.19722457734,0,0,24612,8 11 37 46 50 60 72 85 86 99 102 128,-10.1109867289,-7.91376483052,1.00000267895,1.00000267895,1.00000267895,constructed_exact_power_root,0.121019365972,0.333333333333,-0.212313967361,C_from_near_power_row_as_positive_control,positive_control_survivor
rank73_Q13_actual_near_miss,actual_near_miss,73,5,6,3,191,206,42483,76673543092587,42483,13,prime_block_le_13,2,91,4.51085950652,1,0,2,7,0,,-6.14599976837,0,,,,none_visible,0.141094087547,0.333333333333,-0.192239245787,existing_near_power_csv,local_obstruction_before_drift
rank73_Q13_random_root_sets,random_root_sets,73,5,6,3,191,206,42483,76673543092587,42483,13,prime_block_le_13,2,91,4.51085950652,1,0,2,7,0,,-6.14599976837,0,,,,none_visible,0.141094087547,0.333333333333,-0.192239245787,deterministic_seeded_random_sets_same_cardinality,local_obstruction_before_drift
rank73_Q13_exact_power_anchor,exact_power_anchor,73,5,6,3,191,206,42483,76673543092587,42483,13,prime_block_le_13,2,91,4.51085950652,3,1.09861228867,0,0,1401,49 56 77 140 147 168 231 238 259 322 329 350,-7.24461205704,-6.14632925767,1.00032954358,1.00032954358,1.00032954358,constructed_exact_power_root,0.141094087547,0.333333333333,-0.192239245787,C_from_near_power_row_as_positive_control,positive_control_survivor
rank74_Q13_actual_near_miss,actual_near_miss,74,7,7,3,92,171,163005,4331145547225125,163005,13,prime_block_le_13,2,91,4.51085950652,3,1.09861228867,1,7,0,,-8.58928893632,1.09861228867,,,,none_visible,0.125285614791,0.333333333333,-0.208047718543,existing_near_power_csv,local_obstruction_before_drift
rank74_Q13_random_root_sets,random_root_sets,74,7,7,3,92,171,163005,4331145547225125,163005,13,prime_block_le_13,2,91,4.51085950652,3,1.09861228867,1,7,0,,-8.58928893632,1.09861228867,,,,none_visible,0.125285614791,0.333333333333,-0.208047718543,deterministic_seeded_random_sets_same_cardinality,local_obstruction_before_drift
rank74_Q13_exact_power_anchor,exact_power_anchor,74,7,7,3,92,171,163005,4331145547225125,163005,13,prime_block_le_13,2,91,4.51085950652,9,2.19722457734,0,0,16121,20 24 33 34 47 59 73 76 89 111 115 124,-9.68790122498,-7.49065347154,0.99997682416,0.99997682416,0.99997682416,constructed_exact_power_root,0.125285614791,0.333333333333,-0.208047718543,C_from_near_power_row_as_positive_control,positive_control_survivor
rank75_Q13_actual_near_miss,actual_near_miss,75,6,6,3,187,190,44782,89807055379768,44782,13,prime_block_le_13,2,91,4.51085950652,1,0,2,7,0,,-6.19870204543,0,,,,none_visible,0.14039975663,0.333333333333,-0.192933576704,existing_near_power_csv,local_obstruction_before_drift
rank75_Q13_random_root_sets,random_root_sets,75,6,6,3,187,190,44782,89807055379768,44782,13,prime_block_le_13,2,91,4.51085950652,1,0,2,7,0,,-6.19870204543,0,,,,none_visible,0.14039975663,0.333333333333,-0.192933576704,deterministic_seeded_random_sets_same_cardinality,local_obstruction_before_drift
rank75_Q13_exact_power_anchor,exact_power_anchor,75,6,6,3,187,190,44782,89807055379768,44782,13,prime_block_le_13,2,91,4.51085950652,9,2.19722457734,0,0,4429,10 12 17 38 62 69 75 82 90 101 103 108,-8.39592662277,-6.19870452659,1.00000248116,1.00000248116,1.00000248116,constructed_exact_power_root,0.14039975663,0.333333333333,-0.192933576704,C_from_near_power_row_as_positive_control,positive_control_survivor
rank76_Q13_actual_near_miss,actual_near_miss,76,7,7,3,127,210,264687,18543761579690703,264687,13,prime_block_le_13,2,91,4.51085950652,9,2.19722457734,0,0,26179,2 15 18 32 44 57 58 67 71 93 106 109,-10.1726683456,-7.9754882643,1.000044497,1.000044497,1.000044497,none_visible,0.120421537297,0.333333333333,-0.212911796037,existing_near_power_csv,low_section_survivor_requires_anchor_audit
rank76_Q13_random_root_sets,random_root_sets,76,7,7,3,127,210,264687,18543761579690703,264687,13,prime_block_le_13,2,91,4.51085950652,9,2.19722457734,0,0,26179,2 9 23 28 35 49 54 61 75 93 100 114,-10.1726683456,-7.9754882643,1.000044497,1.000044497,1.000044497,none_visible,0.120421537297,0.333333333333,-0.212911796037,deterministic_seeded_random_sets_same_cardinality,low_section_survivor_requires_anchor_audit
rank76_Q13_exact_power_anchor,exact_power_anchor,76,7,7,3,127,210,264687,18543761579690703,264687,13,prime_block_le_13,2,91,4.51085950652,9,2.19722457734,0,0,26178,20 24 33 34 47 59 73 76 89 111 115 124,-10.1726683456,-7.97545006502,1.00000629675,1.00000629675,1.00000629675,constructed_exact_power_root,0.120421537297,0.333333333333,-0.212911796037,C_from_near_power_row_as_positive_control,positive_control_survivor
rank77_Q13_actual_near_miss,actual_near_miss,77,7,7,3,89,206,250859,15786616544589779,250859,13,prime_block_le_13,2,91,4.51085950652,3,1.09861228867,1,13,0,,-9.02039908943,1.09861228867,,,,none_visible,0.120941254045,0.333333333333,-0.212392079288,existing_near_power_csv,local_obstruction_before_drift
rank77_Q13_random_root_sets,random_root_sets,77,7,7,3,89,206,250859,15786616544589779,250859,13,prime_block_le_13,2,91,4.51085950652,3,1.09861228867,1,13,0,,-9.02039908943,1.09861228867,,,,none_visible,0.120941254045,0.333333333333,-0.212392079288,deterministic_seeded_random_sets_same_cardinality,local_obstruction_before_drift
rank77_Q13_exact_power_anchor,exact_power_anchor,77,7,7,3,89,206,250859,15786616544589779,250859,13,prime_block_le_13,2,91,4.51085950652,3,1.09861228867,0,0,8271,7 21 63 98 112 154 189 203 245 280 294 336,-9.02039908943,-7.92189841102,1.00011161649,1.00011161649,1.00011161649,constructed_exact_power_root,0.120941254045,0.333333333333,-0.212392079288,C_from_near_power_row_as_positive_control,positive_control_survivor
rank78_Q13_actual_near_miss,actual_near_miss,78,6,7,3,199,145,112128,1409750403121152,112128,13,prime_block_le_13,2,91,4.51085950652,9,2.19722457734,0,0,11090,10 12 17 38 62 69 75 82 90 101 103 108,-9.31376142568,-7.11657450301,1.00003765538,1.00003765538,1.00003765538,none_visible,0.129316984613,0.333333333333,-0.204016348721,existing_near_power_csv,low_section_survivor_requires_anchor_audit
rank78_Q13_random_root_sets,random_root_sets,78,6,7,3,199,145,112128,1409750403121152,112128,13,prime_block_le_13,2,91,4.51085950652,9,2.19722457734,0,0,11089,8 19 33 47 58 71 72 85 86 99 110 124,-9.31376142568,-7.11648432762,0.999947480657,0.999947480657,0.999947480657,none_visible,0.129316984613,0.333333333333,-0.204016348721,deterministic_seeded_random_sets_same_cardinality,low_section_survivor_requires_anchor_audit
rank78_Q13_exact_power_anchor,exact_power_anchor,78,6,7,3,199,145,112128,1409750403121152,112128,13,prime_block_le_13,2,91,4.51085950652,9,2.19722457734,0,0,11091,1 9 16 22 29 53 74 79 81 92 100 107,-9.31376142568,-7.11666467027,1.0001278301,1.0001278301,1.0001278301,constructed_exact_power_root,0.129316984613,0.333333333333,-0.204016348721,C_from_near_power_row_as_positive_control,positive_control_survivor
rank79_Q13_actual_near_miss,actual_near_miss,79,5,6,3,143,168,28249,22542871522249,28249,13,prime_block_le_13,2,91,4.51085950652,3,1.09861228867,1,7,0,,-6.83656611987,1.09861228867,,,,none_visible,0.146711603184,0.333333333333,-0.18662173015,existing_near_power_csv,local_obstruction_before_drift
rank79_Q13_random_root_sets,random_root_sets,79,5,6,3,143,168,28249,22542871522249,28249,13,prime_block_le_13,2,91,4.51085950652,3,1.09861228867,1,7,0,,-6.83656611987,1.09861228867,,,,none_visible,0.146711603184,0.333333333333,-0.18662173015,deterministic_seeded_random_sets_same_cardinality,local_obstruction_before_drift
rank79_Q13_exact_power_anchor,exact_power_anchor,79,5,6,3,143,168,28249,22542871522249,28249,13,prime_block_le_13,2,91,4.51085950652,3,1.09861228867,0,0,931,39 65 78 130 156 169 221 247 260 312 338 351,-6.83656611987,-5.73764698861,0.999693204479,0.999693204479,0.999693204479,constructed_exact_power_root,0.146711603184,0.333333333333,-0.18662173015,C_from_near_power_row_as_positive_control,positive_control_survivor
rank80_Q13_actual_near_miss,actual_near_miss,80,6,7,4,220,103,3921,236367286326081,3921,13,prime_block_le_13,5,15015,9.61680498042,2,0.69314718056,3,3,0,,0.649555797565,0.69314718056,1.00293292527,1.00293292527,1.00293292527,none_visible,0.290569447227,0.25,0.0405694472268,existing_near_power_csv,local_obstruction_before_drift
rank80_Q13_random_root_sets,random_root_sets,80,6,7,4,220,103,3921,236367286326081,3921,13,prime_block_le_13,5,15015,9.61680498042,2,0.69314718056,3,3,0,,0.649555797565,0.69314718056,1.02116806937,1.02116806937,1.02116806937,none_visible,0.290569447227,0.25,0.0405694472268,deterministic_seeded_random_sets_same_cardinality,local_obstruction_before_drift
rank80_Q13_exact_power_anchor,exact_power_anchor,80,6,7,4,220,103,3921,236367286326081,3921,13,prime_block_le_13,5,15015,9.61680498042,64,4.15888308336,0,0,18,27 456 489 918 1149 1182 1392 1611 1821 1854 2283 2514,-2.81618010523,1.26851132546,1.00142661311,1.00038255547,1.00293292527,constructed_exact_power_root,0.290569447227,0.25,0.0405694472268,C_from_near_power_row_as_positive_control,positive_control_survivor
rank81_Q13_actual_near_miss,actual_near_miss,81,7,7,3,184,185,244169,14556989663478809,244169,13,prime_block_le_13,2,91,4.51085950652,3,1.09861228867,1,7,0,,-8.99336866962,1.09861228867,,,,none_visible,0.121204771222,0.333333333333,-0.212128562112,existing_near_power_csv,local_obstruction_before_drift
rank81_Q13_random_root_sets,random_root_sets,81,7,7,3,184,185,244169,14556989663478809,244169,13,prime_block_le_13,2,91,4.51085950652,3,1.09861228867,1,7,0,,-8.99336866962,1.09861228867,,,,none_visible,0.121204771222,0.333333333333,-0.212128562112,deterministic_seeded_random_sets_same_cardinality,local_obstruction_before_drift
rank81_Q13_exact_power_anchor,exact_power_anchor,81,7,7,3,184,185,244169,14556989663478809,244169,13,prime_block_le_13,2,91,4.51085950652,9,2.19722457734,0,0,24150,1 9 16 22 29 53 74 79 81 92 100 107,-10.0919809583,-7.89481508174,1.00005870251,1.00005870251,1.00005870251,constructed_exact_power_root,0.121204771222,0.333333333333,-0.212128562112,C_from_near_power_row_as_positive_control,positive_control_survivor
rank82_Q13_actual_near_miss,actual_near_miss,82,7,7,3,124,215,278867,21686595244340363,278867,13,prime_block_le_13,2,91,4.51085950652,3,1.09861228867,1,7,0,,-9.12624302679,1.09861228867,,,,none_visible,0.119920325826,0.333333333333,-0.213413007507,existing_near_power_csv,local_obstruction_before_drift
rank82_Q13_random_root_sets,random_root_sets,82,7,7,3,124,215,278867,21686595244340363,278867,13,prime_block_le_13,2,91,4.51085950652,3,1.09861228867,1,7,0,,-9.12624302679,1.09861228867,,,,none_visible,0.119920325826,0.333333333333,-0.213413007507,deterministic_seeded_random_sets_same_cardinality,local_obstruction_before_drift
rank82_Q13_exact_power_anchor,exact_power_anchor,82,7,7,3,124,215,278867,21686595244340363,278867,13,prime_block_le_13,2,91,4.51085950652,9,2.19722457734,0,0,27582,4 23 25 30 36 43 51 64 88 95 114 116,-10.2248553155,-8.0276940877,1.00006335159,1.00006335159,1.00006335159,constructed_exact_power_root,0.119920325826,0.333333333333,-0.213413007507,C_from_near_power_row_as_positive_control,positive_control_survivor
rank83_Q13_actual_near_miss,actual_near_miss,83,6,6,3,97,250,62571,244973601795411,62571,13,prime_block_le_13,2,91,4.51085950652,1,0,1,7,0,,-6.53319768445,0,,,,none_visible,0.136147414805,0.333333333333,-0.197185918529,existing_near_power_csv,local_obstruction_before_drift
rank83_Q13_random_root_sets,random_root_sets,83,6,6,3,97,250,62571,244973601795411,62571,13,prime_block_le_13,2,91,4.51085950652,1,0,1,7,0,,-6.53319768445,0,,,,none_visible,0.136147414805,0.333333333333,-0.197185918529,deterministic_seeded_random_sets_same_cardinality,local_obstruction_before_drift
rank83_Q13_exact_power_anchor,exact_power_anchor,83,6,6,3,97,250,62571,244973601795411,62571,13,prime_block_le_13,2,91,4.51085950652,9,2.19722457734,0,0,6190,5 6 19 31 41 45 54 80 83 96 97 110,-8.73042226178,-6.53346578834,1.00026813984,1.00026813984,1.00026813984,constructed_exact_power_root,0.136147414805,0.333333333333,-0.197185918529,C_from_near_power_row_as_positive_control,positive_control_survivor
rank84_Q13_actual_near_miss,actual_near_miss,84,6,7,3,223,227,314750,31181515296875000,314750,13,prime_block_le_13,2,91,4.51085950652,1,0,2,7,0,,-8.14867444539,0,,,,none_visible,0.118773711672,0.333333333333,-0.214559621661,existing_near_power_csv,local_obstruction_before_drift
rank84_Q13_random_root_sets,random_root_sets,84,6,7,3,223,227,314750,31181515296875000,314750,13,prime_block_le_13,2,91,4.51085950652,1,0,2,7,0,,-8.14867444539,0,,,,none_visible,0.118773711672,0.333333333333,-0.214559621661,deterministic_seeded_random_sets_same_cardinality,local_obstruction_before_drift
rank84_Q13_exact_power_anchor,exact_power_anchor,84,6,7,3,223,227,314750,31181515296875000,314750,13,prime_block_le_13,2,91,4.51085950652,9,2.19722457734,0,0,31129,8 11 37 46 50 60 72 85 86 99 102 128,-10.3458990227,-8.14867056223,0.999996116848,0.999996116848,0.999996116848,constructed_exact_power_root,0.118773711672,0.333333333333,-0.214559621661,C_from_near_power_row_as_positive_control,positive_control_survivor
rank85_Q13_actual_near_miss,actual_near_miss,85,7,7,3,97,241,361649,47300072421042449,361649,13,prime_block_le_13,2,91,4.51085950652,1,0,1,7,0,,-8.28756990065,0,,,,none_visible,0.117484715325,0.333333333333,-0.215848618009,existing_near_power_csv,local_obstruction_before_drift
rank85_Q13_random_root_sets,random_root_sets,85,7,7,3,97,241,361649,47300072421042449,361649,13,prime_block_le_13,2,91,4.51085950652,1,0,1,7,0,,-8.28756990065,0,,,,none_visible,0.117484715325,0.333333333333,-0.215848618009,deterministic_seeded_random_sets_same_cardinality,local_obstruction_before_drift
rank85_Q13_exact_power_anchor,exact_power_anchor,85,7,7,3,97,241,361649,47300072421042449,361649,13,prime_block_le_13,2,91,4.51085950652,9,2.19722457734,0,0,35768,2 15 18 32 44 57 58 67 71 93 106 109,-10.484794478,-8.28758434058,1.00001444003,1.00001444003,1.00001444003,constructed_exact_power_root,0.117484715325,0.333333333333,-0.215848618009,C_from_near_power_row_as_positive_control,positive_control_survivor
rank86_Q13_actual_near_miss,actual_near_miss,86,7,7,3,183,202,274114,20596510676193544,274114,13,prime_block_le_13,2,91,4.51085950652,1,0,1,13,0,,-8.01043985072,0,,,,none_visible,0.120084968229,0.333333333333,-0.213248365104,existing_near_power_csv,local_obstruction_before_drift
rank86_Q13_random_root_sets,random_root_sets,86,7,7,3,183,202,274114,20596510676193544,274114,13,prime_block_le_13,2,91,4.51085950652,1,0,1,13,0,,-8.01043985072,0,,,,none_visible,0.120084968229,0.333333333333,-0.213248365104,deterministic_seeded_random_sets_same_cardinality,local_obstruction_before_drift
rank86_Q13_exact_power_anchor,exact_power_anchor,86,7,7,3,183,202,274114,20596510676193544,274114,13,prime_block_le_13,2,91,4.51085950652,9,2.19722457734,0,0,27112,1 9 16 22 29 53 74 79 81 92 100 107,-10.2076644281,-8.01050713595,1.0000672875,1.0000672875,1.0000672875,constructed_exact_power_root,0.120084968229,0.333333333333,-0.213248365104,C_from_near_power_row_as_positive_control,positive_control_survivor
rank87_Q13_actual_near_miss,actual_near_miss,87,6,6,3,106,207,43105,80090858382625,43105,13,prime_block_le_13,2,91,4.51085950652,1,0,1,7,0,,-6.16053477213,0,,,,none_visible,0.140901909933,0.333333333333,-0.192431423401,existing_near_power_csv,local_obstruction_before_drift
rank87_Q13_random_root_sets,random_root_sets,87,6,6,3,106,207,43105,80090858382625,43105,13,prime_block_le_13,2,91,4.51085950652,1,0,1,7,0,,-6.16053477213,0,,,,none_visible,0.140901909933,0.333333333333,-0.192431423401,deterministic_seeded_random_sets_same_cardinality,local_obstruction_before_drift
rank87_Q13_exact_power_anchor,exact_power_anchor,87,6,6,3,106,207,43105,80090858382625,43105,13,prime_block_le_13,2,91,4.51085950652,9,2.19722457734,0,0,4262,10 12 17 38 62 69 75 82 90 101 103 108,-8.35775934946,-6.16026923532,0.999734498447,0.999734498447,0.999734498447,constructed_exact_power_root,0.140901909933,0.333333333333,-0.192431423401,C_from_near_power_row_as_positive_control,positive_control_survivor
rank88_Q13_actual_near_miss,actual_near_miss,88,4,5,3,121,76,1401,2749884201,1401,13,prime_block_le_13,2,91,4.51085950652,3,1.09861228867,1,13,0,,-3.83269432849,1.09861228867,,,,none_visible,0.207540644171,0.333333333333,-0.125792689163,existing_near_power_csv,local_obstruction_before_drift
rank88_Q13_random_root_sets,random_root_sets,88,4,5,3,121,76,1401,2749884201,1401,13,prime_block_le_13,2,91,4.51085950652,3,1.09861228867,1,13,0,,-3.83269432849,1.09861228867,,,,none_visible,0.207540644171,0.333333333333,-0.125792689163,deterministic_seeded_random_sets_same_cardinality,local_obstruction_before_drift
rank88_Q13_exact_power_anchor,exact_power_anchor,88,4,5,3,121,76,1401,2749884201,1401,13,prime_block_le_13,2,91,4.51085950652,9,2.19722457734,0,0,140,4 23 25 30 36 43 51 64 88 95 114 116,-4.93130661716,-2.74441784527,1.01038940439,1.01038940439,1.01038940439,constructed_exact_power_root,0.207540644171,0.333333333333,-0.125792689163,C_from_near_power_row_as_positive_control,positive_control_survivor
rank89_Q13_actual_near_miss,actual_near_miss,89,7,7,4,121,246,15307,54898481099454001,15307,13,prime_block_le_13,5,15015,9.61680498042,16,2.77258872224,2,5,0,,-2.79184926091,2.77258872224,1.00028173385,0.99978767884,1.00077578885,none_visible,0.249500300755,0.25,-0.000499699245406,existing_near_power_csv,local_obstruction_before_drift
rank89_Q13_random_root_sets,random_root_sets,89,7,7,4,121,246,15307,54898481099454001,15307,13,prime_block_le_13,5,15015,9.61680498042,16,2.77258872224,2,5,0,,-2.79184926091,2.77258872224,0.999697850657,0.999608022473,0.99978767884,none_visible,0.249500300755,0.25,-0.000499699245406,deterministic_seeded_random_sets_same_cardinality,local_obstruction_before_drift
rank89_Q13_exact_power_anchor,exact_power_anchor,89,7,7,4,121,246,15307,54898481099454001,15307,13,prime_block_le_13,5,15015,9.61680498042,128,4.85203026392,0,0,132,61 82 149 292 446 698 709 919 929 1073 1216 1304,-4.87129080259,-0.0307716586668,1.00016740707,0.99978767884,1.00077578885,constructed_exact_power_root,0.249500300755,0.25,-0.000499699245406,C_from_near_power_row_as_positive_control,positive_control_survivor
rank90_Q13_actual_near_miss,actual_near_miss,90,7,7,3,158,193,231663,12432830941751247,231663,13,prime_block_le_13,2,91,4.51085950652,3,1.09861228867,0,0,7637,39 65 78 130 156 169 221 247 260 312 338 351,-8.94079179057,-7.84214784622,0.999968344823,0.999968344823,0.999968344823,none_visible,0.121720641737,0.333333333333,-0.211612691596,existing_near_power_csv,low_section_survivor_requires_anchor_audit
rank90_Q13_random_root_sets,random_root_sets,90,7,7,3,158,193,231663,12432830941751247,231663,13,prime_block_le_13,2,91,4.51085950652,3,1.09861228867,0,0,7638,14 27 66 105 118 157 196 209 248 287 300 339,-8.94079179057,-7.84227877912,1.00009928215,1.00009928215,1.00009928215,none_visible,0.121720641737,0.333333333333,-0.211612691596,deterministic_seeded_random_sets_same_cardinality,low_section_survivor_requires_anchor_audit
rank90_Q13_exact_power_anchor,exact_power_anchor,90,7,7,3,158,193,231663,12432830941751247,231663,13,prime_block_le_13,2,91,4.51085950652,9,2.19722457734,0,0,22913,3 27 40 48 55 61 66 68 87 94 118 131,-10.0394040792,-7.84223513672,1.00005563637,1.00005563637,1.00005563637,constructed_exact_power_root,0.121720641737,0.333333333333,-0.211612691596,C_from_near_power_row_as_positive_control,positive_control_survivor
rank91_Q13_actual_near_miss,actual_near_miss,91,6,7,3,214,151,123551,1885987433053151,123551,13,prime_block_le_13,2,91,4.51085950652,1,0,2,7,0,,-7.21354979876,0,,,,none_visible,0.128246958662,0.333333333333,-0.205086374672,existing_near_power_csv,local_obstruction_before_drift
rank91_Q13_random_root_sets,random_root_sets,91,6,7,3,214,151,123551,1885987433053151,123551,13,prime_block_le_13,2,91,4.51085950652,1,0,2,7,0,,-7.21354979876,0,,,,none_visible,0.128246958662,0.333333333333,-0.205086374672,deterministic_seeded_random_sets_same_cardinality,local_obstruction_before_drift
rank91_Q13_exact_power_anchor,exact_power_anchor,91,6,7,3,214,151,123551,1885987433053151,123551,13,prime_block_le_13,2,91,4.51085950652,9,2.19722457734,0,0,12221,4 23 25 30 36 43 51 64 88 95 114 116,-9.41077437609,-7.2136864851,1.00013669569,1.00013669569,1.00013669569,constructed_exact_power_root,0.128246958662,0.333333333333,-0.205086374672,C_from_near_power_row_as_positive_control,positive_control_survivor
rank92_Q13_actual_near_miss,actual_near_miss,92,6,5,3,63,230,8905,706157817625,8905,13,prime_block_le_13,2,91,4.51085950652,3,1.09861228867,1,13,0,,-5.68212097788,1.09861228867,,,,none_visible,0.165335271582,0.333333333333,-0.167998061751,existing_near_power_csv,local_obstruction_before_drift
rank92_Q13_random_root_sets,random_root_sets,92,6,5,3,63,230,8905,706157817625,8905,13,prime_block_le_13,2,91,4.51085950652,3,1.09861228867,1,13,0,,-5.68212097788,1.09861228867,,,,none_visible,0.165335271582,0.333333333333,-0.167998061751,deterministic_seeded_random_sets_same_cardinality,local_obstruction_before_drift
rank92_Q13_exact_power_anchor,exact_power_anchor,92,6,5,3,63,230,8905,706157817625,8905,13,prime_block_le_13,2,91,4.51085950652,3,1.09861228867,0,0,294,39 65 78 130 156 169 221 247 260 312 338 351,-5.68212097788,-4.58496747867,1.00145985401,1.00145985401,1.00145985401,constructed_exact_power_root,0.165335271582,0.333333333333,-0.167998061751,C_from_near_power_row_as_positive_control,positive_control_survivor
rank93_Q13_actual_near_miss,actual_near_miss,93,7,7,3,67,129,84368,600528000684032,84368,13,prime_block_le_13,2,91,4.51085950652,1,0,1,13,0,,-6.83208395525,0,,,,none_visible,0.132559933898,0.333333333333,-0.200773399435,existing_near_power_csv,local_obstruction_before_drift
rank93_Q13_random_root_sets,random_root_sets,93,7,7,3,67,129,84368,600528000684032,84368,13,prime_block_le_13,2,91,4.51085950652,1,0,1,13,0,,-6.83208395525,0,,,,none_visible,0.132559933898,0.333333333333,-0.200773399435,deterministic_seeded_random_sets_same_cardinality,local_obstruction_before_drift
rank93_Q13_exact_power_anchor,exact_power_anchor,93,7,7,3,67,129,84368,600528000684032,84368,13,prime_block_le_13,2,91,4.51085950652,9,2.19722457734,0,0,8345,8 11 37 46 50 60 72 85 86 99 102 128,-9.02930853259,-6.83219325876,1.00010930948,1.00010930948,1.00010930948,constructed_exact_power_root,0.132559933898,0.333333333333,-0.200773399435,C_from_near_power_row_as_positive_control,positive_control_survivor
rank94_Q13_actual_near_miss,actual_near_miss,94,6,7,3,228,239,354855,44684076513576375,354855,13,prime_block_le_13,2,91,4.51085950652,1,0,2,7,0,,-8.2686050278,0,,,,none_visible,0.117659063998,0.333333333333,-0.215674269335,existing_near_power_csv,local_obstruction_before_drift
rank94_Q13_random_root_sets,random_root_sets,94,6,7,3,228,239,354855,44684076513576375,354855,13,prime_block_le_13,2,91,4.51085950652,1,0,2,7,0,,-8.2686050278,0,,,,none_visible,0.117659063998,0.333333333333,-0.215674269335,deterministic_seeded_random_sets_same_cardinality,local_obstruction_before_drift
rank94_Q13_exact_power_anchor,exact_power_anchor,94,6,7,3,228,239,354855,44684076513576375,354855,13,prime_block_le_13,2,91,4.51085950652,9,2.19722457734,0,0,35095,8 11 37 46 50 60 72 85 86 99 102 128,-10.4658296051,-8.26858937183,0.999984344153,0.999984344153,0.999984344153,constructed_exact_power_root,0.117659063998,0.333333333333,-0.215674269335,C_from_near_power_row_as_positive_control,positive_control_survivor
rank95_Q13_actual_near_miss,actual_near_miss,95,7,7,3,92,177,176501,5498465582279501,176501,13,prime_block_le_13,2,91,4.51085950652,1,0,2,7,0,,-7.57022231454,0,,,,none_visible,0.124460694644,0.333333333333,-0.208872638689,existing_near_power_csv,local_obstruction_before_drift
rank95_Q13_random_root_sets,random_root_sets,95,7,7,3,92,177,176501,5498465582279501,176501,13,prime_block_le_13,2,91,4.51085950652,1,0,2,7,0,,-7.57022231454,0,,,,none_visible,0.124460694644,0.333333333333,-0.208872638689,deterministic_seeded_random_sets_same_cardinality,local_obstruction_before_drift
rank95_Q13_exact_power_anchor,exact_power_anchor,95,7,7,3,92,177,176501,5498465582279501,176501,13,prime_block_le_13,2,91,4.51085950652,3,1.09861228867,0,0,5820,13 26 52 104 117 143 195 208 234 286 299 325,-8.66883460321,-7.57044325206,1.00022096192,1.00022096192,1.00022096192,constructed_exact_power_root,0.124460694644,0.333333333333,-0.208872638689,C_from_near_power_row_as_positive_control,positive_control_survivor
rank96_Q13_actual_near_miss,actual_near_miss,96,5,5,3,145,239,9450,843908625000,9450,13,prime_block_le_13,2,91,4.51085950652,1,0,2,7,0,,-4.64291051397,0,,,,none_visible,0.164262356618,0.333333333333,-0.169070976715,existing_near_power_csv,local_obstruction_before_drift
rank96_Q13_random_root_sets,random_root_sets,96,5,5,3,145,239,9450,843908625000,9450,13,prime_block_le_13,2,91,4.51085950652,1,0,2,7,0,,-4.64291051397,0,,,,none_visible,0.164262356618,0.333333333333,-0.169070976715,deterministic_seeded_random_sets_same_cardinality,local_obstruction_before_drift
rank96_Q13_exact_power_anchor,exact_power_anchor,96,5,5,3,145,239,9450,843908625000,9450,13,prime_block_le_13,2,91,4.51085950652,3,1.09861228867,0,0,312,49 56 77 140 147 168 231 238 259 322 329 350,-5.74152280264,-4.64439089914,1.00148148148,1.00148148148,1.00148148148,constructed_exact_power_root,0.164262356618,0.333333333333,-0.169070976715,C_from_near_power_row_as_positive_control,positive_control_survivor
rank97_Q13_actual_near_miss,actual_near_miss,97,6,7,3,207,100,56323,178672344970267,56323,13,prime_block_le_13,2,91,4.51085950652,1,0,2,7,0,,-6.42799874994,0,,,,none_visible,0.13745674368,0.333333333333,-0.195876589654,existing_near_power_csv,local_obstruction_before_drift
rank97_Q13_random_root_sets,random_root_sets,97,6,7,3,207,100,56323,178672344970267,56323,13,prime_block_le_13,2,91,4.51085950652,1,0,2,7,0,,-6.42799874994,0,,,,none_visible,0.13745674368,0.333333333333,-0.195876589654,deterministic_seeded_random_sets_same_cardinality,local_obstruction_before_drift
rank97_Q13_exact_power_anchor,exact_power_anchor,97,6,7,3,207,100,56323,178672344970267,56323,13,prime_block_le_13,2,91,4.51085950652,9,2.19722457734,0,0,5570,8 11 37 46 50 60 72 85 86 99 102 128,-8.62522332728,-6.42792575559,0.999927008307,0.999927008307,0.999927008307,constructed_exact_power_root,0.13745674368,0.333333333333,-0.195876589654,C_from_near_power_row_as_positive_control,positive_control_survivor
rank98_Q13_actual_near_miss,actual_near_miss,98,6,6,3,95,239,57196,187109988665536,57196,13,prime_block_le_13,2,91,4.51085950652,1,0,1,7,0,,-6.44337973834,0,,,,none_visible,0.137263738896,0.333333333333,-0.196069594438,existing_near_power_csv,local_obstruction_before_drift
rank98_Q13_random_root_sets,random_root_sets,98,6,6,3,95,239,57196,187109988665536,57196,13,prime_block_le_13,2,91,4.51085950652,1,0,1,7,0,,-6.44337973834,0,,,,none_visible,0.137263738896,0.333333333333,-0.196069594438,deterministic_seeded_random_sets_same_cardinality,local_obstruction_before_drift
rank98_Q13_exact_power_anchor,exact_power_anchor,98,6,6,3,95,239,57196,187109988665536,57196,13,prime_block_le_13,2,91,4.51085950652,9,2.19722457734,0,0,5656,3 27 40 48 55 61 66 68 87 94 118 131,-8.64060431567,-6.44324763024,0.99986790063,0.99986790063,0.99986790063,constructed_exact_power_root,0.137263738896,0.333333333333,-0.196069594438,C_from_near_power_row_as_positive_control,positive_control_survivor
rank99_Q13_actual_near_miss,actual_near_miss,99,7,7,3,209,214,336118,37973035221035032,336118,13,prime_block_le_13,2,91,4.51085950652,3,1.09861228867,1,7,0,,-9.31297034992,1.09861228867,,,,none_visible,0.118160638708,0.333333333333,-0.215172694625,existing_near_power_csv,local_obstruction_before_drift
rank99_Q13_random_root_sets,random_root_sets,99,7,7,3,209,214,336118,37973035221035032,336118,13,prime_block_le_13,2,91,4.51085950652,3,1.09861228867,1,7,0,,-9.31297034992,1.09861228867,,,,none_visible,0.118160638708,0.333333333333,-0.215172694625,deterministic_seeded_random_sets_same_cardinality,local_obstruction_before_drift
rank99_Q13_exact_power_anchor,exact_power_anchor,99,7,7,3,209,214,336118,37973035221035032,336118,13,prime_block_le_13,2,91,4.51085950652,9,2.19722457734,0,0,33242,3 27 40 48 55 61 66 68 87 94 118 131,-10.4115826386,-8.21434483829,0.999986777131,0.999986777131,0.999986777131,constructed_exact_power_root,0.118160638708,0.333333333333,-0.215172694625,C_from_near_power_row_as_positive_control,positive_control_survivor
rank100_Q13_actual_near_miss,actual_near_miss,100,5,7,3,197,114,63040,250523582464000,63040,13,prime_block_le_13,2,91,4.51085950652,1,0,2,7,0,,-6.54066521801,0,,,,none_visible,0.136055419771,0.333333333333,-0.197277913562,existing_near_power_csv,local_obstruction_before_drift
rank100_Q13_random_root_sets,random_root_sets,100,5,7,3,197,114,63040,250523582464000,63040,13,prime_block_le_13,2,91,4.51085950652,1,0,2,7,0,,-6.54066521801,0,,,,none_visible,0.136055419771,0.333333333333,-0.197277913562,deterministic_seeded_random_sets_same_cardinality,local_obstruction_before_drift
rank100_Q13_exact_power_anchor,exact_power_anchor,100,5,7,3,197,114,63040,250523582464000,63040,13,prime_block_le_13,2,91,4.51085950652,9,2.19722457734,0,0,6236,3 27 40 48 55 61 66 68 87 94 118 131,-8.73788979535,-6.54086965284,1.00020445572,1.00020445572,1.00020445572,constructed_exact_power_root,0.136055419771,0.333333333333,-0.197277913562,C_from_near_power_row_as_positive_control,positive_control_survivor
rank101_Q13_actual_near_miss,actual_near_miss,101,6,7,3,216,205,248345,15316737235663625,248345,13,prime_block_le_13,2,91,4.51085950652,1,0,2,7,0,,-7.91171468094,0,,,,none_visible,0.121039312208,0.333333333333,-0.212294021125,existing_near_power_csv,local_obstruction_before_drift
rank101_Q13_random_root_sets,random_root_sets,101,6,7,3,216,205,248345,15316737235663625,248345,13,prime_block_le_13,2,91,4.51085950652,1,0,2,7,0,,-7.91171468094,0,,,,none_visible,0.121039312208,0.333333333333,-0.212294021125,deterministic_seeded_random_sets_same_cardinality,local_obstruction_before_drift
rank101_Q13_exact_power_anchor,exact_power_anchor,101,6,7,3,216,205,248345,15316737235663625,248345,13,prime_block_le_13,2,91,4.51085950652,9,2.19722457734,0,0,24563,5 6 19 31 41 45 54 80 83 96 97 110,-10.1089392583,-7.9117719473,1.000057268,1.000057268,1.000057268,constructed_exact_power_root,0.121039312208,0.333333333333,-0.212294021125,C_from_near_power_row_as_positive_control,positive_control_survivor
rank102_Q13_actual_near_miss,actual_near_miss,102,7,7,3,138,197,231882,12468123993460968,231882,13,prime_block_le_13,2,91,4.51085950652,3,1.09861228867,1,13,0,,-8.94173668272,1.09861228867,,,,none_visible,0.121711331956,0.333333333333,-0.211622001377,existing_near_power_csv,local_obstruction_before_drift
rank102_Q13_random_root_sets,random_root_sets,102,7,7,3,138,197,231882,12468123993460968,231882,13,prime_block_le_13,2,91,4.51085950652,3,1.09861228867,1,13,0,,-8.94173668272,1.09861228867,,,,none_visible,0.121711331956,0.333333333333,-0.211622001377,deterministic_seeded_random_sets_same_cardinality,local_obstruction_before_drift
rank102_Q13_exact_power_anchor,exact_power_anchor,102,7,7,3,138,197,231882,12468123993460968,231882,13,prime_block_le_13,2,91,4.51085950652,3,1.09861228867,0,0,7645,14 35 42 105 126 133 196 217 224 287 308 315,-8.94173668272,-7.8431948297,1.00007043813,1.00007043813,1.00007043813,constructed_exact_power_root,0.121711331956,0.333333333333,-0.211622001377,C_from_near_power_row_as_positive_control,positive_control_survivor
rank103_Q13_actual_near_miss,actual_near_miss,103,7,7,3,86,173,167182,4672706995152568,167182,13,prime_block_le_13,2,91,4.51085950652,1,0,1,13,0,,-7.51597881182,0,,,,none_visible,0.125022037855,0.333333333333,-0.208311295479,existing_near_power_csv,local_obstruction_before_drift
rank103_Q13_random_root_sets,random_root_sets,103,7,7,3,86,173,167182,4672706995152568,167182,13,prime_block_le_13,2,91,4.51085950652,1,0,1,13,0,,-7.51597881182,0,,,,none_visible,0.125022037855,0.333333333333,-0.208311295479,deterministic_seeded_random_sets_same_cardinality,local_obstruction_before_drift
rank103_Q13_exact_power_anchor,exact_power_anchor,103,7,7,3,86,173,167182,4672706995152568,167182,13,prime_block_le_13,2,91,4.51085950652,9,2.19722457734,0,0,16535,2 15 18 32 44 57 58 67 71 93 106 109,-9.71320338915,-7.51601004808,1.00003123675,1.00003123675,1.00003123675,constructed_exact_power_root,0.125022037855,0.333333333333,-0.208311295479,C_from_near_power_row_as_positive_control,positive_control_survivor
rank104_Q13_actual_near_miss,actual_near_miss,104,5,7,3,229,90,36458,48459454583912,36458,13,prime_block_le_13,2,91,4.51085950652,1,0,2,7,0,,-5.99305668558,0,,,,none_visible,0.143148498903,0.333333333333,-0.19018483443,existing_near_power_csv,local_obstruction_before_drift
rank104_Q13_random_root_sets,random_root_sets,104,5,7,3,229,90,36458,48459454583912,36458,13,prime_block_le_13,2,91,4.51085950652,1,0,2,7,0,,-5.99305668558,0,,,,none_visible,0.143148498903,0.333333333333,-0.19018483443,deterministic_seeded_random_sets_same_cardinality,local_obstruction_before_drift
rank104_Q13_exact_power_anchor,exact_power_anchor,104,5,7,3,229,90,36458,48459454583912,36458,13,prime_block_le_13,2,91,4.51085950652,9,2.19722457734,0,0,3607,2 15 18 32 44 57 58 67 71 93 106 109,-8.19028126291,-5.99340710357,1.00035047939,1.00035047939,1.00035047939,constructed_exact_power_root,0.143148498903,0.333333333333,-0.19018483443,C_from_near_power_row_as_positive_control,positive_control_survivor
rank105_Q13_actual_near_miss,actual_near_miss,105,7,6,3,28,61,4021,65013301261,4021,13,prime_block_le_13,2,91,4.51085950652,9,2.19722457734,0,0,397,4 23 25 30 36 43 51 64 88 95 114 116,-5.98565097772,-3.78671170335,0.998286772224,0.998286772224,0.998286772224,none_visible,0.18117460374,0.333333333333,-0.152158729594,existing_near_power_csv,low_section_survivor_requires_anchor_audit
rank105_Q13_random_root_sets,random_root_sets,105,7,6,3,28,61,4021,65013301261,4021,13,prime_block_le_13,2,91,4.51085950652,9,2.19722457734,0,0,399,4 6 17 27 32 45 53 66 69 95 97 108,-5.98565097772,-3.79173683955,1.00331592473,1.00331592473,1.00331592473,none_visible,0.18117460374,0.333333333333,-0.152158729594,deterministic_seeded_random_sets_same_cardinality,low_section_survivor_requires_anchor_audit
rank105_Q13_exact_power_anchor,exact_power_anchor,105,7,6,3,28,61,4021,65013301261,4021,13,prime_block_le_13,2,91,4.51085950652,9,2.19722457734,0,0,399,10 12 17 38 62 69 75 82 90 101 103 108,-5.98565097772,-3.79173683955,1.00331592473,1.00331592473,1.00331592473,constructed_exact_power_root,0.18117460374,0.333333333333,-0.152158729594,C_from_near_power_row_as_positive_control,positive_control_survivor
rank106_Q13_actual_near_miss,actual_near_miss,106,7,7,3,195,224,339173,39017893441970717,339173,13,prime_block_le_13,2,91,4.51085950652,3,1.09861228867,1,13,0,,-9.32201836283,1.09861228867,,,,none_visible,0.118076682631,0.333333333333,-0.215256650703,existing_near_power_csv,local_obstruction_before_drift
rank106_Q13_random_root_sets,random_root_sets,106,7,7,3,195,224,339173,39017893441970717,339173,13,prime_block_le_13,2,91,4.51085950652,3,1.09861228867,1,13,0,,-9.32201836283,1.09861228867,,,,none_visible,0.118076682631,0.333333333333,-0.215256650703,deterministic_seeded_random_sets_same_cardinality,local_obstruction_before_drift
rank106_Q13_exact_power_anchor,exact_power_anchor,106,7,7,3,195,224,339173,39017893441970717,339173,13,prime_block_le_13,2,91,4.51085950652,9,2.19722457734,0,0,33546,1 9 16 22 29 53 74 79 81 92 100 107,-10.4206306515,-8.22344833292,1.00004225965,1.00004225965,1.00004225965,constructed_exact_power_root,0.118076682631,0.333333333333,-0.215256650703,C_from_near_power_row_as_positive_control,positive_control_survivor
rank107_Q13_actual_near_miss,actual_near_miss,107,5,6,3,169,125,15811,3952555856731,15811,13,prime_block_le_13,2,91,4.51085950652,3,1.09861228867,1,7,0,,-6.25621396146,1.09861228867,,,,none_visible,0.15551800929,0.333333333333,-0.177815324043,existing_near_power_csv,local_obstruction_before_drift
rank107_Q13_random_root_sets,random_root_sets,107,5,6,3,169,125,15811,3952555856731,15811,13,prime_block_le_13,2,91,4.51085950652,3,1.09861228867,1,7,0,,-6.25621396146,1.09861228867,,,,none_visible,0.15551800929,0.333333333333,-0.177815324043,deterministic_seeded_random_sets_same_cardinality,local_obstruction_before_drift
rank107_Q13_exact_power_anchor,exact_power_anchor,107,5,6,3,169,125,15811,3952555856731,15811,13,prime_block_le_13,2,91,4.51085950652,9,2.19722457734,0,0,1565,3 27 40 48 55 61 66 68 87 94 118 131,-7.35482625013,-5.15841652564,1.00081518493,1.00081518493,1.00081518493,constructed_exact_power_root,0.15551800929,0.333333333333,-0.177815324043,C_from_near_power_row_as_positive_control,positive_control_survivor
rank108_Q13_actual_near_miss,actual_near_miss,108,7,7,3,210,223,356832,45435088927162368,356832,13,prime_block_le_13,2,91,4.51085950652,3,1.09861228867,1,13,0,,-9.37277314392,1.09861228867,,,,none_visible,0.117607934361,0.333333333333,-0.215725398973,existing_near_power_csv,local_obstruction_before_drift
rank108_Q13_random_root_sets,random_root_sets,108,7,7,3,210,223,356832,45435088927162368,356832,13,prime_block_le_13,2,91,4.51085950652,3,1.09861228867,1,13,0,,-9.37277314392,1.09861228867,,,,none_visible,0.117607934361,0.333333333333,-0.215725398973,deterministic_seeded_random_sets_same_cardinality,local_obstruction_before_drift
rank108_Q13_exact_power_anchor,exact_power_anchor,108,7,7,3,210,223,356832,45435088927162368,356832,13,prime_block_le_13,2,91,4.51085950652,3,1.09861228867,0,0,11765,7 21 63 98 112 154 189 203 245 280 294 336,-9.37277314392,-8.27427201249,1.00011116342,1.00011116342,1.00011116342,constructed_exact_power_root,0.117607934361,0.333333333333,-0.215725398973,C_from_near_power_row_as_positive_control,positive_control_survivor
rank109_Q13_actual_near_miss,actual_near_miss,109,6,6,3,84,211,44580,88597239912000,44580,13,prime_block_le_13,2,91,4.51085950652,3,1.09861228867,0,0,1470,39 65 78 130 156 169 221 247 260 312 338 351,-7.29279338909,-6.1944053911,1.00022431584,1.00022431584,1.00022431584,none_visible,0.140459050154,0.333333333333,-0.19287428318,existing_near_power_csv,low_section_survivor_requires_anchor_audit
rank109_Q13_random_root_sets,random_root_sets,109,6,6,3,84,211,44580,88597239912000,44580,13,prime_block_le_13,2,91,4.51085950652,3,1.09861228867,0,0,1469,17 43 82 108 134 173 199 225 264 290 316 355,-7.29279338909,-6.19372488751,0.999543891132,0.999543891132,0.999543891132,none_visible,0.140459050154,0.333333333333,-0.19287428318,deterministic_seeded_random_sets_same_cardinality,low_section_survivor_requires_anchor_audit
rank109_Q13_exact_power_anchor,exact_power_anchor,109,6,6,3,84,211,44580,88597239912000,44580,13,prime_block_le_13,2,91,4.51085950652,9,2.19722457734,0,0,4410,1 9 16 22 29 53 74 79 81 92 100 107,-8.39140567776,-6.1944053911,1.00022431584,1.00022431584,1.00022431584,constructed_exact_power_root,0.140459050154,0.333333333333,-0.19287428318,C_from_near_power_row_as_positive_control,positive_control_survivor
rank110_Q13_actual_near_miss,actual_near_miss,110,6,7,3,73,71,20989,9246454621669,20989,13,prime_block_le_13,2,91,4.51085950652,1,0,2,7,0,,-5.44089426343,0,,,,none_visible,0.151090940377,0.333333333333,-0.182242392956,existing_near_power_csv,local_obstruction_before_drift
rank110_Q13_random_root_sets,random_root_sets,110,6,7,3,73,71,20989,9246454621669,20989,13,prime_block_le_13,2,91,4.51085950652,1,0,2,7,0,,-5.44089426343,0,,,,none_visible,0.151090940377,0.333333333333,-0.182242392956,deterministic_seeded_random_sets_same_cardinality,local_obstruction_before_drift
rank110_Q13_exact_power_anchor,exact_power_anchor,110,6,7,3,73,71,20989,9246454621669,20989,13,prime_block_le_13,2,91,4.51085950652,9,2.19722457734,0,0,2076,20 24 33 34 47 59 73 76 89 111 115 124,-7.63811884076,-5.44097366695,1.00007940667,1.00007940667,1.00007940667,constructed_exact_power_root,0.151090940377,0.333333333333,-0.182242392956,C_from_near_power_row_as_positive_control,positive_control_survivor
rank111_Q13_actual_near_miss,actual_near_miss,111,6,6,3,127,212,45626,94981098574376,45626,13,prime_block_le_13,2,91,4.51085950652,1,0,2,7,0,,-6.21737350194,0,,,,none_visible,0.140155404373,0.333333333333,-0.193177928961,existing_near_power_csv,local_obstruction_before_drift
rank111_Q13_random_root_sets,random_root_sets,111,6,6,3,127,212,45626,94981098574376,45626,13,prime_block_le_13,2,91,4.51085950652,1,0,2,7,0,,-6.21737350194,0,,,,none_visible,0.140155404373,0.333333333333,-0.193177928961,deterministic_seeded_random_sets_same_cardinality,local_obstruction_before_drift
rank111_Q13_exact_power_anchor,exact_power_anchor,111,6,6,3,127,212,45626,94981098574376,45626,13,prime_block_le_13,2,91,4.51085950652,3,1.09861228867,0,0,1505,14 35 42 105 126 133 196 217 224 287 308 315,-7.3159857906,-6.21793588851,1.00056254475,1.00056254475,1.00056254475,constructed_exact_power_root,0.140155404373,0.333333333333,-0.193177928961,C_from_near_power_row_as_positive_control,positive_control_survivor
rank112_Q13_actual_near_miss,actual_near_miss,112,6,7,3,233,243,368873,50191549511754617,368873,13,prime_block_le_13,2,91,4.51085950652,3,1.09861228867,1,13,0,,-9.40596047249,1.09861228867,,,,none_visible,0.117303438346,0.333333333333,-0.216029894988,existing_near_power_csv,local_obstruction_before_drift
rank112_Q13_random_root_sets,random_root_sets,112,6,7,3,233,243,368873,50191549511754617,368873,13,prime_block_le_13,2,91,4.51085950652,3,1.09861228867,1,13,0,,-9.40596047249,1.09861228867,,,,none_visible,0.117303438346,0.333333333333,-0.216029894988,deterministic_seeded_random_sets_same_cardinality,local_obstruction_before_drift
rank112_Q13_exact_power_anchor,exact_power_anchor,112,6,7,3,233,243,368873,50191549511754617,368873,13,prime_block_le_13,2,91,4.51085950652,9,2.19722457734,0,0,36482,8 11 37 46 50 60 72 85 86 99 102 128,-10.5045727612,-8.30734968991,1.00000150609,1.00000150609,1.00000150609,constructed_exact_power_root,0.117303438346,0.333333333333,-0.216029894988,C_from_near_power_row_as_positive_control,positive_control_survivor
rank113_Q13_actual_near_miss,actual_near_miss,113,7,7,3,81,131,88149,684939432371949,88149,13,prime_block_le_13,2,91,4.51085950652,1,0,2,7,0,,-6.87592433695,0,,,,none_visible,0.132049563439,0.333333333333,-0.201283769894,existing_near_power_csv,local_obstruction_before_drift
rank113_Q13_random_root_sets,random_root_sets,113,7,7,3,81,131,88149,684939432371949,88149,13,prime_block_le_13,2,91,4.51085950652,1,0,2,7,0,,-6.87592433695,0,,,,none_visible,0.132049563439,0.333333333333,-0.201283769894,deterministic_seeded_random_sets_same_cardinality,local_obstruction_before_drift
rank113_Q13_exact_power_anchor,exact_power_anchor,113,7,7,3,81,131,88149,684939432371949,88149,13,prime_block_le_13,2,91,4.51085950652,9,2.19722457734,0,0,8718,3 27 40 48 55 61 66 68 87 94 118 131,-9.07314891428,-6.87592055546,0.999996218524,0.999996218524,0.999996218524,constructed_exact_power_root,0.132049563439,0.333333333333,-0.201283769894,C_from_near_power_row_as_positive_control,positive_control_survivor
rank114_Q13_actual_near_miss,actual_near_miss,114,7,7,3,137,237,350081,42904774389581441,350081,13,prime_block_le_13,2,91,4.51085950652,1,0,2,7,0,,-8.25506032874,0,,,,none_visible,0.117783900801,0.333333333333,-0.215549432533,existing_near_power_csv,local_obstruction_before_drift
rank114_Q13_random_root_sets,random_root_sets,114,7,7,3,137,237,350081,42904774389581441,350081,13,prime_block_le_13,2,91,4.51085950652,1,0,2,7,0,,-8.25506032874,0,,,,none_visible,0.117783900801,0.333333333333,-0.215549432533,deterministic_seeded_random_sets_same_cardinality,local_obstruction_before_drift
rank114_Q13_exact_power_anchor,exact_power_anchor,114,7,7,3,137,237,350081,42904774389581441,350081,13,prime_block_le_13,2,91,4.51085950652,9,2.19722457734,0,0,34624,4 23 25 30 36 43 51 64 88 95 114 116,-10.4522849061,-8.25507778487,1.00001745628,1.00001745628,1.00001745628,constructed_exact_power_root,0.117783900801,0.333333333333,-0.215549432533,C_from_near_power_row_as_positive_control,positive_control_survivor
rank115_Q13_actual_near_miss,actual_near_miss,115,7,7,3,103,231,327794,35221106836282184,327794,13,prime_block_le_13,2,91,4.51085950652,1,0,2,7,0,,-8.18928113476,0,,,,none_visible,0.11839395153,0.333333333333,-0.214939381804,existing_near_power_csv,local_obstruction_before_drift
rank115_Q13_random_root_sets,random_root_sets,115,7,7,3,103,231,327794,35221106836282184,327794,13,prime_block_le_13,2,91,4.51085950652,1,0,2,7,0,,-8.18928113476,0,,,,none_visible,0.11839395153,0.333333333333,-0.214939381804,deterministic_seeded_random_sets_same_cardinality,local_obstruction_before_drift
rank115_Q13_exact_power_anchor,exact_power_anchor,115,7,7,3,103,231,327794,35221106836282184,327794,13,prime_block_le_13,2,91,4.51085950652,9,2.19722457734,0,0,32420,10 12 17 38 62 69 75 82 90 101 103 108,-10.3865057121,-8.18930621795,1.0000250835,1.0000250835,1.0000250835,constructed_exact_power_root,0.11839395153,0.333333333333,-0.214939381804,C_from_near_power_row_as_positive_control,positive_control_survivor
rank116_Q13_actual_near_miss,actual_near_miss,116,7,7,3,86,227,314453,31093329363837677,314453,13,prime_block_le_13,2,91,4.51085950652,3,1.09861228867,1,7,0,,-9.24634268254,1.09861228867,,,,none_visible,0.11878256957,0.333333333333,-0.214550763763,existing_near_power_csv,local_obstruction_before_drift
rank116_Q13_random_root_sets,random_root_sets,116,7,7,3,86,227,314453,31093329363837677,314453,13,prime_block_le_13,2,91,4.51085950652,3,1.09861228867,1,7,0,,-9.24634268254,1.09861228867,,,,none_visible,0.11878256957,0.333333333333,-0.214550763763,deterministic_seeded_random_sets_same_cardinality,local_obstruction_before_drift
rank116_Q13_exact_power_anchor,exact_power_anchor,116,7,7,3,86,227,314453,31093329363837677,314453,13,prime_block_le_13,2,91,4.51085950652,9,2.19722457734,0,0,31099,3 27 40 48 55 61 66 68 87 94 118 131,-10.3449549712,-8.14770636597,0.999975972385,0.999975972385,0.999975972385,constructed_exact_power_root,0.11878256957,0.333333333333,-0.214550763763,C_from_near_power_row_as_positive_control,positive_control_survivor
rank117_Q13_actual_near_miss,actual_near_miss,117,7,7,4,74,177,8594,5454832223930896,8594,13,prime_block_le_13,5,15015,9.61680498042,8,2.07944154168,3,3,0,,-1.5214561256,2.07944154168,0.998370956481,0.998370956481,0.998370956481,none_visible,0.265398954911,0.25,0.0153989549113,existing_near_power_csv,local_obstruction_before_drift
rank117_Q13_random_root_sets,random_root_sets,117,7,7,4,74,177,8594,5454832223930896,8594,13,prime_block_le_13,5,15015,9.61680498042,8,2.07944154168,3,3,0,,-1.5214561256,2.07944154168,1.00045089597,1.00045089597,1.00045089597,none_visible,0.265398954911,0.25,0.0153989549113,deterministic_seeded_random_sets_same_cardinality,local_obstruction_before_drift
rank117_Q13_exact_power_anchor,exact_power_anchor,117,7,7,4,74,177,8594,5454832223930896,8594,13,prime_block_le_13,5,15015,9.61680498042,128,4.85203026392,0,0,75,47 278 404 443 586 866 1048 1097 1136 1262 1279 1444,-4.29404484784,0.534542150383,1.00105815104,1.00011636025,1.00253083547,constructed_exact_power_root,0.265398954911,0.25,0.0153989549113,C_from_near_power_row_as_positive_control,positive_control_survivor
rank118_Q13_actual_near_miss,actual_near_miss,118,6,7,3,171,179,180830,5913048577787000,180830,13,prime_block_le_13,2,91,4.51085950652,1,0,2,7,0,,-7.59445313586,0,,,,none_visible,0.12421156561,0.333333333333,-0.209121767724,existing_near_power_csv,local_obstruction_before_drift
rank118_Q13_random_root_sets,random_root_sets,118,6,7,3,171,179,180830,5913048577787000,180830,13,prime_block_le_13,2,91,4.51085950652,1,0,2,7,0,,-7.59445313586,0,,,,none_visible,0.12421156561,0.333333333333,-0.209121767724,deterministic_seeded_random_sets_same_cardinality,local_obstruction_before_drift
rank118_Q13_exact_power_anchor,exact_power_anchor,118,6,7,3,171,179,180830,5913048577787000,180830,13,prime_block_le_13,2,91,4.51085950652,3,1.09861228867,0,0,5962,13 26 52 104 117 143 195 208 234 286 299 325,-8.69306542453,-7.59454898557,1.0000958543,1.0000958543,1.0000958543,constructed_exact_power_root,0.12421156561,0.333333333333,-0.209121767724,C_from_near_power_row_as_positive_control,positive_control_survivor
rank119_Q13_actual_near_miss,actual_near_miss,119,6,7,3,216,191,210857,9374844432292793,210857,13,prime_block_le_13,2,91,4.51085950652,3,1.09861228867,1,7,0,,-8.84668823973,1.09861228867,,,,none_visible,0.122655008725,0.333333333333,-0.210678324609,existing_near_power_csv,local_obstruction_before_drift
rank119_Q13_random_root_sets,random_root_sets,119,6,7,3,216,191,210857,9374844432292793,210857,13,prime_block_le_13,2,91,4.51085950652,3,1.09861228867,1,7,0,,-8.84668823973,1.09861228867,,,,none_visible,0.122655008725,0.333333333333,-0.210678324609,deterministic_seeded_random_sets_same_cardinality,local_obstruction_before_drift
rank119_Q13_exact_power_anchor,exact_power_anchor,119,6,7,3,216,191,210857,9374844432292793,210857,13,prime_block_le_13,2,91,4.51085950652,9,2.19722457734,0,0,20854,10 12 17 38 62 69 75 82 90 101 103 108,-9.9453005284,-7.74807647801,1.00000052695,1.00000052695,1.00000052695,constructed_exact_power_root,0.122655008725,0.333333333333,-0.210678324609,C_from_near_power_row_as_positive_control,positive_control_survivor
rank120_Q13_actual_near_miss,actual_near_miss,120,7,7,3,71,174,169130,4837956360497000,169130,13,prime_block_le_13,2,91,4.51085950652,1,0,1,13,0,,-7.52756342245,0,,,,none_visible,0.124901728771,0.333333333333,-0.208431604562,existing_near_power_csv,local_obstruction_before_drift
rank120_Q13_random_root_sets,random_root_sets,120,7,7,3,71,174,169130,4837956360497000,169130,13,prime_block_le_13,2,91,4.51085950652,1,0,1,13,0,,-7.52756342245,0,,,,none_visible,0.124901728771,0.333333333333,-0.208431604562,deterministic_seeded_random_sets_same_cardinality,local_obstruction_before_drift
rank120_Q13_exact_power_anchor,exact_power_anchor,120,7,7,3,71,174,169130,4837956360497000,169130,13,prime_block_le_13,2,91,4.51085950652,3,1.09861228867,0,0,5577,13 26 52 104 117 143 195 208 234 286 299 325,-8.62617571112,-7.52779398772,1.00023059185,1.00023059185,1.00023059185,constructed_exact_power_root,0.124901728771,0.333333333333,-0.208431604562,C_from_near_power_row_as_positive_control,positive_control_survivor
rank121_Q13_actual_near_miss,actual_near_miss,121,6,6,3,59,178,31698,31848984040392,31698,13,prime_block_le_13,2,91,4.51085950652,1,0,1,7,0,,-5.85314935988,0,,,,none_visible,0.145080909799,0.333333333333,-0.188252423534,existing_near_power_csv,local_obstruction_before_drift
rank121_Q13_random_root_sets,random_root_sets,121,6,6,3,59,178,31698,31848984040392,31698,13,prime_block_le_13,2,91,4.51085950652,1,0,1,7,0,,-5.85314935988,0,,,,none_visible,0.145080909799,0.333333333333,-0.188252423534,deterministic_seeded_random_sets_same_cardinality,local_obstruction_before_drift
rank121_Q13_exact_power_anchor,exact_power_anchor,121,6,6,3,59,178,31698,31848984040392,31698,13,prime_block_le_13,2,91,4.51085950652,9,2.19722457734,0,0,3136,4 23 25 30 36 43 51 64 88 95 114 116,-8.05037393721,-5.85347880413,1.00032949853,1.00032949853,1.00032949853,constructed_exact_power_root,0.145080909799,0.333333333333,-0.188252423534,C_from_near_power_row_as_positive_control,positive_control_survivor
rank122_Q13_actual_near_miss,actual_near_miss,122,5,7,3,199,105,52051,141022117888651,52051,13,prime_block_le_13,2,91,4.51085950652,1,0,2,7,0,,-6.34911977964,0,,,,none_visible,0.138455129231,0.333333333333,-0.194878204103,existing_near_power_csv,local_obstruction_before_drift
rank122_Q13_random_root_sets,random_root_sets,122,5,7,3,199,105,52051,141022117888651,52051,13,prime_block_le_13,2,91,4.51085950652,1,0,2,7,0,,-6.34911977964,0,,,,none_visible,0.138455129231,0.333333333333,-0.194878204103,deterministic_seeded_random_sets_same_cardinality,local_obstruction_before_drift
rank122_Q13_exact_power_anchor,exact_power_anchor,122,5,7,3,199,105,52051,141022117888651,52051,13,prime_block_le_13,2,91,4.51085950652,9,2.19722457734,0,0,5148,10 12 17 38 62 69 75 82 90 101 103 108,-8.54634435697,-6.34913899138,1.00001921193,1.00001921193,1.00001921193,constructed_exact_power_root,0.138455129231,0.333333333333,-0.194878204103,C_from_near_power_row_as_positive_control,positive_control_survivor
rank123_Q13_actual_near_miss,actual_near_miss,123,6,7,3,141,161,141145,2811878131623625,141145,13,prime_block_le_13,2,91,4.51085950652,3,1.09861228867,1,13,0,,-8.4452957919,1.09861228867,,,,none_visible,0.126807031969,0.333333333333,-0.206526301365,existing_near_power_csv,local_obstruction_before_drift
rank123_Q13_random_root_sets,random_root_sets,123,6,7,3,141,161,141145,2811878131623625,141145,13,prime_block_le_13,2,91,4.51085950652,3,1.09861228867,1,13,0,,-8.4452957919,1.09861228867,,,,none_visible,0.126807031969,0.333333333333,-0.206526301365,deterministic_seeded_random_sets_same_cardinality,local_obstruction_before_drift
rank123_Q13_exact_power_anchor,exact_power_anchor,123,6,7,3,141,161,141145,2811878131623625,141145,13,prime_block_le_13,2,91,4.51085950652,9,2.19722457734,0,0,13960,4 23 25 30 36 43 51 64 88 95 114 116,-9.54390808057,-7.34672679898,1.00004329669,1.00004329669,1.00004329669,constructed_exact_power_root,0.126807031969,0.333333333333,-0.206526301365,C_from_near_power_row_as_positive_control,positive_control_survivor
rank124_Q13_actual_near_miss,actual_near_miss,124,7,6,4,64,157,2098,19374117772816,2098,13,prime_block_le_13,5,15015,9.61680498042,2,0.69314718056,3,3,0,,1.2749180109,0.69314718056,0.997616777884,0.997616777884,0.997616777884,none_visible,0.31432645265,0.25,0.0643264526498,existing_near_power_csv,local_obstruction_before_drift
rank124_Q13_random_root_sets,random_root_sets,124,7,6,4,64,157,2098,19374117772816,2098,13,prime_block_le_13,5,15015,9.61680498042,2,0.69314718056,3,3,0,,1.2749180109,0.69314718056,0.997616777884,0.997616777884,0.997616777884,none_visible,0.31432645265,0.25,0.0643264526498,deterministic_seeded_random_sets_same_cardinality,local_obstruction_before_drift
rank124_Q13_exact_power_anchor,exact_power_anchor,124,7,6,4,64,157,2098,19374117772816,2098,13,prime_block_le_13,5,15015,9.61680498042,128,4.85203026392,0,0,19,47 278 404 443 586 866 1048 1097 1136 1262 1279 1444,-2.88396507246,1.90759128475,0.9994935653,0.996842230696,1.00095328885,constructed_exact_power_root,0.31432645265,0.25,0.0643264526498,C_from_near_power_row_as_positive_control,positive_control_survivor
rank125_Q13_actual_near_miss,actual_near_miss,125,6,6,4,128,157,2098,19374117772816,2098,13,prime_block_le_13,5,15015,9.61680498042,2,0.69314718056,3,3,0,,1.2749180109,0.69314718056,0.997616777884,0.997616777884,0.997616777884,none_visible,0.31432645265,0.25,0.0643264526498,existing_near_power_csv,local_obstruction_before_drift
rank125_Q13_random_root_sets,random_root_sets,125,6,6,4,128,157,2098,19374117772816,2098,13,prime_block_le_13,5,15015,9.61680498042,2,0.69314718056,3,3,0,,1.2749180109,0.69314718056,0.997616777884,0.997616777884,0.997616777884,none_visible,0.31432645265,0.25,0.0643264526498,deterministic_seeded_random_sets_same_cardinality,local_obstruction_before_drift
rank125_Q13_exact_power_anchor,exact_power_anchor,125,6,6,4,128,157,2098,19374117772816,2098,13,prime_block_le_13,5,15015,9.61680498042,128,4.85203026392,0,0,19,47 278 404 443 586 866 1048 1097 1136 1262 1279 1444,-2.88396507246,1.90759128475,0.9994935653,0.996842230696,1.00095328885,constructed_exact_power_root,0.31432645265,0.25,0.0643264526498,C_from_near_power_row_as_positive_control,positive_control_survivor
rank126_Q13_actual_near_miss,actual_near_miss,126,7,7,3,217,246,425757,77176555446273093,425757,13,prime_block_le_13,2,91,4.51085950652,9,2.19722457734,0,0,42109,2 15 18 32 44 57 58 67 71 93 106 109,-10.6479891108,-8.45079219621,1.00002766315,1.00002766315,1.00002766315,none_visible,0.116005512185,0.333333333333,-0.217327821148,existing_near_power_csv,low_section_survivor_requires_anchor_audit
rank126_Q13_random_root_sets,random_root_sets,126,7,7,3,217,246,425757,77176555446273093,425757,13,prime_block_le_13,2,91,4.51085950652,9,2.19722457734,0,0,42106,13 21 34 44 65 70 83 86 91 104 112 125,-10.6479891108,-8.45072094999,0.999956417497,0.999956417497,0.999956417497,none_visible,0.116005512185,0.333333333333,-0.217327821148,deterministic_seeded_random_sets_same_cardinality,low_section_survivor_requires_anchor_audit
rank126_Q13_exact_power_anchor,exact_power_anchor,126,7,7,3,217,246,425757,77176555446273093,425757,13,prime_block_le_13,2,91,4.51085950652,9,2.19722457734,0,0,42108,20 24 33 34 47 59 73 76 89 111 115 124,-10.6479891108,-8.45076844803,1.0000039146,1.0000039146,1.0000039146,constructed_exact_power_root,0.116005512185,0.333333333333,-0.217327821148,C_from_near_power_row_as_positive_control,positive_control_survivor
rank127_Q13_actual_near_miss,actual_near_miss,127,5,7,3,197,81,28510,23173501051000,28510,13,prime_block_le_13,2,91,4.51085950652,1,0,2,7,0,,-5.74715067539,0,,,,none_visible,0.146580068536,0.333333333333,-0.186753264797,existing_near_power_csv,local_obstruction_before_drift
rank127_Q13_random_root_sets,random_root_sets,127,5,7,3,197,81,28510,23173501051000,28510,13,prime_block_le_13,2,91,4.51085950652,1,0,2,7,0,,-5.74715067539,0,,,,none_visible,0.146580068536,0.333333333333,-0.186753264797,deterministic_seeded_random_sets_same_cardinality,local_obstruction_before_drift
rank127_Q13_exact_power_anchor,exact_power_anchor,127,5,7,3,197,81,28510,23173501051000,28510,13,prime_block_le_13,2,91,4.51085950652,9,2.19722457734,0,0,2819,3 27 40 48 55 61 66 68 87 94 118 131,-7.94437525273,-5.74691291378,0.999762266651,0.999762266651,0.999762266651,constructed_exact_power_root,0.146580068536,0.333333333333,-0.186753264797,C_from_near_power_row_as_positive_control,positive_control_survivor
rank128_Q13_actual_near_miss,actual_near_miss,128,6,6,3,127,244,59928,215223332746752,59928,13,prime_block_le_13,2,91,4.51085950652,1,0,2,7,0,,-6.49003961411,0,,,,none_visible,0.13668154021,0.333333333333,-0.196651793123,existing_near_power_csv,local_obstruction_before_drift
rank128_Q13_random_root_sets,random_root_sets,128,6,6,3,127,244,59928,215223332746752,59928,13,prime_block_le_13,2,91,4.51085950652,1,0,2,7,0,,-6.49003961411,0,,,,none_visible,0.13668154021,0.333333333333,-0.196651793123,deterministic_seeded_random_sets_same_cardinality,local_obstruction_before_drift
rank128_Q13_exact_power_anchor,exact_power_anchor,128,6,6,3,127,244,59928,215223332746752,59928,13,prime_block_le_13,2,91,4.51085950652,9,2.19722457734,0,0,5927,8 11 37 46 50 60 72 85 86 99 102 128,-8.68726419145,-6.49004888445,1.00000927038,1.00000927038,1.00000927038,constructed_exact_power_root,0.13668154021,0.333333333333,-0.196651793123,C_from_near_power_row_as_positive_control,positive_control_survivor
rank129_Q13_actual_near_miss,actual_near_miss,129,6,7,3,167,198,228638,11952128053790072,228638,13,prime_block_le_13,2,91,4.51085950652,1,0,2,7,0,,-7.82903573923,0,,,,none_visible,0.121850291721,0.333333333333,-0.211483041612,existing_near_power_csv,local_obstruction_before_drift
rank129_Q13_random_root_sets,random_root_sets,129,6,7,3,167,198,228638,11952128053790072,228638,13,prime_block_le_13,2,91,4.51085950652,1,0,2,7,0,,-7.82903573923,0,,,,none_visible,0.121850291721,0.333333333333,-0.211483041612,deterministic_seeded_random_sets_same_cardinality,local_obstruction_before_drift
rank129_Q13_exact_power_anchor,exact_power_anchor,129,6,7,3,167,198,228638,11952128053790072,228638,13,prime_block_le_13,2,91,4.51085950652,9,2.19722457734,0,0,22612,8 11 37 46 50 60 72 85 86 99 102 128,-10.0262603166,-7.82901144046,0.999975701521,0.999975701521,0.999975701521,constructed_exact_power_root,0.121850291721,0.333333333333,-0.211483041612,C_from_near_power_row_as_positive_control,positive_control_survivor
rank130_Q13_actual_near_miss,actual_near_miss,130,7,7,3,103,238,351364,43378226058516544,351364,13,prime_block_le_13,2,91,4.51085950652,1,0,2,7,0,,-8.25871849562,0,,,,none_visible,0.117750158639,0.333333333333,-0.215583174694,existing_near_power_csv,local_obstruction_before_drift
rank130_Q13_random_root_sets,random_root_sets,130,7,7,3,103,238,351364,43378226058516544,351364,13,prime_block_le_13,2,91,4.51085950652,1,0,2,7,0,,-8.25871849562,0,,,,none_visible,0.117750158639,0.333333333333,-0.215583174694,deterministic_seeded_random_sets_same_cardinality,local_obstruction_before_drift
rank130_Q13_exact_power_anchor,exact_power_anchor,130,7,7,3,103,238,351364,43378226058516544,351364,13,prime_block_le_13,2,91,4.51085950652,3,1.09861228867,0,0,11584,13 26 52 104 117 143 195 208 234 286 299 325,-9.35733078428,-8.25876782596,1.00004933156,1.00004933156,1.00004933156,constructed_exact_power_root,0.117750158639,0.333333333333,-0.215583174694,C_from_near_power_row_as_positive_control,positive_control_survivor
rank131_Q13_actual_near_miss,actual_near_miss,131,6,7,3,227,192,213672,9755349769640448,213672,13,prime_block_le_13,2,91,4.51085950652,1,0,2,7,0,,-7.7613379014,0,,,,none_visible,0.122522461587,0.333333333333,-0.210810871746,existing_near_power_csv,local_obstruction_before_drift
rank131_Q13_random_root_sets,random_root_sets,131,6,7,3,227,192,213672,9755349769640448,213672,13,prime_block_le_13,2,91,4.51085950652,1,0,2,7,0,,-7.7613379014,0,,,,none_visible,0.122522461587,0.333333333333,-0.210810871746,deterministic_seeded_random_sets_same_cardinality,local_obstruction_before_drift
rank131_Q13_exact_power_anchor,exact_power_anchor,131,6,7,3,227,192,213672,9755349769640448,213672,13,prime_block_le_13,2,91,4.51085950652,9,2.19722457734,0,0,21133,4 23 25 30 36 43 51 64 88 95 114 116,-9.95856247874,-7.76136650143,1.00002860043,1.00002860043,1.00002860043,constructed_exact_power_root,0.122522461587,0.333333333333,-0.210810871746,C_from_near_power_row_as_positive_control,positive_control_survivor
rank132_Q13_actual_near_miss,actual_near_miss,132,5,6,4,172,149,1825,11093062890625,1825,13,prime_block_le_13,5,15015,9.61680498042,2,0.69314718056,4,3,0,,1.41432253384,0.69314718056,,,,none_visible,0.320161660112,0.25,0.0701616601119,existing_near_power_csv,local_obstruction_before_drift
rank132_Q13_random_root_sets,random_root_sets,132,5,6,4,172,149,1825,11093062890625,1825,13,prime_block_le_13,5,15015,9.61680498042,2,0.69314718056,4,3,0,,1.41432253384,0.69314718056,,,,none_visible,0.320161660112,0.25,0.0701616601119,deterministic_seeded_random_sets_same_cardinality,local_obstruction_before_drift
rank132_Q13_exact_power_anchor,exact_power_anchor,132,5,6,4,172,149,1825,11093062890625,1825,13,prime_block_le_13,5,15015,9.61680498042,32,3.4657359028,0,0,2,320 1825,-1.3582661884,2.77258872224,1.00022260274,0.989246575342,1.00684931507,constructed_exact_power_root,0.320161660112,0.25,0.0701616601119,C_from_near_power_row_as_positive_control,positive_control_survivor
rank133_Q13_actual_near_miss,actual_near_miss,133,6,7,3,233,225,308473,29352930847419817,308473,13,prime_block_le_13,2,91,4.51085950652,3,1.09861228867,1,7,0,,-9.22714238039,1.09861228867,,,,none_visible,0.118963010343,0.333333333333,-0.21437032299,existing_near_power_csv,local_obstruction_before_drift
rank133_Q13_random_root_sets,random_root_sets,133,6,7,3,233,225,308473,29352930847419817,308473,13,prime_block_le_13,2,91,4.51085950652,3,1.09861228867,1,7,0,,-9.22714238039,1.09861228867,,,,none_visible,0.118963010343,0.333333333333,-0.21437032299,deterministic_seeded_random_sets_same_cardinality,local_obstruction_before_drift
rank133_Q13_exact_power_anchor,exact_power_anchor,133,6,7,3,233,225,308473,29352930847419817,308473,13,prime_block_le_13,2,91,4.51085950652,9,2.19722457734,0,0,30508,1 9 16 22 29 53 74 79 81 92 100 107,-10.3257546691,-8.12851964595,0.999989554281,0.999989554281,0.999989554281,constructed_exact_power_root,0.118963010343,0.333333333333,-0.21437032299,C_from_near_power_row_as_positive_control,positive_control_survivor
rank134_Q13_actual_near_miss,actual_near_miss,134,6,7,3,241,229,321469,33221351612604709,321469,13,prime_block_le_13,2,91,4.51085950652,3,1.09861228867,1,13,0,,-9.26840917714,1.09861228867,,,,none_visible,0.118575867737,0.333333333333,-0.214757465597,existing_near_power_csv,local_obstruction_before_drift
rank134_Q13_random_root_sets,random_root_sets,134,6,7,3,241,229,321469,33221351612604709,321469,13,prime_block_le_13,2,91,4.51085950652,3,1.09861228867,1,13,0,,-9.26840917714,1.09861228867,,,,none_visible,0.118575867737,0.333333333333,-0.214757465597,deterministic_seeded_random_sets_same_cardinality,local_obstruction_before_drift
rank134_Q13_exact_power_anchor,exact_power_anchor,134,6,7,3,241,229,321469,33221351612604709,321469,13,prime_block_le_13,2,91,4.51085950652,9,2.19722457734,0,0,31794,2 15 18 32 44 57 58 67 71 93 106 109,-10.3670214658,-8.16980829438,1.00001140597,1.00001140597,1.00001140597,constructed_exact_power_root,0.118575867737,0.333333333333,-0.214757465597,C_from_near_power_row_as_positive_control,positive_control_survivor
rank135_Q13_actual_near_miss,actual_near_miss,135,6,7,3,187,230,324250,34091016765625000,324250,13,prime_block_le_13,2,91,4.51085950652,3,1.09861228867,0,0,10689,28 70 84 119 161 175 210 252 266 301 343 357,-9.27702288433,-8.17835816561,0.999947571318,0.999947571318,0.999947571318,none_visible,0.118495376282,0.333333333333,-0.214837957051,existing_near_power_csv,low_section_survivor_requires_anchor_audit
rank135_Q13_random_root_sets,random_root_sets,135,6,7,3,187,230,324250,34091016765625000,324250,13,prime_block_le_13,2,91,4.51085950652,3,1.09861228867,0,0,10690,14 35 77 105 126 168 196 217 259 287 308 350,-9.27702288433,-8.17845171535,1.00004112053,1.00004112053,1.00004112053,none_visible,0.118495376282,0.333333333333,-0.214837957051,deterministic_seeded_random_sets_same_cardinality,low_section_survivor_requires_anchor_audit
rank135_Q13_exact_power_anchor,exact_power_anchor,135,6,7,3,187,230,324250,34091016765625000,324250,13,prime_block_le_13,2,91,4.51085950652,9,2.19722457734,0,0,32070,10 12 17 38 62 69 75 82 90 101 103 108,-10.375635173,-8.17845171535,1.00004112053,1.00004112053,1.00004112053,constructed_exact_power_root,0.118495376282,0.333333333333,-0.214837957051,C_from_near_power_row_as_positive_control,positive_control_survivor
rank136_Q13_actual_near_miss,actual_near_miss,136,5,6,3,207,164,27070,19836487243000,27070,13,prime_block_le_13,2,91,4.51085950652,1,0,2,7,0,,-5.69532187609,0,,,,none_visible,0.147324428122,0.333333333333,-0.186008905211,existing_near_power_csv,local_obstruction_before_drift
rank136_Q13_random_root_sets,random_root_sets,136,5,6,3,207,164,27070,19836487243000,27070,13,prime_block_le_13,2,91,4.51085950652,1,0,2,7,0,,-5.69532187609,0,,,,none_visible,0.147324428122,0.333333333333,-0.186008905211,deterministic_seeded_random_sets_same_cardinality,local_obstruction_before_drift
rank136_Q13_exact_power_anchor,exact_power_anchor,136,5,6,3,207,164,27070,19836487243000,27070,13,prime_block_le_13,2,91,4.51085950652,9,2.19722457734,0,0,2679,4 23 25 30 36 43 51 64 88 95 114 116,-7.89254645343,-5.69597429221,1.00065262899,1.00065262899,1.00065262899,constructed_exact_power_root,0.147324428122,0.333333333333,-0.186008905211,C_from_near_power_row_as_positive_control,positive_control_survivor
rank137_Q13_actual_near_miss,actual_near_miss,137,6,7,3,222,125,84181,596543669701741,84181,13,prime_block_le_13,2,91,4.51085950652,1,0,1,13,0,,-6.82986501504,0,,,,none_visible,0.132585870739,0.333333333333,-0.200747462594,existing_near_power_csv,local_obstruction_before_drift
rank137_Q13_random_root_sets,random_root_sets,137,6,7,3,222,125,84181,596543669701741,84181,13,prime_block_le_13,2,91,4.51085950652,1,0,1,13,0,,-6.82986501504,0,,,,none_visible,0.132585870739,0.333333333333,-0.200747462594,deterministic_seeded_random_sets_same_cardinality,local_obstruction_before_drift
rank137_Q13_exact_power_anchor,exact_power_anchor,137,6,7,3,222,125,84181,596543669701741,84181,13,prime_block_le_13,2,91,4.51085950652,9,2.19722457734,0,0,8327,5 6 19 31 41 45 54 80 83 96 97 110,-9.02708959238,-6.8300339489,1.00016894813,1.00016894813,1.00016894813,constructed_exact_power_root,0.132585870739,0.333333333333,-0.200747462594,C_from_near_power_row_as_positive_control,positive_control_survivor
rank138_Q13_actual_near_miss,actual_near_miss,138,6,7,3,243,188,204134,8506404623478104,204134,13,prime_block_le_13,2,91,4.51085950652,3,1.09861228867,0,0,6729,28 70 84 119 161 175 210 252 266 301 343 357,-8.81428470208,-7.71556953452,0.999897126397,0.999897126397,0.999897126397,none_visible,0.122980076881,0.333333333333,-0.210353256452,existing_near_power_csv,low_section_survivor_requires_anchor_audit
rank138_Q13_random_root_sets,random_root_sets,138,6,7,3,243,188,204134,8506404623478104,204134,13,prime_block_le_13,2,91,4.51085950652,3,1.09861228867,0,0,6730,2 23 30 93 114 121 184 205 212 275 296 303,-8.81428470208,-7.71571813397,1.0000457216,1.0000457216,1.0000457216,none_visible,0.122980076881,0.333333333333,-0.210353256452,deterministic_seeded_random_sets_same_cardinality,low_section_survivor_requires_anchor_audit
rank138_Q13_exact_power_anchor,exact_power_anchor,138,6,7,3,243,188,204134,8506404623478104,204134,13,prime_block_le_13,2,91,4.51085950652,3,1.09861228867,0,0,6731,7 21 63 98 112 154 189 203 245 280 294 336,-8.81428470208,-7.71586671134,1.0001943168,1.0001943168,1.0001943168,constructed_exact_power_root,0.122980076881,0.333333333333,-0.210353256452,C_from_near_power_row_as_positive_control,positive_control_survivor
rank139_Q13_actual_near_miss,actual_near_miss,139,6,7,3,208,203,242650,14286994809625000,242650,13,prime_block_le_13,2,91,4.51085950652,9,2.19722457734,0,0,23997,8 11 37 46 50 60 72 85 86 99 102 128,-10.0857404257,-7.88845952418,0.99994367745,0.99994367745,0.99994367745,none_visible,0.12126577287,0.333333333333,-0.212067560464,existing_near_power_csv,low_section_survivor_requires_anchor_audit
rank139_Q13_random_root_sets,random_root_sets,139,6,7,3,208,203,242650,14286994809625000,242650,13,prime_block_le_13,2,91,4.51085950652,9,2.19722457734,0,0,23998,7 20 36 43 49 56 62 69 85 98 111 127,-10.0857404257,-7.88850119519,0.999985346979,0.999985346979,0.999985346979,none_visible,0.12126577287,0.333333333333,-0.212067560464,deterministic_seeded_random_sets_same_cardinality,low_section_survivor_requires_anchor_audit
rank139_Q13_exact_power_anchor,exact_power_anchor,139,6,7,3,208,203,242650,14286994809625000,242650,13,prime_block_le_13,2,91,4.51085950652,9,2.19722457734,0,0,23999,2 15 18 32 44 57 58 67 71 93 106 109,-10.0857404257,-7.88854286446,1.00002701651,1.00002701651,1.00002701651,constructed_exact_power_root,0.12126577287,0.333333333333,-0.212067560464,C_from_near_power_row_as_positive_control,positive_control_survivor
rank140_Q13_actual_near_miss,actual_near_miss,140,7,7,3,121,160,145245,3064104500581125,145245,13,prime_block_le_13,2,91,4.51085950652,9,2.19722457734,0,0,14365,2 15 18 32 44 57 58 67 71 93 106 109,-9.57254232153,-7.37532539408,1.00000764991,1.00000764991,1.00000764991,none_visible,0.126501549135,0.333333333333,-0.206831784199,existing_near_power_csv,low_section_survivor_requires_anchor_audit
rank140_Q13_random_root_sets,random_root_sets,140,7,7,3,121,160,145245,3064104500581125,145245,13,prime_block_le_13,2,91,4.51085950652,9,2.19722457734,0,0,14365,4 10 17 19 32 45 75 82 88 95 101 108,-9.57254232153,-7.37532539408,1.00000764991,1.00000764991,1.00000764991,none_visible,0.126501549135,0.333333333333,-0.206831784199,deterministic_seeded_random_sets_same_cardinality,low_section_survivor_requires_anchor_audit
rank140_Q13_exact_power_anchor,exact_power_anchor,140,7,7,3,121,160,145245,3064104500581125,145245,13,prime_block_le_13,2,91,4.51085950652,9,2.19722457734,0,0,14366,1 9 16 22 29 53 74 79 81 92 100 107,-9.57254232153,-7.3753950053,1.00007726409,1.00007726409,1.00007726409,constructed_exact_power_root,0.126501549135,0.333333333333,-0.206831784199,C_from_near_power_row_as_positive_control,positive_control_survivor
rank141_Q13_actual_near_miss,actual_near_miss,141,6,6,4,158,165,2445,35736782900625,2445,13,prime_block_le_13,5,15015,9.61680498042,8,2.07944154168,1,5,0,,-0.264436963171,2.07944154168,1.00088616224,0.99427402863,1.00777096115,none_visible,0.308159799181,0.25,0.0581597991812,existing_near_power_csv,local_obstruction_before_drift
rank141_Q13_random_root_sets,random_root_sets,141,6,6,4,158,165,2445,35736782900625,2445,13,prime_block_le_13,5,15015,9.61680498042,8,2.07944154168,1,5,0,,-0.264436963171,2.07944154168,0.998261758691,0.99427402863,1.00061349693,none_visible,0.308159799181,0.25,0.0581597991812,deterministic_seeded_random_sets_same_cardinality,local_obstruction_before_drift
rank141_Q13_exact_power_anchor,exact_power_anchor,141,6,6,4,158,165,2445,35736782900625,2445,13,prime_block_le_13,5,15015,9.61680498042,16,2.77258872224,0,0,3,135 2280 2445,-0.957584143731,1.67397643357,1.00467791411,1,1.00889570552,constructed_exact_power_root,0.308159799181,0.25,0.0581597991812,C_from_near_power_row_as_positive_control,positive_control_survivor
rank142_Q13_actual_near_miss,actual_near_miss,142,6,7,3,91,125,78156,477405010420416,78156,13,prime_block_le_13,2,91,4.51085950652,9,2.19722457734,0,0,7730,20 24 33 34 47 59 73 76 89 111 115 124,-8.95282717915,-6.75563956425,1.00003696311,1.00003696311,1.00003696311,none_visible,0.133459804955,0.333333333333,-0.199873528379,existing_near_power_csv,low_section_survivor_requires_anchor_audit
rank142_Q13_random_root_sets,random_root_sets,142,6,7,3,91,125,78156,477405010420416,78156,13,prime_block_le_13,2,91,4.51085950652,9,2.19722457734,0,0,7729,1 23 25 36 51 53 64 79 88 92 114 116,-8.95282717915,-6.75551018977,0.999907592223,0.999907592223,0.999907592223,none_visible,0.133459804955,0.333333333333,-0.199873528379,deterministic_seeded_random_sets_same_cardinality,low_section_survivor_requires_anchor_audit
rank142_Q13_exact_power_anchor,exact_power_anchor,142,6,7,3,91,125,78156,477405010420416,78156,13,prime_block_le_13,2,91,4.51085950652,3,1.09861228867,0,0,2577,39 65 78 130 156 169 221 247 260 312 338 351,-7.85421489049,-6.75576892198,1.000166334,1.000166334,1.000166334,constructed_exact_power_root,0.133459804955,0.333333333333,-0.199873528379,C_from_near_power_row_as_positive_control,positive_control_survivor
rank143_Q13_actual_near_miss,actual_near_miss,143,6,6,3,203,211,54087,158226302836503,54087,13,prime_block_le_13,2,91,4.51085950652,3,1.09861228867,0,0,1782,39 65 78 130 156 169 221 247 260 312 338 351,-7.48610192236,-6.38687931936,0.999389871873,0.999389871873,0.999389871873,none_visible,0.137967669797,0.333333333333,-0.195365663537,existing_near_power_csv,low_section_survivor_requires_anchor_audit
rank143_Q13_random_root_sets,random_root_sets,143,6,6,3,203,211,54087,158226302836503,54087,13,prime_block_le_13,2,91,4.51085950652,3,1.09861228867,0,0,1783,6 45 71 97 136 162 188 227 253 279 318 344,-7.48610192236,-6.3874403292,0.999950696717,0.999950696717,0.999950696717,none_visible,0.137967669797,0.333333333333,-0.195365663537,deterministic_seeded_random_sets_same_cardinality,low_section_survivor_requires_anchor_audit
rank143_Q13_exact_power_anchor,exact_power_anchor,143,6,6,3,203,211,54087,158226302836503,54087,13,prime_block_le_13,2,91,4.51085950652,9,2.19722457734,0,0,5349,20 24 33 34 47 59 73 76 89 111 115 124,-8.58471421103,-6.3874403292,0.999950696717,0.999950696717,0.999950696717,constructed_exact_power_root,0.137967669797,0.333333333333,-0.195365663537,C_from_near_power_row_as_positive_control,positive_control_survivor
rank144_Q13_actual_near_miss,actual_near_miss,144,7,7,3,53,131,87208,663237356902912,87208,13,prime_block_le_13,2,91,4.51085950652,1,0,2,7,0,,-6.86519184229,0,,,,none_visible,0.132174142802,0.333333333333,-0.201159190531,existing_near_power_csv,local_obstruction_before_drift
rank144_Q13_random_root_sets,random_root_sets,144,7,7,3,53,131,87208,663237356902912,87208,13,prime_block_le_13,2,91,4.51085950652,1,0,2,7,0,,-6.86519184229,0,,,,none_visible,0.132174142802,0.333333333333,-0.201159190531,deterministic_seeded_random_sets_same_cardinality,local_obstruction_before_drift
rank144_Q13_exact_power_anchor,exact_power_anchor,144,7,7,3,53,131,87208,663237356902912,87208,13,prime_block_le_13,2,91,4.51085950652,9,2.19722457734,0,0,8626,4 23 25 30 36 43 51 64 88 95 114 116,-9.06241641963,-6.86531159987,1.00011976475,1.00011976475,1.00011976475,constructed_exact_power_root,0.132174142802,0.333333333333,-0.201159190531,C_from_near_power_row_as_positive_control,positive_control_survivor
rank145_Q13_actual_near_miss,actual_near_miss,145,6,7,3,107,108,55708,172883163454912,55708,13,prime_block_le_13,2,91,4.51085950652,3,1.09861228867,1,7,0,,-7.51563182432,1.09861228867,,,,none_visible,0.137594846146,0.333333333333,-0.195738487188,existing_near_power_csv,local_obstruction_before_drift
rank145_Q13_random_root_sets,random_root_sets,145,6,7,3,107,108,55708,172883163454912,55708,13,prime_block_le_13,2,91,4.51085950652,3,1.09861228867,1,7,0,,-7.51563182432,1.09861228867,,,,none_visible,0.137594846146,0.333333333333,-0.195738487188,deterministic_seeded_random_sets_same_cardinality,local_obstruction_before_drift
rank145_Q13_exact_power_anchor,exact_power_anchor,145,6,7,3,107,108,55708,172883163454912,55708,13,prime_block_le_13,2,91,4.51085950652,9,2.19722457734,0,0,5511,1 9 16 22 29 53 74 79 81 92 100 107,-8.61424411299,-6.41727679655,1.00025729399,1.00025729399,1.00025729399,constructed_exact_power_root,0.137594846146,0.333333333333,-0.195738487188,C_from_near_power_row_as_positive_control,positive_control_survivor
rank146_Q13_actual_near_miss,actual_near_miss,146,6,7,3,232,245,375964,53142108853841344,375964,13,prime_block_le_13,2,91,4.51085950652,9,2.19722457734,0,0,37184,1 9 16 22 29 53 74 79 81 92 100 107,-10.5236137439,-8.32640926288,1.00002009649,1.00002009649,1.00002009649,none_visible,0.117129446799,0.333333333333,-0.216203886534,existing_near_power_csv,low_section_survivor_requires_anchor_audit
rank146_Q13_random_root_sets,random_root_sets,146,6,7,3,232,245,375964,53142108853841344,375964,13,prime_block_le_13,2,91,4.51085950652,9,2.19722457734,0,0,37182,3 16 33 47 59 68 72 73 86 94 107 124,-10.5236137439,-8.32635547485,0.999966308831,0.999966308831,0.999966308831,none_visible,0.117129446799,0.333333333333,-0.216203886534,deterministic_seeded_random_sets_same_cardinality,low_section_survivor_requires_anchor_audit
rank146_Q13_exact_power_anchor,exact_power_anchor,146,6,7,3,232,245,375964,53142108853841344,375964,13,prime_block_le_13,2,91,4.51085950652,9,2.19722457734,0,0,37185,4 23 25 30 36 43 51 64 88 95 114 116,-10.5236137439,-8.3264361558,1.00004699031,1.00004699031,1.00004699031,constructed_exact_power_root,0.117129446799,0.333333333333,-0.216203886534,C_from_near_power_row_as_positive_control,positive_control_survivor
rank147_Q13_actual_near_miss,actual_near_miss,147,7,7,3,171,214,291735,24829364618490375,291735,13,prime_block_le_13,2,91,4.51085950652,3,1.09861228867,0,0,9618,7 21 63 98 112 154 189 203 245 280 294 336,-9.1713539171,-8.07277933317,1.00003770545,1.00003770545,1.00003770545,none_visible,0.119490424035,0.333333333333,-0.213842909298,existing_near_power_csv,low_section_survivor_requires_anchor_audit
rank147_Q13_random_root_sets,random_root_sets,147,7,7,3,171,214,291735,24829364618490375,291735,13,prime_block_le_13,2,91,4.51085950652,3,1.09861228867,0,0,9617,3 52 87 94 143 178 185 234 269 276 325 360,-9.1713539171,-8.07267535604,0.999933729812,0.999933729812,0.999933729812,none_visible,0.119490424035,0.333333333333,-0.213842909298,deterministic_seeded_random_sets_same_cardinality,low_section_survivor_requires_anchor_audit
rank147_Q13_exact_power_anchor,exact_power_anchor,147,7,7,3,171,214,291735,24829364618490375,291735,13,prime_block_le_13,2,91,4.51085950652,9,2.19722457734,0,0,28853,5 6 19 31 41 45 54 80 83 96 97 110,-10.2699662058,-8.07274467533,1.00000304691,1.00000304691,1.00000304691,constructed_exact_power_root,0.119490424035,0.333333333333,-0.213842909298,C_from_near_power_row_as_positive_control,positive_control_survivor
rank148_Q13_actual_near_miss,actual_near_miss,148,6,7,3,180,139,101204,1036556630137664,101204,13,prime_block_le_13,2,91,4.51085950652,3,1.09861228867,0,0,3336,28 70 84 119 161 175 210 252 266 301 343 357,-8.1126463429,-7.01391547481,0.999881427612,0.999881427612,0.999881427612,none_visible,0.130467134259,0.333333333333,-0.202866199075,existing_near_power_csv,low_section_survivor_requires_anchor_audit
rank148_Q13_random_root_sets,random_root_sets,148,6,7,3,180,139,101204,1036556630137664,101204,13,prime_block_le_13,2,91,4.51085950652,3,1.09861228867,0,0,3336,44 65 79 135 156 170 226 247 261 317 338 352,-8.1126463429,-7.01391547481,0.999881427612,0.999881427612,0.999881427612,none_visible,0.130467134259,0.333333333333,-0.202866199075,deterministic_seeded_random_sets_same_cardinality,low_section_survivor_requires_anchor_audit
rank148_Q13_exact_power_anchor,exact_power_anchor,148,6,7,3,180,139,101204,1036556630137664,101204,13,prime_block_le_13,2,91,4.51085950652,9,2.19722457734,0,0,10010,10 12 17 38 62 69 75 82 90 101 103 108,-9.21125863157,-7.01411529497,1.00008124404,1.00008124404,1.00008124404,constructed_exact_power_root,0.130467134259,0.333333333333,-0.202866199075,C_from_near_power_row_as_positive_control,positive_control_survivor
rank149_Q13_actual_near_miss,actual_near_miss,149,6,7,3,241,201,237820,13450707367768000,237820,13,prime_block_le_13,2,91,4.51085950652,3,1.09861228867,1,13,0,,-8.96702214614,1.09861228867,,,,none_visible,0.121462728639,0.333333333333,-0.211870604694,existing_near_power_csv,local_obstruction_before_drift
rank149_Q13_random_root_sets,random_root_sets,149,6,7,3,241,201,237820,13450707367768000,237820,13,prime_block_le_13,2,91,4.51085950652,3,1.09861228867,1,13,0,,-8.96702214614,1.09861228867,,,,none_visible,0.121462728639,0.333333333333,-0.211870604694,deterministic_seeded_random_sets_same_cardinality,local_obstruction_before_drift
rank149_Q13_exact_power_anchor,exact_power_anchor,149,6,7,3,241,201,237820,13450707367768000,237820,13,prime_block_le_13,2,91,4.51085950652,9,2.19722457734,0,0,23520,8 11 37 46 50 60 72 85 86 99 102 128,-10.0656344348,-7.86838182468,0.999971967595,0.999971967595,0.999971967595,constructed_exact_power_root,0.121462728639,0.333333333333,-0.211870604694,C_from_near_power_row_as_positive_control,positive_control_survivor
rank150_Q13_actual_near_miss,actual_near_miss,150,7,7,3,161,185,217016,10220573438660096,217016,13,prime_block_le_13,2,91,4.51085950652,1,0,2,7,0,,-7.77686685601,0,,,,none_visible,0.122367620432,0.333333333333,-0.210965712901,existing_near_power_csv,local_obstruction_before_drift
rank150_Q13_random_root_sets,random_root_sets,150,7,7,3,161,185,217016,10220573438660096,217016,13,prime_block_le_13,2,91,4.51085950652,1,0,2,7,0,,-7.77686685601,0,,,,none_visible,0.122367620432,0.333333333333,-0.210965712901,deterministic_seeded_random_sets_same_cardinality,local_obstruction_before_drift
rank150_Q13_exact_power_anchor,exact_power_anchor,150,7,7,3,161,185,217016,10220573438660096,217016,13,prime_block_le_13,2,91,4.51085950652,9,2.19722457734,0,0,21463,8 11 37 46 50 60 72 85 86 99 102 128,-9.97409143334,-7.77686122405,0.999994368055,0.999994368055,0.999994368055,constructed_exact_power_root,0.122367620432,0.333333333333,-0.210965712901,C_from_near_power_row_as_positive_control,positive_control_survivor
rank151_Q13_actual_near_miss,actual_near_miss,151,6,7,3,203,178,178961,5731591019717681,178961,13,prime_block_le_13,2,91,4.51085950652,3,1.09861228867,1,7,0,,-8.68267596614,1.09861228867,,,,none_visible,0.124318262517,0.333333333333,-0.209015070817,existing_near_power_csv,local_obstruction_before_drift
rank151_Q13_random_root_sets,random_root_sets,151,6,7,3,203,178,178961,5731591019717681,178961,13,prime_block_le_13,2,91,4.51085950652,3,1.09861228867,1,7,0,,-8.68267596614,1.09861228867,,,,none_visible,0.124318262517,0.333333333333,-0.209015070817,deterministic_seeded_random_sets_same_cardinality,local_obstruction_before_drift
rank151_Q13_exact_power_anchor,exact_power_anchor,151,6,7,3,203,178,178961,5731591019717681,178961,13,prime_block_le_13,2,91,4.51085950652,9,2.19722457734,0,0,17699,3 27 40 48 55 61 66 68 87 94 118 131,-9.78128825481,-7.58403884245,0.999975165291,0.999975165291,0.999975165291,constructed_exact_power_root,0.124318262517,0.333333333333,-0.209015070817,C_from_near_power_row_as_positive_control,positive_control_survivor
rank152_Q13_actual_near_miss,actual_near_miss,152,6,7,3,201,128,85676,628894137795776,85676,13,prime_block_le_13,2,91,4.51085950652,3,1.09861228867,1,7,0,,-7.94608080084,1.09861228867,,,,none_visible,0.13238038495,0.333333333333,-0.200952948383,existing_near_power_csv,local_obstruction_before_drift
rank152_Q13_random_root_sets,random_root_sets,152,6,7,3,201,128,85676,628894137795776,85676,13,prime_block_le_13,2,91,4.51085950652,3,1.09861228867,1,7,0,,-7.94608080084,1.09861228867,,,,none_visible,0.13238038495,0.333333333333,-0.200952948383,deterministic_seeded_random_sets_same_cardinality,local_obstruction_before_drift
rank152_Q13_exact_power_anchor,exact_power_anchor,152,6,7,3,201,128,85676,628894137795776,85676,13,prime_block_le_13,2,91,4.51085950652,9,2.19722457734,0,0,8475,5 6 19 31 41 45 54 80 83 96 97 110,-9.04469308951,-6.84765135491,1.00018285946,1.00018285946,1.00018285946,constructed_exact_power_root,0.13238038495,0.333333333333,-0.200952948383,C_from_near_power_row_as_positive_control,positive_control_survivor
rank153_Q13_actual_near_miss,actual_near_miss,153,6,6,4,74,203,2894,70144578055696,2894,13,prime_block_le_13,5,15015,9.61680498042,2,0.69314718056,2,3,0,,0.953262892666,0.69314718056,0.997149274361,0.990497581202,1.00380096752,none_visible,0.301641420921,0.25,0.0516414209207,existing_near_power_csv,local_obstruction_before_drift
rank153_Q13_random_root_sets,random_root_sets,153,6,6,4,74,203,2894,70144578055696,2894,13,prime_block_le_13,5,15015,9.61680498042,2,0.69314718056,2,3,0,,0.953262892666,0.69314718056,0.997149274361,0.990497581202,1.00380096752,none_visible,0.301641420921,0.25,0.0516414209207,deterministic_seeded_random_sets_same_cardinality,local_obstruction_before_drift
rank153_Q13_exact_power_anchor,exact_power_anchor,153,6,6,4,74,203,2894,70144578055696,2894,13,prime_block_le_13,5,15015,9.61680498042,128,4.85203026392,0,0,24,109 122 164 298 571 584 703 857 892 1123 1396 1418,-3.20562019069,1.67397643357,1.00462163096,1.0003455425,1.01295784381,constructed_exact_power_root,0.301641420921,0.25,0.0516414209207,C_from_near_power_row_as_positive_control,positive_control_survivor
rank154_Q13_actual_near_miss,actual_near_miss,154,6,6,3,153,250,63576,256968328766976,63576,13,prime_block_le_13,2,91,4.51085950652,1,0,2,7,0,,-6.5491318131,0,,,,none_visible,0.135951267235,0.333333333333,-0.197382066099,existing_near_power_csv,local_obstruction_before_drift
rank154_Q13_random_root_sets,random_root_sets,154,6,6,3,153,250,63576,256968328766976,63576,13,prime_block_le_13,2,91,4.51085950652,1,0,2,7,0,,-6.5491318131,0,,,,none_visible,0.135951267235,0.333333333333,-0.197382066099,deterministic_seeded_random_sets_same_cardinality,local_obstruction_before_drift
rank154_Q13_exact_power_anchor,exact_power_anchor,154,6,6,3,153,250,63576,256968328766976,63576,13,prime_block_le_13,2,91,4.51085950652,9,2.19722457734,0,0,6289,2 15 18 32 44 57 58 67 71 93 106 109,-8.74635639044,-6.54933277721,1.0002009843,1.0002009843,1.0002009843,constructed_exact_power_root,0.135951267235,0.333333333333,-0.197382066099,C_from_near_power_row_as_positive_control,positive_control_survivor
rank155_Q13_actual_near_miss,actual_near_miss,155,6,7,3,65,93,39202,60245508310408,39202,13,prime_block_le_13,2,91,4.51085950652,1,0,2,7,0,,-6.06562353837,0,,,,none_visible,0.142166335362,0.333333333333,-0.191166997972,existing_near_power_csv,local_obstruction_before_drift
rank155_Q13_random_root_sets,random_root_sets,155,6,7,3,65,93,39202,60245508310408,39202,13,prime_block_le_13,2,91,4.51085950652,1,0,2,7,0,,-6.06562353837,0,,,,none_visible,0.142166335362,0.333333333333,-0.191166997972,deterministic_seeded_random_sets_same_cardinality,local_obstruction_before_drift
rank155_Q13_exact_power_anchor,exact_power_anchor,155,6,7,3,65,93,39202,60245508310408,39202,13,prime_block_le_13,2,91,4.51085950652,9,2.19722457734,0,0,3877,8 11 37 46 50 60 72 85 86 99 102 128,-8.2628481157,-6.06559236033,0.999968822452,0.999968822452,0.999968822452,constructed_exact_power_root,0.142166335362,0.333333333333,-0.191166997972,C_from_near_power_row_as_positive_control,positive_control_survivor
rank156_Q13_actual_near_miss,actual_near_miss,156,6,6,3,123,193,38063,55145368716047,38063,13,prime_block_le_13,2,91,4.51085950652,1,0,2,7,0,,-6.03613845414,0,,,,none_visible,0.142563774177,0.333333333333,-0.190769559157,existing_near_power_csv,local_obstruction_before_drift
rank156_Q13_random_root_sets,random_root_sets,156,6,6,3,123,193,38063,55145368716047,38063,13,prime_block_le_13,2,91,4.51085950652,1,0,2,7,0,,-6.03613845414,0,,,,none_visible,0.142563774177,0.333333333333,-0.190769559157,deterministic_seeded_random_sets_same_cardinality,local_obstruction_before_drift
rank156_Q13_exact_power_anchor,exact_power_anchor,156,6,6,3,123,193,38063,55145368716047,38063,13,prime_block_le_13,2,91,4.51085950652,9,2.19722457734,0,0,3765,4 23 25 30 36 43 51 64 88 95 114 116,-8.23336303147,-6.0362785629,1.00014011858,1.00014011858,1.00014011858,constructed_exact_power_root,0.142563774177,0.333333333333,-0.190769559157,C_from_near_power_row_as_positive_control,positive_control_survivor
rank157_Q13_actual_near_miss,actual_near_miss,157,7,7,3,182,229,340966,39639961520548696,340966,13,prime_block_le_13,2,91,4.51085950652,3,1.09861228867,1,7,0,,-9.3272908267,1.09861228867,,,,none_visible,0.118027814686,0.333333333333,-0.215305518647,existing_near_power_csv,local_obstruction_before_drift
rank157_Q13_random_root_sets,random_root_sets,157,7,7,3,182,229,340966,39639961520548696,340966,13,prime_block_le_13,2,91,4.51085950652,3,1.09861228867,1,7,0,,-9.3272908267,1.09861228867,,,,none_visible,0.118027814686,0.333333333333,-0.215305518647,deterministic_seeded_random_sets_same_cardinality,local_obstruction_before_drift
rank157_Q13_exact_power_anchor,exact_power_anchor,157,7,7,3,182,229,340966,39639961520548696,340966,13,prime_block_le_13,2,91,4.51085950652,9,2.19722457734,0,0,33722,5 6 19 31 41 45 54 80 83 96 97 110,-10.4259031154,-8.228681145,1.00000260697,1.00000260697,1.00000260697,constructed_exact_power_root,0.118027814686,0.333333333333,-0.215305518647,C_from_near_power_row_as_positive_control,positive_control_survivor
rank158_Q13_actual_near_miss,actual_near_miss,158,6,7,3,188,165,149981,3373717662443141,149981,13,prime_block_le_13,2,91,4.51085950652,3,1.09861228867,1,7,0,,-8.50601668054,1.09861228867,,,,none_visible,0.126160978505,0.333333333333,-0.207172354828,existing_near_power_csv,local_obstruction_before_drift
rank158_Q13_random_root_sets,random_root_sets,158,6,7,3,188,165,149981,3373717662443141,149981,13,prime_block_le_13,2,91,4.51085950652,3,1.09861228867,1,7,0,,-8.50601668054,1.09861228867,,,,none_visible,0.126160978505,0.333333333333,-0.207172354828,deterministic_seeded_random_sets_same_cardinality,local_obstruction_before_drift
rank158_Q13_exact_power_anchor,exact_power_anchor,158,6,7,3,188,165,149981,3373717662443141,149981,13,prime_block_le_13,2,91,4.51085950652,3,1.09861228867,0,0,4945,13 26 52 104 117 143 195 208 234 286 299 325,-8.50601668054,-7.40751995539,1.00011557019,1.00011557019,1.00011557019,constructed_exact_power_root,0.126160978505,0.333333333333,-0.207172354828,C_from_near_power_row_as_positive_control,positive_control_survivor
rank159_Q13_actual_near_miss,actual_near_miss,159,6,7,3,149,129,84596,605409854140736,84596,13,prime_block_le_13,2,91,4.51085950652,1,0,2,7,0,,-6.83478275664,0,,,,none_visible,0.13252840171,0.333333333333,-0.200804931624,existing_near_power_csv,local_obstruction_before_drift
rank159_Q13_random_root_sets,random_root_sets,159,6,7,3,149,129,84596,605409854140736,84596,13,prime_block_le_13,2,91,4.51085950652,1,0,2,7,0,,-6.83478275664,0,,,,none_visible,0.13252840171,0.333333333333,-0.200804931624,deterministic_seeded_random_sets_same_cardinality,local_obstruction_before_drift
rank159_Q13_exact_power_anchor,exact_power_anchor,159,6,7,3,149,129,84596,605409854140736,84596,13,prime_block_le_13,2,91,4.51085950652,9,2.19722457734,0,0,8367,2 15 18 32 44 57 58 67 71 93 106 109,-9.03200733397,-6.83482609896,1.00004334326,1.00004334326,1.00004334326,constructed_exact_power_root,0.13252840171,0.333333333333,-0.200804931624,C_from_near_power_row_as_positive_control,positive_control_survivor
rank160_Q13_actual_near_miss,actual_near_miss,160,6,7,3,204,229,321069,33097495072171509,321069,13,prime_block_le_13,2,91,4.51085950652,3,1.09861228867,1,13,0,,-9.26716411444,1.09861228867,,,,none_visible,0.118587511368,0.333333333333,-0.214745821965,existing_near_power_csv,local_obstruction_before_drift
rank160_Q13_random_root_sets,random_root_sets,160,6,7,3,204,229,321069,33097495072171509,321069,13,prime_block_le_13,2,91,4.51085950652,3,1.09861228867,1,13,0,,-9.26716411444,1.09861228867,,,,none_visible,0.118587511368,0.333333333333,-0.214745821965,deterministic_seeded_random_sets_same_cardinality,local_obstruction_before_drift
rank160_Q13_exact_power_anchor,exact_power_anchor,160,6,7,3,204,229,321069,33097495072171509,321069,13,prime_block_le_13,2,91,4.51085950652,3,1.09861228867,0,0,10586,7 21 63 98 112 154 189 203 245 280 294 336,-9.26716411444,-8.16867536375,1.00012354561,1.00012354561,1.00012354561,constructed_exact_power_root,0.118587511368,0.333333333333,-0.214745821965,C_from_near_power_row_as_positive_control,positive_control_survivor
rank161_Q13_actual_near_miss,actual_near_miss,161,7,7,3,159,218,296128,25967995095089152,296128,13,prime_block_le_13,2,91,4.51085950652,3,1.09861228867,0,0,9763,13 26 52 104 117 143 195 208 234 286 299 325,-9.18629985442,-8.08774272056,1.00005515633,1.00005515633,1.00005515633,none_visible,0.119348669881,0.333333333333,-0.213984663453,existing_near_power_csv,low_section_survivor_requires_anchor_audit
rank161_Q13_random_root_sets,random_root_sets,161,7,7,3,159,218,296128,25967995095089152,296128,13,prime_block_le_13,2,91,4.51085950652,3,1.09861228867,0,0,9763,2 15 67 93 106 158 184 197 249 275 288 340,-9.18629985442,-8.08774272056,1.00005515633,1.00005515633,1.00005515633,none_visible,0.119348669881,0.333333333333,-0.213984663453,deterministic_seeded_random_sets_same_cardinality,low_section_survivor_requires_anchor_audit
rank161_Q13_exact_power_anchor,exact_power_anchor,161,7,7,3,159,218,296128,25967995095089152,296128,13,prime_block_le_13,2,91,4.51085950652,3,1.09861228867,0,0,9763,14 35 42 105 126 133 196 217 224 287 308 315,-9.18629985442,-8.08774272056,1.00005515633,1.00005515633,1.00005515633,constructed_exact_power_root,0.119348669881,0.333333333333,-0.213984663453,C_from_near_power_row_as_positive_control,positive_control_survivor
rank162_Q13_actual_near_miss,actual_near_miss,162,7,7,3,131,162,153124,3590292207490624,153124,13,prime_block_le_13,2,91,4.51085950652,9,2.19722457734,0,0,15145,5 6 19 31 41 45 54 80 83 96 97 110,-9.62536840047,-7.42820114613,1.00005732464,1.00005732464,1.00005732464,none_visible,0.125941822277,0.333333333333,-0.207391511056,existing_near_power_csv,low_section_survivor_requires_anchor_audit
rank162_Q13_random_root_sets,random_root_sets,162,7,7,3,131,162,153124,3590292207490624,153124,13,prime_block_le_13,2,91,4.51085950652,9,2.19722457734,0,0,15143,5 12 30 44 51 69 82 83 90 96 103 121,-9.62536840047,-7.42806908062,0.999925260283,0.999925260283,0.999925260283,none_visible,0.125941822277,0.333333333333,-0.207391511056,deterministic_seeded_random_sets_same_cardinality,low_section_survivor_requires_anchor_audit
rank162_Q13_exact_power_anchor,exact_power_anchor,162,7,7,3,131,162,153124,3590292207490624,153124,13,prime_block_le_13,2,91,4.51085950652,9,2.19722457734,0,0,15143,10 12 17 38 62 69 75 82 90 101 103 108,-9.62536840047,-7.42806908062,0.999925260283,0.999925260283,0.999925260283,constructed_exact_power_root,0.125941822277,0.333333333333,-0.207391511056,C_from_near_power_row_as_positive_control,positive_control_survivor
rank163_Q13_actual_near_miss,actual_near_miss,163,6,7,3,217,184,193498,7244850723821992,193498,13,prime_block_le_13,2,91,4.51085950652,3,1.09861228867,1,7,0,,-8.76077523763,1.09861228867,,,,none_visible,0.123520665554,0.333333333333,-0.209812667779,existing_near_power_csv,local_obstruction_before_drift
rank163_Q13_random_root_sets,random_root_sets,163,6,7,3,217,184,193498,7244850723821992,193498,13,prime_block_le_13,2,91,4.51085950652,3,1.09861228867,1,7,0,,-8.76077523763,1.09861228867,,,,none_visible,0.123520665554,0.333333333333,-0.209812667779,deterministic_seeded_random_sets_same_cardinality,local_obstruction_before_drift
rank163_Q13_exact_power_anchor,exact_power_anchor,163,6,7,3,217,184,193498,7244850723821992,193498,13,prime_block_le_13,2,91,4.51085950652,9,2.19722457734,0,0,19138,2 15 18 32 44 57 58 67 71 93 106 109,-9.8593875263,-7.662206589,1.00004364099,1.00004364099,1.00004364099,constructed_exact_power_root,0.123520665554,0.333333333333,-0.209812667779,C_from_near_power_row_as_positive_control,positive_control_survivor
rank164_Q13_actual_near_miss,actual_near_miss,164,7,7,3,185,199,270421,19775216339828461,270421,13,prime_block_le_13,2,91,4.51085950652,3,1.09861228867,1,13,0,,-9.09548806501,1.09861228867,,,,none_visible,0.120215194958,0.333333333333,-0.213118138376,existing_near_power_csv,local_obstruction_before_drift
rank164_Q13_random_root_sets,random_root_sets,164,7,7,3,185,199,270421,19775216339828461,270421,13,prime_block_le_13,2,91,4.51085950652,3,1.09861228867,1,13,0,,-9.09548806501,1.09861228867,,,,none_visible,0.120215194958,0.333333333333,-0.213118138376,deterministic_seeded_random_sets_same_cardinality,local_obstruction_before_drift
rank164_Q13_exact_power_anchor,exact_power_anchor,164,7,7,3,185,199,270421,19775216339828461,270421,13,prime_block_le_13,2,91,4.51085950652,9,2.19722457734,0,0,26745,8 11 37 46 50 60 72 85 86 99 102 128,-10.1941003537,-7.99687824163,1.00000246529,1.00000246529,1.00000246529,constructed_exact_power_root,0.120215194958,0.333333333333,-0.213118138376,C_from_near_power_row_as_positive_control,positive_control_survivor
rank165_Q13_actual_near_miss,actual_near_miss,165,7,7,3,81,199,231344,12381541599555584,231344,13,prime_block_le_13,2,91,4.51085950652,1,0,1,13,0,,-7.84080155275,0,,,,none_visible,0.12173422087,0.333333333333,-0.211599112463,existing_near_power_csv,local_obstruction_before_drift
rank165_Q13_random_root_sets,random_root_sets,165,7,7,3,81,199,231344,12381541599555584,231344,13,prime_block_le_13,2,91,4.51085950652,1,0,1,13,0,,-7.84080155275,0,,,,none_visible,0.12173422087,0.333333333333,-0.211599112463,deterministic_seeded_random_sets_same_cardinality,local_obstruction_before_drift
rank165_Q13_exact_power_anchor,exact_power_anchor,165,7,7,3,81,199,231344,12381541599555584,231344,13,prime_block_le_13,2,91,4.51085950652,9,2.19722457734,0,0,22882,1 9 16 22 29 53 74 79 81 92 100 107,-10.0380261301,-7.84088127692,1.00007972735,1.00007972735,1.00007972735,constructed_exact_power_root,0.12173422087,0.333333333333,-0.211599112463,C_from_near_power_row_as_positive_control,positive_control_survivor
rank166_Q13_actual_near_miss,actual_near_miss,166,6,7,3,221,161,142940,2920527724184000,142940,13,prime_block_le_13,2,91,4.51085950652,9,2.19722457734,0,0,14138,2 15 18 32 44 57 58 67 71 93 106 109,-9.55654531159,-7.35939690939,1.00007617804,1.00007617804,1.00007617804,none_visible,0.126672030669,0.333333333333,-0.206661302664,existing_near_power_csv,low_section_survivor_requires_anchor_audit
rank166_Q13_random_root_sets,random_root_sets,166,6,7,3,221,161,142940,2920527724184000,142940,13,prime_block_le_13,2,91,4.51085950652,9,2.19722457734,0,0,14137,14 27 42 49 53 55 62 81 88 105 118 133,-9.55654531159,-7.35932617553,1.00000544129,1.00000544129,1.00000544129,none_visible,0.126672030669,0.333333333333,-0.206661302664,deterministic_seeded_random_sets_same_cardinality,low_section_survivor_requires_anchor_audit
rank166_Q13_exact_power_anchor,exact_power_anchor,166,6,7,3,221,161,142940,2920527724184000,142940,13,prime_block_le_13,2,91,4.51085950652,3,1.09861228867,0,0,4712,28 70 84 119 161 175 210 252 266 301 343 357,-8.45793302293,-7.35925543666,0.999934704538,0.999934704538,0.999934704538,constructed_exact_power_root,0.126672030669,0.333333333333,-0.206661302664,C_from_near_power_row_as_positive_control,positive_control_survivor
rank167_Q13_actual_near_miss,actual_near_miss,167,6,7,4,127,91,2734,55871977259536,2734,13,prime_block_le_13,5,15015,9.61680498042,16,2.77258872224,1,3,0,,-1.06930475911,2.77258872224,0.997378688125,0.993782004389,0.999817117776,none_visible,0.30380929549,0.25,0.0538092954898,existing_near_power_csv,local_obstruction_before_drift
rank167_Q13_random_root_sets,random_root_sets,167,6,7,4,127,91,2734,55871977259536,2734,13,prime_block_le_13,5,15015,9.61680498042,16,2.77258872224,1,3,0,,-1.06930475911,2.77258872224,0.997378688125,0.993782004389,0.999817117776,none_visible,0.30380929549,0.25,0.0538092954898,deterministic_seeded_random_sets_same_cardinality,local_obstruction_before_drift
rank167_Q13_exact_power_anchor,exact_power_anchor,167,6,7,4,127,91,2734,55871977259536,2734,13,prime_block_le_13,5,15015,9.61680498042,128,4.85203026392,0,0,22,17 137 214 269 347 368 578 787 1018 1138 1348 1369,-3.14874630079,1.76098781056,1.00401197879,1.00059436723,1.00685808339,constructed_exact_power_root,0.30380929549,0.25,0.0538092954898,C_from_near_power_row_as_positive_control,positive_control_survivor
rank168_Q13_actual_near_miss,actual_near_miss,168,7,7,3,193,250,414101,71009889658672301,414101,13,prime_block_le_13,2,91,4.51085950652,3,1.09861228867,1,7,0,,-9.52161796656,1.09861228867,,,,none_visible,0.116254484956,0.333333333333,-0.217078848377,existing_near_power_csv,local_obstruction_before_drift
rank168_Q13_random_root_sets,random_root_sets,168,7,7,3,193,250,414101,71009889658672301,414101,13,prime_block_le_13,2,91,4.51085950652,3,1.09861228867,1,7,0,,-9.52161796656,1.09861228867,,,,none_visible,0.116254484956,0.333333333333,-0.217078848377,deterministic_seeded_random_sets_same_cardinality,local_obstruction_before_drift
rank168_Q13_exact_power_anchor,exact_power_anchor,168,7,7,3,193,250,414101,71009889658672301,414101,13,prime_block_le_13,2,91,4.51085950652,9,2.19722457734,0,0,40957,4 23 25 30 36 43 51 64 88 95 114 116,-10.6202302552,-8.42305343751,1.00004776076,1.00004776076,1.00004776076,constructed_exact_power_root,0.116254484956,0.333333333333,-0.217078848377,C_from_near_power_row_as_positive_control,positive_control_survivor
rank169_Q13_actual_near_miss,actual_near_miss,169,7,7,3,229,237,421762,75024367721822728,421762,13,prime_block_le_13,2,91,4.51085950652,3,1.09861228867,1,7,0,,-9.53994923503,1.09861228867,,,,none_visible,0.116089949761,0.333333333333,-0.217243383573,existing_near_power_csv,local_obstruction_before_drift
rank169_Q13_random_root_sets,random_root_sets,169,7,7,3,229,237,421762,75024367721822728,421762,13,prime_block_le_13,2,91,4.51085950652,3,1.09861228867,1,7,0,,-9.53994923503,1.09861228867,,,,none_visible,0.116089949761,0.333333333333,-0.217243383573,deterministic_seeded_random_sets_same_cardinality,local_obstruction_before_drift
rank169_Q13_exact_power_anchor,exact_power_anchor,169,7,7,3,229,237,421762,75024367721822728,421762,13,prime_block_le_13,2,91,4.51085950652,9,2.19722457734,0,0,41714,3 27 40 48 55 61 66 68 87 94 118 131,-10.6385615237,-8.44136750552,1.00003055963,1.00003055963,1.00003055963,constructed_exact_power_root,0.116089949761,0.333333333333,-0.217243383573,C_from_near_power_row_as_positive_control,positive_control_survivor
rank170_Q13_actual_near_miss,actual_near_miss,170,4,5,3,194,235,8955,718119583875,8955,13,prime_block_le_13,2,91,4.51085950652,1,0,2,7,0,,-4.58910780798,0,,,,none_visible,0.165233542445,0.333333333333,-0.168099790889,existing_near_power_csv,local_obstruction_before_drift
rank170_Q13_random_root_sets,random_root_sets,170,4,5,3,194,235,8955,718119583875,8955,13,prime_block_le_13,2,91,4.51085950652,1,0,2,7,0,,-4.58910780798,0,,,,none_visible,0.165233542445,0.333333333333,-0.168099790889,deterministic_seeded_random_sets_same_cardinality,local_obstruction_before_drift
rank170_Q13_exact_power_anchor,exact_power_anchor,170,4,5,3,194,235,8955,718119583875,8955,13,prime_block_le_13,2,91,4.51085950652,9,2.19722457734,0,0,885,8 11 37 46 50 60 72 85 86 99 102 128,-6.78633238531,-4.58836306767,0.999255536944,0.999255536944,0.999255536944,constructed_exact_power_root,0.165233542445,0.333333333333,-0.168099790889,C_from_near_power_row_as_positive_control,positive_control_survivor
rank171_Q13_actual_near_miss,actual_near_miss,171,7,7,3,87,218,286175,23436625181609375,286175,13,prime_block_le_13,2,91,4.51085950652,1,0,2,7,0,,-8.05349928427,0,,,,none_visible,0.119673423892,0.333333333333,-0.213659909441,existing_near_power_csv,local_obstruction_before_drift
rank171_Q13_random_root_sets,random_root_sets,171,7,7,3,87,218,286175,23436625181609375,286175,13,prime_block_le_13,2,91,4.51085950652,1,0,2,7,0,,-8.05349928427,0,,,,none_visible,0.119673423892,0.333333333333,-0.213659909441,deterministic_seeded_random_sets_same_cardinality,local_obstruction_before_drift
rank171_Q13_exact_power_anchor,exact_power_anchor,171,7,7,3,87,218,286175,23436625181609375,286175,13,prime_block_le_13,2,91,4.51085950652,9,2.19722457734,0,0,28305,2 15 18 32 44 57 58 67 71 93 106 109,-10.2507238616,-8.05356916913,1.00006988731,1.00006988731,1.00006988731,constructed_exact_power_root,0.119673423892,0.333333333333,-0.213659909441,C_from_near_power_row_as_positive_control,positive_control_survivor
rank172_Q13_actual_near_miss,actual_near_miss,172,7,7,3,157,199,245021,14709906899144261,245021,13,prime_block_le_13,2,91,4.51085950652,9,2.19722457734,0,0,24233,20 24 33 34 47 59 73 76 89 111 115 124,-10.095464271,-7.89824604226,1.00000634866,1.00000634866,1.00000634866,none_visible,0.121170748275,0.333333333333,-0.212162585058,existing_near_power_csv,low_section_survivor_requires_anchor_audit
rank172_Q13_random_root_sets,random_root_sets,172,7,7,3,157,199,245021,14709906899144261,245021,13,prime_block_le_13,2,91,4.51085950652,9,2.19722457734,0,0,24231,6 19 36 50 62 71 75 76 89 97 110 127,-10.095464271,-7.89816350677,0.999923816054,0.999923816054,0.999923816054,none_visible,0.121170748275,0.333333333333,-0.212162585058,deterministic_seeded_random_sets_same_cardinality,low_section_survivor_requires_anchor_audit
rank172_Q13_exact_power_anchor,exact_power_anchor,172,7,7,3,157,199,245021,14709906899144261,245021,13,prime_block_le_13,2,91,4.51085950652,3,1.09861228867,0,0,8077,49 56 77 140 147 168 231 238 259 322 329 350,-8.99685198229,-7.89816350677,0.999923816054,0.999923816054,0.999923816054,constructed_exact_power_root,0.121170748275,0.333333333333,-0.212162585058,C_from_near_power_row_as_positive_control,positive_control_survivor
rank173_Q13_actual_near_miss,actual_near_miss,173,5,5,3,79,219,7973,506833476317,7973,13,prime_block_le_13,2,91,4.51085950652,9,2.19722457734,0,0,788,2 15 18 32 44 57 58 67 71 93 106 109,-6.67018118332,-4.47227351252,0.999317139791,0.999317139791,0.999317139791,none_visible,0.167369836679,0.333333333333,-0.165963496654,existing_near_power_csv,low_section_survivor_requires_anchor_audit
rank173_Q13_random_root_sets,random_root_sets,173,5,5,3,79,219,7973,506833476317,7973,13,prime_block_le_13,2,91,4.51085950652,9,2.19722457734,0,0,789,4 17 21 39 52 56 60 73 91 95 108 112,-6.67018118332,-4.47354174351,1.00058530875,1.00058530875,1.00058530875,none_visible,0.167369836679,0.333333333333,-0.165963496654,deterministic_seeded_random_sets_same_cardinality,low_section_survivor_requires_anchor_audit
rank173_Q13_exact_power_anchor,exact_power_anchor,173,5,5,3,79,219,7973,506833476317,7973,13,prime_block_le_13,2,91,4.51085950652,3,1.09861228867,0,0,263,49 56 77 140 147 168 231 238 259 322 329 350,-5.57156889465,-4.47354174351,1.00058530875,1.00058530875,1.00058530875,constructed_exact_power_root,0.167369836679,0.333333333333,-0.165963496654,C_from_near_power_row_as_positive_control,positive_control_survivor
rank174_Q13_actual_near_miss,actual_near_miss,174,7,7,3,111,217,283831,22865435737145191,283831,13,prime_block_le_13,2,91,4.51085950652,3,1.09861228867,1,13,0,,-9.14388705175,1.09861228867,,,,none_visible,0.119751812399,0.333333333333,-0.213581520935,existing_near_power_csv,local_obstruction_before_drift
rank174_Q13_random_root_sets,random_root_sets,174,7,7,3,111,217,283831,22865435737145191,283831,13,prime_block_le_13,2,91,4.51085950652,3,1.09861228867,1,13,0,,-9.14388705175,1.09861228867,,,,none_visible,0.119751812399,0.333333333333,-0.213581520935,deterministic_seeded_random_sets_same_cardinality,local_obstruction_before_drift
rank174_Q13_exact_power_anchor,exact_power_anchor,174,7,7,3,111,217,283831,22865435737145191,283831,13,prime_block_le_13,2,91,4.51085950652,9,2.19722457734,0,0,28072,2 15 18 32 44 57 58 67 71 93 106 109,-10.2424993404,-8.04530333993,1.00002857726,1.00002857726,1.00002857726,constructed_exact_power_root,0.119751812399,0.333333333333,-0.213581520935,C_from_near_power_row_as_positive_control,positive_control_survivor
rank175_Q13_actual_near_miss,actual_near_miss,175,6,7,3,120,157,133030,2354229369127000,133030,13,prime_block_le_13,2,91,4.51085950652,1,0,2,7,0,,-7.28747043916,0,,,,none_visible,0.127443446863,0.333333333333,-0.20588988647,existing_near_power_csv,local_obstruction_before_drift
rank175_Q13_random_root_sets,random_root_sets,175,6,7,3,120,157,133030,2354229369127000,133030,13,prime_block_le_13,2,91,4.51085950652,1,0,2,7,0,,-7.28747043916,0,,,,none_visible,0.127443446863,0.333333333333,-0.20588988647,deterministic_seeded_random_sets_same_cardinality,local_obstruction_before_drift
rank175_Q13_exact_power_anchor,exact_power_anchor,175,6,7,3,120,157,133030,2354229369127000,133030,13,prime_block_le_13,2,91,4.51085950652,9,2.19722457734,0,0,13157,1 9 16 22 29 53 74 79 81 92 100 107,-9.4846950165,-7.28748463803,1.00001419897,1.00001419897,1.00001419897,constructed_exact_power_root,0.127443446863,0.333333333333,-0.20588988647,C_from_near_power_row_as_positive_control,positive_control_survivor
rank176_Q13_actual_near_miss,actual_near_miss,176,5,5,3,107,211,7561,432252699481,7561,13,prime_block_le_13,2,91,4.51085950652,3,1.09861228867,1,7,0,,-5.51851151771,1.09861228867,,,,none_visible,0.168364175993,0.333333333333,-0.16496915734,existing_near_power_csv,local_obstruction_before_drift
rank176_Q13_random_root_sets,random_root_sets,176,5,5,3,107,211,7561,432252699481,7561,13,prime_block_le_13,2,91,4.51085950652,3,1.09861228867,1,7,0,,-5.51851151771,1.09861228867,,,,none_visible,0.168364175993,0.333333333333,-0.16496915734,deterministic_seeded_random_sets_same_cardinality,local_obstruction_before_drift
rank176_Q13_exact_power_anchor,exact_power_anchor,176,5,5,3,107,211,7561,432252699481,7561,13,prime_block_le_13,2,91,4.51085950652,9,2.19722457734,0,0,748,8 11 37 46 50 60 72 85 86 99 102 128,-6.61712380638,-4.42017840064,1.00027921057,1.00027921057,1.00027921057,constructed_exact_power_root,0.168364175993,0.333333333333,-0.16496915734,C_from_near_power_row_as_positive_control,positive_control_survivor
rank177_Q13_actual_near_miss,actual_near_miss,177,5,6,3,195,226,51112,133526856636928,51112,13,prime_block_le_13,2,91,4.51085950652,3,1.09861228867,0,0,1685,49 56 77 140 147 168 231 238 259 322 329 350,-7.42952736443,-6.33090855412,0.999993478374,0.999993478374,0.999993478374,none_visible,0.138687612816,0.333333333333,-0.194645720517,existing_near_power_csv,low_section_survivor_requires_anchor_audit
rank177_Q13_random_root_sets,random_root_sets,177,5,6,3,195,226,51112,133526856636928,51112,13,prime_block_le_13,2,91,4.51085950652,3,1.09861228867,0,0,1686,5 26 54 96 117 145 187 208 236 278 299 327,-7.42952736443,-6.33150184989,1.00058694631,1.00058694631,1.00058694631,none_visible,0.138687612816,0.333333333333,-0.194645720517,deterministic_seeded_random_sets_same_cardinality,low_section_survivor_requires_anchor_audit
rank177_Q13_exact_power_anchor,exact_power_anchor,177,5,6,3,195,226,51112,133526856636928,51112,13,prime_block_le_13,2,91,4.51085950652,9,2.19722457734,0,0,5055,3 27 40 48 55 61 66 68 87 94 118 131,-8.5281396531,-6.33090855412,0.999993478374,0.999993478374,0.999993478374,constructed_exact_power_root,0.138687612816,0.333333333333,-0.194645720517,C_from_near_power_row_as_positive_control,positive_control_survivor
rank178_Q13_actual_near_miss,actual_near_miss,178,7,6,3,43,178,31774,32078619752824,31774,13,prime_block_le_13,2,91,4.51085950652,3,1.09861228867,1,7,0,,-6.95415640643,1.09861228867,,,,none_visible,0.145047394449,0.333333333333,-0.188285938885,existing_near_power_csv,local_obstruction_before_drift
rank178_Q13_random_root_sets,random_root_sets,178,7,6,3,43,178,31774,32078619752824,31774,13,prime_block_le_13,2,91,4.51085950652,3,1.09861228867,1,7,0,,-6.95415640643,1.09861228867,,,,none_visible,0.145047394449,0.333333333333,-0.188285938885,deterministic_seeded_random_sets_same_cardinality,local_obstruction_before_drift
rank178_Q13_exact_power_anchor,exact_power_anchor,178,7,6,3,43,178,31774,32078619752824,31774,13,prime_block_le_13,2,91,4.51085950652,9,2.19722457734,0,0,3143,2 15 18 32 44 57 58 67 71 93 106 109,-8.0527686951,-5.85570845946,1.0001643552,1.0001643552,1.0001643552,constructed_exact_power_root,0.145047394449,0.333333333333,-0.188285938885,C_from_near_power_row_as_positive_control,positive_control_survivor
rank179_Q13_actual_near_miss,actual_near_miss,179,6,6,3,101,187,35256,43822698057216,35256,13,prime_block_le_13,2,91,4.51085950652,1,0,1,7,0,,-5.9595315,0,,,,none_visible,0.143606846637,0.333333333333,-0.189726486696,existing_near_power_csv,local_obstruction_before_drift
rank179_Q13_random_root_sets,random_root_sets,179,6,6,3,101,187,35256,43822698057216,35256,13,prime_block_le_13,2,91,4.51085950652,1,0,1,7,0,,-5.9595315,0,,,,none_visible,0.143606846637,0.333333333333,-0.189726486696,deterministic_seeded_random_sets_same_cardinality,local_obstruction_before_drift
rank179_Q13_exact_power_anchor,exact_power_anchor,179,6,6,3,101,187,35256,43822698057216,35256,13,prime_block_le_13,2,91,4.51085950652,3,1.09861228867,0,0,1162,39 65 78 130 156 169 221 247 260 312 338 351,-7.05814378867,-5.95928564874,0.999754178958,0.999754178958,0.999754178958,constructed_exact_power_root,0.143606846637,0.333333333333,-0.189726486696,C_from_near_power_row_as_positive_control,positive_control_survivor
rank180_Q13_actual_near_miss,actual_near_miss,180,6,7,3,212,151,123436,1880725960305856,123436,13,prime_block_le_13,2,91,4.51085950652,1,0,2,7,0,,-7.21261857559,0,,,,none_visible,0.128257145616,0.333333333333,-0.205076187717,existing_near_power_csv,local_obstruction_before_drift
rank180_Q13_random_root_sets,random_root_sets,180,6,7,3,212,151,123436,1880725960305856,123436,13,prime_block_le_13,2,91,4.51085950652,1,0,2,7,0,,-7.21261857559,0,,,,none_visible,0.128257145616,0.333333333333,-0.205076187717,deterministic_seeded_random_sets_same_cardinality,local_obstruction_before_drift
rank180_Q13_exact_power_anchor,exact_power_anchor,180,6,7,3,212,151,123436,1880725960305856,123436,13,prime_block_le_13,2,91,4.51085950652,9,2.19722457734,0,0,12207,3 27 40 48 55 61 66 68 87 94 118 131,-9.40984315292,-7.21254025933,0.999921686812,0.999921686812,0.999921686812,constructed_exact_power_root,0.128257145616,0.333333333333,-0.205076187717,C_from_near_power_row_as_positive_control,positive_control_survivor
rank181_Q13_actual_near_miss,actual_near_miss,181,6,7,3,152,165,149508,3341898809704512,149508,13,prime_block_le_13,2,91,4.51085950652,1,0,2,7,0,,-7.40424567557,0,,,,none_visible,0.126194424013,0.333333333333,-0.207138909321,existing_near_power_csv,local_obstruction_before_drift
rank181_Q13_random_root_sets,random_root_sets,181,6,7,3,152,165,149508,3341898809704512,149508,13,prime_block_le_13,2,91,4.51085950652,1,0,2,7,0,,-7.40424567557,0,,,,none_visible,0.126194424013,0.333333333333,-0.207138909321,deterministic_seeded_random_sets_same_cardinality,local_obstruction_before_drift
rank181_Q13_exact_power_anchor,exact_power_anchor,181,6,7,3,152,165,149508,3341898809704512,149508,13,prime_block_le_13,2,91,4.51085950652,9,2.19722457734,0,0,14787,8 11 37 46 50 60 72 85 86 99 102 128,-9.60147025291,-7.40427911804,1.00003344303,1.00003344303,1.00003344303,constructed_exact_power_root,0.126194424013,0.333333333333,-0.207138909321,C_from_near_power_row_as_positive_control,positive_control_survivor
rank182_Q13_actual_near_miss,actual_near_miss,182,7,7,3,203,227,356385,45264554441366625,356385,13,prime_block_le_13,2,91,4.51085950652,3,1.09861228867,1,7,0,,-9.3715196683,1.09861228867,,,,none_visible,0.117619466069,0.333333333333,-0.215713867264,existing_near_power_csv,local_obstruction_before_drift
rank182_Q13_random_root_sets,random_root_sets,182,7,7,3,203,227,356385,45264554441366625,356385,13,prime_block_le_13,2,91,4.51085950652,3,1.09861228867,1,7,0,,-9.3715196683,1.09861228867,,,,none_visible,0.117619466069,0.333333333333,-0.215713867264,deterministic_seeded_random_sets_same_cardinality,local_obstruction_before_drift
rank182_Q13_exact_power_anchor,exact_power_anchor,182,7,7,3,203,227,356385,45264554441366625,356385,13,prime_block_le_13,2,91,4.51085950652,9,2.19722457734,0,0,35249,1 9 16 22 29 53 74 79 81 92 100 107,-10.470131957,-8.27296786171,1.0000604839,1.0000604839,1.0000604839,constructed_exact_power_root,0.117619466069,0.333333333333,-0.215713867264,C_from_near_power_row_as_positive_control,positive_control_survivor
rank183_Q13_actual_near_miss,actual_near_miss,183,6,7,3,106,135,93547,818633651978323,93547,13,prime_block_le_13,2,91,4.51085950652,1,0,2,7,0,,-6.93535975626,0,,,,none_visible,0.131363885401,0.333333333333,-0.201969447933,existing_near_power_csv,local_obstruction_before_drift
rank183_Q13_random_root_sets,random_root_sets,183,6,7,3,106,135,93547,818633651978323,93547,13,prime_block_le_13,2,91,4.51085950652,1,0,2,7,0,,-6.93535975626,0,,,,none_visible,0.131363885401,0.333333333333,-0.201969447933,deterministic_seeded_random_sets_same_cardinality,local_obstruction_before_drift
rank183_Q13_exact_power_anchor,exact_power_anchor,183,6,7,3,106,135,93547,818633651978323,93547,13,prime_block_le_13,2,91,4.51085950652,9,2.19722457734,0,0,9252,10 12 17 38 62 69 75 82 90 101 103 108,-9.13258433359,-6.93537044602,1.00001068981,1.00001068981,1.00001068981,constructed_exact_power_root,0.131363885401,0.333333333333,-0.201969447933,C_from_near_power_row_as_positive_control,positive_control_survivor
rank184_Q13_actual_near_miss,actual_near_miss,184,6,7,3,169,203,242323,14229312292552267,242323,13,prime_block_le_13,2,91,4.51085950652,9,2.19722457734,0,0,23965,8 11 37 46 50 60 72 85 86 99 102 128,-10.0843918968,-7.88712513426,0.999957815716,0.999957815716,0.999957815716,none_visible,0.121278962904,0.333333333333,-0.212054370429,existing_near_power_csv,low_section_survivor_requires_anchor_audit
rank184_Q13_random_root_sets,random_root_sets,184,6,7,3,169,203,242323,14229312292552267,242323,13,prime_block_le_13,2,91,4.51085950652,9,2.19722457734,0,0,23966,8 22 34 47 48 50 61 76 89 99 113 125,-10.0843918968,-7.88716686091,0.999999541475,0.999999541475,0.999999541475,none_visible,0.121278962904,0.333333333333,-0.212054370429,deterministic_seeded_random_sets_same_cardinality,low_section_survivor_requires_anchor_audit
rank184_Q13_exact_power_anchor,exact_power_anchor,184,6,7,3,169,203,242323,14229312292552267,242323,13,prime_block_le_13,2,91,4.51085950652,9,2.19722457734,0,0,23967,1 9 16 22 29 53 74 79 81 92 100 107,-10.0843918968,-7.88720858581,1.00004126723,1.00004126723,1.00004126723,constructed_exact_power_root,0.121278962904,0.333333333333,-0.212054370429,C_from_near_power_row_as_positive_control,positive_control_survivor
rank185_Q13_actual_near_miss,actual_near_miss,185,7,7,3,109,153,128975,2145441166859375,128975,13,prime_block_le_13,2,91,4.51085950652,3,1.09861228867,1,7,0,,-8.35512664826,1.09861228867,,,,none_visible,0.127778708539,0.333333333333,-0.205554624794,existing_near_power_csv,local_obstruction_before_drift
rank185_Q13_random_root_sets,random_root_sets,185,7,7,3,109,153,128975,2145441166859375,128975,13,prime_block_le_13,2,91,4.51085950652,3,1.09861228867,1,7,0,,-8.35512664826,1.09861228867,,,,none_visible,0.127778708539,0.333333333333,-0.205554624794,deterministic_seeded_random_sets_same_cardinality,local_obstruction_before_drift
rank185_Q13_exact_power_anchor,exact_power_anchor,185,7,7,3,109,153,128975,2145441166859375,128975,13,prime_block_le_13,2,91,4.51085950652,3,1.09861228867,0,0,4252,28 70 84 119 161 175 210 252 266 301 343 357,-8.35512664826,-7.25653245079,1.00001809136,1.00001809136,1.00001809136,constructed_exact_power_root,0.127778708539,0.333333333333,-0.205554624794,C_from_near_power_row_as_positive_control,positive_control_survivor
rank186_Q13_actual_near_miss,actual_near_miss,186,7,7,3,130,131,108846,1289547729479736,108846,13,prime_block_le_13,2,91,4.51085950652,3,1.09861228867,1,7,0,,-8.18544210032,1.09861228867,,,,none_visible,0.129648225112,0.333333333333,-0.203685108221,existing_near_power_csv,local_obstruction_before_drift
rank186_Q13_random_root_sets,random_root_sets,186,7,7,3,130,131,108846,1289547729479736,108846,13,prime_block_le_13,2,91,4.51085950652,3,1.09861228867,1,7,0,,-8.18544210032,1.09861228867,,,,none_visible,0.129648225112,0.333333333333,-0.203685108221,deterministic_seeded_random_sets_same_cardinality,local_obstruction_before_drift
rank186_Q13_exact_power_anchor,exact_power_anchor,186,7,7,3,130,131,108846,1289547729479736,108846,13,prime_block_le_13,2,91,4.51085950652,9,2.19722457734,0,0,10765,10 12 17 38 62 69 75 82 90 101 103 108,-9.28405438899,-7.08683083246,1.00000102081,1.00000102081,1.00000102081,constructed_exact_power_root,0.129648225112,0.333333333333,-0.203685108221,C_from_near_power_row_as_positive_control,positive_control_survivor
rank187_Q13_actual_near_miss,actual_near_miss,187,6,6,3,65,152,23151,12408213711951,23151,13,prime_block_le_13,2,91,4.51085950652,3,1.09861228867,1,7,0,,-6.63754603728,1.09861228867,,,,none_visible,0.149616991846,0.333333333333,-0.183716341487,existing_near_power_csv,local_obstruction_before_drift
rank187_Q13_random_root_sets,random_root_sets,187,6,6,3,65,152,23151,12408213711951,23151,13,prime_block_le_13,2,91,4.51085950652,3,1.09861228867,1,7,0,,-6.63754603728,1.09861228867,,,,none_visible,0.149616991846,0.333333333333,-0.183716341487,deterministic_seeded_random_sets_same_cardinality,local_obstruction_before_drift
rank187_Q13_exact_power_anchor,exact_power_anchor,187,6,6,3,65,152,23151,12408213711951,23151,13,prime_block_le_13,2,91,4.51085950652,9,2.19722457734,0,0,2289,8 11 37 46 50 60 72 85 86 99 102 128,-7.73615832595,-5.53864574262,0.999712035477,0.999712035477,0.999712035477,constructed_exact_power_root,0.149616991846,0.333333333333,-0.183716341487,C_from_near_power_row_as_positive_control,positive_control_survivor
rank188_Q13_actual_near_miss,actual_near_miss,188,7,7,3,59,130,85725,629973790453125,85725,13,prime_block_le_13,2,91,4.51085950652,1,0,1,13,0,,-6.84804027081,0,,,,none_visible,0.132373721485,0.333333333333,-0.200959611848,existing_near_power_csv,local_obstruction_before_drift
rank188_Q13_random_root_sets,random_root_sets,188,7,7,3,59,130,85725,629973790453125,85725,13,prime_block_le_13,2,91,4.51085950652,1,0,1,13,0,,-6.84804027081,0,,,,none_visible,0.132373721485,0.333333333333,-0.200959611848,deterministic_seeded_random_sets_same_cardinality,local_obstruction_before_drift
rank188_Q13_exact_power_anchor,exact_power_anchor,188,7,7,3,59,130,85725,629973790453125,85725,13,prime_block_le_13,2,91,4.51085950652,9,2.19722457734,0,0,8479,3 27 40 48 55 61 66 68 87 94 118 131,-9.04526484815,-6.84812321997,1.00008295259,1.00008295259,1.00008295259,constructed_exact_power_root,0.132373721485,0.333333333333,-0.200959611848,C_from_near_power_row_as_positive_control,positive_control_survivor
rank189_Q13_actual_near_miss,actual_near_miss,189,7,7,3,147,197,235123,12998263692805867,235123,13,prime_block_le_13,2,91,4.51085950652,3,1.09861228867,1,13,0,,-8.9556168426,1.09861228867,,,,none_visible,0.121574738221,0.333333333333,-0.211758595112,existing_near_power_csv,local_obstruction_before_drift
rank189_Q13_random_root_sets,random_root_sets,189,7,7,3,147,197,235123,12998263692805867,235123,13,prime_block_le_13,2,91,4.51085950652,3,1.09861228867,1,13,0,,-8.9556168426,1.09861228867,,,,none_visible,0.121574738221,0.333333333333,-0.211758595112,deterministic_seeded_random_sets_same_cardinality,local_obstruction_before_drift
rank189_Q13_exact_power_anchor,exact_power_anchor,189,7,7,3,147,197,235123,12998263692805867,235123,13,prime_block_le_13,2,91,4.51085950652,3,1.09861228867,0,0,7751,28 70 84 119 161 175 210 252 266 301 343 357,-8.9556168426,-7.85696485761,0.999960304465,0.999960304465,0.999960304465,constructed_exact_power_root,0.121574738221,0.333333333333,-0.211758595112,C_from_near_power_row_as_positive_control,positive_control_survivor
rank190_Q13_actual_near_miss,actual_near_miss,190,6,6,3,230,247,72120,375117352128000,72120,13,prime_block_le_13,2,91,4.51085950652,3,1.09861228867,1,7,0,,-7.77383945947,1.09861228867,,,,none_visible,0.134418754197,0.333333333333,-0.198914579136,existing_near_power_csv,local_obstruction_before_drift
rank190_Q13_random_root_sets,random_root_sets,190,6,6,3,230,247,72120,375117352128000,72120,13,prime_block_le_13,2,91,4.51085950652,3,1.09861228867,1,7,0,,-7.77383945947,1.09861228867,,,,none_visible,0.134418754197,0.333333333333,-0.198914579136,deterministic_seeded_random_sets_same_cardinality,local_obstruction_before_drift
rank190_Q13_exact_power_anchor,exact_power_anchor,190,6,6,3,230,247,72120,375117352128000,72120,13,prime_block_le_13,2,91,4.51085950652,9,2.19722457734,0,0,7132,3 27 40 48 55 61 66 68 87 94 118 131,-8.87245174814,-6.67512240165,0.999895236335,0.999895236335,0.999895236335,constructed_exact_power_root,0.134418754197,0.333333333333,-0.198914579136,C_from_near_power_row_as_positive_control,positive_control_survivor
rank191_Q13_actual_near_miss,actual_near_miss,191,6,7,3,228,161,143330,2944498264037000,143330,13,prime_block_le_13,2,91,4.51085950652,3,1.09861228867,1,13,0,,-8.46065772507,1.09861228867,,,,none_visible,0.12664296082,0.333333333333,-0.206690372513,existing_near_power_csv,local_obstruction_before_drift
rank191_Q13_random_root_sets,random_root_sets,191,6,7,3,228,161,143330,2944498264037000,143330,13,prime_block_le_13,2,91,4.51085950652,3,1.09861228867,1,13,0,,-8.46065772507,1.09861228867,,,,none_visible,0.12664296082,0.333333333333,-0.206690372513,deterministic_seeded_random_sets_same_cardinality,local_obstruction_before_drift
rank191_Q13_exact_power_anchor,exact_power_anchor,191,6,7,3,228,161,143330,2944498264037000,143330,13,prime_block_le_13,2,91,4.51085950652,9,2.19722457734,0,0,14176,5 6 19 31 41 45 54 80 83 96 97 110,-9.55927001374,-7.36208109551,1.00003565974,1.00003565974,1.00003565974,constructed_exact_power_root,0.12664296082,0.333333333333,-0.206690372513,C_from_near_power_row_as_positive_control,positive_control_survivor
rank192_Q13_actual_near_miss,actual_near_miss,192,7,7,3,79,134,92637,794974954718853,92637,13,prime_block_le_13,2,91,4.51085950652,3,1.09861228867,1,7,0,,-8.02419669101,1.09861228867,,,,none_visible,0.131476169296,0.333333333333,-0.201857164037,existing_near_power_csv,local_obstruction_before_drift
rank192_Q13_random_root_sets,random_root_sets,192,7,7,3,79,134,92637,794974954718853,92637,13,prime_block_le_13,2,91,4.51085950652,3,1.09861228867,1,7,0,,-8.02419669101,1.09861228867,,,,none_visible,0.131476169296,0.333333333333,-0.201857164037,deterministic_seeded_random_sets_same_cardinality,local_obstruction_before_drift
rank192_Q13_exact_power_anchor,exact_power_anchor,192,7,7,3,79,134,92637,794974954718853,92637,13,prime_block_le_13,2,91,4.51085950652,9,2.19722457734,0,0,9162,10 12 17 38 62 69 75 82 90 101 103 108,-9.12280897968,-6.92559519711,1.00001079482,1.00001079482,1.00001079482,constructed_exact_power_root,0.131476169296,0.333333333333,-0.201857164037,C_from_near_power_row_as_positive_control,positive_control_survivor
rank193_Q13_actual_near_miss,actual_near_miss,193,7,7,3,196,229,353402,44137426657600808,353402,13,prime_block_le_13,2,91,4.51085950652,1,0,2,7,0,,-8.26450199164,0,,,,none_visible,0.117696852314,0.333333333333,-0.215636481019,existing_near_power_csv,local_obstruction_before_drift
rank193_Q13_random_root_sets,random_root_sets,193,7,7,3,196,229,353402,44137426657600808,353402,13,prime_block_le_13,2,91,4.51085950652,1,0,2,7,0,,-8.26450199164,0,,,,none_visible,0.117696852314,0.333333333333,-0.215636481019,deterministic_seeded_random_sets_same_cardinality,local_obstruction_before_drift
rank193_Q13_exact_power_anchor,exact_power_anchor,193,7,7,3,196,229,353402,44137426657600808,353402,13,prime_block_le_13,2,91,4.51085950652,3,1.09861228867,0,0,11650,49 56 77 140 147 168 231 238 259 322 329 350,-9.36311428031,-8.26444917033,0.999947180076,0.999947180076,0.999947180076,constructed_exact_power_root,0.117696852314,0.333333333333,-0.215636481019,C_from_near_power_row_as_positive_control,positive_control_survivor
rank194_Q13_actual_near_miss,actual_near_miss,194,6,7,3,110,119,69775,339703119859375,69775,13,prime_block_le_13,2,91,4.51085950652,3,1.09861228867,1,13,0,,-7.74078384056,1.09861228867,,,,none_visible,0.1348171477,0.333333333333,-0.198516185633,existing_near_power_csv,local_obstruction_before_drift
rank194_Q13_random_root_sets,random_root_sets,194,6,7,3,110,119,69775,339703119859375,69775,13,prime_block_le_13,2,91,4.51085950652,3,1.09861228867,1,13,0,,-7.74078384056,1.09861228867,,,,none_visible,0.1348171477,0.333333333333,-0.198516185633,deterministic_seeded_random_sets_same_cardinality,local_obstruction_before_drift
rank194_Q13_exact_power_anchor,exact_power_anchor,194,6,7,3,110,119,69775,339703119859375,69775,13,prime_block_le_13,2,91,4.51085950652,9,2.19722457734,0,0,6900,10 12 17 38 62 69 75 82 90 101 103 108,-8.83939612922,-6.64205211325,0.999880568494,0.999880568494,0.999880568494,constructed_exact_power_root,0.1348171477,0.333333333333,-0.198516185633,C_from_near_power_row_as_positive_control,positive_control_survivor
rank195_Q13_actual_near_miss,actual_near_miss,195,6,7,3,216,247,383020,56190688799608000,383020,13,prime_block_le_13,2,91,4.51085950652,3,1.09861228867,1,7,0,,-9.44359526827,1.09861228867,,,,none_visible,0.116960038763,0.333333333333,-0.21637329457,existing_near_power_csv,local_obstruction_before_drift
rank195_Q13_random_root_sets,random_root_sets,195,6,7,3,216,247,383020,56190688799608000,383020,13,prime_block_le_13,2,91,4.51085950652,3,1.09861228867,1,7,0,,-9.44359526827,1.09861228867,,,,none_visible,0.116960038763,0.333333333333,-0.21637329457,deterministic_seeded_random_sets_same_cardinality,local_obstruction_before_drift
rank195_Q13_exact_power_anchor,exact_power_anchor,195,6,7,3,216,247,383020,56190688799608000,383020,13,prime_block_le_13,2,91,4.51085950652,9,2.19722457734,0,0,37882,1 9 16 22 29 53 74 79 81 92 100 107,-10.5422075569,-8.34500676688,1.00002378756,1.00002378756,1.00002378756,constructed_exact_power_root,0.116960038763,0.333333333333,-0.21637329457,C_from_near_power_row_as_positive_control,positive_control_survivor
rank196_Q13_actual_near_miss,actual_near_miss,196,6,7,3,228,223,302077,27564681496130533,302077,13,prime_block_le_13,2,91,4.51085950652,1,0,1,13,0,,-8.10757772423,0,,,,none_visible,0.11916054326,0.333333333333,-0.214172790074,existing_near_power_csv,local_obstruction_before_drift
rank196_Q13_random_root_sets,random_root_sets,196,6,7,3,228,223,302077,27564681496130533,302077,13,prime_block_le_13,2,91,4.51085950652,1,0,1,13,0,,-8.10757772423,0,,,,none_visible,0.11916054326,0.333333333333,-0.214172790074,deterministic_seeded_random_sets_same_cardinality,local_obstruction_before_drift
rank196_Q13_exact_power_anchor,exact_power_anchor,196,6,7,3,228,223,302077,27564681496130533,302077,13,prime_block_le_13,2,91,4.51085950652,9,2.19722457734,0,0,29875,3 27 40 48 55 61 66 68 87 94 118 131,-10.3048023016,-8.1075527119,0.999974987981,0.999974987981,0.999974987981,constructed_exact_power_root,0.11916054326,0.333333333333,-0.214172790074,C_from_near_power_row_as_positive_control,positive_control_survivor
rank197_Q13_actual_near_miss,actual_near_miss,197,7,7,3,165,167,190856,6952123086742016,190856,13,prime_block_le_13,2,91,4.51085950652,1,0,2,7,0,,-7.64841498946,0,,,,none_visible,0.123660324964,0.333333333333,-0.209673008369,existing_near_power_csv,local_obstruction_before_drift
rank197_Q13_random_root_sets,random_root_sets,197,7,7,3,165,167,190856,6952123086742016,190856,13,prime_block_le_13,2,91,4.51085950652,1,0,2,7,0,,-7.64841498946,0,,,,none_visible,0.123660324964,0.333333333333,-0.209673008369,deterministic_seeded_random_sets_same_cardinality,local_obstruction_before_drift
rank197_Q13_exact_power_anchor,exact_power_anchor,197,7,7,3,165,167,190856,6952123086742016,190856,13,prime_block_le_13,2,91,4.51085950652,9,2.19722457734,0,0,18878,1 9 16 22 29 53 74 79 81 92 100 107,-9.8456395668,-7.64852792455,1.00011294146,1.00011294146,1.00011294146,constructed_exact_power_root,0.123660324964,0.333333333333,-0.209673008369,C_from_near_power_row_as_positive_control,positive_control_survivor
rank198_Q13_actual_near_miss,actual_near_miss,198,6,7,3,221,245,375871,53102682256901311,375871,13,prime_block_le_13,2,91,4.51085950652,3,1.09861228867,1,13,0,,-9.42475406055,1.09861228867,,,,none_visible,0.117131704118,0.333333333333,-0.216201629215,existing_near_power_csv,local_obstruction_before_drift
rank198_Q13_random_root_sets,random_root_sets,198,6,7,3,221,245,375871,53102682256901311,375871,13,prime_block_le_13,2,91,4.51085950652,3,1.09861228867,1,13,0,,-9.42475406055,1.09861228867,,,,none_visible,0.117131704118,0.333333333333,-0.216201629215,deterministic_seeded_random_sets_same_cardinality,local_obstruction_before_drift
rank198_Q13_exact_power_anchor,exact_power_anchor,198,6,7,3,221,245,375871,53102682256901311,375871,13,prime_block_le_13,2,91,4.51085950652,9,2.19722457734,0,0,37175,5 6 19 31 41 45 54 80 83 96 97 110,-10.5233663492,-8.32616719399,1.00002542243,1.00002542243,1.00002542243,constructed_exact_power_root,0.117131704118,0.333333333333,-0.216201629215,C_from_near_power_row_as_positive_control,positive_control_survivor
rank199_Q13_actual_near_miss,actual_near_miss,199,7,7,3,83,201,236821,13281913022415661,236821,13,prime_block_le_13,2,91,4.51085950652,1,0,2,7,0,,-7.86420035398,0,,,,none_visible,0.121504045431,0.333333333333,-0.211829287902,existing_near_power_csv,local_obstruction_before_drift
rank199_Q13_random_root_sets,random_root_sets,199,7,7,3,83,201,236821,13281913022415661,236821,13,prime_block_le_13,2,91,4.51085950652,1,0,2,7,0,,-7.86420035398,0,,,,none_visible,0.121504045431,0.333333333333,-0.211829287902,deterministic_seeded_random_sets_same_cardinality,local_obstruction_before_drift
rank199_Q13_exact_power_anchor,exact_power_anchor,199,7,7,3,83,201,236821,13281913022415661,236821,13,prime_block_le_13,2,91,4.51085950652,3,1.09861228867,0,0,7807,39 65 78 130 156 169 221 247 260 312 338 351,-8.96281264264,-7.86416375745,0.999963404146,0.999963404146,0.999963404146,constructed_exact_power_root,0.121504045431,0.333333333333,-0.211829287902,C_from_near_power_row_as_positive_control,positive_control_survivor
rank200_Q13_actual_near_miss,actual_near_miss,200,7,7,3,179,226,330197,36001398328555373,330197,13,prime_block_le_13,2,91,4.51085950652,9,2.19722457734,0,0,32657,20 24 33 34 47 59 73 76 89 111 115 124,-10.3938097958,-8.19658992949,1.00000471099,1.00000471099,1.00000471099,none_visible,0.118325900135,0.333333333333,-0.215007433198,existing_near_power_csv,low_section_survivor_requires_anchor_audit
rank200_Q13_random_root_sets,random_root_sets,200,7,7,3,179,226,330197,36001398328555373,330197,13,prime_block_le_13,2,91,4.51085950652,9,2.19722457734,0,0,32659,3 10 29 36 42 45 49 71 84 94 101 120,-10.3938097958,-8.19665117023,1.00006595389,1.00006595389,1.00006595389,none_visible,0.118325900135,0.333333333333,-0.215007433198,deterministic_seeded_random_sets_same_cardinality,low_section_survivor_requires_anchor_audit
rank200_Q13_exact_power_anchor,exact_power_anchor,200,7,7,3,179,226,330197,36001398328555373,330197,13,prime_block_le_13,2,91,4.51085950652,3,1.09861228867,0,0,10885,49 56 77 140 147 168 231 238 259 322 329 350,-9.29519750718,-8.196528685,0.999943468091,0.999943468091,0.999943468091,constructed_exact_power_root,0.118325900135,0.333333333333,-0.215007433198,C_from_near_power_row_as_positive_control,positive_control_survivor
rank201_Q13_actual_near_miss,actual_near_miss,201,7,6,3,71,175,33566,37818018565496,33566,13,prime_block_le_13,2,91,4.51085950652,3,1.09861228867,1,13,0,,-7.00902171102,1.09861228867,,,,none_visible,0.144283757167,0.333333333333,-0.189049576166,existing_near_power_csv,local_obstruction_before_drift
rank201_Q13_random_root_sets,random_root_sets,201,7,6,3,71,175,33566,37818018565496,33566,13,prime_block_le_13,2,91,4.51085950652,3,1.09861228867,1,13,0,,-7.00902171102,1.09861228867,,,,none_visible,0.144283757167,0.333333333333,-0.189049576166,deterministic_seeded_random_sets_same_cardinality,local_obstruction_before_drift
rank201_Q13_exact_power_anchor,exact_power_anchor,201,7,6,3,71,175,33566,37818018565496,33566,13,prime_block_le_13,2,91,4.51085950652,3,1.09861228867,0,0,1107,39 65 78 130 156 169 221 247 260 312 338 351,-7.00902171102,-5.91079664404,1.00038729667,1.00038729667,1.00038729667,constructed_exact_power_root,0.144283757167,0.333333333333,-0.189049576166,C_from_near_power_row_as_positive_control,positive_control_survivor
rank202_Q13_actual_near_miss,actual_near_miss,202,7,6,3,53,190,36398,48220594676792,36398,13,prime_block_le_13,2,91,4.51085950652,1,0,1,7,0,,-5.99140960054,0,,,,none_visible,0.143170949076,0.333333333333,-0.190162384258,existing_near_power_csv,local_obstruction_before_drift
rank202_Q13_random_root_sets,random_root_sets,202,7,6,3,53,190,36398,48220594676792,36398,13,prime_block_le_13,2,91,4.51085950652,1,0,1,7,0,,-5.99140960054,0,,,,none_visible,0.143170949076,0.333333333333,-0.190162384258,deterministic_seeded_random_sets_same_cardinality,local_obstruction_before_drift
rank202_Q13_exact_power_anchor,exact_power_anchor,202,7,6,3,53,190,36398,48220594676792,36398,13,prime_block_le_13,2,91,4.51085950652,9,2.19722457734,0,0,3600,20 24 33 34 47 59 73 76 89 111 115 124,-8.18863417788,-5.99146454711,1.00005494807,1.00005494807,1.00005494807,constructed_exact_power_root,0.143170949076,0.333333333333,-0.190162384258,C_from_near_power_row_as_positive_control,positive_control_survivor
rank203_Q13_actual_near_miss,actual_near_miss,203,5,6,3,198,139,19589,7516865833469,19589,13,prime_block_le_13,2,91,4.51085950652,1,0,2,7,0,,-5.37186395667,0,,,,none_visible,0.152146302698,0.333333333333,-0.181187030636,existing_near_power_csv,local_obstruction_before_drift
rank203_Q13_random_root_sets,random_root_sets,203,5,6,3,198,139,19589,7516865833469,19589,13,prime_block_le_13,2,91,4.51085950652,1,0,2,7,0,,-5.37186395667,0,,,,none_visible,0.152146302698,0.333333333333,-0.181187030636,deterministic_seeded_random_sets_same_cardinality,local_obstruction_before_drift
rank203_Q13_exact_power_anchor,exact_power_anchor,203,5,6,3,198,139,19589,7516865833469,19589,13,prime_block_le_13,2,91,4.51085950652,9,2.19722457734,0,0,1937,20 24 33 34 47 59 73 76 89 111 115 124,-7.569088534,-5.37167108607,0.999807148003,0.999807148003,0.999807148003,constructed_exact_power_root,0.152146302698,0.333333333333,-0.181187030636,C_from_near_power_row_as_positive_control,positive_control_survivor
rank204_Q13_actual_near_miss,actual_near_miss,204,6,7,3,204,199,231650,12430738017125000,231650,13,prime_block_le_13,2,91,4.51085950652,3,1.09861228867,1,7,0,,-8.940735673,1.09861228867,,,,none_visible,0.121721194694,0.333333333333,-0.21161213864,existing_near_power_csv,local_obstruction_before_drift
rank204_Q13_random_root_sets,random_root_sets,204,6,7,3,204,199,231650,12430738017125000,231650,13,prime_block_le_13,2,91,4.51085950652,3,1.09861228867,1,7,0,,-8.940735673,1.09861228867,,,,none_visible,0.121721194694,0.333333333333,-0.21161213864,deterministic_seeded_random_sets_same_cardinality,local_obstruction_before_drift
rank204_Q13_exact_power_anchor,exact_power_anchor,204,6,7,3,204,199,231650,12430738017125000,231650,13,prime_block_le_13,2,91,4.51085950652,9,2.19722457734,0,0,22910,3 27 40 48 55 61 66 68 87 94 118 131,-10.0393479617,-7.84210419811,0.999980813967,0.999980813967,0.999980813967,constructed_exact_power_root,0.121721194694,0.333333333333,-0.21161213864,C_from_near_power_row_as_positive_control,positive_control_survivor
rank205_Q13_actual_near_miss,actual_near_miss,205,6,7,3,207,113,67964,313932872337344,67964,13,prime_block_le_13,2,91,4.51085950652,1,0,2,7,0,,-6.61587392569,0,,,,none_visible,0.135135783082,0.333333333333,-0.198197550251,existing_near_power_csv,local_obstruction_before_drift
rank205_Q13_random_root_sets,random_root_sets,205,6,7,3,207,113,67964,313932872337344,67964,13,prime_block_le_13,2,91,4.51085950652,1,0,2,7,0,,-6.61587392569,0,,,,none_visible,0.135135783082,0.333333333333,-0.198197550251,deterministic_seeded_random_sets_same_cardinality,local_obstruction_before_drift
rank205_Q13_exact_power_anchor,exact_power_anchor,205,6,7,3,207,113,67964,313932872337344,67964,13,prime_block_le_13,2,91,4.51085950652,3,1.09861228867,0,0,2241,39 65 78 130 156 169 221 247 260 312 338 351,-7.71448621436,-6.61606518513,1.00019127774,1.00019127774,1.00019127774,constructed_exact_power_root,0.135135783082,0.333333333333,-0.198197550251,C_from_near_power_row_as_positive_control,positive_control_survivor
rank206_Q13_actual_near_miss,actual_near_miss,206,6,7,3,203,244,372197,51560676262489373,372197,13,prime_block_le_13,2,91,4.51085950652,3,1.09861228867,1,13,0,,-9.41493134513,1.09861228867,,,,none_visible,0.117221400491,0.333333333333,-0.216111932842,existing_near_power_csv,local_obstruction_before_drift
rank206_Q13_random_root_sets,random_root_sets,206,6,7,3,203,244,372197,51560676262489373,372197,13,prime_block_le_13,2,91,4.51085950652,3,1.09861228867,1,13,0,,-9.41493134513,1.09861228867,,,,none_visible,0.117221400491,0.333333333333,-0.216111932842,deterministic_seeded_random_sets_same_cardinality,local_obstruction_before_drift
rank206_Q13_exact_power_anchor,exact_power_anchor,206,6,7,3,203,244,372197,51560676262489373,372197,13,prime_block_le_13,2,91,4.51085950652,3,1.09861228867,0,0,12271,7 21 63 98 112 154 189 203 245 280 294 336,-9.41493134513,-8.31638174531,1.00006269082,1.00006269082,1.00006269082,constructed_exact_power_root,0.117221400491,0.333333333333,-0.216111932842,C_from_near_power_row_as_positive_control,positive_control_survivor
rank207_Q13_actual_near_miss,actual_near_miss,207,6,7,3,221,191,210969,9389791155283209,210969,13,prime_block_le_13,2,91,4.51085950652,1,0,2,7,0,,-7.74860697572,0,,,,none_visible,0.122649695864,0.333333333333,-0.210683637469,existing_near_power_csv,local_obstruction_before_drift
rank207_Q13_random_root_sets,random_root_sets,207,6,7,3,221,191,210969,9389791155283209,210969,13,prime_block_le_13,2,91,4.51085950652,1,0,2,7,0,,-7.74860697572,0,,,,none_visible,0.122649695864,0.333333333333,-0.210683637469,deterministic_seeded_random_sets_same_cardinality,local_obstruction_before_drift
rank207_Q13_exact_power_anchor,exact_power_anchor,207,6,7,3,221,191,210969,9389791155283209,210969,13,prime_block_le_13,2,91,4.51085950652,9,2.19722457734,0,0,20866,5 6 19 31 41 45 54 80 83 96 97 110,-9.94583155305,-7.74865174169,1.00004476698,1.00004476698,1.00004476698,constructed_exact_power_root,0.122649695864,0.333333333333,-0.210683637469,C_from_near_power_row_as_positive_control,positive_control_survivor
rank208_Q13_actual_near_miss,actual_near_miss,208,7,7,3,89,196,223446,11156237565520536,223446,13,prime_block_le_13,2,91,4.51085950652,1,0,2,7,0,,-7.80606554659,0,,,,none_visible,0.122077533883,0.333333333333,-0.21125579945,existing_near_power_csv,local_obstruction_before_drift
rank208_Q13_random_root_sets,random_root_sets,208,7,7,3,89,196,223446,11156237565520536,223446,13,prime_block_le_13,2,91,4.51085950652,1,0,2,7,0,,-7.80606554659,0,,,,none_visible,0.122077533883,0.333333333333,-0.21125579945,deterministic_seeded_random_sets_same_cardinality,local_obstruction_before_drift
rank208_Q13_exact_power_anchor,exact_power_anchor,208,7,7,3,89,196,223446,11156237565520536,223446,13,prime_block_le_13,2,91,4.51085950652,9,2.19722457734,0,0,22100,5 6 19 31 41 45 54 80 83 96 97 110,-10.0032901239,-7.80610831017,1.0000427645,1.0000427645,1.0000427645,constructed_exact_power_root,0.122077533883,0.333333333333,-0.21125579945,C_from_near_power_row_as_positive_control,positive_control_survivor
rank209_Q13_actual_near_miss,actual_near_miss,209,6,6,3,223,248,70849,355632280170049,70849,13,prime_block_le_13,2,91,4.51085950652,1,0,1,7,0,,-6.65744662418,0,,,,none_visible,0.134632756114,0.333333333333,-0.198700577219,existing_near_power_csv,local_obstruction_before_drift
rank209_Q13_random_root_sets,random_root_sets,209,6,6,3,223,248,70849,355632280170049,70849,13,prime_block_le_13,2,91,4.51085950652,1,0,1,7,0,,-6.65744662418,0,,,,none_visible,0.134632756114,0.333333333333,-0.198700577219,deterministic_seeded_random_sets_same_cardinality,local_obstruction_before_drift
rank209_Q13_exact_power_anchor,exact_power_anchor,209,6,6,3,223,248,70849,355632280170049,70849,13,prime_block_le_13,2,91,4.51085950652,9,2.19722457734,0,0,7009,4 23 25 30 36 43 51 64 88 95 114 116,-8.85467120151,-6.65772573916,1.00027915394,1.00027915394,1.00027915394,constructed_exact_power_root,0.134632756114,0.333333333333,-0.198700577219,C_from_near_power_row_as_positive_control,positive_control_survivor
rank210_Q13_actual_near_miss,actual_near_miss,210,7,7,3,129,226,313148,30707815807097792,313148,13,prime_block_le_13,2,91,4.51085950652,1,0,2,7,0,,-8.1435716947,0,,,,none_visible,0.118821605776,0.333333333333,-0.214511727558,existing_near_power_csv,local_obstruction_before_drift
rank210_Q13_random_root_sets,random_root_sets,210,7,7,3,129,226,313148,30707815807097792,313148,13,prime_block_le_13,2,91,4.51085950652,1,0,2,7,0,,-8.1435716947,0,,,,none_visible,0.118821605776,0.333333333333,-0.214511727558,deterministic_seeded_random_sets_same_cardinality,local_obstruction_before_drift
rank210_Q13_exact_power_anchor,exact_power_anchor,210,7,7,3,129,226,313148,30707815807097792,313148,13,prime_block_le_13,2,91,4.51085950652,9,2.19722457734,0,0,30972,10 12 17 38 62 69 75 82 90 101 103 108,-10.340796272,-8.14361427217,1.00004257838,1.00004257838,1.00004257838,constructed_exact_power_root,0.118821605776,0.333333333333,-0.214511727558,C_from_near_power_row_as_positive_control,positive_control_survivor
rank211_Q13_actual_near_miss,actual_near_miss,211,5,6,3,222,209,43775,83883871109375,43775,13,prime_block_le_13,2,91,4.51085950652,1,0,2,7,0,,-6.17595865064,0,,,,none_visible,0.140698551561,0.333333333333,-0.192634781772,existing_near_power_csv,local_obstruction_before_drift
rank211_Q13_random_root_sets,random_root_sets,211,5,6,3,222,209,43775,83883871109375,43775,13,prime_block_le_13,2,91,4.51085950652,1,0,2,7,0,,-6.17595865064,0,,,,none_visible,0.140698551561,0.333333333333,-0.192634781772,deterministic_seeded_random_sets_same_cardinality,local_obstruction_before_drift
rank211_Q13_exact_power_anchor,exact_power_anchor,211,5,6,3,222,209,43775,83883871109375,43775,13,prime_block_le_13,2,91,4.51085950652,9,2.19722457734,0,0,4330,4 23 25 30 36 43 51 64 88 95 114 116,-8.37318322797,-6.17609824366,1.00013960277,1.00013960277,1.00013960277,constructed_exact_power_root,0.140698551561,0.333333333333,-0.192634781772,C_from_near_power_row_as_positive_control,positive_control_survivor
rank212_Q13_actual_near_miss,actual_near_miss,212,7,6,3,72,245,60939,226300737716019,60939,13,prime_block_le_13,2,91,4.51085950652,3,1.09861228867,1,7,0,,-7.60538142497,1.09861228867,,,,none_visible,0.136473998557,0.333333333333,-0.196859334776,existing_near_power_csv,local_obstruction_before_drift
rank212_Q13_random_root_sets,random_root_sets,212,7,6,3,72,245,60939,226300737716019,60939,13,prime_block_le_13,2,91,4.51085950652,3,1.09861228867,1,7,0,,-7.60538142497,1.09861228867,,,,none_visible,0.136473998557,0.333333333333,-0.196859334776,deterministic_seeded_random_sets_same_cardinality,local_obstruction_before_drift
rank212_Q13_exact_power_anchor,exact_power_anchor,212,7,6,3,72,245,60939,226300737716019,60939,13,prime_block_le_13,2,91,4.51085950652,9,2.19722457734,0,0,6027,8 11 37 46 50 60 72 85 86 99 102 128,-8.70399371364,-6.50678007615,1.0000109399,1.0000109399,1.0000109399,constructed_exact_power_root,0.136473998557,0.333333333333,-0.196859334776,C_from_near_power_row_as_positive_control,positive_control_survivor
rank213_Q13_actual_near_miss,actual_near_miss,213,6,5,4,37,173,630,157529610000,630,13,prime_block_le_13,5,15015,9.61680498042,16,2.77258872224,1,5,0,,0.398496438792,2.77258872224,1.00046296296,0.993055555556,1.00833333333,none_visible,0.372991894229,0.25,0.122991894229,existing_near_power_csv,local_obstruction_before_drift
rank213_Q13_random_root_sets,random_root_sets,213,6,5,4,37,173,630,157529610000,630,13,prime_block_le_13,5,15015,9.61680498042,16,2.77258872224,1,5,0,,0.398496438792,2.77258872224,0.98082010582,0.964682539683,1,none_visible,0.372991894229,0.25,0.122991894229,deterministic_seeded_random_sets_same_cardinality,local_obstruction_before_drift
rank213_Q13_exact_power_anchor,exact_power_anchor,213,6,5,4,37,173,630,157529610000,630,13,prime_block_le_13,5,15015,9.61680498042,8,2.07944154168,0,0,1,630,1.09164361935,2.07944154168,1.00798611111,0.993055555556,1.03888888889,constructed_exact_power_root,0.372991894229,0.25,0.122991894229,C_from_near_power_row_as_positive_control,positive_control_survivor
rank214_Q13_actual_near_miss,actual_near_miss,214,7,7,3,69,146,112439,1421513286860519,112439,13,prime_block_le_13,2,91,4.51085950652,1,0,2,7,0,,-7.11930662483,0,,,,none_visible,0.12928618719,0.333333333333,-0.204047146144,existing_near_power_csv,local_obstruction_before_drift
rank214_Q13_random_root_sets,random_root_sets,214,7,7,3,69,146,112439,1421513286860519,112439,13,prime_block_le_13,2,91,4.51085950652,1,0,2,7,0,,-7.11930662483,0,,,,none_visible,0.12928618719,0.333333333333,-0.204047146144,deterministic_seeded_random_sets_same_cardinality,local_obstruction_before_drift
rank214_Q13_exact_power_anchor,exact_power_anchor,214,7,7,3,69,146,112439,1421513286860519,112439,13,prime_block_le_13,2,91,4.51085950652,9,2.19722457734,0,0,11122,5 6 19 31 41 45 54 80 83 96 97 110,-9.31653120217,-7.11945583041,1.00014921671,1.00014921671,1.00014921671,constructed_exact_power_root,0.12928618719,0.333333333333,-0.204047146144,C_from_near_power_row_as_positive_control,positive_control_survivor
rank215_Q13_actual_near_miss,actual_near_miss,215,6,6,3,211,241,65745,284176518368625,65745,13,prime_block_le_13,2,91,4.51085950652,1,0,1,7,0,,-6.582679395,0,,,,none_visible,0.135540141776,0.333333333333,-0.197793191558,existing_near_power_csv,local_obstruction_before_drift
rank215_Q13_random_root_sets,random_root_sets,215,6,6,3,211,241,65745,284176518368625,65745,13,prime_block_le_13,2,91,4.51085950652,1,0,1,7,0,,-6.582679395,0,,,,none_visible,0.135540141776,0.333333333333,-0.197793191558,deterministic_seeded_random_sets_same_cardinality,local_obstruction_before_drift
rank215_Q13_exact_power_anchor,exact_power_anchor,215,6,6,3,211,241,65745,284176518368625,65745,13,prime_block_le_13,2,91,4.51085950652,9,2.19722457734,0,0,6504,4 23 25 30 36 43 51 64 88 95 114 116,-8.77990397234,-6.58294807389,1.00026871498,1.00026871498,1.00026871498,constructed_exact_power_root,0.135540141776,0.333333333333,-0.197793191558,C_from_near_power_row_as_positive_control,positive_control_survivor
rank216_Q13_actual_near_miss,actual_near_miss,216,6,7,3,149,168,155886,3788099168646456,155886,13,prime_block_le_13,2,91,4.51085950652,3,1.09861228867,1,13,0,,-8.54463303201,1.09861228867,,,,none_visible,0.125753524672,0.333333333333,-0.207579808661,existing_near_power_csv,local_obstruction_before_drift
rank216_Q13_random_root_sets,random_root_sets,216,6,7,3,149,168,155886,3788099168646456,155886,13,prime_block_le_13,2,91,4.51085950652,3,1.09861228867,1,13,0,,-8.54463303201,1.09861228867,,,,none_visible,0.125753524672,0.333333333333,-0.207579808661,deterministic_seeded_random_sets_same_cardinality,local_obstruction_before_drift
rank216_Q13_exact_power_anchor,exact_power_anchor,216,6,7,3,149,168,155886,3788099168646456,155886,13,prime_block_le_13,2,91,4.51085950652,9,2.19722457734,0,0,15418,3 27 40 48 55 61 66 68 87 94 118 131,-9.64324532068,-7.44606635968,1.00004561738,1.00004561738,1.00004561738,constructed_exact_power_root,0.125753524672,0.333333333333,-0.207579808661,C_from_near_power_row_as_positive_control,positive_control_survivor
rank217_Q13_actual_near_miss,actual_near_miss,217,5,7,3,243,92,38402,56631951820808,38402,13,prime_block_le_13,2,91,4.51085950652,1,0,2,7,0,,-6.04500531404,0,,,,none_visible,0.142444021505,0.333333333333,-0.190889311828,existing_near_power_csv,local_obstruction_before_drift
rank217_Q13_random_root_sets,random_root_sets,217,5,7,3,243,92,38402,56631951820808,38402,13,prime_block_le_13,2,91,4.51085950652,1,0,2,7,0,,-6.04500531404,0,,,,none_visible,0.142444021505,0.333333333333,-0.190889311828,deterministic_seeded_random_sets_same_cardinality,local_obstruction_before_drift
rank217_Q13_exact_power_anchor,exact_power_anchor,217,5,7,3,243,92,38402,56631951820808,38402,13,prime_block_le_13,2,91,4.51085950652,1,0,0,0,422,91 182 273 364 455 546 637 728 819 910 1001 1092,-6.04500531404,-6.04500531404,1,1,1,constructed_exact_power_root,0.142444021505,0.333333333333,-0.190889311828,C_from_near_power_row_as_positive_control,positive_control_survivor
rank218_Q13_actual_near_miss,actual_near_miss,218,6,7,3,203,199,231637,12428645327391853,231637,13,prime_block_le_13,2,91,4.51085950652,1,0,2,7,0,,-7.84206726361,0,,,,none_visible,0.121721747687,0.333333333333,-0.211611585647,existing_near_power_csv,local_obstruction_before_drift
rank218_Q13_random_root_sets,random_root_sets,218,6,7,3,203,199,231637,12428645327391853,231637,13,prime_block_le_13,2,91,4.51085950652,1,0,2,7,0,,-7.84206726361,0,,,,none_visible,0.121721747687,0.333333333333,-0.211611585647,deterministic_seeded_random_sets_same_cardinality,local_obstruction_before_drift
rank218_Q13_exact_power_anchor,exact_power_anchor,218,6,7,3,203,199,231637,12428645327391853,231637,13,prime_block_le_13,2,91,4.51085950652,3,1.09861228867,0,0,7638,14 35 42 105 126 133 196 217 224 287 308 315,-8.94067955228,-7.84227877912,1.00021153788,1.00021153788,1.00021153788,constructed_exact_power_root,0.121721747687,0.333333333333,-0.211611585647,C_from_near_power_row_as_positive_control,positive_control_survivor
rank219_Q13_actual_near_miss,actual_near_miss,219,6,7,4,140,103,3380,130516915360000,3380,13,prime_block_le_13,5,15015,9.61680498042,1,0,4,3,0,,1.49117399194,0,,,,none_visible,0.295878713729,0.25,0.0458787137287,existing_near_power_csv,local_obstruction_before_drift
rank219_Q13_random_root_sets,random_root_sets,219,6,7,4,140,103,3380,130516915360000,3380,13,prime_block_le_13,5,15015,9.61680498042,1,0,4,3,0,,1.49117399194,0,,,,none_visible,0.295878713729,0.25,0.0458787137287,deterministic_seeded_random_sets_same_cardinality,local_obstruction_before_drift
rank219_Q13_exact_power_anchor,exact_power_anchor,219,6,7,4,140,103,3380,130516915360000,3380,13,prime_block_le_13,5,15015,9.61680498042,8,2.07944154168,0,0,2,1625 3380,-0.588267549739,1.38629436112,1.00573224852,1.00073964497,1.01538461538,constructed_exact_power_root,0.295878713729,0.25,0.0458787137287,C_from_near_power_row_as_positive_control,positive_control_survivor
rank220_Q13_actual_near_miss,actual_near_miss,220,7,7,3,143,236,347594,41996859349860584,347594,13,prime_block_le_13,2,91,4.51085950652,3,1.09861228867,1,13,0,,-9.34654319316,1.09861228867,,,,none_visible,0.117849716711,0.333333333333,-0.215483616623,existing_near_power_csv,local_obstruction_before_drift
rank220_Q13_random_root_sets,random_root_sets,220,7,7,3,143,236,347594,41996859349860584,347594,13,prime_block_le_13,2,91,4.51085950652,3,1.09861228867,1,13,0,,-9.34654319316,1.09861228867,,,,none_visible,0.117849716711,0.333333333333,-0.215483616623,deterministic_seeded_random_sets_same_cardinality,local_obstruction_before_drift
rank220_Q13_exact_power_anchor,exact_power_anchor,220,7,7,3,143,236,347594,41996859349860584,347594,13,prime_block_le_13,2,91,4.51085950652,3,1.09861228867,0,0,11459,39 65 78 130 156 169 221 247 260 312 338 351,-9.34654319316,-8.24791843776,0.999987533348,0.999987533348,0.999987533348,constructed_exact_power_root,0.117849716711,0.333333333333,-0.215483616623,C_from_near_power_row_as_positive_control,positive_control_survivor
rank221_Q13_actual_near_miss,actual_near_miss,221,6,7,3,200,171,163108,4339361060955712,163108,13,prime_block_le_13,2,91,4.51085950652,1,0,2,7,0,,-7.49130833055,0,,,,none_visible,0.125279020917,0.333333333333,-0.208054312417,existing_near_power_csv,local_obstruction_before_drift
rank221_Q13_random_root_sets,random_root_sets,221,6,7,3,200,171,163108,4339361060955712,163108,13,prime_block_le_13,2,91,4.51085950652,1,0,2,7,0,,-7.49130833055,0,,,,none_visible,0.125279020917,0.333333333333,-0.208054312417,deterministic_seeded_random_sets_same_cardinality,local_obstruction_before_drift
rank221_Q13_exact_power_anchor,exact_power_anchor,221,6,7,3,200,171,163108,4339361060955712,163108,13,prime_block_le_13,2,91,4.51085950652,9,2.19722457734,0,0,16133,4 23 25 30 36 43 51 64 88 95 114 116,-9.68853290789,-7.49139756533,1.00008923876,1.00008923876,1.00008923876,constructed_exact_power_root,0.125279020917,0.333333333333,-0.208054312417,C_from_near_power_row_as_positive_control,positive_control_survivor
rank222_Q13_actual_near_miss,actual_near_miss,222,7,7,3,95,164,148287,3260687939475903,148287,13,prime_block_le_13,2,91,4.51085950652,1,0,1,13,0,,-7.39604535762,0,,,,none_visible,0.126281334458,0.333333333333,-0.207051998875,existing_near_power_csv,local_obstruction_before_drift
rank222_Q13_random_root_sets,random_root_sets,222,7,7,3,95,164,148287,3260687939475903,148287,13,prime_block_le_13,2,91,4.51085950652,1,0,1,13,0,,-7.39604535762,0,,,,none_visible,0.126281334458,0.333333333333,-0.207051998875,deterministic_seeded_random_sets_same_cardinality,local_obstruction_before_drift
rank222_Q13_exact_power_anchor,exact_power_anchor,222,7,7,3,95,164,148287,3260687939475903,148287,13,prime_block_le_13,2,91,4.51085950652,9,2.19722457734,0,0,14665,3 27 40 48 55 61 66 68 87 94 118 131,-9.59326993495,-7.39599440408,0.999949047755,0.999949047755,0.999949047755,constructed_exact_power_root,0.126281334458,0.333333333333,-0.207051998875,C_from_near_power_row_as_positive_control,positive_control_survivor
rank223_Q13_actual_near_miss,actual_near_miss,223,6,7,3,244,149,122571,1841463809175411,122571,13,prime_block_le_13,2,91,4.51085950652,3,1.09861228867,1,7,0,,-8.30419851506,1.09861228867,,,,none_visible,0.128334127071,0.333333333333,-0.204999206262,existing_near_power_csv,local_obstruction_before_drift
rank223_Q13_random_root_sets,random_root_sets,223,6,7,3,244,149,122571,1841463809175411,122571,13,prime_block_le_13,2,91,4.51085950652,3,1.09861228867,1,7,0,,-8.30419851506,1.09861228867,,,,none_visible,0.128334127071,0.333333333333,-0.204999206262,deterministic_seeded_random_sets_same_cardinality,local_obstruction_before_drift
rank223_Q13_exact_power_anchor,exact_power_anchor,223,6,7,3,244,149,122571,1841463809175411,122571,13,prime_block_le_13,2,91,4.51085950652,9,2.19722457734,0,0,12122,8 11 37 46 50 60 72 85 86 99 102 128,-9.40281080372,-7.20555268518,0.999966459349,0.999966459349,0.999966459349,constructed_exact_power_root,0.128334127071,0.333333333333,-0.204999206262,C_from_near_power_row_as_positive_control,positive_control_survivor
rank224_Q13_actual_near_miss,actual_near_miss,224,7,7,3,71,106,54227,159458155395083,54227,13,prime_block_le_13,2,91,4.51085950652,3,1.09861228867,1,7,0,,-7.48868700052,1.09861228867,,,,none_visible,0.137934951756,0.333333333333,-0.195398381577,existing_near_power_csv,local_obstruction_before_drift
rank224_Q13_random_root_sets,random_root_sets,224,7,7,3,71,106,54227,159458155395083,54227,13,prime_block_le_13,2,91,4.51085950652,3,1.09861228867,1,7,0,,-7.48868700052,1.09861228867,,,,none_visible,0.137934951756,0.333333333333,-0.195398381577,deterministic_seeded_random_sets_same_cardinality,local_obstruction_before_drift
rank224_Q13_exact_power_anchor,exact_power_anchor,224,7,7,3,71,106,54227,159458155395083,54227,13,prime_block_le_13,2,91,4.51085950652,9,2.19722457734,0,0,5363,10 12 17 38 62 69 75 82 90 101 103 108,-8.58729928919,-6.39005422165,0.999979510002,0.999979510002,0.999979510002,constructed_exact_power_root,0.137934951756,0.333333333333,-0.195398381577,C_from_near_power_row_as_positive_control,positive_control_survivor
rank225_Q13_actual_near_miss,actual_near_miss,225,6,6,3,169,185,39872,63387563982848,39872,13,prime_block_le_13,2,91,4.51085950652,3,1.09861228867,1,7,0,,-7.1811823843,1.09861228867,,,,none_visible,0.141938908548,0.333333333333,-0.191394424786,existing_near_power_csv,local_obstruction_before_drift
rank225_Q13_random_root_sets,random_root_sets,225,6,6,3,169,185,39872,63387563982848,39872,13,prime_block_le_13,2,91,4.51085950652,3,1.09861228867,1,7,0,,-7.1811823843,1.09861228867,,,,none_visible,0.141938908548,0.333333333333,-0.191394424786,deterministic_seeded_random_sets_same_cardinality,local_obstruction_before_drift
rank225_Q13_exact_power_anchor,exact_power_anchor,225,6,6,3,169,185,39872,63387563982848,39872,13,prime_block_le_13,2,91,4.51085950652,3,1.09861228867,0,0,1315,14 35 42 105 126 133 196 217 224 287 308 315,-7.1811823843,-6.08297965594,1.00040964419,1.00040964419,1.00040964419,constructed_exact_power_root,0.141938908548,0.333333333333,-0.191394424786,C_from_near_power_row_as_positive_control,positive_control_survivor
rank226_Q13_actual_near_miss,actual_near_miss,226,7,7,3,118,175,174844,5345055272603584,174844,13,prime_block_le_13,2,91,4.51085950652,9,2.19722457734,0,0,17293,5 6 19 31 41 45 54 80 83 96 97 110,-9.75801449759,-7.56083249699,1.00004257764,1.00004257764,1.00004257764,none_visible,0.124557944184,0.333333333333,-0.20877538915,existing_near_power_csv,low_section_survivor_requires_anchor_audit
rank226_Q13_random_root_sets,random_root_sets,226,7,7,3,118,175,174844,5345055272603584,174844,13,prime_block_le_13,2,91,4.51085950652,9,2.19722457734,0,0,17293,4 25 30 32 43 51 58 64 71 95 116 121,-9.75801449759,-7.56083249699,1.00004257764,1.00004257764,1.00004257764,none_visible,0.124557944184,0.333333333333,-0.20877538915,deterministic_seeded_random_sets_same_cardinality,low_section_survivor_requires_anchor_audit
rank226_Q13_exact_power_anchor,exact_power_anchor,226,7,7,3,118,175,174844,5345055272603584,174844,13,prime_block_le_13,2,91,4.51085950652,9,2.19722457734,0,0,17292,20 24 33 34 47 59 73 76 89 111 115 124,-9.75801449759,-7.56077466845,0.999984748309,0.999984748309,0.999984748309,constructed_exact_power_root,0.124557944184,0.333333333333,-0.20877538915,C_from_near_power_row_as_positive_control,positive_control_survivor
rank227_Q13_actual_near_miss,actual_near_miss,227,7,7,3,93,212,268268,19306636261744832,268268,13,prime_block_le_13,2,91,4.51085950652,1,0,2,7,0,,-7.98888225331,0,,,,none_visible,0.12029207198,0.333333333333,-0.213041261353,existing_near_power_csv,local_obstruction_before_drift
rank227_Q13_random_root_sets,random_root_sets,227,7,7,3,93,212,268268,19306636261744832,268268,13,prime_block_le_13,2,91,4.51085950652,1,0,2,7,0,,-7.98888225331,0,,,,none_visible,0.12029207198,0.333333333333,-0.213041261353,deterministic_seeded_random_sets_same_cardinality,local_obstruction_before_drift
rank227_Q13_exact_power_anchor,exact_power_anchor,227,7,7,3,93,212,268268,19306636261744832,268268,13,prime_block_le_13,2,91,4.51085950652,1,0,0,0,2948,91 182 273 364 455 546 637 728 819 910 1001 1092,-7.98888225331,-7.98888225331,1,1,1,constructed_exact_power_root,0.12029207198,0.333333333333,-0.213041261353,C_from_near_power_row_as_positive_control,positive_control_survivor
rank228_Q13_actual_near_miss,actual_near_miss,228,7,7,3,110,183,191911,7068049873791031,191911,13,prime_block_le_13,2,91,4.51085950652,9,2.19722457734,0,0,18981,5 6 19 31 41 45 54 80 83 96 97 110,-9.85115207269,-7.65396918048,1.00004168599,1.00004168599,1.00004168599,none_visible,0.123604287956,0.333333333333,-0.209729045377,existing_near_power_csv,low_section_survivor_requires_anchor_audit
rank228_Q13_random_root_sets,random_root_sets,228,7,7,3,110,183,191911,7068049873791031,191911,13,prime_block_le_13,2,91,4.51085950652,9,2.19722457734,0,0,18981,2 7 17 28 30 56 59 72 80 93 98 108,-9.85115207269,-7.65396918048,1.00004168599,1.00004168599,1.00004168599,none_visible,0.123604287956,0.333333333333,-0.209729045377,deterministic_seeded_random_sets_same_cardinality,low_section_survivor_requires_anchor_audit
rank228_Q13_exact_power_anchor,exact_power_anchor,228,7,7,3,110,183,191911,7068049873791031,191911,13,prime_block_le_13,2,91,4.51085950652,9,2.19722457734,0,0,18981,5 6 19 31 41 45 54 80 83 96 97 110,-9.85115207269,-7.65396918048,1.00004168599,1.00004168599,1.00004168599,constructed_exact_power_root,0.123604287956,0.333333333333,-0.209729045377,C_from_near_power_row_as_positive_control,positive_control_survivor
rank229_Q13_actual_near_miss,actual_near_miss,229,6,7,3,187,222,298577,26617609554626033,298577,13,prime_block_le_13,2,91,4.51085950652,3,1.09861228867,0,0,9843,13 26 52 104 117 143 195 208 234 286 299 325,-9.19453591715,-8.09590353296,0.999979904681,0.999979904681,0.999979904681,none_visible,0.119270698909,0.333333333333,-0.214062634424,existing_near_power_csv,low_section_survivor_requires_anchor_audit
rank229_Q13_random_root_sets,random_root_sets,229,6,7,3,187,222,298577,26617609554626033,298577,13,prime_block_le_13,2,91,4.51085950652,3,1.09861228867,0,0,9843,26 39 65 117 130 156 208 221 247 299 312 338,-9.19453591715,-8.09590353296,0.999979904681,0.999979904681,0.999979904681,none_visible,0.119270698909,0.333333333333,-0.214062634424,deterministic_seeded_random_sets_same_cardinality,low_section_survivor_requires_anchor_audit
rank229_Q13_exact_power_anchor,exact_power_anchor,229,6,7,3,187,222,298577,26617609554626033,298577,13,prime_block_le_13,2,91,4.51085950652,9,2.19722457734,0,0,29531,5 6 19 31 41 45 54 80 83 96 97 110,-10.2931482058,-8.0959712607,1.00004763335,1.00004763335,1.00004763335,constructed_exact_power_root,0.119270698909,0.333333333333,-0.214062634424,C_from_near_power_row_as_positive_control,positive_control_survivor
rank230_Q13_actual_near_miss,actual_near_miss,230,7,7,3,157,180,203870,8473444100603000,203870,13,prime_block_le_13,2,91,4.51085950652,3,1.09861228867,1,13,0,,-8.81299059694,1.09861228867,,,,none_visible,0.122993094963,0.333333333333,-0.21034023837,existing_near_power_csv,local_obstruction_before_drift
rank230_Q13_random_root_sets,random_root_sets,230,7,7,3,157,180,203870,8473444100603000,203870,13,prime_block_le_13,2,91,4.51085950652,3,1.09861228867,1,13,0,,-8.81299059694,1.09861228867,,,,none_visible,0.122993094963,0.333333333333,-0.21034023837,deterministic_seeded_random_sets_same_cardinality,local_obstruction_before_drift
rank230_Q13_exact_power_anchor,exact_power_anchor,230,7,7,3,157,180,203870,8473444100603000,203870,13,prime_block_le_13,2,91,4.51085950652,9,2.19722457734,0,0,20164,4 23 25 30 36 43 51 64 88 95 114 116,-9.91160288561,-7.71442953787,1.0000512309,1.0000512309,1.0000512309,constructed_exact_power_root,0.122993094963,0.333333333333,-0.21034023837,C_from_near_power_row_as_positive_control,positive_control_survivor
rank231_Q13_actual_near_miss,actual_near_miss,231,7,7,3,185,216,308475,29353501784671875,308475,13,prime_block_le_13,2,91,4.51085950652,3,1.09861228867,1,7,0,,-9.22714886392,1.09861228867,,,,none_visible,0.11896294932,0.333333333333,-0.214370384014,existing_near_power_csv,local_obstruction_before_drift
rank231_Q13_random_root_sets,random_root_sets,231,7,7,3,185,216,308475,29353501784671875,308475,13,prime_block_le_13,2,91,4.51085950652,3,1.09861228867,1,7,0,,-9.22714886392,1.09861228867,,,,none_visible,0.11896294932,0.333333333333,-0.214370384014,deterministic_seeded_random_sets_same_cardinality,local_obstruction_before_drift
rank231_Q13_exact_power_anchor,exact_power_anchor,231,7,7,3,185,216,308475,29353501784671875,308475,13,prime_block_le_13,2,91,4.51085950652,9,2.19722457734,0,0,30509,20 24 33 34 47 59 73 76 89 111 115 124,-10.3257611526,-8.1285524237,1.00001584857,1.00001584857,1.00001584857,constructed_exact_power_root,0.11896294932,0.333333333333,-0.214370384014,C_from_near_power_row_as_positive_control,positive_control_survivor
rank232_Q13_actual_near_miss,actual_near_miss,232,7,7,3,137,235,343374,40485753162717624,343374,13,prime_block_le_13,2,91,4.51085950652,3,1.09861228867,1,13,0,,-9.33432829328,1.09861228867,,,,none_visible,0.117962650768,0.333333333333,-0.215370682565,existing_near_power_csv,local_obstruction_before_drift
rank232_Q13_random_root_sets,random_root_sets,232,7,7,3,137,235,343374,40485753162717624,343374,13,prime_block_le_13,2,91,4.51085950652,3,1.09861228867,1,13,0,,-9.33432829328,1.09861228867,,,,none_visible,0.117962650768,0.333333333333,-0.215370682565,deterministic_seeded_random_sets_same_cardinality,local_obstruction_before_drift
rank232_Q13_exact_power_anchor,exact_power_anchor,232,7,7,3,137,235,343374,40485753162717624,343374,13,prime_block_le_13,2,91,4.51085950652,9,2.19722457734,0,0,33961,5 6 19 31 41 45 54 80 83 96 97 110,-10.4329405819,-8.23574350906,1.00002750483,1.00002750483,1.00002750483,constructed_exact_power_root,0.117962650768,0.333333333333,-0.215370682565,C_from_near_power_row_as_positive_control,positive_control_survivor
rank233_Q13_actual_near_miss,actual_near_miss,233,6,6,3,155,243,60346,219758390301736,60346,13,prime_block_le_13,2,91,4.51085950652,1,0,2,7,0,,-6.49699043778,0,,,,none_visible,0.136595233685,0.333333333333,-0.196738099649,existing_near_power_csv,local_obstruction_before_drift
rank233_Q13_random_root_sets,random_root_sets,233,6,6,3,155,243,60346,219758390301736,60346,13,prime_block_le_13,2,91,4.51085950652,1,0,2,7,0,,-6.49699043778,0,,,,none_visible,0.136595233685,0.333333333333,-0.196738099649,deterministic_seeded_random_sets_same_cardinality,local_obstruction_before_drift
rank233_Q13_exact_power_anchor,exact_power_anchor,233,6,6,3,155,243,60346,219758390301736,60346,13,prime_block_le_13,2,91,4.51085950652,3,1.09861228867,0,0,1990,13 26 52 104 117 143 195 208 234 286 299 325,-7.59560272645,-6.49727762905,1.00028723251,1.00028723251,1.00028723251,constructed_exact_power_root,0.136595233685,0.333333333333,-0.196738099649,C_from_near_power_row_as_positive_control,positive_control_survivor
rank234_Q13_actual_near_miss,actual_near_miss,234,7,7,3,149,229,326031,34655860607887791,326031,13,prime_block_le_13,2,91,4.51085950652,3,1.09861228867,0,0,10748,49 56 77 140 147 168 231 238 259 322 329 350,-9.28250053,-8.18386268107,0.999974440058,0.999974440058,0.999974440058,none_visible,0.118444246815,0.333333333333,-0.214889086518,existing_near_power_csv,low_section_survivor_requires_anchor_audit
rank234_Q13_random_root_sets,random_root_sets,234,7,7,3,149,229,326031,34655860607887791,326031,13,prime_block_le_13,2,91,4.51085950652,3,1.09861228867,0,0,10749,10 38 66 101 129 157 192 220 248 283 311 339,-9.28250053,-8.1839557173,1.00006747825,1.00006747825,1.00006747825,none_visible,0.118444246815,0.333333333333,-0.214889086518,deterministic_seeded_random_sets_same_cardinality,low_section_survivor_requires_anchor_audit
rank234_Q13_exact_power_anchor,exact_power_anchor,234,7,7,3,149,229,326031,34655860607887791,326031,13,prime_block_le_13,2,91,4.51085950652,9,2.19722457734,0,0,32244,10 12 17 38 62 69 75 82 90 101 103 108,-10.3811128187,-8.18386268107,0.999974440058,0.999974440058,0.999974440058,constructed_exact_power_root,0.118444246815,0.333333333333,-0.214889086518,C_from_near_power_row_as_positive_control,positive_control_survivor
rank235_Q13_actual_near_miss,actual_near_miss,235,7,7,3,123,163,151584,3483053049544704,151584,13,prime_block_le_13,2,91,4.51085950652,3,1.09861228867,0,0,4998,13 26 52 104 117 143 195 208 234 286 299 325,-8.51664798787,-7.41818082273,1.00014513405,1.00014513405,1.00014513405,none_visible,0.126048540923,0.333333333333,-0.20728479241,existing_near_power_csv,low_section_survivor_requires_anchor_audit
rank235_Q13_random_root_sets,random_root_sets,235,7,7,3,123,163,151584,3483053049544704,151584,13,prime_block_le_13,2,91,4.51085950652,3,1.09861228867,0,0,4997,5 57 83 96 148 174 187 239 265 278 330 356,-8.51664798787,-7.41798072268,0.999945024981,0.999945024981,0.999945024981,none_visible,0.126048540923,0.333333333333,-0.20728479241,deterministic_seeded_random_sets_same_cardinality,low_section_survivor_requires_anchor_audit
rank235_Q13_exact_power_anchor,exact_power_anchor,235,7,7,3,123,163,151584,3483053049544704,151584,13,prime_block_le_13,2,91,4.51085950652,9,2.19722457734,0,0,14991,10 12 17 38 62 69 75 82 90 101 103 108,-9.61526027654,-7.41798072268,0.999945024981,0.999945024981,0.999945024981,constructed_exact_power_root,0.126048540923,0.333333333333,-0.20728479241,C_from_near_power_row_as_positive_control,positive_control_survivor
rank236_Q13_actual_near_miss,actual_near_miss,236,6,7,3,181,169,158376,3972538457381376,158376,13,prime_block_le_13,2,91,4.51085950652,3,1.09861228867,1,7,0,,-8.56048001388,1.09861228867,,,,none_visible,0.125587078566,0.333333333333,-0.207746254767,existing_near_power_csv,local_obstruction_before_drift
rank236_Q13_random_root_sets,random_root_sets,236,6,7,3,181,169,158376,3972538457381376,158376,13,prime_block_le_13,2,91,4.51085950652,3,1.09861228867,1,7,0,,-8.56048001388,1.09861228867,,,,none_visible,0.125587078566,0.333333333333,-0.207746254767,deterministic_seeded_random_sets_same_cardinality,local_obstruction_before_drift
rank236_Q13_exact_power_anchor,exact_power_anchor,236,6,7,3,181,169,158376,3972538457381376,158376,13,prime_block_le_13,2,91,4.51085950652,9,2.19722457734,0,0,15665,4 23 25 30 36 43 51 64 88 95 114 116,-9.65909230255,-7.46195962605,1.00009190506,1.00009190506,1.00009190506,constructed_exact_power_root,0.125587078566,0.333333333333,-0.207746254767,C_from_near_power_row_as_positive_control,positive_control_survivor
rank237_Q13_actual_near_miss,actual_near_miss,237,7,7,3,142,197,233183,12679165075939487,233183,13,prime_block_le_13,2,91,4.51085950652,1,0,2,7,0,,-7.84871932549,0,,,,none_visible,0.121656235697,0.333333333333,-0.211677097636,existing_near_power_csv,local_obstruction_before_drift
rank237_Q13_random_root_sets,random_root_sets,237,7,7,3,142,197,233183,12679165075939487,233183,13,prime_block_le_13,2,91,4.51085950652,1,0,2,7,0,,-7.84871932549,0,,,,none_visible,0.121656235697,0.333333333333,-0.211677097636,deterministic_seeded_random_sets_same_cardinality,local_obstruction_before_drift
rank237_Q13_exact_power_anchor,exact_power_anchor,237,7,7,3,142,197,233183,12679165075939487,233183,13,prime_block_le_13,2,91,4.51085950652,9,2.19722457734,0,0,23063,5 6 19 31 41 45 54 80 83 96 97 110,-10.0459439028,-7.84876030343,1.00004097878,1.00004097878,1.00004097878,constructed_exact_power_root,0.121656235697,0.333333333333,-0.211677097636,C_from_near_power_row_as_positive_control,positive_control_survivor
rank238_Q13_actual_near_miss,actual_near_miss,238,7,7,3,182,235,358809,46194469470069129,358809,13,prime_block_le_13,2,91,4.51085950652,3,1.09861228867,1,7,0,,-9.37829827462,1.09861228867,,,,none_visible,0.117557131273,0.333333333333,-0.215776202061,existing_near_power_csv,local_obstruction_before_drift
rank238_Q13_random_root_sets,random_root_sets,238,7,7,3,182,235,358809,46194469470069129,358809,13,prime_block_le_13,2,91,4.51085950652,3,1.09861228867,1,7,0,,-9.37829827462,1.09861228867,,,,none_visible,0.117557131273,0.333333333333,-0.215776202061,deterministic_seeded_random_sets_same_cardinality,local_obstruction_before_drift
rank238_Q13_exact_power_anchor,exact_power_anchor,238,7,7,3,182,235,358809,46194469470069129,358809,13,prime_block_le_13,2,91,4.51085950652,9,2.19722457734,0,0,35487,3 27 40 48 55 61 66 68 87 94 118 131,-10.4769105633,-8.27969713388,1.00001114799,1.00001114799,1.00001114799,constructed_exact_power_root,0.117557131273,0.333333333333,-0.215776202061,C_from_near_power_row_as_positive_control,positive_control_survivor
rank239_Q13_actual_near_miss,actual_near_miss,239,7,7,3,94,213,271242,19955876792704488,271242,13,prime_block_le_13,2,91,4.51085950652,3,1.09861228867,1,13,0,,-9.09851947247,1.09861228867,,,,none_visible,0.120186066348,0.333333333333,-0.213147266985,existing_near_power_csv,local_obstruction_before_drift
rank239_Q13_random_root_sets,random_root_sets,239,7,7,3,94,213,271242,19955876792704488,271242,13,prime_block_le_13,2,91,4.51085950652,3,1.09861228867,1,13,0,,-9.09851947247,1.09861228867,,,,none_visible,0.120186066348,0.333333333333,-0.213147266985,deterministic_seeded_random_sets_same_cardinality,local_obstruction_before_drift
rank239_Q13_exact_power_anchor,exact_power_anchor,239,7,7,3,94,213,271242,19955876792704488,271242,13,prime_block_le_13,2,91,4.51085950652,9,2.19722457734,0,0,26825,10 12 17 38 62 69 75 82 90 101 103 108,-10.1971317611,-7.99986499016,0.999957807255,0.999957807255,0.999957807255,constructed_exact_power_root,0.120186066348,0.333333333333,-0.213147266985,C_from_near_power_row_as_positive_control,positive_control_survivor
rank240_Q13_actual_near_miss,actual_near_miss,240,7,7,3,124,245,376658,53436940892282312,376658,13,prime_block_le_13,2,91,4.51085950652,3,1.09861228867,1,7,0,,-9.42684567506,1.09861228867,,,,none_visible,0.117112622212,0.333333333333,-0.216220711122,existing_near_power_csv,local_obstruction_before_drift
rank240_Q13_random_root_sets,random_root_sets,240,7,7,3,124,245,376658,53436940892282312,376658,13,prime_block_le_13,2,91,4.51085950652,3,1.09861228867,1,7,0,,-9.42684567506,1.09861228867,,,,none_visible,0.117112622212,0.333333333333,-0.216220711122,deterministic_seeded_random_sets_same_cardinality,local_obstruction_before_drift
rank240_Q13_exact_power_anchor,exact_power_anchor,240,7,7,3,124,245,376658,53436940892282312,376658,13,prime_block_le_13,2,91,4.51085950652,9,2.19722457734,0,0,37253,1 9 16 22 29 53 74 79 81 92 100 107,-10.5254579637,-8.32826318014,1.0000297942,1.0000297942,1.0000297942,constructed_exact_power_root,0.117112622212,0.333333333333,-0.216220711122,C_from_near_power_row_as_positive_control,positive_control_survivor
rank241_Q13_actual_near_miss,actual_near_miss,241,6,7,3,198,215,277183,21296085056487487,277183,13,prime_block_le_13,2,91,4.51085950652,3,1.09861228867,1,13,0,,-9.12018599901,1.09861228867,,,,none_visible,0.119978284303,0.333333333333,-0.21335504903,existing_near_power_csv,local_obstruction_before_drift
rank241_Q13_random_root_sets,random_root_sets,241,6,7,3,198,215,277183,21296085056487487,277183,13,prime_block_le_13,2,91,4.51085950652,3,1.09861228867,1,13,0,,-9.12018599901,1.09861228867,,,,none_visible,0.119978284303,0.333333333333,-0.21335504903,deterministic_seeded_random_sets_same_cardinality,local_obstruction_before_drift
rank241_Q13_exact_power_anchor,exact_power_anchor,241,6,7,3,198,215,277183,21296085056487487,277183,13,prime_block_le_13,2,91,4.51085950652,9,2.19722457734,0,0,27414,4 23 25 30 36 43 51 64 88 95 114 116,-10.2187982877,-8.02158453346,1.00001082317,1.00001082317,1.00001082317,constructed_exact_power_root,0.119978284303,0.333333333333,-0.21335504903,C_from_near_power_row_as_positive_control,positive_control_survivor
rank242_Q13_actual_near_miss,actual_near_miss,242,7,7,3,163,225,318305,32250049234222625,318305,13,prime_block_le_13,2,91,4.51085950652,1,0,2,7,0,,-8.15990581508,0,,,,none_visible,0.118668430623,0.333333333333,-0.21466490271,existing_near_power_csv,local_obstruction_before_drift
rank242_Q13_random_root_sets,random_root_sets,242,7,7,3,163,225,318305,32250049234222625,318305,13,prime_block_le_13,2,91,4.51085950652,1,0,2,7,0,,-8.15990581508,0,,,,none_visible,0.118668430623,0.333333333333,-0.21466490271,deterministic_seeded_random_sets_same_cardinality,local_obstruction_before_drift
rank242_Q13_exact_power_anchor,exact_power_anchor,242,7,7,3,163,225,318305,32250049234222625,318305,13,prime_block_le_13,2,91,4.51085950652,3,1.09861228867,0,0,10494,39 65 78 130 156 169 221 247 260 312 338 351,-9.25851810375,-8.15994665558,1.00004084133,1.00004084133,1.00004084133,constructed_exact_power_root,0.118668430623,0.333333333333,-0.21466490271,C_from_near_power_row_as_positive_control,positive_control_survivor
rank243_Q13_actual_near_miss,actual_near_miss,243,7,7,3,160,167,184759,6306912545957479,184759,13,prime_block_le_13,2,91,4.51085950652,1,0,2,7,0,,-7.61594804559,0,,,,none_visible,0.123991399142,0.333333333333,-0.209341934192,existing_near_power_csv,local_obstruction_before_drift
rank243_Q13_random_root_sets,random_root_sets,243,7,7,3,160,167,184759,6306912545957479,184759,13,prime_block_le_13,2,91,4.51085950652,1,0,2,7,0,,-7.61594804559,0,,,,none_visible,0.123991399142,0.333333333333,-0.209341934192,deterministic_seeded_random_sets_same_cardinality,local_obstruction_before_drift
rank243_Q13_exact_power_anchor,exact_power_anchor,243,7,7,3,160,167,184759,6306912545957479,184759,13,prime_block_le_13,2,91,4.51085950652,9,2.19722457734,0,0,18275,1 9 16 22 29 53 74 79 81 92 100 107,-9.81317262292,-7.61606470728,1.0001166685,1.0001166685,1.0001166685,constructed_exact_power_root,0.123991399142,0.333333333333,-0.209341934192,C_from_near_power_row_as_positive_control,positive_control_survivor
rank244_Q13_actual_near_miss,actual_near_miss,244,6,7,3,219,203,242816,14316336626794496,242816,13,prime_block_le_13,2,91,4.51085950652,3,1.09861228867,1,13,0,,-8.98781201601,1.09861228867,,,,none_visible,0.121259084908,0.333333333333,-0.212074248425,existing_near_power_csv,local_obstruction_before_drift
rank244_Q13_random_root_sets,random_root_sets,244,6,7,3,219,203,242816,14316336626794496,242816,13,prime_block_le_13,2,91,4.51085950652,3,1.09861228867,1,13,0,,-8.98781201601,1.09861228867,,,,none_visible,0.121259084908,0.333333333333,-0.212074248425,deterministic_seeded_random_sets_same_cardinality,local_obstruction_before_drift
rank244_Q13_exact_power_anchor,exact_power_anchor,244,6,7,3,219,203,242816,14316336626794496,242816,13,prime_block_le_13,2,91,4.51085950652,3,1.09861228867,0,0,8005,28 70 84 119 161 175 210 252 266 301 343 357,-8.98781201601,-7.88920933676,1.00000960947,1.00000960947,1.00000960947,constructed_exact_power_root,0.121259084908,0.333333333333,-0.212074248425,C_from_near_power_row_as_positive_control,positive_control_survivor
rank245_Q13_actual_near_miss,actual_near_miss,245,7,7,3,122,209,261204,17821303645817664,261204,13,prime_block_le_13,2,91,4.51085950652,1,0,2,7,0,,-7.96219748369,0,,,,none_visible,0.120549423985,0.333333333333,-0.212783909348,existing_near_power_csv,local_obstruction_before_drift
rank245_Q13_random_root_sets,random_root_sets,245,7,7,3,122,209,261204,17821303645817664,261204,13,prime_block_le_13,2,91,4.51085950652,1,0,2,7,0,,-7.96219748369,0,,,,none_visible,0.120549423985,0.333333333333,-0.212783909348,deterministic_seeded_random_sets_same_cardinality,local_obstruction_before_drift
rank245_Q13_exact_power_anchor,exact_power_anchor,245,7,7,3,122,209,261204,17821303645817664,261204,13,prime_block_le_13,2,91,4.51085950652,9,2.19722457734,0,0,25834,20 24 33 34 47 59 73 76 89 111 115 124,-10.159422061,-7.96222215546,1.00002467207,1.00002467207,1.00002467207,constructed_exact_power_root,0.120549423985,0.333333333333,-0.212783909348,C_from_near_power_row_as_positive_control,positive_control_survivor
rank246_Q13_actual_near_miss,actual_near_miss,246,4,5,3,218,243,9471,849547194111,9471,13,prime_block_le_13,2,91,4.51085950652,1,0,2,7,0,,-4.64513027071,0,,,,none_visible,0.164222533237,0.333333333333,-0.169110800097,existing_near_power_csv,local_obstruction_before_drift
rank246_Q13_random_root_sets,random_root_sets,246,4,5,3,218,243,9471,849547194111,9471,13,prime_block_le_13,2,91,4.51085950652,1,0,2,7,0,,-4.64513027071,0,,,,none_visible,0.164222533237,0.333333333333,-0.169110800097,deterministic_seeded_random_sets_same_cardinality,local_obstruction_before_drift
rank246_Q13_exact_power_anchor,exact_power_anchor,246,4,5,3,218,243,9471,849547194111,9471,13,prime_block_le_13,2,91,4.51085950652,3,1.09861228867,0,0,313,7 21 63 98 112 154 189 203 245 280 294 336,-5.74374255938,-4.64759090187,1.002463661,1.002463661,1.002463661,constructed_exact_power_root,0.164222533237,0.333333333333,-0.169110800097,C_from_near_power_row_as_positive_control,positive_control_survivor
rank247_Q13_actual_near_miss,actual_near_miss,247,6,7,3,226,173,168348,4771158934560192,168348,13,prime_block_le_13,2,91,4.51085950652,3,1.09861228867,1,13,0,,-8.62154132666,1.09861228867,,,,none_visible,0.124949830217,0.333333333333,-0.208383503116,existing_near_power_csv,local_obstruction_before_drift
rank247_Q13_random_root_sets,random_root_sets,247,6,7,3,226,173,168348,4771158934560192,168348,13,prime_block_le_13,2,91,4.51085950652,3,1.09861228867,1,13,0,,-8.62154132666,1.09861228867,,,,none_visible,0.124949830217,0.333333333333,-0.208383503116,deterministic_seeded_random_sets_same_cardinality,local_obstruction_before_drift
rank247_Q13_exact_power_anchor,exact_power_anchor,247,6,7,3,226,173,168348,4771158934560192,168348,13,prime_block_le_13,2,91,4.51085950652,9,2.19722457734,0,0,16650,20 24 33 34 47 59 73 76 89 111 115 124,-9.72015361533,-7.52294091807,1.00001188015,1.00001188015,1.00001188015,constructed_exact_power_root,0.124949830217,0.333333333333,-0.208383503116,C_from_near_power_row_as_positive_control,positive_control_survivor
rank248_Q13_actual_near_miss,actual_near_miss,248,7,7,3,143,168,170997,4999947835616973,170997,13,prime_block_le_13,2,91,4.51085950652,3,1.09861228867,1,7,0,,-8.63715407362,1.09861228867,,,,none_visible,0.12478792922,0.333333333333,-0.208545404113,existing_near_power_csv,local_obstruction_before_drift
rank248_Q13_random_root_sets,random_root_sets,248,7,7,3,143,168,170997,4999947835616973,170997,13,prime_block_le_13,2,91,4.51085950652,3,1.09861228867,1,7,0,,-8.63715407362,1.09861228867,,,,none_visible,0.12478792922,0.333333333333,-0.208545404113,deterministic_seeded_random_sets_same_cardinality,local_obstruction_before_drift
rank248_Q13_exact_power_anchor,exact_power_anchor,248,7,7,3,143,168,170997,4999947835616973,170997,13,prime_block_le_13,2,91,4.51085950652,9,2.19722457734,0,0,16912,8 11 37 46 50 60 72 85 86 99 102 128,-9.73576636229,-7.53855413077,1.0000123459,1.0000123459,1.0000123459,constructed_exact_power_root,0.12478792922,0.333333333333,-0.208545404113,C_from_near_power_row_as_positive_control,positive_control_survivor
rank249_Q13_actual_near_miss,actual_near_miss,249,5,6,3,173,202,40835,68092249182875,40835,13,prime_block_le_13,2,91,4.51085950652,1,0,2,7,0,,-6.10643532928,0,,,,none_visible,0.14161986257,0.333333333333,-0.191713470764,existing_near_power_csv,local_obstruction_before_drift
rank249_Q13_random_root_sets,random_root_sets,249,5,6,3,173,202,40835,68092249182875,40835,13,prime_block_le_13,2,91,4.51085950652,1,0,2,7,0,,-6.10643532928,0,,,,none_visible,0.14161986257,0.333333333333,-0.191713470764,deterministic_seeded_random_sets_same_cardinality,local_obstruction_before_drift
rank249_Q13_exact_power_anchor,exact_power_anchor,249,5,6,3,173,202,40835,68092249182875,40835,13,prime_block_le_13,2,91,4.51085950652,9,2.19722457734,0,0,4040,2 15 18 32 44 57 58 67 71 93 106 109,-8.30365990661,-6.10677539362,1.00034012217,1.00034012217,1.00034012217,constructed_exact_power_root,0.14161986257,0.333333333333,-0.191713470764,C_from_near_power_row_as_positive_control,positive_control_survivor
rank250_Q13_actual_near_miss,actual_near_miss,250,6,6,3,177,193,43521,82432144309761,43521,13,prime_block_le_13,2,91,4.51085950652,1,0,2,7,0,,-6.17013935269,0,,,,none_visible,0.140775207949,0.333333333333,-0.192558125385,existing_near_power_csv,local_obstruction_before_drift
rank250_Q13_random_root_sets,random_root_sets,250,6,6,3,177,193,43521,82432144309761,43521,13,prime_block_le_13,2,91,4.51085950652,1,0,2,7,0,,-6.17013935269,0,,,,none_visible,0.140775207949,0.333333333333,-0.192558125385,deterministic_seeded_random_sets_same_cardinality,local_obstruction_before_drift
rank250_Q13_exact_power_anchor,exact_power_anchor,250,6,6,3,177,193,43521,82432144309761,43521,13,prime_block_le_13,2,91,4.51085950652,9,2.19722457734,0,0,4304,4 23 25 30 36 43 51 64 88 95 114 116,-8.36736393003,-6.17007552451,0.999936173852,0.999936173852,0.999936173852,constructed_exact_power_root,0.140775207949,0.333333333333,-0.192558125385,C_from_near_power_row_as_positive_control,positive_control_survivor
